graduate_id,graduation_year,age_at_graduation,gender,ethnicity,university_tier,major,gpa,internship_count,study_abroad,leadership_roles,industry,job_location,company_size,graduate_degree,technical_skills,remote_work_percent,years_experience,salary_starting,salary_current,job_satisfaction
GRAD_000001,2016,25,Male,Other,Regional,Engineering,3.12,0,Yes,1,Consulting,Dallas,Large,None,5.0,20.0,8,85383,136643,8.2
GRAD_000002,2018,22,Male,White,Top 10,Liberal Arts,2.81,0,No,0,Healthcare,Seattle,Startup,None,2.0,20.0,6,98257,132542,4.6
GRAD_000003,2022,21,Female,White,Top 100,Finance,2.95,0,No,1,Education,Los Angeles,Large,None,3.0,0.0,2,87227,99439,5.5
GRAD_000004,2015,20,Male,Asian,Top 100,Marketing,3.41,4,No,2,Transportation,Miami,Large,MBA,2.0,40.0,9,81351,185631,5.9
GRAD_000005,2018,21,Male,Hispanic,Regional,Data Science,3.69,1,No,1,Healthcare,Philadelphia,Medium,None,2.0,0.0,6,106188,160806,7.4
GRAD_000006,2021,23,Male,Other,Top 100,Political Science,3.31,1,Yes,1,Healthcare,New York,Small,None,0.0,20.0,3,92454,107469,7.8
GRAD_000007,2023,26,Female,White,Regional,Mathematics,3.65,2,No,1,Finance,Boston,Large,None,1.0,0.0,1,104322,106373,3.7
GRAD_000008,2017,24,Male,White,Top 100,Communications,3.3,1,No,1,Government,Atlanta,Fortune 500,None,3.0,20.0,7,49573,80628,7.1
GRAD_000009,2017,22,Male,Hispanic,Top 100,Engineering,3.52,1,No,2,Media,Chicago,Medium,None,1.0,80.0,7,97317,140368,5.4
GRAD_000010,2017,23,Female,White,Top 10,Economics,3.9,2,No,0,Healthcare,Dallas,Fortune 500,None,1.0,0.0,7,115355,150620,6.8
GRAD_000011,2017,21,Female,White,Regional,Computer Science,3.49,1,No,1,Manufacturing,Chicago,Medium,None,1.0,0.0,7,103826,141918,5.9
GRAD_000012,2021,21,Male,White,Top 50,Business,3.04,0,Yes,0,Non-profit,Portland,Medium,MBA,5.0,60.0,3,72506,116754,8.8
GRAD_000013,2023,20,Female,White,Regional,Engineering,3.39,1,No,1,Non-profit,Atlanta,Startup,Masters,4.0,100.0,1,53649,74656,7.9
GRAD_000014,2020,21,Female,White,Top 100,Engineering,3.34,3,No,1,Finance,Chicago,Large,None,2.0,40.0,4,109712,135721,6.4
GRAD_000015,2018,23,Male,White,Top 50,Mathematics,3.17,1,No,3,Consulting,Atlanta,Large,None,0.0,0.0,6,89973,126998,5.1
GRAD_000016,2021,24,Female,White,Top 100,Computer Science,3.02,3,No,0,Real Estate,Philadelphia,Large,None,2.0,20.0,3,126915,143180,7.5
GRAD_000017,2016,24,Male,Hispanic,Top 100,Engineering,4.0,3,No,2,Manufacturing,Austin,Small,Masters,4.0,0.0,8,99940,202238,8.3
GRAD_000018,2015,24,Other,White,Regional,Business,3.21,2,No,3,Non-profit,San Francisco,Large,None,,100.0,9,67882,108251,8.8
GRAD_000019,2020,23,Male,Asian,Regional,Liberal Arts,2.48,2,No,0,Real Estate,Dallas,Large,None,2.0,40.0,4,59926,79550,5.7
GRAD_000020,2017,22,Female,Other,Top 50,Data Science,3.08,2,No,1,Education,Dallas,Large,PhD,1.0,40.0,7,76812,123627,10.0
GRAD_000021,2019,21,Other,Hispanic,Top 100,Biology,3.03,0,No,1,Real Estate,Los Angeles,Large,Masters,5.0,20.0,5,86279,142486,7.5
GRAD_000022,2017,23,Male,White,Regional,Marketing,3.21,0,No,1,Non-profit,Austin,Fortune 500,None,0.0,40.0,7,58061,79456,5.4
GRAD_000023,2023,20,Male,White,Top 100,Psychology,2.78,1,No,1,Government,Chicago,Large,None,2.0,40.0,1,60244,68124,4.9
GRAD_000024,2018,21,Female,White,Regional,Business,3.11,0,Yes,2,Technology,Washington DC,Small,Masters,2.0,0.0,6,115863,192641,8.1
GRAD_000025,2019,21,Male,Asian,Top 50,Liberal Arts,3.39,2,No,1,Energy,Phoenix,Large,PhD,1.0,20.0,5,63254,99992,4.1
GRAD_000026,2017,24,Male,Other,Top 10,Liberal Arts,2.83,0,No,1,Non-profit,Denver,Fortune 500,None,2.0,60.0,7,59142,98548,6.8
GRAD_000027,2016,20,Male,White,Regional,Communications,3.71,0,No,1,Media,Los Angeles,Medium,None,0.0,100.0,8,69487,116302,10.0
GRAD_000028,2020,23,Female,Hispanic,Regional,Chemistry,3.31,0,No,4,Manufacturing,Phoenix,Small,None,1.0,60.0,4,58645,66578,5.2
GRAD_000029,2022,23,Female,White,Regional,Engineering,3.36,0,No,3,Technology,Atlanta,Startup,None,3.0,20.0,2,96331,111266,6.1
GRAD_000030,2018,23,Male,Black,Top 50,Mathematics,3.16,4,No,0,Energy,Boston,Small,Masters,2.0,40.0,6,129693,209467,5.2
GRAD_000031,2022,21,Male,Asian,Top 50,Communications,3.38,1,No,1,Healthcare,New York,Large,None,1.0,60.0,2,84462,94242,6.1
GRAD_000032,2015,20,Male,White,Regional,Business,3.57,3,No,0,Finance,Chicago,Large,None,3.0,40.0,9,98249,143957,7.7
GRAD_000033,2017,23,Male,Asian,Top 100,Data Science,3.38,0,No,3,Consulting,Boston,Fortune 500,Masters,5.0,0.0,7,155977,288589,4.7
GRAD_000034,2016,23,Female,Black,Regional,Data Science,3.7,3,Yes,0,Education,Philadelphia,Fortune 500,None,3.0,20.0,8,88381,132748,9.6
GRAD_000035,2019,23,Male,White,Top 50,Computer Science,3.35,1,Yes,0,Technology,Austin,Small,Masters,1.0,40.0,5,164954,249646,10.0
GRAD_000036,2023,22,Male,White,Regional,Finance,3.59,3,No,1,Consulting,San Francisco,Small,None,1.0,40.0,1,165721,179250,9.8
GRAD_000037,2018,20,Female,Other,Regional,Communications,3.45,1,No,2,Energy,Philadelphia,Medium,None,1.0,60.0,6,73216,90707,5.2
GRAD_000038,2020,21,Female,White,Regional,Engineering,2.57,0,No,2,Retail,Los Angeles,Startup,None,1.0,0.0,4,76462,88534,7.7
GRAD_000039,2023,23,Female,White,Top 100,Liberal Arts,2.99,2,Yes,1,Real Estate,Portland,Small,None,2.0,40.0,1,67079,71540,5.1
GRAD_000040,2018,21,Female,Other,Top 50,Marketing,3.01,3,Yes,0,Healthcare,Boston,Small,Masters,3.0,80.0,6,101328,148049,5.7
GRAD_000041,2018,21,Female,Asian,Top 50,Communications,3.02,2,No,0,Technology,Los Angeles,Medium,Masters,2.0,20.0,6,96329,156731,9.8
GRAD_000042,2016,20,Female,Asian,Top 50,Communications,2.92,2,No,1,Healthcare,Chicago,Medium,Masters,2.0,40.0,8,88343,152318,8.1
GRAD_000043,2018,23,Male,Asian,Regional,Finance,3.7,1,No,0,Technology,Portland,Small,None,2.0,60.0,6,139002,182112,9.4
GRAD_000044,2021,23,Male,Hispanic,Top 100,Business,3.83,1,No,1,Retail,Chicago,Small,JD,5.0,0.0,3,68666,117916,7.8
GRAD_000045,2022,24,Male,Hispanic,Top 100,Business,2.73,1,Yes,1,Real Estate,Atlanta,Large,MBA,1.0,0.0,2,67978,96602,5.8
GRAD_000046,2021,20,Male,White,Top 100,Liberal Arts,3.58,0,Yes,1,Consulting,San Francisco,Fortune 500,None,2.0,100.0,3,93666,117140,9.0
GRAD_000047,2015,24,Male,Black,Regional,Marketing,3.51,3,No,2,Technology,Seattle,Startup,None,2.0,20.0,9,122319,199926,8.2
GRAD_000048,2016,24,Female,White,Regional,Psychology,4.0,2,No,1,Media,San Francisco,Fortune 500,Masters,1.0,0.0,8,94487,132612,7.3
GRAD_000049,2021,24,Female,White,Top 10,Marketing,3.27,4,No,0,Media,Denver,Startup,None,,0.0,3,95975,116325,4.2
GRAD_000050,2023,22,Female,Hispanic,Regional,Engineering,2.76,2,No,1,Technology,Chicago,Medium,None,6.0,40.0,1,126872,144215,7.2
GRAD_000051,2021,22,Male,White,Top 100,Data Science,2.76,1,Yes,1,Finance,Atlanta,Medium,JD,3.0,0.0,3,100326,152618,7.1
GRAD_000052,2017,22,Male,Asian,Top 50,Computer Science,3.69,1,Yes,1,Technology,Dallas,Small,None,0.0,20.0,7,157630,252642,5.4
GRAD_000053,2016,21,Male,White,Regional,Chemistry,3.0,3,Yes,1,Manufacturing,Los Angeles,Small,None,3.0,100.0,8,72820,125577,7.2
GRAD_000054,2022,21,Female,Hispanic,Top 50,Liberal Arts,3.55,1,No,1,Technology,Chicago,Medium,None,,40.0,2,76483,88118,4.3
GRAD_000055,2016,22,Female,White,Top 100,Computer Science,3.29,2,Yes,1,Healthcare,Dallas,Small,None,3.0,80.0,8,120740,159213,7.4
GRAD_000056,2016,22,Female,White,Regional,Political Science,3.61,1,No,1,Energy,Denver,Large,MBA,2.0,20.0,8,73592,151645,5.7
GRAD_000057,2020,23,Male,Black,Top 100,Liberal Arts,2.76,1,No,0,Education,New York,Startup,None,,80.0,4,64245,83951,5.6
GRAD_000058,2017,21,Female,Hispanic,Regional,Engineering,3.32,0,Yes,1,Retail,Phoenix,Medium,None,0.0,60.0,7,69044,99860,1.5
GRAD_000059,2017,20,Male,White,Top 50,Engineering,3.58,1,,0,Retail,Austin,Small,MBA,3.0,20.0,7,101834,192447,8.1
GRAD_000060,2016,20,Male,White,Top 100,Engineering,3.54,0,,0,Healthcare,Los Angeles,Small,None,0.0,40.0,8,122515,163531,7.7
GRAD_000061,2023,21,Female,White,Top 10,Psychology,3.64,1,No,1,Transportation,Denver,Medium,MBA,2.0,,1,85907,115059,5.8
GRAD_000062,2016,23,Other,Hispanic,Top 100,Business,2.71,1,Yes,1,Education,Atlanta,Startup,None,3.0,60.0,8,53705,81032,5.9
GRAD_000063,2023,21,Female,White,Top 10,Business,3.26,1,No,1,Government,Miami,Fortune 500,Masters,1.0,20.0,1,80447,94570,6.2
GRAD_000064,2018,22,Male,Other,Top 100,Economics,3.29,0,Yes,0,Finance,Austin,Large,None,1.0,60.0,6,94627,142516,8.4
GRAD_000065,2022,20,Male,Black,Regional,Mathematics,3.81,2,No,2,Real Estate,Miami,Medium,MBA,1.0,40.0,2,83600,114721,6.5
GRAD_000066,2023,22,Female,Hispanic,Regional,Mathematics,4.0,2,No,0,Consulting,Phoenix,Medium,None,1.0,100.0,1,90648,94979,7.0
GRAD_000067,2020,22,Female,White,Top 100,Marketing,3.8,0,Yes,3,Consulting,Philadelphia,Medium,None,2.0,0.0,4,78975,102056,5.9
GRAD_000068,2022,24,Female,Other,Top 10,Economics,3.61,3,No,0,Consulting,Chicago,Fortune 500,None,3.0,40.0,2,147214,165199,6.6
GRAD_000069,2017,22,Female,Asian,Top 50,Engineering,3.46,0,No,0,Transportation,New York,Fortune 500,MBA,0.0,20.0,7,138760,242999,7.0
GRAD_000070,2019,23,Female,Asian,Top 50,Communications,3.31,1,,0,Media,Seattle,Small,None,3.0,0.0,5,77851,105674,7.8
GRAD_000071,2020,25,Female,White,Top 10,Business,3.74,1,,3,Finance,Miami,Startup,None,1.0,20.0,4,109607,126318,7.5
GRAD_000072,2022,22,Female,Asian,Top 50,Chemistry,3.37,3,Yes,0,Manufacturing,Chicago,Large,None,,60.0,2,89110,107514,6.6
GRAD_000073,2021,24,Female,White,Top 100,Mathematics,3.13,1,No,2,Education,Denver,Medium,None,2.0,0.0,3,61265,68305,5.7
GRAD_000074,2015,22,Female,White,Top 50,Engineering,3.28,0,No,0,Transportation,Los Angeles,Large,None,5.0,0.0,9,119507,184310,7.5
GRAD_000075,2018,21,Male,White,Regional,Business,3.06,2,No,1,Manufacturing,Chicago,Small,None,2.0,80.0,6,66539,101735,5.4
GRAD_000076,2022,22,Male,White,Top 10,Engineering,2.65,3,No,0,Retail,Seattle,Medium,Masters,1.0,60.0,2,131733,170124,8.7
GRAD_000077,2017,21,Male,White,Regional,Data Science,2.7,3,Yes,1,Education,Miami,Startup,None,2.0,40.0,7,81947,112461,7.8
GRAD_000078,2018,21,Male,White,Top 100,Communications,3.32,0,No,1,Government,Chicago,Large,None,3.0,80.0,6,64591,99874,9.2
GRAD_000079,2019,21,Male,White,Regional,Engineering,2.58,1,No,1,Energy,Phoenix,Medium,MD,,40.0,5,93032,167935,8.9
GRAD_000080,2016,22,Female,Hispanic,Top 100,Economics,2.9,4,No,1,Real Estate,Los Angeles,Large,None,1.0,,8,120303,168085,9.5
GRAD_000081,2018,23,Female,Asian,Top 100,Business,3.46,2,Yes,2,Non-profit,Atlanta,Large,MBA,2.0,,6,50274,94161,6.0
GRAD_000082,2022,20,Male,Black,Regional,Engineering,3.04,3,No,1,Non-profit,Dallas,Large,None,2.0,0.0,2,66220,77092,6.2
GRAD_000083,2022,22,Male,White,Top 50,Psychology,2.87,1,No,1,Energy,Philadelphia,Large,MBA,0.0,60.0,2,76719,102940,6.5
GRAD_000084,2020,22,Other,White,Top 100,Engineering,2.91,3,No,1,Non-profit,Portland,Small,None,2.0,20.0,4,69356,96198,6.8
GRAD_000085,2021,24,Male,Asian,Regional,Business,3.72,1,Yes,0,Real Estate,Denver,Large,None,1.0,20.0,3,96107,112793,5.9
GRAD_000086,2020,21,Female,White,Top 50,Political Science,3.59,4,No,1,Media,Portland,Fortune 500,None,1.0,0.0,4,64262,73780,6.1
GRAD_000087,2015,24,Male,White,Top 10,Engineering,3.01,1,No,0,Finance,Phoenix,Large,None,2.0,80.0,9,144690,238878,6.8
GRAD_000088,2021,21,Male,White,Regional,Data Science,3.47,2,No,2,Consulting,Los Angeles,Small,Masters,4.0,0.0,3,118880,169102,6.9
GRAD_000089,2023,21,Female,White,Regional,Liberal Arts,3.34,0,No,1,Consulting,Los Angeles,Small,Masters,1.0,40.0,1,83389,97246,3.1
GRAD_000090,2017,23,Female,White,Top 100,Mathematics,3.59,2,No,2,Manufacturing,Atlanta,Medium,None,0.0,80.0,7,78404,94749,7.2
GRAD_000091,2023,23,Female,Asian,Regional,Computer Science,3.75,0,No,1,Non-profit,Denver,Large,MBA,3.0,60.0,1,74151,103741,8.8
GRAD_000092,2023,22,Male,Asian,Top 100,Biology,2.7,4,No,1,Media,Denver,Small,Masters,1.0,80.0,1,59484,75659,3.5
GRAD_000093,2016,22,Male,Asian,Top 50,Chemistry,3.45,1,No,3,Healthcare,Miami,Fortune 500,None,2.0,,8,71940,112604,5.7
GRAD_000094,2023,22,Female,White,Top 100,Business,3.31,0,No,0,Energy,Boston,Large,PhD,4.0,60.0,1,95176,129650,4.6
GRAD_000095,2021,23,Male,White,Top 100,Political Science,3.68,0,,1,Finance,Boston,Medium,MBA,2.0,0.0,3,82600,131922,5.6
GRAD_000096,2019,22,Female,Black,Top 50,Computer Science,2.7,2,No,2,Consulting,Austin,Startup,None,3.0,,5,133404,167532,5.2
GRAD_000097,2018,22,Male,Hispanic,Top 100,Data Science,2.85,0,Yes,2,Consulting,Dallas,Large,None,3.0,40.0,6,119500,178901,6.5
GRAD_000098,2021,23,Male,Asian,Top 100,Psychology,3.33,3,Yes,1,Healthcare,Austin,Medium,None,1.0,60.0,3,92958,115466,5.9
GRAD_000099,2022,22,Male,Black,Regional,Engineering,3.2,1,,0,Government,Denver,Fortune 500,Masters,0.0,60.0,2,74526,91732,7.3
GRAD_000100,2015,23,Female,Asian,Top 100,Computer Science,3.42,2,No,0,Energy,Atlanta,Small,None,4.0,20.0,9,96466,138306,6.2
GRAD_000101,2020,26,Male,White,Regional,Business,2.73,1,,1,Non-profit,Chicago,Large,Masters,0.0,20.0,4,54196,74807,5.3
GRAD_000102,2021,20,Male,Hispanic,Top 10,Computer Science,3.72,2,,0,Retail,Denver,Large,None,3.0,20.0,3,121451,144327,5.7
GRAD_000103,2015,20,Female,White,Top 50,Engineering,3.36,3,Yes,0,Energy,Washington DC,Medium,None,1.0,20.0,9,152154,216884,8.3
GRAD_000104,2023,21,Other,Hispanic,Top 10,Computer Science,3.36,1,No,1,Non-profit,Chicago,Startup,None,2.0,20.0,1,99899,109233,6.7
GRAD_000105,2023,21,Female,White,Regional,Communications,3.25,3,Yes,1,Education,Washington DC,Small,None,2.0,40.0,1,51111,55914,8.4
GRAD_000106,2020,24,Female,Hispanic,Top 50,Business,2.9,3,No,0,Non-profit,Miami,Large,None,2.0,40.0,4,74114,90902,6.0
GRAD_000107,2016,20,Male,White,Top 100,Chemistry,3.03,1,No,1,Energy,Chicago,Large,Masters,1.0,80.0,8,74579,149689,4.0
GRAD_000108,2023,23,Female,Black,Regional,Computer Science,3.87,2,Yes,1,Consulting,Philadelphia,Startup,None,2.0,40.0,1,125030,129781,7.7
GRAD_000109,2022,20,Female,White,Top 100,Economics,3.33,2,No,0,Energy,Portland,Small,None,2.0,0.0,2,105790,122414,4.3
GRAD_000110,2015,22,Male,Asian,Top 10,Engineering,3.3,3,Yes,1,Energy,San Francisco,Fortune 500,None,1.0,20.0,9,210908,311741,6.6
GRAD_000111,2020,22,Male,White,Regional,Finance,3.6,4,Yes,0,Finance,Atlanta,Large,PhD,6.0,0.0,4,92192,154865,6.2
GRAD_000112,2016,23,Male,White,Top 50,Chemistry,3.02,1,No,1,Finance,Boston,Large,None,,0.0,8,103959,157854,7.0
GRAD_000113,2016,22,Male,White,Top 10,Engineering,3.45,1,No,1,Media,Los Angeles,Medium,Masters,1.0,20.0,8,101255,163692,7.4
GRAD_000114,2017,22,Male,White,Regional,Economics,3.35,1,No,2,Healthcare,Chicago,Medium,Masters,1.0,80.0,7,97587,150062,7.5
GRAD_000115,2019,20,Male,Asian,Top 10,Engineering,3.2,2,No,1,Government,Dallas,Medium,None,3.0,40.0,5,110319,144278,5.7
GRAD_000116,2022,25,Female,White,Regional,Marketing,3.13,0,No,2,Non-profit,Austin,Large,None,1.0,0.0,2,60707,64649,5.6
GRAD_000117,2015,22,Female,White,Top 100,Economics,3.53,0,No,1,Government,Denver,Medium,None,2.0,0.0,9,75230,107201,8.1
GRAD_000118,2021,23,Female,Other,Top 100,Business,3.49,1,Yes,2,Retail,Chicago,Medium,None,3.0,100.0,3,58296,73764,5.3
GRAD_000119,2023,24,Male,Hispanic,Regional,Engineering,3.03,2,Yes,0,Finance,Denver,Large,Masters,2.0,80.0,1,124289,154513,5.5
GRAD_000120,2021,22,Female,White,Top 10,Economics,3.46,0,No,1,Energy,San Francisco,Medium,Masters,2.0,0.0,3,157424,201898,6.8
GRAD_000121,2022,23,Female,White,Regional,Engineering,2.91,0,No,1,Finance,Los Angeles,Medium,None,1.0,0.0,2,119411,132148,7.7
GRAD_000122,2023,23,Male,Asian,Regional,Mathematics,3.06,2,No,0,Consulting,Seattle,Fortune 500,None,1.0,0.0,1,111901,120617,8.9
GRAD_000123,2021,20,Female,White,Regional,Liberal Arts,3.43,0,No,0,Retail,Philadelphia,Large,None,2.0,80.0,3,47673,58449,6.7
GRAD_000124,2021,23,Male,White,Top 100,Psychology,3.39,1,No,1,Retail,Washington DC,Large,PhD,1.0,0.0,3,61074,91344,4.9
GRAD_000125,2015,25,Female,Asian,Top 50,Biology,2.92,0,No,1,Technology,Dallas,Small,Masters,1.0,100.0,9,74857,118122,6.4
GRAD_000126,2020,25,Female,White,Top 10,Marketing,3.42,3,No,1,Energy,Seattle,Medium,Masters,,60.0,4,120332,160916,7.8
GRAD_000127,2019,24,Male,Asian,Top 100,Marketing,3.24,1,No,0,Retail,Miami,Medium,JD,2.0,0.0,5,67737,114035,6.2
GRAD_000128,2020,25,Male,White,Regional,Liberal Arts,3.67,2,Yes,2,Government,Chicago,Small,MBA,2.0,0.0,4,61865,106188,7.5
GRAD_000129,2019,20,Female,White,Top 10,Marketing,3.45,0,Yes,0,Manufacturing,New York,Large,MBA,3.0,80.0,5,109468,174140,5.2
GRAD_000130,2023,21,Male,White,Top 50,Finance,2.9,2,No,1,Non-profit,Portland,Medium,Masters,2.0,,1,82403,103677,8.1
GRAD_000131,2023,21,Female,White,Regional,Political Science,3.36,3,No,0,Education,San Francisco,Large,None,1.0,40.0,1,63213,65718,3.7
GRAD_000132,2016,27,Female,Asian,Top 50,Business,3.03,2,No,0,Healthcare,San Francisco,Fortune 500,None,4.0,60.0,8,138276,219383,5.4
GRAD_000133,2020,22,Male,Hispanic,Top 100,Computer Science,3.33,0,No,1,Government,Boston,Small,Masters,1.0,40.0,4,117530,161200,7.2
GRAD_000134,2023,20,Female,White,Regional,Business,3.44,6,No,1,Manufacturing,Phoenix,Large,None,3.0,80.0,1,76841,87891,5.5
GRAD_000135,2020,20,Male,Asian,Top 100,Mathematics,3.47,4,No,1,Finance,Philadelphia,Large,None,0.0,40.0,4,103630,126948,5.8
GRAD_000136,2022,22,Female,White,Regional,Computer Science,2.96,2,No,0,Consulting,New York,Large,None,2.0,40.0,2,170159,185454,7.9
GRAD_000137,2018,20,Female,White,Top 50,Engineering,3.09,2,No,3,Government,Boston,Medium,MBA,2.0,40.0,6,112498,190146,6.5
GRAD_000138,2018,25,Male,White,Regional,Engineering,3.32,1,,2,Energy,Denver,Small,None,1.0,40.0,6,104422,146626,5.2
GRAD_000139,2018,23,Female,Other,Top 10,Liberal Arts,3.15,1,No,0,Energy,Austin,Startup,MBA,2.0,60.0,6,101884,155240,8.2
GRAD_000140,2015,22,Female,Other,Regional,Biology,3.15,1,No,1,Transportation,Portland,Small,None,1.0,0.0,9,56878,89864,5.7
GRAD_000141,2023,20,Male,White,Top 10,Mathematics,2.93,3,No,0,Education,Seattle,Startup,None,2.0,20.0,1,95801,106519,7.8
GRAD_000142,2018,20,Female,Hispanic,Regional,Business,3.43,1,No,3,Media,Portland,Small,JD,1.0,20.0,6,58774,103510,6.8
GRAD_000143,2018,23,Male,Asian,Top 50,Finance,3.07,1,No,1,Consulting,Atlanta,Fortune 500,None,1.0,20.0,6,122845,175357,6.7
GRAD_000144,2022,22,Female,Hispanic,Top 100,Business,3.19,0,No,0,Energy,Washington DC,Fortune 500,None,0.0,60.0,2,103972,106273,7.1
GRAD_000145,2020,20,Female,Asian,Top 100,Finance,3.31,0,No,0,Education,Boston,Medium,None,0.0,40.0,4,72325,81023,5.3
GRAD_000146,2018,22,Male,Asian,Regional,Engineering,2.42,4,Yes,0,Technology,Atlanta,Medium,Masters,0.0,60.0,6,90493,127682,7.6
GRAD_000147,2023,22,Female,White,Top 10,Marketing,2.74,3,No,1,Non-profit,Dallas,Small,None,1.0,0.0,1,58285,62676,5.6
GRAD_000148,2022,23,Male,Hispanic,Regional,Political Science,3.86,2,No,2,Technology,San Francisco,Startup,None,2.0,60.0,2,130969,145378,8.9
GRAD_000149,2023,25,Male,White,Regional,Economics,2.75,2,No,0,Transportation,Boston,Medium,None,4.0,80.0,1,99986,115883,6.1
GRAD_000150,2021,20,Male,Asian,Top 100,Data Science,3.62,0,No,2,Energy,Los Angeles,Startup,None,2.0,0.0,3,141950,178658,8.4
GRAD_000151,2021,23,Male,Black,Top 100,Chemistry,3.61,3,No,1,Education,Denver,Large,None,0.0,0.0,3,62205,68020,4.2
GRAD_000152,2018,21,Female,Asian,Regional,Communications,3.29,4,No,1,Media,Portland,Large,Masters,3.0,,6,64070,102727,6.3
GRAD_000153,2016,23,Female,White,Regional,Psychology,3.82,1,No,1,Energy,San Francisco,Large,MBA,0.0,40.0,8,115091,184953,9.1
GRAD_000154,2016,22,Male,White,Regional,Computer Science,3.59,4,Yes,1,Consulting,Atlanta,Startup,MBA,2.0,20.0,8,103944,223231,6.7
GRAD_000155,2021,23,Female,Asian,Top 50,Liberal Arts,3.37,0,No,3,Manufacturing,Seattle,Large,None,2.0,100.0,3,68668,81390,5.6
GRAD_000156,2016,20,Female,White,Regional,Business,3.44,3,No,1,Non-profit,Chicago,Large,None,,40.0,8,63309,92239,6.7
GRAD_000157,2023,23,Female,Asian,Top 100,Computer Science,3.63,2,No,2,Manufacturing,Washington DC,Startup,None,2.0,20.0,1,120413,123873,6.1
GRAD_000158,2021,22,Female,White,Regional,Finance,3.44,1,No,2,Education,Phoenix,Small,None,2.0,80.0,3,57981,71053,3.4
GRAD_000159,2017,24,Male,White,Regional,Liberal Arts,3.6,1,Yes,1,Energy,Phoenix,Medium,None,3.0,40.0,7,54001,82273,5.9
GRAD_000160,2018,24,Female,Black,Top 50,Mathematics,3.86,2,Yes,2,Transportation,Miami,Large,MD,1.0,0.0,6,95341,178025,7.7
GRAD_000161,2021,22,Male,White,Top 100,Computer Science,3.74,1,No,1,Energy,Seattle,Fortune 500,PhD,8.0,0.0,3,146584,218696,6.9
GRAD_000162,2022,23,Male,White,Top 100,Mathematics,3.19,0,No,1,Retail,Chicago,Small,None,3.0,20.0,2,72833,90676,7.3
GRAD_000163,2022,23,Male,White,Top 50,Economics,3.0,1,Yes,0,Healthcare,New York,Medium,Masters,0.0,20.0,2,114799,150512,3.8
GRAD_000164,2020,24,Male,Asian,Top 50,Data Science,3.32,2,,3,Media,Boston,Medium,None,1.0,0.0,4,102869,128781,9.3
GRAD_000165,2016,24,Male,White,Top 10,Liberal Arts,4.0,1,No,2,Energy,New York,Medium,JD,2.0,20.0,8,114414,201263,4.4
GRAD_000166,2022,20,Female,Asian,Regional,Finance,2.89,2,No,0,Manufacturing,Washington DC,Fortune 500,Masters,0.0,40.0,2,106566,131064,7.2
GRAD_000167,2022,22,Female,White,Top 100,Engineering,3.23,3,,0,Finance,Chicago,Medium,None,1.0,100.0,2,116795,128204,7.0
GRAD_000168,2022,20,Female,Asian,Top 10,Economics,3.25,3,No,4,Finance,Austin,Large,None,0.0,80.0,2,147849,144685,9.4
GRAD_000169,2016,21,Male,Hispanic,Top 100,Engineering,3.0,2,No,0,Consulting,Miami,Large,None,,20.0,8,125300,172900,7.6
GRAD_000170,2021,21,Female,White,Top 100,Engineering,3.34,1,No,0,Finance,Atlanta,Small,None,4.0,40.0,3,108960,136608,7.5
GRAD_000171,2023,23,Female,Asian,Top 100,Economics,3.1,2,No,1,Technology,New York,Medium,None,1.0,0.0,1,149909,152571,9.6
GRAD_000172,2017,22,Female,White,Top 10,Engineering,3.28,1,Yes,2,Government,Dallas,Large,None,3.0,20.0,7,108245,137706,5.9
GRAD_000173,2021,22,Male,White,Top 50,Business,3.24,0,No,0,Retail,Los Angeles,Startup,Masters,4.0,20.0,3,81548,125115,7.3
GRAD_000174,2017,23,Male,White,Top 10,Communications,3.31,3,No,0,Retail,Dallas,Large,MBA,2.0,20.0,7,63058,108120,6.1
GRAD_000175,2018,23,Male,Asian,Top 10,Computer Science,2.96,1,No,1,Consulting,San Francisco,Fortune 500,None,3.0,20.0,6,236508,362704,6.3
GRAD_000176,2019,22,Female,White,Top 100,Mathematics,3.12,2,Yes,0,Media,Dallas,Fortune 500,None,0.0,40.0,5,63358,71437,4.1
GRAD_000177,2023,23,Male,Asian,Top 100,Economics,3.24,2,Yes,0,Energy,Miami,Large,None,3.0,80.0,1,97777,111824,7.8
GRAD_000178,2015,23,Male,White,Regional,Data Science,3.29,0,No,0,Media,New York,Startup,MBA,4.0,80.0,9,114160,214332,10.0
GRAD_000179,2023,25,Female,White,Top 50,Engineering,3.3,0,Yes,0,Energy,San Francisco,Medium,None,0.0,0.0,1,180164,175665,6.0
GRAD_000180,2022,22,Female,White,Regional,Business,3.51,1,Yes,1,Consulting,Los Angeles,Fortune 500,None,0.0,0.0,2,106921,113057,5.6
GRAD_000181,2018,21,Male,Asian,Top 50,Psychology,2.92,1,No,2,Non-profit,Seattle,Large,Masters,1.0,40.0,6,59672,105379,10.0
GRAD_000182,2018,22,Male,White,Top 100,Chemistry,3.21,0,No,0,Technology,Chicago,Medium,MBA,2.0,80.0,6,96828,164081,8.3
GRAD_000183,2019,21,Female,Black,Top 100,Marketing,2.97,1,No,0,Consulting,Miami,Small,Masters,3.0,40.0,5,78654,112760,6.7
GRAD_000184,2022,21,Other,Asian,Top 100,Data Science,2.94,1,Yes,1,Transportation,Denver,Fortune 500,None,2.0,60.0,2,95832,115570,7.8
GRAD_000185,2015,23,Male,Asian,Regional,Political Science,3.42,1,Yes,1,Retail,Miami,Medium,PhD,2.0,20.0,9,49032,91101,5.5
GRAD_000186,2020,21,Female,White,Top 10,Data Science,3.33,0,No,1,Non-profit,Philadelphia,Large,None,2.0,60.0,4,80557,103734,8.2
GRAD_000187,2015,22,Male,White,Top 100,Finance,3.11,0,No,0,Energy,Chicago,Medium,None,2.0,40.0,9,107566,169014,10.0
GRAD_000188,2016,22,Female,Hispanic,Top 100,Data Science,3.09,2,No,1,Retail,Portland,Medium,MBA,1.0,60.0,8,84480,168091,7.7
GRAD_000189,2021,21,Male,Asian,Top 10,Chemistry,2.84,1,No,1,Consulting,Boston,Fortune 500,MBA,2.0,0.0,3,111393,174217,8.5
GRAD_000190,2017,20,Male,White,Top 10,Computer Science,3.67,1,No,0,Technology,Los Angeles,Small,MBA,1.0,,7,159534,254420,6.1
GRAD_000191,2015,24,Male,Hispanic,Regional,Engineering,3.25,3,No,1,Education,New York,Large,None,2.0,60.0,9,100066,144937,9.6
GRAD_000192,2016,24,Male,White,Regional,Computer Science,2.73,2,No,1,Finance,Portland,Small,None,1.0,0.0,8,134773,177575,5.8
GRAD_000193,2017,23,Male,Black,Top 100,Business,3.32,0,Yes,2,Non-profit,Chicago,Startup,MBA,3.0,0.0,7,63884,114004,7.1
GRAD_000194,2022,23,Female,White,Regional,Engineering,3.03,1,No,1,Manufacturing,New York,Startup,Masters,1.0,20.0,2,110004,130132,7.9
GRAD_000195,2021,21,Female,Hispanic,Regional,Computer Science,3.09,0,Yes,1,Retail,Philadelphia,Medium,MD,0.0,20.0,3,80273,132388,7.7
GRAD_000196,2021,22,Male,Asian,Top 50,Business,3.65,1,No,1,Media,Dallas,Small,None,1.0,80.0,3,76804,86931,1.4
GRAD_000197,2018,21,Female,White,Top 50,Business,3.22,1,,1,Healthcare,San Francisco,Fortune 500,MBA,3.0,20.0,6,143336,243701,7.4
GRAD_000198,2016,22,Female,Asian,Regional,Economics,3.88,1,No,3,Education,Washington DC,Large,PhD,2.0,20.0,8,85969,146466,10.0
GRAD_000199,2022,22,Male,White,Top 10,Engineering,4.0,1,Yes,1,Media,Portland,Small,None,3.0,0.0,2,124529,144846,7.5
GRAD_000200,2016,20,Male,Hispanic,Top 100,Engineering,3.78,2,No,2,Technology,Dallas,Fortune 500,None,3.0,80.0,8,135009,193373,8.5
GRAD_000201,2019,22,Other,Other,Top 100,Finance,2.93,2,No,0,Real Estate,Austin,Medium,None,4.0,100.0,5,96752,144944,5.8
GRAD_000202,2017,21,Male,White,Regional,Business,3.79,3,Yes,0,Transportation,San Francisco,Large,None,2.0,,7,122400,166077,7.7
GRAD_000203,2018,22,Male,Black,Top 100,Business,3.1,1,No,0,Retail,Philadelphia,Small,Masters,3.0,40.0,6,61805,96584,5.3
GRAD_000204,2020,22,Female,White,Top 100,Communications,3.47,1,No,2,Retail,San Francisco,Small,None,0.0,80.0,4,73217,83046,6.2
GRAD_000205,2016,23,Male,White,Regional,Computer Science,3.78,0,No,1,Consulting,Denver,Small,None,2.0,20.0,8,136302,230069,6.0
GRAD_000206,2019,23,Other,White,Top 100,Economics,2.91,1,,3,Non-profit,Washington DC,Small,MBA,1.0,0.0,5,60245,90422,6.4
GRAD_000207,2021,20,Female,White,Regional,Communications,3.34,0,No,1,Transportation,Philadelphia,Fortune 500,None,4.0,0.0,3,58100,75976,5.0
GRAD_000208,2022,22,Female,Hispanic,Regional,Economics,3.34,3,Yes,1,Technology,Boston,Large,JD,1.0,80.0,2,144595,200739,5.7
GRAD_000209,2018,21,Female,Hispanic,Regional,Marketing,2.99,3,Yes,1,Retail,Seattle,Fortune 500,None,1.0,0.0,6,84539,108814,6.2
GRAD_000210,2018,24,Male,Hispanic,Top 100,Chemistry,2.67,0,No,3,Retail,Phoenix,Medium,None,1.0,60.0,6,51773,70487,2.5
GRAD_000211,2018,25,Female,White,Regional,Biology,3.55,2,No,0,Transportation,Philadelphia,Small,None,4.0,20.0,6,67570,109513,6.4
GRAD_000212,2020,22,Female,Hispanic,Top 100,Data Science,2.8,0,Yes,2,Manufacturing,Los Angeles,Small,None,1.0,60.0,4,102406,119650,7.0
GRAD_000213,2018,23,Male,White,Top 100,Engineering,3.53,2,Yes,1,Government,Atlanta,Startup,Masters,1.0,,6,95981,166604,8.6
GRAD_000214,2017,20,Female,White,Regional,Engineering,3.23,4,No,2,Finance,Miami,Fortune 500,None,6.0,60.0,7,98844,132431,7.3
GRAD_000215,2018,22,Female,White,Top 100,Communications,3.77,1,No,1,Manufacturing,Chicago,Large,None,5.0,,6,68775,109006,6.8
GRAD_000216,2022,22,Male,Black,Top 100,Marketing,2.9,1,No,1,Transportation,Boston,Medium,None,3.0,40.0,2,70534,85172,5.2
GRAD_000217,2017,24,Male,Asian,Top 100,Engineering,3.27,3,Yes,1,Finance,Boston,Small,JD,0.0,20.0,7,128402,209789,7.6
GRAD_000218,2022,22,Male,White,Regional,Psychology,4.0,1,No,1,Energy,Phoenix,Small,None,0.0,40.0,2,66237,73041,6.5
GRAD_000219,2018,21,Female,White,Top 100,Engineering,3.05,2,,0,Technology,Los Angeles,Medium,None,0.0,20.0,6,136629,183413,7.7
GRAD_000220,2020,20,Male,White,Regional,Business,3.87,3,No,1,Finance,Miami,Large,None,3.0,0.0,4,109458,141302,6.6
GRAD_000221,2023,22,Female,White,Top 50,Economics,3.03,1,,2,Finance,Dallas,Medium,None,2.0,0.0,1,89657,95744,5.5
GRAD_000222,2023,21,Female,Asian,Top 50,Biology,3.36,2,Yes,0,Technology,Boston,Medium,None,2.0,40.0,1,104250,109555,6.7
GRAD_000223,2019,24,Female,Hispanic,Top 100,Economics,3.0,1,No,2,Manufacturing,Austin,Large,None,2.0,80.0,5,91496,106383,10.0
GRAD_000224,2015,23,Female,White,Top 50,Data Science,3.48,1,No,1,Consulting,Atlanta,Large,None,2.0,,9,110535,181111,7.1
GRAD_000225,2023,22,Female,Hispanic,Top 100,Engineering,2.86,2,No,0,Real Estate,Phoenix,Fortune 500,MD,1.0,20.0,1,83836,125436,6.9
GRAD_000226,2016,23,Female,Hispanic,Top 10,Marketing,3.11,0,Yes,1,Healthcare,Dallas,Fortune 500,Masters,1.0,0.0,8,100517,160645,9.0
GRAD_000227,2023,25,Female,Hispanic,Top 50,Psychology,3.12,1,No,1,Government,Austin,Startup,Masters,0.0,0.0,1,61025,71321,2.6
GRAD_000228,2021,20,Female,Black,Regional,Psychology,3.05,4,No,0,Education,New York,Medium,Masters,1.0,20.0,3,79609,101541,9.4
GRAD_000229,2023,21,Female,Other,Regional,Economics,3.81,2,No,1,Transportation,Austin,Medium,None,0.0,0.0,1,103221,104155,5.2
GRAD_000230,2021,25,Female,White,Top 10,Engineering,3.03,0,No,1,Consulting,New York,Fortune 500,Masters,,20.0,3,176622,220201,6.1
GRAD_000231,2023,21,Female,Black,Regional,Computer Science,3.34,1,No,3,Technology,Los Angeles,Small,None,1.0,40.0,1,157255,163136,6.9
GRAD_000232,2019,23,Male,Hispanic,Top 100,Psychology,3.95,0,No,1,Government,New York,Large,None,0.0,20.0,5,96897,135559,7.2
GRAD_000233,2018,24,Male,White,Regional,Data Science,3.39,1,No,0,Transportation,Chicago,Startup,None,2.0,60.0,6,94073,142197,5.3
GRAD_000234,2019,22,Female,Asian,Top 50,Business,2.43,1,No,2,Education,Miami,Medium,None,3.0,40.0,5,67178,97290,7.1
GRAD_000235,2018,23,Male,Black,Top 100,Psychology,4.0,2,No,0,Healthcare,Miami,Small,None,,80.0,6,76910,115703,9.0
GRAD_000236,2019,22,Male,White,Regional,Business,3.69,0,Yes,1,Manufacturing,Chicago,Medium,None,1.0,0.0,5,69684,93501,5.0
GRAD_000237,2023,25,Male,White,Top 100,Engineering,3.75,6,No,4,Technology,Austin,Small,Masters,1.0,40.0,1,175965,212842,7.2
GRAD_000238,2020,21,Female,Other,Regional,Communications,3.77,0,No,1,Transportation,Dallas,Large,MBA,3.0,80.0,4,63098,97920,7.3
GRAD_000239,2021,21,Male,White,Regional,Computer Science,3.27,0,No,1,Transportation,Los Angeles,Medium,MBA,0.0,40.0,3,97523,134007,8.2
GRAD_000240,2018,23,Female,White,Top 50,Computer Science,2.78,1,No,0,Technology,Portland,Large,None,2.0,20.0,6,169427,221327,7.3
GRAD_000241,2023,23,Female,Other,Top 50,Psychology,3.65,1,Yes,1,Non-profit,Philadelphia,Medium,None,2.0,0.0,1,50542,56277,8.2
GRAD_000242,2018,22,Male,Black,Top 50,Liberal Arts,2.7,1,No,0,Technology,Chicago,Small,None,3.0,20.0,6,100664,141047,5.7
GRAD_000243,2016,22,Male,Hispanic,Top 50,Communications,2.8,0,No,0,Government,Miami,Large,None,2.0,40.0,8,69989,109102,9.5
GRAD_000244,2022,21,Male,Hispanic,Top 100,Economics,3.3,1,No,1,Consulting,Los Angeles,Medium,None,1.0,0.0,2,127573,148361,6.2
GRAD_000245,2022,21,Male,White,Regional,Political Science,3.66,2,No,0,Manufacturing,San Francisco,Fortune 500,Masters,,100.0,2,82074,113820,3.2
GRAD_000246,2019,21,Female,Black,Top 100,Business,3.06,1,No,2,Finance,Dallas,Fortune 500,None,1.0,40.0,5,84383,103171,5.4
GRAD_000247,2020,22,Male,White,Regional,Communications,3.09,2,No,0,Education,Miami,Medium,None,5.0,40.0,4,43830,69320,6.2
GRAD_000248,2019,22,Female,White,Top 100,Business,4.0,1,Yes,1,Education,New York,Medium,MBA,1.0,40.0,5,85838,133383,7.7
GRAD_000249,2018,20,Female,White,Top 100,Political Science,3.63,1,Yes,2,Technology,New York,Small,None,4.0,,6,114311,171129,10.0
GRAD_000250,2022,21,Female,White,Regional,Finance,3.46,2,No,0,Education,Austin,Medium,None,6.0,0.0,2,75257,94620,6.3
GRAD_000251,2022,22,Female,White,Regional,Political Science,3.82,1,No,1,Real Estate,Miami,Large,None,0.0,80.0,2,77609,82196,5.6
GRAD_000252,2019,23,Female,White,Top 100,Marketing,3.51,1,No,1,Consulting,Dallas,Medium,None,2.0,0.0,5,83440,97446,5.6
GRAD_000253,2019,22,Female,Asian,Top 100,Psychology,2.91,1,Yes,0,Transportation,Portland,Startup,MBA,0.0,60.0,5,71841,112397,5.8
GRAD_000254,2017,25,Female,White,Top 100,Marketing,2.88,2,No,1,Education,Philadelphia,Medium,None,3.0,40.0,7,62422,83443,5.6
GRAD_000255,2021,21,Female,Hispanic,Top 50,Business,3.25,1,No,1,Finance,Philadelphia,Fortune 500,None,2.0,20.0,3,98624,120265,5.9
GRAD_000256,2023,23,Female,White,Top 100,Business,3.2,1,No,0,Energy,Phoenix,Small,None,1.0,60.0,1,87092,91065,4.7
GRAD_000257,2021,23,Female,White,Top 100,Computer Science,4.0,2,No,0,Government,Washington DC,Medium,PhD,1.0,,3,137827,183224,6.9
GRAD_000258,2020,22,Male,Asian,Regional,Psychology,3.26,0,No,0,Transportation,Portland,Large,None,3.0,20.0,4,60101,79180,7.6
GRAD_000259,2015,22,Male,White,Top 10,Engineering,3.91,4,No,0,Energy,Los Angeles,Large,None,4.0,60.0,9,147980,250336,9.8
GRAD_000260,2023,21,Male,Black,Regional,Political Science,3.43,2,No,0,Consulting,Boston,Small,None,1.0,20.0,1,99421,107129,3.8
GRAD_000261,2018,22,Female,Hispanic,Top 50,Engineering,3.59,0,,2,Technology,Dallas,Medium,None,2.0,0.0,6,126109,173004,3.6
GRAD_000262,2018,20,Female,Other,Regional,Marketing,2.27,0,Yes,2,Education,New York,Large,None,3.0,60.0,6,68099,98130,6.3
GRAD_000263,2019,21,Male,White,Regional,Computer Science,4.0,1,No,1,Media,Seattle,Fortune 500,PhD,0.0,60.0,5,105298,148935,4.9
GRAD_000264,2019,21,Female,White,Regional,Business,3.04,1,No,2,Technology,Boston,Medium,MD,4.0,40.0,5,114840,201239,7.7
GRAD_000265,2023,23,Other,White,Regional,Data Science,3.69,1,Yes,0,Government,Boston,Fortune 500,MBA,5.0,100.0,1,97796,144749,7.8
GRAD_000266,2016,23,Female,White,Regional,Business,2.75,1,No,1,Retail,Austin,Startup,Masters,1.0,0.0,8,61985,105449,8.4
GRAD_000267,2021,20,Male,White,Regional,Data Science,3.88,0,No,1,Manufacturing,San Francisco,Startup,None,2.0,20.0,3,149523,176715,4.3
GRAD_000268,2016,20,Female,Hispanic,Regional,Marketing,2.75,0,No,0,Technology,Atlanta,Large,None,1.0,80.0,8,69916,95268,4.6
GRAD_000269,2018,20,Female,White,Regional,Engineering,2.96,0,No,0,Energy,San Francisco,Large,Masters,4.0,100.0,6,132257,215240,7.7
GRAD_000270,2021,23,Male,White,Top 100,Communications,3.14,1,No,0,Government,Philadelphia,Large,None,1.0,40.0,3,62187,72409,3.7
GRAD_000271,2022,23,Female,White,Regional,Marketing,3.16,3,No,0,Education,Denver,Startup,None,0.0,0.0,2,61754,65406,7.2
GRAD_000272,2019,23,Male,Asian,Top 100,Computer Science,3.18,0,No,0,Energy,Atlanta,Large,MBA,,0.0,5,119529,180336,8.7
GRAD_000273,2022,24,Female,Asian,Regional,Data Science,3.43,3,No,1,Transportation,Miami,Large,None,0.0,20.0,2,83206,86727,5.2
GRAD_000274,2023,25,Female,White,Regional,Business,2.92,6,Yes,1,Education,Atlanta,Medium,None,2.0,40.0,1,54759,61081,6.0
GRAD_000275,2023,21,Male,Asian,Top 100,Political Science,3.41,2,No,0,Retail,Philadelphia,Large,None,2.0,40.0,1,59701,67950,6.6
GRAD_000276,2018,21,Male,Hispanic,Top 100,Economics,3.9,4,No,1,Transportation,New York,Large,None,1.0,20.0,6,135390,194128,4.4
GRAD_000277,2018,23,Male,White,Regional,Engineering,2.93,1,Yes,1,Retail,San Francisco,Medium,None,3.0,0.0,6,90930,118732,2.7
GRAD_000278,2021,20,Male,Asian,Top 100,Psychology,3.26,0,No,1,Real Estate,Austin,Medium,MBA,2.0,20.0,3,73562,109897,7.5
GRAD_000279,2021,22,Female,White,Top 100,Engineering,3.6,0,Yes,2,Media,Washington DC,Small,None,1.0,40.0,3,89145,96629,4.3
GRAD_000280,2019,23,Male,White,Regional,Data Science,2.7,0,No,2,Real Estate,New York,Small,None,1.0,100.0,5,141536,195184,6.9
GRAD_000281,2017,21,Male,White,Top 100,Computer Science,2.85,1,No,2,Transportation,Chicago,Large,MBA,1.0,0.0,7,100766,160212,7.8
GRAD_000282,2020,23,Female,White,Regional,Business,3.49,5,Yes,3,Manufacturing,Dallas,Medium,None,1.0,0.0,4,79127,88955,8.1
GRAD_000283,2019,20,Female,Black,Top 10,Business,3.18,1,No,1,Technology,Boston,Medium,None,2.0,60.0,5,148133,197179,4.2
GRAD_000284,2016,22,Other,White,Top 50,Engineering,3.38,0,No,1,Retail,Philadelphia,Small,None,0.0,40.0,8,81310,106182,7.7
GRAD_000285,2021,21,Male,White,Regional,Psychology,3.45,1,No,1,Government,Denver,Large,None,2.0,0.0,3,64609,80888,7.7
GRAD_000286,2021,22,Male,Asian,Regional,Chemistry,2.71,1,No,1,Healthcare,Philadelphia,Large,None,3.0,20.0,3,80527,102235,8.4
GRAD_000287,2018,21,Female,Black,Top 100,Economics,3.91,2,No,1,Finance,New York,Medium,None,3.0,20.0,6,138064,203045,6.4
GRAD_000288,2022,24,Male,White,Top 100,Mathematics,3.26,0,No,1,Media,Atlanta,Large,None,1.0,40.0,2,57699,66404,3.0
GRAD_000289,2015,22,Male,White,Top 100,Mathematics,3.28,1,Yes,0,Government,Atlanta,Large,MBA,0.0,80.0,9,78688,129391,10.0
GRAD_000290,2019,22,Female,Black,Top 100,Psychology,3.23,1,Yes,0,Finance,Los Angeles,Fortune 500,None,1.0,60.0,5,78718,108795,5.8
GRAD_000291,2023,25,Male,Hispanic,Regional,Mathematics,3.49,2,Yes,0,Technology,Dallas,Large,None,0.0,40.0,1,81362,85802,7.3
GRAD_000292,2017,21,Male,Asian,Top 50,Political Science,3.56,0,No,1,Energy,Chicago,Fortune 500,None,,40.0,7,82035,120485,6.0
GRAD_000293,2017,22,Male,Asian,Top 100,Business,2.28,1,No,0,Retail,Dallas,Fortune 500,None,1.0,0.0,7,51812,72645,7.5
GRAD_000294,2018,21,Female,White,Regional,Communications,3.58,3,Yes,2,Retail,Washington DC,Medium,None,3.0,100.0,6,53150,79339,7.6
GRAD_000295,2017,21,Female,Asian,Top 10,Computer Science,2.86,0,Yes,0,Energy,Portland,Small,None,0.0,60.0,7,144921,185396,7.5
GRAD_000296,2017,22,Male,White,Top 50,Computer Science,3.11,1,No,0,Government,Phoenix,Small,None,1.0,40.0,7,90925,125575,5.0
GRAD_000297,2023,22,Male,Hispanic,Top 100,Political Science,2.92,3,No,2,Non-profit,Philadelphia,Startup,None,1.0,20.0,1,44741,49493,5.7
GRAD_000298,2018,25,Female,White,Regional,Biology,3.1,3,No,1,Education,Miami,Medium,None,,60.0,6,48089,65015,7.7
GRAD_000299,2015,25,Male,Hispanic,Regional,Business,3.17,0,Yes,1,Manufacturing,Denver,Fortune 500,None,3.0,0.0,9,79547,145986,9.2
GRAD_000300,2023,22,Female,Hispanic,Top 50,Engineering,3.22,5,No,0,Government,Washington DC,Large,None,5.0,40.0,1,101963,117376,6.2
GRAD_000301,2019,20,Female,White,Top 100,Marketing,2.72,0,No,4,Real Estate,Dallas,Large,Masters,4.0,,5,58197,88782,6.7
GRAD_000302,2021,22,Male,Asian,Top 100,Liberal Arts,3.3,0,No,1,Media,Los Angeles,Startup,None,2.0,80.0,3,59690,77846,5.1
GRAD_000303,2018,24,Male,White,Top 100,Computer Science,3.46,3,No,1,Energy,Denver,Medium,None,3.0,100.0,6,123559,187675,5.5
GRAD_000304,2023,21,Male,White,Top 10,Engineering,3.27,1,No,0,Retail,Phoenix,Large,MBA,4.0,20.0,1,79474,114965,7.2
GRAD_000305,2018,24,Female,Asian,Top 50,Psychology,3.1,1,No,1,Technology,Dallas,Fortune 500,None,1.0,20.0,6,77705,112527,7.7
GRAD_000306,2021,23,Female,Other,Regional,Finance,2.97,1,No,2,Energy,Boston,Large,None,1.0,0.0,3,128641,149181,4.3
GRAD_000307,2022,20,Male,Hispanic,Top 100,Business,2.35,2,Yes,1,Energy,Boston,Medium,None,0.0,80.0,2,90784,97197,3.9
GRAD_000308,2017,21,Female,White,Regional,Engineering,3.47,1,No,1,Transportation,Atlanta,Large,Masters,2.0,60.0,7,87243,149549,8.0
GRAD_000309,2022,21,Male,Asian,Regional,Economics,3.39,1,No,3,Manufacturing,Boston,Medium,MD,3.0,20.0,2,87202,158627,6.5
GRAD_000310,2022,21,Male,White,Regional,Engineering,3.15,0,No,0,Healthcare,Dallas,Large,Masters,0.0,0.0,2,97497,122546,5.4
GRAD_000311,2023,20,Male,White,Regional,Finance,2.71,0,No,0,Technology,Chicago,Fortune 500,PhD,2.0,0.0,1,122106,157530,7.5
GRAD_000312,2023,21,Female,White,Top 50,Liberal Arts,3.23,3,No,1,Education,Atlanta,Fortune 500,None,4.0,40.0,1,47773,59085,5.2
GRAD_000313,2019,21,Female,Hispanic,Top 10,Liberal Arts,3.1,1,No,2,Consulting,San Francisco,Fortune 500,None,1.0,,5,118755,139129,5.5
GRAD_000314,2020,24,Male,Asian,Top 100,Engineering,3.77,2,No,1,Energy,Washington DC,Medium,None,2.0,0.0,4,116568,146242,8.2
GRAD_000315,2023,23,Other,Hispanic,Regional,Data Science,3.69,0,No,1,Finance,Austin,Medium,Masters,3.0,0.0,1,113574,147639,9.3
GRAD_000316,2015,23,Male,White,Top 50,Economics,3.02,0,Yes,1,Healthcare,Philadelphia,Medium,Masters,1.0,0.0,9,90307,147155,5.8
GRAD_000317,2021,23,Female,White,Top 100,Chemistry,3.56,0,No,1,Finance,Chicago,Large,MBA,1.0,60.0,3,93474,123746,5.5
GRAD_000318,2017,21,Other,Hispanic,Top 100,Engineering,2.91,3,Yes,1,Technology,Miami,Startup,None,6.0,80.0,7,122096,204746,5.5
GRAD_000319,2021,24,Male,Black,Regional,Business,3.74,1,No,1,Retail,Phoenix,Large,None,3.0,60.0,3,68702,89585,7.1
GRAD_000320,2022,21,Female,White,Top 100,Psychology,3.36,1,No,0,Education,Atlanta,Medium,None,,40.0,2,51220,62307,5.6
GRAD_000321,2021,21,Female,Asian,Regional,Engineering,4.0,3,Yes,3,Retail,Atlanta,Large,MBA,1.0,40.0,3,83119,122772,8.0
GRAD_000322,2023,23,Male,White,Regional,Economics,3.05,2,No,0,Transportation,Los Angeles,Large,PhD,0.0,20.0,1,94943,117613,7.5
GRAD_000323,2019,26,Male,White,Regional,Finance,3.74,3,No,2,Healthcare,Seattle,Large,None,0.0,20.0,5,144647,200034,5.9
GRAD_000324,2020,21,Female,White,Top 100,Liberal Arts,3.81,1,Yes,0,Energy,Seattle,Fortune 500,None,2.0,80.0,4,98176,113519,4.9
GRAD_000325,2019,20,Male,Other,Regional,Business,3.14,2,No,1,Non-profit,Chicago,Small,None,2.0,0.0,5,65244,92118,5.6
GRAD_000326,2023,22,Female,Asian,Top 100,Chemistry,2.82,1,No,0,Consulting,Miami,Medium,MBA,3.0,20.0,1,89786,121062,4.0
GRAD_000327,2023,23,Male,White,Regional,Engineering,3.56,3,No,0,Government,Boston,Startup,MBA,,80.0,1,109718,150957,10.0
GRAD_000328,2023,21,Female,White,Regional,Marketing,2.95,2,No,0,Media,Chicago,Medium,MD,1.0,0.0,1,69286,109513,6.9
GRAD_000329,2023,21,Female,White,Regional,Engineering,3.18,1,No,0,Government,Miami,Large,None,2.0,80.0,1,80539,85609,6.8
GRAD_000330,2023,20,Male,White,Top 50,Marketing,3.01,1,No,3,Transportation,Portland,Fortune 500,None,3.0,40.0,1,86903,101561,6.6
GRAD_000331,2023,23,Male,White,Top 100,Business,3.97,3,No,2,Technology,Chicago,Large,None,7.0,20.0,1,103275,128178,8.3
GRAD_000332,2016,25,Female,White,Regional,Finance,3.32,2,No,0,Technology,Chicago,Small,Masters,1.0,0.0,8,125788,185347,6.8
GRAD_000333,2017,25,Male,Hispanic,Regional,Computer Science,3.42,2,No,1,Education,Phoenix,Fortune 500,None,1.0,40.0,7,66228,86191,5.0
GRAD_000334,2023,22,Male,White,Regional,Data Science,3.3,2,Yes,0,Non-profit,Dallas,Large,None,2.0,40.0,1,61931,71857,7.7
GRAD_000335,2021,21,Female,White,Top 100,Economics,3.03,3,No,2,Non-profit,New York,Medium,MD,3.0,0.0,3,92119,167121,9.2
GRAD_000336,2022,23,Female,Asian,Regional,Liberal Arts,3.51,1,No,2,Healthcare,Boston,Fortune 500,MBA,1.0,80.0,2,69694,91518,6.3
GRAD_000337,2022,22,Female,Black,Top 100,Finance,3.62,0,No,1,Manufacturing,San Francisco,Small,None,4.0,60.0,2,123199,140498,8.1
GRAD_000338,2016,21,Male,Asian,Regional,Marketing,3.08,2,Yes,1,Manufacturing,Los Angeles,Fortune 500,None,4.0,60.0,8,84000,119390,8.4
GRAD_000339,2023,22,Male,White,Top 100,Biology,3.33,3,No,1,Transportation,Boston,Small,None,1.0,0.0,1,86160,94912,2.9
GRAD_000340,2022,24,Female,White,Regional,Marketing,3.67,1,No,1,Education,Austin,Large,Masters,4.0,60.0,2,57155,83379,9.2
GRAD_000341,2020,22,Male,Hispanic,Top 10,Data Science,2.89,1,Yes,0,Transportation,Miami,Large,None,1.0,100.0,4,127098,146538,5.8
GRAD_000342,2020,22,Female,White,Top 100,Computer Science,3.24,4,No,1,Transportation,Portland,Large,None,2.0,40.0,4,103386,128593,6.3
GRAD_000343,2020,22,Male,White,Top 50,Marketing,3.59,4,No,0,Energy,Portland,Large,None,1.0,20.0,4,99640,118024,8.4
GRAD_000344,2019,23,Female,White,Top 50,Computer Science,2.94,1,No,1,Media,Miami,Large,Masters,3.0,100.0,5,107081,159186,6.5
GRAD_000345,2022,23,Male,White,Top 100,Marketing,3.34,2,No,1,Government,Austin,Startup,None,0.0,40.0,2,82449,93812,5.4
GRAD_000346,2023,20,Male,Asian,Top 100,Economics,3.11,1,No,0,Retail,Phoenix,Small,MBA,6.0,80.0,1,55628,90916,2.8
GRAD_000347,2017,22,Male,White,Regional,Data Science,3.05,0,No,2,Non-profit,Atlanta,Large,None,3.0,20.0,7,55989,79980,7.1
GRAD_000348,2015,24,Female,White,Top 100,Chemistry,3.06,1,No,2,Manufacturing,Washington DC,Large,MBA,2.0,40.0,9,80994,136792,8.8
GRAD_000349,2017,21,Male,White,Regional,Data Science,2.83,0,Yes,2,Manufacturing,Atlanta,Small,None,0.0,0.0,7,82646,103487,7.6
GRAD_000350,2022,24,Female,White,Top 100,Engineering,2.52,0,No,0,Finance,Portland,Medium,None,3.0,20.0,2,132938,156294,10.0
GRAD_000351,2022,23,Female,Black,Top 100,Political Science,2.96,1,No,1,Real Estate,Portland,Small,None,0.0,60.0,2,58274,59375,2.7
GRAD_000352,2018,25,Male,Asian,Regional,Communications,3.44,2,,2,Consulting,Chicago,Large,None,3.0,20.0,6,80266,116080,7.5
GRAD_000353,2016,22,Male,Hispanic,Regional,Chemistry,2.96,3,No,2,Media,San Francisco,Fortune 500,Masters,0.0,40.0,8,94112,173442,7.5
GRAD_000354,2022,23,Female,Asian,Top 50,Engineering,3.14,0,No,0,Retail,Austin,Startup,None,1.0,,2,82061,90076,4.2
GRAD_000355,2017,23,Female,White,Top 100,Psychology,2.82,1,Yes,3,Real Estate,Los Angeles,Medium,None,2.0,20.0,7,69348,108959,8.5
GRAD_000356,2017,24,Female,White,Top 10,Liberal Arts,3.35,2,No,2,Technology,Los Angeles,Large,Masters,2.0,40.0,7,99691,147670,6.8
GRAD_000357,2016,23,Female,Hispanic,Top 50,Business,3.91,3,No,1,Energy,Seattle,Large,None,1.0,0.0,8,117442,152555,6.7
GRAD_000358,2023,24,Female,Asian,Top 50,Marketing,3.5,1,No,4,Retail,Phoenix,Large,None,2.0,20.0,1,56396,61434,4.6
GRAD_000359,2018,21,Male,Hispanic,Top 10,Data Science,3.21,0,Yes,1,Government,Denver,Startup,None,1.0,40.0,6,103328,140567,5.0
GRAD_000360,2017,22,Male,Other,Top 50,Marketing,3.44,4,,0,Energy,Phoenix,Large,MD,1.0,20.0,7,95203,197056,8.5
GRAD_000361,2023,20,Male,White,Regional,Biology,3.71,2,No,2,Real Estate,Los Angeles,Fortune 500,None,2.0,60.0,1,91347,103171,4.6
GRAD_000362,2018,22,Male,Other,Regional,Computer Science,3.65,0,Yes,2,Energy,Seattle,Medium,None,0.0,40.0,6,128494,160888,7.7
GRAD_000363,2021,21,Male,White,Regional,Liberal Arts,3.69,1,No,0,Government,Atlanta,Small,Masters,1.0,20.0,3,51041,70574,4.7
GRAD_000364,2017,22,Male,Black,Regional,Communications,3.38,2,No,1,Government,Philadelphia,Large,MBA,4.0,0.0,7,55717,120896,8.4
GRAD_000365,2021,23,Female,White,Regional,Engineering,3.92,4,No,0,Non-profit,Denver,Fortune 500,None,3.0,0.0,3,77916,91172,7.0
GRAD_000366,2017,23,Male,Asian,Regional,Engineering,3.18,0,No,0,Energy,Philadelphia,Large,None,2.0,,7,98455,134413,6.1
GRAD_000367,2021,23,Female,Hispanic,Regional,Business,3.81,3,,0,Retail,Seattle,Startup,MBA,2.0,0.0,3,101066,146282,7.0
GRAD_000368,2019,22,Female,Hispanic,Regional,Business,3.55,2,No,3,Manufacturing,Atlanta,Small,PhD,2.0,0.0,5,60187,102804,9.9
GRAD_000369,2022,22,Female,White,Regional,Economics,3.07,3,No,2,Technology,New York,Medium,MBA,1.0,40.0,2,149218,199998,6.6
GRAD_000370,2021,20,Male,White,Top 50,Data Science,2.69,1,Yes,2,Energy,Dallas,Large,None,1.0,80.0,3,116600,144041,7.9
GRAD_000371,2023,20,Male,Hispanic,Top 10,Marketing,3.37,1,No,0,Healthcare,San Francisco,Medium,None,1.0,0.0,1,115366,125943,7.9
GRAD_000372,2018,20,Male,Asian,Top 50,Psychology,2.73,3,Yes,0,Education,Dallas,Small,None,1.0,80.0,6,47227,61054,6.5
GRAD_000373,2022,21,Male,White,Regional,Economics,3.38,1,No,1,Non-profit,Los Angeles,Large,None,2.0,0.0,2,56799,67197,8.5
GRAD_000374,2023,23,Female,White,Top 100,Liberal Arts,2.96,3,No,1,Non-profit,Denver,Fortune 500,None,3.0,0.0,1,47035,55941,3.7
GRAD_000375,2018,20,Female,White,Top 100,Computer Science,3.58,1,No,0,Consulting,Phoenix,Fortune 500,None,1.0,0.0,6,107417,144275,5.9
GRAD_000376,2018,21,Female,Black,Top 100,Business,2.83,2,No,2,Retail,Atlanta,Medium,Masters,1.0,0.0,6,59404,90527,7.5
GRAD_000377,2022,21,Male,Hispanic,Regional,Data Science,3.97,1,No,2,Education,Denver,Startup,None,3.0,0.0,2,72588,91124,6.1
GRAD_000378,2019,24,Male,Black,Regional,Business,3.39,2,,1,Retail,Miami,Large,MD,4.0,0.0,5,63728,137383,8.3
GRAD_000379,2019,22,Female,White,Top 10,Data Science,2.7,2,No,0,Real Estate,Chicago,Fortune 500,MBA,3.0,80.0,5,138620,234514,9.5
GRAD_000380,2020,22,Female,Asian,Top 50,Mathematics,3.57,1,Yes,0,Energy,Los Angeles,Large,None,4.0,40.0,4,119399,159416,6.4
GRAD_000381,2023,23,Male,White,Top 100,Finance,2.74,2,No,0,Transportation,Miami,Small,Masters,3.0,100.0,1,95278,125761,8.9
GRAD_000382,2016,24,Female,Asian,Top 50,Business,3.5,2,No,3,Real Estate,Phoenix,Startup,None,2.0,40.0,8,69320,91135,5.4
GRAD_000383,2019,22,Male,Black,Top 50,Engineering,3.01,2,Yes,0,Manufacturing,Dallas,Large,None,1.0,20.0,5,85708,117519,8.5
GRAD_000384,2016,20,Female,Hispanic,Top 10,Business,4.0,1,No,0,Government,Los Angeles,Startup,None,0.0,0.0,8,108997,155294,3.8
GRAD_000385,2023,22,Male,Black,Regional,Marketing,3.28,0,No,0,Education,Denver,Medium,None,3.0,0.0,1,57985,70349,5.9
GRAD_000386,2016,24,Male,White,Top 50,Economics,2.54,0,No,0,Government,New York,Small,Masters,1.0,20.0,8,115985,176800,7.9
GRAD_000387,2016,23,Male,Asian,Top 100,Finance,3.24,2,No,1,Retail,Denver,Small,None,0.0,0.0,8,80806,138695,7.1
GRAD_000388,2023,22,Female,White,Regional,Engineering,2.95,0,Yes,0,Energy,Seattle,Fortune 500,PhD,3.0,,1,118351,146776,9.8
GRAD_000389,2020,23,Female,Hispanic,Top 50,Computer Science,3.81,3,No,0,Technology,Los Angeles,Large,None,1.0,60.0,4,186745,214586,7.2
GRAD_000390,2022,20,Male,Asian,Regional,Chemistry,3.41,3,No,1,Finance,Boston,Large,MBA,2.0,60.0,2,112565,157898,8.2
GRAD_000391,2019,20,Male,Asian,Top 100,Computer Science,3.15,3,No,1,Consulting,Seattle,Medium,None,2.0,60.0,5,174721,224331,5.4
GRAD_000392,2019,23,Male,Asian,Regional,Marketing,3.45,1,No,2,Consulting,Denver,Medium,None,4.0,40.0,5,95784,137160,7.7
GRAD_000393,2023,24,Male,Hispanic,Top 50,Liberal Arts,3.6,0,,2,Manufacturing,Portland,Small,MD,3.0,20.0,1,63654,109963,7.5
GRAD_000394,2023,21,Male,White,Regional,Biology,3.58,2,No,0,Energy,Chicago,Medium,None,3.0,80.0,1,74539,86089,4.9
GRAD_000395,2020,22,Male,White,Top 10,Computer Science,2.52,5,No,3,Transportation,San Francisco,Small,PhD,1.0,100.0,4,176906,242243,7.6
GRAD_000396,2023,23,Female,Black,Top 100,Engineering,3.78,2,No,1,Energy,San Francisco,Medium,None,3.0,0.0,1,144032,148577,9.1
GRAD_000397,2022,24,Female,Asian,Top 100,Data Science,2.66,2,No,0,Non-profit,Washington DC,Medium,None,3.0,0.0,2,88262,104893,8.7
GRAD_000398,2020,22,Female,Hispanic,Top 10,Data Science,3.68,1,No,1,Non-profit,Seattle,Large,None,1.0,40.0,4,100795,121946,8.4
GRAD_000399,2023,23,Male,Asian,Top 100,Communications,3.09,1,No,1,Healthcare,Austin,Medium,JD,0.0,60.0,1,68586,93512,3.2
GRAD_000400,2017,25,Male,White,Top 100,Computer Science,3.18,3,No,1,Retail,Phoenix,Small,None,1.0,60.0,7,74165,106907,5.1
GRAD_000401,2023,22,Male,Other,Top 50,Political Science,3.2,2,No,1,Healthcare,Chicago,Medium,None,0.0,60.0,1,70558,73464,4.9
GRAD_000402,2018,22,Female,Asian,Top 50,Computer Science,3.34,3,,4,Consulting,Dallas,Startup,None,2.0,100.0,6,143233,186681,9.2
GRAD_000403,2015,20,Female,White,Top 100,Computer Science,3.74,1,No,1,Non-profit,Boston,Medium,None,4.0,20.0,9,104664,153462,7.5
GRAD_000404,2022,20,Male,Other,Top 50,Computer Science,3.75,3,Yes,2,Transportation,Boston,Startup,Masters,2.0,60.0,2,155339,201783,7.8
GRAD_000405,2023,23,Male,Other,Top 100,Liberal Arts,3.37,5,No,0,Consulting,Washington DC,Small,Masters,1.0,60.0,1,93122,116504,6.6
GRAD_000406,2017,24,Female,White,Regional,Business,3.59,4,Yes,4,Media,Chicago,Fortune 500,None,1.0,80.0,7,71990,94543,6.8
GRAD_000407,2020,24,Female,Other,Regional,Engineering,3.22,1,Yes,1,Real Estate,Philadelphia,Medium,PhD,2.0,40.0,4,88528,130117,5.2
GRAD_000408,2021,20,Female,Asian,Regional,Engineering,3.18,1,No,3,Education,Austin,Medium,None,0.0,0.0,3,74240,83471,9.6
GRAD_000409,2018,22,Male,White,Regional,Political Science,3.6,2,No,1,Education,Philadelphia,Fortune 500,Masters,1.0,60.0,6,45330,67429,7.0
GRAD_000410,2016,23,Male,Other,Top 100,Mathematics,3.66,2,Yes,0,Healthcare,San Francisco,Medium,Masters,2.0,20.0,8,116268,222427,8.3
GRAD_000411,2019,20,Male,White,Top 100,Engineering,3.09,2,No,0,Real Estate,Philadelphia,Startup,None,1.0,60.0,5,99914,126500,5.9
GRAD_000412,2019,23,Male,Asian,Top 50,Computer Science,3.87,2,Yes,0,Manufacturing,Phoenix,Medium,Masters,,40.0,5,107051,168001,9.5
GRAD_000413,2021,25,Male,Hispanic,Regional,Finance,3.76,0,No,1,Real Estate,Denver,Startup,None,4.0,0.0,3,92317,119137,8.2
GRAD_000414,2017,24,Male,Hispanic,Regional,Biology,2.68,3,No,1,Finance,Denver,Large,None,3.0,0.0,7,92473,143690,1.7
GRAD_000415,2022,20,Male,White,Regional,Mathematics,3.0,0,No,1,Healthcare,New York,Startup,None,1.0,40.0,2,108392,119967,3.5
GRAD_000416,2020,23,Male,White,Top 50,Finance,3.08,1,No,1,Transportation,Denver,Medium,None,4.0,60.0,4,95662,121147,6.8
GRAD_000417,2023,22,Male,White,Regional,Chemistry,3.17,4,Yes,1,Energy,Dallas,Small,Masters,1.0,100.0,1,73136,92695,6.0
GRAD_000418,2020,22,Female,White,Regional,Liberal Arts,2.92,2,,5,Technology,Chicago,Fortune 500,None,1.0,40.0,4,76088,90189,1.7
GRAD_000419,2019,22,Male,Black,Regional,Liberal Arts,3.24,3,,1,Consulting,Los Angeles,Large,None,1.0,60.0,5,88350,123375,6.4
GRAD_000420,2018,22,Female,Black,Regional,Business,3.37,0,No,0,Government,Denver,Large,None,1.0,60.0,6,74687,96802,3.6
GRAD_000421,2016,20,Male,Asian,Regional,Business,3.9,0,No,1,Consulting,Atlanta,Large,None,3.0,,8,94729,152078,8.5
GRAD_000422,2018,22,Female,Black,Top 50,Liberal Arts,3.68,0,No,0,Healthcare,New York,Large,None,,60.0,6,96742,123337,7.3
GRAD_000423,2019,23,Other,White,Top 100,Liberal Arts,4.0,2,Yes,1,Energy,Austin,Large,MBA,1.0,0.0,5,89404,137437,9.4
GRAD_000424,2020,21,Male,Hispanic,Top 50,Chemistry,2.85,0,No,1,Technology,Phoenix,Fortune 500,Masters,1.0,40.0,4,92400,134732,7.9
GRAD_000425,2022,24,Male,Asian,Regional,Economics,3.35,0,No,1,Real Estate,Austin,Startup,None,2.0,100.0,2,75900,90922,3.5
GRAD_000426,2019,20,Male,Asian,Top 50,Data Science,3.25,2,No,1,Finance,Miami,Large,None,3.0,60.0,5,122453,157913,6.8
GRAD_000427,2018,20,Male,White,Top 50,Business,3.26,1,No,3,Consulting,Seattle,Large,None,1.0,40.0,6,137095,170952,5.6
GRAD_000428,2022,22,Female,White,Top 50,Computer Science,3.1,0,Yes,1,Real Estate,Chicago,Startup,JD,2.0,20.0,2,119706,177623,4.3
GRAD_000429,2021,21,Female,White,Top 100,Marketing,3.14,0,No,0,Education,Portland,Large,None,1.0,40.0,3,56973,66582,6.1
GRAD_000430,2018,23,Female,White,Top 100,Business,3.16,4,Yes,2,Transportation,Seattle,Medium,None,5.0,20.0,6,102516,131950,4.7
GRAD_000431,2016,21,Female,White,Top 100,Chemistry,3.56,2,No,0,Manufacturing,New York,Large,None,3.0,60.0,8,98434,131050,7.2
GRAD_000432,2018,24,Female,Asian,Top 50,Psychology,3.42,0,No,1,Consulting,New York,Large,Masters,4.0,60.0,6,118751,187131,6.8
GRAD_000433,2016,21,Male,Hispanic,Top 100,Business,3.06,3,No,1,Technology,Portland,Large,MBA,1.0,20.0,8,123678,208276,8.0
GRAD_000434,2023,22,Male,White,Regional,Business,3.63,1,No,0,Non-profit,Miami,Fortune 500,None,1.0,0.0,1,49744,54854,5.0
GRAD_000435,2020,20,Male,White,Regional,Computer Science,2.76,1,Yes,1,Finance,Boston,Large,None,1.0,40.0,4,166585,216623,7.4
GRAD_000436,2022,22,Male,Black,Top 100,Business,3.58,0,Yes,1,Healthcare,Boston,Medium,MBA,4.0,80.0,2,100227,150265,6.8
GRAD_000437,2022,22,Female,White,Top 50,Computer Science,3.47,1,Yes,2,Retail,Portland,Large,None,2.0,0.0,2,106729,116239,6.5
GRAD_000438,2016,24,Male,White,Regional,Chemistry,2.95,0,Yes,0,Finance,Los Angeles,Medium,None,1.0,0.0,8,94302,153178,4.1
GRAD_000439,2019,20,Male,White,Top 50,Data Science,3.38,4,No,0,Education,Dallas,Fortune 500,MBA,1.0,0.0,5,88947,155692,9.8
GRAD_000440,2023,22,Male,White,Regional,Computer Science,2.93,2,No,0,Manufacturing,Seattle,Small,None,0.0,40.0,1,130181,135696,6.4
GRAD_000441,2017,24,Female,White,Top 50,Political Science,3.46,0,No,0,Non-profit,San Francisco,Fortune 500,None,0.0,60.0,7,68941,106245,6.7
GRAD_000442,2015,24,Female,Hispanic,Regional,Political Science,2.74,0,No,0,Consulting,Atlanta,Small,None,2.0,80.0,9,59320,86087,4.5
GRAD_000443,2018,21,Female,White,Top 50,Business,3.46,1,Yes,1,Technology,Seattle,Small,Masters,2.0,0.0,6,118634,190681,7.1
GRAD_000444,2020,21,Female,White,Top 100,Chemistry,2.56,2,No,0,Transportation,Phoenix,Fortune 500,None,1.0,0.0,4,55795,69087,3.8
GRAD_000445,2015,20,Female,White,Regional,Engineering,3.46,1,No,0,Finance,Denver,Large,None,1.0,0.0,9,100323,146642,6.2
GRAD_000446,2019,20,Male,Black,Top 10,Biology,2.88,2,Yes,1,Retail,Dallas,Small,None,5.0,40.0,5,75596,108999,4.6
GRAD_000447,2017,21,Male,White,Top 100,Liberal Arts,3.37,1,No,2,Finance,Denver,Medium,MBA,3.0,0.0,7,86274,149681,5.4
GRAD_000448,2017,21,Male,White,Top 100,Psychology,3.64,1,No,1,Healthcare,Austin,Large,Masters,1.0,60.0,7,70130,121379,7.3
GRAD_000449,2017,25,Female,White,Top 100,Biology,2.88,2,No,2,Retail,Miami,Fortune 500,None,2.0,60.0,7,50706,81897,4.5
GRAD_000450,2016,23,Female,Asian,Top 10,Engineering,2.39,0,Yes,1,Energy,San Francisco,Medium,Masters,2.0,20.0,8,155999,240480,6.9
GRAD_000451,2015,22,Male,White,Regional,Economics,2.8,1,No,1,Retail,Portland,Large,None,1.0,40.0,9,64321,91986,5.9
GRAD_000452,2020,23,Male,Asian,Top 100,Engineering,3.12,1,No,2,Transportation,Philadelphia,Fortune 500,None,3.0,0.0,4,87124,122541,4.5
GRAD_000453,2023,24,Male,White,Top 50,Engineering,2.87,1,Yes,0,Real Estate,Portland,Medium,None,1.0,100.0,1,96636,105241,6.2
GRAD_000454,2022,24,Male,White,Top 50,Data Science,2.64,1,No,1,Non-profit,Dallas,Large,JD,2.0,0.0,2,63970,94834,4.2
GRAD_000455,2022,22,Male,White,Regional,Marketing,2.91,2,Yes,1,Consulting,Phoenix,Large,Masters,1.0,0.0,2,79301,104692,8.1
GRAD_000456,2021,22,Male,White,Top 50,Liberal Arts,3.71,0,No,2,Education,San Francisco,Small,None,0.0,0.0,3,70394,83536,6.0
GRAD_000457,2023,22,Male,Asian,Regional,Data Science,3.81,0,No,3,Real Estate,Phoenix,Fortune 500,PhD,1.0,60.0,1,98642,126669,6.6
GRAD_000458,2023,22,Female,Hispanic,Top 10,Psychology,2.79,0,No,2,Government,Portland,Fortune 500,None,3.0,20.0,1,83527,93487,6.5
GRAD_000459,2022,21,Female,White,Regional,Political Science,3.48,1,Yes,2,Technology,Chicago,Small,MBA,2.0,100.0,2,91074,121195,9.1
GRAD_000460,2021,24,Male,Other,Top 10,Marketing,3.45,3,No,1,Non-profit,Boston,Small,None,3.0,,3,80513,100345,10.0
GRAD_000461,2018,22,Female,White,Top 100,Communications,2.96,1,No,1,Government,Los Angeles,Startup,JD,1.0,0.0,6,70373,123248,8.1
GRAD_000462,2016,20,Female,White,Regional,Marketing,4.0,1,No,1,Energy,Chicago,Fortune 500,None,1.0,0.0,8,99492,141470,7.5
GRAD_000463,2016,22,Female,Hispanic,Regional,Engineering,3.24,1,No,1,Media,Denver,Small,None,1.0,80.0,8,85578,110466,8.8
GRAD_000464,2021,23,Male,Asian,Regional,Computer Science,3.32,1,No,0,Retail,Los Angeles,Fortune 500,None,3.0,60.0,3,108685,135419,6.9
GRAD_000465,2015,20,Male,Asian,Regional,Biology,2.66,1,No,2,Energy,New York,Startup,None,2.0,60.0,9,101452,143750,6.1
GRAD_000466,2022,22,Male,Hispanic,Regional,Communications,3.5,3,No,1,Consulting,Washington DC,Medium,MD,1.0,40.0,2,73440,122022,5.7
GRAD_000467,2018,21,Male,Other,Regional,Business,2.65,4,No,0,Government,Seattle,Medium,None,2.0,0.0,6,91650,124586,5.3
GRAD_000468,2017,25,Male,White,Top 10,Computer Science,3.36,4,No,2,Retail,Austin,Medium,None,1.0,0.0,7,117451,154704,5.7
GRAD_000469,2019,22,Female,White,Top 100,Computer Science,3.1,2,No,0,Transportation,Los Angeles,Medium,JD,1.0,100.0,5,112882,193407,8.0
GRAD_000470,2021,24,Male,Asian,Top 50,Political Science,3.06,0,No,3,Energy,San Francisco,Small,MBA,2.0,20.0,3,115925,165246,7.2
GRAD_000471,2018,22,Female,White,Top 100,Data Science,3.05,2,No,1,Real Estate,Los Angeles,Large,None,1.0,60.0,6,122897,141708,7.4
GRAD_000472,2017,23,Female,White,Top 50,Chemistry,3.78,2,No,1,Finance,New York,Fortune 500,MBA,1.0,100.0,7,128516,209414,7.9
GRAD_000473,2021,22,Other,White,Regional,Engineering,3.63,0,No,1,Energy,Seattle,Medium,Masters,2.0,40.0,3,120585,169537,6.7
GRAD_000474,2023,22,Female,White,Top 100,Psychology,3.59,3,No,2,Media,New York,Large,None,0.0,20.0,1,93462,96316,1.3
GRAD_000475,2020,22,Female,Asian,Top 50,Business,3.28,0,No,1,Consulting,Austin,Medium,None,1.0,40.0,4,97190,109791,5.6
GRAD_000476,2020,21,Female,Asian,Top 100,Engineering,2.97,0,No,2,Manufacturing,Washington DC,Fortune 500,PhD,1.0,0.0,4,96587,126878,4.7
GRAD_000477,2022,22,Male,Asian,Top 100,Communications,3.09,2,Yes,1,Manufacturing,Philadelphia,Large,None,3.0,80.0,2,56717,72845,3.7
GRAD_000478,2021,20,Female,White,Top 100,Chemistry,3.06,3,No,1,Government,Atlanta,Medium,Masters,4.0,0.0,3,74980,108765,6.9
GRAD_000479,2015,22,Female,Other,Top 50,Psychology,3.41,1,No,1,Manufacturing,San Francisco,Large,None,0.0,0.0,9,96583,134293,8.1
GRAD_000480,2018,20,Female,White,Regional,Communications,3.41,2,No,0,Media,Dallas,Small,MBA,4.0,,6,48911,93686,4.9
GRAD_000481,2023,22,Male,Asian,Top 10,Liberal Arts,3.3,1,No,2,Transportation,San Francisco,Fortune 500,None,3.0,80.0,1,100672,114172,5.3
GRAD_000482,2023,22,Female,White,Top 50,Computer Science,3.63,1,No,0,Energy,Boston,Medium,None,2.0,40.0,1,157962,164630,6.2
GRAD_000483,2020,24,Female,White,Top 100,Communications,3.2,1,No,1,Manufacturing,Phoenix,Fortune 500,None,5.0,80.0,4,49318,76855,8.5
GRAD_000484,2020,22,Female,Hispanic,Regional,Computer Science,3.47,1,No,0,Government,Dallas,Small,MD,2.0,60.0,4,80181,142946,6.9
GRAD_000485,2015,22,Female,Hispanic,Top 10,Political Science,2.86,2,No,1,Finance,Chicago,Medium,None,2.0,20.0,9,95847,126990,5.7
GRAD_000486,2021,21,Male,Hispanic,Regional,Chemistry,3.98,2,No,7,Finance,Portland,Fortune 500,None,0.0,60.0,3,110303,133679,5.8
GRAD_000487,2017,23,Female,Hispanic,Top 50,Chemistry,3.64,1,No,2,Finance,San Francisco,Medium,Masters,3.0,40.0,7,135704,220069,3.9
GRAD_000488,2016,22,Male,White,Top 50,Business,3.02,1,No,0,Consulting,Dallas,Fortune 500,None,4.0,40.0,8,88851,141922,6.3
GRAD_000489,2018,21,Female,Asian,Top 10,Economics,3.61,0,No,0,Transportation,Miami,Medium,Masters,3.0,60.0,6,97631,149269,8.9
GRAD_000490,2021,22,Female,Hispanic,Top 100,Liberal Arts,3.6,0,No,1,Energy,San Francisco,Large,MBA,,80.0,3,102781,147345,9.1
GRAD_000491,2019,20,Other,Asian,Regional,Marketing,2.71,2,Yes,3,Government,New York,Fortune 500,None,2.0,20.0,5,97758,129355,6.8
GRAD_000492,2018,22,Male,Other,Top 100,Business,3.66,1,No,1,Retail,Chicago,Large,None,1.0,20.0,6,72079,91996,3.5
GRAD_000493,2021,21,Female,Asian,Regional,Biology,2.93,3,No,0,Technology,Denver,Large,MBA,1.0,40.0,3,89360,120052,4.6
GRAD_000494,2022,22,Female,Asian,Top 100,Liberal Arts,3.51,2,Yes,0,Finance,Phoenix,Fortune 500,MBA,2.0,60.0,2,59177,79855,4.5
GRAD_000495,2022,25,Female,Other,Top 10,Communications,3.92,1,No,2,Real Estate,San Francisco,Fortune 500,None,4.0,20.0,2,108183,122617,7.3
GRAD_000496,2019,21,Male,White,Regional,Communications,3.43,0,No,0,Healthcare,Portland,Medium,None,2.0,20.0,5,65218,90482,5.6
GRAD_000497,2021,23,Other,Other,Regional,Economics,4.0,1,No,1,Finance,Chicago,Small,MD,1.0,0.0,3,101350,179585,7.6
GRAD_000498,2023,24,Female,White,Regional,Engineering,3.58,5,No,1,Energy,Boston,Large,None,2.0,0.0,1,124625,131172,7.2
GRAD_000499,2023,23,Female,Asian,Top 50,Engineering,3.26,2,No,2,Healthcare,San Francisco,Fortune 500,None,3.0,100.0,1,159989,167868,7.5
GRAD_000500,2019,23,Female,White,Regional,Data Science,3.25,0,No,1,Consulting,New York,Large,None,3.0,20.0,5,154424,187674,5.3
GRAD_000501,2018,20,Female,White,Regional,Communications,3.44,3,No,2,Transportation,Seattle,Medium,None,1.0,40.0,6,81310,102938,9.7
GRAD_000502,2023,21,Female,White,Regional,Computer Science,3.29,1,No,2,Technology,Chicago,Large,None,3.0,60.0,1,143503,151327,6.6
GRAD_000503,2017,20,Female,White,Top 100,Computer Science,2.7,2,No,0,Energy,Los Angeles,Large,None,4.0,80.0,7,137696,187946,8.7
GRAD_000504,2022,21,Female,Asian,Top 50,Engineering,3.17,0,No,0,Healthcare,Seattle,Large,None,1.0,20.0,2,141710,146777,8.9
GRAD_000505,2023,21,Female,Asian,Top 50,Chemistry,3.02,2,,0,Consulting,Philadelphia,Fortune 500,JD,3.0,100.0,1,105370,149443,7.9
GRAD_000506,2021,21,Female,Black,Top 100,Business,3.59,3,No,2,Energy,Dallas,Fortune 500,Masters,2.0,20.0,3,93146,121582,4.5
GRAD_000507,2021,23,Male,White,Regional,Mathematics,3.04,4,No,1,Manufacturing,Miami,Large,None,3.0,0.0,3,73296,93663,5.5
GRAD_000508,2015,21,Female,Hispanic,Top 100,Biology,3.45,1,No,0,Education,Miami,Medium,None,4.0,20.0,9,55084,100206,9.9
GRAD_000509,2017,21,Female,White,Top 100,Communications,3.34,0,No,0,Transportation,Dallas,Large,MBA,2.0,100.0,7,46988,74492,5.5
GRAD_000510,2021,20,Male,Black,Top 100,Biology,3.19,0,Yes,1,Healthcare,Los Angeles,Medium,None,0.0,0.0,3,90943,100013,7.2
GRAD_000511,2022,22,Male,Asian,Regional,Engineering,3.07,0,No,0,Healthcare,San Francisco,Large,None,1.0,20.0,2,120340,137075,9.6
GRAD_000512,2015,22,Female,Hispanic,Top 10,Psychology,3.33,2,No,0,Media,Phoenix,Large,Masters,6.0,60.0,9,62308,110822,5.4
GRAD_000513,2015,21,Male,White,Regional,Marketing,3.32,2,No,1,Energy,Atlanta,Large,Masters,2.0,,9,85819,137723,7.6
GRAD_000514,2018,23,Male,White,Regional,Data Science,3.03,1,No,0,Finance,Chicago,Startup,Masters,2.0,0.0,6,135701,236622,7.1
GRAD_000515,2021,22,Female,White,Regional,Engineering,3.21,4,No,0,Healthcare,Portland,Fortune 500,Masters,2.0,40.0,3,108338,151619,6.6
GRAD_000516,2020,23,Male,White,Regional,Business,3.2,3,,0,Real Estate,Atlanta,Small,None,,0.0,4,79577,95282,6.9
GRAD_000517,2015,23,Female,Hispanic,Top 100,Finance,3.47,0,No,2,Transportation,Miami,Medium,None,,80.0,9,81637,104586,5.1
GRAD_000518,2016,23,Male,White,Top 100,Data Science,3.31,1,No,3,Government,Philadelphia,Fortune 500,None,1.0,40.0,8,91378,136464,7.8
GRAD_000519,2022,25,Female,White,Top 50,Communications,3.38,1,No,0,Energy,Portland,Medium,MBA,1.0,100.0,2,70902,98908,8.5
GRAD_000520,2018,22,Female,White,Regional,Marketing,3.33,0,No,1,Technology,Denver,Large,PhD,1.0,100.0,6,99017,153424,6.4
GRAD_000521,2016,21,Female,Asian,Top 50,Economics,3.17,0,No,0,Non-profit,Austin,Medium,JD,2.0,40.0,8,65557,117745,9.3
GRAD_000522,2015,21,Female,White,Top 100,Political Science,3.12,1,No,0,Real Estate,Chicago,Fortune 500,Masters,4.0,0.0,9,68829,141455,5.8
GRAD_000523,2022,21,Male,Asian,Regional,Business,3.74,3,No,0,Manufacturing,Dallas,Small,Masters,3.0,0.0,2,87018,117087,7.0
GRAD_000524,2019,21,Female,Asian,Top 50,Computer Science,3.02,2,Yes,2,Education,Boston,Medium,None,2.0,80.0,5,116143,162735,5.7
GRAD_000525,2020,20,Female,Hispanic,Top 50,Computer Science,3.89,1,Yes,1,Technology,Denver,Fortune 500,None,2.0,60.0,4,176720,195367,7.2
GRAD_000526,2015,22,Female,White,Top 100,Business,3.89,1,Yes,1,Media,New York,Large,MBA,3.0,40.0,9,94179,215639,5.9
GRAD_000527,2019,22,Female,White,Regional,Engineering,3.07,0,Yes,0,Retail,Boston,Medium,None,4.0,20.0,5,85712,120420,6.7
GRAD_000528,2021,25,Male,White,Top 100,Data Science,3.5,2,Yes,0,Retail,Boston,Large,None,3.0,0.0,3,98992,125376,7.3
GRAD_000529,2016,25,Female,Hispanic,Top 50,Economics,3.49,1,No,1,Energy,Washington DC,Large,PhD,0.0,100.0,8,131497,197123,7.9
GRAD_000530,2023,23,Female,White,Top 50,Biology,3.56,2,No,0,Non-profit,Chicago,Small,None,1.0,60.0,1,60098,64967,6.1
GRAD_000531,2022,23,Male,White,Top 50,Biology,3.45,0,No,1,Technology,Chicago,Large,MBA,6.0,60.0,2,106525,165606,10.0
GRAD_000532,2022,21,Female,Asian,Top 100,Engineering,2.96,4,No,0,Transportation,Portland,Medium,Masters,0.0,0.0,2,94329,106727,9.1
GRAD_000533,2020,22,Male,Asian,Top 10,Marketing,3.81,3,Yes,1,Government,Portland,Startup,Masters,4.0,100.0,4,112931,173039,5.5
GRAD_000534,2018,22,Female,Asian,Regional,Business,3.89,4,No,2,Energy,Atlanta,Small,Masters,2.0,40.0,6,105053,172110,6.5
GRAD_000535,2021,22,Female,White,Regional,Business,3.11,1,No,1,Transportation,Dallas,Large,None,1.0,0.0,3,56017,63950,2.8
GRAD_000536,2017,21,Female,White,Regional,Engineering,3.04,2,No,1,Transportation,Seattle,Fortune 500,None,0.0,40.0,7,90590,140191,5.7
GRAD_000537,2016,23,Female,White,Regional,Economics,2.59,0,No,0,Education,Dallas,Fortune 500,Masters,1.0,0.0,8,50932,95869,7.5
GRAD_000538,2020,20,Female,White,Top 100,Engineering,3.47,0,No,2,Manufacturing,Seattle,Medium,None,1.0,40.0,4,102888,120269,6.4
GRAD_000539,2019,27,Female,Asian,Top 100,Data Science,3.22,2,Yes,0,Education,Portland,Startup,None,2.0,100.0,5,89247,116431,10.0
GRAD_000540,2016,24,Male,White,Top 100,Engineering,2.89,0,No,0,Non-profit,Washington DC,Medium,None,0.0,0.0,8,83939,139775,9.8
GRAD_000541,2020,24,Male,Other,Top 10,Finance,3.36,6,No,1,Media,Miami,Large,None,1.0,80.0,4,112102,139389,7.6
GRAD_000542,2020,20,Female,White,Top 50,Mathematics,3.01,3,No,1,Manufacturing,Seattle,Fortune 500,None,2.0,40.0,4,106835,132007,3.9
GRAD_000543,2022,20,Female,White,Top 100,Political Science,3.46,1,No,1,Real Estate,Miami,Large,MD,1.0,80.0,2,71999,120497,9.1
GRAD_000544,2022,22,Male,Hispanic,Regional,Psychology,3.06,3,No,0,Education,Portland,Small,Masters,3.0,,2,46678,67066,8.7
GRAD_000545,2017,22,Male,White,Regional,Psychology,3.02,2,No,1,Retail,Phoenix,Small,None,0.0,0.0,7,47861,64810,4.9
GRAD_000546,2022,25,Female,White,Regional,Finance,3.33,1,No,2,Education,Dallas,Large,None,2.0,80.0,2,56033,64267,7.7
GRAD_000547,2023,23,Female,White,Top 100,Business,3.17,3,No,0,Healthcare,Los Angeles,Large,MBA,3.0,60.0,1,115190,150863,8.3
GRAD_000548,2021,22,Male,White,Top 50,Biology,2.79,1,No,2,Healthcare,Portland,Small,None,1.0,40.0,3,78249,89161,7.5
GRAD_000549,2022,24,Male,Asian,Top 100,Business,3.71,0,Yes,1,Transportation,Boston,Small,Masters,0.0,40.0,2,104542,130517,7.4
GRAD_000550,2017,22,Female,Asian,Regional,Finance,3.17,2,No,0,Transportation,New York,Fortune 500,Masters,1.0,0.0,7,110953,161407,8.1
GRAD_000551,2023,22,Female,White,Regional,Chemistry,3.6,2,No,1,Government,Portland,Medium,Masters,2.0,80.0,1,68883,83501,8.0
GRAD_000552,2017,24,Female,White,Top 100,Business,3.4,2,Yes,1,Consulting,Washington DC,Small,Masters,0.0,80.0,7,105340,179664,6.3
GRAD_000553,2022,21,Female,Asian,Regional,Computer Science,2.64,0,No,0,Healthcare,Dallas,Large,None,,40.0,2,95572,99129,5.2
GRAD_000554,2019,24,Female,Hispanic,Regional,Marketing,3.48,2,Yes,0,Education,Portland,Small,None,2.0,40.0,5,64065,81212,4.7
GRAD_000555,2018,23,Female,White,Top 100,Business,3.16,2,Yes,2,Finance,Philadelphia,Large,MBA,2.0,,6,104082,186220,8.3
GRAD_000556,2018,21,Male,White,Top 100,Computer Science,3.22,0,No,1,Non-profit,Chicago,Small,None,4.0,,6,76396,121594,7.2
GRAD_000557,2019,25,Female,White,Top 100,Economics,4.0,1,Yes,1,Retail,Portland,Large,JD,3.0,80.0,5,89766,141116,9.1
GRAD_000558,2022,21,Female,White,Top 10,Finance,3.47,4,No,0,Healthcare,Philadelphia,Startup,Masters,0.0,0.0,2,136985,159528,9.6
GRAD_000559,2023,20,Female,White,Top 100,Engineering,3.25,3,No,1,Technology,Seattle,Medium,Masters,4.0,40.0,1,138105,170203,6.9
GRAD_000560,2019,21,Female,Asian,Top 10,Data Science,3.15,0,No,2,Non-profit,Phoenix,Large,None,0.0,0.0,5,85178,106409,7.4
GRAD_000561,2021,20,Male,White,Regional,Computer Science,3.98,0,No,2,Non-profit,Austin,Medium,MBA,1.0,20.0,3,75134,111241,8.3
GRAD_000562,2022,22,Female,White,Top 100,Business,3.3,1,No,1,Media,San Francisco,Fortune 500,MBA,,0.0,2,82855,109224,7.2
GRAD_000563,2016,24,Male,White,Top 100,Data Science,3.66,2,No,3,Technology,Austin,Startup,None,2.0,,8,153107,263890,7.6
GRAD_000564,2023,22,Female,Hispanic,Top 10,Economics,3.42,2,No,1,Non-profit,Phoenix,Medium,None,,0.0,1,76558,89416,6.5
GRAD_000565,2017,24,Female,Hispanic,Top 10,Economics,3.36,0,Yes,2,Media,Phoenix,Startup,None,3.0,20.0,7,75526,105008,6.3
GRAD_000566,2023,24,Male,White,Top 50,Chemistry,3.66,0,Yes,0,Technology,Los Angeles,Fortune 500,None,1.0,60.0,1,119181,125801,8.0
GRAD_000567,2023,20,Male,White,Top 100,Chemistry,3.39,3,No,0,Retail,Denver,Medium,Masters,2.0,80.0,1,76058,97941,7.2
GRAD_000568,2016,23,Female,White,Top 100,Chemistry,3.29,1,Yes,1,Energy,Austin,Large,PhD,0.0,,8,76409,112208,6.4
GRAD_000569,2023,21,Female,Other,Top 100,Computer Science,3.48,0,No,0,Media,Phoenix,Startup,MBA,2.0,60.0,1,74011,99243,5.6
GRAD_000570,2021,23,Male,Asian,Top 100,Biology,2.9,0,No,1,Government,Dallas,Medium,None,1.0,20.0,3,61282,70076,5.2
GRAD_000571,2022,22,Male,White,Regional,Political Science,3.46,1,No,4,Finance,Dallas,Fortune 500,PhD,3.0,,2,70818,101978,8.4
GRAD_000572,2016,26,Female,Black,Top 10,Marketing,3.34,4,No,1,Retail,Boston,Large,None,2.0,40.0,8,103905,157375,4.4
GRAD_000573,2022,23,Male,White,Top 100,Liberal Arts,3.13,2,No,2,Energy,Phoenix,Large,None,1.0,60.0,2,65134,72753,4.8
GRAD_000574,2021,23,Female,White,Top 50,Engineering,3.42,1,Yes,4,Government,Portland,Large,None,,0.0,3,99388,108098,9.1
GRAD_000575,2020,24,Female,White,Regional,Business,3.08,1,No,0,Non-profit,Washington DC,Medium,Masters,1.0,0.0,4,65091,98814,4.2
GRAD_000576,2020,20,Female,White,Top 100,Political Science,3.0,1,Yes,0,Manufacturing,Chicago,Medium,None,1.0,40.0,4,71014,85364,3.6
GRAD_000577,2021,24,Other,White,Top 50,Engineering,3.7,1,No,0,Media,Washington DC,Large,None,3.0,60.0,3,100622,119140,5.9
GRAD_000578,2018,22,Male,Asian,Regional,Computer Science,3.59,4,Yes,0,Media,Phoenix,Medium,None,3.0,40.0,6,94400,131288,6.8
GRAD_000579,2023,21,Female,Black,Regional,Communications,3.59,1,No,2,Non-profit,Dallas,Small,Masters,2.0,60.0,1,35811,46862,6.1
GRAD_000580,2018,23,Male,Hispanic,Top 100,Data Science,3.75,1,No,0,Manufacturing,Seattle,Medium,None,3.0,,6,141954,206032,6.7
GRAD_000581,2022,20,Male,Hispanic,Top 50,Liberal Arts,3.54,0,No,0,Non-profit,Seattle,Medium,MBA,,20.0,2,64830,102454,6.4
GRAD_000582,2015,23,Male,Hispanic,Top 100,Mathematics,2.76,0,No,1,Consulting,Boston,Medium,Masters,4.0,60.0,9,113257,183020,8.4
GRAD_000583,2023,22,Male,White,Top 100,Engineering,3.64,1,No,0,Non-profit,Denver,Small,None,3.0,,1,66231,78969,4.9
GRAD_000584,2022,22,Male,White,Top 50,Marketing,3.16,2,No,3,Real Estate,Dallas,Large,None,4.0,0.0,2,69126,87470,6.3
GRAD_000585,2016,20,Female,White,Top 100,Finance,3.12,1,No,4,Non-profit,Chicago,Medium,None,,80.0,8,64685,105793,9.0
GRAD_000586,2021,23,Male,White,Regional,Marketing,3.51,1,No,1,Energy,Dallas,Large,None,1.0,60.0,3,63553,75430,8.5
GRAD_000587,2018,22,Female,Hispanic,Top 100,Biology,3.65,0,Yes,1,Finance,Dallas,Large,MBA,5.0,60.0,6,77389,151230,6.2
GRAD_000588,2019,21,Male,White,Top 50,Business,3.47,1,No,1,Media,Phoenix,Startup,None,2.0,,5,73446,99325,7.4
GRAD_000589,2015,21,Male,Hispanic,Regional,Biology,3.24,3,No,0,Retail,Boston,Large,None,2.0,60.0,9,60703,87066,5.7
GRAD_000590,2017,23,Other,White,Regional,Liberal Arts,3.61,1,Yes,1,Media,Los Angeles,Large,None,2.0,,7,66710,105692,6.1
GRAD_000591,2023,23,Male,White,Top 100,Liberal Arts,3.38,5,Yes,1,Energy,Los Angeles,Medium,MBA,2.0,0.0,1,91505,128381,5.3
GRAD_000592,2019,22,Female,Black,Top 50,Business,3.44,2,No,2,Finance,Boston,Medium,None,1.0,60.0,5,117633,150975,9.2
GRAD_000593,2015,21,Female,Hispanic,Top 10,Political Science,2.95,2,No,0,Media,New York,Large,None,1.0,100.0,9,107972,181747,9.6
GRAD_000594,2020,22,Male,Asian,Regional,Political Science,2.85,0,No,0,Manufacturing,New York,Large,None,2.0,60.0,4,77256,106522,6.9
GRAD_000595,2023,22,Male,White,Regional,Computer Science,3.18,4,Yes,1,Retail,Austin,Fortune 500,None,0.0,0.0,1,95587,101254,5.6
GRAD_000596,2018,24,Male,White,Regional,Finance,2.95,3,No,0,Finance,Philadelphia,Medium,PhD,5.0,60.0,6,108825,173111,8.4
GRAD_000597,2016,20,Female,White,Regional,Business,3.77,0,,0,Technology,Portland,Small,None,3.0,0.0,8,103726,182463,5.8
GRAD_000598,2021,21,Female,Black,Top 50,Communications,2.78,0,No,0,Retail,Phoenix,Medium,None,1.0,0.0,3,45687,56851,4.8
GRAD_000599,2023,25,Female,White,Top 100,Biology,3.05,0,No,1,Education,San Francisco,Large,None,0.0,0.0,1,62896,60328,5.4
GRAD_000600,2022,22,Female,White,Top 100,Economics,2.69,2,No,0,Consulting,Los Angeles,Large,None,2.0,0.0,2,121298,133729,8.6
GRAD_000601,2021,22,Male,Black,Regional,Finance,3.44,1,Yes,0,Transportation,Washington DC,Small,PhD,1.0,80.0,3,97741,133414,8.6
GRAD_000602,2017,23,Female,Asian,Top 50,Biology,3.08,4,No,1,Consulting,Denver,Medium,None,2.0,0.0,7,101041,143996,6.6
GRAD_000603,2022,25,Female,Asian,Top 100,Communications,3.88,2,No,1,Education,Phoenix,Fortune 500,PhD,2.0,,2,50352,68386,6.9
GRAD_000604,2022,20,Female,Hispanic,Top 100,Engineering,3.43,2,Yes,1,Consulting,Philadelphia,Medium,None,1.0,,2,114382,120215,8.5
GRAD_000605,2022,25,Female,Asian,Regional,Business,3.2,1,No,0,Healthcare,Boston,Small,None,2.0,20.0,2,102951,109779,6.0
GRAD_000606,2019,22,Female,White,Regional,Engineering,3.39,0,No,1,Government,Washington DC,Medium,None,2.0,40.0,5,84267,111670,8.4
GRAD_000607,2019,22,Male,White,Regional,Finance,3.45,0,No,1,Healthcare,Dallas,Startup,None,1.0,20.0,5,81732,113552,8.3
GRAD_000608,2016,22,Other,White,Top 100,Psychology,3.58,4,No,1,Media,Portland,Startup,None,1.0,20.0,8,72624,124564,4.1
GRAD_000609,2022,24,Female,White,Top 100,Communications,3.65,2,Yes,1,Retail,Phoenix,Medium,MBA,1.0,40.0,2,47776,65477,4.6
GRAD_000610,2021,23,Female,White,Top 10,Mathematics,3.16,1,No,1,Finance,Washington DC,Small,None,2.0,0.0,3,150629,175573,7.2
GRAD_000611,2016,22,Male,White,Top 100,Engineering,3.0,1,No,1,Technology,Philadelphia,Fortune 500,MD,1.0,20.0,8,107985,273422,8.4
GRAD_000612,2015,20,Female,White,Regional,Business,3.43,2,No,1,Consulting,Portland,Medium,None,0.0,0.0,9,81521,112087,6.2
GRAD_000613,2023,22,Female,White,Regional,Economics,3.9,2,Yes,3,Transportation,Chicago,Large,None,0.0,40.0,1,93633,95850,5.3
GRAD_000614,2015,20,Male,White,Top 50,Marketing,3.75,1,No,0,Healthcare,Denver,Medium,Masters,2.0,,9,100864,188183,5.6
GRAD_000615,2021,23,Female,Asian,Regional,Business,3.97,0,No,0,Real Estate,Philadelphia,Startup,Masters,4.0,20.0,3,86645,121899,6.0
GRAD_000616,2019,21,Female,Other,Top 100,Economics,3.87,0,No,1,Real Estate,Miami,Fortune 500,None,3.0,40.0,5,102183,126057,9.4
GRAD_000617,2022,22,Female,Asian,Top 100,Data Science,2.9,0,No,0,Finance,Portland,Large,None,3.0,40.0,2,132310,152296,5.5
GRAD_000618,2016,24,Male,White,Top 100,Business,3.29,0,No,1,Media,Philadelphia,Fortune 500,MBA,0.0,20.0,8,75507,144121,8.4
GRAD_000619,2021,23,Other,White,Top 50,Liberal Arts,3.26,1,No,0,Energy,Atlanta,Large,Masters,1.0,0.0,3,78307,108773,7.9
GRAD_000620,2020,23,Female,White,Top 50,Psychology,3.34,4,No,1,Manufacturing,Miami,Fortune 500,MD,2.0,,4,64511,115719,6.3
GRAD_000621,2022,21,Female,White,Top 10,Business,3.36,0,No,2,Finance,Atlanta,Large,None,2.0,60.0,2,120707,130653,7.6
GRAD_000622,2020,23,Male,Black,Regional,Chemistry,3.68,0,,1,Retail,Philadelphia,Small,None,2.0,0.0,4,54443,73854,6.4
GRAD_000623,2021,21,Female,White,Top 50,Data Science,2.7,3,Yes,1,Education,Austin,Medium,None,4.0,0.0,3,89114,106399,8.8
GRAD_000624,2019,23,Female,White,Regional,Chemistry,3.58,2,No,0,Finance,Seattle,Small,Masters,1.0,100.0,5,113802,173980,7.6
GRAD_000625,2023,20,Male,Asian,Top 50,Business,3.51,0,No,1,Retail,San Francisco,Fortune 500,None,2.0,60.0,1,108941,122455,6.0
GRAD_000626,2020,24,Male,White,Regional,Business,3.51,0,Yes,1,Non-profit,Portland,Large,Masters,1.0,0.0,4,50395,70479,5.7
GRAD_000627,2022,22,Female,White,Regional,Data Science,3.09,1,Yes,1,Retail,New York,Large,None,1.0,80.0,2,111650,122306,8.3
GRAD_000628,2016,22,Female,Asian,Top 100,Economics,3.51,2,Yes,1,Healthcare,Austin,Fortune 500,Masters,4.0,60.0,8,115038,201262,8.3
GRAD_000629,2019,23,Female,White,Regional,Psychology,3.12,2,No,0,Finance,Portland,Large,MD,4.0,60.0,5,88762,170019,7.3
GRAD_000630,2015,22,Female,Black,Regional,Marketing,3.39,0,No,2,Media,New York,Large,MBA,4.0,20.0,9,84895,154536,7.3
GRAD_000631,2016,22,Male,Asian,Regional,Psychology,3.24,0,No,0,Education,Boston,Large,MBA,0.0,20.0,8,48335,97040,7.3
GRAD_000632,2020,24,Female,White,Top 50,Engineering,3.04,2,No,3,Real Estate,Philadelphia,Fortune 500,PhD,3.0,0.0,4,92972,134597,4.3
GRAD_000633,2018,24,Male,White,Regional,Liberal Arts,2.72,1,No,2,Manufacturing,Miami,Small,None,5.0,40.0,6,62113,93678,6.0
GRAD_000634,2019,23,Female,Asian,Top 100,Economics,3.6,2,No,1,Real Estate,Atlanta,Large,None,0.0,,5,92238,112470,6.5
GRAD_000635,2019,22,Female,Asian,Top 50,Mathematics,3.14,3,No,0,Media,Dallas,Startup,JD,0.0,40.0,5,87036,139415,4.4
GRAD_000636,2016,22,Male,White,Top 100,Computer Science,3.22,0,Yes,0,Education,Boston,Large,Masters,,80.0,8,104063,202073,8.8
GRAD_000637,2018,24,Female,White,Regional,Communications,3.46,0,No,1,Healthcare,Washington DC,Fortune 500,None,0.0,80.0,6,76539,106386,8.3
GRAD_000638,2022,21,Female,Asian,Regional,Psychology,2.87,1,,2,Finance,Denver,Medium,None,2.0,20.0,2,68546,82166,4.7
GRAD_000639,2022,25,Male,White,Top 50,Psychology,3.52,2,No,1,Energy,Seattle,Medium,Masters,2.0,20.0,2,100163,136104,7.4
GRAD_000640,2019,23,Male,White,Regional,Data Science,3.4,2,No,2,Retail,Philadelphia,Small,None,0.0,60.0,5,80806,103756,7.0
GRAD_000641,2021,24,Female,White,Top 100,Business,2.84,0,No,0,Transportation,Denver,Startup,None,2.0,20.0,3,73777,86897,5.1
GRAD_000642,2022,23,Female,White,Regional,Political Science,3.08,2,,0,Real Estate,San Francisco,Startup,None,2.0,0.0,2,80115,86764,6.8
GRAD_000643,2015,22,Male,Hispanic,Regional,Engineering,3.63,0,,2,Real Estate,Los Angeles,Large,None,3.0,0.0,9,104556,179916,7.2
GRAD_000644,2020,23,Female,White,Top 100,Computer Science,3.72,2,Yes,2,Education,Phoenix,Medium,None,2.0,0.0,4,87083,104736,9.4
GRAD_000645,2022,20,Male,White,Top 100,Business,3.62,1,No,0,Energy,Los Angeles,Large,None,1.0,60.0,2,96337,107733,8.8
GRAD_000646,2020,21,Female,Hispanic,Top 100,Economics,3.03,3,Yes,2,Media,Atlanta,Medium,None,1.0,0.0,4,74124,85100,3.0
GRAD_000647,2020,22,Male,White,Regional,Computer Science,3.1,1,No,1,Energy,Boston,Small,None,1.0,0.0,4,132370,154515,8.3
GRAD_000648,2020,20,Female,White,Regional,Engineering,2.91,0,,2,Real Estate,Denver,Fortune 500,JD,1.0,0.0,4,93050,151417,6.8
GRAD_000649,2020,23,Female,White,Top 10,Engineering,3.56,1,No,3,Media,Boston,Small,None,3.0,0.0,4,105242,131100,7.3
GRAD_000650,2022,24,Male,Black,Regional,Business,2.86,1,No,1,Real Estate,New York,Startup,JD,1.0,0.0,2,90901,135677,5.7
GRAD_000651,2021,20,Male,White,Top 10,Business,3.91,0,No,1,Government,Philadelphia,Small,None,,80.0,3,91587,124197,9.3
GRAD_000652,2017,21,Male,White,Regional,Engineering,3.28,1,No,0,Real Estate,Miami,Fortune 500,None,3.0,20.0,7,78441,115858,8.6
GRAD_000653,2019,22,Female,Asian,Regional,Business,3.2,1,No,0,Finance,Washington DC,Fortune 500,None,3.0,20.0,5,94195,124326,6.2
GRAD_000654,2020,22,Male,White,Top 50,Business,3.13,2,Yes,1,Finance,Miami,Large,None,0.0,60.0,4,113592,129474,7.0
GRAD_000655,2019,23,Female,Asian,Regional,Finance,3.06,2,No,1,Media,Denver,Medium,None,1.0,0.0,5,74987,97257,7.7
GRAD_000656,2017,22,Male,Asian,Top 100,Liberal Arts,3.29,2,No,2,Government,Boston,Large,JD,2.0,0.0,7,78240,157546,6.2
GRAD_000657,2016,23,Male,White,Top 100,Marketing,2.98,1,No,0,Manufacturing,San Francisco,Medium,None,1.0,20.0,8,111607,146838,8.0
GRAD_000658,2016,22,Female,White,Top 50,Liberal Arts,3.64,1,Yes,2,Non-profit,Austin,Small,None,0.0,60.0,8,56023,90662,6.1
GRAD_000659,2018,21,Female,White,Top 100,Data Science,3.59,0,No,0,Education,Phoenix,Large,Masters,2.0,40.0,6,59391,97185,10.0
GRAD_000660,2019,22,Female,Asian,Regional,Mathematics,3.38,1,Yes,1,Non-profit,Seattle,Large,None,1.0,40.0,5,72664,87379,8.1
GRAD_000661,2021,20,Female,Hispanic,Top 100,Engineering,3.6,3,No,1,Education,Dallas,Small,Masters,,0.0,3,62073,81260,8.7
GRAD_000662,2023,22,Female,White,Top 50,Economics,3.0,2,No,1,Energy,Seattle,Large,None,3.0,20.0,1,116660,124954,7.5
GRAD_000663,2023,22,Male,White,Top 100,Business,2.91,2,No,0,Education,Los Angeles,Medium,None,,0.0,1,76820,82347,8.7
GRAD_000664,2022,21,Female,White,Regional,Liberal Arts,3.46,5,No,4,Real Estate,Chicago,Small,None,2.0,,2,73510,84920,3.0
GRAD_000665,2022,26,Male,White,Regional,Computer Science,3.25,0,No,2,Manufacturing,Austin,Large,Masters,3.0,20.0,2,105364,143166,5.8
GRAD_000666,2020,24,Female,White,Top 50,Biology,3.33,0,Yes,3,Manufacturing,Phoenix,Small,None,,60.0,4,57932,70262,6.9
GRAD_000667,2017,22,Female,Asian,Top 100,Data Science,2.94,2,Yes,0,Manufacturing,Seattle,Large,Masters,2.0,20.0,7,138915,202696,7.5
GRAD_000668,2019,23,Female,White,Regional,Marketing,3.32,1,Yes,0,Retail,Denver,Fortune 500,None,3.0,20.0,5,52531,67797,4.4
GRAD_000669,2016,23,Female,White,Top 100,Business,2.9,0,No,2,Consulting,Miami,Medium,None,4.0,0.0,8,78876,135894,8.7
GRAD_000670,2020,23,Female,Asian,Regional,Data Science,3.68,4,No,2,Media,Philadelphia,Medium,None,,40.0,4,92562,119041,5.2
GRAD_000671,2015,24,Male,White,Regional,Business,3.28,2,,3,Finance,San Francisco,Large,MBA,0.0,20.0,9,136606,283704,6.8
GRAD_000672,2017,23,Female,White,Top 100,Political Science,3.79,0,No,4,Finance,Denver,Fortune 500,None,3.0,60.0,7,94043,124222,7.3
GRAD_000673,2021,20,Male,White,Top 50,Chemistry,3.36,1,No,0,Consulting,Austin,Fortune 500,None,2.0,20.0,3,109331,136948,8.7
GRAD_000674,2018,23,Female,Black,Top 100,Marketing,3.04,1,No,2,Retail,Phoenix,Medium,None,1.0,0.0,6,51762,74551,5.0
GRAD_000675,2019,21,Female,White,Top 50,Business,3.57,5,No,0,Energy,Austin,Medium,MBA,3.0,40.0,5,101965,157245,6.4
GRAD_000676,2022,21,Male,White,Regional,Economics,2.9,1,Yes,2,Government,Boston,Small,None,,80.0,2,80183,90743,8.0
GRAD_000677,2015,23,Male,White,Regional,Economics,3.2,0,No,1,Real Estate,San Francisco,Large,None,4.0,40.0,9,109858,177015,4.9
GRAD_000678,2015,20,Male,Asian,Regional,Data Science,3.24,0,No,1,Healthcare,Seattle,Large,Masters,1.0,40.0,9,114351,221064,10.0
GRAD_000679,2017,25,Female,Other,Regional,Finance,2.5,1,No,1,Finance,Portland,Small,None,1.0,0.0,7,103019,153934,6.9
GRAD_000680,2021,23,Male,Other,Top 50,Business,3.81,1,No,1,Retail,New York,Medium,None,1.0,0.0,3,98417,112165,6.5
GRAD_000681,2017,23,Female,White,Top 100,Chemistry,3.49,1,No,1,Real Estate,Denver,Small,None,1.0,20.0,7,85409,107718,8.4
GRAD_000682,2022,23,Other,Other,Regional,Business,2.8,2,No,1,Finance,Phoenix,Large,JD,3.0,0.0,2,94759,148665,9.2
GRAD_000683,2018,24,Female,White,Regional,Liberal Arts,3.41,3,No,2,Non-profit,Chicago,Medium,Masters,5.0,80.0,6,43889,76105,7.5
GRAD_000684,2018,22,Male,White,Top 50,Communications,2.91,3,No,1,Energy,Los Angeles,Startup,None,1.0,40.0,6,82247,124140,8.1
GRAD_000685,2017,23,Female,Hispanic,Regional,Psychology,3.41,0,Yes,0,Consulting,Dallas,Medium,None,1.0,60.0,7,61575,81133,4.2
GRAD_000686,2020,21,Female,Hispanic,Top 100,Communications,2.98,1,Yes,1,Finance,Austin,Medium,Masters,5.0,80.0,4,87395,130499,7.7
GRAD_000687,2022,23,Female,White,Top 100,Chemistry,3.32,4,No,1,Real Estate,Phoenix,Medium,MBA,1.0,40.0,2,81405,111882,4.6
GRAD_000688,2019,23,Female,White,Top 100,Marketing,3.44,1,Yes,0,Education,Philadelphia,Fortune 500,None,3.0,40.0,5,48638,65539,5.3
GRAD_000689,2017,24,Male,Other,Top 50,Data Science,3.39,2,No,3,Transportation,Portland,Small,PhD,1.0,40.0,7,113152,185106,4.6
GRAD_000690,2019,22,Male,White,Top 100,Data Science,3.19,1,No,0,Finance,Philadelphia,Small,None,4.0,0.0,5,127009,189263,7.4
GRAD_000691,2023,22,Female,Hispanic,Top 50,Data Science,3.07,1,No,1,Transportation,San Francisco,Medium,MBA,0.0,0.0,1,123846,156740,6.5
GRAD_000692,2018,21,Female,Asian,Regional,Psychology,3.2,1,,0,Technology,San Francisco,Large,None,3.0,80.0,6,101487,144101,5.3
GRAD_000693,2021,22,Female,White,Top 10,Communications,3.65,0,No,3,Healthcare,New York,Medium,Masters,1.0,40.0,3,119840,165861,5.5
GRAD_000694,2018,23,Male,White,Regional,Economics,3.47,1,Yes,0,Manufacturing,Dallas,Large,None,1.0,,6,62444,94644,5.2
GRAD_000695,2021,23,Female,White,Regional,Business,3.57,2,,0,Energy,San Francisco,Fortune 500,Masters,0.0,,3,136639,174246,7.3
GRAD_000696,2023,25,Female,White,Top 100,Data Science,3.29,2,No,0,Government,Seattle,Large,Masters,1.0,40.0,1,124626,150223,6.4
GRAD_000697,2020,23,Male,Asian,Top 10,Data Science,3.66,2,No,0,Government,Los Angeles,Startup,None,0.0,0.0,4,122833,160636,6.8
GRAD_000698,2023,22,Female,White,Regional,Business,3.82,0,No,2,Consulting,Atlanta,Fortune 500,MBA,5.0,80.0,1,79701,112723,6.1
GRAD_000699,2020,23,Male,White,Regional,Engineering,2.82,1,Yes,3,Non-profit,Denver,Large,MBA,0.0,40.0,4,67738,104901,9.7
GRAD_000700,2023,21,Female,White,Regional,Engineering,2.93,2,No,2,Energy,New York,Large,MD,3.0,100.0,1,150405,236921,6.2
GRAD_000701,2021,24,Female,Asian,Top 10,Biology,3.68,0,Yes,2,Non-profit,New York,Medium,None,2.0,0.0,3,89131,102509,5.5
GRAD_000702,2021,21,Male,White,Top 100,Psychology,3.9,3,No,2,Energy,Phoenix,Startup,None,5.0,40.0,3,77109,109009,6.1
GRAD_000703,2022,21,Female,White,Regional,Business,2.91,1,No,0,Healthcare,Austin,Medium,Masters,2.0,80.0,2,91824,116565,7.3
GRAD_000704,2015,20,Female,White,Top 50,Liberal Arts,2.82,0,No,1,Finance,Miami,Small,PhD,0.0,60.0,9,75933,126537,10.0
GRAD_000705,2017,22,Female,White,Top 100,Business,3.03,1,No,2,Retail,New York,Large,MBA,2.0,0.0,7,82962,151186,5.9
GRAD_000706,2017,23,Male,Black,Regional,Engineering,3.13,2,No,1,Finance,Miami,Startup,None,0.0,20.0,7,101707,135636,7.1
GRAD_000707,2016,24,Male,Other,Regional,Business,3.35,1,Yes,1,Real Estate,Dallas,Medium,None,5.0,0.0,8,67734,107925,7.7
GRAD_000708,2023,22,Female,White,Top 100,Economics,3.57,2,No,3,Real Estate,Dallas,Large,None,6.0,60.0,1,84604,101557,5.0
GRAD_000709,2016,22,Male,White,Regional,Business,3.24,2,Yes,1,Consulting,Denver,Fortune 500,MBA,6.0,40.0,8,101340,224431,7.9
GRAD_000710,2017,20,Female,White,Top 100,Finance,3.91,1,Yes,0,Retail,Boston,Fortune 500,None,3.0,40.0,7,105017,159544,6.0
GRAD_000711,2018,22,Female,White,Regional,Biology,3.28,3,No,1,Non-profit,Portland,Fortune 500,Masters,0.0,0.0,6,45827,65206,7.8
GRAD_000712,2021,22,Female,Hispanic,Regional,Data Science,3.06,2,Yes,1,Healthcare,New York,Medium,Masters,0.0,0.0,3,147645,187912,7.9
GRAD_000713,2022,22,Male,Hispanic,Top 100,Liberal Arts,2.97,2,No,0,Real Estate,Portland,Large,None,1.0,0.0,2,73264,81848,6.7
GRAD_000714,2020,24,Male,White,Regional,Marketing,3.15,0,No,2,Finance,New York,Startup,PhD,3.0,60.0,4,98067,162530,6.7
GRAD_000715,2021,23,Female,Hispanic,Regional,Data Science,3.37,1,No,2,Transportation,Portland,Medium,None,2.0,0.0,3,86114,100080,7.3
GRAD_000716,2019,21,Female,Other,Top 100,Computer Science,3.26,1,No,1,Non-profit,Phoenix,Large,MBA,0.0,20.0,5,58880,83250,4.3
GRAD_000717,2023,21,Male,White,Top 50,Business,3.16,4,No,0,Education,Seattle,Startup,None,0.0,0.0,1,75707,80342,6.4
GRAD_000718,2017,20,Male,Other,Regional,Economics,3.19,2,No,1,Media,Boston,Medium,None,1.0,20.0,7,85132,111029,8.2
GRAD_000719,2019,21,Female,Hispanic,Top 100,Psychology,3.02,2,No,0,Government,San Francisco,Medium,None,3.0,80.0,5,89018,122415,7.2
GRAD_000720,2022,23,Male,White,Regional,Psychology,3.38,0,No,1,Non-profit,Dallas,Medium,None,2.0,40.0,2,40250,49518,7.4
GRAD_000721,2017,20,Male,Hispanic,Top 50,Marketing,4.0,0,No,1,Real Estate,Chicago,Medium,None,1.0,80.0,7,98506,160393,8.6
GRAD_000722,2022,22,Female,White,Top 50,Mathematics,3.19,1,No,0,Media,Austin,Large,Masters,0.0,60.0,2,90812,109790,6.7
GRAD_000723,2018,23,Female,White,Top 10,Economics,3.43,2,No,2,Finance,Chicago,Large,MD,4.0,60.0,6,136150,258444,4.4
GRAD_000724,2017,20,Male,Hispanic,Top 100,Mathematics,3.13,1,No,1,Manufacturing,Austin,Fortune 500,None,1.0,40.0,7,97572,129674,3.5
GRAD_000725,2019,22,Male,Black,Top 100,Computer Science,3.9,2,Yes,1,Education,Portland,Small,Masters,,80.0,5,101706,158067,5.0
GRAD_000726,2022,21,Male,White,Top 50,Data Science,3.1,1,No,1,Non-profit,Washington DC,Large,Masters,,0.0,2,80619,100343,6.3
GRAD_000727,2016,20,Male,White,Top 100,Political Science,3.16,0,No,1,Finance,Washington DC,Large,None,2.0,0.0,8,75049,118173,5.9
GRAD_000728,2020,21,Male,Asian,Top 10,Marketing,2.74,1,No,0,Non-profit,Washington DC,Small,None,4.0,20.0,4,82973,119045,10.0
GRAD_000729,2021,20,Female,White,Regional,Business,2.64,3,No,1,Healthcare,Washington DC,Medium,PhD,1.0,0.0,3,84115,114114,6.8
GRAD_000730,2022,23,Male,White,Top 100,Computer Science,3.22,1,No,2,Media,Dallas,Medium,None,1.0,20.0,2,92667,105017,6.3
GRAD_000731,2019,23,Male,White,Regional,Engineering,3.11,4,No,1,Healthcare,Dallas,Medium,None,2.0,60.0,5,102504,142009,7.6
GRAD_000732,2019,20,Male,Asian,Top 100,Chemistry,3.48,2,No,2,Finance,Miami,Large,None,1.0,0.0,5,101000,121978,5.8
GRAD_000733,2022,24,Female,White,Top 100,Engineering,3.48,1,No,1,Finance,Dallas,Small,None,3.0,0.0,2,97578,116561,6.3
GRAD_000734,2017,23,Female,White,Top 10,Economics,3.37,4,No,3,Retail,Chicago,Large,Masters,0.0,40.0,7,92701,144694,8.0
GRAD_000735,2023,22,Male,Hispanic,Top 10,Data Science,3.47,5,,2,Healthcare,New York,Medium,None,1.0,40.0,1,185020,200489,3.7
GRAD_000736,2019,22,Female,White,Top 100,Political Science,3.52,3,Yes,2,Real Estate,Boston,Small,JD,2.0,40.0,5,87057,145026,8.0
GRAD_000737,2018,21,Male,White,Top 100,Biology,3.45,1,No,0,Technology,Denver,Small,None,2.0,40.0,6,77410,115280,7.8
GRAD_000738,2015,20,Male,Asian,Top 50,Economics,3.1,1,No,1,Real Estate,Los Angeles,Large,Masters,4.0,80.0,9,122378,198303,7.3
GRAD_000739,2016,22,Female,White,Top 50,Business,3.01,1,No,0,Healthcare,Portland,Large,Masters,2.0,0.0,8,82628,135256,6.8
GRAD_000740,2022,20,Male,White,Top 100,Data Science,3.21,2,No,2,Real Estate,Austin,Small,Masters,3.0,60.0,2,100533,132028,6.4
GRAD_000741,2021,22,Male,White,Top 100,Mathematics,3.16,2,No,1,Consulting,San Francisco,Startup,Masters,2.0,,3,117533,162148,10.0
GRAD_000742,2017,23,Female,White,Regional,Engineering,3.36,2,No,1,Healthcare,Washington DC,Fortune 500,None,2.0,20.0,7,105495,153666,5.5
GRAD_000743,2023,20,Female,White,Top 10,Data Science,3.65,3,,1,Consulting,Dallas,Large,JD,2.0,0.0,1,155253,210786,7.0
GRAD_000744,2022,22,Female,Hispanic,Top 10,Engineering,3.18,1,No,3,Energy,Miami,Large,None,2.0,20.0,2,125206,131671,7.1
GRAD_000745,2017,23,Male,Other,Regional,Chemistry,3.36,1,No,2,Education,Denver,Fortune 500,MBA,4.0,0.0,7,50306,90243,7.9
GRAD_000746,2018,20,Male,White,Top 10,Business,3.99,3,No,3,Government,San Francisco,Small,None,2.0,20.0,6,135715,176953,6.0
GRAD_000747,2017,23,Male,Black,Regional,Marketing,3.42,1,No,0,Real Estate,Washington DC,Large,Masters,1.0,80.0,7,70631,124454,7.5
GRAD_000748,2021,25,Male,White,Regional,Liberal Arts,3.48,3,No,0,Retail,Chicago,Fortune 500,Masters,3.0,40.0,3,47575,73360,2.5
GRAD_000749,2021,22,Male,White,Regional,Biology,3.88,3,No,3,Consulting,Boston,Large,MBA,0.0,40.0,3,105306,148253,6.9
GRAD_000750,2019,23,Female,White,Top 100,Engineering,3.23,1,Yes,3,Healthcare,Los Angeles,Small,Masters,0.0,0.0,5,109496,143838,6.4
GRAD_000751,2021,20,Male,Asian,Regional,Political Science,3.53,1,Yes,1,Finance,Miami,Fortune 500,None,0.0,40.0,3,78505,91368,4.8
GRAD_000752,2023,23,Female,White,Top 100,Finance,3.0,3,No,2,Finance,Phoenix,Medium,None,1.0,40.0,1,97577,100018,6.6
GRAD_000753,2020,23,Female,Asian,Regional,Computer Science,3.17,1,No,0,Education,Denver,Medium,Masters,1.0,20.0,4,93032,123709,8.8
GRAD_000754,2021,22,Male,Asian,Regional,Engineering,3.18,2,No,1,Technology,Portland,Medium,None,2.0,40.0,3,108648,126040,4.5
GRAD_000755,2018,22,Female,Other,Regional,Psychology,3.47,1,No,0,Healthcare,Washington DC,Large,PhD,4.0,,6,77547,129238,7.7
GRAD_000756,2015,23,Female,Hispanic,Top 100,Finance,4.0,0,Yes,3,Real Estate,Miami,Large,JD,2.0,0.0,9,104702,241594,7.6
GRAD_000757,2023,22,Other,Other,Top 100,Data Science,3.03,1,No,1,Manufacturing,Boston,Small,JD,2.0,0.0,1,101860,145370,8.5
GRAD_000758,2022,21,Female,White,Top 100,Finance,3.69,4,No,0,Retail,Miami,Large,None,4.0,0.0,2,78716,94644,6.9
GRAD_000759,2021,22,Male,White,Top 10,Political Science,3.6,2,Yes,0,Transportation,Philadelphia,Large,None,1.0,80.0,3,68630,81402,6.9
GRAD_000760,2015,22,Male,White,Top 100,Mathematics,3.38,2,No,0,Healthcare,Austin,Large,JD,1.0,60.0,9,90275,188728,7.5
GRAD_000761,2022,20,Male,White,Top 100,Engineering,3.4,1,No,0,Real Estate,Miami,Startup,None,2.0,40.0,2,104407,120647,3.7
GRAD_000762,2021,22,Male,White,Regional,Political Science,3.55,2,Yes,1,Finance,Los Angeles,Fortune 500,None,1.0,20.0,3,79599,95024,5.5
GRAD_000763,2020,22,Male,White,Top 100,Biology,3.31,2,No,1,Media,Chicago,Large,None,2.0,80.0,4,61032,76045,6.3
GRAD_000764,2021,21,Male,Hispanic,Top 100,Economics,3.15,0,Yes,1,Manufacturing,Miami,Fortune 500,None,3.0,40.0,3,68773,92910,7.6
GRAD_000765,2023,23,Female,Asian,Top 10,Economics,3.69,3,Yes,4,Finance,Philadelphia,Startup,None,4.0,20.0,1,142364,148650,7.0
GRAD_000766,2015,23,Female,Asian,Regional,Finance,3.25,0,No,1,Consulting,Los Angeles,Startup,None,5.0,40.0,9,102913,142368,5.3
GRAD_000767,2016,21,Female,Asian,Regional,Business,3.35,3,No,0,Technology,Boston,Medium,None,2.0,0.0,8,107159,136524,6.3
GRAD_000768,2023,22,Male,White,Regional,Data Science,2.95,1,No,2,Finance,Denver,Medium,None,2.0,80.0,1,107634,118880,7.7
GRAD_000769,2015,23,Female,White,Top 50,Data Science,3.28,0,No,1,Finance,Seattle,Large,None,5.0,0.0,9,161576,278924,5.8
GRAD_000770,2023,20,Other,White,Top 100,Business,2.8,0,Yes,0,Consulting,Dallas,Large,None,2.0,40.0,1,73763,81982,5.4
GRAD_000771,2015,20,Female,Asian,Top 100,Finance,3.35,1,Yes,1,Government,New York,Medium,JD,2.0,40.0,9,115936,210680,6.8
GRAD_000772,2022,21,Male,White,Regional,Economics,2.8,3,No,1,Healthcare,Boston,Small,Masters,2.0,60.0,2,102350,137041,6.0
GRAD_000773,2023,23,Male,Black,Top 100,Mathematics,2.69,2,No,1,Consulting,San Francisco,Fortune 500,None,4.0,80.0,1,113848,132931,9.8
GRAD_000774,2020,21,Female,White,Regional,Liberal Arts,2.79,1,Yes,0,Technology,Atlanta,Large,MBA,2.0,0.0,4,62610,91454,5.1
GRAD_000775,2021,20,Female,White,Top 10,Computer Science,3.46,1,No,2,Transportation,Dallas,Large,None,4.0,20.0,3,120824,151323,6.6
GRAD_000776,2015,24,Male,White,Top 10,Psychology,2.96,1,No,0,Energy,Austin,Medium,None,2.0,0.0,9,93452,168807,7.1
GRAD_000777,2017,20,Male,Asian,Top 50,Marketing,3.26,1,No,3,Manufacturing,Philadelphia,Medium,None,3.0,60.0,7,72732,122057,8.0
GRAD_000778,2023,22,Female,Asian,Top 100,Chemistry,3.08,0,No,0,Retail,Atlanta,Medium,None,0.0,20.0,1,54222,52586,6.0
GRAD_000779,2022,23,Female,Hispanic,Regional,Chemistry,3.45,2,No,1,Education,Boston,Small,None,3.0,0.0,2,66352,81310,7.7
GRAD_000780,2015,23,Male,Asian,Top 100,Computer Science,2.68,0,No,1,Consulting,San Francisco,Large,None,,20.0,9,186414,325044,6.3
GRAD_000781,2022,23,Other,White,Regional,Engineering,3.28,1,Yes,0,Non-profit,San Francisco,Large,JD,1.0,20.0,2,90152,131661,7.7
GRAD_000782,2019,21,Male,White,Regional,Biology,3.16,1,Yes,0,Technology,Dallas,Large,JD,0.0,0.0,5,86571,141247,9.2
GRAD_000783,2020,23,Male,White,Top 100,Business,3.56,2,No,0,Retail,Seattle,Startup,None,2.0,20.0,4,76916,94763,6.6
GRAD_000784,2016,22,Male,White,Regional,Liberal Arts,3.51,2,No,1,Technology,Seattle,Startup,JD,1.0,0.0,8,102491,174210,8.3
GRAD_000785,2019,23,Male,White,Top 50,Engineering,2.55,4,No,1,Manufacturing,Seattle,Large,None,4.0,20.0,5,148931,207216,6.0
GRAD_000786,2019,24,Male,Asian,Top 50,Mathematics,3.71,1,Yes,0,Finance,Los Angeles,Large,Masters,3.0,40.0,5,142040,232679,8.5
GRAD_000787,2021,20,Female,White,Regional,Psychology,3.66,0,No,0,Government,Dallas,Large,None,2.0,80.0,3,55848,65909,4.6
GRAD_000788,2021,23,Female,Hispanic,Top 50,Business,3.46,0,No,1,Retail,Dallas,Large,Masters,4.0,40.0,3,66870,95642,5.4
GRAD_000789,2020,22,Male,White,Regional,Psychology,2.81,1,No,1,Non-profit,Philadelphia,Large,Masters,3.0,60.0,4,47600,74752,8.7
GRAD_000790,2015,23,Female,White,Regional,Biology,3.48,1,No,2,Real Estate,Washington DC,Small,Masters,0.0,0.0,9,84795,138306,5.8
GRAD_000791,2016,25,Male,Hispanic,Regional,Computer Science,3.54,1,Yes,1,Manufacturing,Portland,Medium,Masters,3.0,80.0,8,111591,224711,7.5
GRAD_000792,2016,25,Other,White,Top 10,Computer Science,3.19,4,No,0,Real Estate,Dallas,Fortune 500,Masters,4.0,60.0,8,149903,251477,5.5
GRAD_000793,2023,23,Male,Black,Top 100,Political Science,3.63,0,No,2,Non-profit,San Francisco,Medium,MBA,1.0,80.0,1,71533,97794,5.9
GRAD_000794,2023,21,Male,White,Top 10,Business,3.89,3,Yes,1,Technology,Atlanta,Medium,Masters,2.0,0.0,1,115721,145011,9.3
GRAD_000795,2022,21,Male,Hispanic,Top 100,Finance,3.16,2,Yes,1,Education,Phoenix,Fortune 500,MBA,1.0,40.0,2,63347,92926,5.8
GRAD_000796,2017,23,Female,Asian,Top 10,Engineering,2.99,1,No,1,Government,Portland,Medium,Masters,3.0,0.0,7,103003,173204,8.7
GRAD_000797,2022,20,Female,Asian,Top 10,Engineering,3.23,1,No,0,Energy,Dallas,Medium,Masters,1.0,80.0,2,104821,128039,6.5
GRAD_000798,2017,22,Female,White,Regional,Liberal Arts,3.49,1,No,0,Government,Portland,Small,Masters,2.0,100.0,7,49224,83499,5.3
GRAD_000799,2020,21,Male,Black,Regional,Marketing,3.29,2,No,2,Non-profit,Austin,Medium,Masters,1.0,40.0,4,62163,95373,5.0
GRAD_000800,2021,20,Male,White,Regional,Marketing,2.96,1,No,1,Energy,Denver,Fortune 500,None,,0.0,3,87241,112789,8.5
GRAD_000801,2015,22,Female,White,Top 100,Data Science,3.71,0,No,0,Energy,Washington DC,Small,None,2.0,40.0,9,131104,169825,9.6
GRAD_000802,2020,23,Female,Hispanic,Top 100,Data Science,3.24,2,No,1,Government,Seattle,Medium,Masters,3.0,20.0,4,124269,178794,7.0
GRAD_000803,2017,23,Male,Hispanic,Regional,Psychology,3.51,1,No,2,Retail,Chicago,Fortune 500,PhD,5.0,20.0,7,56359,118500,3.2
GRAD_000804,2019,22,Female,Black,Top 50,Marketing,3.53,2,No,3,Real Estate,Denver,Fortune 500,MBA,2.0,0.0,5,83742,142097,9.2
GRAD_000805,2019,21,Female,White,Top 10,Business,3.24,3,No,1,Non-profit,Denver,Medium,Masters,0.0,20.0,5,85552,111662,7.9
GRAD_000806,2021,21,Male,White,Top 50,Psychology,3.52,0,No,0,Media,Boston,Startup,None,,80.0,3,76397,106086,6.7
GRAD_000807,2019,23,Female,Asian,Top 100,Communications,3.91,1,No,1,Consulting,Boston,Fortune 500,None,2.0,20.0,5,98836,120230,5.1
GRAD_000808,2018,21,Female,White,Top 100,Psychology,3.62,1,No,1,Healthcare,Phoenix,Small,Masters,,0.0,6,53158,84256,4.5
GRAD_000809,2023,21,Male,White,Regional,Communications,2.73,4,No,0,Consulting,Atlanta,Large,None,2.0,40.0,1,64421,74010,7.6
GRAD_000810,2023,23,Female,White,Regional,Engineering,3.24,1,No,1,Real Estate,Austin,Medium,MBA,3.0,0.0,1,90545,119158,6.9
GRAD_000811,2022,21,Female,Hispanic,Regional,Business,3.06,2,No,0,Healthcare,Washington DC,Startup,None,1.0,20.0,2,97786,107235,3.9
GRAD_000812,2020,22,Female,Hispanic,Regional,Psychology,3.72,1,No,3,Finance,Philadelphia,Medium,JD,0.0,40.0,4,84434,116833,8.6
GRAD_000813,2023,21,Female,White,Top 100,Mathematics,3.3,0,Yes,2,Transportation,San Francisco,Medium,Masters,5.0,0.0,1,97977,128865,5.4
GRAD_000814,2020,21,Male,White,Top 50,Psychology,3.25,0,No,0,Media,Dallas,Large,Masters,1.0,0.0,4,56383,81215,6.0
GRAD_000815,2016,22,Female,White,Top 100,Computer Science,2.78,1,No,1,Finance,Austin,Fortune 500,None,0.0,20.0,8,158809,194111,3.6
GRAD_000816,2015,23,Female,Asian,Regional,Data Science,4.0,4,Yes,0,Manufacturing,San Francisco,Small,MD,2.0,60.0,9,146086,355619,7.8
GRAD_000817,2021,22,Male,White,Top 100,Marketing,3.34,0,Yes,0,Transportation,Philadelphia,Small,Masters,2.0,40.0,3,66437,94696,7.3
GRAD_000818,2022,22,Female,Asian,Top 100,Psychology,3.25,0,No,3,Technology,Philadelphia,Medium,Masters,4.0,0.0,2,85653,111363,6.7
GRAD_000819,2023,23,Female,Asian,Top 50,Engineering,2.77,2,No,2,Retail,Atlanta,Medium,Masters,2.0,60.0,1,73963,90170,2.7
GRAD_000820,2022,23,Male,Hispanic,Top 50,Psychology,3.36,1,No,0,Non-profit,Phoenix,Medium,Masters,1.0,40.0,2,48496,64276,6.0
GRAD_000821,2021,22,Male,Hispanic,Top 100,Data Science,3.28,0,Yes,1,Transportation,Philadelphia,Small,Masters,4.0,40.0,3,99069,137100,9.1
GRAD_000822,2017,23,Male,White,Top 10,Engineering,3.34,0,Yes,0,Transportation,New York,Medium,None,2.0,60.0,7,162331,251207,8.5
GRAD_000823,2020,22,Male,White,Top 100,Liberal Arts,2.81,1,No,2,Non-profit,Seattle,Medium,None,2.0,60.0,4,60251,84387,3.6
GRAD_000824,2019,23,Female,White,Top 100,Chemistry,2.72,1,No,3,Education,Miami,Small,None,1.0,80.0,5,52527,64913,6.7
GRAD_000825,2017,24,Male,Asian,Top 10,Business,3.89,2,No,1,Media,Seattle,Startup,None,3.0,0.0,7,101158,151358,4.5
GRAD_000826,2022,23,Female,Asian,Top 10,Engineering,2.89,3,No,1,Technology,Atlanta,Large,None,2.0,80.0,2,134948,149876,8.6
GRAD_000827,2016,20,Male,White,Top 10,Data Science,3.48,1,,0,Manufacturing,Chicago,Small,None,2.0,,8,116835,176566,7.8
GRAD_000828,2021,21,Male,White,Top 100,Computer Science,3.2,1,No,1,Transportation,Portland,Large,None,2.0,100.0,3,88745,112707,6.4
GRAD_000829,2020,23,Female,White,Top 100,Business,3.65,3,,2,Retail,Atlanta,Small,PhD,2.0,,4,59145,88148,7.6
GRAD_000830,2018,20,Female,White,Top 50,Data Science,3.37,1,No,1,Education,Austin,Small,Masters,1.0,20.0,6,103832,143264,9.7
GRAD_000831,2019,22,Female,Asian,Regional,Engineering,3.33,0,No,2,Government,Miami,Fortune 500,None,4.0,20.0,5,80716,116551,5.0
GRAD_000832,2016,22,Female,White,Top 100,Business,3.35,4,No,2,Technology,Philadelphia,Fortune 500,Masters,0.0,0.0,8,118602,188493,10.0
GRAD_000833,2015,26,Female,Hispanic,Top 100,Biology,3.03,3,Yes,0,Real Estate,Washington DC,Medium,None,0.0,40.0,9,71244,105853,9.6
GRAD_000834,2015,23,Male,White,Top 10,Marketing,2.89,2,No,0,Manufacturing,Washington DC,Medium,None,4.0,60.0,9,112865,168970,6.6
GRAD_000835,2017,22,Male,Asian,Top 10,Economics,3.21,4,No,1,Retail,Portland,Large,JD,1.0,40.0,7,95579,164525,4.6
GRAD_000836,2022,24,Female,Asian,Top 100,Engineering,2.76,1,No,1,Manufacturing,New York,Large,Masters,4.0,20.0,2,131751,165734,5.0
GRAD_000837,2020,21,Female,White,Regional,Biology,2.56,1,Yes,4,Media,Seattle,Large,MBA,2.0,20.0,4,79322,124018,4.8
GRAD_000838,2016,22,Female,Asian,Regional,Chemistry,3.35,2,No,0,Retail,Miami,Large,None,,40.0,8,64398,86127,5.5
GRAD_000839,2023,22,Female,White,Top 100,Marketing,3.2,2,No,1,Manufacturing,Boston,Startup,MD,0.0,0.0,1,90342,133974,7.7
GRAD_000840,2020,23,Male,White,Top 100,Finance,3.64,1,No,0,Manufacturing,Philadelphia,Large,None,1.0,20.0,4,98389,113939,7.1
GRAD_000841,2015,21,Male,Asian,Regional,Computer Science,3.6,1,No,1,Energy,Portland,Large,Masters,0.0,20.0,9,111810,227095,6.6
GRAD_000842,2022,23,Male,White,Top 100,Data Science,3.48,0,No,0,Consulting,Seattle,Small,MBA,3.0,20.0,2,149557,216977,6.2
GRAD_000843,2019,21,Male,White,Regional,Political Science,3.48,0,No,1,Retail,Seattle,Small,Masters,2.0,60.0,5,68958,116190,4.3
GRAD_000844,2020,25,Female,Asian,Regional,Chemistry,3.02,0,No,2,Real Estate,Miami,Medium,PhD,4.0,40.0,4,77783,124097,9.2
GRAD_000845,2020,20,Female,White,Regional,Political Science,3.47,2,No,2,Non-profit,Chicago,Small,JD,7.0,100.0,4,51397,94563,7.8
GRAD_000846,2016,21,Male,White,Top 100,Psychology,3.09,0,No,1,Non-profit,Dallas,Small,MBA,5.0,0.0,8,49085,96412,5.8
GRAD_000847,2023,20,Male,Other,Regional,Biology,3.5,2,No,1,Media,Miami,Small,Masters,,20.0,1,52707,64400,4.4
GRAD_000848,2017,26,Other,White,Top 50,Business,4.0,2,No,3,Real Estate,New York,Large,MBA,4.0,20.0,7,121677,212636,8.5
GRAD_000849,2021,20,Male,Asian,Regional,Liberal Arts,2.46,2,Yes,0,Technology,Washington DC,Large,None,1.0,0.0,3,71992,83770,6.6
GRAD_000850,2022,23,Male,White,Regional,Business,3.56,1,No,1,Government,Seattle,Medium,Masters,2.0,20.0,2,84068,113722,6.0
GRAD_000851,2018,23,Female,Asian,Top 10,Data Science,3.33,2,No,1,Media,Portland,Fortune 500,None,,0.0,6,98752,139955,6.9
GRAD_000852,2021,21,Male,White,Top 100,Liberal Arts,3.08,1,No,2,Technology,Seattle,Large,None,1.0,0.0,3,95542,111883,7.5
GRAD_000853,2023,23,Female,Hispanic,Top 50,Marketing,3.56,0,No,2,Government,Denver,Medium,Masters,1.0,40.0,1,74960,92381,5.1
GRAD_000854,2022,20,Female,White,Regional,Business,2.86,0,No,0,Consulting,Los Angeles,Small,None,2.0,60.0,2,93677,102268,8.4
GRAD_000855,2022,21,Male,White,Regional,Business,4.0,1,No,1,Manufacturing,San Francisco,Large,None,2.0,0.0,2,111994,133691,8.7
GRAD_000856,2019,20,Male,White,Top 50,Liberal Arts,3.67,3,,1,Manufacturing,Philadelphia,Startup,None,4.0,0.0,5,61296,89141,8.0
GRAD_000857,2019,23,Male,Asian,Top 50,Finance,3.11,1,Yes,2,Media,Miami,Small,None,3.0,40.0,5,96313,125575,7.1
GRAD_000858,2019,20,Male,White,Regional,Finance,2.63,0,No,2,Real Estate,Philadelphia,Medium,None,4.0,80.0,5,90474,122138,6.2
GRAD_000859,2021,23,Male,White,Top 100,Chemistry,3.08,1,Yes,1,Technology,Phoenix,Large,Masters,2.0,0.0,3,78316,111096,5.4
GRAD_000860,2016,22,Female,Asian,Top 10,Engineering,3.8,0,No,1,Non-profit,Philadelphia,Medium,None,3.0,20.0,8,97422,123678,8.9
GRAD_000861,2022,25,Male,White,Top 10,Economics,3.97,1,Yes,1,Media,Seattle,Small,Masters,1.0,60.0,2,106647,137517,9.9
GRAD_000862,2015,22,Male,White,Regional,Finance,3.22,3,Yes,2,Healthcare,Phoenix,Small,Masters,2.0,40.0,9,73126,142703,8.2
GRAD_000863,2016,23,Female,White,Top 100,Data Science,3.55,3,No,2,Retail,Boston,Medium,None,2.0,20.0,8,103352,152556,6.2
GRAD_000864,2019,23,Male,White,Regional,Chemistry,3.16,2,No,0,Manufacturing,Philadelphia,Large,Masters,1.0,20.0,5,70087,109468,6.6
GRAD_000865,2017,22,Male,White,Top 100,Marketing,3.2,3,Yes,1,Technology,Denver,Startup,Masters,3.0,0.0,7,103071,174089,6.0
GRAD_000866,2018,24,Female,White,Regional,Mathematics,2.99,0,,0,Retail,Phoenix,Medium,None,0.0,40.0,6,49443,57562,5.6
GRAD_000867,2018,23,Male,White,Top 50,Computer Science,3.79,2,No,2,Energy,Phoenix,Medium,None,2.0,0.0,6,118974,152913,7.3
GRAD_000868,2017,23,Male,Asian,Top 10,Psychology,3.05,2,Yes,2,Technology,Boston,Large,None,2.0,20.0,7,123340,201735,4.8
GRAD_000869,2019,21,Male,White,Regional,Engineering,3.44,0,No,2,Non-profit,San Francisco,Small,None,0.0,100.0,5,85382,113786,10.0
GRAD_000870,2020,23,Female,Asian,Top 50,Psychology,3.36,0,No,5,Media,Miami,Small,MD,5.0,0.0,4,54755,112814,6.6
GRAD_000871,2019,23,Female,White,Regional,Finance,4.0,3,Yes,1,Non-profit,Philadelphia,Large,None,2.0,0.0,5,75745,104375,10.0
GRAD_000872,2022,20,Male,White,Top 10,Economics,3.31,4,No,2,Real Estate,Portland,Large,MBA,2.0,100.0,2,108922,154556,5.7
GRAD_000873,2018,22,Female,White,Top 100,Economics,3.12,1,No,3,Non-profit,Washington DC,Medium,None,1.0,60.0,6,75335,95691,6.8
GRAD_000874,2018,20,Female,Hispanic,Regional,Computer Science,3.04,5,No,3,Manufacturing,Austin,Large,Masters,2.0,20.0,6,129373,182155,7.8
GRAD_000875,2020,20,Male,White,Top 10,Engineering,3.62,0,,0,Consulting,Miami,Small,PhD,2.0,20.0,4,139788,208676,5.3
GRAD_000876,2015,22,Female,White,Top 100,Business,4.0,1,No,2,Manufacturing,Austin,Medium,None,2.0,20.0,9,101110,157444,4.2
GRAD_000877,2016,25,Male,Black,Top 100,Chemistry,3.93,2,No,4,Consulting,Atlanta,Fortune 500,None,3.0,40.0,8,102579,167240,8.8
GRAD_000878,2022,25,Male,Asian,Regional,Psychology,3.13,2,No,0,Government,Los Angeles,Large,None,1.0,60.0,2,67581,80342,7.5
GRAD_000879,2019,22,Female,White,Top 50,Economics,3.58,1,No,2,Non-profit,Miami,Small,None,2.0,0.0,5,61160,73295,8.5
GRAD_000880,2015,21,Female,White,Regional,Marketing,2.94,1,No,2,Manufacturing,Boston,Fortune 500,None,,20.0,9,81136,117220,9.9
GRAD_000881,2019,23,Female,Hispanic,Regional,Chemistry,3.29,2,No,1,Manufacturing,Denver,Fortune 500,None,1.0,60.0,5,69819,86256,3.9
GRAD_000882,2019,20,Female,Asian,Top 100,Computer Science,2.82,1,Yes,3,Manufacturing,Dallas,Small,MBA,2.0,40.0,5,87874,149262,9.1
GRAD_000883,2017,21,Male,White,Top 50,Engineering,3.32,3,No,4,Media,Phoenix,Large,None,1.0,100.0,7,90567,133959,7.6
GRAD_000884,2018,21,Male,White,Regional,Economics,2.95,3,No,3,Finance,Boston,Large,Masters,2.0,0.0,6,111975,193733,9.5
GRAD_000885,2017,22,Female,White,Regional,Computer Science,3.28,2,No,3,Media,Seattle,Medium,None,2.0,,7,99857,146423,10.0
GRAD_000886,2019,24,Male,Black,Regional,Computer Science,3.76,1,No,0,Manufacturing,Austin,Small,Masters,2.0,80.0,5,116715,183043,6.2
GRAD_000887,2019,20,Female,Asian,Top 100,Mathematics,3.0,2,Yes,1,Manufacturing,San Francisco,Medium,None,0.0,40.0,5,113042,126030,8.8
GRAD_000888,2020,22,Female,Asian,Top 10,Computer Science,3.16,0,No,3,Manufacturing,Miami,Small,PhD,1.0,60.0,4,141974,200491,5.6
GRAD_000889,2023,23,Male,White,Top 100,Business,3.63,1,No,1,Media,Denver,Large,JD,4.0,20.0,1,81025,124639,7.2
GRAD_000890,2017,22,Other,Other,Regional,Computer Science,3.17,2,Yes,1,Consulting,Dallas,Large,None,0.0,40.0,7,103430,127949,10.0
GRAD_000891,2019,22,Female,White,Top 50,Marketing,2.88,3,No,1,Energy,Denver,Startup,Masters,1.0,0.0,5,99881,152035,6.8
GRAD_000892,2020,23,Female,White,Top 50,Chemistry,3.15,1,No,0,Real Estate,Chicago,Startup,None,5.0,20.0,4,90551,111994,6.7
GRAD_000893,2020,22,Male,Hispanic,Regional,Economics,3.31,1,Yes,1,Manufacturing,Washington DC,Small,Masters,2.0,0.0,4,82093,127244,5.9
GRAD_000894,2021,20,Female,White,Top 50,Liberal Arts,3.52,0,Yes,3,Healthcare,Washington DC,Medium,None,3.0,20.0,3,84920,106585,7.8
GRAD_000895,2017,21,Female,White,Top 50,Communications,2.67,2,Yes,2,Healthcare,Atlanta,Large,MBA,2.0,0.0,7,68497,113235,4.1
GRAD_000896,2021,24,Male,White,Regional,Business,3.5,0,No,2,Healthcare,Miami,Small,None,2.0,0.0,3,66369,83137,6.2
GRAD_000897,2017,20,Male,Other,Top 100,Computer Science,3.37,0,No,0,Real Estate,Washington DC,Medium,None,3.0,20.0,7,122937,183648,6.8
GRAD_000898,2016,22,Male,Asian,Top 100,Psychology,2.56,2,No,1,Healthcare,Washington DC,Large,None,4.0,60.0,8,89339,143144,7.7
GRAD_000899,2022,21,Female,White,Top 100,Chemistry,3.21,0,Yes,1,Government,Philadelphia,Small,None,,60.0,2,57807,63204,4.2
GRAD_000900,2019,23,Male,White,Regional,Computer Science,3.34,1,No,2,Healthcare,Portland,Large,MBA,2.0,80.0,5,103189,185997,7.3
GRAD_000901,2019,22,Male,White,Top 50,Communications,3.0,1,No,2,Retail,New York,Large,Masters,0.0,0.0,5,84978,118398,10.0
GRAD_000902,2023,23,Female,Asian,Top 10,Computer Science,2.93,1,No,1,Government,Philadelphia,Small,None,0.0,0.0,1,127227,129226,8.5
GRAD_000903,2021,23,Female,White,Top 50,Business,3.28,3,No,1,Transportation,New York,Small,None,,20.0,3,103060,119053,7.5
GRAD_000904,2021,21,Female,Other,Top 10,Economics,3.29,2,Yes,0,Non-profit,Phoenix,Startup,None,0.0,20.0,3,70141,76540,8.6
GRAD_000905,2017,20,Female,White,Regional,Finance,2.55,0,No,0,Finance,Boston,Fortune 500,None,4.0,80.0,7,117745,186454,10.0
GRAD_000906,2017,21,Female,White,Regional,Computer Science,3.06,1,No,0,Media,Dallas,Large,None,2.0,20.0,7,90291,123744,5.5
GRAD_000907,2019,20,Male,White,Top 10,Computer Science,3.02,2,No,2,Real Estate,Boston,Fortune 500,None,1.0,20.0,5,172659,237610,3.4
GRAD_000908,2021,20,Female,Hispanic,Top 50,Economics,2.83,5,Yes,4,Education,Seattle,Medium,None,1.0,60.0,3,89604,95029,9.8
GRAD_000909,2019,23,Male,Hispanic,Regional,Engineering,3.6,0,Yes,1,Energy,Austin,Large,None,2.0,60.0,5,96814,120997,5.4
GRAD_000910,2015,25,Female,White,Regional,Biology,3.63,3,No,0,Manufacturing,Denver,Medium,None,2.0,20.0,9,68741,111718,8.6
GRAD_000911,2021,20,Male,White,Top 50,Liberal Arts,2.79,2,No,1,Healthcare,New York,Large,Masters,4.0,20.0,3,90642,126764,3.7
GRAD_000912,2022,20,Male,White,Regional,Liberal Arts,3.24,3,Yes,1,Manufacturing,Boston,Large,None,4.0,,2,70249,88472,5.0
GRAD_000913,2023,22,Female,White,Top 100,Mathematics,3.45,3,No,0,Retail,Dallas,Large,None,2.0,40.0,1,66099,71689,5.2
GRAD_000914,2019,22,Female,White,Regional,Engineering,3.65,1,No,1,Non-profit,Denver,Fortune 500,None,2.0,100.0,5,71032,96275,4.8
GRAD_000915,2017,23,Male,Black,Top 10,Finance,3.61,0,No,0,Finance,Phoenix,Large,None,2.0,40.0,7,100043,137161,8.7
GRAD_000916,2023,22,Male,Hispanic,Regional,Psychology,3.18,2,Yes,1,Education,Portland,Medium,None,6.0,,1,47403,67880,7.9
GRAD_000917,2021,24,Female,White,Top 10,Engineering,3.33,1,No,0,Non-profit,New York,Small,None,0.0,60.0,3,115810,126330,10.0
GRAD_000918,2015,23,Other,White,Regional,Business,3.68,1,No,2,Transportation,Portland,Large,None,0.0,80.0,9,80980,129412,7.8
GRAD_000919,2020,23,Male,Other,Regional,Data Science,3.16,3,No,0,Government,Miami,Fortune 500,MD,2.0,20.0,4,79331,158491,7.0
GRAD_000920,2015,24,Male,White,Top 100,Engineering,2.98,2,No,3,Technology,Seattle,Large,None,2.0,20.0,9,147847,229383,8.8
GRAD_000921,2017,20,Female,White,Top 100,Data Science,3.69,0,No,0,Consulting,Phoenix,Small,None,0.0,40.0,7,105618,159114,5.6
GRAD_000922,2015,23,Male,White,Top 50,Data Science,2.93,2,No,2,Media,New York,Large,None,2.0,40.0,9,117183,214285,6.8
GRAD_000923,2017,23,Male,White,Top 100,Finance,2.7,2,No,3,Consulting,Denver,Fortune 500,None,1.0,60.0,7,111042,142136,7.7
GRAD_000924,2019,21,Female,Asian,Top 100,Business,3.4,1,No,1,Retail,Los Angeles,Small,Masters,1.0,80.0,5,65879,92349,7.5
GRAD_000925,2018,21,Female,White,Top 100,Psychology,3.55,2,No,1,Finance,Portland,Large,None,1.0,40.0,6,84458,113215,9.2
GRAD_000926,2016,22,Male,White,Regional,Mathematics,3.73,0,No,4,Manufacturing,Philadelphia,Small,PhD,3.0,80.0,8,67594,122938,7.7
GRAD_000927,2019,21,Female,Hispanic,Regional,Engineering,3.53,1,Yes,0,Manufacturing,Seattle,Small,MBA,2.0,40.0,5,97821,141953,9.7
GRAD_000928,2021,20,Female,Other,Top 10,Data Science,3.58,3,Yes,3,Media,Philadelphia,Large,MBA,1.0,60.0,3,114451,153075,7.9
GRAD_000929,2015,25,Female,White,Regional,Economics,2.91,1,No,0,Energy,Chicago,Medium,None,0.0,20.0,9,90043,146625,8.2
GRAD_000930,2023,24,Female,Hispanic,Top 50,Liberal Arts,3.43,2,No,1,Non-profit,New York,Large,None,1.0,40.0,1,61454,63240,9.0
GRAD_000931,2021,22,Female,Hispanic,Top 100,Computer Science,3.5,4,No,0,Manufacturing,Miami,Startup,JD,2.0,20.0,3,94831,142637,5.9
GRAD_000932,2020,20,Female,White,Top 100,Computer Science,3.09,1,No,2,Non-profit,New York,Medium,None,2.0,80.0,4,111480,131635,10.0
GRAD_000933,2019,23,Male,White,Top 100,Data Science,3.3,1,No,0,Media,San Francisco,Large,None,1.0,60.0,5,116488,150774,7.7
GRAD_000934,2019,21,Male,Asian,Top 100,Finance,3.71,0,Yes,0,Retail,Denver,Large,None,2.0,40.0,5,91846,125443,4.4
GRAD_000935,2018,22,Female,Black,Top 100,Chemistry,3.61,3,Yes,0,Finance,Philadelphia,Small,None,1.0,0.0,6,81742,101409,6.0
GRAD_000936,2016,25,Male,Hispanic,Top 50,Engineering,3.72,2,No,1,Finance,Austin,Small,Masters,1.0,0.0,8,162336,319525,8.9
GRAD_000937,2015,25,Female,White,Regional,Business,3.12,3,No,1,Finance,Miami,Small,None,2.0,20.0,9,105996,137638,7.1
GRAD_000938,2018,20,Male,White,Top 100,Business,3.84,3,No,1,Energy,San Francisco,Large,MBA,3.0,80.0,6,138748,257977,9.5
GRAD_000939,2021,23,Female,Asian,Top 100,Psychology,3.11,1,Yes,1,Non-profit,Washington DC,Medium,None,3.0,0.0,3,57363,73053,8.0
GRAD_000940,2018,22,Male,White,Top 50,Political Science,2.79,1,No,1,Manufacturing,Washington DC,Small,None,5.0,0.0,6,69985,106026,9.2
GRAD_000941,2022,23,Male,Hispanic,Top 100,Liberal Arts,3.26,1,Yes,1,Transportation,Boston,Small,Masters,1.0,60.0,2,63305,85957,6.3
GRAD_000942,2019,21,Male,White,Top 100,Engineering,3.27,0,No,0,Healthcare,Denver,Small,MBA,3.0,60.0,5,99989,172168,6.4
GRAD_000943,2021,22,Male,White,Top 100,Liberal Arts,3.0,1,No,2,Energy,Phoenix,Large,None,3.0,80.0,3,58855,79847,6.7
GRAD_000944,2019,20,Female,White,Top 100,Data Science,3.44,0,No,2,Technology,Miami,Large,MBA,3.0,0.0,5,130667,205316,5.2
GRAD_000945,2019,24,Male,Hispanic,Top 50,Data Science,4.0,0,,1,Manufacturing,Phoenix,Medium,None,1.0,0.0,5,98314,137121,7.1
GRAD_000946,2017,24,Female,White,Regional,Liberal Arts,3.48,1,Yes,1,Energy,San Francisco,Medium,Masters,0.0,0.0,7,90859,130940,6.9
GRAD_000947,2020,24,Male,Black,Top 50,Economics,3.6,4,No,2,Healthcare,San Francisco,Small,None,2.0,80.0,4,125074,153764,8.8
GRAD_000948,2016,21,Female,White,Top 100,Chemistry,3.56,2,No,0,Retail,Washington DC,Fortune 500,Masters,1.0,20.0,8,67715,123240,8.5
GRAD_000949,2019,22,Male,Hispanic,Top 100,Economics,3.09,2,No,1,Consulting,Dallas,Large,MBA,,60.0,5,99188,171639,7.5
GRAD_000950,2019,25,Female,Hispanic,Regional,Engineering,2.93,0,No,2,Real Estate,Washington DC,Large,None,3.0,20.0,5,97081,128619,6.6
GRAD_000951,2021,21,Male,Hispanic,Regional,Data Science,3.25,1,No,1,Technology,San Francisco,Medium,None,2.0,80.0,3,155874,176476,5.3
GRAD_000952,2019,20,Female,Asian,Regional,Liberal Arts,3.3,4,No,2,Media,Philadelphia,Medium,PhD,2.0,20.0,5,53907,86154,5.7
GRAD_000953,2021,22,Female,White,Regional,Computer Science,3.76,5,No,1,Transportation,Austin,Small,None,0.0,20.0,3,110334,124007,8.9
GRAD_000954,2017,24,Male,White,Regional,Computer Science,3.04,1,No,1,Technology,Chicago,Small,None,2.0,60.0,7,146094,214091,2.9
GRAD_000955,2015,21,Female,Asian,Top 100,Political Science,3.31,2,No,0,Retail,Dallas,Large,None,2.0,100.0,9,49705,77906,5.9
GRAD_000956,2020,25,Male,White,Top 100,Computer Science,3.3,4,Yes,0,Media,Los Angeles,Medium,None,2.0,80.0,4,115277,139747,6.9
GRAD_000957,2019,21,Female,White,Regional,Mathematics,3.2,4,No,1,Transportation,San Francisco,Medium,MBA,1.0,60.0,5,96171,156465,6.4
GRAD_000958,2021,23,Male,White,Regional,Computer Science,3.49,1,No,0,Retail,Atlanta,Small,Masters,4.0,0.0,3,73923,114641,5.9
GRAD_000959,2018,21,Male,White,Regional,Engineering,3.38,1,No,1,Media,Los Angeles,Large,None,3.0,0.0,6,97459,135658,7.2
GRAD_000960,2015,21,Female,Asian,Regional,Liberal Arts,3.78,1,Yes,3,Government,Atlanta,Medium,None,0.0,0.0,9,59156,78142,7.1
GRAD_000961,2021,23,Male,Hispanic,Top 50,Marketing,3.35,2,No,2,Energy,Boston,Fortune 500,MBA,1.0,0.0,3,101079,142203,4.3
GRAD_000962,2023,22,Female,Hispanic,Top 100,Communications,2.62,1,No,3,Manufacturing,Denver,Large,None,6.0,40.0,1,65809,84117,5.2
GRAD_000963,2019,20,Female,White,Top 50,Computer Science,2.94,0,No,0,Technology,Portland,Small,None,0.0,0.0,5,128483,157059,6.4
GRAD_000964,2020,21,Female,White,Top 100,Computer Science,3.11,1,No,1,Media,Washington DC,Large,None,2.0,80.0,4,99734,121701,6.7
GRAD_000965,2020,23,Female,White,Top 50,Biology,2.44,1,No,1,Transportation,Phoenix,Fortune 500,None,2.0,0.0,4,48943,63356,4.8
GRAD_000966,2020,23,Female,Black,Regional,Liberal Arts,2.93,6,No,1,Retail,Los Angeles,Large,None,1.0,60.0,4,58814,74123,4.2
GRAD_000967,2022,23,Female,White,Regional,Political Science,3.64,3,Yes,0,Retail,Denver,Small,None,5.0,40.0,2,61760,81361,6.2
GRAD_000968,2021,21,Male,White,Top 50,Psychology,2.77,3,No,1,Media,Miami,Medium,Masters,,0.0,3,68701,102214,7.8
GRAD_000969,2022,20,Male,White,Top 50,Political Science,3.48,1,No,1,Finance,Portland,Small,Masters,6.0,40.0,2,101226,147141,7.6
GRAD_000970,2016,21,Female,Asian,Top 50,Engineering,2.85,3,No,1,Energy,Washington DC,Large,None,0.0,60.0,8,155968,219656,6.6
GRAD_000971,2016,21,Male,White,Top 100,Mathematics,3.29,1,,4,Real Estate,Atlanta,Medium,None,1.0,80.0,8,76758,123617,9.9
GRAD_000972,2021,22,Male,White,Regional,Liberal Arts,3.3,3,No,0,Healthcare,Boston,Large,None,1.0,40.0,3,86667,99620,5.1
GRAD_000973,2020,20,Male,White,Top 100,Business,3.39,1,No,0,Manufacturing,Seattle,Large,None,3.0,0.0,4,92767,123774,8.3
GRAD_000974,2022,24,Male,White,Top 100,Liberal Arts,2.79,2,Yes,1,Technology,Phoenix,Fortune 500,None,2.0,0.0,2,66098,80773,4.5
GRAD_000975,2016,23,Female,Hispanic,Top 10,Computer Science,3.65,0,No,1,Transportation,Portland,Small,None,4.0,80.0,8,132634,204446,10.0
GRAD_000976,2020,21,Male,White,Top 100,Computer Science,3.14,0,No,1,Real Estate,Chicago,Large,None,1.0,40.0,4,102068,133186,6.3
GRAD_000977,2019,22,Female,Asian,Top 100,Biology,2.98,0,Yes,2,Technology,Denver,Large,JD,0.0,60.0,5,75010,111013,3.3
GRAD_000978,2022,21,Male,Black,Regional,Liberal Arts,3.46,1,No,3,Non-profit,Denver,Medium,None,3.0,20.0,2,43485,56798,4.6
GRAD_000979,2017,22,Male,White,Top 50,Business,3.29,1,No,2,Finance,Portland,Startup,PhD,3.0,60.0,7,112106,202052,8.7
GRAD_000980,2018,21,Male,White,Regional,Engineering,3.05,3,,0,Transportation,Phoenix,Small,None,2.0,0.0,6,78314,100109,6.7
GRAD_000981,2016,25,Female,White,Regional,Economics,3.16,0,Yes,1,Manufacturing,Chicago,Fortune 500,MBA,3.0,0.0,8,76242,141502,6.5
GRAD_000982,2019,20,Female,Black,Regional,Economics,2.3,0,No,1,Consulting,Chicago,Fortune 500,None,2.0,40.0,5,77305,94507,5.6
GRAD_000983,2023,20,Male,White,Top 100,Business,3.23,2,No,1,Consulting,Denver,Large,None,5.0,0.0,1,106818,126442,4.8
GRAD_000984,2021,22,Male,White,Top 10,Engineering,3.15,0,No,0,Real Estate,Philadelphia,Medium,None,2.0,0.0,3,101677,119713,8.4
GRAD_000985,2021,22,Female,Asian,Top 50,Chemistry,3.14,0,,0,Healthcare,Los Angeles,Fortune 500,None,1.0,20.0,3,98533,108119,6.3
GRAD_000986,2016,22,Female,White,Regional,Computer Science,3.03,2,No,0,Government,Chicago,Large,Masters,2.0,0.0,8,111350,199860,7.2
GRAD_000987,2019,23,Male,Hispanic,Regional,Computer Science,3.52,3,No,0,Consulting,Los Angeles,Large,None,0.0,80.0,5,145087,194500,3.8
GRAD_000988,2022,23,Female,Hispanic,Top 50,Business,3.45,1,No,3,Media,Chicago,Fortune 500,PhD,3.0,0.0,2,81903,106619,6.4
GRAD_000989,2022,21,Male,Other,Top 100,Liberal Arts,3.4,0,No,1,Transportation,Austin,Fortune 500,Masters,1.0,80.0,2,59132,78799,5.7
GRAD_000990,2023,24,Male,White,Top 10,Business,2.93,4,No,0,Technology,San Francisco,Large,None,2.0,40.0,1,192786,209751,7.5
GRAD_000991,2020,23,Female,White,Top 100,Computer Science,3.07,2,No,2,Retail,New York,Fortune 500,Masters,0.0,0.0,4,109820,155805,5.9
GRAD_000992,2015,24,Female,Black,Regional,Business,2.32,0,No,3,Energy,Washington DC,Medium,None,0.0,0.0,9,71667,90429,3.4
GRAD_000993,2023,22,Female,Other,Top 100,Communications,3.45,4,No,1,Media,New York,Fortune 500,None,1.0,40.0,1,71297,71835,2.0
GRAD_000994,2023,24,Male,White,Regional,Engineering,3.77,0,Yes,3,Non-profit,Boston,Small,None,1.0,20.0,1,77715,83955,4.3
GRAD_000995,2023,20,Female,White,Regional,Business,2.57,0,No,2,Education,Austin,Large,JD,4.0,20.0,1,69427,102926,7.3
GRAD_000996,2022,21,Female,White,Top 50,Communications,3.65,3,No,0,Real Estate,Denver,Startup,None,1.0,80.0,2,78670,86307,6.5
GRAD_000997,2017,21,Female,Hispanic,Top 100,Biology,3.71,2,No,0,Government,New York,Large,None,1.0,20.0,7,99593,144616,6.8
GRAD_000998,2016,23,Female,Hispanic,Regional,Finance,2.98,2,No,0,Non-profit,Boston,Medium,MD,1.0,40.0,8,70804,158885,8.7
GRAD_000999,2021,21,Female,White,Regional,Biology,4.0,1,No,1,Consulting,Miami,Medium,None,0.0,100.0,3,74654,84960,4.2
GRAD_001000,2016,23,Female,White,Top 50,Chemistry,2.97,2,No,2,Education,Phoenix,Small,None,3.0,20.0,8,53468,73994,3.6
GRAD_001001,2023,23,Female,White,Regional,Computer Science,3.13,0,Yes,0,Retail,Chicago,Large,None,1.0,0.0,1,82441,84615,6.6
GRAD_001002,2019,21,Female,White,Regional,Data Science,3.21,1,Yes,1,Consulting,Philadelphia,Small,MBA,5.0,80.0,5,124415,196640,8.3
GRAD_001003,2015,22,Male,White,Top 10,Biology,3.48,3,No,3,Manufacturing,Austin,Large,None,0.0,20.0,9,93643,157652,6.3
GRAD_001004,2016,22,Male,White,Top 100,Engineering,3.01,2,No,0,Real Estate,Boston,Large,JD,4.0,100.0,8,119460,229752,5.7
GRAD_001005,2018,22,Male,White,Top 50,Engineering,3.13,0,No,0,Non-profit,Washington DC,Large,None,1.0,60.0,6,86993,108524,8.8
GRAD_001006,2021,23,Female,White,Regional,Chemistry,2.83,0,Yes,1,Energy,San Francisco,Small,None,2.0,0.0,3,104577,123544,8.3
GRAD_001007,2021,22,Female,White,Top 10,Computer Science,3.34,1,No,1,Finance,San Francisco,Small,MBA,1.0,0.0,3,226588,311874,7.4
GRAD_001008,2017,20,Female,Hispanic,Top 100,Psychology,3.77,4,No,2,Retail,Austin,Small,Masters,3.0,0.0,7,75990,121384,5.4
GRAD_001009,2021,23,Male,Asian,Top 100,Engineering,3.23,0,No,1,Healthcare,Denver,Medium,Masters,3.0,0.0,3,118283,162834,6.7
GRAD_001010,2015,24,Female,Hispanic,Regional,Liberal Arts,3.54,2,Yes,3,Government,Dallas,Medium,None,0.0,20.0,9,48095,67993,5.1
GRAD_001011,2016,20,Male,Asian,Regional,Political Science,3.17,2,No,0,Manufacturing,Boston,Small,PhD,3.0,0.0,8,62423,134244,6.6
GRAD_001012,2020,22,Female,Asian,Regional,Mathematics,3.83,1,No,3,Retail,Seattle,Large,None,2.0,0.0,4,87491,98935,6.8
GRAD_001013,2021,21,Male,White,Regional,Economics,3.32,1,No,0,Manufacturing,Austin,Small,Masters,2.0,20.0,3,72508,106687,7.4
GRAD_001014,2023,24,Other,White,Regional,Economics,2.93,0,Yes,3,Manufacturing,Chicago,Startup,None,3.0,0.0,1,86024,99324,6.3
GRAD_001015,2019,24,Female,Other,Top 50,Liberal Arts,3.33,0,No,1,Government,Washington DC,Small,None,3.0,80.0,5,62015,80346,4.2
GRAD_001016,2016,21,Female,White,Regional,Chemistry,3.22,0,Yes,1,Non-profit,New York,Medium,None,1.0,40.0,8,60258,83211,6.9
GRAD_001017,2023,20,Male,White,Regional,Engineering,3.22,0,No,1,Non-profit,San Francisco,Startup,Masters,4.0,20.0,1,87708,119809,8.0
GRAD_001018,2019,22,Female,White,Regional,Computer Science,3.44,3,No,0,Non-profit,San Francisco,Large,None,4.0,0.0,5,94308,116554,6.6
GRAD_001019,2019,20,Male,Black,Top 100,Chemistry,2.76,1,No,1,Retail,Austin,Large,None,4.0,0.0,5,61744,91401,4.8
GRAD_001020,2022,23,Male,White,Regional,Data Science,3.23,1,No,1,Healthcare,New York,Large,MD,2.0,0.0,2,149600,245761,8.1
GRAD_001021,2020,22,Female,White,Top 50,Political Science,3.68,1,No,1,Non-profit,Dallas,Medium,Masters,3.0,60.0,4,46359,66674,5.9
GRAD_001022,2018,24,Male,Asian,Top 100,Computer Science,3.76,0,Yes,1,Technology,Phoenix,Medium,None,1.0,80.0,6,139305,186830,8.9
GRAD_001023,2020,24,Male,Other,Regional,Political Science,3.04,3,Yes,3,Real Estate,Chicago,Startup,Masters,1.0,40.0,4,73635,99490,6.9
GRAD_001024,2021,24,Male,White,Regional,Communications,2.72,3,Yes,0,Real Estate,Dallas,Large,Masters,1.0,40.0,3,67659,93082,4.0
GRAD_001025,2023,23,Female,White,Regional,Business,3.83,2,No,0,Consulting,Washington DC,Medium,MBA,2.0,0.0,1,95463,127055,6.2
GRAD_001026,2017,21,Male,Other,Top 50,Chemistry,2.98,2,No,0,Healthcare,Denver,Medium,None,0.0,0.0,7,104463,147197,5.3
GRAD_001027,2020,20,Female,White,Regional,Data Science,3.15,3,No,0,Energy,New York,Medium,None,2.0,0.0,4,133646,153738,8.8
GRAD_001028,2023,23,Male,White,Regional,Business,3.01,0,Yes,1,Retail,Phoenix,Large,None,,0.0,1,59195,65209,4.3
GRAD_001029,2015,23,Male,White,Top 50,Economics,3.27,0,Yes,1,Retail,Los Angeles,Large,None,2.0,80.0,9,96908,145631,6.7
GRAD_001030,2017,22,Male,White,Top 100,Finance,3.09,2,Yes,1,Non-profit,Austin,Fortune 500,None,1.0,60.0,7,73071,97304,8.6
GRAD_001031,2018,20,Male,White,Regional,Finance,3.59,2,No,2,Media,Atlanta,Fortune 500,None,3.0,0.0,6,77489,103705,7.8
GRAD_001032,2021,21,Male,Asian,Regional,Data Science,3.55,2,No,0,Real Estate,Dallas,Medium,None,2.0,20.0,3,82241,99217,5.6
GRAD_001033,2022,22,Male,Asian,Top 100,Communications,2.84,0,Yes,0,Real Estate,Portland,Large,None,2.0,0.0,2,58616,70789,6.7
GRAD_001034,2017,21,Male,Asian,Top 100,Computer Science,2.76,3,No,1,Government,Phoenix,Large,Masters,5.0,60.0,7,103401,196331,5.7
GRAD_001035,2017,21,Male,White,Top 10,Economics,2.9,1,No,2,Energy,Dallas,Large,MBA,3.0,100.0,7,122077,235884,10.0
GRAD_001036,2022,21,Male,Other,Top 100,Finance,3.07,2,No,0,Media,New York,Small,PhD,0.0,0.0,2,121902,157537,6.0
GRAD_001037,2016,22,Female,White,Top 100,Communications,3.5,2,No,1,Finance,Seattle,Startup,None,0.0,,8,102114,129005,7.0
GRAD_001038,2017,22,Female,White,Regional,Business,3.41,3,No,0,Government,Dallas,Fortune 500,Masters,6.0,40.0,7,66392,120065,6.6
GRAD_001039,2021,21,Male,White,Top 100,Business,3.85,2,,1,Technology,Portland,Fortune 500,MBA,1.0,0.0,3,113678,160755,8.4
GRAD_001040,2016,22,Male,Hispanic,Top 50,Psychology,3.07,1,,0,Government,Phoenix,Medium,None,3.0,0.0,8,50825,84467,4.4
GRAD_001041,2022,22,Male,Asian,Regional,Liberal Arts,2.92,3,No,0,Consulting,San Francisco,Small,Masters,1.0,0.0,2,102735,134621,8.9
GRAD_001042,2019,23,Male,Asian,Top 100,Engineering,3.29,4,Yes,0,Finance,Austin,Large,Masters,1.0,0.0,5,131552,195248,7.7
GRAD_001043,2019,21,Female,Black,Regional,Computer Science,2.69,1,No,2,Healthcare,New York,Large,None,0.0,80.0,5,128722,163682,6.3
GRAD_001044,2016,22,Male,White,Regional,Finance,3.33,0,No,1,Manufacturing,Portland,Fortune 500,None,4.0,100.0,8,87692,141405,7.7
GRAD_001045,2021,22,Male,White,Regional,Computer Science,3.09,1,Yes,1,Technology,Dallas,Large,Masters,4.0,40.0,3,108914,163285,5.2
GRAD_001046,2023,22,Female,Other,Regional,Computer Science,3.98,0,No,1,Transportation,Dallas,Fortune 500,None,2.0,0.0,1,105836,112086,7.9
GRAD_001047,2021,20,Female,White,Top 100,Economics,3.23,1,Yes,2,Government,Dallas,Large,None,2.0,40.0,3,78493,90138,3.4
GRAD_001048,2018,21,Female,White,Top 10,Engineering,4.0,3,Yes,0,Energy,San Francisco,Small,None,3.0,0.0,6,235985,333261,8.5
GRAD_001049,2021,23,Male,White,Regional,Liberal Arts,3.45,3,Yes,1,Non-profit,San Francisco,Medium,MBA,3.0,40.0,3,68037,107564,6.4
GRAD_001050,2020,21,Female,Asian,Top 100,Chemistry,3.56,2,No,0,Energy,Denver,Medium,None,2.0,40.0,4,80059,101124,7.1
GRAD_001051,2022,23,Female,Asian,Regional,Engineering,3.45,0,Yes,2,Real Estate,Miami,Medium,None,4.0,40.0,2,82289,97768,3.9
GRAD_001052,2019,22,Male,Other,Top 100,Biology,2.76,0,No,3,Manufacturing,Dallas,Large,None,2.0,60.0,5,59335,78266,5.8
GRAD_001053,2017,21,Male,White,Regional,Engineering,3.78,1,No,1,Consulting,San Francisco,Large,None,0.0,0.0,7,149399,209494,9.3
GRAD_001054,2016,24,Female,White,Top 10,Data Science,3.58,0,Yes,0,Real Estate,Austin,Large,None,1.0,80.0,8,121161,167401,6.6
GRAD_001055,2018,22,Male,Black,Top 10,Marketing,3.33,5,Yes,1,Consulting,Miami,Large,MBA,3.0,0.0,6,112449,212609,6.8
GRAD_001056,2020,22,Female,White,Regional,Liberal Arts,2.81,1,No,0,Energy,Philadelphia,Large,None,3.0,0.0,4,63613,81295,5.5
GRAD_001057,2017,21,Male,Asian,Top 100,Finance,2.71,2,No,3,Manufacturing,Dallas,Large,Masters,0.0,60.0,7,85042,140714,5.4
GRAD_001058,2015,24,Female,White,Top 100,Chemistry,3.21,1,No,1,Education,New York,Medium,None,1.0,20.0,9,66971,107521,8.0
GRAD_001059,2019,24,Male,Hispanic,Regional,Mathematics,3.61,2,Yes,2,Transportation,Boston,Fortune 500,Masters,,0.0,5,94114,147958,8.3
GRAD_001060,2018,24,Female,Black,Regional,Economics,3.33,1,No,1,Media,Seattle,Medium,Masters,1.0,20.0,6,88797,141852,6.3
GRAD_001061,2019,23,Female,White,Regional,Engineering,3.41,1,No,1,Manufacturing,Miami,Small,PhD,2.0,40.0,5,91377,127093,4.8
GRAD_001062,2019,21,Female,White,Top 100,Marketing,3.83,0,No,0,Media,Miami,Large,None,0.0,20.0,5,72886,84780,5.0
GRAD_001063,2022,21,Female,Black,Regional,Finance,3.6,1,No,0,Retail,New York,Large,None,0.0,60.0,2,97297,96777,8.3
GRAD_001064,2023,21,Female,Hispanic,Top 50,Communications,3.54,2,No,1,Healthcare,Chicago,Fortune 500,Masters,1.0,40.0,1,86007,103945,5.9
GRAD_001065,2017,24,Female,White,Regional,Economics,3.54,1,Yes,1,Energy,Chicago,Small,None,2.0,0.0,7,104347,144708,7.2
GRAD_001066,2023,26,Male,White,Regional,Engineering,3.45,2,Yes,2,Technology,Los Angeles,Small,Masters,,0.0,1,115773,141401,5.1
GRAD_001067,2017,23,Male,White,Regional,Business,3.51,2,No,3,Government,New York,Large,None,5.0,20.0,7,92110,145210,6.7
GRAD_001068,2022,25,Male,Hispanic,Regional,Economics,3.48,0,No,2,Consulting,Washington DC,Large,Masters,,20.0,2,116768,150429,7.3
GRAD_001069,2021,23,Male,White,Regional,Computer Science,3.5,2,Yes,1,Manufacturing,Miami,Medium,None,2.0,40.0,3,100319,119027,7.3
GRAD_001070,2015,22,Male,Asian,Top 50,Political Science,4.0,1,No,2,Real Estate,Seattle,Large,MBA,,,9,108676,188005,6.5
GRAD_001071,2021,21,Male,White,Top 100,Psychology,3.26,2,No,0,Government,Philadelphia,Startup,None,1.0,40.0,3,67887,77596,6.9
GRAD_001072,2023,23,Male,White,Top 50,Marketing,2.52,1,No,0,Non-profit,Phoenix,Medium,Masters,2.0,0.0,1,45544,61670,5.9
GRAD_001073,2023,23,Female,Asian,Top 10,Data Science,2.92,1,No,0,Finance,Chicago,Large,MBA,0.0,100.0,1,132950,166985,4.8
GRAD_001074,2021,24,Female,White,Regional,Economics,3.69,1,No,0,Healthcare,Phoenix,Large,None,2.0,80.0,3,67769,84588,5.7
GRAD_001075,2022,22,Female,White,Regional,Data Science,3.44,0,Yes,0,Finance,Atlanta,Medium,JD,1.0,60.0,2,96484,140143,6.6
GRAD_001076,2015,22,Male,Hispanic,Top 50,Finance,3.2,2,No,2,Media,Washington DC,Large,None,2.0,40.0,9,84793,131995,7.3
GRAD_001077,2016,22,Female,White,Top 100,Psychology,3.45,2,No,0,Government,Los Angeles,Large,Masters,1.0,0.0,8,62906,95314,4.7
GRAD_001078,2017,21,Female,Asian,Top 10,Computer Science,3.63,1,,2,Healthcare,Atlanta,Large,MBA,4.0,20.0,7,125225,207722,9.8
GRAD_001079,2020,23,Male,Asian,Top 100,Liberal Arts,3.49,1,No,0,Manufacturing,Seattle,Large,None,2.0,20.0,4,75016,103761,10.0
GRAD_001080,2019,20,Female,White,Top 50,Biology,3.8,2,No,0,Finance,Philadelphia,Medium,JD,0.0,60.0,5,105765,161542,4.9
GRAD_001081,2021,20,Female,White,Top 100,Finance,3.96,2,No,0,Real Estate,Portland,Medium,None,2.0,0.0,3,111877,128082,5.6
GRAD_001082,2019,21,Female,White,Top 100,Economics,3.62,2,No,0,Energy,Atlanta,Large,None,2.0,40.0,5,84361,107750,7.4
GRAD_001083,2022,20,Male,Asian,Regional,Mathematics,3.28,2,No,1,Real Estate,Washington DC,Medium,Masters,2.0,,2,96631,127917,4.9
GRAD_001084,2021,24,Male,Black,Top 100,Engineering,3.77,0,Yes,0,Manufacturing,Atlanta,Small,None,1.0,20.0,3,96835,113512,9.5
GRAD_001085,2021,21,Male,Hispanic,Regional,Biology,3.04,1,Yes,2,Non-profit,Chicago,Large,None,,20.0,3,48496,56626,6.3
GRAD_001086,2022,23,Female,Asian,Top 50,Data Science,2.89,3,No,2,Energy,Philadelphia,Medium,None,3.0,100.0,2,120142,134134,8.9
GRAD_001087,2022,24,Male,White,Top 100,Liberal Arts,2.89,1,No,1,Manufacturing,Austin,Small,None,2.0,20.0,2,70608,85283,6.7
GRAD_001088,2022,22,Female,White,Regional,Chemistry,3.21,1,No,0,Technology,Seattle,Startup,JD,3.0,40.0,2,119423,167615,10.0
GRAD_001089,2015,22,Female,Hispanic,Top 50,Engineering,2.92,2,No,0,Education,Denver,Medium,None,2.0,0.0,9,78217,114307,9.7
GRAD_001090,2021,24,Female,Asian,Regional,Economics,3.42,2,No,1,Healthcare,Portland,Large,PhD,2.0,0.0,3,88467,130111,7.0
GRAD_001091,2015,23,Female,White,Top 50,Communications,3.52,0,Yes,2,Consulting,Chicago,Small,None,2.0,40.0,9,93043,161346,7.6
GRAD_001092,2021,20,Male,Other,Regional,Engineering,3.94,0,No,2,Energy,Philadelphia,Medium,None,3.0,0.0,3,95321,114960,10.0
GRAD_001093,2015,21,Male,Black,Regional,Business,3.18,0,No,0,Consulting,Austin,Large,None,2.0,20.0,9,87791,167044,8.9
GRAD_001094,2023,23,Female,Asian,Regional,Mathematics,3.7,0,No,0,Media,Phoenix,Large,Masters,1.0,0.0,1,59548,72945,4.0
GRAD_001095,2020,22,Other,White,Regional,Computer Science,3.39,1,No,1,Retail,Seattle,Startup,Masters,4.0,40.0,4,102906,156487,6.8
GRAD_001096,2017,21,Male,White,Top 100,Economics,3.55,0,No,2,Technology,Atlanta,Medium,Masters,1.0,40.0,7,107672,158508,5.9
GRAD_001097,2019,20,Female,Black,Top 50,Marketing,3.95,3,No,1,Government,Austin,Large,MBA,3.0,40.0,5,100639,177090,6.4
GRAD_001098,2022,23,Male,White,Top 100,Engineering,3.59,1,No,1,Manufacturing,Phoenix,Large,None,2.0,0.0,2,87985,102799,7.8
GRAD_001099,2017,21,Male,Hispanic,Top 100,Data Science,3.04,3,No,0,Retail,Chicago,Large,None,0.0,0.0,7,82600,132279,5.9
GRAD_001100,2020,22,Female,Black,Top 100,Economics,2.91,2,No,0,Energy,Philadelphia,Medium,None,1.0,40.0,4,86444,98134,5.2
GRAD_001101,2015,22,Male,White,Regional,Business,2.79,1,No,0,Media,Seattle,Medium,None,0.0,20.0,9,75733,109811,6.3
GRAD_001102,2022,22,Female,Asian,Top 100,Engineering,2.68,0,No,1,Healthcare,Atlanta,Fortune 500,None,3.0,80.0,2,86924,101557,8.0
GRAD_001103,2017,21,Female,White,Top 100,Economics,3.15,1,No,2,Manufacturing,Denver,Fortune 500,None,2.0,20.0,7,73896,98743,2.5
GRAD_001104,2019,22,Female,Asian,Top 100,Engineering,3.37,3,No,1,Finance,Phoenix,Fortune 500,Masters,3.0,40.0,5,91786,129711,7.2
GRAD_001105,2020,21,Male,White,Top 50,Computer Science,3.31,2,Yes,1,Finance,Los Angeles,Fortune 500,None,1.0,60.0,4,169388,200743,7.5
GRAD_001106,2016,24,Female,Asian,Top 50,Mathematics,3.08,1,No,3,Media,Boston,Large,None,2.0,20.0,8,96835,157936,7.0
GRAD_001107,2023,22,Male,White,Regional,Communications,2.65,0,Yes,0,Transportation,Washington DC,Medium,PhD,1.0,40.0,1,55499,72170,5.0
GRAD_001108,2019,26,Female,White,Top 100,Liberal Arts,3.76,0,Yes,1,Energy,Boston,Large,None,3.0,60.0,5,98490,131796,9.1
GRAD_001109,2017,20,Female,White,Top 100,Economics,3.06,1,No,1,Consulting,Philadelphia,Large,Masters,1.0,100.0,7,94485,152441,5.1
GRAD_001110,2021,22,Male,White,Regional,Biology,3.48,4,Yes,0,Energy,Austin,Large,None,6.0,20.0,3,94888,127699,7.7
GRAD_001111,2023,22,Female,Hispanic,Regional,Engineering,2.94,0,No,0,Non-profit,New York,Medium,None,2.0,0.0,1,76621,81800,5.0
GRAD_001112,2023,21,Male,Hispanic,Top 100,Biology,2.73,0,Yes,0,Healthcare,Austin,Fortune 500,Masters,0.0,0.0,1,66188,79735,7.4
GRAD_001113,2019,21,Female,Asian,Regional,Communications,3.14,0,No,0,Energy,Los Angeles,Startup,None,1.0,0.0,5,64252,78642,3.5
GRAD_001114,2018,21,Female,Asian,Regional,Marketing,3.5,1,No,1,Retail,Denver,Startup,None,2.0,60.0,6,62917,76209,5.9
GRAD_001115,2023,21,Male,Black,Top 50,Engineering,2.71,2,Yes,2,Education,Los Angeles,Startup,None,2.0,0.0,1,84894,96732,3.4
GRAD_001116,2015,25,Female,Asian,Regional,Political Science,3.19,3,No,2,Energy,Miami,Large,None,0.0,60.0,9,75475,110275,7.7
GRAD_001117,2022,22,Male,White,Top 100,Political Science,3.26,4,Yes,2,Education,Seattle,Small,None,,20.0,2,65584,79291,3.9
GRAD_001118,2017,23,Male,White,Regional,Data Science,3.15,1,No,1,Transportation,Chicago,Medium,MBA,5.0,40.0,7,85241,168115,4.1
GRAD_001119,2019,23,Male,White,Regional,Communications,2.86,1,Yes,0,Finance,Chicago,Small,MBA,,0.0,5,65537,103165,7.7
GRAD_001120,2023,24,Male,White,Regional,Liberal Arts,3.25,0,No,0,Retail,Philadelphia,Startup,None,4.0,100.0,1,41428,56238,6.6
GRAD_001121,2020,21,Female,White,Regional,Finance,3.05,1,No,3,Non-profit,Los Angeles,Startup,None,2.0,0.0,4,65150,83808,6.9
GRAD_001122,2020,24,Male,White,Regional,Mathematics,2.79,3,No,1,Education,New York,Large,None,0.0,80.0,4,86418,102131,10.0
GRAD_001123,2015,22,Male,Asian,Top 50,Engineering,3.71,0,Yes,0,Government,Phoenix,Medium,None,1.0,60.0,9,95672,139454,8.7
GRAD_001124,2018,25,Female,Black,Regional,Business,3.64,1,No,1,Finance,Washington DC,Large,MBA,0.0,0.0,6,98855,163825,9.7
GRAD_001125,2015,23,Female,White,Top 100,Engineering,3.08,4,No,1,Energy,Boston,Small,Masters,0.0,20.0,9,147232,208602,3.6
GRAD_001126,2022,20,Female,Hispanic,Regional,Data Science,3.09,2,Yes,1,Retail,Denver,Large,Masters,3.0,0.0,2,76779,103076,5.7
GRAD_001127,2021,24,Male,White,Top 100,Political Science,3.27,1,Yes,0,Manufacturing,Seattle,Large,None,1.0,80.0,3,88621,108273,7.4
GRAD_001128,2016,24,Male,Asian,Top 50,Business,3.6,3,,1,Retail,Los Angeles,Startup,Masters,1.0,40.0,8,78946,151019,7.0
GRAD_001129,2018,20,Female,White,Top 10,Chemistry,3.76,2,No,2,Education,Atlanta,Fortune 500,MBA,0.0,20.0,6,82199,135681,6.1
GRAD_001130,2022,23,Female,White,Regional,Computer Science,2.79,0,No,1,Real Estate,Dallas,Medium,None,1.0,20.0,2,107380,114694,6.1
GRAD_001131,2016,24,Female,White,Regional,Biology,3.63,1,No,2,Technology,Phoenix,Large,Masters,1.0,40.0,8,71561,124367,6.8
GRAD_001132,2017,23,Female,White,Top 10,Communications,3.34,4,,4,Healthcare,Atlanta,Large,None,0.0,20.0,7,85253,118341,5.5
GRAD_001133,2020,21,Male,White,Top 100,Liberal Arts,3.24,4,No,1,Technology,Boston,Medium,None,1.0,60.0,4,92480,123977,2.4
GRAD_001134,2016,24,Female,Asian,Top 100,Engineering,2.88,1,Yes,1,Education,Phoenix,Startup,None,1.0,0.0,8,66382,83701,7.2
GRAD_001135,2019,23,Male,White,Regional,Business,3.24,3,No,0,Media,Washington DC,Small,Masters,6.0,0.0,5,84111,152115,8.4
GRAD_001136,2023,22,Female,Black,Top 100,Finance,3.26,1,No,0,Retail,Austin,Large,None,0.0,,1,85208,82029,5.3
GRAD_001137,2020,21,Female,Hispanic,Top 100,Data Science,3.18,0,,1,Retail,Austin,Medium,None,2.0,60.0,4,79567,94868,3.6
GRAD_001138,2021,23,Female,White,Top 100,Business,3.24,2,,1,Education,Los Angeles,Small,PhD,2.0,20.0,3,67721,94996,4.6
GRAD_001139,2021,21,Female,Asian,Top 100,Engineering,3.68,1,Yes,2,Healthcare,Boston,Large,None,2.0,60.0,3,117645,142496,8.1
GRAD_001140,2017,22,Female,Asian,Regional,Mathematics,3.41,3,No,0,Finance,Seattle,Medium,Masters,,40.0,7,136712,210480,10.0
GRAD_001141,2022,24,Male,Asian,Regional,Liberal Arts,3.64,4,No,2,Consulting,Boston,Large,MBA,3.0,40.0,2,94726,136339,8.5
GRAD_001142,2016,24,Female,Asian,Top 100,Biology,2.8,5,,1,Manufacturing,Boston,Small,PhD,1.0,0.0,8,95813,167760,5.2
GRAD_001143,2023,21,Male,Black,Top 100,Psychology,3.18,2,No,1,Energy,Austin,Large,None,1.0,40.0,1,91145,97329,4.0
GRAD_001144,2017,20,Male,Black,Top 10,Engineering,3.13,1,Yes,0,Education,Seattle,Large,None,2.0,60.0,7,121248,171880,5.7
GRAD_001145,2023,21,Female,Black,Top 50,Liberal Arts,3.5,1,No,0,Retail,Miami,Startup,None,0.0,0.0,1,53472,54281,7.2
GRAD_001146,2022,23,Male,Black,Regional,Psychology,3.38,1,No,0,Healthcare,Philadelphia,Startup,None,3.0,80.0,2,56129,68606,3.9
GRAD_001147,2017,21,Male,Asian,Top 50,Liberal Arts,3.57,2,No,2,Non-profit,Portland,Large,PhD,1.0,60.0,7,49176,92422,6.5
GRAD_001148,2016,24,Male,White,Top 50,Economics,3.86,1,No,2,Real Estate,Miami,Small,MBA,2.0,60.0,8,103682,226022,9.1
GRAD_001149,2016,21,Male,White,Top 50,Finance,3.38,2,No,1,Real Estate,New York,Medium,None,2.0,20.0,8,127819,210648,5.5
GRAD_001150,2017,21,Male,Hispanic,Top 100,Finance,3.29,1,No,0,Finance,Washington DC,Large,None,1.0,80.0,7,142123,219976,5.3
GRAD_001151,2021,22,Female,Black,Top 100,Computer Science,3.21,3,Yes,1,Finance,Los Angeles,Startup,JD,1.0,0.0,3,165586,226192,6.5
GRAD_001152,2020,23,Female,White,Top 100,Data Science,2.69,0,No,0,Manufacturing,Chicago,Medium,MD,3.0,60.0,4,103995,196349,5.7
GRAD_001153,2020,20,Female,Black,Regional,Engineering,2.86,3,No,0,Energy,Denver,Large,None,2.0,40.0,4,116852,152452,6.8
GRAD_001154,2015,22,Female,Hispanic,Top 10,Finance,2.73,3,No,0,Technology,Atlanta,Small,PhD,1.0,60.0,9,150646,296672,9.0
GRAD_001155,2015,22,Female,White,Top 50,Liberal Arts,3.11,4,No,2,Manufacturing,Washington DC,Large,Masters,2.0,0.0,9,90510,158147,6.7
GRAD_001156,2021,21,Male,Asian,Top 100,Biology,3.16,0,Yes,0,Healthcare,Seattle,Large,None,0.0,0.0,3,87867,105255,7.0
GRAD_001157,2022,23,Female,Other,Top 50,Liberal Arts,3.9,1,Yes,2,Manufacturing,Denver,Small,MBA,2.0,40.0,2,65153,94661,3.5
GRAD_001158,2018,22,Male,Hispanic,Regional,Engineering,3.34,1,No,0,Education,Austin,Fortune 500,None,0.0,20.0,6,85667,115438,8.1
GRAD_001159,2016,20,Male,White,Regional,Engineering,3.35,3,Yes,0,Non-profit,Denver,Medium,None,2.0,0.0,8,80495,127930,8.3
GRAD_001160,2018,22,Female,Black,Regional,Marketing,3.04,2,No,1,Healthcare,Philadelphia,Startup,None,2.0,80.0,6,76723,110864,8.0
GRAD_001161,2019,20,Female,White,Top 100,Psychology,3.25,2,No,1,Government,Los Angeles,Medium,None,1.0,40.0,5,72995,85032,2.1
GRAD_001162,2021,21,Male,White,Regional,Finance,2.53,1,Yes,0,Transportation,Austin,Large,MBA,1.0,40.0,3,81608,125461,7.1
GRAD_001163,2019,23,Male,White,Top 100,Liberal Arts,3.52,2,No,1,Manufacturing,Phoenix,Small,MBA,1.0,40.0,5,50299,79327,6.3
GRAD_001164,2023,22,Female,White,Regional,Economics,3.16,1,No,1,Finance,Phoenix,Large,None,2.0,0.0,1,73938,76831,6.2
GRAD_001165,2019,23,Female,Hispanic,Regional,Engineering,2.87,0,Yes,2,Real Estate,Philadelphia,Large,None,2.0,20.0,5,85159,103789,8.2
GRAD_001166,2017,22,Female,White,Top 100,Business,3.24,0,Yes,1,Manufacturing,Phoenix,Small,MBA,2.0,20.0,7,74737,139766,4.6
GRAD_001167,2017,21,Male,White,Top 100,Data Science,3.53,1,No,2,Education,San Francisco,Medium,None,3.0,40.0,7,116536,177212,7.8
GRAD_001168,2019,23,Female,White,Top 50,Liberal Arts,3.57,3,No,0,Real Estate,Seattle,Medium,MBA,1.0,,5,82266,126231,4.0
GRAD_001169,2022,23,Male,White,Top 50,Data Science,3.93,0,No,1,Retail,Denver,Startup,None,2.0,40.0,2,93604,106815,8.1
GRAD_001170,2022,20,Female,Black,Regional,Liberal Arts,3.26,3,No,2,Finance,Dallas,Fortune 500,None,3.0,20.0,2,77858,92783,6.5
GRAD_001171,2017,24,Male,Asian,Regional,Marketing,2.9,1,No,1,Retail,Atlanta,Medium,Masters,0.0,60.0,7,60279,85329,6.7
GRAD_001172,2015,24,Female,Asian,Top 100,Political Science,3.42,0,No,1,Finance,Seattle,Large,Masters,3.0,0.0,9,94431,188300,6.1
GRAD_001173,2022,23,Female,White,Regional,Communications,3.64,0,No,1,Consulting,Miami,Small,None,1.0,60.0,2,66856,75878,4.7
GRAD_001174,2017,22,Male,White,Top 50,Data Science,3.47,1,No,2,Healthcare,Denver,Startup,None,4.0,100.0,7,132013,206721,7.5
GRAD_001175,2022,25,Male,Black,Top 10,Chemistry,3.35,4,No,0,Retail,Boston,Large,Masters,3.0,40.0,2,104323,139717,5.9
GRAD_001176,2020,23,Female,Black,Top 10,Political Science,3.56,1,No,3,Non-profit,Boston,Large,MBA,0.0,0.0,4,67762,104601,8.3
GRAD_001177,2019,22,Male,White,Top 100,Political Science,3.18,0,Yes,4,Healthcare,Seattle,Large,PhD,0.0,20.0,5,93541,154725,5.0
GRAD_001178,2016,25,Male,White,Top 10,Engineering,3.32,2,No,1,Real Estate,Los Angeles,Medium,Masters,2.0,60.0,8,152390,236289,7.3
GRAD_001179,2021,24,Female,White,Regional,Mathematics,3.39,2,Yes,0,Retail,New York,Large,None,1.0,80.0,3,76266,86460,6.9
GRAD_001180,2022,20,Male,Asian,Regional,Communications,2.37,1,No,1,Real Estate,Boston,Medium,None,4.0,80.0,2,60674,81391,6.3
GRAD_001181,2019,21,Male,White,Regional,Data Science,3.07,5,No,0,Healthcare,Denver,Small,None,0.0,100.0,5,103421,135954,5.6
GRAD_001182,2019,23,Female,Asian,Regional,Business,2.86,3,No,3,Technology,Austin,Startup,Masters,1.0,0.0,5,94000,132521,7.9
GRAD_001183,2022,24,Female,White,Top 10,Biology,2.81,2,Yes,2,Non-profit,San Francisco,Large,None,1.0,0.0,2,83209,93407,5.8
GRAD_001184,2020,20,Male,Hispanic,Top 100,Computer Science,2.81,4,No,2,Retail,Austin,Fortune 500,JD,0.0,0.0,4,87937,133324,4.4
GRAD_001185,2022,23,Female,White,Top 100,Data Science,3.34,1,No,1,Manufacturing,Miami,Medium,MBA,2.0,0.0,2,87037,124294,5.9
GRAD_001186,2015,21,Male,White,Top 100,Data Science,3.49,2,No,1,Transportation,San Francisco,Medium,None,1.0,100.0,9,138887,184468,7.1
GRAD_001187,2022,23,Female,White,Regional,Business,2.9,0,No,1,Energy,Atlanta,Fortune 500,MBA,1.0,80.0,2,83566,116940,8.1
GRAD_001188,2017,21,Female,White,Regional,Computer Science,2.92,2,Yes,1,Finance,Boston,Small,Masters,2.0,20.0,7,155401,220507,7.8
GRAD_001189,2016,20,Male,Hispanic,Top 50,Marketing,3.44,1,No,0,Energy,Seattle,Large,None,0.0,80.0,8,99548,136716,9.4
GRAD_001190,2015,20,Male,White,Top 10,Economics,3.65,2,Yes,1,Education,Atlanta,Startup,Masters,2.0,0.0,9,83293,138323,7.6
GRAD_001191,2022,20,Male,Black,Regional,Economics,3.44,1,No,1,Finance,Atlanta,Small,None,6.0,40.0,2,100217,129034,9.9
GRAD_001192,2015,21,Female,Black,Top 100,Engineering,3.64,1,No,1,Technology,Atlanta,Small,None,0.0,0.0,9,108373,173255,7.6
GRAD_001193,2023,22,Male,Hispanic,Top 50,Engineering,3.24,2,No,0,Government,Chicago,Large,None,1.0,40.0,1,87019,94644,4.8
GRAD_001194,2020,21,Male,Other,Regional,Business,3.57,2,No,1,Energy,Phoenix,Medium,None,6.0,80.0,4,71929,109362,7.6
GRAD_001195,2021,22,Male,Hispanic,Regional,Business,3.18,3,No,2,Non-profit,Chicago,Medium,None,,20.0,3,53036,63781,7.4
GRAD_001196,2021,21,Female,Asian,Regional,Engineering,3.42,0,No,0,Real Estate,Portland,Medium,PhD,1.0,,3,93102,127122,8.2
GRAD_001197,2018,22,Female,Asian,Regional,Business,2.9,3,No,0,Non-profit,Austin,Small,None,2.0,20.0,6,53383,73868,7.9
GRAD_001198,2022,23,Male,White,Top 100,Finance,3.8,2,No,0,Non-profit,Denver,Large,PhD,0.0,40.0,2,85439,111145,6.3
GRAD_001199,2023,22,Female,Asian,Top 100,Liberal Arts,3.9,1,Yes,0,Technology,San Francisco,Small,MD,3.0,40.0,1,129051,202272,4.5
GRAD_001200,2018,23,Female,White,Top 100,Liberal Arts,3.36,1,No,1,Education,Washington DC,Fortune 500,None,2.0,80.0,6,55309,79967,6.5
GRAD_001201,2022,23,Female,Black,Top 10,Biology,3.88,0,No,0,Energy,New York,Large,None,,40.0,2,131434,138222,5.2
GRAD_001202,2022,22,Male,Black,Regional,Political Science,3.46,2,No,1,Healthcare,Atlanta,Large,Masters,0.0,80.0,2,63874,80797,4.0
GRAD_001203,2020,20,Male,White,Regional,Chemistry,3.27,2,No,2,Media,Dallas,Medium,MD,1.0,20.0,4,55156,108487,5.2
GRAD_001204,2018,22,Male,Asian,Top 100,Engineering,3.14,5,No,1,Government,Austin,Small,Masters,3.0,,6,110083,188147,7.7
GRAD_001205,2019,21,Male,Asian,Regional,Data Science,3.95,1,No,4,Non-profit,Denver,Fortune 500,None,0.0,60.0,5,69988,82702,6.5
GRAD_001206,2018,23,Male,White,Regional,Business,3.25,3,No,0,Media,Austin,Startup,MBA,1.0,20.0,6,86257,158103,9.6
GRAD_001207,2019,24,Male,White,Top 10,Political Science,3.3,2,Yes,1,Manufacturing,Philadelphia,Large,Masters,3.0,60.0,5,78613,127570,7.5
GRAD_001208,2023,22,Male,White,Top 100,Data Science,3.62,2,No,0,Government,Boston,Small,None,3.0,,1,123496,136572,9.2
GRAD_001209,2018,22,Female,Asian,Top 100,Marketing,3.43,0,Yes,1,Transportation,Chicago,Small,PhD,3.0,0.0,6,76080,111151,7.2
GRAD_001210,2021,23,Male,White,Top 100,Political Science,3.2,3,No,0,Transportation,San Francisco,Small,None,2.0,20.0,3,92494,116817,6.6
GRAD_001211,2018,21,Female,White,Regional,Liberal Arts,3.63,3,No,1,Transportation,Philadelphia,Large,None,3.0,40.0,6,50610,67503,4.4
GRAD_001212,2019,22,Male,White,Top 50,Marketing,2.75,0,No,0,Real Estate,Miami,Fortune 500,None,0.0,60.0,5,76156,104029,7.2
GRAD_001213,2016,20,Male,Hispanic,Top 100,Communications,3.27,0,No,0,Government,Atlanta,Large,None,2.0,0.0,8,51505,80337,4.3
GRAD_001214,2022,24,Male,Black,Regional,Liberal Arts,3.31,0,No,0,Education,San Francisco,Medium,Masters,2.0,20.0,2,62509,88043,8.1
GRAD_001215,2021,25,Female,Asian,Regional,Mathematics,3.25,1,No,3,Transportation,Austin,Large,Masters,2.0,40.0,3,69556,95922,5.6
GRAD_001216,2018,22,Male,Asian,Top 50,Engineering,3.59,2,No,0,Non-profit,Atlanta,Startup,JD,2.0,20.0,6,76189,136549,8.6
GRAD_001217,2020,21,Female,Hispanic,Top 50,Psychology,3.01,3,No,3,Non-profit,Austin,Large,Masters,4.0,20.0,4,63019,88637,9.3
GRAD_001218,2022,22,Male,White,Top 50,Business,3.26,2,Yes,0,Non-profit,Phoenix,Medium,None,2.0,40.0,2,51895,64402,6.3
GRAD_001219,2015,20,Female,White,Top 100,Liberal Arts,4.0,1,No,0,Healthcare,Austin,Large,None,3.0,0.0,9,89082,153040,7.5
GRAD_001220,2023,21,Male,White,Top 100,Biology,3.55,2,Yes,2,Retail,Miami,Large,PhD,0.0,60.0,1,62712,78844,5.5
GRAD_001221,2019,21,Male,White,Regional,Biology,3.65,1,Yes,2,Technology,New York,Startup,None,4.0,0.0,5,116886,159788,6.0
GRAD_001222,2022,21,Female,White,Regional,Liberal Arts,3.26,2,No,1,Technology,Seattle,Large,None,3.0,60.0,2,85300,101678,6.5
GRAD_001223,2022,22,Female,Asian,Top 50,Business,3.78,3,Yes,2,Government,Los Angeles,Startup,Masters,2.0,80.0,2,112591,136283,5.8
GRAD_001224,2015,23,Male,Asian,Top 100,Chemistry,2.75,0,No,0,Real Estate,Denver,Large,None,0.0,40.0,9,68700,119223,5.5
GRAD_001225,2022,22,Male,White,Top 100,Business,3.69,0,No,0,Retail,New York,Large,None,1.0,20.0,2,78017,89305,4.4
GRAD_001226,2021,23,Female,White,Regional,Engineering,3.21,2,Yes,0,Non-profit,Denver,Large,None,3.0,0.0,3,64096,82082,4.6
GRAD_001227,2015,23,Female,White,Top 100,Communications,3.06,4,No,0,Non-profit,Austin,Medium,Masters,1.0,80.0,9,53091,89134,5.0
GRAD_001228,2023,21,Female,White,Top 50,Liberal Arts,3.04,1,No,2,Education,New York,Small,None,3.0,0.0,1,66752,75597,6.0
GRAD_001229,2021,22,Female,White,Regional,Finance,3.27,0,No,0,Consulting,Miami,Large,None,3.0,80.0,3,104242,121437,8.0
GRAD_001230,2016,22,Female,White,Regional,Data Science,3.64,1,No,1,Manufacturing,Seattle,Fortune 500,Masters,4.0,40.0,8,129016,240339,7.0
GRAD_001231,2016,21,Male,White,Top 50,Liberal Arts,2.87,0,No,3,Education,Washington DC,Fortune 500,Masters,3.0,20.0,8,51841,89890,7.5
GRAD_001232,2020,23,Female,White,Regional,Business,3.82,1,No,1,Retail,Boston,Small,Masters,2.0,0.0,4,81311,106636,7.6
GRAD_001233,2015,20,Male,Asian,Regional,Liberal Arts,2.95,1,No,1,Transportation,Washington DC,Medium,None,2.0,20.0,9,61209,90146,6.5
GRAD_001234,2016,22,Female,White,Top 100,Business,3.18,1,No,1,Real Estate,Phoenix,Large,None,4.0,40.0,8,63128,112837,7.4
GRAD_001235,2023,22,Male,White,Top 100,Mathematics,3.11,3,No,3,Retail,Portland,Small,None,2.0,20.0,1,74557,84705,5.3
GRAD_001236,2021,23,Male,White,Top 50,Business,3.32,0,No,3,Non-profit,Denver,Medium,None,1.0,20.0,3,61520,77496,7.4
GRAD_001237,2020,24,Female,White,Top 50,Marketing,3.07,3,,0,Real Estate,Los Angeles,Medium,None,1.0,0.0,4,86881,102937,8.6
GRAD_001238,2017,22,Female,Asian,Top 50,Liberal Arts,3.1,3,No,1,Energy,Atlanta,Startup,Masters,1.0,60.0,7,82412,145714,6.3
GRAD_001239,2017,23,Female,White,Top 10,Business,2.87,0,Yes,0,Education,Boston,Large,PhD,1.0,20.0,7,89755,140782,7.5
GRAD_001240,2019,23,Male,White,Regional,Communications,3.35,1,Yes,0,Education,San Francisco,Fortune 500,None,1.0,100.0,5,73130,93130,5.1
GRAD_001241,2022,22,Female,Asian,Top 10,Computer Science,2.83,7,No,1,Consulting,Seattle,Large,None,1.0,0.0,2,191768,197857,6.0
GRAD_001242,2015,20,Female,White,Top 10,Chemistry,3.2,0,No,1,Education,Philadelphia,Medium,None,2.0,80.0,9,68826,119660,10.0
GRAD_001243,2015,24,Female,White,Top 50,Political Science,2.95,2,No,3,Consulting,Boston,Large,MBA,2.0,60.0,9,106178,209835,5.9
GRAD_001244,2022,22,Male,Asian,Regional,Business,2.92,0,No,0,Education,Boston,Fortune 500,Masters,3.0,100.0,2,77245,104320,8.2
GRAD_001245,2022,22,Female,Other,Top 50,Business,3.04,1,No,1,Finance,Philadelphia,Medium,None,1.0,40.0,2,94855,99350,8.0
GRAD_001246,2021,20,Male,White,Top 50,Business,3.0,2,No,3,Technology,Denver,Startup,JD,3.0,20.0,3,100401,166899,6.2
GRAD_001247,2019,20,Female,White,Regional,Engineering,3.45,2,Yes,0,Healthcare,Miami,Large,None,1.0,0.0,5,99367,131509,5.2
GRAD_001248,2016,25,Female,White,Top 50,Psychology,3.1,2,No,1,Technology,Los Angeles,Fortune 500,None,1.0,20.0,8,100423,166882,6.9
GRAD_001249,2016,22,Male,White,Regional,Finance,3.76,1,No,1,Retail,Miami,Startup,None,2.0,40.0,8,81517,121572,7.1
GRAD_001250,2023,20,Male,White,Regional,Psychology,3.06,2,,1,Media,San Francisco,Medium,None,3.0,0.0,1,74836,88180,5.8
GRAD_001251,2019,20,Male,Black,Top 10,Political Science,3.24,4,No,0,Energy,Portland,Large,MD,2.0,20.0,5,96982,203319,5.1
GRAD_001252,2021,22,Male,White,Top 100,Engineering,3.11,0,No,1,Healthcare,New York,Small,JD,1.0,0.0,3,124280,187502,8.3
GRAD_001253,2019,23,Female,White,Top 100,Marketing,3.26,4,No,1,Transportation,Washington DC,Small,PhD,2.0,0.0,5,77028,116650,7.5
GRAD_001254,2021,23,Male,Asian,Regional,Mathematics,3.29,3,No,1,Real Estate,Atlanta,Small,None,1.0,20.0,3,86979,101339,7.3
GRAD_001255,2017,23,Female,White,Regional,Marketing,3.28,0,No,1,Media,Washington DC,Large,None,2.0,80.0,7,62271,100139,5.3
GRAD_001256,2019,21,Female,Asian,Top 10,Political Science,3.52,0,No,0,Technology,Denver,Small,MBA,3.0,20.0,5,91403,153886,5.1
GRAD_001257,2018,22,Female,Asian,Top 100,Political Science,3.32,0,No,2,Finance,Phoenix,Medium,Masters,2.0,0.0,6,57398,99772,5.0
GRAD_001258,2017,22,Male,White,Top 100,Business,3.39,2,Yes,2,Energy,Austin,Medium,Masters,2.0,0.0,7,94599,147020,5.9
GRAD_001259,2020,22,Female,Asian,Regional,Chemistry,3.72,2,No,1,Finance,Boston,Startup,MBA,,0.0,4,114961,184354,6.8
GRAD_001260,2020,23,Male,Hispanic,Regional,Computer Science,3.19,4,Yes,2,Media,New York,Medium,None,4.0,40.0,4,133675,169241,6.9
GRAD_001261,2019,24,Female,Asian,Regional,Engineering,3.75,1,No,0,Manufacturing,Philadelphia,Fortune 500,None,4.0,60.0,5,104148,124317,6.4
GRAD_001262,2020,22,Female,Asian,Top 50,Economics,3.36,3,No,2,Finance,Boston,Medium,None,,80.0,4,123450,149207,6.5
GRAD_001263,2016,21,Female,Asian,Top 10,Political Science,2.36,0,Yes,2,Education,Denver,Small,Masters,4.0,0.0,8,50791,89198,8.1
GRAD_001264,2018,20,Female,Asian,Regional,Business,3.37,3,No,1,Manufacturing,Chicago,Large,None,2.0,0.0,6,79095,108386,8.6
GRAD_001265,2018,22,Male,White,Top 100,Marketing,3.79,1,Yes,0,Education,Los Angeles,Small,MD,3.0,0.0,6,74155,156229,10.0
GRAD_001266,2022,21,Female,Hispanic,Regional,Political Science,3.51,1,No,0,Transportation,Washington DC,Medium,None,3.0,20.0,2,63381,72814,6.7
GRAD_001267,2015,23,Male,Black,Top 50,Computer Science,3.26,3,No,2,Healthcare,Miami,Fortune 500,None,4.0,20.0,9,111879,215528,5.1
GRAD_001268,2018,23,Male,Asian,Top 100,Computer Science,3.11,0,No,2,Government,Dallas,Medium,None,3.0,80.0,6,102108,136482,7.2
GRAD_001269,2023,24,Male,Black,Regional,Business,3.87,1,No,2,Energy,New York,Startup,MBA,1.0,20.0,1,125266,165900,5.3
GRAD_001270,2018,22,Male,Asian,Regional,Data Science,3.33,1,No,1,Non-profit,Dallas,Fortune 500,Masters,3.0,40.0,6,60445,92648,3.4
GRAD_001271,2016,23,Female,White,Top 100,Engineering,2.89,0,Yes,1,Healthcare,Boston,Small,None,1.0,20.0,8,124865,180881,6.2
GRAD_001272,2022,21,Female,White,Regional,Computer Science,3.34,1,No,0,Consulting,Miami,Small,None,5.0,80.0,2,101545,128149,8.8
GRAD_001273,2015,20,Male,Asian,Top 50,Liberal Arts,3.0,1,No,1,Retail,San Francisco,Medium,Masters,5.0,0.0,9,73585,146686,7.8
GRAD_001274,2019,24,Female,Black,Top 100,Liberal Arts,2.48,1,No,1,Healthcare,Boston,Small,None,1.0,0.0,5,66886,78073,6.0
GRAD_001275,2022,24,Male,Asian,Top 100,Communications,3.3,3,No,2,Energy,Miami,Medium,Masters,0.0,0.0,2,75080,91888,5.0
GRAD_001276,2023,22,Male,White,Top 10,Economics,3.32,0,No,1,Transportation,Chicago,Medium,None,3.0,20.0,1,86801,99051,6.8
GRAD_001277,2017,20,Male,White,Top 10,Business,3.18,0,No,2,Retail,Boston,Small,None,3.0,60.0,7,102234,135698,7.7
GRAD_001278,2018,24,Female,Asian,Regional,Biology,3.18,2,No,1,Finance,Washington DC,Small,None,0.0,20.0,6,82519,104212,5.8
GRAD_001279,2020,24,Male,Asian,Regional,Computer Science,3.35,1,Yes,2,Media,Philadelphia,Medium,None,1.0,100.0,4,78972,92695,4.2
GRAD_001280,2017,22,Male,Black,Regional,Computer Science,3.06,1,No,2,Retail,Miami,Large,None,1.0,20.0,7,79477,123516,4.9
GRAD_001281,2016,24,Male,White,Top 100,Engineering,2.91,1,No,3,Transportation,Miami,Startup,Masters,0.0,0.0,8,95197,155017,6.3
GRAD_001282,2019,22,Female,Hispanic,Top 100,Business,2.85,2,Yes,0,Technology,Seattle,Large,MBA,6.0,40.0,5,125690,231202,7.0
GRAD_001283,2015,22,Male,White,Top 100,Engineering,3.16,1,No,0,Government,Denver,Medium,Masters,2.0,20.0,9,79342,143238,4.4
GRAD_001284,2023,20,Female,White,Regional,Political Science,3.39,2,No,2,Education,New York,Medium,Masters,1.0,0.0,1,68459,82440,8.6
GRAD_001285,2018,24,Male,White,Top 100,Political Science,2.51,1,No,1,Media,Philadelphia,Startup,None,5.0,20.0,6,49554,81094,6.0
GRAD_001286,2018,20,Female,Black,Regional,Marketing,3.47,0,Yes,2,Technology,Miami,Large,Masters,,80.0,6,74240,106662,9.0
GRAD_001287,2022,25,Male,White,Top 50,Business,3.19,2,No,2,Media,Dallas,Medium,PhD,1.0,60.0,2,78642,104110,8.3
GRAD_001288,2018,25,Other,White,Regional,Marketing,3.09,3,No,1,Manufacturing,Los Angeles,Large,None,4.0,0.0,6,79651,121164,8.2
GRAD_001289,2022,20,Female,White,Top 100,Computer Science,3.81,2,No,2,Education,Phoenix,Large,None,0.0,40.0,2,82181,86876,7.0
GRAD_001290,2017,24,Female,Asian,Top 100,Chemistry,3.71,1,No,1,Transportation,Washington DC,Medium,None,1.0,20.0,7,95239,130609,6.1
GRAD_001291,2020,22,Male,White,Regional,Biology,3.49,2,No,1,Energy,Miami,Large,None,2.0,40.0,4,72448,91232,3.4
GRAD_001292,2022,23,Female,White,Top 10,Engineering,2.94,1,No,0,Healthcare,Atlanta,Small,None,1.0,40.0,2,108488,119744,7.5
GRAD_001293,2019,20,Female,White,Top 100,Engineering,3.72,0,No,1,Education,Denver,Small,None,2.0,0.0,5,80660,98699,7.1
GRAD_001294,2015,22,Female,Asian,Regional,Engineering,2.94,0,No,0,Non-profit,Boston,Medium,MBA,3.0,40.0,9,66324,148295,6.6
GRAD_001295,2021,20,Female,Other,Top 10,Engineering,3.19,1,No,2,Consulting,Miami,Medium,None,0.0,40.0,3,140673,148672,6.4
GRAD_001296,2019,21,Male,Asian,Top 50,Computer Science,3.38,1,No,2,Transportation,Miami,Small,JD,3.0,0.0,5,110042,188781,7.8
GRAD_001297,2018,24,Male,Black,Top 50,Economics,2.56,2,Yes,1,Energy,Phoenix,Large,None,4.0,20.0,6,97370,128285,6.8
GRAD_001298,2023,23,Male,Black,Top 10,Computer Science,3.39,3,Yes,1,Healthcare,Philadelphia,Large,None,,60.0,1,137656,146683,3.9
GRAD_001299,2022,23,Male,White,Regional,Biology,3.01,1,Yes,1,Technology,San Francisco,Medium,None,2.0,60.0,2,125856,145909,6.8
GRAD_001300,2015,21,Male,Black,Regional,Engineering,3.14,1,No,2,Media,Chicago,Fortune 500,PhD,0.0,0.0,9,91009,189831,9.4
GRAD_001301,2020,21,Male,White,Top 100,Marketing,2.88,0,No,0,Manufacturing,Atlanta,Medium,None,1.0,20.0,4,66649,85117,4.0
GRAD_001302,2018,20,Female,White,Regional,Communications,3.67,3,No,4,Transportation,Miami,Startup,None,0.0,0.0,6,66755,80830,5.6
GRAD_001303,2015,23,Female,White,Top 100,Business,3.18,0,No,0,Energy,Austin,Medium,JD,2.0,60.0,9,88898,159313,7.9
GRAD_001304,2015,25,Male,Asian,Top 100,Economics,3.3,2,Yes,1,Real Estate,New York,Medium,PhD,5.0,0.0,9,133614,228787,6.0
GRAD_001305,2020,24,Female,Hispanic,Top 100,Communications,3.87,3,No,1,Technology,Chicago,Large,MBA,3.0,40.0,4,105748,152401,4.3
GRAD_001306,2018,22,Female,White,Top 100,Computer Science,3.63,1,No,1,Consulting,Miami,Startup,None,2.0,0.0,6,122629,156633,3.6
GRAD_001307,2021,23,Male,Black,Top 100,Liberal Arts,3.32,2,Yes,0,Technology,Dallas,Medium,MBA,2.0,40.0,3,77737,124924,9.4
GRAD_001308,2019,22,Female,White,Regional,Finance,3.05,0,Yes,3,Education,Austin,Medium,Masters,0.0,20.0,5,62284,92238,9.5
GRAD_001309,2022,23,Male,Other,Regional,Data Science,3.04,1,,1,Healthcare,Washington DC,Fortune 500,Masters,1.0,0.0,2,118879,151894,8.2
GRAD_001310,2022,25,Male,Other,Top 100,Computer Science,3.45,3,No,1,Energy,Boston,Large,None,2.0,0.0,2,163142,181061,6.9
GRAD_001311,2021,21,Female,Asian,Regional,Psychology,2.97,1,No,0,Transportation,Denver,Large,None,3.0,20.0,3,67510,82366,8.7
GRAD_001312,2019,21,Male,Asian,Regional,Communications,2.64,1,,1,Non-profit,San Francisco,Medium,None,,0.0,5,60813,85725,6.9
GRAD_001313,2023,22,Female,Other,Regional,Computer Science,3.03,2,No,1,Healthcare,Dallas,Startup,None,,20.0,1,115079,114788,5.1
GRAD_001314,2018,22,Female,White,Top 50,Business,3.44,5,No,0,Retail,Miami,Medium,None,1.0,40.0,6,72901,95227,3.1
GRAD_001315,2020,23,Female,Asian,Regional,Computer Science,3.08,0,No,1,Media,Chicago,Medium,None,1.0,20.0,4,87672,105384,6.6
GRAD_001316,2020,22,Female,White,Top 100,Political Science,3.66,1,Yes,2,Finance,Seattle,Large,None,2.0,40.0,4,105142,123215,8.5
GRAD_001317,2019,21,Female,White,Top 100,Economics,3.07,1,No,1,Real Estate,Phoenix,Large,None,2.0,60.0,5,72340,97717,5.2
GRAD_001318,2016,21,Female,White,Top 50,Biology,3.23,2,No,0,Technology,Seattle,Large,Masters,,20.0,8,136115,201574,7.1
GRAD_001319,2018,20,Male,Asian,Top 50,Business,3.03,3,No,1,Non-profit,Philadelphia,Fortune 500,None,5.0,60.0,6,64680,99392,3.7
GRAD_001320,2017,22,Female,White,Regional,Engineering,3.25,2,No,1,Media,Philadelphia,Large,None,5.0,0.0,7,73881,110993,8.2
GRAD_001321,2023,24,Male,Asian,Regional,Data Science,2.91,2,No,0,Technology,Phoenix,Large,None,2.0,60.0,1,121899,132104,7.0
GRAD_001322,2021,23,Female,White,Top 100,Mathematics,3.75,0,No,0,Non-profit,Austin,Medium,Masters,4.0,40.0,3,59203,84755,7.2
GRAD_001323,2018,23,Female,White,Regional,Business,3.64,2,Yes,2,Energy,Boston,Startup,MBA,3.0,20.0,6,88079,154416,7.3
GRAD_001324,2020,20,Female,Asian,Regional,Communications,2.83,0,Yes,1,Real Estate,Boston,Fortune 500,Masters,3.0,0.0,4,73232,99132,6.5
GRAD_001325,2022,20,Other,White,Top 10,Psychology,3.66,2,,2,Government,Miami,Small,None,0.0,80.0,2,76448,81688,8.1
GRAD_001326,2023,22,Female,Black,Top 50,Engineering,3.79,1,,0,Consulting,Chicago,Small,None,1.0,20.0,1,151979,153380,5.3
GRAD_001327,2015,24,Female,White,Top 50,Engineering,3.5,1,No,0,Media,Atlanta,Small,Masters,4.0,20.0,9,78795,164369,5.2
GRAD_001328,2022,23,Male,White,Top 100,Engineering,3.72,2,Yes,0,Finance,Dallas,Medium,MD,4.0,,2,107699,184282,9.8
GRAD_001329,2023,21,Female,Black,Regional,Liberal Arts,3.33,0,No,1,Real Estate,Phoenix,Large,Masters,2.0,0.0,1,58324,72110,8.7
GRAD_001330,2019,25,Male,White,Top 100,Political Science,3.52,0,No,1,Transportation,Denver,Fortune 500,None,1.0,0.0,5,64594,78483,4.7
GRAD_001331,2023,20,Female,Hispanic,Regional,Computer Science,3.47,1,No,1,Education,Seattle,Medium,None,,60.0,1,88452,89467,4.4
GRAD_001332,2023,22,Female,White,Top 100,Chemistry,2.98,0,No,2,Healthcare,New York,Small,None,0.0,40.0,1,108905,108009,6.4
GRAD_001333,2021,22,Female,Asian,Regional,Business,3.6,0,No,2,Education,Chicago,Startup,MBA,0.0,100.0,3,64429,84428,6.3
GRAD_001334,2022,22,Female,White,Top 10,Business,3.43,0,No,1,Consulting,Chicago,Startup,Masters,1.0,80.0,2,109473,129613,7.9
GRAD_001335,2018,23,Male,White,Regional,Liberal Arts,2.93,2,Yes,1,Finance,Phoenix,Large,JD,2.0,80.0,6,67084,129801,7.9
GRAD_001336,2023,22,Male,Other,Top 10,Engineering,2.73,3,No,0,Government,Chicago,Medium,MBA,3.0,0.0,1,129749,176110,6.6
GRAD_001337,2020,20,Female,White,Top 50,Engineering,3.39,1,No,1,Education,Dallas,Small,Masters,2.0,80.0,4,71446,100543,7.4
GRAD_001338,2020,22,Female,Asian,Top 10,Engineering,3.25,4,No,1,Government,Seattle,Small,None,0.0,60.0,4,136817,156322,5.1
GRAD_001339,2022,22,Male,White,Top 100,Business,2.86,2,No,1,Consulting,Portland,Startup,None,3.0,100.0,2,96675,118956,7.4
GRAD_001340,2023,23,Male,Asian,Top 50,Communications,3.73,3,No,0,Technology,Philadelphia,Small,Masters,1.0,0.0,1,112650,138729,5.8
GRAD_001341,2021,24,Male,White,Top 10,Psychology,3.46,4,No,2,Healthcare,Atlanta,Small,MBA,3.0,0.0,3,78426,123390,5.5
GRAD_001342,2015,21,Female,Hispanic,Regional,Liberal Arts,3.46,0,No,0,Consulting,Denver,Large,None,1.0,0.0,9,75429,102803,7.1
GRAD_001343,2020,25,Female,White,Top 10,Computer Science,3.35,2,No,2,Government,Dallas,Large,None,1.0,60.0,4,111988,127546,4.1
GRAD_001344,2022,21,Female,White,Top 100,Business,2.87,2,No,2,Manufacturing,Los Angeles,Fortune 500,None,2.0,40.0,2,79219,91661,5.8
GRAD_001345,2020,21,Male,White,Regional,Political Science,2.93,1,No,1,Education,Phoenix,Small,None,2.0,20.0,4,46436,59259,6.9
GRAD_001346,2023,21,Male,White,Regional,Data Science,3.73,2,No,1,Consulting,Chicago,Fortune 500,None,0.0,60.0,1,122858,129780,6.1
GRAD_001347,2023,20,Female,White,Regional,Data Science,3.38,1,No,1,Media,Miami,Medium,None,0.0,,1,77432,75680,3.9
GRAD_001348,2020,21,Female,White,Top 50,Engineering,2.93,1,No,3,Energy,Dallas,Medium,None,2.0,100.0,4,99895,128266,8.9
GRAD_001349,2019,24,Male,White,Regional,Business,3.27,1,,1,Government,Boston,Medium,Masters,1.0,40.0,5,85210,130334,8.0
GRAD_001350,2015,23,Female,Asian,Top 100,Business,3.47,1,Yes,0,Real Estate,Atlanta,Medium,None,1.0,0.0,9,79412,109587,7.0
GRAD_001351,2021,22,Female,White,Top 50,Psychology,3.12,3,No,0,Real Estate,Miami,Large,JD,3.0,,3,65547,106050,8.9
GRAD_001352,2017,23,Male,White,Regional,Chemistry,3.37,3,,1,Finance,Dallas,Small,MBA,,60.0,7,94231,152181,4.8
GRAD_001353,2021,24,Female,Asian,Top 10,Finance,3.66,1,Yes,2,Retail,Portland,Startup,None,0.0,20.0,3,80763,87670,2.8
GRAD_001354,2022,21,Female,White,Regional,Psychology,3.91,3,No,0,Education,Los Angeles,Large,JD,3.0,0.0,2,58648,86947,6.7
GRAD_001355,2019,23,Female,White,Top 100,Computer Science,2.67,1,No,2,Technology,Chicago,Large,MD,5.0,20.0,5,130990,250523,4.6
GRAD_001356,2015,22,Male,Asian,Regional,Chemistry,3.62,1,No,0,Non-profit,Miami,Medium,None,5.0,,9,47651,84515,4.7
GRAD_001357,2022,21,Female,Asian,Top 100,Chemistry,3.47,4,No,0,Real Estate,Dallas,Small,None,3.0,40.0,2,84603,102224,9.5
GRAD_001358,2020,23,Male,Hispanic,Regional,Business,3.41,2,No,1,Energy,Denver,Large,None,0.0,20.0,4,92089,109182,6.9
GRAD_001359,2018,22,Male,White,Top 100,Business,2.99,2,No,1,Government,Dallas,Fortune 500,PhD,0.0,20.0,6,75516,129237,4.1
GRAD_001360,2021,21,Male,White,Top 100,Mathematics,3.45,1,No,1,Energy,Washington DC,Startup,MBA,0.0,0.0,3,111119,159167,8.0
GRAD_001361,2021,20,Male,Black,Regional,Business,3.12,3,No,0,Manufacturing,Chicago,Small,None,,20.0,3,80506,97646,4.7
GRAD_001362,2016,21,Female,Asian,Top 100,Communications,3.45,2,Yes,1,Retail,Atlanta,Startup,MD,4.0,0.0,8,50713,109866,6.0
GRAD_001363,2021,21,Male,Black,Regional,Marketing,3.46,2,Yes,0,Media,Portland,Large,Masters,1.0,0.0,3,64923,90142,7.1
GRAD_001364,2018,24,Female,White,Regional,Engineering,3.74,0,No,2,Real Estate,Miami,Large,None,,100.0,6,93866,131334,7.2
GRAD_001365,2022,22,Female,Asian,Top 100,Economics,3.58,0,No,1,Non-profit,Chicago,Large,None,3.0,80.0,2,54972,62878,7.1
GRAD_001366,2023,21,Male,White,Top 100,Computer Science,2.63,0,No,1,Education,Atlanta,Startup,MBA,2.0,80.0,1,76381,104518,5.0
GRAD_001367,2016,24,Female,Hispanic,Top 50,Psychology,3.32,1,No,1,Education,Philadelphia,Large,Masters,1.0,40.0,8,52641,100136,7.2
GRAD_001368,2023,24,Female,White,Top 100,Biology,3.76,1,No,0,Government,Chicago,Large,None,1.0,60.0,1,69199,70050,5.2
GRAD_001369,2023,21,Female,White,Top 100,Business,2.78,3,No,1,Healthcare,Denver,Medium,None,1.0,40.0,1,104699,110053,7.2
GRAD_001370,2018,20,Male,Black,Top 50,Marketing,3.26,0,No,1,Transportation,Chicago,Large,None,,0.0,6,79980,118988,5.1
GRAD_001371,2015,23,Male,White,Regional,Computer Science,3.42,2,Yes,0,Healthcare,Miami,Medium,MBA,2.0,0.0,9,123004,273991,5.4
GRAD_001372,2021,22,Female,Asian,Top 100,Engineering,2.51,2,No,0,Finance,San Francisco,Startup,None,1.0,20.0,3,149530,174148,5.7
GRAD_001373,2018,21,Female,White,Regional,Business,3.42,1,Yes,1,Consulting,San Francisco,Large,Masters,,,6,103194,175178,7.3
GRAD_001374,2017,24,Female,White,Regional,Finance,3.08,0,No,0,Finance,Phoenix,Small,None,3.0,0.0,7,92781,131766,6.0
GRAD_001375,2016,22,Male,White,Regional,Data Science,3.36,2,Yes,0,Technology,Philadelphia,Small,None,3.0,,8,106240,171132,7.8
GRAD_001376,2017,25,Female,White,Regional,Economics,3.38,0,No,2,Education,Seattle,Small,Masters,3.0,20.0,7,84816,146907,7.9
GRAD_001377,2017,22,Female,Asian,Regional,Political Science,3.21,1,No,0,Transportation,Chicago,Large,None,1.0,0.0,7,62948,92043,7.2
GRAD_001378,2022,22,Other,White,Regional,Economics,3.3,0,No,0,Finance,Philadelphia,Medium,Masters,3.0,0.0,2,88442,120851,6.7
GRAD_001379,2022,25,Male,White,Regional,Mathematics,2.93,3,No,0,Consulting,Philadelphia,Medium,None,0.0,0.0,2,97484,108462,7.2
GRAD_001380,2019,22,Female,Hispanic,Top 50,Finance,3.26,2,No,0,Technology,Austin,Small,None,2.0,0.0,5,142923,178929,5.1
GRAD_001381,2020,21,Male,White,Top 50,Mathematics,3.1,1,No,1,Non-profit,Miami,Small,Masters,3.0,60.0,4,67516,107692,8.9
GRAD_001382,2023,20,Male,White,Top 100,Engineering,3.43,2,Yes,1,Manufacturing,Seattle,Small,None,3.0,60.0,1,131980,149116,3.9
GRAD_001383,2023,21,Male,Hispanic,Regional,Marketing,3.31,1,No,1,Energy,Austin,Fortune 500,None,4.0,20.0,1,81738,99264,5.0
GRAD_001384,2022,22,Male,White,Top 100,Business,2.93,4,No,1,Manufacturing,San Francisco,Large,None,1.0,40.0,2,129775,141414,6.1
GRAD_001385,2018,23,Female,Hispanic,Regional,Marketing,3.02,1,Yes,0,Healthcare,Chicago,Medium,Masters,0.0,,6,76785,117773,7.7
GRAD_001386,2018,20,Male,White,Top 50,Finance,3.02,1,No,1,Finance,Chicago,Medium,None,3.0,20.0,6,138134,176173,8.2
GRAD_001387,2023,22,Female,Other,Top 50,Business,3.27,0,No,2,Retail,Los Angeles,Small,None,4.0,40.0,1,72289,87636,7.6
GRAD_001388,2023,24,Male,Black,Regional,Business,3.34,1,No,0,Technology,Dallas,Large,JD,0.0,20.0,1,75761,103287,8.0
GRAD_001389,2022,22,Male,Hispanic,Top 100,Communications,3.27,1,No,0,Government,Portland,Large,None,2.0,60.0,2,59460,72955,6.6
GRAD_001390,2022,24,Male,White,Top 10,Business,3.35,2,Yes,1,Transportation,Chicago,Large,None,2.0,60.0,2,95504,114945,5.7
GRAD_001391,2020,20,Female,Asian,Top 50,Communications,3.11,0,Yes,0,Manufacturing,Philadelphia,Medium,Masters,4.0,40.0,4,56119,86291,6.0
GRAD_001392,2018,22,Male,Hispanic,Top 100,Computer Science,3.02,2,No,3,Non-profit,Philadelphia,Medium,None,1.0,40.0,6,82108,126097,5.0
GRAD_001393,2017,22,Female,White,Top 100,Business,2.82,0,Yes,0,Finance,Los Angeles,Startup,None,0.0,60.0,7,107525,164700,6.5
GRAD_001394,2016,23,Female,White,Top 100,Chemistry,3.17,2,Yes,1,Consulting,Austin,Medium,JD,1.0,,8,90883,156147,5.8
GRAD_001395,2021,21,Female,White,Regional,Computer Science,3.08,0,,0,Retail,Portland,Large,None,2.0,0.0,3,86974,107269,6.6
GRAD_001396,2022,23,Male,Asian,Top 100,Engineering,4.0,0,No,1,Non-profit,New York,Fortune 500,None,,0.0,2,113447,126199,10.0
GRAD_001397,2018,23,Female,White,Top 100,Psychology,4.0,0,No,2,Finance,Atlanta,Small,None,0.0,80.0,6,78847,93556,4.1
GRAD_001398,2015,22,Female,Asian,Top 50,Business,3.47,2,No,1,Technology,Denver,Fortune 500,None,,0.0,9,123859,177977,9.3
GRAD_001399,2023,23,Male,White,Top 50,Liberal Arts,2.98,1,No,1,Healthcare,Denver,Startup,MBA,4.0,0.0,1,68437,101314,4.4
GRAD_001400,2019,22,Female,White,Top 100,Biology,3.27,3,No,3,Manufacturing,San Francisco,Large,None,3.0,60.0,5,103146,124576,5.6
GRAD_001401,2023,21,Male,Asian,Top 50,Data Science,3.39,1,,2,Retail,Austin,Large,JD,2.0,80.0,1,96044,136921,10.0
GRAD_001402,2021,22,Male,White,Top 100,Economics,2.53,1,No,1,Finance,Los Angeles,Large,None,1.0,0.0,3,122107,148033,5.4
GRAD_001403,2016,20,Male,Asian,Top 100,Business,3.29,2,No,2,Non-profit,Seattle,Fortune 500,None,2.0,0.0,8,64400,100178,8.9
GRAD_001404,2018,20,Female,Other,Top 50,Data Science,2.83,2,Yes,1,Finance,Miami,Large,None,1.0,20.0,6,115905,167409,9.7
GRAD_001405,2021,22,Female,Asian,Top 50,Liberal Arts,3.18,1,Yes,3,Finance,Denver,Small,None,0.0,0.0,3,88972,98938,7.1
GRAD_001406,2021,20,Female,White,Regional,Engineering,3.0,1,No,0,Education,Atlanta,Fortune 500,PhD,2.0,60.0,3,63222,88935,4.8
GRAD_001407,2017,22,Female,Black,Regional,Engineering,3.27,2,,0,Media,Los Angeles,Large,None,0.0,20.0,7,87537,104021,7.5
GRAD_001408,2017,23,Female,White,Regional,Chemistry,3.14,1,Yes,2,Healthcare,Miami,Small,None,0.0,100.0,7,69851,95847,5.3
GRAD_001409,2018,22,Female,White,Top 100,Engineering,3.37,2,No,0,Healthcare,San Francisco,Small,Masters,2.0,40.0,6,150388,222973,5.9
GRAD_001410,2022,25,Male,White,Regional,Business,3.56,1,Yes,4,Non-profit,Seattle,Large,None,1.0,40.0,2,76834,90773,5.0
GRAD_001411,2017,23,Male,White,Top 100,Biology,3.5,1,Yes,1,Real Estate,Washington DC,Medium,Masters,2.0,20.0,7,70109,105286,10.0
GRAD_001412,2021,22,Female,White,Top 50,Chemistry,3.95,3,Yes,0,Consulting,Miami,Small,Masters,5.0,0.0,3,109476,158306,4.9
GRAD_001413,2022,23,Male,Hispanic,Top 100,Liberal Arts,3.14,1,No,1,Government,Dallas,Startup,None,1.0,60.0,2,47704,56272,5.9
GRAD_001414,2019,20,Female,White,Regional,Economics,3.79,3,Yes,0,Non-profit,Los Angeles,Large,None,5.0,0.0,5,80508,115810,4.5
GRAD_001415,2015,24,Male,White,Top 50,Communications,2.95,1,No,2,Consulting,Chicago,Small,PhD,2.0,0.0,9,83959,177605,8.6
GRAD_001416,2016,21,Female,Asian,Regional,Computer Science,2.69,1,Yes,0,Education,Seattle,Startup,None,,60.0,8,100253,139720,8.8
GRAD_001417,2018,24,Male,White,Top 50,Political Science,3.49,0,No,0,Non-profit,Atlanta,Small,None,2.0,0.0,6,51089,74016,7.1
GRAD_001418,2017,23,Female,Hispanic,Top 50,Political Science,3.83,0,Yes,1,Consulting,Phoenix,Medium,None,4.0,80.0,7,85063,127786,6.0
GRAD_001419,2018,23,Male,Black,Regional,Economics,3.02,2,Yes,0,Real Estate,Austin,Large,Masters,3.0,80.0,6,83648,124875,7.0
GRAD_001420,2020,21,Female,White,Top 50,Business,3.48,0,No,0,Government,Washington DC,Large,None,4.0,,4,95052,112280,6.8
GRAD_001421,2015,20,Male,Asian,Regional,Marketing,3.02,0,No,1,Non-profit,New York,Medium,None,4.0,0.0,9,58552,107012,4.9
GRAD_001422,2015,20,Female,White,Regional,Business,3.68,2,No,0,Manufacturing,Philadelphia,Small,None,0.0,40.0,9,76847,115148,7.9
GRAD_001423,2022,20,Female,Asian,Top 50,Psychology,3.67,2,Yes,1,Finance,Washington DC,Large,MBA,1.0,40.0,2,93321,123563,7.4
GRAD_001424,2020,21,Male,White,Top 100,Chemistry,3.43,0,No,1,Consulting,Atlanta,Large,None,2.0,20.0,4,70890,92371,5.0
GRAD_001425,2023,21,Male,White,Regional,Business,2.9,1,No,0,Real Estate,Seattle,Startup,Masters,2.0,40.0,1,88629,112253,7.6
GRAD_001426,2015,24,Female,Asian,Top 100,Data Science,3.44,1,No,2,Manufacturing,Atlanta,Small,Masters,2.0,20.0,9,78147,153038,8.6
GRAD_001427,2015,20,Male,White,Top 10,Biology,2.71,2,Yes,1,Non-profit,Phoenix,Medium,None,2.0,0.0,9,63112,100856,7.0
GRAD_001428,2021,25,Female,Asian,Top 50,Chemistry,3.3,1,No,2,Consulting,Portland,Fortune 500,None,2.0,40.0,3,93598,113126,6.8
GRAD_001429,2019,20,Female,Black,Regional,Engineering,3.02,2,No,2,Energy,Los Angeles,Startup,Masters,7.0,40.0,5,121398,192146,7.1
GRAD_001430,2023,21,Male,White,Top 100,Computer Science,3.34,2,Yes,0,Retail,New York,Startup,Masters,3.0,20.0,1,126938,160638,6.0
GRAD_001431,2022,20,Female,White,Top 10,Computer Science,3.31,2,No,0,Technology,Austin,Large,MBA,1.0,20.0,2,204200,272792,8.4
GRAD_001432,2020,22,Female,White,Top 100,Engineering,3.35,0,No,1,Energy,Portland,Large,MBA,2.0,40.0,4,91947,134298,4.4
GRAD_001433,2019,22,Male,White,Regional,Psychology,2.76,0,Yes,0,Real Estate,Boston,Medium,MBA,1.0,40.0,5,73549,125720,7.5
GRAD_001434,2022,22,Female,Black,Regional,Business,2.89,1,No,0,Consulting,Miami,Large,MBA,1.0,100.0,2,79346,103757,9.1
GRAD_001435,2022,23,Male,White,Top 100,Engineering,3.92,1,No,3,Education,Atlanta,Fortune 500,MBA,,0.0,2,74917,109053,6.0
GRAD_001436,2018,23,Female,White,Regional,Data Science,3.59,0,Yes,0,Consulting,Denver,Large,None,2.0,20.0,6,117868,164847,6.4
GRAD_001437,2021,20,Male,Black,Top 100,Engineering,3.4,1,Yes,1,Retail,New York,Medium,Masters,4.0,40.0,3,96051,140559,6.3
GRAD_001438,2021,22,Female,White,Top 100,Engineering,2.76,2,No,1,Healthcare,Miami,Fortune 500,MD,0.0,,3,105834,185207,6.4
GRAD_001439,2022,23,Male,Other,Top 100,Business,3.41,2,No,1,Technology,Austin,Medium,None,,60.0,2,118451,138271,5.4
GRAD_001440,2022,20,Male,Hispanic,Top 50,Biology,3.42,0,No,1,Retail,Portland,Fortune 500,None,2.0,20.0,2,57404,71146,4.5
GRAD_001441,2017,26,Female,Black,Regional,Economics,3.15,2,No,0,Energy,Atlanta,Startup,None,4.0,20.0,7,73964,110880,4.6
GRAD_001442,2022,26,Female,Asian,Regional,Engineering,2.89,0,No,2,Real Estate,Atlanta,Small,None,1.0,80.0,2,73981,80383,7.4
GRAD_001443,2023,22,Female,Other,Regional,Engineering,3.07,1,No,3,Media,Miami,Large,MBA,1.0,20.0,1,73727,94571,4.0
GRAD_001444,2016,20,Female,White,Top 100,Finance,3.65,2,No,0,Healthcare,Seattle,Fortune 500,Masters,0.0,60.0,8,134419,207039,4.4
GRAD_001445,2020,21,Male,Asian,Regional,Business,3.57,3,No,3,Education,Austin,Fortune 500,Masters,1.0,0.0,4,75007,102593,9.4
GRAD_001446,2019,22,Female,White,Top 100,Data Science,3.64,1,Yes,2,Government,Portland,Medium,None,2.0,40.0,5,89138,107571,7.1
GRAD_001447,2019,23,Female,Black,Regional,Marketing,3.5,2,No,1,Consulting,New York,Small,None,4.0,40.0,5,103246,143583,6.9
GRAD_001448,2021,20,Male,White,Top 100,Liberal Arts,2.98,2,No,0,Technology,San Francisco,Medium,None,4.0,0.0,3,115228,149722,4.0
GRAD_001449,2016,21,Female,Asian,Regional,Economics,2.72,1,No,1,Transportation,Washington DC,Medium,None,2.0,20.0,8,85959,127323,6.1
GRAD_001450,2022,22,Female,White,Regional,Political Science,3.28,1,Yes,2,Healthcare,Seattle,Large,MBA,2.0,,2,83138,110800,5.6
GRAD_001451,2015,20,Female,Black,Top 100,Business,3.64,2,No,0,Real Estate,Portland,Fortune 500,None,2.0,20.0,9,75896,118287,7.2
GRAD_001452,2020,22,Male,White,Top 50,Engineering,3.65,1,No,1,Media,Phoenix,Fortune 500,None,2.0,40.0,4,69260,84013,3.0
GRAD_001453,2017,23,Male,Black,Top 10,Mathematics,2.94,1,No,1,Healthcare,Philadelphia,Fortune 500,Masters,3.0,60.0,7,99614,192465,8.8
GRAD_001454,2021,22,Male,Asian,Regional,Economics,3.42,2,Yes,0,Technology,Austin,Large,None,1.0,20.0,3,100471,125491,4.5
GRAD_001455,2020,21,Female,Other,Regional,Finance,3.04,1,Yes,0,Education,Los Angeles,Fortune 500,None,1.0,0.0,4,73543,90690,4.9
GRAD_001456,2023,22,Female,White,Regional,Engineering,3.2,5,No,1,Non-profit,Boston,Large,Masters,2.0,100.0,1,73261,90636,5.1
GRAD_001457,2022,23,Male,White,Regional,Political Science,2.85,2,No,1,Healthcare,Phoenix,Small,MBA,4.0,,2,68313,104394,9.9
GRAD_001458,2018,21,Female,White,Top 50,Finance,3.55,2,No,2,Healthcare,San Francisco,Small,None,5.0,60.0,6,142510,201843,8.2
GRAD_001459,2020,23,Female,White,Top 100,Business,3.48,0,No,3,Government,Phoenix,Small,None,0.0,80.0,4,55984,62515,8.2
GRAD_001460,2018,22,Female,White,Top 100,Computer Science,2.89,0,Yes,1,Consulting,Austin,Medium,Masters,6.0,40.0,6,133554,203538,6.8
GRAD_001461,2021,23,Female,White,Top 100,Finance,3.19,2,No,1,Energy,Miami,Large,None,3.0,20.0,3,86942,101499,7.2
GRAD_001462,2019,22,Female,Asian,Top 10,Marketing,2.76,3,No,0,Healthcare,Washington DC,Medium,None,,,5,106482,155648,5.8
GRAD_001463,2016,22,Male,White,Regional,Business,2.71,2,No,1,Healthcare,Chicago,Medium,None,3.0,40.0,8,82744,134986,6.0
GRAD_001464,2021,22,Female,White,Top 50,Engineering,2.84,2,No,2,Real Estate,Atlanta,Medium,None,2.0,80.0,3,106175,129464,6.5
GRAD_001465,2015,22,Female,Hispanic,Top 100,Biology,3.31,2,No,0,Real Estate,Portland,Medium,Masters,0.0,20.0,9,71862,136860,4.8
GRAD_001466,2018,23,Male,White,Top 10,Engineering,3.12,2,No,0,Healthcare,San Francisco,Medium,None,1.0,60.0,6,194237,278939,5.6
GRAD_001467,2023,22,Female,White,Regional,Liberal Arts,3.31,2,No,1,Retail,Seattle,Small,None,1.0,100.0,1,56599,58979,7.1
GRAD_001468,2016,23,Male,White,Top 100,Engineering,3.11,0,,3,Energy,Washington DC,Small,JD,1.0,20.0,8,128432,245165,4.4
GRAD_001469,2020,23,Female,Asian,Regional,Computer Science,3.57,2,No,2,Consulting,Phoenix,Startup,Masters,3.0,20.0,4,93848,143249,7.1
GRAD_001470,2022,21,Female,Hispanic,Top 50,Computer Science,3.17,1,No,2,Finance,Boston,Small,None,2.0,,2,152670,168126,4.1
GRAD_001471,2023,22,Female,Black,Regional,Psychology,3.68,2,No,0,Healthcare,New York,Fortune 500,MBA,3.0,0.0,1,78573,109925,8.0
GRAD_001472,2020,22,Female,Black,Regional,Data Science,3.13,0,Yes,1,Healthcare,Boston,Small,Masters,1.0,100.0,4,108871,148126,8.0
GRAD_001473,2016,22,Male,White,Top 50,Psychology,3.5,1,Yes,1,Education,Portland,Large,None,2.0,20.0,8,57752,88044,8.8
GRAD_001474,2023,23,Female,Asian,Regional,Engineering,3.27,0,No,1,Retail,Miami,Large,MBA,1.0,60.0,1,69882,90363,6.1
GRAD_001475,2021,22,Female,Asian,Top 50,Chemistry,2.87,1,No,1,Manufacturing,Washington DC,Large,Masters,1.0,0.0,3,90590,116238,4.0
GRAD_001476,2019,22,Male,Black,Top 100,Communications,3.84,3,No,2,Retail,Phoenix,Large,None,1.0,40.0,5,59285,74321,5.3
GRAD_001477,2018,21,Male,Hispanic,Regional,Chemistry,3.92,1,No,1,Government,Washington DC,Small,None,2.0,20.0,6,79461,103908,2.5
GRAD_001478,2015,24,Male,White,Regional,Communications,3.27,2,No,1,Manufacturing,Philadelphia,Fortune 500,None,,40.0,9,54694,82690,4.4
GRAD_001479,2017,23,Male,White,Top 100,Liberal Arts,3.22,2,No,1,Retail,Atlanta,Small,Masters,3.0,60.0,7,45717,93422,4.3
GRAD_001480,2022,22,Female,White,Top 50,Marketing,3.63,2,No,2,Education,Phoenix,Fortune 500,None,2.0,0.0,2,51543,59054,6.3
GRAD_001481,2016,21,Female,White,Top 100,Biology,3.29,1,No,1,Healthcare,Philadelphia,Medium,None,1.0,20.0,8,74427,112050,7.3
GRAD_001482,2016,22,Female,White,Regional,Mathematics,3.54,3,No,0,Transportation,Boston,Large,None,1.0,40.0,8,84971,139581,3.9
GRAD_001483,2017,22,Male,White,Top 100,Business,3.39,2,No,1,Retail,Miami,Small,Masters,1.0,60.0,7,75443,113395,7.8
GRAD_001484,2019,20,Female,Asian,Top 10,Biology,3.36,4,Yes,0,Non-profit,San Francisco,Medium,JD,1.0,0.0,5,80997,129815,9.8
GRAD_001485,2017,21,Male,Asian,Top 100,Business,3.07,2,No,1,Healthcare,Boston,Large,None,5.0,0.0,7,102498,175297,6.5
GRAD_001486,2023,24,Female,Black,Regional,Engineering,3.09,1,No,1,Retail,Washington DC,Large,JD,1.0,0.0,1,82435,113290,8.1
GRAD_001487,2017,23,Female,Asian,Regional,Mathematics,3.67,1,No,1,Energy,Philadelphia,Medium,None,4.0,40.0,7,84348,127964,5.8
GRAD_001488,2023,21,Female,White,Regional,Chemistry,3.81,1,,2,Manufacturing,Washington DC,Medium,None,2.0,20.0,1,96895,100717,8.1
GRAD_001489,2023,21,Female,Asian,Regional,Economics,3.36,1,,2,Finance,Portland,Medium,JD,1.0,0.0,1,95972,128177,6.1
GRAD_001490,2022,21,Female,White,Regional,Chemistry,3.75,2,,2,Healthcare,Washington DC,Large,None,3.0,100.0,2,102153,117796,7.0
GRAD_001491,2015,21,Female,White,Top 50,Communications,3.03,1,No,1,Energy,Phoenix,Medium,None,3.0,40.0,9,74167,121443,6.6
GRAD_001492,2017,24,Female,White,Regional,Communications,3.49,2,No,2,Manufacturing,Washington DC,Fortune 500,None,4.0,0.0,7,73402,125155,6.7
GRAD_001493,2017,22,Male,Asian,Regional,Political Science,3.21,0,No,1,Real Estate,Washington DC,Small,JD,2.0,0.0,7,77797,154443,5.6
GRAD_001494,2020,23,Male,Black,Regional,Marketing,3.31,3,Yes,2,Energy,Denver,Medium,None,0.0,100.0,4,90968,118575,7.8
GRAD_001495,2016,24,Female,Asian,Top 100,Psychology,3.22,1,,2,Retail,Seattle,Large,None,2.0,60.0,8,66154,103624,8.1
GRAD_001496,2015,21,Male,White,Regional,Computer Science,3.22,1,No,1,Energy,Philadelphia,Fortune 500,JD,1.0,40.0,9,109218,260299,8.2
GRAD_001497,2017,20,Male,White,Regional,Business,2.38,1,No,1,Education,Miami,Fortune 500,None,2.0,40.0,7,49534,73263,5.1
GRAD_001498,2018,23,Female,Black,Regional,Marketing,2.85,1,Yes,0,Media,Atlanta,Fortune 500,None,5.0,100.0,6,62998,88386,5.3
GRAD_001499,2015,21,Male,Asian,Top 100,Engineering,2.68,2,No,0,Media,Austin,Large,None,0.0,0.0,9,79199,134880,8.1
GRAD_001500,2017,22,Female,Asian,Top 50,Communications,3.13,1,No,1,Technology,Washington DC,Large,Masters,3.0,80.0,7,103599,184627,8.0
GRAD_001501,2016,22,Female,Hispanic,Regional,Engineering,2.93,2,Yes,2,Education,Seattle,Startup,None,3.0,0.0,8,75808,100978,5.0
GRAD_001502,2022,25,Female,Black,Regional,Computer Science,2.69,1,No,2,Transportation,Dallas,Small,MBA,0.0,60.0,2,79952,104882,5.5
GRAD_001503,2016,22,Other,White,Regional,Engineering,2.94,2,Yes,3,Technology,Boston,Large,None,4.0,60.0,8,146596,244145,7.5
GRAD_001504,2022,21,Female,White,Regional,Data Science,3.22,2,No,0,Government,Los Angeles,Fortune 500,MBA,3.0,0.0,2,105749,149254,7.3
GRAD_001505,2020,23,Female,White,Top 100,Liberal Arts,4.0,1,Yes,1,Finance,New York,Large,PhD,1.0,,4,119776,154367,7.2
GRAD_001506,2022,23,Female,Black,Regional,Finance,3.25,2,No,2,Retail,Dallas,Startup,None,1.0,40.0,2,58190,60962,8.6
GRAD_001507,2019,24,Male,White,Regional,Communications,3.17,1,No,1,Real Estate,Los Angeles,Small,Masters,0.0,0.0,5,79936,123940,8.4
GRAD_001508,2023,21,Female,White,Top 10,Psychology,2.81,1,No,2,Finance,Denver,Medium,None,1.0,60.0,1,100288,103711,7.1
GRAD_001509,2018,24,Female,Asian,Top 50,Data Science,2.92,1,Yes,1,Manufacturing,New York,Large,None,0.0,20.0,6,145962,173814,6.5
GRAD_001510,2022,25,Other,Other,Top 50,Communications,3.6,1,No,0,Finance,Phoenix,Medium,None,0.0,0.0,2,64643,73669,6.8
GRAD_001511,2016,24,Female,White,Top 50,Marketing,3.8,1,Yes,2,Transportation,Denver,Medium,None,2.0,40.0,8,89215,133213,4.8
GRAD_001512,2023,24,Female,Asian,Top 100,Business,2.98,2,Yes,0,Energy,Miami,Fortune 500,None,2.0,60.0,1,92408,96625,1.2
GRAD_001513,2015,21,Male,Other,Top 100,Communications,3.36,4,Yes,4,Healthcare,Philadelphia,Large,None,1.0,40.0,9,83262,128822,8.7
GRAD_001514,2019,25,Male,Asian,Top 100,Engineering,4.0,1,No,2,Manufacturing,Seattle,Small,None,2.0,0.0,5,134895,166259,6.5
GRAD_001515,2019,21,Female,White,Regional,Marketing,3.96,2,No,1,Healthcare,Phoenix,Medium,Masters,,40.0,5,79256,121855,3.4
GRAD_001516,2021,22,Male,Asian,Top 50,Engineering,3.39,2,No,0,Finance,Miami,Large,None,3.0,40.0,3,111356,132034,9.1
GRAD_001517,2019,21,Male,Hispanic,Regional,Engineering,2.97,5,No,0,Transportation,New York,Fortune 500,None,1.0,0.0,5,131101,172054,10.0
GRAD_001518,2020,21,Female,White,Regional,Economics,2.95,0,Yes,1,Manufacturing,Atlanta,Large,None,6.0,0.0,4,70389,95738,7.0
GRAD_001519,2022,22,Female,Hispanic,Regional,Political Science,2.55,1,,0,Real Estate,Portland,Startup,MD,0.0,60.0,2,66256,109007,7.6
GRAD_001520,2016,20,Female,White,Top 10,Business,3.29,3,Yes,3,Technology,Philadelphia,Startup,None,1.0,0.0,8,129994,170522,7.6
GRAD_001521,2017,21,Male,Hispanic,Top 50,Business,3.91,1,No,2,Manufacturing,Austin,Startup,Masters,2.0,20.0,7,109833,188619,4.8
GRAD_001522,2022,21,Male,Hispanic,Regional,Data Science,3.06,0,No,1,Real Estate,New York,Medium,None,1.0,20.0,2,117641,136285,10.0
GRAD_001523,2017,24,Male,Asian,Top 100,Communications,3.2,2,No,0,Real Estate,Dallas,Medium,None,0.0,20.0,7,54830,70774,4.2
GRAD_001524,2023,24,Female,White,Top 100,Economics,3.27,4,No,0,Government,Portland,Fortune 500,Masters,1.0,20.0,1,96134,112099,8.5
GRAD_001525,2020,26,Female,Asian,Regional,Chemistry,3.3,3,No,1,Energy,New York,Fortune 500,Masters,1.0,100.0,4,115804,147931,6.4
GRAD_001526,2016,22,Female,White,Regional,Business,2.98,1,No,2,Government,Philadelphia,Large,Masters,4.0,60.0,8,64656,126766,6.3
GRAD_001527,2015,22,Female,Asian,Regional,Biology,3.25,0,No,2,Technology,Washington DC,Small,None,1.0,20.0,9,87566,143073,6.4
GRAD_001528,2022,23,Female,White,Regional,Business,3.41,0,No,2,Transportation,Portland,Large,MBA,2.0,80.0,2,70957,103071,9.1
GRAD_001529,2022,20,Female,Asian,Regional,Computer Science,3.46,1,No,0,Non-profit,Seattle,Startup,Masters,2.0,0.0,2,100007,122264,10.0
GRAD_001530,2017,21,Female,White,Regional,Business,3.42,2,No,1,Real Estate,Boston,Fortune 500,Masters,2.0,60.0,7,89849,151068,8.3
GRAD_001531,2017,20,Female,White,Regional,Computer Science,3.02,0,No,0,Manufacturing,Atlanta,Small,Masters,2.0,0.0,7,84016,124227,5.7
GRAD_001532,2023,23,Male,White,Top 10,Business,3.28,0,No,2,Energy,Chicago,Medium,None,2.0,,1,118167,131095,8.8
GRAD_001533,2021,21,Male,White,Top 50,Marketing,3.41,0,No,2,Consulting,Atlanta,Fortune 500,None,1.0,80.0,3,75819,95610,5.8
GRAD_001534,2016,24,Male,White,Top 50,Political Science,3.67,0,No,1,Energy,Seattle,Startup,MBA,2.0,,8,104744,219021,9.1
GRAD_001535,2019,21,Female,Asian,Regional,Engineering,3.48,2,No,0,Retail,Miami,Startup,Masters,5.0,60.0,5,86738,133441,6.9
GRAD_001536,2023,22,Male,White,Top 100,Marketing,2.93,0,No,2,Retail,Austin,Startup,None,1.0,0.0,1,70977,78482,4.4
GRAD_001537,2021,22,Male,White,Regional,Marketing,3.32,0,Yes,2,Real Estate,Los Angeles,Small,MBA,6.0,20.0,3,79035,137190,6.5
GRAD_001538,2019,22,Female,White,Regional,Engineering,3.44,2,Yes,0,Retail,Los Angeles,Startup,PhD,2.0,20.0,5,98546,148692,8.9
GRAD_001539,2016,21,Male,Asian,Top 100,Chemistry,3.47,0,No,2,Energy,Washington DC,Large,None,1.0,80.0,8,99879,158131,5.4
GRAD_001540,2021,24,Female,Asian,Regional,Engineering,3.51,2,Yes,1,Manufacturing,Austin,Fortune 500,Masters,3.0,,3,88376,119132,7.0
GRAD_001541,2018,22,Female,White,Regional,Mathematics,3.49,1,,3,Transportation,Atlanta,Fortune 500,MBA,2.0,80.0,6,58231,106581,8.7
GRAD_001542,2020,23,Female,White,Regional,Business,2.75,0,,0,Government,Dallas,Fortune 500,Masters,0.0,60.0,4,58338,76431,5.8
GRAD_001543,2020,22,Male,White,Regional,Political Science,2.95,0,No,2,Energy,Miami,Medium,None,0.0,40.0,4,67930,84760,3.7
GRAD_001544,2020,20,Male,White,Top 100,Communications,3.71,2,Yes,1,Non-profit,Portland,Fortune 500,None,1.0,80.0,4,50670,65465,6.9
GRAD_001545,2017,24,Female,Asian,Top 10,Engineering,2.96,4,No,0,Retail,Austin,Small,None,4.0,20.0,7,103710,157476,7.2
GRAD_001546,2021,21,Female,White,Regional,Liberal Arts,3.4,2,No,2,Technology,Dallas,Large,MD,0.0,60.0,3,73507,116621,9.1
GRAD_001547,2020,23,Male,Asian,Regional,Engineering,3.08,3,No,2,Media,Seattle,Large,None,1.0,0.0,4,98421,129235,8.1
GRAD_001548,2019,23,Female,White,Top 100,Business,3.65,2,Yes,0,Government,Washington DC,Large,None,3.0,0.0,5,79909,109761,5.8
GRAD_001549,2015,20,Male,Asian,Top 50,Business,3.68,0,No,0,Education,Austin,Small,None,2.0,20.0,9,67675,98398,7.2
GRAD_001550,2018,22,Male,Hispanic,Regional,Computer Science,2.98,0,Yes,0,Government,Washington DC,Medium,None,1.0,60.0,6,97337,142093,6.2
GRAD_001551,2018,23,Male,Hispanic,Regional,Marketing,3.55,1,,1,Real Estate,Chicago,Small,Masters,2.0,60.0,6,71611,116026,10.0
GRAD_001552,2022,22,Female,Hispanic,Regional,Political Science,3.6,1,No,2,Energy,Washington DC,Large,Masters,2.0,60.0,2,84706,102545,6.7
GRAD_001553,2020,22,Female,White,Top 50,Liberal Arts,3.51,0,No,1,Energy,Chicago,Medium,Masters,3.0,0.0,4,80430,107085,9.3
GRAD_001554,2023,22,Female,White,Top 50,Computer Science,3.22,2,No,0,Consulting,Philadelphia,Fortune 500,None,6.0,0.0,1,133398,146299,8.7
GRAD_001555,2022,21,Female,White,Top 100,Computer Science,2.7,3,,3,Transportation,San Francisco,Medium,None,3.0,60.0,2,132032,142888,6.0
GRAD_001556,2020,23,Female,White,Top 50,Mathematics,3.71,2,No,1,Media,Los Angeles,Small,None,5.0,100.0,4,97467,124093,8.9
GRAD_001557,2016,22,Male,White,Regional,Engineering,3.08,1,No,1,Technology,Seattle,Medium,None,1.0,60.0,8,149227,193284,3.3
GRAD_001558,2017,22,Male,Other,Regional,Communications,3.22,0,No,1,Manufacturing,Portland,Large,MBA,,40.0,7,51416,98176,5.1
GRAD_001559,2016,21,Male,Hispanic,Regional,Computer Science,3.46,3,No,0,Retail,Boston,Small,None,1.0,80.0,8,91520,138373,8.7
GRAD_001560,2019,23,Male,White,Top 100,Business,2.95,3,No,0,Retail,Portland,Startup,Masters,0.0,40.0,5,63916,96241,6.8
GRAD_001561,2021,20,Male,White,Regional,Business,2.91,3,Yes,0,Education,Chicago,Medium,PhD,3.0,40.0,3,65543,101872,10.0
GRAD_001562,2022,22,Female,White,Top 100,Data Science,3.0,3,No,1,Manufacturing,Chicago,Medium,None,3.0,60.0,2,92394,106520,8.2
GRAD_001563,2016,22,Male,White,Top 50,Data Science,2.98,1,No,0,Retail,Miami,Large,MBA,3.0,60.0,8,88989,192541,8.5
GRAD_001564,2019,21,Female,White,Regional,Liberal Arts,2.92,4,No,1,Media,San Francisco,Medium,None,3.0,0.0,5,75409,103013,5.7
GRAD_001565,2019,20,Male,Asian,Top 10,Finance,3.3,1,No,0,Media,Boston,Large,None,1.0,80.0,5,100110,133777,8.3
GRAD_001566,2019,23,Female,White,Top 10,Engineering,3.37,3,Yes,1,Transportation,Atlanta,Medium,MBA,1.0,60.0,5,117734,192394,6.5
GRAD_001567,2018,22,Male,White,Top 50,Engineering,3.06,0,No,4,Media,Phoenix,Startup,None,1.0,80.0,6,72504,93725,5.6
GRAD_001568,2019,22,Male,White,Regional,Psychology,3.32,0,No,1,Healthcare,Atlanta,Startup,None,2.0,0.0,5,65682,88717,5.6
GRAD_001569,2020,20,Male,White,Top 10,Psychology,2.34,2,No,1,Energy,San Francisco,Medium,Masters,1.0,20.0,4,116064,166645,5.7
GRAD_001570,2020,23,Male,White,Top 100,Liberal Arts,3.4,0,Yes,1,Healthcare,Atlanta,Fortune 500,Masters,5.0,20.0,4,55139,89971,6.1
GRAD_001571,2018,23,Female,White,Top 100,Psychology,3.32,1,No,1,Energy,Washington DC,Small,Masters,3.0,100.0,6,91769,141000,6.2
GRAD_001572,2023,22,Male,White,Top 100,Marketing,3.68,1,No,1,Government,San Francisco,Small,MBA,4.0,20.0,1,83109,122678,6.5
GRAD_001573,2018,21,Male,White,Regional,Economics,3.43,1,Yes,3,Finance,Miami,Large,None,1.0,20.0,6,94545,127042,6.9
GRAD_001574,2023,23,Female,White,Top 100,Finance,3.49,0,No,1,Finance,San Francisco,Fortune 500,None,4.0,80.0,1,158343,173100,9.1
GRAD_001575,2022,22,Female,White,Regional,Marketing,3.05,1,No,0,Healthcare,Portland,Large,MBA,3.0,0.0,2,88199,125252,4.5
GRAD_001576,2019,23,Male,White,Top 100,Mathematics,2.69,2,No,1,Energy,San Francisco,Medium,None,2.0,0.0,5,125029,152441,9.1
GRAD_001577,2019,22,Female,White,Top 50,Mathematics,3.29,1,No,2,Media,Phoenix,Medium,None,2.0,0.0,5,78206,107315,10.0
GRAD_001578,2022,20,Female,White,Top 100,Data Science,2.76,4,Yes,0,Media,Boston,Small,None,3.0,,2,111175,128819,6.5
GRAD_001579,2019,20,Female,Hispanic,Top 100,Political Science,3.32,1,Yes,1,Government,New York,Medium,None,,60.0,5,81264,118984,7.6
GRAD_001580,2021,21,Female,White,Top 50,Communications,3.47,2,Yes,0,Media,Philadelphia,Small,None,1.0,20.0,3,53646,62662,8.5
GRAD_001581,2022,23,Female,White,Top 100,Mathematics,3.26,1,No,1,Finance,San Francisco,Medium,MBA,3.0,0.0,2,116856,165370,7.2
GRAD_001582,2023,21,Female,White,Top 100,Communications,2.96,2,No,1,Education,Portland,Fortune 500,None,3.0,60.0,1,51902,61073,5.7
GRAD_001583,2017,23,Female,White,Top 100,Liberal Arts,3.91,0,Yes,1,Energy,Miami,Medium,MBA,2.0,60.0,7,78109,138781,7.3
GRAD_001584,2023,21,Female,Hispanic,Regional,Economics,3.2,0,No,0,Consulting,Denver,Fortune 500,None,3.0,0.0,1,93507,103504,7.1
GRAD_001585,2023,25,Female,Black,Top 50,Marketing,3.65,2,No,1,Technology,Chicago,Medium,Masters,5.0,80.0,1,95066,119578,7.0
GRAD_001586,2018,22,Male,White,Top 50,Business,3.84,1,No,1,Energy,Seattle,Medium,None,3.0,0.0,6,146021,221192,7.2
GRAD_001587,2020,22,Female,Hispanic,Top 100,Data Science,3.75,4,,0,Non-profit,Boston,Large,None,1.0,60.0,4,97223,115165,8.1
GRAD_001588,2015,21,Male,Hispanic,Top 100,Chemistry,3.54,1,No,1,Consulting,Philadelphia,Medium,Masters,4.0,0.0,9,81126,133884,6.4
GRAD_001589,2016,21,Female,Hispanic,Top 100,Business,3.91,0,No,2,Finance,New York,Medium,None,1.0,0.0,8,133102,180825,3.5
GRAD_001590,2020,23,Female,White,Regional,Liberal Arts,3.43,1,No,0,Transportation,Washington DC,Large,None,4.0,40.0,4,63440,89232,7.6
GRAD_001591,2021,22,Female,Asian,Regional,Data Science,3.65,1,No,1,Manufacturing,Washington DC,Large,None,3.0,0.0,3,106500,128480,5.9
GRAD_001592,2020,20,Male,White,Regional,Data Science,3.37,2,Yes,0,Media,Los Angeles,Large,Masters,2.0,80.0,4,86430,135269,5.7
GRAD_001593,2021,23,Male,Other,Top 50,Mathematics,3.0,0,No,2,Real Estate,Philadelphia,Large,None,,40.0,3,87766,109191,5.2
GRAD_001594,2022,23,Male,Asian,Top 100,Engineering,3.36,2,No,0,Real Estate,New York,Fortune 500,None,1.0,0.0,2,114472,127202,10.0
GRAD_001595,2016,23,Male,White,Top 100,Data Science,2.8,0,No,3,Healthcare,Boston,Large,None,2.0,40.0,8,135207,191935,7.1
GRAD_001596,2021,24,Female,Black,Top 100,Business,3.34,3,Yes,1,Manufacturing,Chicago,Fortune 500,None,0.0,40.0,3,89800,97347,5.9
GRAD_001597,2020,22,Male,Other,Top 100,Finance,3.17,3,No,1,Education,Chicago,Fortune 500,None,2.0,60.0,4,81926,101873,9.9
GRAD_001598,2016,26,Male,White,Top 100,Engineering,3.61,1,No,1,Consulting,Philadelphia,Fortune 500,Masters,3.0,40.0,8,105399,167894,9.3
GRAD_001599,2017,22,Male,White,Regional,Biology,3.77,1,No,0,Manufacturing,Washington DC,Fortune 500,Masters,4.0,40.0,7,68914,114440,7.0
GRAD_001600,2019,20,Male,Other,Top 50,Data Science,2.92,1,No,1,Energy,Boston,Large,Masters,2.0,40.0,5,158627,236949,7.4
GRAD_001601,2022,22,Female,White,Top 100,Business,3.44,2,No,1,Healthcare,Austin,Large,None,1.0,20.0,2,100786,114059,8.0
GRAD_001602,2017,24,Male,Asian,Top 100,Data Science,3.44,1,No,1,Retail,Chicago,Medium,Masters,1.0,80.0,7,74297,113106,7.2
GRAD_001603,2017,20,Male,White,Top 10,Engineering,3.76,3,No,1,Government,Dallas,Medium,MBA,2.0,40.0,7,120725,230236,6.7
GRAD_001604,2021,22,Male,White,Regional,Engineering,3.61,1,No,0,Consulting,Philadelphia,Fortune 500,None,2.0,100.0,3,98010,117251,8.5
GRAD_001605,2023,24,Male,White,Regional,Business,3.69,2,Yes,1,Real Estate,Los Angeles,Fortune 500,None,5.0,60.0,1,99626,118516,7.9
GRAD_001606,2019,21,Male,Hispanic,Regional,Engineering,3.44,1,No,0,Transportation,Austin,Large,None,1.0,60.0,5,89103,127573,6.3
GRAD_001607,2018,22,Female,White,Top 10,Biology,2.88,3,No,2,Education,New York,Small,PhD,1.0,80.0,6,103099,169088,9.1
GRAD_001608,2017,23,Female,White,Top 100,Finance,3.05,3,Yes,0,Manufacturing,Atlanta,Large,JD,4.0,20.0,7,93151,166309,6.6
GRAD_001609,2015,20,Female,Hispanic,Regional,Psychology,3.45,2,No,1,Technology,Seattle,Medium,None,3.0,0.0,9,102167,167769,4.5
GRAD_001610,2017,22,Male,White,Regional,Biology,2.86,2,No,1,Education,Phoenix,Fortune 500,Masters,3.0,20.0,7,43088,76344,3.8
GRAD_001611,2016,21,Female,Other,Top 100,Liberal Arts,3.12,1,Yes,0,Consulting,Phoenix,Large,None,4.0,40.0,8,61051,94546,6.2
GRAD_001612,2019,22,Male,White,Top 10,Business,3.17,2,No,2,Technology,Los Angeles,Small,None,0.0,80.0,5,134156,184178,7.0
GRAD_001613,2023,22,Male,Hispanic,Top 10,Data Science,3.26,2,No,1,Transportation,Seattle,Large,None,3.0,0.0,1,146183,160134,5.4
GRAD_001614,2022,24,Female,White,Top 10,Business,3.44,1,No,0,Retail,Chicago,Large,None,2.0,60.0,2,92024,105747,7.6
GRAD_001615,2020,22,Male,White,Regional,Mathematics,3.41,2,Yes,1,Education,San Francisco,Large,MBA,1.0,80.0,4,97650,142354,8.2
GRAD_001616,2019,21,Male,Asian,Top 100,Communications,3.51,5,No,0,Technology,Miami,Medium,None,1.0,20.0,5,97049,121038,8.1
GRAD_001617,2020,24,Male,White,Top 100,Engineering,2.98,1,Yes,1,Non-profit,Seattle,Large,MBA,5.0,60.0,4,96948,158432,6.7
GRAD_001618,2018,23,Male,White,Regional,Data Science,3.16,0,No,1,Finance,Washington DC,Large,None,4.0,40.0,6,139260,203820,5.1
GRAD_001619,2017,20,Male,White,Regional,Marketing,3.46,2,No,0,Real Estate,Miami,Startup,Masters,2.0,60.0,7,82721,127805,5.8
GRAD_001620,2020,23,Female,White,Regional,Psychology,2.9,1,No,0,Consulting,Chicago,Medium,Masters,,40.0,4,86423,115890,5.4
GRAD_001621,2020,22,Female,White,Regional,Liberal Arts,3.56,4,,0,Finance,Chicago,Large,Masters,0.0,40.0,4,91896,112165,9.9
GRAD_001622,2023,22,Female,Other,Top 50,Psychology,3.34,2,Yes,0,Healthcare,Phoenix,Small,Masters,0.0,40.0,1,77893,91698,7.2
GRAD_001623,2021,24,Male,White,Regional,Communications,2.84,1,No,0,Education,Portland,Medium,MBA,4.0,0.0,3,44376,77183,6.6
GRAD_001624,2022,22,Female,Asian,Top 50,Biology,3.6,2,Yes,0,Government,Portland,Large,None,1.0,0.0,2,77016,85742,3.6
GRAD_001625,2016,23,Male,White,Regional,Psychology,3.38,2,No,2,Education,Los Angeles,Fortune 500,Masters,1.0,,8,58677,99033,6.3
GRAD_001626,2022,24,Male,Other,Regional,Liberal Arts,3.93,3,No,1,Media,Philadelphia,Large,Masters,0.0,40.0,2,66406,86481,7.2
GRAD_001627,2023,22,Female,White,Regional,Business,3.7,0,,1,Technology,San Francisco,Small,None,0.0,20.0,1,142539,145028,8.2
GRAD_001628,2021,23,Male,White,Regional,Business,2.73,2,No,1,Finance,Washington DC,Fortune 500,None,2.0,60.0,3,98173,120009,3.7
GRAD_001629,2021,23,Male,White,Top 50,Economics,3.21,1,No,1,Technology,Chicago,Medium,None,1.0,0.0,3,117648,134850,7.6
GRAD_001630,2023,23,Female,Asian,Top 100,Chemistry,3.35,3,,0,Finance,Austin,Medium,None,2.0,,1,113846,118816,7.5
GRAD_001631,2019,23,Male,White,Top 100,Engineering,3.4,4,No,1,Education,San Francisco,Small,None,1.0,20.0,5,101474,125357,8.1
GRAD_001632,2022,20,Female,Hispanic,Top 100,Chemistry,2.97,2,No,0,Technology,San Francisco,Medium,MBA,0.0,,2,129688,168516,8.0
GRAD_001633,2019,21,Female,Hispanic,Top 100,Psychology,3.33,1,No,0,Consulting,Seattle,Medium,None,,20.0,5,103489,121266,7.0
GRAD_001634,2019,20,Female,White,Regional,Chemistry,3.2,1,No,1,Retail,San Francisco,Small,None,,60.0,5,70883,96260,5.9
GRAD_001635,2021,25,Male,Hispanic,Top 50,Psychology,3.0,3,,0,Consulting,Denver,Small,None,2.0,0.0,3,80068,101574,8.5
GRAD_001636,2017,20,Male,White,Top 100,Liberal Arts,3.13,2,Yes,1,Transportation,Portland,Small,None,0.0,0.0,7,63925,78713,6.6
GRAD_001637,2023,24,Female,White,Top 50,Computer Science,3.13,2,No,2,Finance,Philadelphia,Fortune 500,None,3.0,80.0,1,133165,142223,5.1
GRAD_001638,2018,23,Female,White,Regional,Engineering,3.94,1,No,0,Education,Washington DC,Startup,Masters,2.0,60.0,6,77632,121977,8.8
GRAD_001639,2016,21,Female,Hispanic,Top 50,Business,3.71,0,Yes,2,Manufacturing,Miami,Large,MBA,4.0,0.0,8,82841,149101,8.8
GRAD_001640,2018,20,Female,White,Top 100,Political Science,3.4,3,No,2,Education,Phoenix,Large,Masters,,80.0,6,47756,62396,9.2
GRAD_001641,2022,22,Male,White,Top 10,Psychology,2.71,5,No,1,Non-profit,Boston,Large,None,4.0,40.0,2,83762,103924,8.3
GRAD_001642,2018,22,Female,Asian,Regional,Finance,3.79,2,Yes,4,Healthcare,Phoenix,Medium,None,5.0,,6,88136,126369,6.2
GRAD_001643,2020,23,Male,Hispanic,Regional,Communications,2.59,1,Yes,0,Media,Chicago,Fortune 500,None,2.0,0.0,4,57610,72802,6.8
GRAD_001644,2023,20,Male,White,Regional,Business,2.85,1,No,0,Finance,Dallas,Medium,MBA,1.0,40.0,1,78230,105627,8.6
GRAD_001645,2017,22,Female,White,Top 50,Political Science,2.77,3,No,0,Finance,Philadelphia,Medium,MBA,3.0,20.0,7,84148,138432,5.7
GRAD_001646,2016,21,Female,White,Top 100,Data Science,2.97,1,No,0,Healthcare,Washington DC,Small,None,3.0,0.0,8,129295,162950,7.1
GRAD_001647,2016,24,Male,White,Regional,Finance,3.89,2,No,0,Manufacturing,Portland,Fortune 500,None,2.0,60.0,8,94550,129346,9.9
GRAD_001648,2019,23,Female,White,Top 50,Political Science,3.57,2,No,2,Retail,Phoenix,Medium,MD,2.0,0.0,5,58919,116224,7.0
GRAD_001649,2016,21,Female,White,Regional,Computer Science,3.39,1,No,1,Real Estate,Atlanta,Small,None,4.0,0.0,8,101302,161863,8.0
GRAD_001650,2019,24,Male,White,Regional,Chemistry,3.3,1,Yes,0,Retail,Philadelphia,Medium,PhD,1.0,20.0,5,61388,90048,8.0
GRAD_001651,2022,21,Female,White,Top 100,Chemistry,2.97,2,Yes,0,Manufacturing,Phoenix,Large,None,2.0,20.0,2,67567,75852,5.1
GRAD_001652,2022,22,Female,Asian,Top 100,Marketing,3.59,1,No,0,Consulting,San Francisco,Small,Masters,4.0,0.0,2,132740,169045,9.0
GRAD_001653,2020,22,Female,Black,Top 50,Engineering,3.81,0,No,1,Finance,Philadelphia,Medium,MBA,4.0,40.0,4,125264,184113,10.0
GRAD_001654,2022,23,Male,White,Regional,Liberal Arts,3.61,0,,1,Media,Miami,Medium,Masters,2.0,0.0,2,50248,71155,6.4
GRAD_001655,2016,22,Male,White,Regional,Biology,3.52,1,No,1,Energy,San Francisco,Large,Masters,3.0,,8,86923,176354,9.7
GRAD_001656,2020,24,Female,White,Top 50,Business,3.65,0,No,2,Manufacturing,Boston,Small,Masters,1.0,0.0,4,91121,115579,5.7
GRAD_001657,2016,21,Female,Other,Regional,Business,3.32,3,No,1,Energy,Chicago,Fortune 500,None,2.0,60.0,8,84317,126250,3.9
GRAD_001658,2019,21,Male,Hispanic,Top 50,Chemistry,2.6,1,Yes,2,Media,Seattle,Medium,None,7.0,40.0,5,82251,127915,7.9
GRAD_001659,2019,24,Female,White,Top 100,Economics,3.7,1,No,0,Real Estate,Chicago,Medium,None,2.0,60.0,5,84480,105296,6.6
GRAD_001660,2017,22,Female,White,Top 50,Engineering,2.93,2,Yes,0,Healthcare,Seattle,Medium,None,0.0,0.0,7,160702,233510,9.8
GRAD_001661,2022,23,Male,White,Regional,Engineering,3.31,1,No,1,Transportation,Phoenix,Small,None,,0.0,2,78767,94679,6.1
GRAD_001662,2017,23,Male,Hispanic,Regional,Data Science,3.94,0,Yes,2,Real Estate,Phoenix,Fortune 500,PhD,4.0,0.0,7,102771,186565,9.3
GRAD_001663,2020,25,Female,White,Top 100,Economics,3.29,2,No,1,Media,Dallas,Small,Masters,2.0,0.0,4,62111,83137,4.6
GRAD_001664,2019,22,Female,Asian,Top 50,Computer Science,3.87,0,No,3,Healthcare,Boston,Startup,None,3.0,40.0,5,140418,166370,8.8
GRAD_001665,2019,23,Female,Asian,Top 100,Computer Science,3.35,0,Yes,2,Retail,Washington DC,Medium,None,3.0,40.0,5,108525,148118,8.1
GRAD_001666,2015,21,Female,White,Regional,Data Science,3.01,2,Yes,3,Finance,Washington DC,Startup,None,,0.0,9,119563,191032,7.0
GRAD_001667,2021,21,Male,White,Regional,Liberal Arts,3.27,0,No,2,Technology,Washington DC,Small,MD,3.0,0.0,3,71998,131254,8.8
GRAD_001668,2015,21,Male,Black,Top 100,Liberal Arts,3.11,2,No,2,Transportation,Phoenix,Small,None,1.0,40.0,9,51219,85308,5.3
GRAD_001669,2022,23,Female,White,Top 10,Economics,3.68,1,No,1,Transportation,Austin,Startup,None,3.0,20.0,2,108858,123807,6.1
GRAD_001670,2017,23,Other,Hispanic,Regional,Business,3.24,1,No,0,Transportation,Denver,Large,None,1.0,0.0,7,79127,110183,7.8
GRAD_001671,2016,23,Female,White,Top 100,Data Science,3.55,3,No,1,Media,Phoenix,Medium,None,3.0,40.0,8,86387,144818,6.9
GRAD_001672,2019,21,Male,Hispanic,Regional,Business,3.44,2,No,1,Consulting,Phoenix,Medium,None,0.0,0.0,5,81376,95006,7.6
GRAD_001673,2020,21,Male,Asian,Top 10,Political Science,2.66,2,No,1,Media,San Francisco,Small,None,4.0,20.0,4,102759,130360,7.0
GRAD_001674,2018,21,Female,White,Top 100,Psychology,3.04,2,Yes,1,Retail,Washington DC,Large,MD,3.0,40.0,6,58844,120374,7.2
GRAD_001675,2016,23,Other,Asian,Top 100,Marketing,3.32,1,Yes,1,Healthcare,Atlanta,Fortune 500,Masters,2.0,100.0,8,70310,119093,7.1
GRAD_001676,2015,20,Female,White,Top 10,Liberal Arts,3.18,0,No,0,Energy,New York,Large,MBA,1.0,100.0,9,96293,159166,6.8
GRAD_001677,2021,21,Female,White,Top 100,Finance,3.36,0,No,0,Government,Phoenix,Large,MBA,0.0,20.0,3,72328,100074,6.8
GRAD_001678,2023,20,Female,Hispanic,Top 50,Biology,3.5,0,No,1,Retail,Boston,Fortune 500,None,1.0,20.0,1,65641,68442,4.2
GRAD_001679,2016,23,Male,White,Top 10,Business,3.68,3,No,1,Media,Boston,Large,PhD,1.0,0.0,8,113138,190675,9.4
GRAD_001680,2017,21,Female,White,Regional,Psychology,3.42,1,No,1,Healthcare,Washington DC,Medium,None,1.0,60.0,7,69390,86455,3.9
GRAD_001681,2015,25,Male,Asian,Regional,Business,3.34,0,No,1,Transportation,New York,Large,None,3.0,40.0,9,89561,127786,4.7
GRAD_001682,2023,24,Male,Asian,Regional,Liberal Arts,3.51,0,No,0,Government,Austin,Large,Masters,2.0,20.0,1,52184,68756,4.9
GRAD_001683,2019,22,Female,White,Regional,Chemistry,3.08,0,No,0,Retail,Phoenix,Large,None,0.0,,5,50396,65819,4.6
GRAD_001684,2023,23,Female,Other,Top 50,Business,3.38,0,No,0,Healthcare,Dallas,Large,None,1.0,20.0,1,91145,92513,5.1
GRAD_001685,2019,23,Female,Asian,Top 50,Engineering,3.45,0,Yes,0,Energy,New York,Medium,None,2.0,0.0,5,161135,188445,8.3
GRAD_001686,2022,21,Male,White,Regional,Data Science,3.34,3,No,1,Education,Denver,Large,Masters,0.0,0.0,2,71799,93344,4.1
GRAD_001687,2023,24,Female,White,Top 50,Computer Science,3.29,2,No,2,Government,Boston,Fortune 500,None,4.0,60.0,1,129587,140926,8.1
GRAD_001688,2018,22,Male,White,Top 100,Political Science,3.54,2,No,0,Non-profit,Phoenix,Fortune 500,MBA,2.0,0.0,6,46518,85979,8.0
GRAD_001689,2021,21,Female,White,Top 100,Biology,2.96,1,Yes,0,Education,Portland,Startup,Masters,0.0,0.0,3,54922,73009,4.1
GRAD_001690,2021,23,Female,Asian,Regional,Psychology,3.01,0,No,0,Manufacturing,Miami,Small,MD,1.0,60.0,3,51446,85266,6.0
GRAD_001691,2015,20,Male,White,Regional,Liberal Arts,3.23,3,No,2,Non-profit,Los Angeles,Fortune 500,None,3.0,0.0,9,50046,94005,5.7
GRAD_001692,2019,23,Male,Asian,Regional,Finance,3.68,1,No,1,Government,Denver,Medium,None,1.0,0.0,5,75301,95046,4.4
GRAD_001693,2022,23,Female,Hispanic,Regional,Biology,2.8,2,No,0,Energy,Portland,Small,None,0.0,40.0,2,78886,79390,6.6
GRAD_001694,2023,21,Male,Black,Top 50,Business,3.65,1,Yes,0,Retail,Austin,Medium,None,2.0,0.0,1,85556,96486,4.1
GRAD_001695,2023,23,Female,White,Top 100,Liberal Arts,3.8,1,No,0,Transportation,San Francisco,Small,None,1.0,0.0,1,91058,93376,5.0
GRAD_001696,2023,23,Female,Asian,Top 50,Business,3.38,1,No,1,Media,Los Angeles,Fortune 500,None,3.0,80.0,1,93693,98673,5.0
GRAD_001697,2021,22,Female,Other,Regional,Data Science,2.93,3,No,2,Media,Austin,Large,MD,2.0,60.0,3,91094,156179,7.5
GRAD_001698,2017,23,Female,White,Top 10,Engineering,2.72,1,No,0,Technology,Chicago,Fortune 500,MBA,0.0,20.0,7,162497,284688,7.0
GRAD_001699,2020,20,Male,White,Regional,Business,4.0,1,No,0,Real Estate,Dallas,Large,MBA,0.0,20.0,4,69626,112254,5.1
GRAD_001700,2019,23,Female,White,Regional,Finance,2.88,2,No,0,Finance,Austin,Medium,None,1.0,40.0,5,101532,127355,10.0
GRAD_001701,2017,20,Male,White,Regional,Economics,3.12,4,Yes,2,Healthcare,Philadelphia,Startup,MD,1.0,20.0,7,83262,191638,10.0
GRAD_001702,2022,22,Female,White,Regional,Business,2.66,2,Yes,1,Technology,Portland,Large,None,1.0,,2,105427,112510,9.8
GRAD_001703,2021,23,Male,Black,Regional,Economics,2.58,2,Yes,2,Manufacturing,Denver,Medium,None,2.0,40.0,3,83549,106784,7.4
GRAD_001704,2022,23,Female,Asian,Regional,Computer Science,3.54,1,No,1,Non-profit,New York,Fortune 500,Masters,2.0,,2,98728,121524,10.0
GRAD_001705,2017,24,Male,White,Regional,Data Science,3.1,1,Yes,1,Energy,San Francisco,Medium,None,3.0,60.0,7,160227,213269,6.9
GRAD_001706,2023,21,Male,White,Top 50,Business,3.6,0,No,2,Transportation,Boston,Large,None,2.0,20.0,1,78136,87380,6.5
GRAD_001707,2017,23,Male,Black,Top 10,Business,3.18,0,Yes,1,Education,Philadelphia,Medium,None,5.0,20.0,7,65129,106886,6.9
GRAD_001708,2020,20,Female,White,Regional,Computer Science,3.73,4,No,0,Healthcare,Seattle,Startup,None,0.0,40.0,4,158350,194665,8.2
GRAD_001709,2015,21,Male,White,Top 10,Liberal Arts,3.19,2,No,2,Energy,Austin,Fortune 500,None,2.0,60.0,9,96696,167458,5.6
GRAD_001710,2020,22,Male,Other,Top 100,Economics,3.64,3,Yes,1,Energy,Dallas,Startup,None,2.0,,4,90761,113893,9.6
GRAD_001711,2016,24,Female,White,Regional,Computer Science,2.95,2,Yes,2,Transportation,Atlanta,Medium,None,2.0,0.0,8,98185,146006,8.1
GRAD_001712,2018,22,Male,White,Regional,Liberal Arts,3.02,2,Yes,0,Education,Austin,Medium,None,3.0,60.0,6,47714,66055,6.2
GRAD_001713,2022,23,Male,White,Top 100,Economics,2.96,0,Yes,4,Finance,Washington DC,Fortune 500,None,4.0,20.0,2,103295,128359,7.1
GRAD_001714,2023,21,Male,White,Regional,Marketing,3.08,1,,0,Technology,Austin,Small,MBA,4.0,20.0,1,94158,137916,7.9
GRAD_001715,2022,22,Male,Asian,Top 100,Psychology,2.72,3,No,3,Healthcare,Atlanta,Fortune 500,None,2.0,80.0,2,77366,91941,3.9
GRAD_001716,2018,21,Male,White,Regional,Liberal Arts,2.94,1,No,0,Healthcare,Atlanta,Large,None,1.0,0.0,6,59812,92327,6.6
GRAD_001717,2020,21,Female,White,Regional,Business,2.96,1,Yes,2,Technology,New York,Large,None,2.0,20.0,4,110437,137321,5.2
GRAD_001718,2017,21,Female,White,Regional,Business,3.98,0,No,2,Real Estate,Portland,Large,None,1.0,0.0,7,79590,119248,6.6
GRAD_001719,2021,21,Male,White,Regional,Data Science,3.25,3,Yes,0,Technology,Austin,Medium,None,,0.0,3,123241,141507,4.7
GRAD_001720,2018,25,Female,Black,Top 50,Finance,3.16,2,No,0,Energy,Portland,Small,Masters,1.0,0.0,6,104626,172260,5.6
GRAD_001721,2017,22,Female,White,Top 100,Liberal Arts,3.56,2,Yes,1,Retail,Los Angeles,Small,MBA,4.0,80.0,7,57236,119093,5.7
GRAD_001722,2020,20,Female,Hispanic,Top 50,Finance,3.14,2,Yes,0,Retail,Seattle,Small,MBA,,0.0,4,110446,155771,4.9
GRAD_001723,2016,21,Female,White,Regional,Computer Science,3.41,1,No,1,Manufacturing,New York,Medium,MBA,3.0,100.0,8,113544,188741,6.6
GRAD_001724,2021,24,Male,White,Regional,Finance,3.53,0,No,2,Media,Washington DC,Fortune 500,None,3.0,0.0,3,93841,120010,6.3
GRAD_001725,2017,21,Male,White,Top 50,Biology,3.51,1,Yes,2,Real Estate,Dallas,Small,None,2.0,,7,78815,106087,10.0
GRAD_001726,2020,24,Female,Other,Regional,Business,3.29,3,Yes,4,Government,Seattle,Large,MBA,1.0,0.0,4,99348,151510,5.9
GRAD_001727,2019,24,Male,Asian,Regional,Business,3.34,1,Yes,0,Energy,Los Angeles,Small,MBA,1.0,0.0,5,94107,141902,7.4
GRAD_001728,2020,22,Male,White,Top 50,Finance,3.42,2,No,0,Real Estate,Los Angeles,Fortune 500,None,1.0,60.0,4,131046,158589,8.0
GRAD_001729,2017,21,Female,White,Top 50,Computer Science,3.48,3,No,2,Healthcare,Dallas,Large,None,2.0,40.0,7,137328,177875,6.8
GRAD_001730,2018,21,Female,White,Regional,Business,3.42,0,No,4,Government,New York,Small,None,0.0,40.0,6,89360,128333,8.1
GRAD_001731,2016,22,Male,Asian,Top 100,Business,3.35,2,No,0,Media,Los Angeles,Medium,None,3.0,40.0,8,90777,156626,7.1
GRAD_001732,2022,23,Female,White,Top 10,Psychology,2.97,4,No,3,Non-profit,Dallas,Large,JD,2.0,60.0,2,66292,91790,8.5
GRAD_001733,2015,24,Female,White,Regional,Engineering,3.5,3,No,0,Technology,Denver,Large,Masters,8.0,40.0,9,120053,242502,6.8
GRAD_001734,2018,23,Female,White,Top 100,Data Science,2.88,1,Yes,0,Real Estate,Los Angeles,Small,Masters,1.0,80.0,6,105896,144473,6.8
GRAD_001735,2019,21,Female,Asian,Top 10,Political Science,3.31,2,No,1,Finance,Boston,Fortune 500,None,1.0,80.0,5,133685,171805,8.7
GRAD_001736,2017,24,Female,White,Top 100,Computer Science,3.35,2,No,3,Energy,Miami,Small,MD,1.0,40.0,7,110851,245280,4.5
GRAD_001737,2019,23,Male,White,Regional,Mathematics,2.79,1,No,2,Media,Denver,Large,None,4.0,20.0,5,79436,120732,8.1
GRAD_001738,2019,21,Female,White,Top 100,Data Science,3.04,0,No,3,Real Estate,San Francisco,Medium,None,0.0,20.0,5,137908,169118,8.5
GRAD_001739,2017,22,Male,White,Top 50,Economics,3.75,2,,1,Media,Portland,Large,Masters,2.0,20.0,7,88680,168919,10.0
GRAD_001740,2021,23,Female,White,Top 10,Engineering,3.01,2,No,2,Finance,Boston,Large,None,3.0,100.0,3,165396,179069,6.6
GRAD_001741,2015,22,Female,Black,Regional,Data Science,3.5,3,No,1,Real Estate,Boston,Large,Masters,1.0,0.0,9,136258,214841,9.1
GRAD_001742,2017,20,Male,White,Top 100,Business,2.88,1,Yes,1,Energy,Philadelphia,Large,None,0.0,100.0,7,96506,147855,6.4
GRAD_001743,2021,22,Male,Asian,Top 100,Business,2.81,1,Yes,0,Manufacturing,Denver,Fortune 500,MBA,4.0,20.0,3,90337,139690,5.8
GRAD_001744,2021,21,Female,Black,Regional,Business,3.56,2,No,2,Healthcare,Phoenix,Startup,None,1.0,0.0,3,75321,90915,5.4
GRAD_001745,2017,22,Female,Asian,Top 50,Computer Science,3.69,3,Yes,2,Government,New York,Small,Masters,2.0,40.0,7,169015,233953,8.1
GRAD_001746,2021,20,Male,White,Top 50,Computer Science,3.3,1,No,0,Transportation,San Francisco,Large,None,4.0,20.0,3,152376,180373,7.7
GRAD_001747,2019,21,Male,White,Top 100,Computer Science,3.44,2,Yes,1,Energy,Phoenix,Large,None,3.0,40.0,5,100270,125516,8.1
GRAD_001748,2020,25,Male,Other,Top 10,Business,3.77,2,No,2,Retail,Phoenix,Small,None,3.0,40.0,4,91162,115776,6.0
GRAD_001749,2018,21,Female,Asian,Regional,Liberal Arts,3.23,0,,1,Real Estate,Los Angeles,Large,None,0.0,0.0,6,60645,85469,4.5
GRAD_001750,2023,24,Female,White,Top 100,Economics,3.33,2,No,0,Transportation,Atlanta,Large,Masters,0.0,0.0,1,78624,91998,7.3
GRAD_001751,2021,22,Male,Asian,Top 100,Political Science,3.22,1,No,1,Education,Miami,Small,None,2.0,60.0,3,55170,66855,4.1
GRAD_001752,2017,20,Male,Other,Top 10,Marketing,3.04,1,No,1,Manufacturing,Chicago,Medium,None,1.0,0.0,7,99939,148947,7.7
GRAD_001753,2017,20,Female,White,Regional,Computer Science,2.77,2,,0,Consulting,Boston,Small,MD,0.0,20.0,7,146373,260650,8.2
GRAD_001754,2022,21,Male,White,Regional,Finance,3.0,3,,3,Transportation,Chicago,Medium,Masters,1.0,40.0,2,97312,123642,8.1
GRAD_001755,2019,25,Male,White,Regional,Economics,3.7,2,No,0,Manufacturing,Seattle,Medium,None,3.0,0.0,5,122367,165570,7.9
GRAD_001756,2016,22,Female,White,Regional,Communications,3.87,2,No,1,Media,New York,Small,None,0.0,20.0,8,90349,107910,7.4
GRAD_001757,2015,22,Female,Asian,Regional,Business,2.92,1,Yes,1,Finance,Boston,Small,None,1.0,0.0,9,112449,161039,6.7
GRAD_001758,2019,23,Female,White,Regional,Business,3.56,2,Yes,0,Transportation,Los Angeles,Fortune 500,JD,1.0,80.0,5,73653,126444,8.3
GRAD_001759,2019,23,Female,Other,Top 50,Liberal Arts,3.22,2,No,1,Retail,Chicago,Large,None,3.0,0.0,5,60286,83445,4.9
GRAD_001760,2021,23,Male,Asian,Top 50,Liberal Arts,3.83,1,No,0,Technology,Boston,Medium,None,3.0,60.0,3,121407,145062,5.3
GRAD_001761,2020,21,Male,Other,Top 50,Economics,3.29,2,No,2,Transportation,Phoenix,Fortune 500,None,3.0,20.0,4,69497,91027,5.9
GRAD_001762,2022,20,Other,White,Regional,Engineering,3.07,3,No,1,Healthcare,Philadelphia,Small,None,2.0,20.0,2,87976,105087,4.2
GRAD_001763,2018,21,Male,White,Top 100,Psychology,3.37,0,Yes,1,Finance,Atlanta,Large,None,3.0,40.0,6,72860,114081,8.2
GRAD_001764,2021,20,Male,White,Top 50,Data Science,2.78,1,No,0,Government,Philadelphia,Startup,None,4.0,0.0,3,92702,124490,7.0
GRAD_001765,2023,21,Female,White,Regional,Business,3.35,3,No,0,Real Estate,Chicago,Medium,None,2.0,20.0,1,93393,96637,7.4
GRAD_001766,2015,20,Male,Asian,Top 50,Psychology,3.19,1,No,1,Non-profit,Atlanta,Large,MBA,2.0,60.0,9,48480,87437,7.0
GRAD_001767,2021,23,Female,White,Top 50,Engineering,3.19,2,No,2,Education,New York,Startup,None,2.0,100.0,3,122469,134337,7.9
GRAD_001768,2021,23,Female,Hispanic,Regional,Political Science,3.08,1,No,1,Energy,New York,Large,MD,1.0,0.0,3,93612,163553,6.5
GRAD_001769,2022,21,Male,White,Regional,Marketing,3.02,0,Yes,1,Retail,Washington DC,Small,None,4.0,0.0,2,64758,82185,4.2
GRAD_001770,2017,20,Male,White,Top 100,Mathematics,3.4,3,No,1,Finance,Phoenix,Fortune 500,None,2.0,40.0,7,86451,122933,7.9
GRAD_001771,2019,24,Male,Asian,Top 50,Engineering,3.33,1,No,0,Technology,Austin,Large,None,0.0,40.0,5,142528,198841,9.8
GRAD_001772,2017,23,Other,White,Top 100,Finance,3.23,4,Yes,2,Manufacturing,Austin,Large,None,0.0,20.0,7,93276,146844,7.6
GRAD_001773,2018,22,Female,White,Top 100,Data Science,3.43,1,No,0,Energy,Los Angeles,Medium,JD,4.0,40.0,6,109358,181098,8.1
GRAD_001774,2023,21,Male,Hispanic,Regional,Business,3.27,0,No,0,Real Estate,New York,Small,None,2.0,40.0,1,95653,106380,7.5
GRAD_001775,2019,22,Male,Asian,Top 10,Biology,3.22,0,No,1,Retail,Portland,Large,MD,2.0,0.0,5,67131,147143,6.9
GRAD_001776,2022,20,Male,Hispanic,Regional,Biology,3.06,2,No,1,Manufacturing,Phoenix,Large,MBA,2.0,80.0,2,60153,86922,6.7
GRAD_001777,2022,22,Male,Asian,Regional,Biology,3.68,3,Yes,0,Government,Denver,Large,Masters,3.0,20.0,2,68196,94577,3.1
GRAD_001778,2019,20,Male,Asian,Regional,Psychology,4.0,1,No,3,Finance,New York,Large,Masters,4.0,0.0,5,98525,150592,4.4
GRAD_001779,2023,20,Male,White,Top 100,Business,2.46,2,No,1,Transportation,Dallas,Small,None,3.0,20.0,1,60209,72283,4.7
GRAD_001780,2022,21,Male,Black,Top 10,Engineering,3.21,2,No,0,Finance,Washington DC,Small,None,4.0,100.0,2,164982,189595,7.7
GRAD_001781,2019,20,Female,Black,Top 10,Marketing,3.24,3,No,2,Manufacturing,Denver,Startup,Masters,3.0,60.0,5,106560,165577,5.3
GRAD_001782,2018,25,Male,White,Top 50,Data Science,3.36,0,No,2,Non-profit,Denver,Large,None,2.0,80.0,6,71588,107857,10.0
GRAD_001783,2015,25,Female,Other,Regional,Psychology,4.0,1,Yes,1,Healthcare,Boston,Large,Masters,1.0,0.0,9,98914,159291,7.6
GRAD_001784,2019,20,Female,Black,Top 100,Biology,3.32,1,No,3,Finance,Austin,Small,None,2.0,20.0,5,98345,116335,5.7
GRAD_001785,2018,22,Male,Asian,Regional,Computer Science,3.18,0,No,1,Consulting,Dallas,Startup,None,1.0,80.0,6,115729,160344,6.1
GRAD_001786,2021,21,Male,White,Top 10,Computer Science,3.51,2,No,0,Transportation,Philadelphia,Small,None,0.0,0.0,3,104767,116917,5.9
GRAD_001787,2015,25,Other,White,Regional,Business,3.59,0,No,2,Manufacturing,Washington DC,Small,Masters,2.0,20.0,9,91976,175218,7.7
GRAD_001788,2022,20,Male,Hispanic,Regional,Marketing,3.09,1,Yes,1,Manufacturing,Boston,Fortune 500,None,1.0,80.0,2,85666,96668,4.6
GRAD_001789,2019,23,Male,White,Regional,Chemistry,3.27,1,No,1,Education,Atlanta,Fortune 500,Masters,2.0,0.0,5,51504,79896,5.5
GRAD_001790,2019,24,Male,Asian,Top 50,Engineering,3.28,2,No,0,Healthcare,Chicago,Medium,Masters,1.0,0.0,5,130561,196271,4.9
GRAD_001791,2017,21,Female,White,Top 100,Mathematics,3.86,2,No,0,Technology,Dallas,Large,MD,0.0,80.0,7,102679,207574,6.0
GRAD_001792,2023,22,Female,White,Top 50,Political Science,3.35,1,No,1,Transportation,Denver,Large,None,4.0,20.0,1,75190,89161,4.4
GRAD_001793,2019,24,Male,White,Regional,Mathematics,3.46,3,No,0,Finance,Atlanta,Small,None,1.0,0.0,5,84990,103475,6.9
GRAD_001794,2022,20,Male,Other,Top 100,Computer Science,3.09,0,Yes,1,Manufacturing,Phoenix,Large,None,0.0,20.0,2,78042,89289,6.3
GRAD_001795,2017,23,Male,White,Top 100,Engineering,3.46,1,Yes,2,Finance,Seattle,Medium,MBA,3.0,40.0,7,150903,247357,5.4
GRAD_001796,2016,20,Male,Hispanic,Regional,Business,3.25,5,No,1,Real Estate,Philadelphia,Large,None,1.0,60.0,8,87173,145955,8.4
GRAD_001797,2021,20,Male,Asian,Top 50,Liberal Arts,3.21,0,Yes,0,Government,Phoenix,Medium,None,2.0,20.0,3,56597,68719,6.5
GRAD_001798,2023,23,Male,Hispanic,Top 100,Marketing,3.1,1,No,0,Healthcare,Boston,Large,None,1.0,40.0,1,93865,99964,4.7
GRAD_001799,2021,21,Female,White,Top 50,Engineering,3.37,1,No,0,Transportation,Portland,Large,PhD,2.0,0.0,3,108618,142625,8.0
GRAD_001800,2020,22,Female,Other,Top 10,Economics,3.25,1,No,1,Real Estate,Boston,Startup,None,1.0,0.0,4,143468,170271,8.8
GRAD_001801,2019,20,Female,Asian,Top 10,Business,2.96,1,No,3,Healthcare,Atlanta,Medium,None,0.0,80.0,5,90709,115032,4.3
GRAD_001802,2018,22,Female,Asian,Top 10,Communications,2.98,0,No,2,Real Estate,Chicago,Large,None,4.0,80.0,6,84471,111487,6.0
GRAD_001803,2019,20,Male,Black,Regional,Biology,3.37,2,No,3,Consulting,Dallas,Medium,Masters,2.0,80.0,5,77908,130118,4.4
GRAD_001804,2016,24,Male,White,Top 100,Computer Science,3.33,2,No,3,Technology,San Francisco,Large,None,1.0,60.0,8,167275,225611,5.3
GRAD_001805,2017,23,Male,White,Regional,Business,3.52,0,Yes,0,Media,Portland,Small,None,0.0,0.0,7,71137,113840,7.7
GRAD_001806,2019,21,Female,Asian,Regional,Chemistry,3.34,2,No,2,Retail,Philadelphia,Startup,None,3.0,0.0,5,64685,90847,6.0
GRAD_001807,2016,20,Female,White,Regional,Psychology,2.92,2,No,1,Non-profit,Phoenix,Small,None,1.0,40.0,8,47941,71212,9.7
GRAD_001808,2022,22,Female,Hispanic,Top 50,Finance,3.5,1,No,1,Manufacturing,Dallas,Medium,Masters,0.0,80.0,2,96011,114149,8.3
GRAD_001809,2015,21,Male,Asian,Top 50,Economics,3.0,2,Yes,1,Transportation,Seattle,Large,None,4.0,60.0,9,92154,146333,7.3
GRAD_001810,2018,21,Male,Hispanic,Top 100,Engineering,3.66,2,No,3,Non-profit,Denver,Small,MBA,4.0,20.0,6,73366,123358,6.1
GRAD_001811,2020,24,Male,Other,Regional,Communications,3.64,4,No,0,Transportation,Austin,Small,None,4.0,0.0,4,57299,77473,4.8
GRAD_001812,2023,24,Female,Other,Top 100,Marketing,3.09,3,Yes,0,Energy,San Francisco,Medium,None,3.0,0.0,1,114873,121430,7.0
GRAD_001813,2020,23,Female,White,Top 100,Business,3.01,1,No,0,Government,Dallas,Fortune 500,None,3.0,80.0,4,62863,84490,6.9
GRAD_001814,2018,24,Female,White,Top 100,Communications,2.88,2,No,0,Real Estate,Philadelphia,Large,None,2.0,0.0,6,58519,81019,9.3
GRAD_001815,2018,20,Female,Asian,Top 100,Engineering,2.85,0,Yes,0,Transportation,Miami,Fortune 500,None,5.0,0.0,6,77616,121245,4.3
GRAD_001816,2018,22,Female,Asian,Top 100,Psychology,3.87,4,No,1,Energy,New York,Large,None,2.0,40.0,6,112634,167210,5.1
GRAD_001817,2017,21,Male,White,Top 100,Biology,3.02,0,No,0,Energy,Dallas,Small,None,1.0,0.0,7,64523,102022,6.5
GRAD_001818,2016,23,Female,White,Top 100,Marketing,3.16,1,Yes,1,Technology,Denver,Small,None,3.0,0.0,8,109820,182110,8.1
GRAD_001819,2019,22,Male,White,Top 100,Engineering,4.0,1,No,2,Education,Seattle,Medium,MBA,1.0,80.0,5,101184,152570,9.0
GRAD_001820,2018,23,Male,Black,Regional,Business,3.7,2,No,1,Consulting,Dallas,Medium,None,1.0,0.0,6,104974,156851,6.7
GRAD_001821,2016,21,Male,White,Top 10,Biology,3.66,3,No,4,Government,Atlanta,Medium,MD,3.0,100.0,8,66220,178892,8.2
GRAD_001822,2017,21,Female,White,Top 100,Biology,3.53,0,No,0,Government,Miami,Large,None,0.0,0.0,7,68031,92821,5.0
GRAD_001823,2020,23,Female,Asian,Regional,Finance,3.66,5,,1,Non-profit,Miami,Medium,Masters,3.0,0.0,4,74203,105203,6.9
GRAD_001824,2017,22,Female,White,Top 100,Business,2.48,4,No,1,Media,Dallas,Small,Masters,5.0,0.0,7,70115,129151,6.1
GRAD_001825,2017,22,Male,White,Top 100,Liberal Arts,3.25,3,No,2,Transportation,Chicago,Medium,None,4.0,80.0,7,57514,91588,4.6
GRAD_001826,2021,20,Female,White,Top 100,Mathematics,3.06,0,,2,Energy,Philadelphia,Small,MBA,0.0,80.0,3,97810,130710,6.5
GRAD_001827,2021,23,Male,White,Top 100,Psychology,2.75,1,Yes,1,Consulting,San Francisco,Startup,None,,,3,114272,141474,9.2
GRAD_001828,2017,20,Male,Other,Top 100,Finance,2.79,5,No,3,Media,Atlanta,Large,Masters,1.0,100.0,7,83780,153698,9.5
GRAD_001829,2019,25,Male,White,Top 50,Business,3.24,1,No,2,Energy,Miami,Large,MBA,5.0,0.0,5,89224,166647,5.2
GRAD_001830,2022,22,Female,White,Top 100,Business,2.81,1,No,0,Transportation,Los Angeles,Medium,None,3.0,60.0,2,77283,93454,5.1
GRAD_001831,2021,21,Female,Other,Regional,Biology,3.22,4,No,3,Real Estate,Miami,Startup,None,3.0,,3,71459,90816,6.9
GRAD_001832,2015,23,Male,White,Top 10,Biology,3.14,2,No,1,Government,Los Angeles,Small,JD,4.0,0.0,9,84435,178912,6.6
GRAD_001833,2018,22,Female,White,Regional,Economics,3.87,3,No,0,Healthcare,Chicago,Medium,None,4.0,100.0,6,88009,134942,10.0
GRAD_001834,2021,23,Male,Asian,Regional,Data Science,3.53,1,Yes,0,Media,Washington DC,Large,None,0.0,80.0,3,96371,110455,8.9
GRAD_001835,2017,22,Female,Hispanic,Top 100,Computer Science,3.6,2,Yes,0,Retail,New York,Large,MBA,4.0,,7,107325,204158,6.8
GRAD_001836,2017,23,Female,Asian,Top 100,Computer Science,2.92,2,No,1,Non-profit,Philadelphia,Small,Masters,2.0,20.0,7,73650,109538,8.0
GRAD_001837,2021,22,Other,White,Top 50,Engineering,3.75,0,No,2,Non-profit,Boston,Fortune 500,None,2.0,20.0,3,96688,124056,6.5
GRAD_001838,2018,23,Male,White,Regional,Biology,3.51,2,No,1,Technology,Boston,Small,Masters,5.0,0.0,6,110683,198510,9.4
GRAD_001839,2018,24,Female,Black,Top 100,Communications,3.27,1,No,2,Healthcare,Denver,Large,Masters,2.0,40.0,6,62773,94621,7.9
GRAD_001840,2020,20,Male,White,Regional,Business,2.79,1,Yes,2,Real Estate,Boston,Startup,MBA,3.0,40.0,4,93970,155887,7.9
GRAD_001841,2022,23,Other,Hispanic,Top 50,Engineering,3.44,0,No,0,Transportation,Miami,Startup,None,2.0,20.0,2,83880,95472,6.1
GRAD_001842,2019,25,Male,White,Top 10,Political Science,3.19,2,No,2,Finance,Chicago,Large,Masters,0.0,,5,94995,130056,6.0
GRAD_001843,2023,23,Female,White,Top 50,Business,3.06,1,No,0,Government,Miami,Medium,None,1.0,20.0,1,86323,90977,3.9
GRAD_001844,2016,26,Other,Other,Top 50,Business,3.38,1,No,1,Education,Atlanta,Small,Masters,2.0,0.0,8,68054,136695,9.2
GRAD_001845,2022,21,Male,Asian,Regional,Economics,3.17,0,No,0,Real Estate,Atlanta,Fortune 500,None,3.0,20.0,2,80797,95548,4.8
GRAD_001846,2020,22,Female,White,Regional,Computer Science,3.26,3,No,1,Transportation,Austin,Medium,None,3.0,0.0,4,104690,124697,6.7
GRAD_001847,2022,23,Other,Asian,Regional,Data Science,2.87,1,No,2,Non-profit,Atlanta,Large,None,2.0,80.0,2,63539,77684,6.6
GRAD_001848,2018,21,Female,White,Top 10,Chemistry,2.75,3,No,0,Media,Boston,Large,MD,2.0,60.0,6,101117,194265,7.2
GRAD_001849,2019,20,Male,Black,Top 50,Engineering,3.81,0,Yes,1,Manufacturing,Washington DC,Large,None,3.0,0.0,5,112312,153456,6.2
GRAD_001850,2022,25,Male,White,Regional,Computer Science,2.88,1,No,1,Healthcare,Dallas,Small,None,0.0,,2,113694,122098,8.3
GRAD_001851,2022,24,Male,White,Top 50,Business,2.89,0,No,1,Energy,Miami,Startup,None,2.0,40.0,2,81134,97297,4.8
GRAD_001852,2018,23,Female,Asian,Top 100,Business,3.09,1,No,0,Consulting,Portland,Small,None,,20.0,6,108855,154642,7.2
GRAD_001853,2022,22,Female,Hispanic,Regional,Finance,3.59,3,,2,Technology,Denver,Startup,None,0.0,,2,108512,110500,7.5
GRAD_001854,2021,22,Female,Asian,Top 50,Business,3.07,1,No,2,Technology,Philadelphia,Large,None,3.0,20.0,3,107192,121697,6.1
GRAD_001855,2019,23,Female,White,Regional,Engineering,3.24,1,Yes,0,Technology,New York,Small,None,1.0,100.0,5,157353,181688,4.1
GRAD_001856,2023,24,Male,Asian,Regional,Liberal Arts,2.98,2,No,1,Healthcare,Atlanta,Fortune 500,PhD,4.0,0.0,1,70385,99735,10.0
GRAD_001857,2015,21,Male,White,Top 100,Biology,3.7,1,No,1,Consulting,Philadelphia,Large,None,0.0,40.0,9,92705,164945,8.9
GRAD_001858,2019,22,Female,White,Regional,Finance,2.56,1,No,1,Government,San Francisco,Startup,Masters,1.0,0.0,5,111836,162143,8.0
GRAD_001859,2018,21,Female,Black,Top 100,Liberal Arts,3.38,3,No,0,Retail,Miami,Medium,None,1.0,40.0,6,50833,65423,6.6
GRAD_001860,2023,20,Male,White,Regional,Engineering,3.97,2,No,1,Non-profit,Dallas,Medium,PhD,1.0,20.0,1,59954,77325,6.8
GRAD_001861,2016,21,Female,White,Top 100,Economics,3.2,1,No,1,Retail,San Francisco,Medium,None,3.0,20.0,8,89916,120692,6.0
GRAD_001862,2021,22,Female,Asian,Top 10,Data Science,2.98,1,No,2,Manufacturing,Los Angeles,Large,Masters,2.0,,3,119759,147762,9.1
GRAD_001863,2021,22,Female,Asian,Top 100,Engineering,2.54,1,No,1,Retail,Philadelphia,Large,MD,0.0,40.0,3,85300,134273,5.1
GRAD_001864,2017,22,Female,White,Top 50,Engineering,3.42,1,Yes,4,Real Estate,Los Angeles,Startup,Masters,,40.0,7,129738,229582,7.3
GRAD_001865,2016,23,Male,Hispanic,Regional,Mathematics,3.62,0,No,1,Government,Phoenix,Large,None,2.0,40.0,8,55169,75909,4.7
GRAD_001866,2015,24,Female,White,Top 100,Psychology,3.69,1,Yes,0,Non-profit,Portland,Fortune 500,None,2.0,60.0,9,45231,74265,7.9
GRAD_001867,2016,26,Female,Black,Regional,Mathematics,3.82,0,No,0,Government,San Francisco,Small,MBA,2.0,20.0,8,116639,203258,8.0
GRAD_001868,2022,23,Female,White,Top 10,Computer Science,3.57,1,Yes,2,Technology,San Francisco,Large,None,2.0,20.0,2,223590,245060,10.0
GRAD_001869,2023,21,Female,White,Regional,Communications,2.73,0,Yes,1,Healthcare,Chicago,Medium,None,1.0,20.0,1,56273,57844,4.3
GRAD_001870,2023,24,Female,White,Top 100,Liberal Arts,3.72,1,No,0,Real Estate,Los Angeles,Startup,MBA,3.0,0.0,1,88635,117911,8.0
GRAD_001871,2018,22,Male,Hispanic,Top 10,Chemistry,3.0,1,No,1,Finance,Austin,Large,None,2.0,20.0,6,107288,157819,8.2
GRAD_001872,2021,21,Male,Black,Top 100,Liberal Arts,3.16,3,No,1,Consulting,Atlanta,Fortune 500,None,1.0,40.0,3,68554,86876,6.2
GRAD_001873,2022,23,Female,White,Top 100,Psychology,3.55,0,,0,Government,Phoenix,Large,Masters,3.0,20.0,2,58673,78401,6.4
GRAD_001874,2022,24,Male,Black,Top 50,Psychology,3.42,2,No,1,Retail,Denver,Large,None,4.0,0.0,2,54607,70141,6.0
GRAD_001875,2015,21,Male,Black,Top 10,Data Science,3.0,0,No,2,Non-profit,Seattle,Fortune 500,None,1.0,40.0,9,117076,213149,8.1
GRAD_001876,2017,22,Male,Hispanic,Regional,Business,3.43,1,No,2,Energy,Los Angeles,Large,None,1.0,0.0,7,83030,109422,5.6
GRAD_001877,2023,23,Male,Hispanic,Regional,Engineering,2.35,0,No,0,Transportation,Boston,Large,None,0.0,,1,78380,82780,5.5
GRAD_001878,2021,21,Female,White,Top 100,Computer Science,3.61,1,No,0,Transportation,Portland,Large,None,1.0,0.0,3,114666,138153,5.5
GRAD_001879,2022,20,Female,White,Regional,Economics,3.13,2,No,0,Consulting,Chicago,Fortune 500,MD,3.0,0.0,2,104069,181892,6.3
GRAD_001880,2020,20,Female,White,Top 10,Marketing,3.99,0,No,1,Transportation,New York,Startup,None,1.0,60.0,4,133666,168602,9.9
GRAD_001881,2019,24,Female,Asian,Top 100,Data Science,3.18,3,No,2,Retail,Dallas,Small,MBA,1.0,40.0,5,88787,151512,8.4
GRAD_001882,2021,21,Female,Asian,Regional,Communications,3.73,2,Yes,0,Consulting,Boston,Fortune 500,MBA,4.0,0.0,3,101715,160160,7.6
GRAD_001883,2019,21,Female,Black,Top 100,Computer Science,3.62,0,Yes,2,Energy,Washington DC,Fortune 500,MBA,0.0,80.0,5,143197,239198,5.8
GRAD_001884,2018,22,Female,White,Top 100,Computer Science,3.58,0,No,1,Non-profit,Austin,Small,None,2.0,20.0,6,90955,131333,8.5
GRAD_001885,2018,24,Female,White,Top 10,Mathematics,3.58,2,No,2,Technology,Dallas,Startup,None,0.0,100.0,6,104955,125546,6.8
GRAD_001886,2016,20,Female,White,Regional,Political Science,3.47,4,No,6,Manufacturing,San Francisco,Large,None,0.0,40.0,8,87935,111151,5.2
GRAD_001887,2020,20,Female,Other,Regional,Finance,3.53,1,No,2,Finance,Denver,Fortune 500,None,2.0,40.0,4,119634,155004,6.5
GRAD_001888,2020,24,Male,Black,Top 50,Computer Science,3.56,0,Yes,0,Non-profit,Seattle,Medium,None,0.0,100.0,4,94828,110543,10.0
GRAD_001889,2020,23,Male,White,Regional,Biology,3.21,1,No,0,Real Estate,Atlanta,Fortune 500,None,5.0,40.0,4,67035,93919,2.9
GRAD_001890,2016,20,Male,Asian,Top 100,Mathematics,3.07,0,No,0,Education,New York,Large,None,0.0,40.0,8,82640,106427,8.2
GRAD_001891,2023,21,Male,White,Top 100,Marketing,3.13,4,No,0,Transportation,Chicago,Large,None,2.0,20.0,1,79514,89646,3.9
GRAD_001892,2021,20,Male,White,Regional,Data Science,3.19,2,No,1,Manufacturing,San Francisco,Large,MBA,1.0,40.0,3,122801,188601,5.4
GRAD_001893,2016,23,Female,Asian,Top 50,Liberal Arts,3.37,0,No,0,Media,Chicago,Small,None,2.0,0.0,8,64103,92921,8.6
GRAD_001894,2015,24,Female,White,Top 100,Data Science,3.57,2,Yes,0,Manufacturing,Boston,Large,None,2.0,0.0,9,115263,200629,6.7
GRAD_001895,2021,23,Female,White,Regional,Liberal Arts,3.33,1,No,0,Finance,New York,Fortune 500,MBA,0.0,60.0,3,87345,121549,6.9
GRAD_001896,2018,22,Female,White,Top 50,Finance,3.63,1,No,1,Non-profit,Los Angeles,Large,None,3.0,40.0,6,91910,118825,7.8
GRAD_001897,2018,23,Female,White,Regional,Computer Science,3.3,3,No,1,Real Estate,Dallas,Medium,None,3.0,40.0,6,95897,137656,5.1
GRAD_001898,2022,21,Female,Hispanic,Regional,Business,4.0,5,No,0,Energy,Dallas,Medium,None,2.0,0.0,2,96183,107042,3.4
GRAD_001899,2018,21,Male,White,Regional,Mathematics,3.33,3,No,0,Media,Phoenix,Startup,Masters,3.0,0.0,6,64283,105293,8.5
GRAD_001900,2021,22,Female,Black,Regional,Computer Science,3.28,0,No,2,Retail,Atlanta,Large,Masters,2.0,100.0,3,76150,101776,7.8
GRAD_001901,2020,22,Female,Black,Top 100,Mathematics,3.07,2,No,2,Technology,Chicago,Fortune 500,None,2.0,20.0,4,124585,158166,2.4
GRAD_001902,2017,22,Female,White,Regional,Business,3.7,2,No,2,Consulting,Boston,Large,None,1.0,60.0,7,108448,158387,6.6
GRAD_001903,2018,20,Female,Asian,Regional,Finance,3.67,1,No,1,Government,Phoenix,Small,None,2.0,20.0,6,61242,80394,4.5
GRAD_001904,2023,23,Female,Hispanic,Top 100,Data Science,3.86,1,No,0,Non-profit,Chicago,Small,None,1.0,40.0,1,91219,96938,5.7
GRAD_001905,2018,20,Male,Asian,Top 100,Mathematics,3.76,2,Yes,2,Technology,Denver,Large,Masters,1.0,80.0,6,102093,175908,8.9
GRAD_001906,2022,20,Male,White,Regional,Chemistry,3.32,1,No,2,Manufacturing,Phoenix,Fortune 500,Masters,4.0,60.0,2,59137,89550,3.3
GRAD_001907,2022,21,Female,White,Regional,Business,2.89,1,Yes,2,Transportation,Chicago,Large,None,2.0,0.0,2,63748,70210,6.5
GRAD_001908,2015,22,Male,White,Top 50,Business,3.37,3,No,1,Retail,Chicago,Medium,Masters,2.0,,9,69470,134530,7.6
GRAD_001909,2021,25,Female,White,Regional,Business,3.67,2,No,1,Government,Austin,Small,None,3.0,80.0,3,70797,84125,5.5
GRAD_001910,2021,21,Female,Black,Top 50,Data Science,3.27,0,No,0,Healthcare,Boston,Fortune 500,None,1.0,60.0,3,137670,148340,5.0
GRAD_001911,2019,22,Female,White,Top 100,Mathematics,3.15,1,No,0,Healthcare,Chicago,Small,MBA,2.0,20.0,5,91227,150030,4.0
GRAD_001912,2020,22,Female,White,Top 10,Political Science,3.19,2,No,0,Media,Philadelphia,Medium,Masters,0.0,60.0,4,65851,83376,5.7
GRAD_001913,2016,20,Female,Asian,Top 100,Chemistry,3.75,2,No,1,Consulting,Boston,Small,MBA,1.0,0.0,8,98466,177692,7.0
GRAD_001914,2018,22,Female,Asian,Top 10,Liberal Arts,3.18,0,Yes,1,Retail,Austin,Medium,None,0.0,60.0,6,63039,75419,5.0
GRAD_001915,2021,22,Female,Asian,Top 10,Marketing,3.54,1,Yes,1,Finance,Dallas,Large,MBA,1.0,60.0,3,102110,143388,8.3
GRAD_001916,2020,22,Male,White,Top 100,Biology,3.62,1,No,4,Retail,Phoenix,Startup,Masters,1.0,40.0,4,47198,73471,7.3
GRAD_001917,2016,23,Male,White,Top 100,Business,3.51,1,No,2,Consulting,Philadelphia,Startup,None,0.0,0.0,8,101089,143651,7.1
GRAD_001918,2023,23,Male,White,Top 10,Marketing,3.08,3,Yes,1,Government,New York,Medium,JD,1.0,0.0,1,110886,155209,6.3
GRAD_001919,2023,21,Female,White,Regional,Political Science,3.2,4,No,2,Non-profit,Los Angeles,Large,None,3.0,40.0,1,59606,70073,4.0
GRAD_001920,2017,23,Male,White,Top 100,Data Science,2.74,2,Yes,1,Energy,Phoenix,Medium,None,1.0,20.0,7,102823,147483,9.5
GRAD_001921,2022,21,Male,Asian,Regional,Marketing,3.17,1,No,1,Energy,Chicago,Large,MD,3.0,40.0,2,83751,151052,7.6
GRAD_001922,2017,21,Female,White,Regional,Liberal Arts,2.69,1,No,3,Non-profit,Dallas,Startup,Masters,6.0,60.0,7,41771,75751,6.9
GRAD_001923,2020,25,Male,Other,Regional,Communications,3.66,1,No,1,Consulting,Seattle,Medium,None,0.0,0.0,4,76684,88699,4.9
GRAD_001924,2022,20,Other,Asian,Regional,Marketing,2.85,2,No,0,Real Estate,New York,Small,Masters,0.0,0.0,2,97919,125544,5.2
GRAD_001925,2018,21,Female,White,Top 10,Data Science,2.93,1,Yes,3,Government,Boston,Fortune 500,MD,1.0,40.0,6,137828,293097,6.2
GRAD_001926,2020,22,Female,White,Regional,Data Science,3.2,0,Yes,0,Retail,Philadelphia,Fortune 500,None,3.0,60.0,4,75478,96421,7.1
GRAD_001927,2019,21,Female,White,Top 10,Computer Science,3.11,0,No,2,Healthcare,New York,Fortune 500,Masters,3.0,,5,208903,289680,6.6
GRAD_001928,2022,22,Female,White,Top 100,Computer Science,3.98,1,No,2,Transportation,Phoenix,Large,None,3.0,0.0,2,104699,120527,6.5
GRAD_001929,2019,20,Female,White,Regional,Marketing,3.71,1,No,3,Healthcare,Boston,Startup,PhD,0.0,0.0,5,97337,147360,7.6
GRAD_001930,2020,20,Female,Other,Top 50,Engineering,3.22,0,No,0,Media,Denver,Fortune 500,PhD,3.0,80.0,4,96036,152287,8.6
GRAD_001931,2022,21,Male,Hispanic,Regional,Business,3.85,0,No,0,Non-profit,Denver,Startup,JD,0.0,40.0,2,52585,73072,5.4
GRAD_001932,2021,22,Female,White,Top 50,Chemistry,3.46,2,Yes,0,Finance,Washington DC,Large,None,2.0,60.0,3,96267,106406,7.8
GRAD_001933,2020,22,Female,Hispanic,Top 50,Computer Science,3.29,1,Yes,0,Education,Boston,Fortune 500,None,2.0,60.0,4,108588,137956,4.9
GRAD_001934,2019,23,Male,Black,Top 50,Data Science,2.98,2,No,1,Technology,Dallas,Startup,Masters,2.0,20.0,5,123969,176509,10.0
GRAD_001935,2016,20,Female,Asian,Top 100,Finance,3.09,0,No,2,Finance,Portland,Small,Masters,1.0,60.0,8,122654,172485,6.2
GRAD_001936,2015,21,Male,White,Regional,Engineering,4.0,2,No,0,Energy,Miami,Fortune 500,JD,2.0,40.0,9,101730,182049,7.1
GRAD_001937,2023,22,Female,White,Top 100,Computer Science,3.47,1,No,1,Government,Washington DC,Medium,None,2.0,20.0,1,127405,135753,7.7
GRAD_001938,2017,21,Female,White,Top 100,Biology,3.22,1,No,1,Healthcare,Los Angeles,Small,None,0.0,20.0,7,73096,106074,7.7
GRAD_001939,2018,22,Other,White,Top 50,Chemistry,3.33,2,No,1,Real Estate,Washington DC,Medium,Masters,1.0,40.0,6,107518,151821,5.8
GRAD_001940,2020,22,Female,Asian,Top 50,Finance,3.35,0,No,2,Non-profit,Washington DC,Large,MD,3.0,0.0,4,86892,157021,8.6
GRAD_001941,2022,23,Male,White,Regional,Economics,3.28,2,Yes,2,Finance,Philadelphia,Fortune 500,None,2.0,,2,96364,112205,7.2
GRAD_001942,2022,22,Male,White,Top 50,Engineering,2.44,0,No,2,Real Estate,Atlanta,Small,None,1.0,60.0,2,82580,91850,6.4
GRAD_001943,2022,20,Female,White,Top 100,Political Science,3.6,3,,3,Retail,Phoenix,Small,JD,1.0,40.0,2,48395,69203,4.5
GRAD_001944,2023,24,Male,Asian,Top 100,Mathematics,3.92,1,Yes,0,Government,Atlanta,Medium,None,0.0,0.0,1,74864,79072,4.7
GRAD_001945,2015,20,Female,White,Top 100,Biology,3.4,1,No,1,Healthcare,Austin,Large,None,4.0,40.0,9,84224,123286,3.9
GRAD_001946,2019,20,Male,Other,Top 100,Political Science,3.46,1,No,0,Transportation,Phoenix,Large,None,2.0,,5,49696,69682,6.5
GRAD_001947,2023,22,Male,Asian,Top 10,Business,3.01,3,No,1,Energy,San Francisco,Medium,MBA,1.0,0.0,1,171832,228647,7.9
GRAD_001948,2019,22,Female,Asian,Regional,Economics,3.17,0,Yes,0,Finance,Philadelphia,Startup,Masters,3.0,80.0,5,104765,144497,5.5
GRAD_001949,2022,22,Female,White,Top 10,Political Science,3.43,1,No,0,Transportation,San Francisco,Large,None,4.0,20.0,2,103557,120623,5.0
GRAD_001950,2015,21,Male,White,Regional,Business,3.36,0,No,1,Education,Miami,Large,Masters,0.0,0.0,9,48707,85803,6.6
GRAD_001951,2020,22,Male,Asian,Top 100,Psychology,3.24,0,No,1,Real Estate,Philadelphia,Large,Masters,2.0,20.0,4,65300,95414,3.9
GRAD_001952,2023,23,Female,White,Regional,Computer Science,3.67,0,No,0,Consulting,Portland,Fortune 500,Masters,0.0,20.0,1,134813,150836,5.0
GRAD_001953,2017,20,Male,Black,Top 100,Psychology,3.36,3,No,1,Media,Seattle,Large,MBA,6.0,40.0,7,80752,150262,7.8
GRAD_001954,2023,20,Female,Asian,Top 10,Business,3.5,0,No,1,Retail,New York,Large,None,3.0,,1,118416,129641,4.1
GRAD_001955,2015,21,Male,White,Top 100,Psychology,3.12,1,No,1,Retail,Chicago,Fortune 500,None,1.0,20.0,9,51853,80192,5.9
GRAD_001956,2015,24,Male,Asian,Regional,Economics,3.6,2,Yes,0,Manufacturing,Dallas,Fortune 500,None,2.0,0.0,9,81330,121582,5.4
GRAD_001957,2019,23,Male,Hispanic,Top 10,Business,2.94,1,No,1,Government,Phoenix,Large,JD,2.0,40.0,5,75342,140092,10.0
GRAD_001958,2016,23,Female,Hispanic,Top 100,Engineering,3.3,4,Yes,0,Education,Atlanta,Startup,None,2.0,0.0,8,72893,101431,8.4
GRAD_001959,2017,24,Female,White,Regional,Business,3.43,1,No,2,Education,Boston,Medium,None,0.0,60.0,7,64771,76363,6.0
GRAD_001960,2018,23,Male,White,Top 10,Economics,3.15,4,No,0,Technology,Boston,Fortune 500,None,2.0,40.0,6,173855,247026,3.1
GRAD_001961,2019,22,Male,Asian,Top 50,Computer Science,3.31,2,Yes,3,Manufacturing,Atlanta,Large,None,1.0,60.0,5,105678,143407,6.6
GRAD_001962,2019,24,Female,Black,Top 10,Economics,3.54,2,No,2,Real Estate,Dallas,Large,MBA,2.0,100.0,5,97307,166621,9.0
GRAD_001963,2023,21,Female,Hispanic,Top 100,Psychology,3.54,1,Yes,0,Government,Los Angeles,Large,Masters,1.0,0.0,1,75765,91297,7.0
GRAD_001964,2023,22,Female,Asian,Regional,Business,3.29,3,No,0,Manufacturing,New York,Large,None,2.0,40.0,1,90035,94535,5.8
GRAD_001965,2021,24,Male,Asian,Top 100,Political Science,3.16,1,No,3,Government,Austin,Large,None,2.0,100.0,3,55507,68623,6.7
GRAD_001966,2021,20,Male,Asian,Top 50,Business,3.45,3,No,1,Manufacturing,New York,Fortune 500,None,0.0,100.0,3,110019,127675,7.9
GRAD_001967,2017,21,Male,Asian,Top 100,Communications,4.0,1,No,2,Consulting,Atlanta,Large,None,1.0,60.0,7,80123,125114,8.3
GRAD_001968,2020,23,Female,Black,Regional,Psychology,3.5,1,Yes,0,Government,Washington DC,Medium,None,,20.0,4,58885,71445,5.8
GRAD_001969,2016,22,Male,Asian,Top 100,Engineering,3.89,0,No,1,Retail,Miami,Startup,MD,0.0,,8,87115,166221,7.1
GRAD_001970,2019,23,Female,White,Top 50,Data Science,3.38,1,No,0,Transportation,Washington DC,Fortune 500,MBA,2.0,80.0,5,115718,185403,5.9
GRAD_001971,2019,20,Female,Other,Top 50,Chemistry,3.41,3,No,0,Technology,Boston,Startup,None,2.0,100.0,5,141265,187560,5.0
GRAD_001972,2021,21,Male,Black,Top 100,Chemistry,2.51,3,No,0,Retail,Chicago,Small,None,2.0,40.0,3,69988,88301,6.1
GRAD_001973,2022,23,Male,Hispanic,Top 10,Computer Science,3.24,2,No,2,Finance,Philadelphia,Large,MD,2.0,60.0,2,156934,264881,8.0
GRAD_001974,2018,21,Female,White,Top 100,Liberal Arts,3.65,0,No,3,Government,Boston,Medium,None,0.0,20.0,6,57176,68339,7.1
GRAD_001975,2015,23,Male,Asian,Regional,Psychology,3.4,1,No,1,Healthcare,Austin,Medium,Masters,2.0,100.0,9,71796,134804,8.7
GRAD_001976,2015,22,Male,White,Regional,Liberal Arts,3.27,0,No,0,Technology,Washington DC,Medium,None,2.0,0.0,9,77836,134432,8.6
GRAD_001977,2022,20,Male,White,Top 100,Computer Science,3.32,1,No,1,Transportation,Seattle,Fortune 500,MBA,0.0,0.0,2,132161,188300,9.9
GRAD_001978,2019,23,Female,White,Regional,Communications,3.91,1,No,2,Media,New York,Large,None,3.0,20.0,5,86092,117556,7.3
GRAD_001979,2017,23,Female,White,Top 100,Finance,3.08,2,No,1,Energy,Chicago,Small,MBA,3.0,80.0,7,113864,195568,5.7
GRAD_001980,2015,23,Female,Asian,Regional,Economics,3.66,2,Yes,0,Real Estate,Dallas,Fortune 500,None,3.0,100.0,9,84795,140274,4.7
GRAD_001981,2020,23,Female,White,Top 50,Political Science,3.87,0,No,0,Education,Denver,Large,None,2.0,40.0,4,53279,72537,6.0
GRAD_001982,2016,20,Other,White,Top 50,Data Science,3.54,4,No,3,Retail,Atlanta,Large,None,3.0,20.0,8,77486,118868,5.4
GRAD_001983,2019,25,Female,Asian,Regional,Economics,2.99,1,No,0,Energy,Los Angeles,Large,None,0.0,20.0,5,116018,137180,9.3
GRAD_001984,2020,26,Male,White,Top 50,Chemistry,3.52,0,No,1,Non-profit,Austin,Fortune 500,None,2.0,40.0,4,64755,85688,7.2
GRAD_001985,2017,24,Female,White,Top 100,Business,3.49,1,Yes,3,Media,San Francisco,Large,Masters,1.0,20.0,7,94703,149133,6.0
GRAD_001986,2017,22,Male,White,Top 50,Chemistry,3.84,6,No,5,Education,Los Angeles,Fortune 500,None,2.0,40.0,7,86511,122956,8.4
GRAD_001987,2015,21,Male,Hispanic,Regional,Engineering,3.25,1,No,1,Transportation,Dallas,Large,None,0.0,0.0,9,81589,108043,6.8
GRAD_001988,2020,21,Male,White,Top 100,Marketing,2.55,2,No,3,Energy,New York,Fortune 500,None,3.0,20.0,4,117124,144245,7.7
GRAD_001989,2017,23,Female,Black,Regional,Chemistry,2.96,2,No,0,Healthcare,Washington DC,Fortune 500,None,6.0,40.0,7,94182,160107,8.7
GRAD_001990,2022,24,Female,White,Regional,Biology,3.23,3,Yes,0,Manufacturing,Los Angeles,Large,None,1.0,100.0,2,64734,72791,5.5
GRAD_001991,2020,21,Female,White,Top 50,Marketing,3.31,0,No,1,Healthcare,Los Angeles,Small,None,2.0,0.0,4,83861,110193,5.9
GRAD_001992,2020,22,Male,White,Top 100,Data Science,3.58,2,No,2,Real Estate,Boston,Medium,None,0.0,0.0,4,123116,146126,8.8
GRAD_001993,2020,24,Male,Asian,Regional,Liberal Arts,3.27,3,No,1,Retail,Seattle,Medium,MBA,2.0,,4,57149,89566,4.9
GRAD_001994,2017,22,Female,White,Top 100,Data Science,3.11,0,No,0,Healthcare,Los Angeles,Medium,None,2.0,60.0,7,109173,145888,6.5
GRAD_001995,2023,22,Female,Asian,Top 100,Marketing,3.01,2,Yes,0,Education,Washington DC,Medium,None,0.0,40.0,1,56743,54968,8.8
GRAD_001996,2023,24,Female,White,Top 10,Marketing,3.25,1,,3,Manufacturing,Chicago,Medium,None,3.0,0.0,1,98976,109034,6.0
GRAD_001997,2018,24,Male,White,Top 100,Engineering,3.36,4,No,0,Transportation,Chicago,Medium,Masters,1.0,40.0,6,84556,121740,8.1
GRAD_001998,2022,23,Female,White,Regional,Psychology,3.39,1,No,0,Education,Denver,Large,MD,2.0,80.0,2,48162,84986,9.6
GRAD_001999,2016,20,Male,White,Regional,Data Science,3.54,3,No,1,Transportation,Portland,Startup,None,0.0,40.0,8,90886,123141,9.2
GRAD_002000,2022,20,Female,White,Regional,Finance,3.4,1,No,1,Real Estate,Boston,Medium,None,0.0,0.0,2,107647,112941,7.3
GRAD_002001,2018,21,Male,White,Top 100,Business,2.77,1,No,0,Manufacturing,Atlanta,Fortune 500,None,1.0,80.0,6,65849,81722,4.9
GRAD_002002,2018,21,Female,White,Regional,Data Science,2.83,0,No,0,Healthcare,Dallas,Medium,PhD,0.0,20.0,6,93134,136466,5.6
GRAD_002003,2020,22,Female,White,Top 100,Economics,3.16,0,No,0,Manufacturing,Atlanta,Startup,None,1.0,0.0,4,72531,87662,4.5
GRAD_002004,2019,22,Male,Asian,Top 100,Communications,3.18,0,No,1,Technology,San Francisco,Small,None,2.0,100.0,5,113253,156959,7.8
GRAD_002005,2016,22,Female,White,Regional,Data Science,3.8,1,No,2,Energy,Portland,Large,Masters,0.0,0.0,8,134702,233211,6.8
GRAD_002006,2020,22,Male,Hispanic,Top 50,Economics,3.0,3,No,1,Technology,Boston,Medium,Masters,1.0,80.0,4,150727,228032,8.8
GRAD_002007,2017,21,Male,White,Top 100,Marketing,3.49,4,Yes,0,Finance,Seattle,Small,None,1.0,60.0,7,135538,179141,6.8
GRAD_002008,2019,21,Male,Asian,Regional,Computer Science,3.86,3,Yes,1,Technology,Philadelphia,Medium,None,2.0,60.0,5,152204,193069,7.2
GRAD_002009,2017,26,Female,White,Regional,Liberal Arts,3.54,2,No,0,Education,Portland,Startup,None,2.0,0.0,7,52079,77395,5.3
GRAD_002010,2022,23,Male,White,Top 10,Data Science,3.64,0,No,0,Energy,Portland,Small,None,3.0,60.0,2,132746,155055,8.1
GRAD_002011,2018,22,Female,Black,Top 100,Engineering,3.81,0,No,1,Finance,Dallas,Small,Masters,,,6,112352,176563,6.8
GRAD_002012,2023,20,Female,Other,Top 50,Data Science,3.45,4,Yes,4,Consulting,Chicago,Medium,None,1.0,20.0,1,154389,159160,8.6
GRAD_002013,2018,21,Male,Other,Regional,Data Science,3.59,0,No,0,Manufacturing,San Francisco,Startup,None,2.0,20.0,6,118910,160672,5.5
GRAD_002014,2017,22,Female,Hispanic,Top 100,Data Science,3.33,1,Yes,0,Healthcare,Los Angeles,Medium,None,0.0,40.0,7,126331,153414,7.2
GRAD_002015,2020,24,Male,White,Top 50,Liberal Arts,3.96,5,No,1,Manufacturing,Seattle,Small,Masters,1.0,40.0,4,101682,146666,7.8
GRAD_002016,2020,22,Female,White,Regional,Economics,3.43,2,Yes,0,Energy,Miami,Large,None,1.0,0.0,4,93402,116432,7.2
GRAD_002017,2020,22,Female,White,Top 50,Psychology,3.05,3,Yes,1,Energy,Chicago,Medium,Masters,4.0,,4,81748,126262,5.3
GRAD_002018,2018,24,Male,White,Top 100,Business,3.01,2,No,2,Non-profit,Atlanta,Small,None,2.0,0.0,6,58760,92827,5.8
GRAD_002019,2018,21,Female,Asian,Top 10,Liberal Arts,3.13,3,No,1,Finance,Chicago,Small,None,2.0,60.0,6,94117,117490,5.3
GRAD_002020,2017,24,Male,White,Top 100,Engineering,2.76,1,No,0,Education,Denver,Startup,Masters,2.0,40.0,7,72579,127244,7.2
GRAD_002021,2023,21,Male,Asian,Regional,Computer Science,3.82,3,No,4,Media,Chicago,Large,None,3.0,60.0,1,100955,113353,6.8
GRAD_002022,2021,24,Female,Asian,Top 100,Marketing,3.82,0,No,0,Real Estate,Denver,Medium,None,,0.0,3,86091,97974,3.5
GRAD_002023,2022,25,Female,White,Top 50,Business,3.62,2,No,5,Manufacturing,Los Angeles,Large,None,3.0,0.0,2,93040,105324,7.2
GRAD_002024,2017,21,Female,White,Regional,Psychology,3.32,3,No,1,Real Estate,Boston,Fortune 500,MD,1.0,40.0,7,76973,161548,5.8
GRAD_002025,2021,22,Male,Asian,Top 100,Liberal Arts,2.94,3,No,0,Media,Phoenix,Large,None,1.0,80.0,3,52443,62473,5.9
GRAD_002026,2022,23,Male,Hispanic,Regional,Chemistry,3.1,4,No,0,Education,New York,Small,JD,1.0,40.0,2,86549,123233,8.6
GRAD_002027,2018,22,Female,White,Regional,Finance,3.48,2,No,0,Consulting,Boston,Large,None,0.0,20.0,6,105676,147948,8.1
GRAD_002028,2016,22,Female,White,Top 50,Economics,3.16,2,No,2,Transportation,Seattle,Medium,None,0.0,,8,98793,161154,7.2
GRAD_002029,2021,21,Female,Other,Regional,Economics,3.3,2,Yes,0,Manufacturing,Washington DC,Large,None,2.0,60.0,3,101964,119863,6.7
GRAD_002030,2020,20,Female,Other,Top 10,Business,2.85,1,Yes,0,Real Estate,New York,Large,Masters,4.0,20.0,4,114547,161702,5.4
GRAD_002031,2020,24,Male,Hispanic,Top 100,Marketing,2.96,0,Yes,1,Education,Seattle,Large,JD,1.0,0.0,4,60901,104126,9.3
GRAD_002032,2017,20,Male,White,Top 50,Liberal Arts,3.11,3,Yes,2,Retail,Boston,Large,JD,2.0,,7,66832,132806,8.7
GRAD_002033,2017,20,Male,Asian,Top 50,Business,3.69,1,Yes,0,Retail,Dallas,Large,None,,100.0,7,59479,91721,5.7
GRAD_002034,2021,24,Male,White,Top 50,Psychology,3.38,2,No,2,Energy,Miami,Small,None,1.0,20.0,3,74057,92151,3.6
GRAD_002035,2020,23,Male,Hispanic,Top 10,Communications,3.04,3,No,1,Government,Miami,Large,None,,0.0,4,76152,103995,6.7
GRAD_002036,2020,20,Male,White,Regional,Biology,3.18,0,No,1,Real Estate,Portland,Medium,None,1.0,100.0,4,72663,91636,5.3
GRAD_002037,2022,24,Female,White,Top 50,Biology,3.79,2,No,0,Real Estate,Philadelphia,Large,Masters,4.0,0.0,2,74508,103323,8.1
GRAD_002038,2022,23,Female,White,Top 10,Business,3.55,2,No,0,Transportation,Miami,Small,None,1.0,40.0,2,91164,97862,3.7
GRAD_002039,2018,22,Female,Asian,Top 50,Finance,2.95,1,No,0,Energy,New York,Large,None,,0.0,6,127690,181118,6.6
GRAD_002040,2016,21,Female,White,Top 10,Liberal Arts,3.35,1,Yes,1,Consulting,Boston,Medium,None,2.0,60.0,8,114337,166788,6.8
GRAD_002041,2017,22,Female,Asian,Top 10,Business,3.35,0,No,2,Government,Denver,Small,MD,,0.0,7,86220,182793,5.3
GRAD_002042,2018,22,Female,White,Regional,Business,3.57,2,Yes,0,Manufacturing,San Francisco,Startup,None,1.0,0.0,6,110252,154803,9.4
GRAD_002043,2023,21,Male,White,Top 10,Chemistry,2.9,2,Yes,1,Energy,Seattle,Fortune 500,Masters,7.0,0.0,1,136423,188181,7.7
GRAD_002044,2016,24,Female,Black,Regional,Liberal Arts,3.14,3,Yes,3,Healthcare,Miami,Startup,Masters,2.0,,8,62731,117286,10.0
GRAD_002045,2022,23,Female,White,Top 50,Business,3.66,1,No,0,Education,Dallas,Startup,PhD,,0.0,2,70944,90284,6.8
GRAD_002046,2017,22,Female,Black,Regional,Business,3.57,2,,1,Healthcare,Portland,Startup,Masters,3.0,0.0,7,88732,134929,9.1
GRAD_002047,2018,25,Female,White,Regional,Liberal Arts,3.09,2,No,0,Technology,Boston,Fortune 500,MBA,2.0,40.0,6,85513,130768,5.3
GRAD_002048,2016,22,Female,White,Top 50,Data Science,3.46,1,No,0,Energy,Seattle,Fortune 500,None,2.0,20.0,8,146183,210424,6.7
GRAD_002049,2016,24,Female,Asian,Top 50,Business,3.14,2,Yes,0,Education,Austin,Fortune 500,None,2.0,40.0,8,67741,104668,6.6
GRAD_002050,2016,22,Female,Other,Top 50,Business,3.43,4,,0,Consulting,Atlanta,Large,None,3.0,80.0,8,114022,177600,7.7
GRAD_002051,2018,23,Female,Black,Top 50,Economics,3.57,1,No,3,Healthcare,Austin,Fortune 500,MBA,0.0,20.0,6,110359,197355,9.1
GRAD_002052,2020,21,Male,White,Top 50,Psychology,3.05,2,Yes,0,Real Estate,Los Angeles,Medium,None,0.0,60.0,4,74111,95743,6.2
GRAD_002053,2017,20,Female,White,Regional,Economics,3.17,1,No,0,Energy,Austin,Fortune 500,Masters,3.0,40.0,7,99815,145937,5.0
GRAD_002054,2023,23,Other,Asian,Regional,Economics,3.34,1,No,0,Consulting,Philadelphia,Small,None,1.0,0.0,1,100088,107795,5.3
GRAD_002055,2020,20,Female,Hispanic,Top 50,Political Science,3.13,2,No,1,Energy,Atlanta,Small,None,3.0,80.0,4,76943,92905,5.2
GRAD_002056,2023,21,Female,Asian,Regional,Liberal Arts,3.09,0,No,1,Transportation,Austin,Large,None,3.0,0.0,1,62429,70346,3.7
GRAD_002057,2016,22,Male,White,Regional,Business,3.43,2,No,1,Consulting,Dallas,Fortune 500,Masters,1.0,40.0,8,94343,172526,7.0
GRAD_002058,2016,21,Male,Hispanic,Top 100,Business,3.68,3,No,2,Retail,Miami,Small,None,5.0,60.0,8,73628,135973,7.7
GRAD_002059,2022,22,Male,Black,Top 50,Liberal Arts,3.1,2,No,2,Retail,Washington DC,Fortune 500,MD,1.0,40.0,2,62980,105658,5.8
GRAD_002060,2020,22,Male,Black,Top 100,Marketing,3.04,0,Yes,2,Healthcare,Miami,Fortune 500,None,0.0,20.0,4,68135,85953,6.4
GRAD_002061,2023,20,Male,White,Top 100,Mathematics,3.01,1,No,0,Retail,Boston,Startup,Masters,2.0,60.0,1,89216,114142,7.1
GRAD_002062,2016,22,Female,White,Regional,Psychology,3.27,1,No,2,Technology,Los Angeles,Fortune 500,MBA,2.0,60.0,8,95439,157573,8.3
GRAD_002063,2015,21,Female,White,Regional,Mathematics,3.77,0,No,0,Healthcare,Los Angeles,Large,Masters,1.0,80.0,9,86800,161641,7.9
GRAD_002064,2023,20,Male,White,Top 10,Engineering,3.16,2,No,1,Non-profit,Chicago,Large,None,1.0,40.0,1,102361,110730,6.8
GRAD_002065,2021,20,Male,White,Top 10,Computer Science,3.76,0,Yes,1,Education,Portland,Small,None,0.0,0.0,3,129480,147924,6.4
GRAD_002066,2022,20,Female,White,Regional,Data Science,3.13,1,No,1,Consulting,Philadelphia,Large,Masters,,0.0,2,98743,124588,8.5
GRAD_002067,2018,22,Female,White,Top 50,Business,2.84,0,Yes,0,Transportation,Phoenix,Large,None,2.0,80.0,6,60236,75184,7.9
GRAD_002068,2015,22,Male,White,Top 50,Computer Science,3.9,3,Yes,2,Retail,San Francisco,Medium,Masters,3.0,100.0,9,128963,276642,6.7
GRAD_002069,2019,23,Male,White,Regional,Finance,3.25,3,Yes,1,Education,Los Angeles,Large,None,,0.0,5,70212,107343,8.0
GRAD_002070,2023,25,Male,White,Top 100,Biology,3.63,0,Yes,1,Government,Washington DC,Large,MBA,5.0,60.0,1,70739,109079,7.7
GRAD_002071,2023,24,Male,White,Regional,Data Science,3.59,3,Yes,0,Non-profit,Seattle,Medium,None,2.0,,1,80320,89500,8.6
GRAD_002072,2015,23,Female,White,Top 50,Liberal Arts,3.53,2,Yes,1,Non-profit,Philadelphia,Startup,None,5.0,20.0,9,49921,89322,1.2
GRAD_002073,2017,24,Female,White,Regional,Business,3.22,3,No,2,Retail,Dallas,Small,None,0.0,60.0,7,66620,77365,8.9
GRAD_002074,2018,22,Female,White,Regional,Mathematics,3.45,2,No,1,Retail,Dallas,Medium,None,5.0,100.0,6,62028,89656,5.5
GRAD_002075,2022,22,Female,Asian,Regional,Liberal Arts,3.22,2,Yes,3,Manufacturing,Boston,Startup,MD,1.0,0.0,2,66516,101118,5.4
GRAD_002076,2022,24,Male,White,Top 50,Business,2.81,1,No,1,Manufacturing,Portland,Small,Masters,2.0,0.0,2,79758,109067,7.4
GRAD_002077,2017,22,Male,Black,Top 50,Marketing,3.17,0,No,1,Healthcare,Los Angeles,Fortune 500,None,3.0,0.0,7,80635,120499,7.8
GRAD_002078,2020,22,Male,Hispanic,Top 10,Engineering,3.58,0,Yes,2,Consulting,New York,Fortune 500,None,3.0,60.0,4,166170,205647,5.3
GRAD_002079,2020,24,Male,Hispanic,Regional,Computer Science,3.67,1,,2,Non-profit,Denver,Small,None,2.0,20.0,4,78905,98884,9.0
GRAD_002080,2019,22,Female,White,Regional,Engineering,3.67,1,No,2,Energy,Dallas,Large,None,3.0,60.0,5,85079,116292,7.5
GRAD_002081,2020,22,Male,White,Top 10,Liberal Arts,3.29,1,No,0,Healthcare,San Francisco,Large,None,0.0,40.0,4,99422,120293,5.2
GRAD_002082,2018,20,Female,White,Top 100,Biology,3.74,2,No,1,Government,Denver,Medium,None,5.0,60.0,6,66214,109515,7.8
GRAD_002083,2020,21,Male,Asian,Top 50,Engineering,2.96,2,Yes,1,Energy,Chicago,Medium,PhD,0.0,40.0,4,128533,198213,6.3
GRAD_002084,2021,22,Male,Black,Top 10,Computer Science,4.0,0,No,0,Non-profit,Atlanta,Large,None,1.0,0.0,3,108674,125508,8.2
GRAD_002085,2015,22,Male,White,Top 100,Business,3.29,1,No,2,Energy,Dallas,Large,MBA,2.0,,9,71262,151017,9.3
GRAD_002086,2023,23,Male,Hispanic,Top 50,Engineering,3.33,3,No,1,Consulting,Boston,Startup,Masters,2.0,80.0,1,161109,201927,6.9
GRAD_002087,2016,20,Female,Asian,Top 100,Marketing,2.88,0,No,1,Real Estate,San Francisco,Medium,MBA,,,8,86833,150371,7.5
GRAD_002088,2018,24,Female,Asian,Regional,Chemistry,3.14,2,No,1,Government,Philadelphia,Small,None,4.0,80.0,6,71262,97832,3.6
GRAD_002089,2019,20,Male,Asian,Regional,Economics,3.55,0,Yes,0,Finance,Phoenix,Medium,None,1.0,0.0,5,89527,123152,4.6
GRAD_002090,2015,23,Female,White,Top 100,Economics,3.48,2,No,0,Transportation,Denver,Small,MBA,4.0,80.0,9,89838,160457,6.9
GRAD_002091,2020,23,Female,Asian,Top 100,Chemistry,2.8,1,Yes,2,Media,Los Angeles,Fortune 500,None,1.0,60.0,4,64923,73733,7.1
GRAD_002092,2022,23,Other,White,Top 50,Engineering,3.41,1,Yes,1,Manufacturing,Los Angeles,Medium,None,3.0,,2,126194,144867,6.3
GRAD_002093,2023,24,Male,Hispanic,Regional,Business,2.72,1,No,0,Manufacturing,Chicago,Startup,None,1.0,0.0,1,68952,75268,5.5
GRAD_002094,2018,22,Male,White,Regional,Liberal Arts,3.73,0,No,0,Retail,Los Angeles,Large,MBA,2.0,40.0,6,61221,97901,4.8
GRAD_002095,2020,24,Female,White,Regional,Marketing,3.74,1,No,1,Technology,Dallas,Large,Masters,0.0,0.0,4,83960,109912,6.6
GRAD_002096,2022,21,Female,Asian,Top 100,Economics,2.94,3,Yes,3,Transportation,Seattle,Large,None,4.0,80.0,2,112398,128555,6.6
GRAD_002097,2017,21,Male,Asian,Top 100,Political Science,3.37,2,Yes,0,Transportation,Miami,Medium,Masters,2.0,40.0,7,58806,91306,5.3
GRAD_002098,2020,25,Male,White,Top 50,Business,2.81,4,No,0,Energy,Washington DC,Large,None,3.0,40.0,4,101189,141464,7.1
GRAD_002099,2018,22,Female,White,Regional,Computer Science,3.14,3,Yes,1,Real Estate,Boston,Small,MBA,3.0,40.0,6,137478,241535,10.0
GRAD_002100,2018,23,Male,White,Regional,Chemistry,3.39,0,No,1,Technology,Austin,Large,None,3.0,40.0,6,94907,123350,5.2
GRAD_002101,2016,23,Female,White,Regional,Business,3.34,1,No,0,Consulting,Los Angeles,Fortune 500,None,4.0,0.0,8,111246,164874,8.7
GRAD_002102,2019,23,Male,Asian,Top 100,Engineering,3.41,1,No,2,Non-profit,Seattle,Startup,None,5.0,40.0,5,96519,134092,8.3
GRAD_002103,2016,20,Male,White,Regional,Business,3.36,0,No,1,Education,Los Angeles,Small,Masters,1.0,0.0,8,57880,102542,7.2
GRAD_002104,2018,23,Female,Hispanic,Top 100,Economics,3.43,2,No,2,Manufacturing,Miami,Large,Masters,5.0,60.0,6,80896,134852,7.5
GRAD_002105,2018,22,Female,Asian,Regional,Political Science,3.08,1,Yes,1,Technology,Seattle,Small,Masters,2.0,60.0,6,90706,143948,8.8
GRAD_002106,2019,23,Female,White,Top 100,Business,3.24,0,No,0,Retail,Washington DC,Small,None,1.0,40.0,5,82155,105738,7.6
GRAD_002107,2023,21,Female,White,Top 100,Business,3.31,1,No,0,Real Estate,Los Angeles,Small,None,4.0,40.0,1,79757,90988,7.1
GRAD_002108,2021,24,Female,White,Top 50,Chemistry,3.24,1,Yes,0,Transportation,Atlanta,Large,MD,3.0,40.0,3,73399,125571,4.2
GRAD_002109,2023,20,Male,White,Regional,Computer Science,4.0,1,No,0,Manufacturing,Dallas,Small,None,4.0,20.0,1,116090,135488,5.8
GRAD_002110,2020,21,Male,White,Regional,Marketing,3.33,5,No,2,Government,Los Angeles,Startup,MBA,2.0,20.0,4,83007,136183,5.9
GRAD_002111,2022,20,Male,White,Top 100,Psychology,2.82,0,No,1,Media,Philadelphia,Medium,None,3.0,80.0,2,46926,59592,6.0
GRAD_002112,2022,20,Female,White,Top 100,Business,2.92,2,No,2,Manufacturing,Philadelphia,Large,None,1.0,60.0,2,87537,92806,6.1
GRAD_002113,2021,22,Male,Asian,Top 100,Business,3.39,6,No,1,Government,Denver,Startup,None,0.0,20.0,3,89132,101949,7.7
GRAD_002114,2021,24,Male,Hispanic,Top 100,Liberal Arts,3.26,2,Yes,0,Real Estate,Atlanta,Startup,None,,60.0,3,64155,71753,8.1
GRAD_002115,2019,22,Female,White,Top 100,Liberal Arts,3.24,2,Yes,1,Consulting,Portland,Medium,MD,0.0,40.0,5,77332,139945,7.5
GRAD_002116,2020,20,Other,White,Top 100,Economics,2.75,1,No,2,Non-profit,Dallas,Medium,None,2.0,0.0,4,63567,81253,4.5
GRAD_002117,2017,20,Male,Black,Top 10,Liberal Arts,2.82,3,No,2,Government,Phoenix,Large,None,4.0,0.0,7,64874,100205,4.6
GRAD_002118,2020,23,Male,Asian,Top 50,Biology,2.91,1,No,2,Technology,Portland,Large,MBA,,60.0,4,108796,162487,7.4
GRAD_002119,2020,21,Male,White,Top 10,Marketing,2.96,1,No,0,Consulting,Denver,Large,None,2.0,40.0,4,102462,136728,7.2
GRAD_002120,2022,21,Male,White,Regional,Data Science,2.83,3,Yes,0,Healthcare,Dallas,Large,None,1.0,0.0,2,92402,108052,10.0
GRAD_002121,2023,24,Other,White,Regional,Psychology,3.54,2,Yes,1,Energy,Miami,Large,Masters,3.0,20.0,1,72507,98175,6.3
GRAD_002122,2016,22,Male,Asian,Top 50,Psychology,3.36,1,No,2,Manufacturing,Denver,Large,Masters,6.0,0.0,8,81894,161306,7.5
GRAD_002123,2021,22,Female,White,Top 100,Finance,3.6,0,No,0,Manufacturing,Phoenix,Small,None,3.0,40.0,3,77161,94852,2.0
GRAD_002124,2023,22,Male,Black,Top 100,Marketing,3.77,0,No,1,Transportation,Atlanta,Medium,None,1.0,80.0,1,70947,76694,7.3
GRAD_002125,2023,24,Male,White,Top 50,Engineering,3.38,1,No,0,Transportation,Los Angeles,Medium,JD,2.0,0.0,1,115837,162779,7.4
GRAD_002126,2022,22,Male,Black,Regional,Chemistry,3.03,4,No,2,Consulting,Miami,Small,None,1.0,60.0,2,95707,107486,5.6
GRAD_002127,2015,20,Male,Hispanic,Regional,Computer Science,3.58,2,Yes,1,Finance,Miami,Startup,Masters,3.0,20.0,9,125014,270680,5.7
GRAD_002128,2017,21,Male,Hispanic,Top 100,Engineering,2.83,1,No,1,Transportation,Boston,Large,Masters,0.0,20.0,7,94814,172713,6.7
GRAD_002129,2016,22,Male,White,Top 100,Marketing,3.11,1,,1,Finance,Denver,Fortune 500,None,0.0,0.0,8,88280,139525,10.0
GRAD_002130,2023,23,Female,White,Top 50,Business,3.22,0,No,1,Government,Phoenix,Medium,MBA,0.0,80.0,1,61356,74552,7.3
GRAD_002131,2021,20,Male,White,Top 10,Business,3.37,3,No,3,Media,San Francisco,Startup,None,0.0,60.0,3,111179,131061,9.8
GRAD_002132,2020,22,Male,White,Top 50,Economics,3.71,2,No,0,Retail,San Francisco,Large,None,0.0,0.0,4,108871,124008,7.2
GRAD_002133,2023,22,Male,Asian,Regional,Psychology,2.99,2,No,0,Healthcare,Philadelphia,Medium,Masters,1.0,0.0,1,75547,94851,5.1
GRAD_002134,2017,24,Female,Hispanic,Regional,Business,2.83,2,No,0,Manufacturing,Atlanta,Large,None,1.0,40.0,7,71855,97623,6.2
GRAD_002135,2021,21,Male,Asian,Top 50,Marketing,3.84,1,No,1,Manufacturing,Washington DC,Small,Masters,2.0,40.0,3,87429,125943,5.1
GRAD_002136,2020,22,Female,Asian,Top 10,Business,3.65,0,No,2,Non-profit,Seattle,Small,None,0.0,60.0,4,73711,86526,7.1
GRAD_002137,2018,24,Male,White,Regional,Data Science,4.0,3,No,0,Consulting,Los Angeles,Medium,MBA,1.0,0.0,6,125432,208473,8.3
GRAD_002138,2019,23,Male,Asian,Regional,Computer Science,2.76,2,Yes,0,Retail,Portland,Medium,MD,1.0,20.0,5,86104,174617,4.6
GRAD_002139,2017,23,Female,White,Top 10,Engineering,3.35,2,No,1,Non-profit,Miami,Large,Masters,0.0,60.0,7,82732,144067,5.6
GRAD_002140,2021,22,Female,Hispanic,Regional,Engineering,2.79,3,No,0,Non-profit,San Francisco,Large,Masters,1.0,80.0,3,107040,144168,9.8
GRAD_002141,2019,22,Male,White,Top 100,Engineering,3.88,3,No,0,Real Estate,Los Angeles,Large,None,2.0,0.0,5,138199,178705,4.4
GRAD_002142,2015,22,Male,White,Top 50,Psychology,2.65,0,No,1,Technology,Boston,Medium,None,3.0,40.0,9,91376,164426,6.0
GRAD_002143,2023,23,Female,White,Top 10,Business,2.97,1,No,0,Technology,New York,Medium,None,3.0,20.0,1,142595,152786,8.6
GRAD_002144,2020,23,Male,Asian,Regional,Data Science,3.4,0,No,0,Transportation,Portland,Medium,None,2.0,60.0,4,100975,128006,8.8
GRAD_002145,2021,21,Male,Asian,Top 50,Engineering,3.35,2,Yes,1,Media,Atlanta,Startup,None,5.0,20.0,3,80273,109461,10.0
GRAD_002146,2017,25,Female,White,Top 100,Liberal Arts,3.29,2,Yes,0,Retail,San Francisco,Medium,None,0.0,40.0,7,76065,100832,7.2
GRAD_002147,2016,24,Female,Hispanic,Top 50,Business,3.46,1,No,1,Media,San Francisco,Medium,None,2.0,0.0,8,96423,157478,6.1
GRAD_002148,2023,21,Female,White,Regional,Economics,3.67,1,No,1,Real Estate,Philadelphia,Medium,None,0.0,0.0,1,89538,90955,7.9
GRAD_002149,2020,21,Female,White,Top 10,Biology,3.45,1,No,1,Non-profit,Miami,Small,MBA,6.0,20.0,4,53162,95173,5.0
GRAD_002150,2019,22,Male,Asian,Regional,Business,3.16,0,No,2,Consulting,New York,Large,None,2.0,0.0,5,122018,170336,10.0
GRAD_002151,2020,23,Female,Asian,Top 100,Political Science,3.01,1,No,2,Retail,Austin,Medium,None,1.0,20.0,4,51685,62800,10.0
GRAD_002152,2017,21,Female,White,Top 10,Computer Science,3.41,0,No,0,Government,Atlanta,Large,None,,0.0,7,114334,152792,10.0
GRAD_002153,2023,21,Male,Asian,Top 100,Computer Science,3.46,2,No,1,Energy,Chicago,Small,None,3.0,0.0,1,114597,130178,5.4
GRAD_002154,2017,23,Female,Hispanic,Top 100,Engineering,3.51,3,,0,Energy,Phoenix,Medium,Masters,3.0,0.0,7,104785,152435,6.6
GRAD_002155,2016,23,Female,White,Top 50,Political Science,3.19,1,No,2,Energy,Miami,Medium,MBA,3.0,100.0,8,69607,130945,5.2
GRAD_002156,2023,20,Male,White,Regional,Computer Science,2.7,2,Yes,2,Technology,Dallas,Fortune 500,None,1.0,20.0,1,123764,133256,5.5
GRAD_002157,2017,23,Female,White,Regional,Computer Science,3.52,1,No,1,Government,San Francisco,Startup,JD,1.0,60.0,7,145525,235485,6.3
GRAD_002158,2022,20,Male,Asian,Top 50,Mathematics,3.12,3,No,0,Healthcare,Austin,Small,None,1.0,40.0,2,98192,111013,6.3
GRAD_002159,2022,21,Female,Hispanic,Top 50,Computer Science,3.35,4,,0,Media,Dallas,Large,None,2.0,0.0,2,110477,129272,8.6
GRAD_002160,2019,21,Male,Other,Top 50,Economics,3.32,1,No,3,Real Estate,Phoenix,Large,None,1.0,80.0,5,83849,112033,7.9
GRAD_002161,2017,21,Female,Asian,Top 100,Finance,2.83,0,No,3,Government,Seattle,Small,None,2.0,,7,97090,122616,8.4
GRAD_002162,2022,21,Male,White,Top 10,Economics,3.29,2,No,0,Finance,Washington DC,Medium,PhD,3.0,20.0,2,127938,174755,7.3
GRAD_002163,2020,20,Female,Black,Regional,Economics,3.42,2,Yes,2,Non-profit,Boston,Large,None,0.0,20.0,4,78405,100110,8.8
GRAD_002164,2017,23,Male,White,Top 10,Data Science,3.58,0,No,3,Energy,Washington DC,Large,Masters,0.0,80.0,7,166192,260481,5.7
GRAD_002165,2023,20,Male,Asian,Top 50,Business,2.64,2,No,2,Finance,Dallas,Medium,None,2.0,0.0,1,100243,109610,7.6
GRAD_002166,2021,21,Female,White,Regional,Liberal Arts,2.76,1,No,1,Real Estate,Seattle,Medium,MBA,3.0,60.0,3,71147,105410,6.9
GRAD_002167,2023,23,Male,Hispanic,Regional,Mathematics,3.1,1,No,0,Education,Phoenix,Large,MBA,1.0,40.0,1,46737,63662,8.3
GRAD_002168,2019,23,Female,Asian,Regional,Marketing,3.19,4,No,1,Education,Miami,Medium,None,2.0,40.0,5,62803,79296,4.6
GRAD_002169,2016,20,Female,White,Regional,Chemistry,2.71,3,No,2,Energy,Los Angeles,Medium,None,2.0,80.0,8,100838,131289,7.7
GRAD_002170,2023,20,Female,Hispanic,Top 100,Psychology,3.07,2,No,0,Education,San Francisco,Small,None,2.0,100.0,1,81481,89226,8.8
GRAD_002171,2020,20,Female,Black,Top 100,Economics,2.85,2,No,1,Technology,New York,Medium,PhD,3.0,40.0,4,150757,228373,6.9
GRAD_002172,2020,20,Female,White,Top 50,Economics,2.9,4,No,1,Healthcare,Miami,Large,None,1.0,60.0,4,107739,116479,8.4
GRAD_002173,2020,22,Male,Asian,Regional,Economics,3.32,1,No,0,Real Estate,New York,Fortune 500,None,1.0,,4,114199,140072,5.9
GRAD_002174,2019,21,Male,White,Regional,Marketing,3.1,0,No,1,Government,Washington DC,Large,None,2.0,0.0,5,70776,98964,6.6
GRAD_002175,2017,21,Female,Black,Regional,Communications,2.88,0,No,2,Media,Atlanta,Large,None,4.0,40.0,7,49078,74177,5.4
GRAD_002176,2020,23,Female,Other,Regional,Computer Science,3.57,4,No,0,Energy,Portland,Startup,None,4.0,20.0,4,106127,133128,6.4
GRAD_002177,2021,23,Female,White,Regional,Business,3.03,2,No,0,Government,Dallas,Fortune 500,None,1.0,0.0,3,56790,63870,4.8
GRAD_002178,2023,22,Female,White,Regional,Mathematics,3.77,0,No,0,Manufacturing,Denver,Fortune 500,None,2.0,40.0,1,88585,95508,8.4
GRAD_002179,2015,22,Female,White,Regional,Data Science,2.66,1,No,0,Healthcare,Portland,Small,Masters,2.0,40.0,9,97042,149342,5.1
GRAD_002180,2017,21,Female,Hispanic,Top 50,Data Science,3.52,2,Yes,0,Education,San Francisco,Large,None,2.0,100.0,7,106139,150416,8.7
GRAD_002181,2022,21,Male,Hispanic,Regional,Engineering,3.29,3,No,1,Transportation,Boston,Large,None,3.0,60.0,2,103535,122643,5.2
GRAD_002182,2022,22,Female,White,Top 100,Chemistry,3.19,3,No,1,Real Estate,New York,Medium,None,1.0,40.0,2,104227,118251,6.6
GRAD_002183,2017,23,Female,White,Top 100,Chemistry,3.22,1,,2,Education,Washington DC,Small,MD,1.0,0.0,7,55707,102234,8.4
GRAD_002184,2017,20,Female,White,Top 50,Business,3.28,1,Yes,1,Government,Austin,Medium,MBA,3.0,40.0,7,74522,150932,6.1
GRAD_002185,2018,20,Male,White,Regional,Data Science,3.35,0,No,0,Government,Dallas,Medium,Masters,1.0,0.0,6,80858,118375,6.0
GRAD_002186,2015,22,Male,Asian,Top 100,Biology,3.75,2,No,3,Transportation,Miami,Startup,None,2.0,0.0,9,78510,125167,5.7
GRAD_002187,2021,20,Male,Asian,Top 50,Economics,3.25,4,No,2,Retail,Austin,Large,None,2.0,0.0,3,92619,110169,6.0
GRAD_002188,2021,22,Female,White,Regional,Business,3.73,1,,3,Energy,Chicago,Large,None,,60.0,3,107450,122520,6.7
GRAD_002189,2022,24,Female,Asian,Top 10,Economics,3.19,1,No,2,Transportation,Boston,Medium,None,0.0,40.0,2,116800,121349,5.0
GRAD_002190,2019,26,Female,White,Top 50,Political Science,3.33,0,No,2,Education,New York,Large,MD,2.0,40.0,5,60240,123736,7.9
GRAD_002191,2021,22,Female,White,Top 100,Liberal Arts,3.22,1,No,0,Finance,Denver,Large,Masters,3.0,60.0,3,68204,97116,4.4
GRAD_002192,2023,23,Male,White,Regional,Finance,2.69,0,No,1,Education,Portland,Small,None,0.0,100.0,1,64794,67307,6.1
GRAD_002193,2023,22,Male,Black,Top 100,Data Science,3.02,3,No,1,Finance,Chicago,Large,None,3.0,20.0,1,136280,154058,4.2
GRAD_002194,2015,24,Female,Hispanic,Top 50,Communications,3.85,6,No,0,Finance,New York,Large,None,2.0,60.0,9,119427,175182,7.4
GRAD_002195,2015,21,Male,White,Top 100,Biology,3.0,0,,2,Healthcare,Philadelphia,Small,None,0.0,,9,78145,135590,6.6
GRAD_002196,2023,22,Female,Asian,Regional,Computer Science,3.58,1,No,1,Non-profit,Denver,Large,Masters,5.0,20.0,1,82004,108571,6.2
GRAD_002197,2020,23,Male,Hispanic,Regional,Liberal Arts,2.54,0,No,2,Government,Seattle,Large,None,,20.0,4,63587,79711,6.5
GRAD_002198,2021,23,Female,White,Regional,Biology,3.16,0,No,0,Technology,Portland,Small,None,,,3,83139,94023,5.2
GRAD_002199,2023,21,Male,White,Regional,Political Science,3.45,4,No,1,Manufacturing,New York,Large,None,2.0,20.0,1,78728,89290,6.0
GRAD_002200,2019,20,Female,White,Top 100,Data Science,3.28,0,No,2,Transportation,Washington DC,Medium,Masters,1.0,,5,108090,154733,7.7
GRAD_002201,2019,24,Male,White,Regional,Computer Science,3.43,2,Yes,1,Finance,Denver,Large,None,1.0,60.0,5,121562,144065,9.0
GRAD_002202,2016,22,Male,White,Regional,Engineering,2.43,1,No,1,Manufacturing,Denver,Large,None,1.0,100.0,8,94728,126115,5.5
GRAD_002203,2023,22,Male,Hispanic,Regional,Chemistry,2.94,2,Yes,2,Energy,Washington DC,Small,None,3.0,60.0,1,89100,103700,7.5
GRAD_002204,2021,23,Male,White,Regional,Business,3.08,4,No,0,Consulting,Denver,Small,Masters,0.0,80.0,3,106554,138564,9.0
GRAD_002205,2017,23,Female,Hispanic,Regional,Liberal Arts,2.94,3,No,0,Finance,Atlanta,Medium,None,0.0,20.0,7,82425,101927,7.8
GRAD_002206,2020,23,Female,White,Top 100,Engineering,3.26,1,,5,Manufacturing,Denver,Large,None,2.0,40.0,4,83549,100184,7.0
GRAD_002207,2018,23,Female,Asian,Regional,Political Science,2.66,0,No,1,Education,Washington DC,Fortune 500,Masters,2.0,0.0,6,53228,93562,5.7
GRAD_002208,2016,21,Female,White,Top 50,Chemistry,3.18,0,No,0,Non-profit,Austin,Large,None,0.0,80.0,8,70475,103639,8.6
GRAD_002209,2017,23,Female,Other,Regional,Business,3.98,3,No,1,Healthcare,Austin,Medium,None,1.0,40.0,7,106979,140738,7.5
GRAD_002210,2020,20,Female,White,Top 50,Economics,3.17,0,No,3,Manufacturing,Los Angeles,Medium,None,0.0,60.0,4,86669,103888,8.0
GRAD_002211,2020,22,Female,White,Top 100,Data Science,2.72,2,No,3,Media,Washington DC,Medium,None,5.0,0.0,4,103374,126334,8.0
GRAD_002212,2022,23,Male,Hispanic,Top 100,Business,3.65,0,Yes,0,Government,Atlanta,Startup,MBA,,20.0,2,68164,95393,5.1
GRAD_002213,2017,21,Female,White,Regional,Psychology,3.09,2,Yes,2,Education,Washington DC,Small,None,4.0,40.0,7,60213,91275,7.3
GRAD_002214,2023,22,Female,White,Top 50,Data Science,2.76,1,Yes,1,Media,San Francisco,Startup,None,2.0,20.0,1,141887,151664,6.7
GRAD_002215,2020,22,Male,Hispanic,Top 100,Engineering,3.23,2,No,0,Manufacturing,Miami,Large,MBA,1.0,60.0,4,83486,129136,7.3
GRAD_002216,2017,21,Male,Asian,Top 50,Marketing,3.11,3,Yes,1,Transportation,Los Angeles,Fortune 500,MBA,2.0,20.0,7,95242,163598,7.8
GRAD_002217,2019,24,Female,Asian,Top 100,Psychology,3.34,1,No,1,Media,Portland,Fortune 500,None,1.0,80.0,5,64744,86704,6.0
GRAD_002218,2023,22,Male,White,Top 100,Chemistry,3.31,1,No,1,Energy,Chicago,Large,None,2.0,40.0,1,74409,83673,6.4
GRAD_002219,2019,20,Male,White,Top 100,Computer Science,3.48,1,No,1,Technology,Miami,Startup,None,0.0,20.0,5,115582,151272,8.9
GRAD_002220,2022,22,Female,Asian,Top 10,Data Science,3.35,0,No,5,Education,Philadelphia,Large,Masters,3.0,80.0,2,85970,112565,8.8
GRAD_002221,2016,24,Female,White,Regional,Biology,4.0,1,,1,Education,Portland,Large,None,1.0,40.0,8,57300,93445,7.1
GRAD_002222,2023,22,Male,White,Top 100,Marketing,3.06,3,No,0,Energy,Philadelphia,Medium,Masters,0.0,60.0,1,84463,101257,6.2
GRAD_002223,2019,21,Male,White,Regional,Economics,2.82,0,No,0,Energy,New York,Startup,None,5.0,40.0,5,130272,167482,7.4
GRAD_002224,2023,21,Male,Asian,Regional,Biology,2.97,3,Yes,0,Finance,Phoenix,Medium,Masters,0.0,100.0,1,72699,86635,6.9
GRAD_002225,2022,22,Female,Asian,Regional,Psychology,3.69,1,No,0,Energy,New York,Medium,None,1.0,0.0,2,88379,96448,5.0
GRAD_002226,2021,20,Female,Asian,Top 50,Psychology,2.71,3,No,0,Non-profit,Austin,Large,PhD,1.0,0.0,3,57121,79728,6.8
GRAD_002227,2021,24,Female,White,Top 50,Mathematics,3.63,1,No,1,Media,Miami,Small,None,3.0,80.0,3,72629,85608,4.3
GRAD_002228,2017,23,Male,White,Top 10,Business,4.0,1,No,2,Healthcare,Los Angeles,Large,Masters,0.0,40.0,7,142017,242408,7.8
GRAD_002229,2020,24,Male,White,Top 100,Biology,3.78,2,Yes,0,Manufacturing,Washington DC,Medium,MBA,1.0,40.0,4,84329,134265,5.8
GRAD_002230,2020,20,Male,Asian,Top 10,Liberal Arts,3.14,2,Yes,1,Retail,San Francisco,Small,None,3.0,40.0,4,79877,105098,10.0
GRAD_002231,2018,22,Male,White,Top 100,Economics,3.53,1,Yes,0,Real Estate,Phoenix,Medium,Masters,4.0,80.0,6,67217,104862,5.1
GRAD_002232,2020,24,Female,Hispanic,Regional,Liberal Arts,3.61,0,No,1,Media,Seattle,Small,None,4.0,80.0,4,55415,75362,6.8
GRAD_002233,2023,21,Male,White,Top 10,Business,3.15,2,No,1,Energy,Phoenix,Large,None,1.0,60.0,1,110858,120605,6.4
GRAD_002234,2015,22,Female,Asian,Regional,Business,2.92,4,No,1,Retail,Los Angeles,Small,Masters,2.0,80.0,9,82755,143671,7.9
GRAD_002235,2019,20,Male,Black,Top 100,Business,3.28,0,No,0,Media,Miami,Large,None,3.0,0.0,5,66108,85678,5.5
GRAD_002236,2018,23,Female,Asian,Regional,Liberal Arts,3.61,1,,0,Healthcare,Miami,Startup,MBA,5.0,0.0,6,63919,106781,8.1
GRAD_002237,2023,22,Female,White,Regional,Liberal Arts,3.76,1,No,0,Retail,Los Angeles,Startup,None,0.0,60.0,1,58751,60905,7.7
GRAD_002238,2023,22,Female,White,Top 50,Business,3.33,1,Yes,1,Real Estate,Chicago,Fortune 500,Masters,0.0,80.0,1,89563,105532,7.1
GRAD_002239,2020,20,Female,Asian,Top 50,Data Science,3.22,1,,2,Finance,Seattle,Large,Masters,0.0,100.0,4,174019,239766,5.5
GRAD_002240,2020,24,Male,Asian,Regional,Mathematics,3.26,2,No,4,Technology,Philadelphia,Startup,MBA,2.0,100.0,4,106984,164143,7.3
GRAD_002241,2023,22,Male,White,Top 50,Marketing,3.97,0,No,2,Technology,New York,Large,Masters,0.0,80.0,1,165616,200164,7.5
GRAD_002242,2015,23,Male,White,Regional,Communications,3.37,0,No,0,Non-profit,Denver,Medium,None,1.0,0.0,9,43761,70834,6.3
GRAD_002243,2020,23,Male,White,Top 50,Communications,3.55,0,No,1,Education,Dallas,Large,None,3.0,20.0,4,55758,78574,7.6
GRAD_002244,2015,21,Male,Asian,Regional,Communications,3.7,0,No,1,Non-profit,Boston,Large,MBA,1.0,0.0,9,59361,104207,10.0
GRAD_002245,2023,20,Female,Black,Top 50,Political Science,3.21,1,Yes,0,Real Estate,Los Angeles,Large,MBA,4.0,100.0,1,91618,128313,7.4
GRAD_002246,2018,22,Female,Hispanic,Top 50,Economics,3.07,3,No,1,Education,Chicago,Fortune 500,MBA,3.0,40.0,6,76936,132206,7.5
GRAD_002247,2020,24,Male,White,Regional,Business,3.37,1,No,0,Real Estate,Philadelphia,Large,None,1.0,40.0,4,68322,81702,5.9
GRAD_002248,2019,20,Female,White,Regional,Psychology,3.03,2,No,4,Technology,Dallas,Medium,Masters,2.0,80.0,5,77004,116810,7.8
GRAD_002249,2023,25,Male,White,Top 100,Communications,3.12,2,No,0,Energy,Dallas,Medium,None,3.0,,1,64130,75793,6.5
GRAD_002250,2023,23,Female,White,Top 10,Business,2.58,1,No,0,Education,Austin,Small,JD,4.0,40.0,1,78678,111831,5.9
GRAD_002251,2015,22,Male,Black,Top 50,Communications,3.66,2,No,1,Media,Seattle,Large,None,3.0,20.0,9,83750,134443,7.3
GRAD_002252,2021,22,Male,White,Top 50,Business,2.99,2,No,1,Manufacturing,San Francisco,Large,Masters,3.0,20.0,3,127181,187953,6.6
GRAD_002253,2018,23,Female,Black,Top 50,Business,3.73,0,No,1,Healthcare,Chicago,Large,None,2.0,40.0,6,107803,140777,5.7
GRAD_002254,2016,20,Male,Asian,Top 50,Mathematics,2.97,1,No,2,Transportation,San Francisco,Fortune 500,None,1.0,40.0,8,103518,163459,5.3
GRAD_002255,2019,23,Female,Asian,Top 50,Chemistry,2.82,1,No,0,Retail,Boston,Fortune 500,MBA,2.0,40.0,5,79963,138870,7.5
GRAD_002256,2023,22,Male,White,Regional,Political Science,2.69,2,No,0,Transportation,San Francisco,Medium,None,1.0,0.0,1,79662,87385,4.2
GRAD_002257,2018,25,Female,Hispanic,Top 10,Chemistry,2.52,1,Yes,1,Finance,Denver,Small,JD,5.0,80.0,6,123500,226148,9.7
GRAD_002258,2018,21,Other,White,Regional,Engineering,3.84,3,Yes,1,Energy,Washington DC,Medium,None,3.0,40.0,6,147057,211108,6.8
GRAD_002259,2022,22,Female,Other,Top 100,Marketing,3.57,3,No,1,Healthcare,Denver,Large,None,3.0,0.0,2,95967,112736,9.1
GRAD_002260,2022,22,Male,Asian,Top 50,Marketing,3.36,2,Yes,0,Retail,Austin,Small,None,3.0,0.0,2,68029,84152,8.1
GRAD_002261,2018,21,Male,White,Top 100,Marketing,3.78,0,Yes,0,Non-profit,Phoenix,Small,None,2.0,60.0,6,54738,86651,7.3
GRAD_002262,2018,24,Female,Asian,Regional,Data Science,2.98,1,No,0,Media,Miami,Large,None,3.0,20.0,6,85980,123019,8.3
GRAD_002263,2021,21,Female,Asian,Regional,Political Science,2.95,1,No,0,Consulting,New York,Large,None,3.0,0.0,3,94783,110530,5.7
GRAD_002264,2017,20,Male,Hispanic,Top 100,Engineering,3.35,1,Yes,1,Real Estate,Washington DC,Large,None,3.0,20.0,7,115395,184827,6.2
GRAD_002265,2019,22,Male,White,Regional,Biology,3.11,0,No,1,Retail,Boston,Medium,None,1.0,80.0,5,64290,91719,7.4
GRAD_002266,2016,21,Female,White,Top 10,Engineering,3.73,0,No,1,Finance,Denver,Medium,Masters,2.0,60.0,8,147338,270216,8.6
GRAD_002267,2018,22,Female,Black,Top 100,Computer Science,4.0,3,,0,Energy,Boston,Startup,None,3.0,20.0,6,173811,224801,7.4
GRAD_002268,2018,23,Female,Hispanic,Top 50,Communications,3.69,0,No,1,Real Estate,Dallas,Medium,Masters,0.0,0.0,6,64167,101903,6.3
GRAD_002269,2021,22,Male,White,Top 50,Mathematics,3.41,1,No,0,Healthcare,Philadelphia,Startup,Masters,1.0,20.0,3,100603,141884,8.5
GRAD_002270,2018,22,Male,White,Top 100,Marketing,3.32,2,No,1,Consulting,Austin,Large,None,3.0,0.0,6,108465,139704,5.0
GRAD_002271,2023,20,Female,White,Regional,Data Science,3.88,4,Yes,0,Education,Miami,Startup,None,1.0,0.0,1,73630,76756,4.2
GRAD_002272,2023,23,Female,White,Regional,Computer Science,3.33,2,No,5,Real Estate,Phoenix,Large,Masters,1.0,0.0,1,106498,125757,8.2
GRAD_002273,2016,22,Male,White,Top 100,Political Science,3.5,2,No,1,Technology,New York,Small,None,1.0,60.0,8,107831,167645,6.9
GRAD_002274,2019,25,Male,White,Top 100,Business,2.95,5,No,1,Transportation,Atlanta,Fortune 500,None,3.0,100.0,5,66661,95917,8.1
GRAD_002275,2018,24,Male,Hispanic,Regional,Business,3.12,3,No,0,Retail,Boston,Large,Masters,2.0,0.0,6,82899,147570,7.2
GRAD_002276,2018,20,Male,Asian,Top 10,Computer Science,3.47,1,No,1,Non-profit,Chicago,Medium,None,5.0,20.0,6,112057,173051,7.1
GRAD_002277,2017,24,Female,White,Regional,Communications,3.72,1,No,0,Retail,Portland,Large,MBA,2.0,0.0,7,49543,88206,2.8
GRAD_002278,2019,20,Female,Other,Top 50,Marketing,3.23,2,No,2,Healthcare,Denver,Medium,None,1.0,60.0,5,103844,138697,5.6
GRAD_002279,2016,23,Male,Hispanic,Top 50,Chemistry,3.47,3,No,0,Education,Los Angeles,Medium,None,2.0,40.0,8,69258,107076,7.6
GRAD_002280,2018,24,Male,White,Top 50,Marketing,2.94,0,No,0,Retail,Boston,Small,Masters,1.0,60.0,6,65386,111112,7.9
GRAD_002281,2021,25,Female,White,Top 100,Biology,3.45,1,No,0,Retail,Portland,Large,MBA,1.0,0.0,3,62784,94444,4.8
GRAD_002282,2018,21,Male,White,Top 50,Marketing,3.69,2,No,1,Healthcare,Dallas,Medium,PhD,0.0,40.0,6,79750,126124,6.5
GRAD_002283,2017,23,Male,Asian,Top 100,Liberal Arts,3.32,1,Yes,1,Non-profit,San Francisco,Large,None,7.0,0.0,7,70459,133235,8.5
GRAD_002284,2016,24,Female,Asian,Top 10,Finance,3.25,1,No,1,Finance,Chicago,Large,Masters,2.0,100.0,8,152541,232084,8.5
GRAD_002285,2018,23,Female,White,Top 100,Engineering,3.14,3,Yes,1,Education,Washington DC,Medium,None,,20.0,6,75620,113309,8.6
GRAD_002286,2021,20,Female,White,Regional,Engineering,3.14,1,No,2,Government,Denver,Large,None,3.0,40.0,3,92675,114474,5.5
GRAD_002287,2017,22,Male,White,Top 100,Engineering,3.77,1,No,1,Manufacturing,Los Angeles,Large,MBA,1.0,0.0,7,100551,161975,5.9
GRAD_002288,2019,23,Female,White,Regional,Engineering,3.11,2,,2,Technology,Miami,Medium,None,,20.0,5,118612,155903,7.3
GRAD_002289,2023,22,Female,Hispanic,Top 100,Economics,3.29,1,No,1,Media,Atlanta,Large,Masters,3.0,20.0,1,71659,94256,8.3
GRAD_002290,2020,21,Male,Black,Regional,Psychology,2.97,1,No,1,Manufacturing,Washington DC,Medium,None,1.0,,4,76191,90413,4.9
GRAD_002291,2020,22,Male,White,Top 100,Data Science,3.28,1,No,0,Manufacturing,New York,Medium,None,3.0,0.0,4,132754,168541,8.3
GRAD_002292,2019,23,Male,Black,Top 100,Computer Science,3.65,3,No,0,Technology,Miami,Startup,None,5.0,60.0,5,146424,202527,4.0
GRAD_002293,2020,23,Female,White,Top 50,Marketing,2.91,0,No,2,Manufacturing,Seattle,Small,Masters,2.0,40.0,4,82166,123325,7.6
GRAD_002294,2023,23,Male,Black,Top 100,Communications,2.97,2,Yes,1,Finance,Atlanta,Large,MBA,4.0,80.0,1,79315,115766,8.2
GRAD_002295,2017,22,Male,White,Regional,Data Science,3.83,2,Yes,0,Consulting,Portland,Large,None,3.0,0.0,7,114853,174003,7.6
GRAD_002296,2023,23,Male,White,Regional,Finance,3.11,2,No,0,Education,Chicago,Large,None,1.0,40.0,1,66919,73468,6.0
GRAD_002297,2016,20,Female,White,Top 50,Business,3.6,2,No,0,Government,Boston,Fortune 500,None,0.0,0.0,8,105971,154510,7.8
GRAD_002298,2016,22,Male,Hispanic,Regional,Finance,3.13,1,No,1,Manufacturing,Chicago,Fortune 500,None,0.0,,8,80580,119481,7.3
GRAD_002299,2021,21,Male,White,Top 100,Engineering,3.03,2,No,1,Education,Atlanta,Medium,JD,0.0,0.0,3,61227,92992,5.1
GRAD_002300,2017,22,Male,Hispanic,Top 50,Business,4.0,1,No,1,Education,Washington DC,Fortune 500,Masters,1.0,20.0,7,77878,146808,6.7
GRAD_002301,2019,20,Male,White,Regional,Liberal Arts,3.23,0,No,0,Energy,Washington DC,Large,Masters,2.0,,5,73893,104702,8.2
GRAD_002302,2021,23,Female,White,Top 100,Mathematics,3.53,3,No,2,Education,Los Angeles,Small,MBA,2.0,0.0,3,78602,112167,7.7
GRAD_002303,2020,25,Female,Black,Top 50,Computer Science,3.26,4,No,2,Retail,Denver,Large,PhD,0.0,100.0,4,94346,135776,9.6
GRAD_002304,2015,22,Female,White,Regional,Liberal Arts,3.24,1,No,2,Energy,Austin,Large,None,1.0,,9,79716,118728,5.9
GRAD_002305,2018,22,Male,Asian,Top 100,Engineering,3.74,1,No,1,Transportation,Chicago,Medium,None,3.0,0.0,6,86605,127485,7.0
GRAD_002306,2015,26,Female,Black,Top 50,Business,3.17,2,No,3,Education,Portland,Large,None,2.0,0.0,9,68668,101678,6.7
GRAD_002307,2023,21,Male,White,Regional,Marketing,2.96,2,Yes,2,Retail,Boston,Large,None,0.0,60.0,1,71982,74183,10.0
GRAD_002308,2022,23,Male,White,Regional,Computer Science,3.2,1,No,1,Media,Dallas,Large,None,2.0,40.0,2,74361,84982,4.0
GRAD_002309,2023,24,Male,White,Top 10,Business,3.32,1,No,1,Technology,Portland,Large,JD,5.0,40.0,1,143100,209092,4.7
GRAD_002310,2023,21,Female,White,Top 100,Liberal Arts,3.13,3,No,2,Non-profit,Atlanta,Large,MBA,,60.0,1,46650,68352,7.8
GRAD_002311,2019,23,Female,Hispanic,Top 100,Business,3.07,0,No,0,Finance,Boston,Medium,MBA,1.0,0.0,5,126513,187480,5.2
GRAD_002312,2023,22,Male,White,Regional,Business,2.86,3,,1,Healthcare,Seattle,Large,None,3.0,100.0,1,111962,126019,5.4
GRAD_002313,2021,20,Female,White,Top 50,Psychology,3.11,4,No,1,Retail,Chicago,Startup,PhD,2.0,0.0,3,68750,95276,2.4
GRAD_002314,2020,22,Male,White,Top 50,Engineering,2.79,0,No,1,Energy,Phoenix,Large,JD,2.0,60.0,4,95379,152613,8.3
GRAD_002315,2018,22,Female,Hispanic,Regional,Chemistry,2.96,1,No,0,Manufacturing,San Francisco,Fortune 500,MBA,1.0,40.0,6,98564,160303,7.1
GRAD_002316,2021,21,Female,Other,Regional,Economics,3.57,0,No,2,Retail,Austin,Small,MBA,1.0,40.0,3,62904,95661,4.4
GRAD_002317,2020,20,Female,White,Top 50,Business,3.67,1,No,2,Consulting,Washington DC,Fortune 500,None,5.0,0.0,4,99126,136123,7.2
GRAD_002318,2020,21,Male,White,Top 10,Psychology,3.31,0,No,1,Energy,Boston,Medium,None,3.0,20.0,4,119237,149569,10.0
GRAD_002319,2019,20,Male,White,Regional,Chemistry,2.77,1,No,0,Manufacturing,Seattle,Fortune 500,Masters,2.0,80.0,5,87145,140855,6.2
GRAD_002320,2021,23,Female,Asian,Regional,Psychology,3.13,0,No,1,Manufacturing,Phoenix,Fortune 500,None,2.0,80.0,3,51609,59244,7.4
GRAD_002321,2016,23,Female,Asian,Regional,Engineering,3.7,3,No,1,Transportation,Portland,Large,None,1.0,40.0,8,92342,116296,3.6
GRAD_002322,2021,20,Male,White,Top 10,Business,3.46,2,Yes,1,Retail,Denver,Large,None,3.0,40.0,3,90546,117391,5.5
GRAD_002323,2021,22,Female,White,Top 100,Liberal Arts,2.89,2,Yes,1,Technology,Washington DC,Fortune 500,None,1.0,40.0,3,80348,88214,7.3
GRAD_002324,2020,20,Male,Black,Top 50,Chemistry,3.58,2,No,1,Finance,Seattle,Small,None,3.0,60.0,4,110436,151087,9.2
GRAD_002325,2017,21,Male,Black,Regional,Business,3.17,1,No,1,Energy,Dallas,Small,PhD,3.0,80.0,7,73144,117060,8.9
GRAD_002326,2020,21,Male,White,Top 50,Marketing,3.08,1,No,0,Energy,Miami,Fortune 500,MBA,1.0,40.0,4,94757,155673,8.2
GRAD_002327,2016,23,Male,Hispanic,Top 50,Computer Science,3.41,0,No,3,Healthcare,Philadelphia,Medium,None,2.0,0.0,8,110887,185133,8.2
GRAD_002328,2018,20,Female,Black,Regional,Computer Science,3.27,1,No,1,Healthcare,Phoenix,Large,None,3.0,0.0,6,84005,114733,4.6
GRAD_002329,2019,23,Female,White,Regional,Computer Science,3.91,1,No,0,Real Estate,New York,Fortune 500,None,3.0,,5,141671,193692,5.0
GRAD_002330,2021,24,Female,Asian,Regional,Marketing,3.55,3,No,0,Media,Denver,Large,None,0.0,60.0,3,60347,61851,5.6
GRAD_002331,2017,22,Female,Asian,Top 10,Marketing,3.27,4,No,2,Real Estate,Seattle,Large,None,2.0,,7,127598,199075,6.8
GRAD_002332,2016,20,Male,Black,Regional,Marketing,3.52,1,No,1,Real Estate,Washington DC,Fortune 500,Masters,4.0,20.0,8,82031,167506,5.5
GRAD_002333,2020,20,Male,White,Regional,Data Science,2.98,5,Yes,0,Non-profit,Dallas,Small,MBA,0.0,40.0,4,68385,99992,7.5
GRAD_002334,2021,24,Male,White,Top 10,Engineering,3.84,3,No,3,Media,Atlanta,Startup,None,3.0,60.0,3,106720,127595,5.9
GRAD_002335,2016,25,Female,Asian,Regional,Data Science,3.44,0,No,0,Retail,Boston,Large,None,3.0,20.0,8,100345,129690,8.0
GRAD_002336,2015,22,Male,White,Regional,Computer Science,4.0,0,Yes,2,Technology,Miami,Large,Masters,1.0,20.0,9,147888,269234,5.6
GRAD_002337,2016,20,Male,White,Top 50,Liberal Arts,3.04,2,No,1,Government,San Francisco,Fortune 500,MBA,1.0,40.0,8,100455,185873,6.4
GRAD_002338,2023,20,Female,White,Top 100,Business,2.58,5,,0,Transportation,Boston,Small,None,2.0,20.0,1,100970,108464,6.3
GRAD_002339,2021,24,Male,White,Top 50,Psychology,3.22,0,Yes,0,Manufacturing,Boston,Fortune 500,None,1.0,100.0,3,77673,90754,5.0
GRAD_002340,2023,22,Male,Black,Regional,Communications,2.55,1,No,3,Real Estate,Dallas,Small,None,,40.0,1,64303,71737,4.4
GRAD_002341,2021,21,Female,White,Top 10,Chemistry,4.0,2,No,0,Retail,New York,Small,Masters,2.0,0.0,3,122471,164893,7.8
GRAD_002342,2023,25,Female,Asian,Top 100,Liberal Arts,3.28,4,No,4,Non-profit,Denver,Medium,None,3.0,20.0,1,49301,57530,6.4
GRAD_002343,2019,24,Male,White,Top 100,Chemistry,2.84,0,No,2,Technology,Dallas,Large,PhD,3.0,80.0,5,84129,145522,5.7
GRAD_002344,2020,23,Male,White,Regional,Chemistry,3.09,3,No,0,Retail,San Francisco,Medium,None,,20.0,4,74509,96387,7.5
GRAD_002345,2020,21,Male,Hispanic,Top 50,Psychology,2.73,2,Yes,0,Non-profit,Portland,Large,Masters,0.0,0.0,4,53296,74442,6.0
GRAD_002346,2015,24,Male,Other,Top 100,Engineering,2.97,0,No,0,Government,Miami,Small,None,3.0,0.0,9,76064,128714,6.2
GRAD_002347,2015,23,Male,Asian,Top 100,Business,3.88,2,No,0,Real Estate,Austin,Small,None,1.0,0.0,9,83792,112648,7.1
GRAD_002348,2016,22,Male,White,Top 100,Business,3.47,2,No,1,Non-profit,Chicago,Large,Masters,1.0,,8,66203,125465,5.9
GRAD_002349,2020,24,Male,White,Top 100,Finance,3.5,3,No,0,Consulting,Denver,Small,None,2.0,0.0,4,99918,134826,7.7
GRAD_002350,2019,24,Male,White,Regional,Political Science,3.41,2,No,3,Real Estate,New York,Medium,Masters,2.0,60.0,5,95091,141911,8.3
GRAD_002351,2020,22,Female,White,Regional,Engineering,3.31,0,No,3,Healthcare,San Francisco,Fortune 500,MBA,4.0,0.0,4,114915,169151,7.9
GRAD_002352,2022,20,Female,Asian,Regional,Engineering,2.79,2,No,0,Government,Boston,Small,None,2.0,20.0,2,96707,111536,6.3
GRAD_002353,2022,20,Male,White,Top 100,Computer Science,3.4,0,No,3,Media,New York,Large,Masters,2.0,0.0,2,127248,163169,6.3
GRAD_002354,2023,20,Male,Black,Top 10,Psychology,4.0,0,No,1,Finance,Seattle,Large,None,4.0,0.0,1,112128,131039,6.8
GRAD_002355,2020,24,Female,White,Regional,Business,3.63,3,No,0,Finance,Boston,Medium,MBA,1.0,40.0,4,96912,144307,7.3
GRAD_002356,2018,20,Female,White,Regional,Marketing,3.43,1,Yes,2,Consulting,Chicago,Large,MBA,2.0,0.0,6,80253,129326,9.2
GRAD_002357,2018,22,Male,Asian,Top 100,Data Science,3.22,0,Yes,2,Manufacturing,Miami,Large,Masters,1.0,60.0,6,89237,127287,5.5
GRAD_002358,2018,20,Male,Other,Top 100,Psychology,3.04,1,No,2,Media,Denver,Small,None,3.0,80.0,6,62957,103126,8.5
GRAD_002359,2018,25,Female,White,Top 100,Political Science,4.0,0,No,0,Technology,San Francisco,Medium,None,0.0,40.0,6,120426,166110,6.6
GRAD_002360,2019,20,Female,Hispanic,Top 50,Psychology,3.57,2,Yes,0,Energy,Boston,Fortune 500,None,5.0,20.0,5,100080,134022,9.3
GRAD_002361,2015,22,Female,Asian,Regional,Business,3.31,1,No,0,Non-profit,Atlanta,Medium,MBA,2.0,0.0,9,43801,89098,9.4
GRAD_002362,2021,20,Male,White,Regional,Psychology,3.22,2,No,4,Manufacturing,Miami,Large,None,2.0,20.0,3,62307,79708,6.1
GRAD_002363,2020,23,Male,Hispanic,Top 10,Economics,2.99,4,No,0,Manufacturing,Denver,Large,Masters,2.0,20.0,4,111525,158903,6.9
GRAD_002364,2019,24,Female,White,Regional,Mathematics,3.85,0,No,2,Technology,Phoenix,Large,Masters,2.0,20.0,5,99565,147156,5.8
GRAD_002365,2016,22,Male,Asian,Top 10,Computer Science,3.39,0,No,2,Transportation,Phoenix,Large,None,1.0,80.0,8,98780,144524,7.7
GRAD_002366,2016,22,Male,White,Regional,Computer Science,3.51,1,No,0,Energy,Dallas,Startup,MBA,1.0,100.0,8,112562,185432,5.8
GRAD_002367,2020,23,Female,White,Top 50,Marketing,2.88,0,No,0,Energy,Austin,Medium,None,2.0,60.0,4,96814,117534,7.1
GRAD_002368,2015,21,Female,Hispanic,Top 100,Marketing,3.49,0,Yes,1,Consulting,New York,Small,None,4.0,40.0,9,116556,198526,6.4
GRAD_002369,2021,24,Female,Asian,Top 100,Marketing,3.29,2,No,1,Non-profit,Dallas,Small,None,1.0,60.0,3,51871,60226,7.1
GRAD_002370,2023,22,Female,Asian,Regional,Liberal Arts,3.43,0,Yes,2,Transportation,Portland,Startup,Masters,5.0,40.0,1,63012,85981,3.2
GRAD_002371,2020,20,Female,Hispanic,Regional,Data Science,3.19,0,Yes,2,Technology,Austin,Small,None,1.0,40.0,4,138104,160077,8.1
GRAD_002372,2021,25,Male,White,Regional,Marketing,3.26,2,No,0,Energy,Washington DC,Large,Masters,1.0,60.0,3,87135,114100,7.1
GRAD_002373,2019,22,Female,White,Regional,Finance,3.48,3,No,1,Technology,Chicago,Fortune 500,None,1.0,60.0,5,122034,138497,6.6
GRAD_002374,2021,21,Male,Other,Top 10,Engineering,2.97,2,No,1,Non-profit,Phoenix,Medium,None,5.0,40.0,3,73233,100314,5.6
GRAD_002375,2021,22,Female,Hispanic,Regional,Engineering,2.95,2,No,1,Technology,Phoenix,Medium,None,2.0,40.0,3,96435,106890,2.9
GRAD_002376,2022,21,Female,White,Top 10,Economics,2.68,0,Yes,1,Transportation,Atlanta,Large,None,3.0,40.0,2,100578,116697,7.7
GRAD_002377,2021,22,Female,White,Regional,Political Science,3.35,2,No,2,Energy,Atlanta,Startup,PhD,0.0,20.0,3,57022,75553,3.5
GRAD_002378,2021,23,Female,Asian,Regional,Psychology,3.45,1,No,0,Healthcare,Portland,Fortune 500,JD,2.0,60.0,3,69352,107862,4.5
GRAD_002379,2020,23,Male,White,Top 50,Data Science,2.96,2,,1,Media,Chicago,Startup,None,2.0,0.0,4,91537,120413,4.4
GRAD_002380,2019,23,Female,Black,Top 50,Economics,2.85,6,No,1,Transportation,Portland,Small,None,0.0,,5,84382,93378,3.6
GRAD_002381,2019,21,Female,White,Top 10,Data Science,3.27,4,No,2,Energy,Phoenix,Small,Masters,2.0,0.0,5,119949,166607,4.7
GRAD_002382,2019,21,Female,Asian,Top 50,Engineering,3.53,1,No,1,Government,Dallas,Fortune 500,None,1.0,60.0,5,91613,117619,8.4
GRAD_002383,2017,23,Female,Hispanic,Top 100,Communications,2.71,1,No,1,Real Estate,Miami,Large,None,2.0,80.0,7,65786,102122,9.2
GRAD_002384,2015,23,Female,Asian,Top 100,Data Science,3.14,1,No,1,Energy,Dallas,Large,Masters,5.0,40.0,9,90709,147088,6.4
GRAD_002385,2021,21,Female,White,Top 50,Engineering,3.69,0,No,1,Finance,Austin,Fortune 500,None,3.0,20.0,3,131487,162441,9.6
GRAD_002386,2023,22,Female,White,Regional,Political Science,3.03,1,Yes,1,Media,Dallas,Large,None,4.0,0.0,1,57019,68458,4.0
GRAD_002387,2023,23,Male,Asian,Top 100,Business,3.1,2,No,2,Transportation,Denver,Fortune 500,MD,3.0,20.0,1,82026,139639,5.2
GRAD_002388,2020,22,Male,Other,Top 50,Data Science,3.55,2,No,2,Technology,Denver,Large,None,2.0,20.0,4,153303,188680,4.9
GRAD_002389,2016,24,Female,White,Top 100,Political Science,3.24,4,No,1,Government,Philadelphia,Large,PhD,0.0,20.0,8,61301,114903,6.3
GRAD_002390,2022,20,Male,White,Regional,Communications,3.45,1,Yes,0,Education,Chicago,Startup,Masters,4.0,20.0,2,43442,65215,6.0
GRAD_002391,2021,20,Male,White,Regional,Engineering,3.59,1,No,1,Energy,Philadelphia,Small,None,,20.0,3,106749,130642,5.9
GRAD_002392,2017,24,Male,Asian,Regional,Business,3.82,2,No,2,Transportation,Los Angeles,Large,None,4.0,0.0,7,99344,169917,7.8
GRAD_002393,2022,23,Male,White,Top 100,Business,3.69,0,No,2,Real Estate,Atlanta,Large,None,0.0,80.0,2,67724,76093,5.9
GRAD_002394,2019,22,Female,Asian,Top 10,Business,3.95,1,No,2,Consulting,San Francisco,Small,MBA,4.0,40.0,5,168646,259986,7.9
GRAD_002395,2023,21,Female,White,Regional,Economics,3.99,1,No,2,Transportation,Denver,Medium,None,2.0,20.0,1,73148,80973,4.4
GRAD_002396,2017,23,Female,White,Top 10,Engineering,3.52,2,No,0,Retail,Washington DC,Fortune 500,MBA,5.0,60.0,7,106807,188884,7.6
GRAD_002397,2022,22,Female,Hispanic,Regional,Political Science,3.35,1,No,2,Energy,Portland,Large,MBA,4.0,0.0,2,73111,107158,7.1
GRAD_002398,2021,22,Male,White,Top 100,Engineering,3.22,4,Yes,1,Non-profit,Seattle,Small,Masters,0.0,0.0,3,78947,103334,7.4
GRAD_002399,2015,22,Male,White,Regional,Chemistry,3.06,1,Yes,2,Real Estate,Phoenix,Large,MD,1.0,0.0,9,67050,142427,5.6
GRAD_002400,2020,23,Female,White,Regional,Marketing,2.69,1,No,1,Transportation,Atlanta,Startup,Masters,0.0,40.0,4,65704,83226,5.1
GRAD_002401,2021,23,Female,Hispanic,Top 100,Finance,3.12,2,No,0,Finance,Austin,Large,MBA,2.0,0.0,3,137438,190102,8.6
GRAD_002402,2016,23,Female,Hispanic,Top 100,Political Science,3.71,2,No,3,Real Estate,San Francisco,Fortune 500,Masters,2.0,40.0,8,92321,163272,5.5
GRAD_002403,2020,23,Female,Hispanic,Top 50,Engineering,3.02,3,No,1,Consulting,Atlanta,Large,MD,4.0,20.0,4,121358,231693,6.5
GRAD_002404,2018,22,Male,White,Regional,Psychology,3.79,4,No,0,Retail,Boston,Small,None,1.0,40.0,6,62271,85389,5.4
GRAD_002405,2021,23,Female,White,Top 100,Engineering,3.29,2,Yes,0,Non-profit,San Francisco,Startup,None,3.0,20.0,3,106853,127372,6.9
GRAD_002406,2020,24,Male,White,Regional,Biology,3.69,1,No,1,Manufacturing,Miami,Large,None,3.0,40.0,4,58213,81160,6.9
GRAD_002407,2021,22,Male,Asian,Top 50,Engineering,3.67,4,No,3,Government,New York,Small,None,2.0,0.0,3,129789,153494,8.6
GRAD_002408,2015,22,Female,Hispanic,Regional,Computer Science,3.07,0,No,0,Energy,Phoenix,Fortune 500,None,3.0,20.0,9,86814,132437,6.2
GRAD_002409,2016,23,Male,White,Regional,Psychology,3.92,1,No,0,Education,Miami,Large,None,2.0,60.0,8,55241,82241,8.2
GRAD_002410,2020,23,Male,Asian,Top 10,Business,3.96,1,No,1,Healthcare,Dallas,Medium,None,3.0,0.0,4,115741,149070,8.9
GRAD_002411,2017,22,Male,White,Top 50,Computer Science,3.5,0,No,1,Real Estate,Phoenix,Startup,None,4.0,0.0,7,95660,154455,7.0
GRAD_002412,2019,23,Male,Black,Top 10,Computer Science,2.52,0,Yes,0,Education,Portland,Large,None,1.0,0.0,5,104786,135484,3.8
GRAD_002413,2021,21,Female,Other,Top 10,Biology,3.0,2,Yes,1,Government,Phoenix,Large,PhD,,0.0,3,73848,113759,7.2
GRAD_002414,2022,22,Male,Hispanic,Top 10,Psychology,2.76,1,Yes,4,Finance,Denver,Medium,None,1.0,40.0,2,102466,112135,5.4
GRAD_002415,2016,24,Female,White,Top 100,Liberal Arts,3.25,0,No,1,Media,Phoenix,Fortune 500,MBA,1.0,0.0,8,50383,100147,4.9
GRAD_002416,2021,23,Male,White,Regional,Political Science,3.08,1,Yes,0,Finance,Denver,Medium,None,2.0,20.0,3,69886,83296,4.0
GRAD_002417,2018,21,Female,White,Top 100,Chemistry,3.46,1,Yes,1,Finance,Boston,Small,None,,0.0,6,101924,131328,7.5
GRAD_002418,2021,21,Male,Hispanic,Top 50,Communications,2.87,2,Yes,1,Finance,Seattle,Large,Masters,3.0,,3,97966,141547,2.3
GRAD_002419,2016,20,Male,White,Top 10,Psychology,2.47,1,Yes,1,Healthcare,San Francisco,Fortune 500,JD,2.0,0.0,8,97594,188323,7.6
GRAD_002420,2020,24,Female,Black,Top 50,Liberal Arts,3.64,0,Yes,2,Real Estate,Phoenix,Fortune 500,MBA,1.0,80.0,4,54972,80383,4.7
GRAD_002421,2022,21,Male,Asian,Top 100,Liberal Arts,3.67,0,Yes,0,Government,Portland,Startup,JD,1.0,40.0,2,63550,93448,3.9
GRAD_002422,2016,20,Female,Asian,Top 100,Engineering,2.49,1,No,1,Non-profit,Miami,Medium,MD,,40.0,8,56253,130374,10.0
GRAD_002423,2022,20,Female,White,Regional,Communications,3.11,0,No,0,Manufacturing,San Francisco,Medium,Masters,2.0,60.0,2,71377,92953,3.8
GRAD_002424,2019,22,Female,Asian,Regional,Communications,3.16,1,Yes,1,Manufacturing,Austin,Large,None,0.0,0.0,5,57912,77636,7.4
GRAD_002425,2022,21,Female,White,Regional,Business,3.09,0,No,0,Real Estate,Washington DC,Medium,None,2.0,20.0,2,87618,95492,6.8
GRAD_002426,2023,22,Female,Asian,Regional,Communications,3.75,3,No,3,Education,Dallas,Medium,JD,0.0,0.0,1,56543,73472,5.8
GRAD_002427,2016,23,Male,White,Top 10,Communications,3.35,1,No,1,Non-profit,Miami,Medium,Masters,3.0,80.0,8,56871,96979,7.0
GRAD_002428,2021,21,Male,Black,Top 50,Biology,2.68,3,No,0,Consulting,Miami,Startup,None,1.0,0.0,3,96640,113996,8.3
GRAD_002429,2017,21,Male,Black,Top 10,Data Science,3.55,2,Yes,2,Consulting,Boston,Medium,Masters,0.0,60.0,7,185449,321184,5.2
GRAD_002430,2016,23,Male,Asian,Top 100,Marketing,3.34,1,Yes,1,Retail,Washington DC,Fortune 500,None,3.0,0.0,8,68518,98673,6.6
GRAD_002431,2021,22,Female,Hispanic,Top 100,Economics,3.32,0,Yes,1,Transportation,Miami,Medium,None,4.0,20.0,3,67423,89656,4.6
GRAD_002432,2016,20,Male,Asian,Top 50,Data Science,3.53,2,No,1,Energy,Boston,Large,None,3.0,80.0,8,155439,258295,4.0
GRAD_002433,2019,20,Female,Asian,Top 50,Finance,2.62,2,Yes,1,Education,Austin,Startup,None,2.0,40.0,5,90949,115942,7.1
GRAD_002434,2021,20,Other,Other,Top 100,Liberal Arts,3.29,0,Yes,0,Manufacturing,Seattle,Large,Masters,4.0,80.0,3,65189,94463,4.0
GRAD_002435,2019,22,Male,Black,Top 10,Liberal Arts,3.48,1,No,1,Education,Seattle,Fortune 500,Masters,2.0,0.0,5,75948,124539,10.0
GRAD_002436,2021,22,Female,Asian,Regional,Chemistry,3.1,2,No,0,Transportation,Boston,Fortune 500,MD,3.0,60.0,3,67960,120807,8.1
GRAD_002437,2022,22,Female,White,Regional,Economics,3.14,1,No,1,Real Estate,Philadelphia,Small,None,2.0,0.0,2,76867,89409,7.4
GRAD_002438,2022,21,Female,White,Top 50,Engineering,3.14,2,Yes,0,Healthcare,Washington DC,Small,None,0.0,0.0,2,130624,134195,6.9
GRAD_002439,2020,24,Male,White,Top 50,Biology,3.61,2,No,0,Government,Atlanta,Fortune 500,MBA,0.0,0.0,4,67052,105793,5.4
GRAD_002440,2018,22,Female,White,Top 100,Data Science,2.92,0,No,2,Technology,Seattle,Fortune 500,Masters,1.0,60.0,6,140927,226126,8.8
GRAD_002441,2020,21,Female,Hispanic,Top 100,Business,3.23,4,No,0,Finance,Dallas,Fortune 500,None,0.0,60.0,4,86457,104585,6.5
GRAD_002442,2019,21,Female,Asian,Top 10,Engineering,3.13,1,No,0,Media,San Francisco,Startup,Masters,0.0,0.0,5,147059,215610,6.9
GRAD_002443,2017,21,Female,Hispanic,Top 10,Finance,3.8,3,No,0,Non-profit,Austin,Medium,Masters,3.0,20.0,7,92060,132882,10.0
GRAD_002444,2020,21,Female,White,Regional,Political Science,3.34,4,Yes,1,Consulting,Denver,Small,MBA,1.0,80.0,4,85023,124888,6.2
GRAD_002445,2015,22,Male,White,Top 50,Finance,3.29,1,,1,Transportation,Austin,Medium,None,3.0,40.0,9,87690,138747,7.0
GRAD_002446,2020,23,Female,Black,Top 100,Chemistry,2.57,0,No,1,Retail,Chicago,Medium,None,3.0,40.0,4,59315,77554,5.9
GRAD_002447,2022,21,Male,White,Top 50,Economics,2.82,0,Yes,0,Technology,New York,Large,None,4.0,20.0,2,135158,157940,4.4
GRAD_002448,2023,20,Male,Hispanic,Top 100,Business,3.55,0,,2,Non-profit,San Francisco,Medium,Masters,2.0,60.0,1,71469,93232,3.5
GRAD_002449,2023,23,Male,White,Regional,Computer Science,3.23,2,Yes,2,Media,Denver,Medium,None,3.0,40.0,1,104873,120226,4.8
GRAD_002450,2016,23,Male,White,Regional,Liberal Arts,3.51,1,,1,Finance,Portland,Startup,MBA,1.0,0.0,8,66084,108246,9.5
GRAD_002451,2016,25,Female,Hispanic,Top 100,Business,3.58,1,No,0,Non-profit,Philadelphia,Small,MBA,1.0,0.0,8,58631,93523,5.8
GRAD_002452,2016,23,Female,Other,Regional,Liberal Arts,3.72,0,No,2,Government,Denver,Large,MD,0.0,60.0,8,68847,128482,6.3
GRAD_002453,2020,21,Female,White,Top 10,Engineering,2.9,1,No,2,Transportation,Atlanta,Large,Masters,2.0,0.0,4,93545,121803,8.2
GRAD_002454,2015,23,Female,White,Top 50,Liberal Arts,3.91,2,No,1,Consulting,Miami,Medium,None,2.0,40.0,9,79325,128577,4.7
GRAD_002455,2023,22,Male,White,Top 100,Biology,3.42,3,No,1,Media,Austin,Large,MBA,,80.0,1,60084,84333,5.5
GRAD_002456,2015,20,Female,Asian,Top 50,Chemistry,3.45,1,No,1,Non-profit,New York,Medium,None,0.0,40.0,9,82652,128518,9.0
GRAD_002457,2019,22,Male,Asian,Regional,Psychology,2.66,0,No,2,Non-profit,Los Angeles,Fortune 500,JD,2.0,40.0,5,53294,87923,4.7
GRAD_002458,2023,22,Female,White,Top 10,Business,3.52,2,No,1,Non-profit,Boston,Medium,None,1.0,60.0,1,74880,77954,7.0
GRAD_002459,2023,24,Female,White,Top 50,Marketing,3.01,2,No,0,Consulting,Atlanta,Fortune 500,None,1.0,40.0,1,80589,86452,7.9
GRAD_002460,2019,22,Male,White,Regional,Communications,3.34,1,No,1,Technology,Philadelphia,Startup,None,0.0,0.0,5,75622,93036,5.3
GRAD_002461,2019,21,Male,Asian,Top 100,Biology,3.95,0,Yes,1,Finance,Miami,Large,None,5.0,20.0,5,88705,138488,8.6
GRAD_002462,2021,20,Female,Black,Top 50,Political Science,3.44,1,Yes,1,Consulting,Denver,Startup,PhD,1.0,0.0,3,73941,99291,4.0
GRAD_002463,2019,20,Male,White,Top 100,Political Science,3.37,2,Yes,1,Finance,Austin,Large,Masters,2.0,60.0,5,82100,116040,6.2
GRAD_002464,2018,21,Female,White,Top 100,Engineering,3.44,1,No,0,Retail,Austin,Large,None,1.0,40.0,6,81827,106534,8.6
GRAD_002465,2021,24,Male,Asian,Top 50,Engineering,3.04,2,Yes,1,Retail,Philadelphia,Medium,None,1.0,40.0,3,76106,87880,4.6
GRAD_002466,2020,22,Female,Asian,Regional,Business,2.76,2,No,3,Retail,Los Angeles,Medium,Masters,1.0,60.0,4,69429,90082,4.7
GRAD_002467,2019,22,Male,Black,Regional,Psychology,3.52,4,No,1,Consulting,Seattle,Small,Masters,1.0,20.0,5,96858,142155,2.9
GRAD_002468,2016,24,Female,White,Top 100,Mathematics,3.34,2,No,1,Consulting,Atlanta,Medium,Masters,1.0,80.0,8,88661,137213,6.5
GRAD_002469,2015,23,Male,Hispanic,Regional,Business,3.76,0,No,1,Technology,Boston,Small,None,0.0,0.0,9,128884,196248,7.7
GRAD_002470,2020,22,Male,Asian,Regional,Economics,2.98,0,Yes,1,Government,Portland,Startup,None,2.0,20.0,4,84916,114327,6.9
GRAD_002471,2020,24,Female,Hispanic,Regional,Communications,2.85,2,Yes,2,Education,Seattle,Small,Masters,2.0,60.0,4,56203,76308,3.7
GRAD_002472,2021,21,Male,White,Top 100,Chemistry,3.55,2,No,0,Technology,Philadelphia,Large,None,1.0,40.0,3,81211,93830,5.8
GRAD_002473,2023,22,Female,Hispanic,Regional,Psychology,3.07,2,Yes,1,Technology,Phoenix,Small,None,0.0,20.0,1,64756,65042,3.8
GRAD_002474,2022,20,Male,White,Regional,Psychology,2.76,1,No,1,Transportation,San Francisco,Medium,None,5.0,0.0,2,88357,113039,8.5
GRAD_002475,2016,22,Male,Hispanic,Top 10,Liberal Arts,3.1,3,No,2,Manufacturing,Philadelphia,Large,None,0.0,80.0,8,86965,113856,6.5
GRAD_002476,2022,24,Male,White,Top 10,Liberal Arts,2.93,4,Yes,0,Government,Seattle,Large,None,2.0,80.0,2,107975,129129,10.0
GRAD_002477,2021,23,Male,White,Regional,Computer Science,2.76,1,No,1,Education,Philadelphia,Fortune 500,None,2.0,80.0,3,77217,97637,6.2
GRAD_002478,2022,23,Male,White,Regional,Chemistry,3.45,2,Yes,1,Healthcare,Los Angeles,Medium,Masters,2.0,0.0,2,98190,128144,5.5
GRAD_002479,2022,26,Male,Asian,Top 10,Chemistry,3.5,1,No,1,Technology,New York,Medium,PhD,1.0,0.0,2,132699,173899,5.7
GRAD_002480,2018,22,Male,White,Regional,Engineering,3.19,2,No,1,Transportation,Philadelphia,Fortune 500,Masters,2.0,20.0,6,72595,114583,6.6
GRAD_002481,2017,21,Female,White,Top 50,Engineering,3.95,1,No,0,Finance,Portland,Large,None,3.0,,7,135897,190058,6.8
GRAD_002482,2020,23,Male,Black,Regional,Finance,3.21,1,No,0,Education,San Francisco,Large,PhD,2.0,20.0,4,102574,147731,7.9
GRAD_002483,2018,21,Female,Black,Top 100,Business,3.52,1,No,2,Healthcare,Los Angeles,Medium,None,3.0,80.0,6,81452,120641,6.4
GRAD_002484,2018,20,Male,White,Top 50,Mathematics,2.76,0,Yes,1,Education,Portland,Fortune 500,None,0.0,20.0,6,69675,92030,7.7
GRAD_002485,2015,22,Male,White,Regional,Economics,2.9,0,Yes,3,Real Estate,New York,Large,None,3.0,80.0,9,98869,160270,5.7
GRAD_002486,2023,25,Male,Hispanic,Top 50,Business,3.68,5,No,4,Consulting,Chicago,Large,None,2.0,80.0,1,99263,111434,10.0
GRAD_002487,2018,23,Female,Hispanic,Top 100,Business,3.71,0,Yes,2,Finance,Phoenix,Medium,Masters,4.0,20.0,6,86033,142899,7.1
GRAD_002488,2022,23,Female,Other,Top 100,Communications,3.22,2,No,2,Consulting,Atlanta,Small,MBA,,20.0,2,71633,91045,6.0
GRAD_002489,2023,20,Male,Black,Top 50,Biology,3.52,2,No,0,Manufacturing,Chicago,Medium,PhD,1.0,20.0,1,75209,97656,5.6
GRAD_002490,2023,21,Female,Black,Regional,Business,3.41,3,No,2,Non-profit,Atlanta,Large,None,4.0,40.0,1,47571,58554,6.5
GRAD_002491,2021,24,Female,Asian,Top 100,Computer Science,3.49,1,No,0,Manufacturing,Miami,Medium,Masters,1.0,40.0,3,100247,132727,7.6
GRAD_002492,2020,22,Male,White,Regional,Engineering,2.95,2,No,0,Retail,Los Angeles,Fortune 500,Masters,5.0,80.0,4,85425,131343,8.3
GRAD_002493,2018,25,Male,White,Top 10,Psychology,4.0,0,No,0,Non-profit,Atlanta,Medium,None,4.0,20.0,6,65575,90898,6.3
GRAD_002494,2022,23,Female,Hispanic,Regional,Engineering,4.0,1,No,0,Non-profit,Denver,Large,MBA,3.0,0.0,2,77692,107613,9.4
GRAD_002495,2018,22,Female,White,Top 100,Data Science,3.08,1,No,0,Education,San Francisco,Large,JD,1.0,,6,104263,189820,10.0
GRAD_002496,2016,22,Male,Asian,Top 100,Engineering,3.25,0,No,1,Transportation,Austin,Large,None,2.0,60.0,8,103782,150108,5.0
GRAD_002497,2018,22,Female,Black,Regional,Economics,3.58,1,No,0,Government,Portland,Medium,MBA,3.0,60.0,6,71338,112603,5.9
GRAD_002498,2018,20,Male,White,Top 50,Liberal Arts,3.63,0,,0,Education,Seattle,Large,Masters,1.0,60.0,6,70211,106967,8.7
GRAD_002499,2021,23,Male,Hispanic,Top 100,Business,3.12,0,Yes,1,Healthcare,Miami,Large,PhD,4.0,40.0,3,84428,127459,7.2
GRAD_002500,2016,23,Female,Black,Top 100,Liberal Arts,3.56,0,No,2,Consulting,Washington DC,Large,Masters,1.0,60.0,8,81549,127193,6.5
GRAD_002501,2018,22,Male,White,Top 50,Liberal Arts,3.24,1,No,2,Healthcare,Miami,Fortune 500,JD,3.0,0.0,6,69372,129381,6.7
GRAD_002502,2015,22,Female,Other,Top 10,Business,2.9,2,No,1,Finance,Washington DC,Medium,None,2.0,40.0,9,150399,250851,9.4
GRAD_002503,2022,23,Male,White,Regional,Political Science,3.19,1,No,1,Government,Seattle,Fortune 500,None,1.0,0.0,2,70772,82374,6.6
GRAD_002504,2021,25,Male,White,Regional,Liberal Arts,3.41,4,Yes,0,Energy,Miami,Fortune 500,None,2.0,40.0,3,68941,82193,8.5
GRAD_002505,2019,24,Male,Asian,Regional,Communications,3.45,1,Yes,3,Healthcare,Los Angeles,Large,Masters,1.0,40.0,5,75281,117156,6.0
GRAD_002506,2019,22,Male,White,Top 100,Biology,3.01,1,No,0,Transportation,Austin,Large,None,5.0,40.0,5,61915,96755,6.6
GRAD_002507,2016,21,Male,Asian,Regional,Business,3.2,2,No,1,Non-profit,Denver,Startup,None,2.0,60.0,8,62155,100213,9.7
GRAD_002508,2019,20,Female,Hispanic,Regional,Mathematics,3.59,4,No,0,Real Estate,San Francisco,Large,None,0.0,40.0,5,106303,126606,5.3
GRAD_002509,2023,22,Male,White,Regional,Liberal Arts,3.51,2,Yes,2,Healthcare,Atlanta,Fortune 500,Masters,3.0,20.0,1,52642,73053,6.3
GRAD_002510,2016,21,Female,White,Top 50,Data Science,3.3,0,Yes,1,Energy,Phoenix,Medium,MD,2.0,0.0,8,102502,236788,6.7
GRAD_002511,2022,22,Female,Black,Regional,Mathematics,3.27,0,No,2,Transportation,Chicago,Small,None,8.0,80.0,2,71464,100110,6.7
GRAD_002512,2015,22,Female,White,Regional,Data Science,3.72,1,No,1,Manufacturing,Austin,Large,PhD,5.0,20.0,9,111929,200821,7.2
GRAD_002513,2018,23,Male,Asian,Regional,Mathematics,3.71,0,Yes,0,Technology,Washington DC,Large,None,2.0,20.0,6,135792,201624,7.2
GRAD_002514,2022,20,Male,Hispanic,Top 10,Business,3.15,3,No,1,Transportation,Washington DC,Fortune 500,None,0.0,0.0,2,96891,104684,7.9
GRAD_002515,2019,21,Male,Asian,Regional,Finance,2.28,2,No,0,Transportation,Seattle,Small,None,1.0,20.0,5,82283,116569,8.2
GRAD_002516,2021,22,Female,White,Top 100,Economics,2.72,3,No,0,Education,Miami,Medium,MD,2.0,20.0,3,68196,115205,6.2
GRAD_002517,2016,22,Female,White,Top 100,Marketing,2.78,0,No,3,Energy,Miami,Fortune 500,None,2.0,0.0,8,72530,109508,7.0
GRAD_002518,2021,22,Female,White,Top 100,Engineering,3.26,2,Yes,0,Healthcare,Washington DC,Large,None,1.0,0.0,3,118626,128610,6.2
GRAD_002519,2022,26,Female,White,Regional,Computer Science,3.51,3,No,1,Energy,Los Angeles,Large,PhD,,40.0,2,120667,158663,5.4
GRAD_002520,2022,20,Female,White,Top 100,Finance,3.55,1,Yes,1,Education,New York,Large,None,1.0,60.0,2,103878,110690,7.1
GRAD_002521,2019,24,Male,White,Top 100,Political Science,2.98,4,Yes,1,Finance,Washington DC,Small,MD,4.0,0.0,5,107936,211879,7.7
GRAD_002522,2023,24,Female,Hispanic,Regional,Data Science,3.1,0,Yes,1,Media,Philadelphia,Large,None,2.0,20.0,1,78907,80849,8.8
GRAD_002523,2020,21,Female,Hispanic,Top 100,Computer Science,3.26,3,No,0,Non-profit,Dallas,Fortune 500,MD,2.0,40.0,4,81446,156609,8.7
GRAD_002524,2022,21,Male,White,Regional,Mathematics,3.26,2,No,4,Manufacturing,Austin,Large,Masters,4.0,0.0,2,75312,108306,7.2
GRAD_002525,2017,25,Male,White,Top 50,Engineering,3.13,2,No,1,Government,Washington DC,Large,Masters,1.0,0.0,7,118774,201387,8.3
GRAD_002526,2017,21,Male,Asian,Regional,Chemistry,4.0,0,,3,Retail,San Francisco,Large,None,2.0,0.0,7,86839,116689,9.0
GRAD_002527,2022,21,Male,Asian,Regional,Finance,3.41,2,No,1,Healthcare,Boston,Large,Masters,1.0,80.0,2,97261,126091,7.3
GRAD_002528,2021,22,Male,White,Top 100,Computer Science,2.92,3,Yes,0,Retail,San Francisco,Large,None,2.0,40.0,3,107009,134481,7.5
GRAD_002529,2021,23,Male,Other,Top 50,Economics,3.3,1,No,2,Energy,Austin,Small,None,2.0,0.0,3,117023,144937,5.8
GRAD_002530,2017,23,Male,Asian,Top 50,Liberal Arts,3.15,5,No,0,Real Estate,Washington DC,Medium,None,1.0,80.0,7,88798,125216,8.6
GRAD_002531,2019,24,Male,White,Regional,Business,3.2,0,Yes,2,Finance,Boston,Fortune 500,None,1.0,20.0,5,99877,139612,7.7
GRAD_002532,2017,23,Male,Black,Regional,Finance,2.99,1,No,0,Healthcare,Portland,Large,Masters,3.0,60.0,7,86142,134643,5.6
GRAD_002533,2015,20,Male,White,Top 100,Liberal Arts,3.0,2,No,0,Real Estate,New York,Medium,MBA,1.0,60.0,9,100385,225196,6.5
GRAD_002534,2017,22,Female,Asian,Top 100,Finance,2.62,1,No,0,Real Estate,Chicago,Small,JD,3.0,20.0,7,98119,180364,10.0
GRAD_002535,2023,23,Female,Hispanic,Top 100,Data Science,3.22,2,No,1,Manufacturing,Portland,Large,None,2.0,20.0,1,115213,124281,7.4
GRAD_002536,2017,23,Female,White,Top 50,Engineering,3.31,1,No,2,Technology,Denver,Large,Masters,3.0,40.0,7,154141,237652,6.8
GRAD_002537,2016,21,Female,White,Top 10,Biology,3.1,1,No,1,Finance,Atlanta,Medium,None,0.0,0.0,8,91493,138505,9.7
GRAD_002538,2021,20,Male,Hispanic,Regional,Business,3.62,2,No,2,Education,Chicago,Small,None,2.0,,3,65980,80853,7.0
GRAD_002539,2020,20,Male,Asian,Regional,Engineering,3.28,2,No,0,Media,Austin,Small,Masters,,20.0,4,76434,119147,7.1
GRAD_002540,2021,23,Female,White,Regional,Business,3.31,3,No,0,Energy,Phoenix,Fortune 500,None,3.0,0.0,3,78799,94095,6.5
GRAD_002541,2021,24,Male,Asian,Regional,Business,3.38,0,No,0,Media,Los Angeles,Medium,None,1.0,20.0,3,64459,81287,6.2
GRAD_002542,2017,22,Female,White,Top 50,Biology,3.29,2,Yes,2,Education,Boston,Medium,Masters,2.0,40.0,7,69694,117327,8.2
GRAD_002543,2020,20,Male,White,Top 50,Engineering,3.32,1,,0,Transportation,Boston,Medium,Masters,4.0,0.0,4,116434,183890,7.9
GRAD_002544,2017,22,Female,White,Top 50,Data Science,2.81,1,No,0,Manufacturing,Atlanta,Large,None,0.0,40.0,7,114205,131201,4.7
GRAD_002545,2017,21,Female,Asian,Regional,Computer Science,3.69,1,Yes,0,Media,Austin,Small,None,0.0,20.0,7,94607,140363,6.9
GRAD_002546,2023,21,Female,Asian,Top 100,Political Science,2.83,2,No,2,Non-profit,New York,Large,None,1.0,20.0,1,60623,65832,7.4
GRAD_002547,2021,21,Male,Black,Top 10,Liberal Arts,3.62,1,No,0,Healthcare,Portland,Medium,None,1.0,40.0,3,95309,111315,6.9
GRAD_002548,2022,21,Female,Asian,Regional,Computer Science,3.42,3,Yes,2,Consulting,New York,Medium,Masters,2.0,0.0,2,156483,200486,5.4
GRAD_002549,2015,20,Male,White,Top 50,Business,3.11,2,No,0,Manufacturing,Boston,Fortune 500,Masters,1.0,0.0,9,107528,173477,6.0
GRAD_002550,2019,24,Female,Hispanic,Top 10,Data Science,3.44,2,No,0,Transportation,Austin,Small,None,1.0,20.0,5,140378,155804,4.5
GRAD_002551,2020,20,Male,White,Top 100,Finance,3.2,1,,0,Retail,Washington DC,Large,Masters,2.0,0.0,4,92871,138521,8.7
GRAD_002552,2016,21,Other,White,Top 50,Engineering,3.64,1,No,1,Transportation,Atlanta,Fortune 500,None,3.0,0.0,8,103446,180818,10.0
GRAD_002553,2022,22,Female,White,Top 100,Chemistry,3.05,2,No,1,Manufacturing,Chicago,Fortune 500,None,5.0,0.0,2,68803,85353,6.7
GRAD_002554,2016,24,Male,White,Regional,Chemistry,3.29,2,Yes,2,Education,Portland,Large,Masters,2.0,60.0,8,65900,120210,7.5
GRAD_002555,2021,22,Female,White,Regional,Liberal Arts,3.04,0,,0,Technology,Dallas,Small,None,2.0,40.0,3,64916,79432,6.4
GRAD_002556,2020,22,Male,White,Regional,Computer Science,2.96,0,No,1,Real Estate,Los Angeles,Fortune 500,MBA,2.0,0.0,4,129114,203016,6.7
GRAD_002557,2022,21,Female,White,Regional,Business,3.26,3,No,0,Consulting,Los Angeles,Medium,None,1.0,40.0,2,96747,102698,9.0
GRAD_002558,2018,24,Female,Asian,Top 50,Marketing,3.79,2,Yes,0,Real Estate,Portland,Medium,MBA,,0.0,6,90202,167727,6.3
GRAD_002559,2018,21,Male,White,Top 50,Economics,3.47,4,No,0,Transportation,Philadelphia,Medium,None,2.0,0.0,6,100637,148143,9.5
GRAD_002560,2022,22,Male,Other,Regional,Computer Science,3.25,3,No,0,Finance,Washington DC,Startup,Masters,2.0,40.0,2,135656,183787,8.2
GRAD_002561,2017,22,Other,White,Top 50,Political Science,3.26,0,No,1,Government,Phoenix,Medium,None,3.0,20.0,7,49461,82080,7.3
GRAD_002562,2021,23,Male,Black,Regional,Business,2.74,0,No,1,Government,Miami,Fortune 500,MBA,2.0,20.0,3,57654,86278,6.3
GRAD_002563,2017,24,Male,Hispanic,Top 50,Mathematics,3.0,0,No,0,Manufacturing,San Francisco,Small,MBA,1.0,0.0,7,116543,221057,6.6
GRAD_002564,2022,23,Female,White,Top 100,Business,3.03,0,No,0,Media,Washington DC,Medium,None,4.0,,2,86900,104225,6.2
GRAD_002565,2022,22,Female,White,Top 100,Data Science,3.36,1,No,0,Government,Seattle,Large,Masters,3.0,40.0,2,100134,135737,8.3
GRAD_002566,2022,25,Female,Hispanic,Top 50,Biology,3.64,0,Yes,3,Real Estate,Philadelphia,Startup,None,5.0,20.0,2,71137,87295,7.8
GRAD_002567,2019,24,Male,Black,Regional,Psychology,3.24,0,No,2,Government,San Francisco,Large,MBA,2.0,,5,69268,116054,7.5
GRAD_002568,2015,24,Male,Asian,Regional,Psychology,3.37,4,No,1,Technology,Seattle,Fortune 500,MBA,0.0,0.0,9,98838,169622,6.4
GRAD_002569,2016,22,Male,Black,Top 10,Liberal Arts,3.31,0,No,2,Technology,Atlanta,Small,None,,,8,89738,133883,7.1
GRAD_002570,2019,21,Female,Asian,Top 100,Marketing,3.35,2,No,3,Non-profit,Austin,Small,None,1.0,60.0,5,63641,82046,6.8
GRAD_002571,2015,20,Male,White,Top 10,Business,3.3,2,No,2,Healthcare,New York,Large,None,2.0,0.0,9,131324,198755,5.6
GRAD_002572,2015,22,Female,Asian,Top 50,Political Science,3.44,1,No,1,Retail,San Francisco,Medium,Masters,1.0,80.0,9,92425,141794,6.3
GRAD_002573,2016,23,Male,Hispanic,Top 50,Liberal Arts,3.05,0,No,1,Media,San Francisco,Medium,None,4.0,100.0,8,82918,141735,8.8
GRAD_002574,2017,20,Female,Asian,Regional,Computer Science,3.61,3,,3,Energy,Boston,Medium,Masters,2.0,0.0,7,146913,237211,4.4
GRAD_002575,2021,23,Male,White,Regional,Biology,2.93,1,No,4,Transportation,San Francisco,Large,None,0.0,80.0,3,75800,88025,8.3
GRAD_002576,2015,21,Female,White,Regional,Engineering,2.75,2,No,2,Transportation,New York,Small,MBA,0.0,0.0,9,114386,202395,4.2
GRAD_002577,2023,23,Female,Asian,Top 10,Liberal Arts,3.37,3,No,0,Technology,Portland,Large,MD,2.0,0.0,1,106164,167319,7.0
GRAD_002578,2018,21,Female,White,Top 50,Biology,3.27,1,Yes,0,Education,Philadelphia,Small,None,3.0,60.0,6,54496,83257,8.4
GRAD_002579,2018,21,Female,White,Top 100,Liberal Arts,3.19,4,No,1,Consulting,Miami,Large,None,4.0,40.0,6,82053,111982,7.2
GRAD_002580,2017,22,Female,Asian,Regional,Computer Science,3.16,0,No,1,Finance,Washington DC,Fortune 500,None,0.0,20.0,7,117548,169762,7.0
GRAD_002581,2020,20,Female,White,Top 10,Biology,3.53,2,No,2,Media,Austin,Fortune 500,None,2.0,80.0,4,92756,118015,6.4
GRAD_002582,2015,23,Female,White,Top 50,Biology,3.01,0,No,1,Finance,Washington DC,Fortune 500,PhD,0.0,40.0,9,113264,220074,7.7
GRAD_002583,2016,22,Female,Black,Top 100,Computer Science,2.95,2,No,1,Finance,Dallas,Small,Masters,1.0,0.0,8,108132,181498,6.7
GRAD_002584,2016,20,Male,White,Top 10,Chemistry,3.48,3,No,1,Education,Chicago,Fortune 500,None,1.0,60.0,8,79004,116944,8.4
GRAD_002585,2021,21,Female,White,Top 50,Communications,3.58,1,Yes,0,Consulting,Denver,Small,None,4.0,40.0,3,84137,107549,4.8
GRAD_002586,2018,23,Female,White,Top 100,Business,3.02,1,No,2,Non-profit,Denver,Startup,Masters,4.0,20.0,6,57202,89089,6.9
GRAD_002587,2019,22,Male,Black,Top 50,Marketing,3.74,1,No,0,Energy,Boston,Small,None,1.0,20.0,5,125381,163051,5.3
GRAD_002588,2023,23,Female,White,Top 100,Business,3.21,2,Yes,1,Real Estate,Chicago,Startup,MBA,2.0,20.0,1,93834,123648,6.1
GRAD_002589,2017,21,Male,Asian,Regional,Psychology,3.18,0,Yes,0,Energy,Los Angeles,Startup,None,3.0,100.0,7,75965,108726,8.2
GRAD_002590,2015,22,Male,White,Top 50,Marketing,3.36,3,No,1,Healthcare,Washington DC,Large,MBA,2.0,80.0,9,106607,238804,6.6
GRAD_002591,2019,22,Male,White,Regional,Engineering,3.33,0,No,0,Education,Portland,Startup,None,3.0,20.0,5,81599,111100,7.6
GRAD_002592,2016,25,Male,Black,Regional,Mathematics,3.58,6,No,1,Media,Los Angeles,Small,Masters,2.0,0.0,8,99598,186210,8.0
GRAD_002593,2016,21,Female,Black,Top 100,Business,4.0,1,No,2,Government,Atlanta,Medium,None,3.0,40.0,8,79738,113567,4.3
GRAD_002594,2019,23,Male,Other,Top 10,Economics,2.94,1,No,0,Non-profit,San Francisco,Small,None,1.0,60.0,5,113018,144849,6.0
GRAD_002595,2021,23,Male,White,Regional,Biology,3.17,2,No,0,Real Estate,Denver,Fortune 500,None,2.0,40.0,3,68373,89070,4.3
GRAD_002596,2017,25,Female,White,Regional,Psychology,3.18,2,No,1,Retail,Phoenix,Medium,None,0.0,20.0,7,50721,71998,6.5
GRAD_002597,2022,24,Male,Hispanic,Top 100,Engineering,3.98,1,No,0,Transportation,Philadelphia,Startup,MD,0.0,100.0,2,85062,138340,7.2
GRAD_002598,2018,21,Female,White,Top 100,Business,2.71,2,,1,Non-profit,Washington DC,Medium,Masters,3.0,40.0,6,58019,90519,7.9
GRAD_002599,2023,20,Female,Asian,Regional,Liberal Arts,3.24,0,Yes,1,Education,Portland,Small,None,4.0,0.0,1,48301,61394,6.1
GRAD_002600,2019,20,Male,Asian,Top 100,Engineering,3.48,0,No,2,Real Estate,New York,Fortune 500,None,0.0,40.0,5,132496,159436,6.9
GRAD_002601,2021,22,Female,Asian,Top 10,Computer Science,3.68,3,No,0,Technology,Philadelphia,Medium,None,3.0,40.0,3,152915,177190,7.5
GRAD_002602,2022,24,Female,White,Regional,Communications,3.19,3,No,3,Government,Boston,Startup,None,4.0,40.0,2,64490,83107,4.4
GRAD_002603,2020,24,Male,White,Top 50,Psychology,3.74,0,Yes,1,Retail,New York,Medium,None,0.0,40.0,4,79969,100495,9.0
GRAD_002604,2022,22,Female,White,Regional,Business,3.01,1,No,1,Non-profit,Denver,Medium,Masters,3.0,0.0,2,54625,75813,7.6
GRAD_002605,2018,22,Male,White,Top 100,Mathematics,3.14,2,No,1,Non-profit,Washington DC,Large,MBA,2.0,40.0,6,63702,107553,8.9
GRAD_002606,2018,24,Female,Black,Top 100,Economics,2.68,2,No,3,Technology,New York,Fortune 500,None,2.0,40.0,6,147966,173650,7.7
GRAD_002607,2022,21,Female,Hispanic,Top 50,Business,3.59,1,Yes,0,Technology,New York,Medium,PhD,1.0,0.0,2,125780,155495,6.4
GRAD_002608,2017,20,Male,White,Regional,Data Science,2.99,2,Yes,0,Education,Denver,Small,MBA,1.0,20.0,7,87647,173732,7.9
GRAD_002609,2021,24,Male,Asian,Top 50,Political Science,3.23,1,Yes,0,Technology,Phoenix,Large,MBA,2.0,0.0,3,71026,104455,7.4
GRAD_002610,2015,20,Female,White,Regional,Data Science,3.81,2,Yes,1,Energy,Seattle,Medium,Masters,4.0,40.0,9,131041,270919,8.2
GRAD_002611,2021,22,Female,White,Top 100,Finance,2.96,0,No,1,Real Estate,Atlanta,Large,Masters,2.0,0.0,3,72174,99158,5.9
GRAD_002612,2023,23,Male,White,Regional,Engineering,3.71,2,Yes,1,Transportation,Miami,Startup,None,0.0,20.0,1,93395,97261,5.9
GRAD_002613,2019,21,Male,Asian,Regional,Psychology,3.67,1,No,0,Media,Atlanta,Fortune 500,MBA,2.0,60.0,5,53607,94920,5.6
GRAD_002614,2019,24,Male,Black,Regional,Business,3.26,1,No,1,Technology,Austin,Medium,None,1.0,0.0,5,107644,145592,7.8
GRAD_002615,2020,26,Male,Hispanic,Top 100,Finance,3.28,2,Yes,0,Energy,Austin,Large,None,1.0,60.0,4,119115,146371,8.1
GRAD_002616,2021,21,Female,White,Top 10,Engineering,3.09,1,Yes,1,Non-profit,Chicago,Small,None,3.0,0.0,3,79663,101372,5.0
GRAD_002617,2018,22,Male,Asian,Top 10,Marketing,3.27,1,No,1,Healthcare,Miami,Small,Masters,1.0,20.0,6,108103,166990,5.5
GRAD_002618,2015,22,Male,White,Top 100,Economics,3.08,2,No,0,Healthcare,Dallas,Medium,None,1.0,20.0,9,78370,108221,7.3
GRAD_002619,2020,22,Female,White,Top 100,Data Science,3.87,1,Yes,0,Consulting,Dallas,Small,JD,2.0,0.0,4,127653,207142,6.5
GRAD_002620,2019,21,Male,White,Top 50,Finance,3.35,1,Yes,1,Healthcare,San Francisco,Small,JD,4.0,0.0,5,161965,267384,6.7
GRAD_002621,2020,21,Female,White,Regional,Engineering,3.65,0,No,2,Media,Chicago,Startup,Masters,2.0,80.0,4,87096,128771,5.2
GRAD_002622,2021,21,Female,White,Top 100,Communications,3.06,1,No,1,Manufacturing,Los Angeles,Small,Masters,1.0,0.0,3,71862,87580,5.4
GRAD_002623,2018,21,Male,Asian,Regional,Political Science,3.78,1,No,1,Media,Austin,Small,None,0.0,60.0,6,71627,91194,6.3
GRAD_002624,2020,21,Male,Asian,Top 10,Psychology,3.61,2,No,1,Transportation,Chicago,Small,MD,1.0,80.0,4,80660,146705,6.6
GRAD_002625,2017,20,Male,White,Top 100,Chemistry,3.46,4,No,1,Retail,Seattle,Large,None,1.0,80.0,7,81484,106935,6.9
GRAD_002626,2019,22,Male,White,Top 100,Liberal Arts,3.51,0,Yes,2,Transportation,Philadelphia,Large,Masters,0.0,60.0,5,56796,86360,6.4
GRAD_002627,2018,22,Male,White,Top 10,Liberal Arts,3.32,2,No,1,Non-profit,Denver,Fortune 500,Masters,1.0,20.0,6,52687,75468,3.6
GRAD_002628,2018,21,Male,Asian,Regional,Engineering,3.56,2,Yes,0,Consulting,Austin,Fortune 500,None,1.0,0.0,6,134716,187201,9.2
GRAD_002629,2020,22,Male,Hispanic,Top 50,Mathematics,3.57,0,Yes,3,Finance,Philadelphia,Medium,None,0.0,0.0,4,115872,140226,7.7
GRAD_002630,2021,22,Male,Black,Top 100,Engineering,3.51,3,No,2,Retail,Dallas,Large,None,0.0,0.0,3,71707,80763,9.0
GRAD_002631,2015,21,Female,Black,Regional,Engineering,3.51,1,No,0,Energy,Los Angeles,Large,Masters,4.0,20.0,9,127125,243227,4.4
GRAD_002632,2022,22,Female,Black,Regional,Economics,3.37,0,No,1,Retail,New York,Fortune 500,None,0.0,60.0,2,86107,87776,7.1
GRAD_002633,2018,21,Male,Asian,Top 50,Economics,2.76,0,No,1,Energy,Seattle,Large,None,1.0,20.0,6,127669,160004,7.9
GRAD_002634,2021,20,Male,White,Top 100,Chemistry,3.25,0,No,3,Retail,Atlanta,Small,None,1.0,40.0,3,62892,76427,5.3
GRAD_002635,2016,25,Female,Asian,Top 100,Psychology,3.02,1,No,0,Manufacturing,Washington DC,Large,None,1.0,40.0,8,79556,106665,10.0
GRAD_002636,2020,21,Male,Asian,Top 50,Computer Science,2.83,1,No,0,Non-profit,Dallas,Small,None,,40.0,4,68644,90744,5.1
GRAD_002637,2021,22,Male,White,Regional,Business,3.44,1,No,1,Government,Portland,Medium,None,1.0,0.0,3,67458,79321,6.1
GRAD_002638,2016,26,Male,White,Top 100,Biology,3.88,1,No,0,Government,Austin,Large,None,2.0,40.0,8,75953,120427,5.8
GRAD_002639,2023,21,Female,White,Top 100,Economics,2.51,2,No,1,Consulting,Atlanta,Fortune 500,None,3.0,100.0,1,87102,94596,4.9
GRAD_002640,2022,23,Male,White,Regional,Business,2.98,2,No,2,Consulting,Phoenix,Small,MBA,1.0,40.0,2,91801,130701,8.1
GRAD_002641,2020,25,Female,White,Top 50,Mathematics,3.29,2,Yes,0,Technology,New York,Small,None,0.0,40.0,4,167952,199918,6.2
GRAD_002642,2016,20,Male,Black,Regional,Engineering,3.47,0,No,2,Media,Atlanta,Large,None,6.0,20.0,8,65594,124886,5.7
GRAD_002643,2022,24,Female,White,Regional,Business,3.19,2,No,0,Government,Denver,Medium,Masters,1.0,0.0,2,66839,84790,5.1
GRAD_002644,2015,22,Female,White,Top 50,Business,3.49,2,Yes,1,Non-profit,Miami,Large,None,1.0,0.0,9,68046,95117,6.9
GRAD_002645,2016,21,Female,Black,Top 50,Psychology,3.73,0,No,0,Real Estate,Chicago,Large,Masters,3.0,20.0,8,90104,142657,8.0
GRAD_002646,2021,22,Male,Other,Top 100,Marketing,3.4,1,No,2,Education,New York,Medium,None,1.0,20.0,3,79069,95322,6.9
GRAD_002647,2017,21,Male,Asian,Top 10,Communications,3.44,3,No,2,Real Estate,Washington DC,Startup,None,3.0,20.0,7,81933,124515,5.6
GRAD_002648,2019,24,Male,Black,Top 100,Business,2.75,3,No,2,Consulting,Miami,Fortune 500,Masters,3.0,20.0,5,91122,152683,3.5
GRAD_002649,2020,22,Male,White,Top 100,Computer Science,2.52,2,Yes,0,Education,Denver,Small,None,3.0,40.0,4,82360,107665,10.0
GRAD_002650,2019,23,Female,Hispanic,Regional,Computer Science,3.09,1,No,0,Technology,Atlanta,Fortune 500,PhD,1.0,100.0,5,102513,152343,5.5
GRAD_002651,2016,21,Female,White,Top 100,Political Science,3.32,3,No,1,Government,Chicago,Large,None,3.0,40.0,8,60211,85933,3.4
GRAD_002652,2021,22,Male,Asian,Regional,Communications,3.38,0,,3,Healthcare,Denver,Medium,None,1.0,40.0,3,66468,78830,3.6
GRAD_002653,2017,21,Female,White,Top 100,Finance,3.38,0,No,0,Education,New York,Medium,JD,2.0,100.0,7,99086,188743,7.6
GRAD_002654,2021,20,Male,Asian,Top 50,Psychology,3.1,0,No,0,Technology,Philadelphia,Startup,None,4.0,0.0,3,80501,106310,9.5
GRAD_002655,2022,24,Male,White,Top 100,Business,3.42,2,No,2,Manufacturing,Boston,Large,None,3.0,40.0,2,88975,110041,5.3
GRAD_002656,2020,23,Other,Asian,Regional,Marketing,3.28,1,No,1,Non-profit,New York,Medium,None,2.0,40.0,4,63459,79637,6.2
GRAD_002657,2021,23,Male,White,Top 100,Business,3.34,4,No,4,Government,Los Angeles,Small,MBA,2.0,40.0,3,83083,130864,5.0
GRAD_002658,2015,21,Male,White,Top 10,Communications,3.36,2,No,5,Retail,Phoenix,Large,Masters,5.0,80.0,9,55138,111053,6.1
GRAD_002659,2015,24,Male,White,Regional,Economics,3.1,2,No,0,Education,Chicago,Large,Masters,2.0,20.0,9,63579,110719,6.9
GRAD_002660,2017,23,Female,White,Regional,Finance,3.16,3,No,1,Consulting,Dallas,Medium,PhD,1.0,40.0,7,106234,167261,7.5
GRAD_002661,2018,22,Male,White,Regional,Engineering,3.97,1,No,0,Energy,Boston,Small,None,2.0,0.0,6,140012,195152,6.6
GRAD_002662,2017,24,Female,Black,Top 100,Economics,3.57,1,No,2,Transportation,Portland,Large,JD,0.0,20.0,7,78874,138497,6.3
GRAD_002663,2021,22,Female,White,Regional,Business,3.21,1,Yes,2,Non-profit,Los Angeles,Small,None,3.0,60.0,3,63316,78474,4.6
GRAD_002664,2018,24,Female,Asian,Top 50,Biology,3.34,2,No,0,Manufacturing,Los Angeles,Medium,None,3.0,40.0,6,83637,122588,7.3
GRAD_002665,2022,21,Male,Asian,Regional,Business,3.18,1,Yes,6,Transportation,Atlanta,Large,None,1.0,80.0,2,58424,66663,3.5
GRAD_002666,2020,22,Male,White,Regional,Business,3.36,1,No,0,Transportation,Dallas,Large,None,2.0,100.0,4,73592,96213,8.0
GRAD_002667,2018,21,Female,White,Regional,Data Science,3.36,1,No,1,Media,Philadelphia,Large,JD,3.0,80.0,6,76303,143195,9.2
GRAD_002668,2023,20,Male,White,Top 50,Engineering,3.08,0,Yes,2,Technology,Dallas,Medium,None,1.0,20.0,1,131998,142339,3.5
GRAD_002669,2022,21,Male,Hispanic,Top 50,Finance,3.43,2,No,0,Non-profit,Chicago,Medium,None,3.0,40.0,2,79716,97306,5.4
GRAD_002670,2022,22,Female,White,Regional,Liberal Arts,3.37,1,No,0,Consulting,Denver,Small,PhD,6.0,20.0,2,65663,101723,9.5
GRAD_002671,2021,23,Female,White,Regional,Economics,3.11,1,No,0,Media,Washington DC,Small,None,5.0,60.0,3,71858,88738,6.1
GRAD_002672,2020,21,Male,Black,Top 50,Computer Science,3.59,2,No,0,Consulting,Washington DC,Large,None,2.0,80.0,4,138441,163977,5.5
GRAD_002673,2018,23,Female,Hispanic,Top 50,Computer Science,3.08,1,No,0,Real Estate,Portland,Small,None,0.0,40.0,6,106350,137005,6.5
GRAD_002674,2019,22,Female,White,Top 100,Political Science,2.96,1,No,0,Healthcare,Washington DC,Startup,Masters,3.0,80.0,5,72665,117725,5.8
GRAD_002675,2021,21,Male,Asian,Regional,Marketing,3.58,2,No,1,Finance,Boston,Large,Masters,3.0,40.0,3,112571,161739,7.8
GRAD_002676,2017,23,Male,White,Top 100,Engineering,2.97,1,No,0,Consulting,Dallas,Small,None,2.0,20.0,7,113270,150118,9.0
GRAD_002677,2022,21,Male,White,Regional,Business,3.49,2,No,0,Retail,Atlanta,Large,None,1.0,0.0,2,62720,72322,5.7
GRAD_002678,2023,25,Other,White,Regional,Computer Science,3.93,0,No,1,Consulting,Denver,Medium,MBA,1.0,40.0,1,126042,169079,6.7
GRAD_002679,2016,23,Female,White,Top 100,Communications,3.68,1,No,1,Media,Portland,Small,Masters,0.0,,8,54256,84066,6.2
GRAD_002680,2015,20,Male,Other,Top 100,Economics,3.12,1,No,2,Retail,Boston,Medium,None,2.0,0.0,9,79108,121946,5.0
GRAD_002681,2016,22,Female,White,Regional,Data Science,3.07,1,Yes,2,Consulting,Seattle,Large,JD,1.0,20.0,8,124141,202293,7.6
GRAD_002682,2022,21,Female,White,Top 100,Communications,3.63,1,No,1,Finance,Denver,Small,PhD,4.0,100.0,2,81857,116993,3.3
GRAD_002683,2016,20,Female,White,Regional,Communications,3.38,3,No,1,Manufacturing,Seattle,Large,None,3.0,20.0,8,80395,106898,7.9
GRAD_002684,2018,24,Male,White,Regional,Biology,2.73,1,No,0,Non-profit,Los Angeles,Fortune 500,None,1.0,40.0,6,53825,75303,7.0
GRAD_002685,2015,24,Male,White,Regional,Engineering,3.53,2,Yes,0,Real Estate,Miami,Medium,Masters,2.0,60.0,9,82877,174295,10.0
GRAD_002686,2019,21,Male,White,Top 10,Chemistry,3.22,3,Yes,1,Transportation,Phoenix,Startup,None,1.0,20.0,5,86247,115976,5.4
GRAD_002687,2020,23,Male,Asian,Regional,Computer Science,3.34,2,Yes,0,Non-profit,Portland,Startup,None,1.0,,4,71871,93717,4.9
GRAD_002688,2021,23,Female,White,Regional,Data Science,3.36,2,No,0,Finance,San Francisco,Small,Masters,0.0,60.0,3,183279,224553,3.3
GRAD_002689,2020,22,Male,Other,Top 100,Engineering,3.41,2,,2,Technology,Phoenix,Fortune 500,None,3.0,0.0,4,96709,133506,9.8
GRAD_002690,2023,23,Male,White,Top 100,Chemistry,4.0,3,No,0,Energy,New York,Large,Masters,3.0,0.0,1,125952,158373,7.0
GRAD_002691,2020,22,Female,White,Top 100,Business,3.84,3,No,2,Consulting,Washington DC,Large,None,3.0,40.0,4,109493,137034,7.0
GRAD_002692,2022,24,Male,White,Top 10,Communications,2.79,5,No,0,Healthcare,Phoenix,Large,Masters,3.0,0.0,2,85316,117625,5.7
GRAD_002693,2023,20,Male,White,Top 100,Computer Science,3.47,4,No,0,Technology,San Francisco,Medium,None,3.0,20.0,1,193634,212490,6.6
GRAD_002694,2017,22,Female,Asian,Top 10,Finance,2.75,0,No,1,Real Estate,Chicago,Small,None,0.0,40.0,7,98930,125060,5.5
GRAD_002695,2017,22,Female,Asian,Top 50,Economics,3.77,1,No,1,Consulting,Los Angeles,Large,None,,40.0,7,118848,148935,5.6
GRAD_002696,2020,20,Male,Hispanic,Top 100,Engineering,3.7,4,No,1,Education,Miami,Fortune 500,MBA,1.0,80.0,4,94528,154159,8.5
GRAD_002697,2017,20,Female,Asian,Regional,Business,3.05,4,No,1,Retail,Dallas,Medium,MBA,0.0,80.0,7,65608,117598,6.4
GRAD_002698,2020,20,Male,White,Regional,Finance,3.25,0,No,0,Education,Denver,Medium,None,2.0,40.0,4,68418,88742,4.2
GRAD_002699,2021,22,Male,White,Regional,Liberal Arts,3.61,2,No,1,Transportation,Boston,Large,None,0.0,40.0,3,64067,76830,4.3
GRAD_002700,2015,21,Male,White,Regional,Chemistry,3.24,1,No,1,Healthcare,Boston,Large,Masters,1.0,0.0,9,90163,178220,7.0
GRAD_002701,2021,20,Female,Black,Top 50,Computer Science,3.1,0,Yes,1,Real Estate,Denver,Large,None,2.0,80.0,3,115029,129611,3.8
GRAD_002702,2016,24,Female,White,Top 100,Engineering,3.32,7,No,1,Education,Portland,Startup,None,,60.0,8,84051,122388,6.9
GRAD_002703,2018,23,Male,Black,Top 100,Psychology,3.79,0,No,0,Non-profit,Dallas,Large,None,1.0,60.0,6,41718,58786,4.4
GRAD_002704,2021,21,Male,White,Regional,Liberal Arts,2.77,0,No,1,Healthcare,San Francisco,Medium,None,,20.0,3,87598,99660,5.0
GRAD_002705,2016,22,Male,Asian,Regional,Economics,3.0,1,No,0,Retail,Washington DC,Small,None,1.0,0.0,8,65649,112987,5.3
GRAD_002706,2020,22,Female,White,Top 10,Mathematics,3.09,2,Yes,0,Retail,Dallas,Fortune 500,Masters,4.0,20.0,4,72345,107557,7.7
GRAD_002707,2020,20,Female,White,Top 100,Computer Science,3.95,2,No,3,Healthcare,Dallas,Medium,Masters,2.0,0.0,4,136277,190199,7.7
GRAD_002708,2016,22,Male,White,Regional,Engineering,3.77,3,Yes,2,Transportation,Philadelphia,Small,None,2.0,0.0,8,92765,145711,9.6
GRAD_002709,2018,24,Male,White,Top 10,Psychology,2.99,0,No,0,Finance,Dallas,Medium,Masters,1.0,20.0,6,99623,153912,8.6
GRAD_002710,2020,24,Male,Hispanic,Top 100,Business,3.27,3,No,1,Manufacturing,San Francisco,Large,Masters,0.0,100.0,4,117306,160953,7.5
GRAD_002711,2019,22,Male,Asian,Regional,Chemistry,3.61,0,No,2,Finance,Miami,Medium,None,0.0,0.0,5,75508,98391,8.1
GRAD_002712,2021,21,Male,White,Top 10,Biology,3.59,2,Yes,1,Energy,Phoenix,Large,PhD,4.0,100.0,3,76259,119794,6.7
GRAD_002713,2022,23,Female,Hispanic,Top 50,Engineering,3.35,1,Yes,0,Consulting,Portland,Large,MD,3.0,60.0,2,118015,193940,6.4
GRAD_002714,2016,22,Male,White,Top 50,Engineering,3.31,3,No,0,Real Estate,Philadelphia,Medium,Masters,2.0,0.0,8,105399,181701,8.6
GRAD_002715,2015,22,Female,White,Top 100,Engineering,3.99,3,No,2,Energy,Portland,Small,None,3.0,100.0,9,133562,238313,5.5
GRAD_002716,2021,25,Male,Asian,Top 100,Marketing,3.25,0,No,1,Government,Phoenix,Small,None,2.0,80.0,3,65631,78851,7.9
GRAD_002717,2022,21,Male,Asian,Regional,Computer Science,2.74,2,No,3,Manufacturing,Boston,Large,None,3.0,0.0,2,107560,124586,7.2
GRAD_002718,2019,23,Male,White,Regional,Marketing,3.36,0,Yes,4,Transportation,Atlanta,Medium,None,1.0,60.0,5,52544,76204,5.7
GRAD_002719,2019,22,Male,White,Regional,Business,3.41,0,No,1,Manufacturing,Portland,Medium,MBA,2.0,0.0,5,69459,118411,9.2
GRAD_002720,2020,22,Male,White,Regional,Liberal Arts,3.26,1,No,2,Transportation,Portland,Large,None,1.0,60.0,4,62126,76745,3.5
GRAD_002721,2020,20,Female,White,Regional,Marketing,2.86,1,Yes,0,Media,Portland,Medium,None,2.0,60.0,4,65896,82001,6.7
GRAD_002722,2019,24,Female,Black,Top 50,Mathematics,3.43,1,Yes,0,Non-profit,Atlanta,Fortune 500,MBA,4.0,100.0,5,64621,102771,7.1
GRAD_002723,2022,23,Male,White,Top 100,Business,2.96,1,Yes,0,Energy,Seattle,Large,MD,6.0,0.0,2,123444,217781,5.2
GRAD_002724,2017,22,Male,White,Regional,Economics,3.3,0,No,1,Non-profit,Philadelphia,Small,PhD,3.0,20.0,7,53401,107286,9.9
GRAD_002725,2021,24,Male,White,Top 10,Business,3.13,0,No,2,Energy,Boston,Medium,None,0.0,0.0,3,139217,163422,9.4
GRAD_002726,2021,23,Male,White,Top 100,Business,3.65,1,Yes,1,Media,Denver,Startup,None,2.0,100.0,3,74069,96268,4.5
GRAD_002727,2023,20,Male,Black,Regional,Liberal Arts,2.75,1,No,2,Media,Portland,Medium,MBA,2.0,80.0,1,56923,81603,5.8
GRAD_002728,2023,21,Male,Asian,Top 100,Political Science,2.89,2,,2,Healthcare,Seattle,Fortune 500,None,,0.0,1,81471,96050,5.7
GRAD_002729,2020,22,Male,Black,Regional,Computer Science,3.32,4,No,0,Media,Boston,Small,None,2.0,0.0,4,98524,116988,5.9
GRAD_002730,2019,20,Female,White,Regional,Mathematics,3.3,0,No,1,Finance,Dallas,Startup,None,2.0,60.0,5,94640,112479,6.9
GRAD_002731,2020,24,Female,White,Top 100,Engineering,3.22,1,No,0,Non-profit,San Francisco,Large,None,2.0,0.0,4,101874,124463,8.8
GRAD_002732,2021,22,Female,White,Top 100,Liberal Arts,3.42,1,No,3,Non-profit,Miami,Small,None,0.0,0.0,3,41603,46892,5.9
GRAD_002733,2015,22,Male,White,Regional,Business,3.36,3,No,2,Transportation,Boston,Medium,None,2.0,80.0,9,89259,157148,5.3
GRAD_002734,2017,21,Female,Other,Top 100,Business,3.61,2,No,1,Real Estate,Atlanta,Medium,None,1.0,0.0,7,71760,109528,7.7
GRAD_002735,2023,23,Male,White,Regional,Chemistry,3.35,2,No,0,Transportation,Phoenix,Small,Masters,2.0,40.0,1,51748,67667,5.3
GRAD_002736,2017,22,Female,White,Regional,Business,3.91,2,Yes,0,Government,San Francisco,Large,PhD,5.0,100.0,7,123846,238049,6.1
GRAD_002737,2017,22,Male,White,Top 50,Mathematics,2.92,1,Yes,0,Government,Dallas,Small,Masters,1.0,0.0,7,86281,151566,5.4
GRAD_002738,2023,24,Male,Asian,Regional,Political Science,3.87,3,No,1,Energy,Chicago,Large,None,5.0,80.0,1,89945,109342,8.6
GRAD_002739,2018,24,Female,White,Top 50,Engineering,3.31,3,No,0,Consulting,San Francisco,Startup,PhD,3.0,20.0,6,154594,225037,5.0
GRAD_002740,2018,23,Female,White,Regional,Political Science,2.66,1,,1,Transportation,Atlanta,Medium,None,1.0,0.0,6,47124,70326,7.0
GRAD_002741,2023,22,Female,Hispanic,Top 100,Data Science,2.46,1,No,0,Energy,Miami,Medium,Masters,2.0,60.0,1,109918,129517,7.4
GRAD_002742,2018,21,Male,Black,Regional,Communications,3.1,3,No,0,Manufacturing,Washington DC,Large,None,1.0,60.0,6,66677,97047,3.9
GRAD_002743,2019,22,Male,Hispanic,Top 50,Data Science,3.54,1,No,0,Education,Atlanta,Startup,None,,0.0,5,70840,88663,6.0
GRAD_002744,2020,21,Male,Hispanic,Top 100,Business,3.62,4,No,0,Finance,Austin,Medium,None,1.0,80.0,4,115484,145552,7.9
GRAD_002745,2022,23,Male,Hispanic,Top 50,Chemistry,2.99,1,No,0,Consulting,Los Angeles,Medium,Masters,1.0,20.0,2,112509,146830,8.7
GRAD_002746,2015,22,Female,Hispanic,Top 50,Liberal Arts,3.08,2,No,2,Energy,Phoenix,Large,Masters,1.0,0.0,9,74923,146426,7.3
GRAD_002747,2017,22,Male,Hispanic,Top 50,Finance,3.72,1,No,1,Finance,Atlanta,Medium,Masters,,40.0,7,129754,239748,4.5
GRAD_002748,2020,24,Female,White,Top 100,Biology,2.75,3,No,0,Manufacturing,Denver,Small,MBA,0.0,0.0,4,82634,122588,6.4
GRAD_002749,2019,24,Male,White,Top 100,Biology,3.03,0,Yes,0,Non-profit,Washington DC,Large,None,3.0,60.0,5,61952,87555,5.2
GRAD_002750,2018,21,Male,White,Top 50,Finance,3.53,2,Yes,1,Non-profit,Phoenix,Large,MBA,4.0,40.0,6,68210,125957,10.0
GRAD_002751,2019,22,Female,Asian,Regional,Engineering,3.03,5,No,1,Media,Philadelphia,Small,PhD,3.0,60.0,5,83654,118856,5.7
GRAD_002752,2023,21,Male,White,Top 50,Data Science,3.42,2,No,4,Transportation,Portland,Small,None,2.0,20.0,1,116350,128591,6.6
GRAD_002753,2015,23,Female,White,Top 100,Business,3.2,1,No,0,Real Estate,Philadelphia,Medium,PhD,2.0,80.0,9,77673,158338,5.3
GRAD_002754,2016,25,Male,White,Regional,Economics,3.09,3,,1,Education,New York,Large,MBA,1.0,60.0,8,95247,165780,9.7
GRAD_002755,2015,21,Male,White,Top 10,Biology,2.96,0,No,1,Energy,Philadelphia,Small,MBA,1.0,20.0,9,77842,143759,5.8
GRAD_002756,2020,23,Male,Asian,Regional,Engineering,3.11,2,No,0,Real Estate,Austin,Large,Masters,3.0,40.0,4,117087,184220,7.1
GRAD_002757,2015,24,Male,White,Top 100,Economics,4.0,2,No,1,Transportation,New York,Large,None,4.0,20.0,9,104230,188612,5.6
GRAD_002758,2019,22,Female,Hispanic,Top 100,Economics,3.08,2,No,1,Non-profit,Miami,Fortune 500,None,1.0,40.0,5,58346,79492,7.0
GRAD_002759,2022,23,Female,Other,Top 100,Computer Science,3.37,3,Yes,2,Finance,Chicago,Large,None,0.0,,2,155772,159878,6.7
GRAD_002760,2016,25,Male,White,Regional,Biology,3.45,2,Yes,0,Non-profit,Miami,Small,PhD,0.0,60.0,8,44385,86237,6.2
GRAD_002761,2018,21,Male,White,Top 50,Chemistry,4.0,0,Yes,2,Finance,Portland,Medium,None,2.0,40.0,6,117047,146240,9.0
GRAD_002762,2018,20,Female,White,Regional,Business,3.84,3,No,0,Retail,Washington DC,Medium,MBA,1.0,20.0,6,77129,113205,5.1
GRAD_002763,2018,20,Female,Asian,Regional,Engineering,2.71,1,Yes,1,Energy,Seattle,Small,None,2.0,60.0,6,128702,181290,8.7
GRAD_002764,2021,23,Male,Black,Top 100,Finance,3.51,3,No,1,Manufacturing,Seattle,Small,Masters,2.0,60.0,3,122457,173825,6.3
GRAD_002765,2015,20,Male,White,Top 100,Business,3.58,2,,1,Finance,Denver,Medium,None,3.0,40.0,9,103000,193183,7.1
GRAD_002766,2022,23,Female,Other,Top 50,Business,3.74,3,No,1,Retail,Miami,Large,None,1.0,0.0,2,71758,79392,3.8
GRAD_002767,2022,24,Female,White,Regional,Communications,2.78,1,Yes,0,Real Estate,Boston,Medium,None,,0.0,2,64823,72285,4.5
GRAD_002768,2019,21,Female,White,Regional,Communications,3.28,1,No,2,Healthcare,Boston,Medium,MBA,2.0,0.0,5,85269,130368,9.2
GRAD_002769,2023,21,Female,Black,Top 100,Finance,3.17,1,Yes,1,Manufacturing,Chicago,Small,None,0.0,0.0,1,95651,95534,4.9
GRAD_002770,2019,23,Male,Asian,Regional,Political Science,3.45,2,No,0,Real Estate,Atlanta,Medium,None,4.0,0.0,5,68129,99320,5.2
GRAD_002771,2021,22,Male,White,Top 10,Engineering,3.16,2,No,2,Transportation,Atlanta,Medium,MD,2.0,,3,110074,188807,6.9
GRAD_002772,2019,20,Male,Hispanic,Top 100,Mathematics,3.18,1,No,1,Real Estate,Dallas,Small,None,0.0,0.0,5,76285,104976,4.2
GRAD_002773,2015,24,Male,Asian,Top 50,Engineering,2.81,3,Yes,0,Education,Seattle,Fortune 500,None,1.0,80.0,9,116079,213108,8.0
GRAD_002774,2016,23,Female,Asian,Top 50,Communications,3.56,0,Yes,3,Finance,Seattle,Medium,None,3.0,40.0,8,87323,122105,5.9
GRAD_002775,2019,21,Male,White,Regional,Psychology,3.25,3,Yes,0,Media,Miami,Fortune 500,None,3.0,80.0,5,56787,77290,5.3
GRAD_002776,2023,21,Male,Black,Regional,Economics,3.2,3,No,0,Retail,Dallas,Fortune 500,MBA,1.0,40.0,1,66445,91839,6.5
GRAD_002777,2017,23,Female,Hispanic,Regional,Economics,3.19,4,No,0,Media,Austin,Large,None,3.0,80.0,7,73448,117498,8.2
GRAD_002778,2023,22,Male,Other,Top 100,Business,3.16,2,Yes,0,Technology,Seattle,Small,None,2.0,40.0,1,143160,157946,8.2
GRAD_002779,2023,22,Female,White,Regional,Mathematics,3.62,1,No,1,Transportation,Miami,Small,None,4.0,20.0,1,63119,76740,5.0
GRAD_002780,2019,22,Female,White,Regional,Engineering,3.48,1,No,2,Consulting,Miami,Large,None,2.0,40.0,5,98785,132675,6.0
GRAD_002781,2019,21,Male,Asian,Top 50,Business,2.59,0,No,2,Real Estate,Austin,Large,Masters,0.0,0.0,5,93280,143115,10.0
GRAD_002782,2020,21,Male,White,Top 50,Computer Science,2.78,0,No,2,Transportation,Chicago,Medium,None,1.0,40.0,4,122179,155157,8.0
GRAD_002783,2022,22,Male,White,Regional,Economics,2.65,3,No,0,Government,San Francisco,Medium,None,1.0,20.0,2,103832,114085,5.0
GRAD_002784,2016,21,Female,White,Top 50,Economics,2.45,5,No,2,Real Estate,Austin,Medium,None,2.0,80.0,8,90307,129235,8.2
GRAD_002785,2018,22,Female,Black,Regional,Chemistry,3.7,2,No,2,Manufacturing,Washington DC,Startup,MBA,2.0,0.0,6,85165,137001,7.8
GRAD_002786,2017,23,Male,White,Regional,Business,3.54,4,No,0,Technology,Philadelphia,Large,None,2.0,40.0,7,96805,139025,4.7
GRAD_002787,2022,25,Male,Other,Regional,Computer Science,3.84,2,No,1,Media,Seattle,Large,None,2.0,0.0,2,125101,146699,6.1
GRAD_002788,2015,21,Male,White,Top 100,Engineering,3.18,4,No,1,Education,Austin,Medium,None,1.0,60.0,9,80424,127497,5.9
GRAD_002789,2021,23,Male,Asian,Regional,Liberal Arts,3.63,0,No,0,Energy,Washington DC,Small,None,2.0,80.0,3,68091,88509,8.1
GRAD_002790,2019,24,Male,White,Top 50,Economics,3.48,1,No,1,Energy,Philadelphia,Large,MBA,4.0,20.0,5,98601,168821,7.7
GRAD_002791,2021,23,Female,Hispanic,Top 50,Communications,2.61,1,No,2,Non-profit,Miami,Small,None,2.0,20.0,3,42730,51677,6.2
GRAD_002792,2023,21,Female,Other,Top 100,Political Science,3.69,0,No,1,Retail,Portland,Large,Masters,3.0,40.0,1,60749,78189,8.2
GRAD_002793,2018,22,Male,White,Regional,Psychology,3.13,1,No,0,Transportation,Philadelphia,Large,Masters,2.0,60.0,6,53982,87176,6.5
GRAD_002794,2017,24,Female,White,Top 10,Data Science,3.45,1,Yes,3,Finance,New York,Small,MBA,3.0,20.0,7,197347,359044,8.8
GRAD_002795,2021,22,Female,White,Top 50,Liberal Arts,3.13,4,No,1,Education,Austin,Large,None,6.0,40.0,3,57811,83458,6.5
GRAD_002796,2023,22,Female,White,Top 100,Finance,2.76,2,Yes,0,Energy,Boston,Large,None,2.0,100.0,1,138023,144045,6.7
GRAD_002797,2021,21,Male,White,Top 10,Business,3.41,4,Yes,1,Media,Los Angeles,Medium,MBA,1.0,20.0,3,100852,150323,8.2
GRAD_002798,2022,23,Male,White,Top 100,Business,3.86,1,No,0,Education,Boston,Medium,None,2.0,0.0,2,69671,82756,8.9
GRAD_002799,2021,20,Male,Hispanic,Regional,Computer Science,2.87,0,No,1,Education,Phoenix,Large,None,4.0,40.0,3,77660,101273,5.7
GRAD_002800,2018,21,Female,Asian,Regional,Business,3.37,1,No,1,Retail,Atlanta,Fortune 500,Masters,2.0,0.0,6,49777,71865,8.5
GRAD_002801,2021,21,Male,White,Top 100,Business,3.74,0,No,0,Non-profit,Chicago,Startup,MBA,3.0,80.0,3,65650,103589,8.6
GRAD_002802,2016,24,Female,White,Top 100,Computer Science,2.41,4,No,0,Healthcare,San Francisco,Large,Masters,2.0,20.0,8,167881,278950,8.4
GRAD_002803,2019,22,Female,White,Top 100,Business,2.95,0,No,0,Government,New York,Medium,None,4.0,60.0,5,92778,133169,5.0
GRAD_002804,2020,22,Male,White,Top 100,Biology,3.3,0,No,0,Healthcare,San Francisco,Medium,Masters,2.0,40.0,4,82528,130274,6.5
GRAD_002805,2023,22,Male,White,Top 100,Communications,3.14,2,No,1,Energy,New York,Large,None,2.0,40.0,1,106485,117260,5.5
GRAD_002806,2023,20,Male,White,Top 100,Engineering,3.07,3,No,1,Real Estate,Portland,Large,MBA,2.0,80.0,1,89915,123498,6.9
GRAD_002807,2015,24,Male,White,Top 100,Biology,2.87,3,No,0,Healthcare,Phoenix,Small,PhD,4.0,0.0,9,67246,127244,8.2
GRAD_002808,2021,21,Female,Hispanic,Regional,Engineering,3.33,0,Yes,1,Energy,Denver,Medium,None,2.0,40.0,3,113807,135371,6.3
GRAD_002809,2022,23,Female,Asian,Regional,Psychology,2.98,1,No,1,Manufacturing,Denver,Startup,None,4.0,40.0,2,68121,85827,4.4
GRAD_002810,2020,21,Female,White,Top 50,Psychology,2.86,0,Yes,2,Education,Chicago,Large,None,1.0,60.0,4,63233,72803,6.9
GRAD_002811,2016,22,Male,White,Top 50,Business,2.88,0,No,3,Education,Atlanta,Fortune 500,MBA,0.0,0.0,8,52457,109618,8.1
GRAD_002812,2017,21,Female,White,Top 50,Marketing,3.73,1,No,0,Finance,Washington DC,Fortune 500,JD,0.0,0.0,7,123175,204796,7.8
GRAD_002813,2018,22,Male,Asian,Regional,Engineering,3.01,0,Yes,2,Manufacturing,Phoenix,Startup,None,1.0,0.0,6,86529,129682,7.1
GRAD_002814,2021,24,Female,Hispanic,Top 100,Psychology,3.46,1,No,0,Energy,Los Angeles,Fortune 500,None,3.0,40.0,3,90485,105703,7.3
GRAD_002815,2015,22,Male,White,Top 50,Economics,3.09,3,Yes,3,Technology,Seattle,Medium,None,0.0,80.0,9,166289,270940,9.8
GRAD_002816,2020,23,Female,White,Top 100,Communications,2.72,1,No,0,Media,Washington DC,Large,None,3.0,20.0,4,70180,93690,6.7
GRAD_002817,2016,22,Female,White,Regional,Liberal Arts,3.02,0,No,0,Education,New York,Medium,Masters,3.0,20.0,8,61349,114608,10.0
GRAD_002818,2019,24,Male,White,Top 100,Data Science,3.1,0,No,0,Government,Miami,Large,MD,2.0,0.0,5,82810,159923,7.5
GRAD_002819,2019,21,Female,Asian,Regional,Data Science,3.32,3,Yes,2,Transportation,Denver,Medium,None,3.0,40.0,5,105855,137323,5.4
GRAD_002820,2019,22,Female,White,Top 10,Engineering,3.35,1,No,0,Consulting,Boston,Small,None,3.0,20.0,5,140577,183326,7.4
GRAD_002821,2021,22,Male,Black,Top 100,Chemistry,2.87,1,Yes,1,Media,Phoenix,Fortune 500,None,0.0,0.0,3,48434,59108,6.2
GRAD_002822,2016,21,Male,White,Regional,Liberal Arts,3.77,2,No,2,Media,Philadelphia,Fortune 500,None,1.0,40.0,8,53270,84182,3.9
GRAD_002823,2017,22,Female,Hispanic,Regional,Finance,3.8,3,Yes,0,Education,Seattle,Startup,None,3.0,40.0,7,85004,108424,8.7
GRAD_002824,2021,22,Female,White,Top 50,Finance,3.32,0,No,1,Manufacturing,Portland,Medium,None,1.0,60.0,3,110512,133211,8.2
GRAD_002825,2023,22,Male,Hispanic,Regional,Mathematics,3.41,1,,3,Healthcare,San Francisco,Large,None,2.0,20.0,1,128028,140489,8.6
GRAD_002826,2021,22,Female,Asian,Top 50,Psychology,3.01,1,No,1,Government,Miami,Small,MBA,2.0,0.0,3,56858,87736,5.3
GRAD_002827,2023,21,Male,White,Regional,Computer Science,2.76,1,No,2,Education,New York,Fortune 500,None,3.0,40.0,1,92769,104915,8.6
GRAD_002828,2023,20,Female,Hispanic,Top 10,Engineering,3.28,1,Yes,1,Government,Philadelphia,Medium,None,0.0,60.0,1,112380,111787,8.6
GRAD_002829,2023,22,Female,White,Top 100,Economics,3.16,2,No,2,Media,Atlanta,Medium,None,2.0,0.0,1,80597,86176,7.3
GRAD_002830,2023,21,Male,White,Top 100,Psychology,3.86,2,No,2,Retail,Austin,Fortune 500,None,,40.0,1,71909,82572,3.6
GRAD_002831,2022,22,Female,White,Regional,Psychology,4.0,1,,2,Transportation,Denver,Medium,None,,100.0,2,72785,80705,6.3
GRAD_002832,2023,21,Male,White,Regional,Communications,3.01,2,No,0,Technology,Los Angeles,Small,None,1.0,60.0,1,90994,98424,7.0
GRAD_002833,2019,20,Female,White,Top 100,Communications,3.34,2,No,1,Media,Austin,Small,None,,0.0,5,70813,90785,5.8
GRAD_002834,2018,23,Female,Asian,Regional,Computer Science,3.6,1,No,0,Healthcare,Chicago,Large,None,4.0,0.0,6,106200,131579,7.2
GRAD_002835,2023,23,Female,White,Top 50,Economics,3.46,3,No,3,Real Estate,Dallas,Small,Masters,0.0,20.0,1,91459,104954,8.9
GRAD_002836,2016,24,Female,Asian,Top 100,Data Science,3.44,1,No,0,Media,Phoenix,Fortune 500,MBA,3.0,40.0,8,82277,144143,6.7
GRAD_002837,2023,21,Female,White,Regional,Political Science,3.75,0,Yes,2,Government,Portland,Fortune 500,Masters,5.0,0.0,1,70669,97008,5.3
GRAD_002838,2019,22,Female,Hispanic,Regional,Business,3.79,2,Yes,0,Real Estate,Los Angeles,Small,None,2.0,60.0,5,100027,131754,7.1
GRAD_002839,2015,23,Female,Asian,Top 100,Data Science,3.42,0,No,3,Non-profit,Los Angeles,Large,Masters,0.0,,9,79756,140977,7.2
GRAD_002840,2022,24,Female,White,Top 100,Marketing,4.0,1,No,0,Government,San Francisco,Small,None,1.0,20.0,2,87828,97624,5.5
GRAD_002841,2019,20,Female,White,Top 50,Engineering,3.6,2,No,0,Healthcare,Philadelphia,Small,None,2.0,80.0,5,102835,136241,5.9
GRAD_002842,2022,20,Male,White,Top 100,Economics,3.05,2,Yes,1,Education,Denver,Startup,Masters,7.0,80.0,2,67417,106477,10.0
GRAD_002843,2015,24,Male,Black,Top 50,Business,3.64,0,No,1,Finance,Miami,Startup,None,1.0,0.0,9,111547,195721,7.5
GRAD_002844,2023,20,Female,White,Regional,Communications,3.05,1,,2,Non-profit,Portland,Large,None,2.0,40.0,1,49616,53670,8.8
GRAD_002845,2021,23,Male,Hispanic,Regional,Communications,3.35,1,Yes,3,Manufacturing,Dallas,Large,None,0.0,60.0,3,62436,76394,7.0
GRAD_002846,2015,24,Male,Hispanic,Top 10,Marketing,3.59,0,Yes,0,Government,Miami,Medium,None,2.0,80.0,9,74341,108402,7.4
GRAD_002847,2015,23,Female,Asian,Regional,Data Science,3.08,1,No,0,Real Estate,Seattle,Large,None,0.0,,9,106000,182467,7.3
GRAD_002848,2020,20,Female,Hispanic,Regional,Computer Science,3.58,1,Yes,1,Energy,Phoenix,Fortune 500,None,2.0,40.0,4,114541,130510,6.8
GRAD_002849,2023,21,Male,White,Top 10,Engineering,3.38,1,No,0,Media,Washington DC,Large,None,2.0,80.0,1,132817,143516,6.5
GRAD_002850,2020,22,Female,Black,Top 100,Computer Science,2.89,0,,2,Finance,Boston,Medium,None,2.0,40.0,4,148027,171129,8.0
GRAD_002851,2018,25,Male,Asian,Regional,Engineering,2.68,0,No,2,Transportation,Phoenix,Medium,Masters,2.0,20.0,6,78077,122626,5.9
GRAD_002852,2023,25,Male,White,Top 100,Business,2.69,2,Yes,1,Retail,Austin,Large,MBA,1.0,,1,67186,90647,8.4
GRAD_002853,2023,22,Female,Asian,Top 100,Economics,3.19,1,No,0,Energy,New York,Medium,MBA,2.0,0.0,1,143090,183377,7.1
GRAD_002854,2022,20,Female,White,Regional,Engineering,3.09,2,No,1,Healthcare,Seattle,Medium,None,2.0,60.0,2,114522,124641,8.9
GRAD_002855,2021,22,Female,White,Regional,Business,3.89,0,No,1,Manufacturing,Phoenix,Small,None,3.0,40.0,3,72238,82707,5.9
GRAD_002856,2015,22,Female,White,Regional,Psychology,3.23,0,Yes,2,Education,Austin,Medium,None,3.0,60.0,9,48790,76551,10.0
GRAD_002857,2018,22,Male,Black,Top 100,Psychology,3.07,1,No,0,Retail,New York,Fortune 500,None,4.0,60.0,6,63543,103623,8.3
GRAD_002858,2023,20,Female,Black,Top 50,Economics,3.37,0,Yes,4,Manufacturing,Portland,Small,Masters,2.0,20.0,1,81474,99071,6.6
GRAD_002859,2018,22,Male,White,Regional,Engineering,3.33,0,No,2,Manufacturing,Portland,Medium,Masters,0.0,60.0,6,101872,160374,6.5
GRAD_002860,2018,20,Female,White,Top 50,Liberal Arts,3.1,4,No,1,Government,Seattle,Large,None,4.0,40.0,6,76239,103761,6.6
GRAD_002861,2020,20,Male,White,Top 10,Mathematics,3.31,0,No,1,Consulting,New York,Small,MBA,1.0,60.0,4,170359,261650,9.7
GRAD_002862,2019,22,Female,Asian,Top 10,Data Science,3.21,2,Yes,1,Media,Washington DC,Fortune 500,None,1.0,60.0,5,126397,168539,6.1
GRAD_002863,2022,25,Female,Hispanic,Top 50,Biology,3.13,1,No,2,Manufacturing,Austin,Large,None,0.0,0.0,2,81521,86117,4.3
GRAD_002864,2016,21,Male,Hispanic,Regional,Communications,3.13,0,No,1,Retail,Atlanta,Large,Masters,0.0,40.0,8,51255,90140,2.8
GRAD_002865,2021,21,Male,Asian,Regional,Biology,3.49,1,No,1,Energy,Portland,Medium,None,0.0,80.0,3,75447,88734,6.3
GRAD_002866,2021,23,Female,Black,Regional,Business,3.08,3,Yes,2,Finance,Denver,Small,None,1.0,40.0,3,105646,121153,7.9
GRAD_002867,2023,24,Female,Asian,Top 50,Data Science,2.78,1,No,0,Healthcare,Portland,Fortune 500,None,3.0,40.0,1,118407,129681,7.3
GRAD_002868,2019,22,Female,White,Regional,Liberal Arts,3.25,2,No,3,Transportation,Phoenix,Large,None,2.0,40.0,5,45928,60578,5.0
GRAD_002869,2018,21,Male,White,Regional,Engineering,3.27,5,No,1,Energy,Atlanta,Fortune 500,None,4.0,0.0,6,88254,121616,5.9
GRAD_002870,2021,24,Female,White,Regional,Business,3.05,4,No,0,Healthcare,Portland,Small,MBA,1.0,40.0,3,82619,115681,9.6
GRAD_002871,2021,20,Female,Asian,Top 50,Computer Science,4.0,2,Yes,1,Finance,Los Angeles,Medium,None,2.0,80.0,3,158170,186912,8.2
GRAD_002872,2017,21,Male,Asian,Top 100,Biology,3.56,2,No,0,Transportation,Dallas,Medium,PhD,2.0,60.0,7,67806,128986,8.4
GRAD_002873,2016,23,Male,Asian,Regional,Political Science,3.22,2,Yes,1,Manufacturing,New York,Medium,None,2.0,20.0,8,75858,123980,9.3
GRAD_002874,2017,20,Male,White,Regional,Computer Science,3.04,2,No,0,Media,Dallas,Medium,JD,4.0,60.0,7,84728,159745,5.2
GRAD_002875,2017,23,Male,Asian,Regional,Economics,2.84,0,No,0,Finance,Los Angeles,Startup,None,3.0,60.0,7,118490,178106,6.6
GRAD_002876,2022,24,Female,White,Top 10,Engineering,2.89,2,No,1,Healthcare,Atlanta,Large,None,0.0,0.0,2,136956,146085,9.3
GRAD_002877,2020,25,Male,Black,Regional,Economics,3.2,2,No,1,Media,San Francisco,Medium,None,0.0,,4,98110,124692,8.4
GRAD_002878,2020,21,Female,Hispanic,Top 100,Computer Science,3.59,3,No,1,Manufacturing,Phoenix,Startup,None,2.0,80.0,4,108194,131284,9.8
GRAD_002879,2015,21,Female,Hispanic,Top 50,Business,3.6,1,Yes,2,Education,Phoenix,Medium,Masters,2.0,0.0,9,56010,103144,9.9
GRAD_002880,2023,23,Male,White,Regional,Economics,3.41,1,Yes,1,Government,Denver,Large,Masters,1.0,0.0,1,86045,105132,7.2
GRAD_002881,2022,21,Female,White,Top 10,Finance,3.54,2,Yes,1,Healthcare,Miami,Large,PhD,3.0,100.0,2,115375,152898,7.6
GRAD_002882,2019,22,Male,White,Top 50,Biology,3.39,3,No,1,Retail,San Francisco,Large,Masters,1.0,0.0,5,95953,148324,9.6
GRAD_002883,2015,22,Female,Hispanic,Top 100,Mathematics,3.5,0,No,0,Healthcare,Philadelphia,Small,None,1.0,100.0,9,82293,140862,8.3
GRAD_002884,2021,23,Female,Asian,Top 100,Engineering,3.28,2,No,1,Real Estate,Denver,Large,None,2.0,20.0,3,113126,124563,7.3
GRAD_002885,2020,20,Female,White,Top 100,Liberal Arts,3.04,0,No,1,Technology,Atlanta,Large,None,1.0,0.0,4,72277,80877,5.5
GRAD_002886,2021,20,Male,White,Top 100,Political Science,3.28,2,No,1,Real Estate,Atlanta,Medium,None,0.0,0.0,3,63008,69365,4.0
GRAD_002887,2021,20,Male,White,Regional,Liberal Arts,3.09,0,No,2,Consulting,Dallas,Fortune 500,None,2.0,40.0,3,60607,75165,6.2
GRAD_002888,2016,20,Male,Asian,Top 10,Computer Science,3.41,1,No,2,Education,Atlanta,Fortune 500,None,1.0,80.0,8,107093,170886,10.0
GRAD_002889,2018,20,Female,White,Regional,Engineering,2.93,1,Yes,0,Consulting,Atlanta,Small,MD,2.0,40.0,6,112927,213919,6.2
GRAD_002890,2015,22,Female,White,Regional,Biology,3.3,1,No,3,Manufacturing,Austin,Large,Masters,3.0,80.0,9,61683,118389,7.7
GRAD_002891,2023,22,Female,White,Top 50,Business,3.86,1,Yes,0,Energy,Miami,Medium,Masters,2.0,80.0,1,117617,139316,7.8
GRAD_002892,2022,20,Female,White,Regional,Engineering,4.0,0,No,1,Energy,Dallas,Medium,None,3.0,20.0,2,115673,132571,5.1
GRAD_002893,2023,21,Female,White,Top 50,Engineering,3.64,2,Yes,3,Non-profit,Seattle,Medium,None,0.0,0.0,1,87380,83583,6.4
GRAD_002894,2015,20,Male,Asian,Top 100,Business,3.73,1,Yes,3,Healthcare,Chicago,Startup,None,3.0,0.0,9,85850,123127,10.0
GRAD_002895,2020,22,Male,White,Regional,Business,3.0,2,Yes,1,Healthcare,Austin,Medium,None,4.0,40.0,4,81285,113730,4.9
GRAD_002896,2021,21,Male,Hispanic,Regional,Liberal Arts,3.1,0,,1,Media,Boston,Large,None,3.0,40.0,3,66603,86691,4.5
GRAD_002897,2016,24,Male,Hispanic,Top 100,Business,3.45,3,Yes,1,Education,Denver,Fortune 500,None,1.0,0.0,8,71333,98114,8.6
GRAD_002898,2022,22,Male,Other,Top 100,Economics,3.99,3,No,1,Retail,Portland,Large,MD,0.0,40.0,2,80015,136430,5.7
GRAD_002899,2021,21,Female,White,Top 100,Finance,3.83,3,No,0,Technology,Dallas,Small,JD,6.0,80.0,3,137661,218658,7.0
GRAD_002900,2023,22,Female,Black,Top 100,Economics,2.96,0,No,1,Real Estate,Austin,Medium,None,1.0,,1,96396,97698,6.1
GRAD_002901,2016,21,Male,Asian,Regional,Communications,3.37,0,No,1,Non-profit,Seattle,Small,None,2.0,60.0,8,49808,75746,5.8
GRAD_002902,2021,24,Female,Black,Top 100,Business,3.61,2,No,1,Energy,San Francisco,Small,None,1.0,40.0,3,121221,133029,7.0
GRAD_002903,2023,21,Male,White,Top 100,Data Science,3.8,0,,1,Manufacturing,Austin,Large,None,0.0,0.0,1,130483,135263,7.8
GRAD_002904,2021,23,Male,White,Top 50,Economics,3.22,0,No,1,Retail,Phoenix,Startup,None,2.0,20.0,3,69190,88448,6.6
GRAD_002905,2018,23,Male,White,Regional,Computer Science,3.26,0,Yes,1,Transportation,Atlanta,Large,None,3.0,0.0,6,98462,138355,6.8
GRAD_002906,2016,21,Male,White,Regional,Business,3.4,0,No,2,Finance,Portland,Medium,None,1.0,20.0,8,100166,131019,6.3
GRAD_002907,2023,20,Male,Black,Top 50,Biology,2.9,1,No,0,Non-profit,Philadelphia,Fortune 500,None,1.0,0.0,1,57617,64517,7.0
GRAD_002908,2015,21,Female,White,Top 50,Data Science,3.27,3,No,0,Manufacturing,Austin,Small,Masters,2.0,40.0,9,121623,231140,6.2
GRAD_002909,2023,23,Female,Asian,Top 100,Engineering,3.53,4,Yes,0,Education,Atlanta,Medium,Masters,,0.0,1,64365,76875,6.9
GRAD_002910,2018,20,Male,White,Regional,Data Science,3.18,0,No,2,Technology,Washington DC,Fortune 500,None,0.0,80.0,6,151047,200282,7.7
GRAD_002911,2022,22,Female,White,Top 100,Political Science,3.92,2,Yes,0,Manufacturing,Miami,Startup,Masters,3.0,40.0,2,59628,81794,6.8
GRAD_002912,2020,23,Male,Asian,Top 50,Data Science,3.48,1,No,0,Education,Philadelphia,Medium,None,3.0,60.0,4,91560,123559,7.9
GRAD_002913,2023,24,Female,White,Top 50,Communications,2.82,3,No,1,Government,Portland,Large,None,3.0,40.0,1,75743,81939,5.7
GRAD_002914,2019,23,Male,White,Top 50,Chemistry,3.1,0,No,1,Government,Denver,Large,None,1.0,100.0,5,77678,96512,6.9
GRAD_002915,2022,22,Male,Hispanic,Regional,Data Science,2.62,2,Yes,1,Energy,Phoenix,Medium,None,2.0,60.0,2,94316,108821,6.4
GRAD_002916,2017,22,Male,White,Top 100,Political Science,3.24,1,,0,Healthcare,Philadelphia,Large,None,5.0,,7,75460,129694,8.0
GRAD_002917,2019,20,Male,Asian,Top 100,Psychology,2.97,1,No,2,Consulting,Phoenix,Medium,PhD,3.0,20.0,5,72841,121259,9.5
GRAD_002918,2022,21,Female,Asian,Top 50,Communications,3.32,2,Yes,0,Retail,Los Angeles,Medium,None,1.0,,2,70445,76072,3.8
GRAD_002919,2016,20,Male,White,Regional,Data Science,3.22,1,Yes,1,Manufacturing,Atlanta,Large,None,1.0,60.0,8,92830,146961,6.9
GRAD_002920,2021,22,Male,White,Regional,Engineering,3.44,1,No,3,Energy,Denver,Small,None,0.0,0.0,3,96253,107229,6.5
GRAD_002921,2019,23,Male,White,Top 50,Computer Science,3.8,1,No,0,Government,Los Angeles,Large,None,1.0,,5,138491,164289,6.4
GRAD_002922,2020,22,Female,White,Top 10,Political Science,3.75,2,No,1,Finance,Portland,Large,Masters,2.0,,4,111405,148011,5.4
GRAD_002923,2020,22,Female,White,Regional,Liberal Arts,3.87,1,No,1,Media,Miami,Small,Masters,,80.0,4,59740,90192,4.8
GRAD_002924,2018,23,Female,White,Regional,Finance,3.26,1,No,1,Finance,Dallas,Startup,MD,4.0,40.0,6,107392,203670,4.3
GRAD_002925,2016,20,Female,White,Regional,Chemistry,3.2,1,Yes,0,Media,Austin,Medium,None,2.0,40.0,8,72023,124645,7.2
GRAD_002926,2015,22,Male,White,Top 100,Business,3.03,2,No,3,Media,Seattle,Medium,None,4.0,60.0,9,93443,153248,6.6
GRAD_002927,2019,22,Male,White,Regional,Liberal Arts,3.08,1,No,1,Real Estate,Phoenix,Fortune 500,Masters,0.0,0.0,5,61444,85374,5.8
GRAD_002928,2017,21,Male,Black,Regional,Data Science,3.45,1,Yes,1,Manufacturing,Los Angeles,Medium,None,4.0,0.0,7,95582,146114,9.3
GRAD_002929,2021,20,Female,Hispanic,Regional,Computer Science,2.84,3,Yes,0,Consulting,Los Angeles,Small,None,3.0,100.0,3,145946,180901,9.3
GRAD_002930,2021,20,Female,White,Top 100,Liberal Arts,3.17,1,No,2,Energy,Denver,Medium,None,3.0,0.0,3,67337,86732,3.3
GRAD_002931,2020,21,Female,White,Top 100,Computer Science,2.86,1,Yes,4,Transportation,Philadelphia,Fortune 500,None,5.0,20.0,4,92502,111308,7.5
GRAD_002932,2020,22,Male,Asian,Top 100,Computer Science,3.31,1,Yes,2,Finance,Dallas,Large,None,2.0,40.0,4,134073,158556,6.1
GRAD_002933,2020,22,Male,White,Regional,Engineering,2.94,4,No,1,Real Estate,Seattle,Large,Masters,2.0,60.0,4,114611,174276,6.8
GRAD_002934,2015,25,Female,White,Regional,Engineering,2.82,0,No,0,Transportation,Phoenix,Fortune 500,None,2.0,20.0,9,66903,92390,5.2
GRAD_002935,2022,23,Female,White,Regional,Data Science,3.26,2,No,1,Consulting,Dallas,Medium,None,1.0,,2,113161,123490,6.9
GRAD_002936,2015,22,Female,Asian,Top 50,Biology,2.76,1,Yes,1,Energy,Austin,Fortune 500,Masters,2.0,0.0,9,100532,167318,7.6
GRAD_002937,2019,22,Female,Hispanic,Top 100,Computer Science,3.39,4,No,2,Consulting,Philadelphia,Startup,None,2.0,0.0,5,147925,183006,5.6
GRAD_002938,2016,24,Male,White,Top 100,Data Science,3.12,1,No,1,Real Estate,Los Angeles,Medium,None,,20.0,8,103184,176016,7.4
GRAD_002939,2021,24,Female,White,Regional,Biology,3.34,2,No,2,Finance,Portland,Large,Masters,1.0,,3,79447,102318,7.2
GRAD_002940,2018,23,Male,White,Top 10,Economics,2.65,2,No,2,Technology,New York,Small,Masters,2.0,,6,155392,247558,9.8
GRAD_002941,2015,25,Female,Hispanic,Top 50,Biology,3.77,1,No,1,Media,Miami,Large,Masters,2.0,40.0,9,73146,143990,5.3
GRAD_002942,2015,21,Male,White,Regional,Computer Science,2.89,4,No,0,Retail,Denver,Medium,MBA,0.0,0.0,9,99282,164266,7.2
GRAD_002943,2017,22,Female,White,Top 50,Data Science,3.93,0,No,0,Education,San Francisco,Large,Masters,,60.0,7,125737,215361,9.9
GRAD_002944,2021,27,Male,Asian,Regional,Engineering,3.15,1,No,1,Energy,Austin,Small,Masters,2.0,,3,105213,140842,8.0
GRAD_002945,2021,23,Female,White,Regional,Psychology,3.76,1,No,1,Non-profit,Washington DC,Large,None,5.0,,3,58232,83546,8.5
GRAD_002946,2016,22,Female,White,Regional,Communications,3.63,1,No,1,Education,New York,Large,MBA,1.0,20.0,8,55685,114160,8.2
GRAD_002947,2016,22,Female,Black,Top 100,Psychology,3.14,1,No,3,Non-profit,Chicago,Medium,Masters,2.0,0.0,8,50687,90356,7.3
GRAD_002948,2020,22,Male,Asian,Regional,Economics,3.54,3,No,1,Retail,Boston,Small,None,3.0,0.0,4,83569,117810,7.8
GRAD_002949,2023,25,Female,Other,Regional,Chemistry,3.19,0,No,0,Non-profit,Philadelphia,Small,PhD,3.0,0.0,1,50912,71615,5.5
GRAD_002950,2020,23,Female,Hispanic,Regional,Computer Science,3.22,0,No,2,Healthcare,Washington DC,Fortune 500,PhD,,20.0,4,120573,159314,8.4
GRAD_002951,2021,22,Female,White,Top 50,Finance,3.56,1,No,0,Government,Austin,Startup,None,1.0,0.0,3,87905,102037,6.5
GRAD_002952,2020,20,Female,White,Regional,Mathematics,2.76,3,No,1,Real Estate,Seattle,Medium,Masters,5.0,0.0,4,111791,153035,5.6
GRAD_002953,2016,21,Male,White,Top 10,Computer Science,3.09,1,No,0,Media,Boston,Small,None,0.0,80.0,8,154953,198212,8.9
GRAD_002954,2023,22,Male,Hispanic,Top 10,Chemistry,3.46,1,,0,Consulting,Atlanta,Medium,None,3.0,40.0,1,91599,104328,8.2
GRAD_002955,2015,22,Male,Asian,Top 10,Political Science,3.62,1,Yes,0,Government,Miami,Fortune 500,None,3.0,80.0,9,76218,125660,6.7
GRAD_002956,2022,24,Female,White,Top 50,Communications,3.36,2,No,3,Media,Philadelphia,Medium,None,3.0,40.0,2,61421,72136,4.6
GRAD_002957,2023,22,Male,Other,Top 100,Marketing,3.06,2,No,2,Real Estate,Philadelphia,Medium,None,2.0,60.0,1,66054,75997,4.6
GRAD_002958,2018,23,Female,Hispanic,Regional,Engineering,3.47,1,No,1,Media,Chicago,Large,None,0.0,40.0,6,80514,111594,5.8
GRAD_002959,2017,20,Male,Black,Top 10,Computer Science,3.18,1,No,1,Non-profit,Washington DC,Small,MD,1.0,20.0,7,110998,220862,7.5
GRAD_002960,2020,21,Female,White,Regional,Marketing,4.0,1,Yes,1,Media,Dallas,Medium,Masters,3.0,,4,64906,90578,5.2
GRAD_002961,2022,23,Female,Asian,Top 100,Chemistry,3.36,1,No,0,Technology,San Francisco,Large,None,2.0,60.0,2,131380,140907,5.9
GRAD_002962,2023,25,Female,Other,Top 50,Marketing,2.72,0,Yes,0,Retail,Chicago,Medium,None,2.0,40.0,1,63975,68204,5.8
GRAD_002963,2021,22,Female,White,Top 100,Engineering,3.13,2,Yes,1,Retail,Phoenix,Large,None,1.0,20.0,3,72816,86173,5.7
GRAD_002964,2018,23,Male,White,Top 10,Data Science,2.99,1,No,1,Manufacturing,Phoenix,Small,Masters,0.0,40.0,6,96114,144657,8.2
GRAD_002965,2019,24,Female,White,Regional,Economics,2.81,1,No,1,Energy,Philadelphia,Medium,None,2.0,60.0,5,97106,132333,7.9
GRAD_002966,2022,23,Female,White,Top 50,Chemistry,2.88,0,,0,Media,Washington DC,Fortune 500,None,4.0,40.0,2,68450,81841,6.7
GRAD_002967,2022,23,Female,White,Top 10,Psychology,3.24,1,No,1,Healthcare,San Francisco,Medium,None,0.0,20.0,2,131395,136318,8.5
GRAD_002968,2015,21,Male,White,Top 100,Data Science,3.01,4,No,4,Finance,New York,Small,None,2.0,40.0,9,148770,201257,6.3
GRAD_002969,2020,24,Female,White,Top 100,Engineering,3.4,2,Yes,0,Real Estate,Atlanta,Fortune 500,MBA,3.0,40.0,4,95206,149014,8.4
GRAD_002970,2023,20,Male,White,Regional,Finance,3.4,0,Yes,1,Non-profit,New York,Fortune 500,None,2.0,60.0,1,75737,84170,7.0
GRAD_002971,2022,20,Male,White,Regional,Economics,3.22,3,No,0,Finance,Seattle,Large,MD,0.0,80.0,2,139243,234851,7.3
GRAD_002972,2015,25,Male,White,Top 100,Communications,3.29,2,Yes,1,Non-profit,Seattle,Small,None,2.0,80.0,9,56154,106943,7.7
GRAD_002973,2017,23,Female,White,Regional,Business,3.93,1,,0,Education,Seattle,Small,None,1.0,80.0,7,83447,114482,10.0
GRAD_002974,2019,20,Male,Hispanic,Top 50,Engineering,3.83,1,No,0,Consulting,Phoenix,Small,None,1.0,0.0,5,127906,164065,8.8
GRAD_002975,2021,20,Male,White,Top 50,Computer Science,3.36,0,No,0,Consulting,San Francisco,Medium,None,3.0,0.0,3,181320,213446,6.3
GRAD_002976,2020,20,Male,Other,Regional,Mathematics,3.37,1,No,5,Education,Atlanta,Fortune 500,Masters,4.0,0.0,4,49031,77302,9.2
GRAD_002977,2015,25,Male,White,Top 100,Computer Science,3.48,5,No,1,Media,Dallas,Medium,None,1.0,40.0,9,104793,162040,6.5
GRAD_002978,2021,22,Female,White,Top 10,Data Science,3.44,1,No,0,Non-profit,Austin,Fortune 500,Masters,2.0,0.0,3,102514,133282,8.3
GRAD_002979,2022,21,Male,White,Regional,Business,3.45,0,Yes,3,Consulting,Seattle,Medium,Masters,2.0,20.0,2,91504,125551,8.5
GRAD_002980,2017,24,Female,White,Regional,Liberal Arts,2.75,1,Yes,1,Transportation,New York,Small,None,1.0,80.0,7,66890,88330,6.7
GRAD_002981,2015,22,Male,Asian,Top 100,Computer Science,3.32,1,No,0,Education,Austin,Startup,Masters,,20.0,9,88804,154805,7.4
GRAD_002982,2022,22,Female,White,Top 50,Business,3.56,0,No,0,Real Estate,Dallas,Large,Masters,2.0,0.0,2,76361,99206,6.7
GRAD_002983,2021,24,Male,Black,Regional,Data Science,3.23,1,Yes,1,Finance,Phoenix,Medium,None,1.0,0.0,3,108177,125654,6.5
GRAD_002984,2022,23,Female,Hispanic,Top 50,Political Science,3.0,1,No,1,Healthcare,Miami,Large,PhD,2.0,40.0,2,77180,99092,5.7
GRAD_002985,2020,23,Male,Asian,Top 10,Political Science,3.26,0,Yes,3,Non-profit,Seattle,Large,None,3.0,100.0,4,67697,88506,8.5
GRAD_002986,2019,22,Male,Hispanic,Top 50,Engineering,3.32,1,No,4,Manufacturing,New York,Medium,MBA,3.0,0.0,5,136021,233123,5.6
GRAD_002987,2023,21,Female,Asian,Regional,Finance,2.81,4,,2,Healthcare,Denver,Large,None,1.0,20.0,1,105184,103856,5.2
GRAD_002988,2022,20,Female,White,Regional,Communications,3.11,0,Yes,2,Real Estate,Chicago,Medium,None,3.0,0.0,2,52968,65616,4.9
GRAD_002989,2019,22,Male,White,Top 50,Engineering,3.55,3,No,2,Technology,Phoenix,Small,JD,0.0,80.0,5,105245,162576,8.8
GRAD_002990,2023,22,Female,White,Top 100,Political Science,3.44,4,Yes,1,Real Estate,Miami,Large,None,2.0,0.0,1,65734,73490,3.0
GRAD_002991,2023,23,Female,Black,Top 50,Engineering,3.4,3,No,0,Energy,Los Angeles,Startup,MBA,,0.0,1,140574,185215,7.4
GRAD_002992,2018,21,Male,Asian,Top 100,Business,3.84,4,No,0,Energy,Miami,Medium,None,,40.0,6,89192,118247,5.2
GRAD_002993,2023,24,Female,Hispanic,Top 50,Political Science,3.35,0,No,0,Healthcare,Dallas,Large,JD,0.0,40.0,1,59091,77450,4.3
GRAD_002994,2015,20,Male,Black,Regional,Marketing,3.35,1,No,0,Technology,Los Angeles,Large,Masters,2.0,40.0,9,112006,194484,5.5
GRAD_002995,2017,23,Female,White,Regional,Economics,3.71,1,No,1,Manufacturing,Seattle,Medium,None,3.0,60.0,7,115858,153319,7.3
GRAD_002996,2016,21,Female,White,Top 100,Chemistry,3.3,2,No,1,Non-profit,Atlanta,Medium,Masters,2.0,40.0,8,51009,94014,9.4
GRAD_002997,2018,22,Female,White,Regional,Computer Science,3.47,1,No,0,Real Estate,Austin,Medium,None,1.0,0.0,6,122594,141831,7.9
GRAD_002998,2020,21,Female,White,Top 50,Data Science,2.67,2,No,0,Energy,Washington DC,Large,None,0.0,20.0,4,156531,183410,5.6
GRAD_002999,2021,21,Female,Black,Regional,Communications,3.48,2,No,0,Consulting,Washington DC,Large,None,2.0,0.0,3,94573,112603,9.1
GRAD_003000,2023,20,Female,White,Top 100,Engineering,3.18,0,No,0,Technology,Atlanta,Small,None,4.0,60.0,1,94329,106494,8.5
GRAD_003001,2016,20,Female,White,Top 100,Mathematics,3.27,3,Yes,1,Government,Boston,Large,JD,2.0,60.0,8,97125,178619,6.4
GRAD_003002,2020,23,Male,White,Regional,Political Science,3.82,1,No,0,Retail,San Francisco,Medium,Masters,2.0,60.0,4,67816,104472,7.2
GRAD_003003,2020,20,Male,Hispanic,Regional,Data Science,3.43,1,Yes,2,Energy,Philadelphia,Small,MD,0.0,0.0,4,91963,160734,7.9
GRAD_003004,2019,23,Female,Hispanic,Regional,Data Science,3.44,1,No,2,Media,Washington DC,Large,None,1.0,0.0,5,101806,122552,3.4
GRAD_003005,2021,23,Female,Hispanic,Regional,Engineering,3.13,1,Yes,0,Media,Philadelphia,Large,Masters,1.0,60.0,3,84863,110014,6.0
GRAD_003006,2020,23,Male,Asian,Regional,Communications,3.23,2,Yes,0,Media,Austin,Medium,None,0.0,0.0,4,67642,81407,7.0
GRAD_003007,2020,22,Female,Hispanic,Regional,Economics,3.78,0,No,1,Non-profit,Dallas,Medium,JD,2.0,60.0,4,59899,96852,8.7
GRAD_003008,2023,20,Female,White,Top 50,Business,3.45,0,No,1,Government,Philadelphia,Large,None,3.0,80.0,1,68947,75964,9.9
GRAD_003009,2022,20,Female,Asian,Top 100,Chemistry,3.88,3,No,0,Education,New York,Large,None,0.0,80.0,2,77998,81294,8.4
GRAD_003010,2020,20,Female,White,Top 10,Data Science,3.0,3,No,2,Healthcare,Denver,Large,None,2.0,80.0,4,153731,186330,7.0
GRAD_003011,2016,20,Male,White,Top 10,Data Science,2.77,4,No,1,Transportation,Boston,Large,MBA,2.0,0.0,8,146232,255114,6.8
GRAD_003012,2023,22,Female,White,Regional,Marketing,3.22,1,No,3,Consulting,Phoenix,Large,PhD,0.0,40.0,1,74914,88172,6.4
GRAD_003013,2021,20,Female,White,Top 100,Business,3.64,1,No,2,Retail,Philadelphia,Small,None,1.0,20.0,3,68614,74810,4.7
GRAD_003014,2022,22,Male,White,Top 10,Engineering,3.39,3,No,1,Healthcare,San Francisco,Startup,Masters,0.0,0.0,2,165534,214868,5.0
GRAD_003015,2015,22,Female,White,Top 50,Marketing,2.86,3,Yes,0,Education,Atlanta,Small,Masters,4.0,0.0,9,64271,114607,6.7
GRAD_003016,2023,22,Female,White,Regional,Data Science,3.13,1,No,1,Manufacturing,Washington DC,Large,None,1.0,,1,106039,108143,6.5
GRAD_003017,2021,22,Male,White,Regional,Liberal Arts,3.51,1,No,1,Technology,Boston,Large,None,1.0,0.0,3,84290,96965,3.7
GRAD_003018,2021,24,Male,Hispanic,Regional,Business,3.64,2,No,3,Real Estate,Phoenix,Startup,Masters,3.0,80.0,3,78268,119000,6.4
GRAD_003019,2016,23,Female,White,Top 100,Communications,3.05,1,Yes,1,Technology,Philadelphia,Medium,Masters,3.0,60.0,8,87300,128793,5.3
GRAD_003020,2021,23,Male,White,Top 50,Computer Science,3.76,2,Yes,1,Transportation,Boston,Large,JD,1.0,20.0,3,162060,244112,6.4
GRAD_003021,2015,21,Male,White,Top 100,Communications,3.54,1,Yes,0,Real Estate,San Francisco,Fortune 500,MBA,4.0,0.0,9,77197,186055,7.1
GRAD_003022,2015,23,Female,Hispanic,Regional,Psychology,3.06,0,No,0,Finance,Dallas,Startup,None,,20.0,9,60739,92619,6.0
GRAD_003023,2018,22,Female,Asian,Regional,Psychology,3.95,1,No,0,Government,San Francisco,Large,Masters,2.0,100.0,6,79687,128197,6.6
GRAD_003024,2015,22,Male,Asian,Top 100,Biology,3.11,2,,1,Consulting,Washington DC,Medium,None,1.0,0.0,9,91173,145492,7.9
GRAD_003025,2016,21,Male,White,Regional,Liberal Arts,3.18,2,No,0,Education,Portland,Startup,MBA,2.0,80.0,8,55258,112639,6.3
GRAD_003026,2021,22,Female,Asian,Regional,Business,3.6,0,No,0,Manufacturing,Austin,Large,None,3.0,0.0,3,81588,106098,9.7
GRAD_003027,2022,25,Male,White,Regional,Biology,3.21,2,No,1,Non-profit,Philadelphia,Large,Masters,3.0,0.0,2,46202,68617,5.5
GRAD_003028,2017,23,Female,White,Regional,Liberal Arts,3.84,0,Yes,1,Non-profit,Atlanta,Small,Masters,3.0,40.0,7,43888,67091,5.4
GRAD_003029,2022,25,Female,White,Regional,Economics,3.7,1,No,0,Media,Philadelphia,Large,None,0.0,0.0,2,73556,77100,5.3
GRAD_003030,2019,20,Female,White,Top 50,Biology,3.44,3,No,0,Manufacturing,Phoenix,Fortune 500,None,1.0,40.0,5,75848,104235,8.2
GRAD_003031,2023,22,Male,White,Regional,Business,3.59,2,No,0,Government,New York,Small,None,4.0,0.0,1,105242,120764,6.6
GRAD_003032,2016,23,Male,Black,Top 100,Engineering,3.13,6,No,2,Government,Washington DC,Large,None,3.0,60.0,8,114407,188597,5.7
GRAD_003033,2015,23,Male,White,Regional,Computer Science,3.17,3,No,1,Transportation,San Francisco,Small,None,,60.0,9,121106,216318,7.0
GRAD_003034,2022,23,Female,White,Top 50,Liberal Arts,2.82,1,No,2,Real Estate,Austin,Medium,None,1.0,20.0,2,85275,88412,6.2
GRAD_003035,2018,21,Male,Asian,Regional,Business,3.43,2,No,2,Technology,Phoenix,Startup,None,2.0,60.0,6,94718,124564,6.2
GRAD_003036,2019,24,Male,Black,Regional,Engineering,4.0,1,No,0,Finance,Austin,Large,PhD,1.0,40.0,5,121818,200152,6.6
GRAD_003037,2020,20,Female,Other,Regional,Engineering,3.1,2,No,1,Consulting,Dallas,Startup,Masters,0.0,20.0,4,86758,118484,7.9
GRAD_003038,2022,22,Female,White,Regional,Mathematics,2.64,0,No,0,Retail,Atlanta,Large,Masters,3.0,60.0,2,65914,86863,5.6
GRAD_003039,2015,22,Male,White,Regional,Chemistry,3.55,3,Yes,2,Education,San Francisco,Startup,None,1.0,60.0,9,90669,142814,6.9
GRAD_003040,2020,21,Male,Other,Top 100,Business,3.41,2,No,1,Government,San Francisco,Large,None,,0.0,4,89123,113756,4.3
GRAD_003041,2019,22,Female,White,Top 50,Business,3.49,3,Yes,0,Finance,Miami,Large,Masters,2.0,0.0,5,113075,161118,10.0
GRAD_003042,2018,20,Male,White,Regional,Economics,3.18,0,Yes,1,Non-profit,New York,Large,Masters,2.0,60.0,6,77077,129141,9.8
GRAD_003043,2018,20,Female,Black,Top 10,Liberal Arts,2.69,1,No,0,Energy,Phoenix,Small,PhD,0.0,80.0,6,83459,122902,7.7
GRAD_003044,2023,24,Female,White,Top 100,Computer Science,2.97,1,Yes,0,Media,Denver,Fortune 500,None,1.0,100.0,1,91236,95194,5.3
GRAD_003045,2017,22,Male,White,Top 100,Economics,2.62,2,Yes,4,Consulting,Los Angeles,Fortune 500,None,,20.0,7,119711,185819,7.1
GRAD_003046,2019,21,Female,White,Top 100,Engineering,3.62,1,No,1,Healthcare,Philadelphia,Medium,None,0.0,80.0,5,104089,116177,7.0
GRAD_003047,2019,23,Other,White,Regional,Business,3.5,1,No,1,Finance,San Francisco,Medium,Masters,2.0,40.0,5,136909,194743,9.3
GRAD_003048,2021,24,Female,White,Top 10,Business,3.2,0,Yes,1,Transportation,Austin,Medium,None,2.0,0.0,3,93531,114578,10.0
GRAD_003049,2020,25,Male,Black,Regional,Business,2.91,2,Yes,1,Energy,Portland,Medium,None,1.0,80.0,4,102300,123321,6.5
GRAD_003050,2021,20,Female,White,Top 10,Engineering,3.2,1,,1,Education,Philadelphia,Large,Masters,1.0,20.0,3,84190,106427,10.0
GRAD_003051,2019,24,Male,White,Top 50,Data Science,2.7,2,No,0,Finance,Chicago,Medium,None,1.0,100.0,5,147072,188417,4.4
GRAD_003052,2021,20,Male,White,Regional,Communications,3.11,1,Yes,1,Transportation,Atlanta,Medium,MBA,2.0,60.0,3,52083,79092,6.0
GRAD_003053,2019,22,Female,White,Top 50,Marketing,4.0,3,No,2,Consulting,San Francisco,Fortune 500,Masters,,0.0,5,150285,208246,9.4
GRAD_003054,2017,23,Male,White,Regional,Chemistry,3.37,0,Yes,1,Media,Dallas,Large,Masters,2.0,40.0,7,63754,104645,10.0
GRAD_003055,2022,24,Male,White,Regional,Liberal Arts,4.0,0,No,2,Healthcare,Philadelphia,Fortune 500,MBA,3.0,20.0,2,72266,107404,4.7
GRAD_003056,2022,23,Male,White,Regional,Business,2.66,1,,2,Retail,Seattle,Large,MD,0.0,,2,86511,138828,6.3
GRAD_003057,2021,22,Male,Black,Regional,Engineering,3.23,0,No,2,Energy,Miami,Startup,None,2.0,100.0,3,94606,115689,9.6
GRAD_003058,2020,21,Male,Asian,Top 50,Liberal Arts,2.92,3,No,0,Energy,Denver,Fortune 500,None,4.0,60.0,4,92607,120716,5.9
GRAD_003059,2017,20,Male,White,Top 50,Engineering,3.1,4,No,0,Government,Atlanta,Large,Masters,1.0,40.0,7,104941,155976,8.6
GRAD_003060,2022,21,Female,White,Regional,Computer Science,3.3,0,Yes,1,Transportation,Phoenix,Small,None,,40.0,2,91104,105379,6.6
GRAD_003061,2016,24,Female,White,Regional,Marketing,3.14,1,No,1,Finance,Atlanta,Medium,MD,3.0,0.0,8,69133,146095,7.0
GRAD_003062,2019,22,Male,Black,Top 50,Liberal Arts,2.91,1,Yes,0,Technology,Miami,Large,None,1.0,40.0,5,81257,114848,8.7
GRAD_003063,2022,24,Female,White,Top 100,Engineering,3.11,5,No,2,Manufacturing,Chicago,Startup,Masters,,0.0,2,109358,144730,7.7
GRAD_003064,2020,21,Female,White,Regional,Computer Science,2.96,0,No,1,Technology,Seattle,Medium,MBA,0.0,20.0,4,143372,224232,5.4
GRAD_003065,2019,23,Female,White,Top 100,Business,3.4,3,Yes,2,Real Estate,Denver,Large,Masters,2.0,0.0,5,90987,141770,8.0
GRAD_003066,2022,22,Male,White,Top 100,Biology,3.62,3,No,2,Education,Chicago,Startup,Masters,1.0,,2,59642,80150,8.7
GRAD_003067,2023,24,Female,Asian,Top 50,Data Science,3.72,0,No,0,Real Estate,Dallas,Small,JD,4.0,60.0,1,102279,145375,7.1
GRAD_003068,2017,22,Male,White,Top 100,Liberal Arts,3.36,4,No,1,Consulting,New York,Large,None,2.0,0.0,7,117591,164135,7.8
GRAD_003069,2015,22,Male,White,Regional,Psychology,3.29,1,Yes,0,Real Estate,Miami,Large,None,2.0,0.0,9,70358,124746,7.4
GRAD_003070,2019,24,Male,Other,Top 100,Political Science,2.77,0,No,0,Finance,Philadelphia,Large,None,0.0,60.0,5,82160,109070,7.9
GRAD_003071,2018,20,Female,Asian,Regional,Engineering,3.27,1,Yes,0,Energy,Los Angeles,Large,None,2.0,0.0,6,112552,168063,7.5
GRAD_003072,2021,22,Male,Asian,Top 100,Engineering,3.38,3,No,2,Education,Denver,Large,Masters,4.0,40.0,3,76723,113958,7.0
GRAD_003073,2019,20,Male,Asian,Regional,Engineering,3.19,1,No,3,Education,Philadelphia,Startup,Masters,4.0,40.0,5,73357,116375,8.8
GRAD_003074,2019,22,Male,White,Regional,Engineering,2.89,0,No,1,Media,Phoenix,Medium,None,1.0,,5,59115,76452,6.4
GRAD_003075,2018,21,Female,White,Regional,Political Science,3.57,2,,1,Education,San Francisco,Medium,Masters,3.0,20.0,6,65052,111339,7.1
GRAD_003076,2017,23,Female,Asian,Regional,Business,3.01,1,No,1,Healthcare,Seattle,Fortune 500,Masters,3.0,20.0,7,102220,181563,5.3
GRAD_003077,2017,23,Female,White,Regional,Business,3.61,1,Yes,0,Non-profit,Portland,Medium,PhD,1.0,0.0,7,59024,91428,4.7
GRAD_003078,2019,22,Male,White,Top 10,Marketing,3.58,3,Yes,1,Technology,Washington DC,Large,Masters,1.0,100.0,5,138287,197742,4.0
GRAD_003079,2021,21,Male,Hispanic,Top 100,Liberal Arts,2.56,4,No,0,Energy,Portland,Small,MD,1.0,0.0,3,87246,161989,7.9
GRAD_003080,2018,22,Male,White,Regional,Economics,3.59,1,Yes,2,Retail,Boston,Large,JD,3.0,20.0,6,71822,120996,4.8
GRAD_003081,2018,24,Female,White,Top 100,Biology,3.23,3,No,2,Non-profit,Seattle,Medium,Masters,1.0,40.0,6,66827,110578,6.0
GRAD_003082,2019,21,Male,White,Regional,Data Science,2.72,3,No,0,Government,Austin,Small,None,3.0,0.0,5,95689,132751,7.3
GRAD_003083,2023,20,Male,Asian,Top 50,Mathematics,3.09,2,No,1,Energy,Phoenix,Fortune 500,Masters,6.0,0.0,1,89607,128256,8.6
GRAD_003084,2016,20,Female,White,Top 100,Liberal Arts,3.64,0,No,0,Government,Austin,Large,None,4.0,40.0,8,69285,105602,6.5
GRAD_003085,2018,20,Male,White,Regional,Communications,3.3,1,No,1,Healthcare,Chicago,Medium,None,1.0,60.0,6,73573,98698,5.3
GRAD_003086,2018,22,Male,Black,Regional,Data Science,3.07,1,Yes,0,Healthcare,Austin,Large,None,0.0,20.0,6,97532,145298,7.2
GRAD_003087,2023,20,Male,White,Regional,Political Science,3.34,2,No,1,Government,Atlanta,Fortune 500,None,4.0,0.0,1,59381,73937,4.4
GRAD_003088,2019,21,Male,Asian,Top 100,Engineering,3.25,0,No,1,Healthcare,Portland,Large,None,2.0,0.0,5,88967,116991,8.5
GRAD_003089,2020,23,Male,White,Top 100,Business,2.88,0,No,1,Non-profit,Atlanta,Startup,MBA,2.0,0.0,4,52821,92218,7.5
GRAD_003090,2017,20,Male,White,Top 100,Business,2.87,0,No,0,Government,Boston,Large,None,1.0,0.0,7,84675,116540,9.2
GRAD_003091,2015,23,Male,White,Top 50,Psychology,3.37,1,No,0,Transportation,Los Angeles,Startup,Masters,0.0,80.0,9,71102,135545,4.4
GRAD_003092,2018,24,Male,Asian,Regional,Engineering,3.52,4,No,1,Finance,Washington DC,Medium,PhD,2.0,,6,141930,234316,3.3
GRAD_003093,2021,25,Male,White,Regional,Business,3.16,3,No,1,Media,Denver,Medium,None,2.0,80.0,3,63342,83167,6.2
GRAD_003094,2021,24,Male,Asian,Top 10,Communications,3.38,1,No,1,Finance,Washington DC,Small,Masters,0.0,20.0,3,102261,135131,8.1
GRAD_003095,2022,26,Female,Hispanic,Top 100,Political Science,3.03,0,No,2,Transportation,Chicago,Fortune 500,None,3.0,40.0,2,55550,66106,8.4
GRAD_003096,2022,22,Male,White,Top 100,Computer Science,3.95,3,Yes,1,Manufacturing,Los Angeles,Medium,PhD,0.0,40.0,2,124281,167348,10.0
GRAD_003097,2016,23,Male,Hispanic,Top 50,Business,3.29,3,No,1,Manufacturing,Dallas,Small,None,,60.0,8,71666,109040,4.8
GRAD_003098,2016,22,Male,White,Regional,Engineering,2.66,2,No,1,Technology,Philadelphia,Small,None,4.0,20.0,8,125699,226657,7.7
GRAD_003099,2022,23,Male,White,Top 100,Chemistry,2.94,1,No,0,Education,San Francisco,Small,None,0.0,40.0,2,78418,88171,7.6
GRAD_003100,2019,22,Female,White,Regional,Mathematics,3.19,1,No,0,Manufacturing,Washington DC,Large,None,,0.0,5,90640,125978,9.1
GRAD_003101,2023,20,Male,White,Top 50,Mathematics,3.66,0,No,0,Energy,Boston,Large,Masters,3.0,100.0,1,114634,147994,8.2
GRAD_003102,2023,20,Female,Asian,Regional,Political Science,3.53,1,No,4,Technology,Washington DC,Large,MD,2.0,80.0,1,95358,150691,6.9
GRAD_003103,2016,25,Male,White,Top 10,Political Science,3.07,1,Yes,1,Manufacturing,Seattle,Medium,MD,1.0,40.0,8,105149,252693,8.6
GRAD_003104,2021,22,Female,Hispanic,Top 10,Finance,2.75,0,Yes,1,Media,Dallas,Medium,None,1.0,0.0,3,90458,108443,9.0
GRAD_003105,2015,24,Female,White,Top 50,Computer Science,3.22,2,No,3,Real Estate,Dallas,Medium,None,0.0,100.0,9,112156,149893,6.4
GRAD_003106,2019,21,Female,White,Regional,Marketing,3.06,3,No,0,Media,Atlanta,Fortune 500,None,2.0,20.0,5,66159,86228,4.2
GRAD_003107,2022,21,Male,Black,Regional,Chemistry,3.23,2,Yes,0,Manufacturing,Seattle,Medium,None,0.0,20.0,2,85704,94547,7.0
GRAD_003108,2019,22,Male,White,Regional,Business,3.28,1,No,3,Education,New York,Medium,Masters,2.0,20.0,5,74904,114745,6.8
GRAD_003109,2015,23,Male,White,Top 100,Biology,3.39,1,Yes,0,Government,Austin,Small,None,1.0,,9,75036,114608,8.8
GRAD_003110,2017,24,Male,Hispanic,Regional,Liberal Arts,3.25,4,No,3,Manufacturing,Portland,Large,None,3.0,0.0,7,64412,90301,5.7
GRAD_003111,2016,22,Male,White,Top 100,Business,2.54,1,,0,Finance,Phoenix,Medium,MBA,1.0,0.0,8,72555,129454,7.8
GRAD_003112,2019,23,Male,Asian,Top 50,Engineering,3.39,3,No,2,Technology,Chicago,Large,None,2.0,0.0,5,127580,176086,7.7
GRAD_003113,2021,22,Female,White,Regional,Mathematics,3.45,4,No,1,Finance,Washington DC,Large,PhD,2.0,20.0,3,102659,136786,4.2
GRAD_003114,2021,24,Female,Asian,Top 100,Computer Science,3.1,1,Yes,1,Technology,Denver,Fortune 500,None,0.0,60.0,3,147180,161901,9.2
GRAD_003115,2021,24,Male,Asian,Top 100,Chemistry,2.81,0,No,2,Media,Atlanta,Large,None,1.0,80.0,3,62500,76849,7.0
GRAD_003116,2019,21,Female,White,Top 10,Marketing,3.49,2,No,2,Technology,New York,Medium,MBA,3.0,0.0,5,138213,196772,6.6
GRAD_003117,2017,23,Female,Hispanic,Top 50,Biology,3.2,2,Yes,0,Non-profit,Portland,Fortune 500,MD,2.0,80.0,7,61814,130091,8.3
GRAD_003118,2015,21,Male,Asian,Top 100,Finance,3.01,1,No,3,Media,Denver,Large,None,1.0,80.0,9,92049,157888,6.4
GRAD_003119,2023,23,Female,White,Top 100,Computer Science,3.34,2,Yes,3,Retail,Phoenix,Large,None,2.0,0.0,1,90220,93149,6.7
GRAD_003120,2016,21,Female,Hispanic,Top 100,Political Science,3.67,0,No,1,Consulting,Seattle,Medium,None,0.0,20.0,8,88433,143644,7.8
GRAD_003121,2017,21,Female,Hispanic,Top 100,Finance,3.12,1,No,0,Media,Washington DC,Startup,Masters,3.0,60.0,7,95143,139618,7.1
GRAD_003122,2015,20,Male,Asian,Regional,Economics,3.21,2,No,0,Real Estate,Dallas,Large,Masters,5.0,20.0,9,68907,132820,5.8
GRAD_003123,2018,24,Male,White,Top 50,Computer Science,3.19,1,No,1,Government,Washington DC,Large,None,3.0,20.0,6,123570,180017,5.5
GRAD_003124,2022,22,Female,White,Regional,Computer Science,2.86,2,No,0,Retail,Boston,Medium,None,3.0,80.0,2,109998,122107,8.1
GRAD_003125,2018,22,Male,Asian,Top 100,Liberal Arts,3.27,3,,0,Technology,Portland,Small,MBA,1.0,,6,84670,145604,5.2
GRAD_003126,2021,23,Female,White,Top 100,Chemistry,3.87,5,No,2,Education,Austin,Fortune 500,None,1.0,,3,82443,96703,5.9
GRAD_003127,2023,21,Male,Asian,Top 10,Liberal Arts,2.68,1,Yes,0,Healthcare,Philadelphia,Small,None,0.0,,1,92405,96141,5.7
GRAD_003128,2023,21,Female,Asian,Top 100,Data Science,3.22,4,No,1,Real Estate,Portland,Startup,None,3.0,0.0,1,126971,135987,4.7
GRAD_003129,2017,23,Female,White,Regional,Mathematics,3.58,0,No,2,Education,Boston,Large,None,2.0,20.0,7,71111,109257,6.7
GRAD_003130,2018,24,Female,White,Regional,Computer Science,2.89,0,No,2,Media,Dallas,Medium,None,5.0,60.0,6,75680,101703,5.0
GRAD_003131,2022,23,Male,White,Regional,Communications,3.37,1,No,1,Media,Atlanta,Small,None,3.0,60.0,2,55167,71196,7.5
GRAD_003132,2023,24,Female,White,Top 100,Data Science,3.61,0,No,2,Transportation,Atlanta,Large,None,1.0,20.0,1,81907,81908,4.9
GRAD_003133,2021,23,Male,Hispanic,Top 100,Biology,2.77,2,No,1,Non-profit,Miami,Startup,None,0.0,0.0,3,54663,65268,6.9
GRAD_003134,2017,23,Male,Hispanic,Top 100,Engineering,3.84,1,Yes,0,Healthcare,Miami,Fortune 500,Masters,1.0,40.0,7,104609,163700,5.4
GRAD_003135,2016,23,Male,Hispanic,Regional,Economics,3.26,3,No,1,Government,Dallas,Medium,Masters,1.0,60.0,8,81602,134354,6.0
GRAD_003136,2019,22,Female,Black,Regional,Economics,3.15,0,No,1,Healthcare,Los Angeles,Large,JD,2.0,80.0,5,95482,173940,7.9
GRAD_003137,2017,20,Female,White,Regional,Business,2.77,0,Yes,0,Transportation,Seattle,Startup,MD,1.0,40.0,7,89459,177555,4.2
GRAD_003138,2017,22,Male,Black,Top 50,Finance,3.07,1,No,1,Energy,Atlanta,Medium,None,3.0,0.0,7,89874,141867,6.4
GRAD_003139,2021,23,Female,White,Regional,Mathematics,2.69,4,No,0,Technology,Los Angeles,Large,JD,4.0,20.0,3,114762,186073,8.0
GRAD_003140,2020,21,Male,White,Regional,Computer Science,2.56,1,No,0,Transportation,Portland,Startup,PhD,2.0,60.0,4,109112,172504,8.0
GRAD_003141,2016,20,Female,White,Top 100,Psychology,3.36,0,No,1,Energy,Seattle,Fortune 500,None,5.0,40.0,8,93146,144489,7.0
GRAD_003142,2016,21,Female,White,Top 100,Marketing,3.34,1,No,2,Manufacturing,Washington DC,Medium,None,2.0,80.0,8,68816,94928,4.6
GRAD_003143,2015,24,Male,Asian,Top 100,Business,2.71,0,No,0,Government,Dallas,Small,Masters,3.0,20.0,9,70147,130189,5.7
GRAD_003144,2017,23,Male,White,Top 100,Engineering,3.37,0,No,0,Finance,Los Angeles,Medium,None,3.0,40.0,7,122792,163450,7.4
GRAD_003145,2023,22,Male,Other,Top 100,Marketing,2.84,1,No,0,Media,New York,Large,MBA,2.0,0.0,1,77986,108223,8.6
GRAD_003146,2022,21,Female,Black,Regional,Business,3.35,0,No,1,Manufacturing,Seattle,Startup,Masters,2.0,60.0,2,81000,105447,9.9
GRAD_003147,2019,22,Female,Black,Top 100,Biology,3.47,1,No,1,Healthcare,Chicago,Large,MBA,1.0,0.0,5,76309,125857,9.2
GRAD_003148,2021,22,Male,White,Top 50,Psychology,2.56,0,Yes,0,Technology,San Francisco,Small,None,2.0,20.0,3,136992,166684,8.8
GRAD_003149,2019,23,Female,Hispanic,Top 50,Finance,3.28,1,Yes,2,Healthcare,Seattle,Large,None,1.0,20.0,5,119092,135790,7.3
GRAD_003150,2022,26,Male,White,Top 50,Liberal Arts,3.52,1,No,0,Technology,Los Angeles,Small,MBA,1.0,60.0,2,109176,153174,7.3
GRAD_003151,2017,23,Male,Black,Top 100,Finance,2.89,1,Yes,2,Transportation,Chicago,Large,None,2.0,0.0,7,90316,120458,8.2
GRAD_003152,2016,21,Other,Hispanic,Top 100,Business,3.18,1,Yes,0,Retail,Denver,Medium,Masters,4.0,,8,62229,112841,6.3
GRAD_003153,2015,20,Male,Asian,Top 100,Computer Science,3.58,3,No,2,Retail,Phoenix,Large,None,6.0,60.0,9,77796,140488,7.4
GRAD_003154,2017,21,Female,Asian,Regional,Engineering,3.17,1,No,1,Non-profit,Seattle,Large,None,0.0,80.0,7,69513,103187,7.9
GRAD_003155,2016,21,Female,White,Regional,Business,3.66,1,No,1,Non-profit,Phoenix,Fortune 500,None,3.0,40.0,8,44637,70707,5.9
GRAD_003156,2022,23,Female,Black,Top 100,Finance,3.8,1,,2,Consulting,San Francisco,Medium,None,0.0,20.0,2,175343,180852,5.8
GRAD_003157,2017,21,Female,White,Top 50,Finance,3.78,3,No,2,Media,Washington DC,Small,Masters,5.0,20.0,7,94703,160688,7.5
GRAD_003158,2020,21,Male,Black,Top 10,Business,3.11,0,No,2,Government,Denver,Startup,MBA,1.0,0.0,4,92113,143149,6.5
GRAD_003159,2022,23,Female,White,Top 50,Psychology,2.92,3,,4,Energy,Austin,Fortune 500,None,2.0,,2,85621,93537,3.7
GRAD_003160,2021,21,Male,Hispanic,Top 100,Business,3.51,0,No,0,Government,Dallas,Fortune 500,PhD,1.0,100.0,3,60190,84245,3.8
GRAD_003161,2017,23,Male,White,Regional,Business,3.25,1,Yes,1,Retail,Philadelphia,Startup,None,5.0,60.0,7,67934,100582,4.7
GRAD_003162,2015,21,Female,White,Top 10,Mathematics,3.26,1,No,0,Real Estate,Boston,Medium,None,1.0,40.0,9,131100,190200,8.8
GRAD_003163,2023,21,Female,White,Top 50,Political Science,3.97,0,No,1,Transportation,Seattle,Small,None,3.0,0.0,1,93781,101914,6.0
GRAD_003164,2021,21,Female,Other,Top 10,Biology,3.24,1,No,1,Transportation,Washington DC,Large,MD,4.0,20.0,3,96521,167176,9.9
GRAD_003165,2021,23,Male,White,Regional,Business,3.05,1,No,1,Non-profit,Austin,Small,Masters,3.0,0.0,3,53678,82987,4.4
GRAD_003166,2019,22,Other,White,Top 50,Communications,2.16,1,Yes,2,Healthcare,Dallas,Small,None,2.0,40.0,5,55959,79901,4.4
GRAD_003167,2017,20,Male,White,Top 100,Political Science,2.92,2,No,0,Manufacturing,Denver,Large,None,1.0,20.0,7,58504,75946,3.5
GRAD_003168,2020,20,Female,Other,Top 100,Psychology,3.19,1,No,1,Transportation,Los Angeles,Large,MBA,4.0,20.0,4,69980,107640,7.2
GRAD_003169,2015,22,Female,Asian,Top 100,Liberal Arts,3.61,2,No,2,Retail,Miami,Large,None,2.0,40.0,9,48508,83455,5.9
GRAD_003170,2022,20,Male,White,Regional,Liberal Arts,3.78,1,Yes,0,Transportation,Austin,Small,Masters,2.0,60.0,2,59357,81288,5.7
GRAD_003171,2021,21,Female,Black,Top 100,Chemistry,3.33,1,No,1,Technology,Denver,Fortune 500,PhD,3.0,20.0,3,109670,156719,6.6
GRAD_003172,2022,22,Male,Asian,Top 50,Marketing,3.16,4,No,3,Government,Miami,Medium,Masters,2.0,40.0,2,80456,104227,4.4
GRAD_003173,2020,20,Female,Asian,Top 100,Marketing,3.11,0,No,2,Government,San Francisco,Medium,None,,,4,94236,111502,5.3
GRAD_003174,2020,23,Female,White,Regional,Data Science,3.43,2,,3,Healthcare,Seattle,Fortune 500,Masters,2.0,0.0,4,138911,196107,3.6
GRAD_003175,2020,24,Male,White,Top 100,Computer Science,3.02,2,No,0,Government,Portland,Large,None,0.0,,4,98279,112199,7.3
GRAD_003176,2022,24,Female,Asian,Regional,Liberal Arts,3.6,1,No,2,Healthcare,Austin,Startup,None,3.0,0.0,2,73805,85318,2.8
GRAD_003177,2017,23,Female,White,Regional,Data Science,3.71,0,No,1,Media,Austin,Fortune 500,Masters,0.0,0.0,7,102001,178124,9.9
GRAD_003178,2021,23,Male,White,Regional,Mathematics,3.73,4,No,2,Media,Boston,Medium,None,2.0,40.0,3,104803,132103,8.1
GRAD_003179,2020,22,Female,Other,Regional,Marketing,2.79,0,Yes,2,Real Estate,Dallas,Large,None,0.0,40.0,4,59208,64838,2.4
GRAD_003180,2019,23,Male,Asian,Top 100,Data Science,3.42,1,Yes,0,Transportation,Dallas,Fortune 500,None,2.0,0.0,5,75555,96862,6.9
GRAD_003181,2020,21,Female,White,Regional,Finance,3.23,1,No,1,Non-profit,Atlanta,Medium,None,1.0,60.0,4,53305,68533,6.8
GRAD_003182,2018,22,Female,White,Regional,Engineering,2.68,3,No,3,Healthcare,Dallas,Fortune 500,None,0.0,20.0,6,97072,121509,8.2
GRAD_003183,2015,22,Male,White,Top 50,Marketing,3.28,0,Yes,0,Energy,Austin,Large,Masters,1.0,40.0,9,100061,197392,5.9
GRAD_003184,2022,23,Male,White,Top 10,Finance,3.16,1,No,0,Education,Austin,Startup,None,1.0,100.0,2,93588,104762,7.2
GRAD_003185,2023,20,Female,Asian,Top 100,Marketing,3.14,1,Yes,1,Retail,Denver,Startup,None,0.0,20.0,1,54990,55455,6.7
GRAD_003186,2019,22,Female,Other,Top 100,Business,3.86,2,Yes,1,Finance,Philadelphia,Large,None,3.0,0.0,5,114371,138658,6.5
GRAD_003187,2022,24,Male,White,Top 100,Marketing,2.76,0,Yes,0,Manufacturing,San Francisco,Fortune 500,Masters,1.0,0.0,2,93880,122444,6.9
GRAD_003188,2020,21,Male,White,Regional,Data Science,3.27,1,No,2,Non-profit,Denver,Medium,None,2.0,20.0,4,82393,106889,6.4
GRAD_003189,2023,22,Male,White,Top 50,Computer Science,3.36,3,No,0,Retail,Phoenix,Large,Masters,3.0,0.0,1,97474,128561,10.0
GRAD_003190,2020,20,Male,Hispanic,Regional,Economics,2.37,1,No,1,Finance,Philadelphia,Medium,None,2.0,20.0,4,79233,96186,4.4
GRAD_003191,2017,22,Female,White,Top 100,Business,3.32,3,No,0,Retail,New York,Small,PhD,4.0,20.0,7,97303,189058,5.3
GRAD_003192,2022,20,Male,Asian,Regional,Liberal Arts,3.38,0,No,0,Government,Miami,Large,MD,2.0,0.0,2,57720,103953,4.7
GRAD_003193,2022,21,Male,White,Regional,Engineering,3.59,0,No,0,Non-profit,Atlanta,Large,Masters,0.0,0.0,2,57713,72743,7.4
GRAD_003194,2019,22,Male,White,Top 50,Mathematics,2.33,0,Yes,0,Real Estate,Los Angeles,Fortune 500,None,2.0,40.0,5,89765,110370,6.2
GRAD_003195,2022,21,Female,Other,Top 100,Psychology,3.28,2,Yes,1,Finance,Austin,Large,None,2.0,80.0,2,89655,96763,6.4
GRAD_003196,2015,22,Female,White,Top 50,Marketing,3.13,1,No,2,Media,Philadelphia,Fortune 500,MBA,5.0,20.0,9,77982,187287,6.9
GRAD_003197,2022,23,Female,White,Top 10,Biology,3.42,1,No,0,Education,Dallas,Fortune 500,Masters,2.0,40.0,2,66210,85208,6.1
GRAD_003198,2021,22,Female,White,Top 10,Data Science,3.42,0,Yes,1,Consulting,Portland,Fortune 500,None,2.0,0.0,3,153824,186001,9.4
GRAD_003199,2018,22,Female,White,Regional,Communications,3.39,2,Yes,2,Non-profit,Washington DC,Medium,None,2.0,40.0,6,47201,60439,8.0
GRAD_003200,2022,20,Male,White,Top 10,Business,3.34,3,,3,Education,Chicago,Startup,None,3.0,80.0,2,73733,88520,8.8
GRAD_003201,2016,22,Male,Other,Regional,Communications,3.27,0,No,2,Non-profit,Washington DC,Fortune 500,None,1.0,0.0,8,50421,71600,4.9
GRAD_003202,2017,20,Female,White,Top 10,Engineering,3.34,2,No,1,Healthcare,Miami,Large,MBA,1.0,0.0,7,126501,192064,10.0
GRAD_003203,2020,21,Female,White,Regional,Engineering,2.65,3,No,1,Non-profit,Denver,Small,None,,40.0,4,64178,70113,9.1
GRAD_003204,2023,25,Female,White,Top 100,Economics,4.0,2,No,1,Technology,Austin,Small,MD,2.0,20.0,1,148777,237079,6.9
GRAD_003205,2016,23,Male,White,Top 50,Economics,3.53,3,No,2,Consulting,Los Angeles,Large,JD,1.0,80.0,8,145777,325939,7.7
GRAD_003206,2020,20,Female,White,Regional,Finance,3.88,1,Yes,1,Technology,Austin,Large,MBA,3.0,0.0,4,144902,205014,7.6
GRAD_003207,2022,21,Male,White,Top 100,Liberal Arts,3.3,1,No,2,Government,Chicago,Small,None,3.0,0.0,2,57577,71596,4.8
GRAD_003208,2021,22,Female,White,Top 50,Liberal Arts,3.49,2,No,0,Consulting,Philadelphia,Startup,None,1.0,0.0,3,79928,86862,5.0
GRAD_003209,2021,23,Male,Hispanic,Regional,Communications,2.74,2,Yes,1,Education,Miami,Large,MBA,2.0,40.0,3,52500,83847,8.6
GRAD_003210,2023,23,Male,Asian,Top 100,Computer Science,3.88,2,No,1,Energy,New York,Medium,None,0.0,20.0,1,167323,173701,9.7
GRAD_003211,2019,24,Female,White,Top 100,Data Science,3.77,2,No,1,Real Estate,Los Angeles,Large,Masters,0.0,0.0,5,131795,172205,6.6
GRAD_003212,2023,21,Female,White,Top 10,Engineering,2.97,5,No,0,Finance,Los Angeles,Large,None,,0.0,1,184948,196809,8.3
GRAD_003213,2020,22,Male,Other,Top 100,Liberal Arts,3.09,3,Yes,0,Healthcare,Chicago,Large,None,1.0,0.0,4,71698,94034,5.8
GRAD_003214,2021,20,Male,White,Top 100,Marketing,3.24,1,No,1,Government,San Francisco,Large,None,3.0,40.0,3,98647,127216,6.3
GRAD_003215,2019,23,Female,White,Regional,Economics,3.44,2,No,0,Healthcare,New York,Medium,None,4.0,60.0,5,111850,132193,5.9
GRAD_003216,2016,23,Male,White,Top 100,Marketing,3.22,1,Yes,2,Retail,San Francisco,Large,MD,3.0,0.0,8,74820,179490,5.9
GRAD_003217,2016,22,Male,Asian,Regional,Liberal Arts,3.54,1,,1,Energy,Austin,Large,None,0.0,0.0,8,72067,114957,6.6
GRAD_003218,2021,23,Female,White,Top 100,Business,3.39,4,Yes,1,Education,San Francisco,Small,MBA,1.0,80.0,3,88281,129323,9.8
GRAD_003219,2018,21,Female,White,Regional,Data Science,3.4,0,No,2,Media,New York,Fortune 500,JD,3.0,0.0,6,107467,190692,7.7
GRAD_003220,2020,20,Female,White,Top 50,Engineering,3.31,0,No,2,Government,Atlanta,Small,JD,3.0,0.0,4,83325,130146,5.9
GRAD_003221,2021,21,Male,Asian,Regional,Data Science,3.78,5,No,0,Media,Denver,Large,None,2.0,20.0,3,114361,137332,8.1
GRAD_003222,2022,23,Female,Black,Top 100,Psychology,3.6,2,No,0,Manufacturing,Los Angeles,Startup,JD,2.0,20.0,2,72790,105630,8.0
GRAD_003223,2020,24,Male,White,Regional,Finance,3.17,1,Yes,1,Healthcare,Los Angeles,Startup,Masters,1.0,20.0,4,93496,133171,5.4
GRAD_003224,2018,21,Female,White,Regional,Liberal Arts,3.62,1,No,2,Media,Chicago,Large,None,3.0,80.0,6,55659,71750,4.8
GRAD_003225,2022,21,Male,White,Top 50,Marketing,3.0,0,No,0,Media,Seattle,Large,None,1.0,40.0,2,92211,105622,8.1
GRAD_003226,2019,22,Male,White,Regional,Data Science,3.11,1,No,1,Non-profit,Seattle,Startup,Masters,3.0,60.0,5,88766,152050,6.1
GRAD_003227,2023,27,Female,Other,Top 50,Business,3.61,1,No,1,Transportation,Phoenix,Large,None,2.0,0.0,1,78435,85954,3.9
GRAD_003228,2022,21,Female,Black,Top 100,Mathematics,3.5,1,,2,Media,Boston,Small,None,2.0,80.0,2,86931,99539,5.7
GRAD_003229,2021,23,Male,White,Top 100,Chemistry,3.39,0,Yes,3,Government,Seattle,Large,JD,1.0,,3,68997,101696,6.8
GRAD_003230,2017,22,Male,Black,Top 100,Finance,3.47,0,No,1,Healthcare,Atlanta,Large,None,0.0,40.0,7,96641,133529,8.1
GRAD_003231,2018,21,Male,White,Regional,Economics,3.87,1,Yes,1,Technology,Miami,Startup,None,4.0,40.0,6,100086,139277,5.9
GRAD_003232,2022,20,Female,White,Regional,Psychology,3.28,3,No,0,Real Estate,Dallas,Small,None,3.0,40.0,2,62104,74230,7.3
GRAD_003233,2015,22,Female,White,Top 50,Mathematics,3.3,1,No,2,Non-profit,Denver,Large,MBA,4.0,40.0,9,71176,133711,6.4
GRAD_003234,2022,23,Male,White,Top 50,Biology,3.78,0,No,1,Government,Dallas,Small,None,3.0,0.0,2,64330,82273,5.0
GRAD_003235,2019,21,Male,Hispanic,Top 10,Biology,2.93,0,No,2,Education,Chicago,Fortune 500,None,2.0,0.0,5,65398,83054,5.7
GRAD_003236,2022,22,Female,White,Regional,Economics,3.14,1,No,1,Government,Austin,Medium,MBA,3.0,20.0,2,78087,108460,5.5
GRAD_003237,2020,21,Female,White,Top 100,Data Science,3.54,1,No,2,Media,Seattle,Startup,MBA,2.0,20.0,4,106093,162259,5.8
GRAD_003238,2020,21,Male,Hispanic,Top 50,Business,3.08,2,No,1,Non-profit,Philadelphia,Startup,None,2.0,80.0,4,61972,80363,5.0
GRAD_003239,2021,20,Male,White,Top 100,Engineering,3.32,2,Yes,2,Transportation,Philadelphia,Fortune 500,Masters,1.0,40.0,3,88704,116855,7.3
GRAD_003240,2022,25,Male,White,Regional,Political Science,2.89,0,No,0,Retail,Portland,Small,None,1.0,0.0,2,48834,55637,5.2
GRAD_003241,2021,22,Male,Asian,Top 100,Marketing,3.39,0,No,1,Media,Chicago,Large,None,1.0,0.0,3,61472,73854,6.6
GRAD_003242,2019,22,Female,White,Regional,Data Science,2.74,2,No,0,Technology,Miami,Large,Masters,2.0,0.0,5,123438,186058,5.0
GRAD_003243,2018,24,Male,White,Top 10,Engineering,2.84,1,No,2,Energy,Dallas,Medium,None,4.0,40.0,6,115543,152301,10.0
GRAD_003244,2022,22,Female,White,Regional,Psychology,3.41,1,No,0,Finance,Portland,Fortune 500,None,3.0,0.0,2,86012,100142,8.8
GRAD_003245,2020,23,Male,White,Top 100,Computer Science,3.61,0,No,0,Healthcare,Phoenix,Large,None,1.0,60.0,4,103722,126899,6.2
GRAD_003246,2022,24,Male,White,Top 100,Psychology,3.31,1,No,0,Healthcare,Denver,Startup,MBA,1.0,20.0,2,69597,102069,7.0
GRAD_003247,2023,24,Male,White,Top 50,Engineering,3.78,4,Yes,0,Government,Boston,Small,None,2.0,0.0,1,112056,125168,7.9
GRAD_003248,2021,20,Female,White,Top 100,Business,3.44,1,No,1,Media,Phoenix,Large,None,2.0,60.0,3,61624,72558,5.1
GRAD_003249,2018,22,Female,White,Top 100,Engineering,3.11,1,Yes,2,Technology,Boston,Medium,None,4.0,20.0,6,155807,205209,5.6
GRAD_003250,2022,24,Female,White,Top 50,Marketing,3.77,0,No,0,Energy,Miami,Fortune 500,None,2.0,0.0,2,105685,112616,8.8
GRAD_003251,2018,20,Male,Black,Top 100,Business,3.49,0,No,2,Energy,San Francisco,Large,None,6.0,0.0,6,120295,185815,8.7
GRAD_003252,2017,22,Female,Black,Regional,Business,3.47,1,No,0,Government,Los Angeles,Fortune 500,Masters,2.0,100.0,7,68003,99998,6.2
GRAD_003253,2015,22,Female,Other,Top 10,Engineering,3.79,0,No,2,Manufacturing,Chicago,Large,None,4.0,60.0,9,122187,187145,7.5
GRAD_003254,2015,23,Male,White,Top 100,Psychology,3.17,1,No,0,Education,Boston,Large,None,0.0,0.0,9,54695,77704,7.5
GRAD_003255,2022,23,Male,White,Regional,Business,3.53,3,No,2,Transportation,Phoenix,Small,None,3.0,0.0,2,68237,85217,6.5
GRAD_003256,2017,24,Male,Asian,Regional,Economics,3.13,4,No,0,Media,Austin,Small,None,2.0,20.0,7,69936,102236,4.1
GRAD_003257,2016,22,Male,Black,Regional,Data Science,3.3,1,Yes,1,Manufacturing,Atlanta,Startup,Masters,3.0,0.0,8,93753,178342,5.3
GRAD_003258,2018,20,Male,White,Top 10,Psychology,2.93,1,No,0,Education,Boston,Startup,None,,60.0,6,69860,94861,7.3
GRAD_003259,2021,21,Female,White,Regional,Data Science,3.4,1,Yes,0,Manufacturing,Dallas,Large,Masters,2.0,20.0,3,100451,130084,4.9
GRAD_003260,2018,20,Male,Asian,Regional,Economics,3.57,4,Yes,1,Government,Los Angeles,Large,None,2.0,80.0,6,98866,150727,9.8
GRAD_003261,2018,21,Female,White,Top 100,Business,3.27,3,No,3,Retail,Denver,Startup,MBA,6.0,60.0,6,62052,124768,6.8
GRAD_003262,2019,23,Female,White,Top 100,Chemistry,3.42,3,No,0,Finance,San Francisco,Small,None,1.0,80.0,5,141102,180365,6.9
GRAD_003263,2015,20,Female,White,Top 100,Computer Science,2.52,1,No,1,Education,Denver,Large,Masters,4.0,60.0,9,80035,135376,7.1
GRAD_003264,2019,21,Female,White,Regional,Economics,3.46,1,No,1,Energy,Philadelphia,Startup,Masters,3.0,100.0,5,96497,139111,8.4
GRAD_003265,2023,23,Female,Asian,Regional,Finance,2.84,2,No,0,Energy,Los Angeles,Small,None,2.0,0.0,1,99049,103895,7.1
GRAD_003266,2022,23,Male,White,Top 50,Computer Science,3.66,0,No,0,Transportation,Seattle,Small,None,1.0,40.0,2,122402,135770,7.0
GRAD_003267,2015,21,Female,White,Top 10,Communications,3.62,1,No,2,Manufacturing,Philadelphia,Large,None,2.0,40.0,9,75123,119615,3.0
GRAD_003268,2021,21,Male,Asian,Regional,Psychology,2.99,1,No,1,Non-profit,Miami,Medium,None,5.0,0.0,3,43726,65880,7.1
GRAD_003269,2019,24,Female,Asian,Top 100,Marketing,3.11,2,No,1,Real Estate,Phoenix,Large,None,1.0,0.0,5,61781,84911,3.9
GRAD_003270,2022,23,Male,White,Regional,Marketing,3.78,2,No,0,Technology,Washington DC,Small,None,3.0,,2,126433,144597,8.8
GRAD_003271,2016,21,Male,White,Regional,Mathematics,3.77,4,Yes,2,Finance,Philadelphia,Large,None,1.0,20.0,8,103944,163837,6.7
GRAD_003272,2017,22,Female,Hispanic,Regional,Computer Science,3.46,1,No,0,Consulting,Portland,Medium,Masters,0.0,0.0,7,105637,157477,7.2
GRAD_003273,2022,24,Female,Hispanic,Regional,Finance,3.12,1,Yes,2,Healthcare,Phoenix,Fortune 500,None,0.0,20.0,2,89809,96756,4.3
GRAD_003274,2022,21,Female,White,Top 50,Communications,2.66,1,Yes,1,Government,Dallas,Fortune 500,None,2.0,60.0,2,60220,68867,6.9
GRAD_003275,2020,21,Female,Other,Regional,Finance,3.56,2,Yes,1,Government,Boston,Startup,None,2.0,0.0,4,103431,118077,2.9
GRAD_003276,2015,22,Female,White,Regional,Finance,3.09,1,No,3,Technology,Philadelphia,Startup,Masters,4.0,80.0,9,93298,168431,7.5
GRAD_003277,2023,20,Male,White,Top 10,Liberal Arts,3.53,3,No,1,Education,Atlanta,Fortune 500,None,,80.0,1,63719,75850,4.7
GRAD_003278,2019,21,Female,White,Top 100,Business,3.59,2,Yes,1,Energy,Denver,Small,None,2.0,60.0,5,92960,131348,7.8
GRAD_003279,2015,21,Female,Asian,Top 100,Economics,3.23,1,Yes,0,Real Estate,Dallas,Large,Masters,3.0,60.0,9,78294,122662,5.6
GRAD_003280,2022,20,Male,Asian,Regional,Business,3.37,2,No,1,Retail,Washington DC,Startup,None,2.0,0.0,2,78712,89925,3.0
GRAD_003281,2019,22,Male,Asian,Top 50,Economics,3.76,2,No,0,Consulting,Boston,Medium,Masters,1.0,100.0,5,150124,235167,7.3
GRAD_003282,2017,23,Female,Hispanic,Regional,Psychology,3.22,2,No,4,Education,Portland,Large,PhD,3.0,0.0,7,53814,97085,5.2
GRAD_003283,2022,25,Male,Black,Top 100,Psychology,3.1,1,No,3,Real Estate,Portland,Startup,Masters,2.0,20.0,2,69438,91448,3.1
GRAD_003284,2019,23,Female,Hispanic,Regional,Business,3.44,0,Yes,2,Real Estate,Chicago,Startup,MBA,0.0,0.0,5,86477,138867,5.1
GRAD_003285,2020,20,Female,Asian,Top 100,Political Science,3.23,1,No,1,Consulting,Austin,Medium,None,4.0,60.0,4,72103,99277,6.7
GRAD_003286,2022,21,Male,White,Top 10,Economics,3.34,1,No,0,Education,Dallas,Large,None,1.0,100.0,2,81750,94837,7.0
GRAD_003287,2020,25,Female,White,Regional,Mathematics,3.66,3,No,0,Media,Boston,Startup,None,2.0,0.0,4,76542,97515,5.9
GRAD_003288,2016,23,Female,White,Regional,Business,2.9,0,No,1,Consulting,Los Angeles,Small,None,1.0,80.0,8,106615,135502,5.5
GRAD_003289,2023,24,Female,Hispanic,Regional,Data Science,3.5,2,,1,Consulting,Denver,Large,Masters,,20.0,1,126981,149300,6.7
GRAD_003290,2018,21,Male,Asian,Regional,Liberal Arts,3.08,3,No,0,Media,Washington DC,Medium,None,0.0,0.0,6,69154,96005,4.4
GRAD_003291,2023,22,Female,White,Regional,Data Science,3.19,1,No,1,Manufacturing,Los Angeles,Fortune 500,Masters,6.0,20.0,1,104781,138343,5.3
GRAD_003292,2015,22,Male,Asian,Regional,Marketing,3.32,2,Yes,0,Media,Atlanta,Medium,None,1.0,60.0,9,56499,86201,5.5
GRAD_003293,2019,23,Female,White,Top 50,Data Science,3.26,0,Yes,1,Education,Seattle,Fortune 500,None,3.0,60.0,5,105379,134412,8.6
GRAD_003294,2021,21,Male,White,Regional,Biology,2.71,4,No,1,Healthcare,Portland,Large,None,3.0,0.0,3,70112,87185,6.0
GRAD_003295,2023,23,Male,Asian,Top 50,Mathematics,3.78,1,No,0,Retail,Seattle,Large,None,3.0,,1,101824,116689,7.5
GRAD_003296,2022,22,Male,White,Top 100,Data Science,3.7,1,Yes,0,Technology,Seattle,Medium,Masters,4.0,0.0,2,151333,198523,7.7
GRAD_003297,2017,20,Female,White,Top 100,Economics,3.25,3,No,0,Real Estate,Dallas,Large,None,1.0,20.0,7,86818,129418,8.1
GRAD_003298,2017,22,Female,White,Top 10,Communications,3.63,2,No,1,Education,Austin,Fortune 500,None,0.0,80.0,7,76632,109290,8.2
GRAD_003299,2018,24,Male,Asian,Top 50,Psychology,3.16,5,No,2,Manufacturing,Atlanta,Medium,None,3.0,20.0,6,82394,114952,9.2
GRAD_003300,2016,22,Female,Black,Top 50,Chemistry,2.96,0,No,3,Real Estate,Phoenix,Large,None,0.0,80.0,8,79782,109270,7.1
GRAD_003301,2021,22,Male,Asian,Regional,Liberal Arts,3.32,0,No,0,Finance,Portland,Large,None,0.0,40.0,3,72494,85584,3.6
GRAD_003302,2023,24,Male,Asian,Regional,Finance,2.89,1,No,2,Education,Atlanta,Large,MBA,1.0,20.0,1,58599,78908,6.5
GRAD_003303,2021,23,Male,Asian,Top 50,Economics,3.51,1,No,3,Technology,Dallas,Medium,MD,2.0,100.0,3,112419,201830,9.7
GRAD_003304,2020,20,Female,White,Regional,Engineering,3.05,0,Yes,1,Retail,Boston,Medium,None,3.0,40.0,4,91325,107934,9.9
GRAD_003305,2020,22,Female,White,Top 100,Computer Science,2.74,1,,3,Finance,Chicago,Medium,None,0.0,60.0,4,144969,163825,7.7
GRAD_003306,2020,22,Male,White,Top 50,Business,2.03,0,,0,Manufacturing,Los Angeles,Large,None,4.0,40.0,4,90023,117486,5.5
GRAD_003307,2021,22,Female,White,Top 100,Business,3.26,0,No,0,Government,Portland,Fortune 500,Masters,0.0,40.0,3,78146,99323,5.4
GRAD_003308,2022,23,Female,Hispanic,Top 100,Marketing,3.41,0,No,1,Transportation,Portland,Large,MBA,0.0,60.0,2,67554,87789,6.6
GRAD_003309,2021,22,Male,White,Regional,Chemistry,3.77,4,Yes,0,Technology,Chicago,Medium,JD,2.0,60.0,3,123853,184362,9.8
GRAD_003310,2021,22,Female,Hispanic,Regional,Business,2.69,3,No,2,Healthcare,Portland,Large,None,5.0,40.0,3,95633,123363,3.9
GRAD_003311,2023,22,Female,Black,Regional,Communications,3.65,1,No,2,Manufacturing,San Francisco,Fortune 500,PhD,4.0,60.0,1,91894,120590,5.5
GRAD_003312,2023,23,Male,Asian,Top 100,Psychology,3.13,1,Yes,0,Retail,Chicago,Medium,None,2.0,0.0,1,57078,65536,5.7
GRAD_003313,2022,21,Female,White,Regional,Business,3.28,2,,2,Non-profit,San Francisco,Large,Masters,2.0,20.0,2,85367,110428,7.7
GRAD_003314,2015,22,Male,White,Regional,Economics,3.3,2,No,1,Education,Washington DC,Large,None,1.0,40.0,9,62922,100851,8.0
GRAD_003315,2021,22,Male,Hispanic,Top 50,Computer Science,3.3,0,Yes,1,Retail,Philadelphia,Startup,MD,2.0,0.0,3,84798,154652,7.0
GRAD_003316,2019,21,Female,Asian,Top 50,Computer Science,2.59,0,No,0,Technology,San Francisco,Large,None,0.0,0.0,5,225520,273219,9.2
GRAD_003317,2020,23,Female,White,Top 100,Economics,3.55,1,Yes,0,Energy,Atlanta,Large,None,1.0,0.0,4,96791,115884,9.7
GRAD_003318,2021,23,Male,Other,Regional,Chemistry,3.59,1,No,1,Government,Dallas,Large,Masters,1.0,20.0,3,52443,70843,7.9
GRAD_003319,2021,20,Male,White,Top 100,Psychology,3.63,2,No,1,Non-profit,Dallas,Small,None,5.0,0.0,3,50039,72872,5.1
GRAD_003320,2022,22,Male,White,Top 50,Computer Science,3.47,5,Yes,1,Education,Los Angeles,Fortune 500,None,3.0,60.0,2,109763,130702,10.0
GRAD_003321,2023,24,Male,White,Regional,Data Science,3.23,2,No,0,Transportation,Portland,Medium,None,3.0,20.0,1,86279,100350,6.2
GRAD_003322,2020,24,Male,White,Regional,Finance,2.79,1,,0,Finance,San Francisco,Large,Masters,0.0,100.0,4,153315,217947,7.0
GRAD_003323,2023,23,Male,White,Regional,Finance,3.46,1,No,1,Finance,Dallas,Large,None,3.0,0.0,1,102251,117305,8.3
GRAD_003324,2022,24,Female,White,Top 100,Finance,3.31,2,Yes,0,Finance,Boston,Fortune 500,None,3.0,20.0,2,143125,155910,6.5
GRAD_003325,2017,22,Female,Other,Top 100,Economics,3.3,2,Yes,2,Transportation,Phoenix,Medium,None,2.0,0.0,7,62881,86613,7.4
GRAD_003326,2015,23,Female,White,Top 50,Business,3.45,1,No,0,Government,Denver,Large,None,3.0,20.0,9,73248,114006,4.0
GRAD_003327,2015,22,Male,White,Top 10,Data Science,3.28,3,No,1,Healthcare,Dallas,Small,None,2.0,40.0,9,131790,220384,5.3
GRAD_003328,2020,23,Female,Asian,Top 100,Chemistry,3.14,2,No,0,Non-profit,Seattle,Large,None,3.0,20.0,4,69980,94213,5.3
GRAD_003329,2020,25,Female,Other,Regional,Finance,2.89,3,Yes,0,Education,Denver,Startup,None,1.0,60.0,4,77559,88331,7.6
GRAD_003330,2021,24,Female,White,Regional,Liberal Arts,3.3,2,Yes,1,Non-profit,Austin,Fortune 500,None,1.0,20.0,3,52557,59977,5.8
GRAD_003331,2022,21,Female,White,Regional,Finance,3.82,3,No,1,Transportation,San Francisco,Large,None,2.0,40.0,2,139618,161391,9.7
GRAD_003332,2016,24,Male,White,Top 10,Business,2.91,0,No,3,Media,New York,Medium,None,1.0,60.0,8,99284,170512,6.8
GRAD_003333,2022,22,Male,Black,Top 50,Computer Science,3.65,1,No,4,Education,Los Angeles,Large,None,2.0,80.0,2,109763,130606,8.6
GRAD_003334,2016,23,Male,White,Regional,Data Science,3.55,1,No,0,Energy,Washington DC,Small,Masters,,100.0,8,117493,211494,10.0
GRAD_003335,2023,22,Female,White,Top 100,Biology,2.7,0,No,1,Retail,Atlanta,Fortune 500,None,3.0,60.0,1,50289,58332,5.3
GRAD_003336,2022,23,Female,White,Regional,Engineering,3.51,1,No,1,Manufacturing,Washington DC,Startup,None,1.0,40.0,2,90980,98764,4.6
GRAD_003337,2021,23,Female,White,Top 100,Computer Science,3.31,1,No,3,Manufacturing,Dallas,Fortune 500,None,2.0,40.0,3,85717,98247,7.6
GRAD_003338,2018,24,Male,Black,Top 100,Engineering,3.27,1,No,0,Retail,Denver,Small,None,2.0,20.0,6,73988,100055,7.4
GRAD_003339,2016,21,Male,Asian,Regional,Finance,4.0,3,No,1,Manufacturing,Philadelphia,Fortune 500,None,3.0,40.0,8,84364,119824,6.1
GRAD_003340,2022,23,Male,White,Top 100,Economics,3.63,0,Yes,1,Education,Denver,Large,None,4.0,40.0,2,67420,83938,4.5
GRAD_003341,2017,20,Male,White,Top 50,Political Science,2.98,0,No,0,Energy,Denver,Medium,Masters,7.0,40.0,7,83265,140607,8.8
GRAD_003342,2019,21,Male,White,Top 100,Liberal Arts,3.52,1,No,3,Retail,San Francisco,Fortune 500,None,0.0,60.0,5,72322,101044,7.6
GRAD_003343,2020,20,Male,White,Top 50,Engineering,2.98,1,No,0,Education,New York,Large,None,3.0,60.0,4,104177,139090,8.6
GRAD_003344,2021,23,Male,White,Top 10,Economics,2.99,2,Yes,0,Healthcare,Seattle,Large,None,1.0,0.0,3,123214,149599,6.1
GRAD_003345,2019,23,Other,White,Regional,Data Science,3.36,1,Yes,0,Non-profit,Atlanta,Fortune 500,Masters,3.0,20.0,5,66809,116203,10.0
GRAD_003346,2021,22,Female,Asian,Regional,Marketing,3.71,2,,1,Finance,Seattle,Fortune 500,None,2.0,0.0,3,122239,138055,6.0
GRAD_003347,2022,24,Male,Hispanic,Regional,Engineering,2.78,1,No,1,Transportation,Philadelphia,Fortune 500,None,1.0,0.0,2,79424,91619,6.5
GRAD_003348,2021,21,Female,Asian,Top 50,Business,3.12,1,No,0,Government,Denver,Startup,Masters,3.0,80.0,3,81041,117510,9.4
GRAD_003349,2018,20,Male,White,Regional,Engineering,3.71,5,No,1,Finance,New York,Large,MD,3.0,0.0,6,199675,448081,8.6
GRAD_003350,2023,23,Male,White,Top 100,Computer Science,2.97,2,No,0,Government,Philadelphia,Large,None,3.0,,1,93084,106289,6.9
GRAD_003351,2020,24,Male,Asian,Regional,Biology,3.31,1,Yes,1,Government,Portland,Medium,None,1.0,80.0,4,64664,84977,7.3
GRAD_003352,2019,22,Other,Asian,Top 50,Data Science,3.19,1,No,1,Real Estate,Boston,Startup,Masters,2.0,40.0,5,125550,193815,4.3
GRAD_003353,2020,25,Female,Hispanic,Top 10,Computer Science,3.75,0,No,0,Finance,Atlanta,Fortune 500,None,1.0,100.0,4,140609,161244,7.8
GRAD_003354,2019,23,Female,Other,Top 100,Marketing,3.41,3,No,2,Technology,Phoenix,Fortune 500,MBA,3.0,40.0,5,86521,147343,7.0
GRAD_003355,2022,23,Male,White,Top 100,Economics,3.2,1,Yes,0,Real Estate,Los Angeles,Medium,Masters,2.0,100.0,2,84328,110533,4.4
GRAD_003356,2019,21,Other,White,Regional,Economics,3.01,0,Yes,0,Transportation,San Francisco,Large,Masters,3.0,100.0,5,101112,168733,7.9
GRAD_003357,2022,20,Male,White,Regional,Political Science,4.0,3,No,2,Education,Atlanta,Medium,None,2.0,20.0,2,47847,59076,4.4
GRAD_003358,2022,22,Male,White,Regional,Business,3.27,0,No,0,Retail,Boston,Fortune 500,None,0.0,0.0,2,69111,77339,3.4
GRAD_003359,2018,24,Female,White,Regional,Biology,3.22,0,No,1,Technology,Denver,Medium,None,2.0,40.0,6,74354,92551,5.8
GRAD_003360,2016,22,Female,White,Top 100,Psychology,3.47,3,Yes,1,Healthcare,Dallas,Small,Masters,1.0,60.0,8,78311,147797,7.4
GRAD_003361,2022,21,Female,Hispanic,Regional,Liberal Arts,3.55,3,No,1,Technology,Portland,Fortune 500,Masters,2.0,60.0,2,91983,123297,4.2
GRAD_003362,2016,21,Female,White,Regional,Liberal Arts,2.81,0,No,2,Government,Dallas,Medium,None,5.0,0.0,8,49521,81072,2.9
GRAD_003363,2015,23,Male,Hispanic,Top 50,Mathematics,3.23,1,No,0,Healthcare,San Francisco,Large,None,2.0,60.0,9,132713,215498,5.1
GRAD_003364,2019,20,Female,White,Top 50,Psychology,2.92,1,No,1,Energy,Boston,Large,None,2.0,40.0,5,96347,127911,5.4
GRAD_003365,2017,23,Female,White,Top 50,Chemistry,3.1,2,Yes,1,Non-profit,New York,Large,None,1.0,0.0,7,79862,119360,9.5
GRAD_003366,2017,21,Male,Asian,Top 100,Liberal Arts,3.75,0,Yes,1,Energy,Atlanta,Small,MBA,,20.0,7,64504,114512,7.1
GRAD_003367,2017,22,Female,Hispanic,Top 50,Liberal Arts,3.7,3,No,1,Manufacturing,Philadelphia,Medium,None,4.0,20.0,7,83712,131449,3.3
GRAD_003368,2021,23,Female,White,Regional,Economics,3.51,1,Yes,0,Consulting,Phoenix,Medium,None,2.0,0.0,3,71026,86163,7.3
GRAD_003369,2022,21,Male,White,Regional,Liberal Arts,2.81,0,No,0,Finance,Denver,Large,None,1.0,80.0,2,65638,75999,3.2
GRAD_003370,2015,22,Female,White,Regional,Communications,3.37,2,No,1,Retail,Austin,Large,MBA,3.0,20.0,9,64250,134989,7.6
GRAD_003371,2020,20,Female,White,Regional,Political Science,3.1,3,No,0,Real Estate,New York,Medium,PhD,0.0,40.0,4,90425,130176,7.0
GRAD_003372,2016,22,Other,Asian,Regional,Business,3.65,1,No,1,Retail,Philadelphia,Medium,None,2.0,0.0,8,69976,100402,7.6
GRAD_003373,2019,23,Male,White,Top 50,Business,3.1,4,Yes,1,Media,San Francisco,Medium,None,4.0,40.0,5,107748,158526,7.0
GRAD_003374,2018,23,Female,White,Top 10,Computer Science,3.01,3,No,1,Healthcare,Washington DC,Medium,None,4.0,20.0,6,165838,218268,3.8
GRAD_003375,2017,24,Male,White,Regional,Business,3.43,3,No,1,Healthcare,New York,Large,None,3.0,0.0,7,99228,152464,5.4
GRAD_003376,2023,23,Male,White,Top 100,Psychology,3.72,2,No,2,Media,Austin,Medium,Masters,0.0,20.0,1,60139,72350,6.5
GRAD_003377,2023,21,Female,White,Regional,Business,3.67,1,No,0,Media,Phoenix,Fortune 500,PhD,1.0,80.0,1,57836,74876,6.7
GRAD_003378,2020,20,Female,White,Regional,Data Science,3.75,1,No,0,Education,Atlanta,Small,None,0.0,60.0,4,69649,79788,5.9
GRAD_003379,2017,23,Male,White,Regional,Chemistry,3.76,2,No,0,Media,Miami,Medium,None,1.0,0.0,7,71218,101179,7.8
GRAD_003380,2020,21,Male,White,Top 50,Engineering,3.87,1,Yes,1,Energy,Phoenix,Startup,None,4.0,20.0,4,105561,138363,6.9
GRAD_003381,2023,20,Female,Other,Regional,Computer Science,3.36,1,No,2,Manufacturing,San Francisco,Medium,PhD,2.0,0.0,1,121471,145012,6.0
GRAD_003382,2018,25,Male,White,Top 100,Computer Science,3.14,5,No,0,Government,Portland,Fortune 500,None,4.0,20.0,6,119902,173995,7.5
GRAD_003383,2016,22,Male,White,Regional,Marketing,3.01,0,No,3,Education,Dallas,Medium,MD,,20.0,8,56215,110285,6.6
GRAD_003384,2021,23,Male,Hispanic,Top 50,Political Science,3.72,1,No,0,Media,New York,Fortune 500,Masters,1.0,20.0,3,103467,145421,3.7
GRAD_003385,2021,22,Male,Hispanic,Top 50,Psychology,3.24,3,Yes,0,Media,Chicago,Medium,None,1.0,80.0,3,70093,83893,8.1
GRAD_003386,2015,22,Female,White,Regional,Computer Science,2.98,3,No,1,Consulting,Los Angeles,Startup,None,2.0,,9,153686,207461,9.5
GRAD_003387,2022,21,Female,Asian,Regional,Economics,3.48,1,Yes,0,Finance,San Francisco,Fortune 500,None,2.0,60.0,2,127847,147791,6.3
GRAD_003388,2021,21,Female,Asian,Top 100,Psychology,2.79,1,No,0,Energy,Portland,Fortune 500,None,2.0,,3,76386,93945,7.7
GRAD_003389,2017,25,Male,Black,Top 10,Economics,2.92,3,No,0,Government,Portland,Fortune 500,None,2.0,20.0,7,117435,153553,6.3
GRAD_003390,2015,20,Male,Black,Regional,Business,3.38,4,No,1,Manufacturing,Portland,Large,Masters,2.0,0.0,9,88143,162832,6.1
GRAD_003391,2023,21,Male,White,Top 100,Economics,3.61,1,No,1,Non-profit,Dallas,Startup,JD,0.0,40.0,1,59247,79394,6.4
GRAD_003392,2022,21,Female,White,Top 100,Marketing,3.18,0,No,2,Retail,Denver,Large,None,0.0,40.0,2,56127,58777,4.6
GRAD_003393,2018,23,Male,Hispanic,Top 50,Liberal Arts,3.22,3,No,0,Manufacturing,Denver,Large,None,2.0,40.0,6,78662,114058,7.9
GRAD_003394,2019,21,Male,Asian,Top 50,Mathematics,3.58,0,Yes,1,Consulting,Seattle,Small,None,1.0,60.0,5,118065,166036,8.3
GRAD_003395,2020,21,Female,White,Regional,Finance,3.59,0,No,1,Energy,Washington DC,Large,Masters,2.0,80.0,4,110813,151559,7.9
GRAD_003396,2021,23,Female,Other,Top 100,Psychology,2.57,0,No,0,Technology,Washington DC,Startup,None,2.0,0.0,3,101631,117372,6.5
GRAD_003397,2017,25,Male,Other,Top 50,Economics,3.82,0,No,2,Healthcare,Boston,Large,None,5.0,20.0,7,134893,185850,9.0
GRAD_003398,2017,21,Male,Black,Regional,Engineering,3.19,0,No,0,Education,Boston,Large,MBA,5.0,20.0,7,88670,183184,9.9
GRAD_003399,2015,20,Female,White,Top 10,Engineering,3.04,1,No,0,Education,Seattle,Medium,None,0.0,40.0,9,102389,167121,10.0
GRAD_003400,2023,22,Male,White,Top 10,Psychology,3.14,4,Yes,2,Technology,Austin,Fortune 500,MBA,2.0,0.0,1,118156,162716,9.1
GRAD_003401,2022,23,Male,White,Regional,Chemistry,2.82,1,Yes,1,Technology,Philadelphia,Large,Masters,2.0,,2,87800,117326,5.7
GRAD_003402,2020,22,Female,Hispanic,Top 50,Liberal Arts,4.0,0,Yes,1,Education,Chicago,Small,None,2.0,0.0,4,60500,73820,4.9
GRAD_003403,2019,23,Male,White,Top 10,Business,2.84,3,No,1,Real Estate,Atlanta,Fortune 500,Masters,2.0,40.0,5,93481,149174,7.4
GRAD_003404,2017,21,Female,White,Top 100,Psychology,2.78,0,Yes,0,Consulting,Seattle,Small,None,,20.0,7,86810,114049,6.4
GRAD_003405,2020,26,Male,White,Top 50,Psychology,3.21,2,No,2,Real Estate,Portland,Startup,None,3.0,40.0,4,86486,110960,7.9
GRAD_003406,2021,23,Female,Asian,Regional,Business,2.82,0,Yes,1,Retail,Denver,Large,None,1.0,40.0,3,59288,66207,2.9
GRAD_003407,2021,21,Male,Asian,Top 50,Business,3.34,1,Yes,3,Education,Miami,Small,Masters,3.0,40.0,3,75299,110636,8.5
GRAD_003408,2015,21,Female,White,Regional,Computer Science,3.87,2,No,2,Real Estate,Seattle,Medium,None,1.0,0.0,9,141921,198930,6.9
GRAD_003409,2021,22,Male,Asian,Top 100,Biology,3.36,2,Yes,2,Manufacturing,Washington DC,Medium,None,0.0,60.0,3,76410,90395,6.5
GRAD_003410,2022,23,Female,Asian,Regional,Engineering,3.42,1,No,1,Finance,Denver,Small,PhD,1.0,20.0,2,108550,147716,6.3
GRAD_003411,2016,20,Male,Black,Regional,Computer Science,3.2,2,Yes,1,Media,New York,Large,None,1.0,0.0,8,113108,149374,8.9
GRAD_003412,2022,22,Male,Asian,Regional,Business,2.94,3,No,0,Consulting,Washington DC,Small,None,0.0,20.0,2,118638,133216,7.5
GRAD_003413,2022,23,Female,White,Top 100,Computer Science,3.2,4,No,5,Finance,Washington DC,Startup,None,5.0,40.0,2,167946,192007,8.4
GRAD_003414,2018,23,Female,Asian,Top 100,Data Science,3.67,4,No,1,Healthcare,Miami,Large,MBA,1.0,20.0,6,122963,179724,7.4
GRAD_003415,2021,23,Male,White,Top 100,Liberal Arts,3.78,0,Yes,3,Consulting,Los Angeles,Medium,PhD,3.0,40.0,3,99862,140307,7.4
GRAD_003416,2016,24,Male,White,Regional,Communications,3.31,2,Yes,0,Real Estate,Boston,Medium,MBA,1.0,0.0,8,72323,137313,4.8
GRAD_003417,2021,20,Male,Other,Top 100,Marketing,3.61,4,No,5,Real Estate,Seattle,Fortune 500,None,3.0,40.0,3,110398,133098,6.4
GRAD_003418,2020,22,Female,Asian,Top 50,Computer Science,3.03,0,No,0,Transportation,San Francisco,Medium,None,2.0,0.0,4,164008,196781,4.5
GRAD_003419,2022,20,Other,Other,Regional,Biology,3.08,2,Yes,2,Education,San Francisco,Startup,None,3.0,100.0,2,63466,80559,6.7
GRAD_003420,2019,22,Male,White,Top 100,Engineering,2.74,1,No,1,Technology,Atlanta,Fortune 500,PhD,3.0,0.0,5,115241,185945,4.1
GRAD_003421,2019,24,Female,White,Top 100,Psychology,3.69,2,Yes,1,Consulting,Seattle,Large,None,1.0,40.0,5,90807,120444,6.2
GRAD_003422,2023,22,Female,White,Top 10,Business,3.1,0,No,3,Media,Boston,Small,None,1.0,0.0,1,86809,88685,7.1
GRAD_003423,2023,21,Male,White,Top 100,Biology,2.84,2,No,0,Technology,Boston,Small,Masters,0.0,0.0,1,92815,110641,7.2
GRAD_003424,2015,23,Female,White,Regional,Engineering,3.48,1,No,1,Manufacturing,Los Angeles,Fortune 500,None,3.0,40.0,9,111909,194652,6.7
GRAD_003425,2019,22,Female,White,Regional,Liberal Arts,3.77,4,No,2,Real Estate,Phoenix,Fortune 500,None,5.0,0.0,5,65239,99992,6.8
GRAD_003426,2016,22,Female,White,Top 50,Engineering,3.17,2,Yes,1,Non-profit,Boston,Large,None,,60.0,8,81869,128734,8.2
GRAD_003427,2018,25,Male,White,Top 100,Data Science,2.68,3,No,1,Media,Denver,Small,Masters,1.0,0.0,6,108735,173559,8.0
GRAD_003428,2021,20,Male,Black,Regional,Engineering,3.19,2,No,2,Consulting,Miami,Large,MBA,4.0,20.0,3,110924,174241,9.8
GRAD_003429,2016,21,Female,Hispanic,Top 50,Finance,3.38,2,No,2,Healthcare,Boston,Large,None,1.0,,8,122822,182784,6.2
GRAD_003430,2015,23,Female,White,Regional,Business,3.51,1,No,1,Energy,Phoenix,Medium,MBA,1.0,60.0,9,73882,160906,8.1
GRAD_003431,2021,24,Male,White,Top 100,Liberal Arts,3.57,1,No,0,Technology,Miami,Fortune 500,None,3.0,20.0,3,80945,99324,6.3
GRAD_003432,2021,21,Female,White,Top 100,Data Science,3.33,0,Yes,0,Real Estate,Philadelphia,Large,None,1.0,0.0,3,91241,105716,7.5
GRAD_003433,2023,21,Male,White,Regional,Business,3.21,2,No,0,Finance,Philadelphia,Fortune 500,JD,1.0,0.0,1,79596,111906,6.6
GRAD_003434,2020,22,Female,Other,Regional,Computer Science,3.54,4,Yes,1,Healthcare,Dallas,Large,MBA,,40.0,4,121265,172198,6.5
GRAD_003435,2023,22,Male,Asian,Top 100,Economics,2.84,2,Yes,0,Education,Chicago,Fortune 500,None,0.0,20.0,1,59860,63775,6.8
GRAD_003436,2020,23,Female,Asian,Top 50,Data Science,2.96,1,No,1,Healthcare,Austin,Large,MD,2.0,0.0,4,139494,270429,6.8
GRAD_003437,2019,22,Female,Asian,Regional,Data Science,3.05,3,Yes,2,Manufacturing,Washington DC,Large,None,0.0,0.0,5,112395,142538,9.7
GRAD_003438,2020,23,Male,White,Top 100,Political Science,3.15,0,Yes,1,Media,Atlanta,Small,None,3.0,0.0,4,57983,80533,5.2
GRAD_003439,2021,20,Female,Hispanic,Top 10,Computer Science,2.82,0,No,1,Energy,New York,Large,None,1.0,0.0,3,214215,238162,7.0
GRAD_003440,2018,22,Female,White,Top 100,Business,3.64,0,No,1,Media,Miami,Small,None,1.0,40.0,6,61501,76818,3.5
GRAD_003441,2018,22,Male,White,Top 100,Mathematics,2.88,0,No,1,Technology,Dallas,Startup,None,2.0,20.0,6,79439,122496,8.7
GRAD_003442,2021,23,Female,White,Regional,Engineering,2.36,5,Yes,1,Healthcare,New York,Small,None,1.0,0.0,3,127241,153265,7.7
GRAD_003443,2019,26,Male,Other,Top 50,Liberal Arts,3.65,3,No,0,Consulting,Washington DC,Fortune 500,PhD,2.0,0.0,5,93707,160675,9.8
GRAD_003444,2020,23,Male,White,Top 100,Communications,3.48,2,No,1,Transportation,Seattle,Medium,Masters,2.0,0.0,4,79558,123399,5.9
GRAD_003445,2023,21,Female,White,Top 10,Biology,3.28,2,No,0,Government,Philadelphia,Startup,MBA,3.0,20.0,1,86673,117857,5.2
GRAD_003446,2015,23,Female,Other,Top 50,Political Science,3.46,1,,1,Real Estate,Miami,Large,None,1.0,0.0,9,71120,122928,7.7
GRAD_003447,2021,22,Male,Asian,Regional,Chemistry,3.34,1,Yes,1,Transportation,Washington DC,Startup,None,2.0,0.0,3,63624,80583,2.5
GRAD_003448,2023,21,Other,Asian,Top 100,Liberal Arts,3.71,1,No,1,Energy,Philadelphia,Medium,None,1.0,100.0,1,83002,91162,6.6
GRAD_003449,2017,21,Male,Hispanic,Top 100,Business,3.03,0,No,0,Real Estate,Portland,Medium,Masters,1.0,60.0,7,81561,122339,6.8
GRAD_003450,2017,21,Female,Black,Top 50,Business,3.91,1,No,3,Government,Boston,Large,None,,0.0,7,107031,138654,6.9
GRAD_003451,2018,20,Male,Black,Regional,Engineering,3.63,1,No,2,Real Estate,Washington DC,Large,None,2.0,60.0,6,107519,136782,7.2
GRAD_003452,2015,20,Male,Black,Top 100,Chemistry,3.09,1,No,1,Technology,Washington DC,Small,None,0.0,0.0,9,110289,196272,6.8
GRAD_003453,2020,23,Female,Hispanic,Top 100,Mathematics,3.03,0,,1,Technology,Portland,Startup,Masters,1.0,0.0,4,118198,157750,10.0
GRAD_003454,2021,21,Male,White,Regional,Computer Science,3.35,3,No,1,Healthcare,Dallas,Medium,None,2.0,40.0,3,119168,139964,5.7
GRAD_003455,2022,22,Male,Asian,Regional,Communications,2.91,2,No,0,Real Estate,Washington DC,Large,None,0.0,40.0,2,70693,80647,7.2
GRAD_003456,2015,21,Female,White,Top 100,Marketing,3.23,1,No,1,Healthcare,New York,Small,None,0.0,0.0,9,90433,151480,6.0
GRAD_003457,2019,23,Female,Hispanic,Top 100,Computer Science,3.77,3,No,0,Real Estate,Miami,Small,None,3.0,0.0,5,111651,142520,7.1
GRAD_003458,2022,21,Female,Other,Top 100,Computer Science,3.36,2,Yes,1,Retail,Washington DC,Medium,None,0.0,60.0,2,96519,99199,7.4
GRAD_003459,2022,20,Female,White,Top 100,Liberal Arts,4.0,4,No,0,Consulting,Seattle,Medium,None,3.0,0.0,2,119229,140283,7.3
GRAD_003460,2015,24,Male,Hispanic,Regional,Computer Science,3.03,2,No,1,Manufacturing,Atlanta,Medium,None,2.0,40.0,9,97193,180104,6.8
GRAD_003461,2015,22,Female,White,Regional,Chemistry,3.46,1,Yes,1,Finance,Seattle,Small,MBA,2.0,0.0,9,97969,195159,6.7
GRAD_003462,2022,22,Female,White,Regional,Marketing,3.11,3,Yes,1,Manufacturing,Philadelphia,Medium,Masters,1.0,60.0,2,70798,93433,5.1
GRAD_003463,2016,22,Female,Asian,Regional,Liberal Arts,3.23,0,No,2,Media,Austin,Fortune 500,None,3.0,40.0,8,53514,77050,5.3
GRAD_003464,2020,21,Female,White,Top 10,Engineering,3.48,1,Yes,0,Retail,Philadelphia,Large,None,2.0,20.0,4,87538,113172,7.8
GRAD_003465,2016,23,Male,Hispanic,Top 100,Engineering,3.04,0,No,1,Transportation,Chicago,Medium,Masters,3.0,40.0,8,99660,198689,7.2
GRAD_003466,2018,20,Male,Black,Top 50,Data Science,3.0,0,Yes,1,Energy,Denver,Startup,None,4.0,20.0,6,134217,199079,8.0
GRAD_003467,2016,20,Female,Black,Top 50,Data Science,3.14,1,No,0,Finance,Chicago,Medium,None,3.0,60.0,8,153548,239910,5.4
GRAD_003468,2021,22,Female,White,Regional,Economics,3.11,3,Yes,0,Consulting,Phoenix,Startup,None,3.0,20.0,3,97260,118361,6.8
GRAD_003469,2021,20,Male,Hispanic,Regional,Data Science,2.95,4,No,0,Transportation,Phoenix,Medium,None,2.0,80.0,3,72022,93646,7.7
GRAD_003470,2016,20,Male,Black,Regional,Economics,3.81,0,Yes,2,Non-profit,Portland,Large,None,3.0,100.0,8,58197,92409,5.2
GRAD_003471,2015,23,Male,Other,Top 50,Computer Science,3.19,3,No,0,Government,Philadelphia,Startup,None,0.0,0.0,9,123560,203242,5.5
GRAD_003472,2019,22,Male,White,Top 100,Business,3.59,1,No,0,Technology,Dallas,Small,MBA,6.0,0.0,5,83163,146309,7.4
GRAD_003473,2017,22,Male,Asian,Top 100,Economics,3.57,1,No,0,Transportation,Philadelphia,Startup,None,1.0,20.0,7,72241,95979,2.9
GRAD_003474,2015,20,Male,Black,Regional,Communications,3.66,0,No,0,Transportation,New York,Medium,MBA,1.0,100.0,9,72017,126335,6.9
GRAD_003475,2017,24,Male,Asian,Regional,Marketing,2.83,3,No,1,Manufacturing,Los Angeles,Medium,None,5.0,20.0,7,90301,126390,7.8
GRAD_003476,2017,24,Female,Hispanic,Top 10,Business,3.18,1,Yes,1,Finance,Boston,Medium,None,,0.0,7,149406,197273,6.5
GRAD_003477,2021,20,Female,Asian,Top 50,Marketing,3.54,0,No,1,Transportation,Miami,Large,None,2.0,60.0,3,61022,68332,3.0
GRAD_003478,2022,22,Female,White,Top 50,Engineering,3.08,5,No,2,Government,Portland,Large,MBA,4.0,40.0,2,109037,156349,7.9
GRAD_003479,2017,21,Male,Black,Top 100,Biology,3.82,2,No,1,Consulting,New York,Large,None,,60.0,7,129363,175064,8.1
GRAD_003480,2017,22,Male,Asian,Top 100,Liberal Arts,2.87,1,Yes,4,Energy,New York,Small,Masters,1.0,40.0,7,101708,165417,7.3
GRAD_003481,2019,24,Male,White,Top 100,Mathematics,3.59,1,Yes,1,Finance,Austin,Small,PhD,6.0,40.0,5,90764,161353,5.2
GRAD_003482,2017,21,Female,Asian,Top 50,Psychology,3.14,2,No,2,Manufacturing,Dallas,Startup,None,1.0,20.0,7,58422,80099,5.3
GRAD_003483,2023,23,Male,White,Top 100,Liberal Arts,3.67,0,No,2,Education,Denver,Large,None,6.0,20.0,1,54569,75335,7.3
GRAD_003484,2017,20,Male,Asian,Top 10,Business,3.39,1,Yes,0,Transportation,Miami,Fortune 500,None,1.0,20.0,7,82324,117655,8.8
GRAD_003485,2016,21,Male,White,Top 100,Business,3.0,1,Yes,1,Finance,Miami,Small,Masters,,0.0,8,93641,174815,5.1
GRAD_003486,2020,21,Male,White,Top 10,Engineering,3.59,2,No,1,Transportation,New York,Fortune 500,None,0.0,20.0,4,124940,161083,5.9
GRAD_003487,2020,21,Female,Black,Top 50,Data Science,2.7,0,No,0,Technology,Philadelphia,Large,None,3.0,40.0,4,127377,141732,7.8
GRAD_003488,2021,22,Female,Asian,Top 50,Biology,3.18,3,,0,Retail,Dallas,Large,None,0.0,20.0,3,68022,73213,4.9
GRAD_003489,2023,22,Male,Asian,Top 100,Liberal Arts,3.14,4,No,1,Technology,Miami,Large,None,2.0,80.0,1,93267,102465,7.3
GRAD_003490,2018,22,Female,Hispanic,Top 50,Psychology,3.45,3,No,1,Media,New York,Large,None,1.0,20.0,6,79661,102741,6.4
GRAD_003491,2018,23,Male,White,Top 10,Biology,2.36,1,No,1,Consulting,Miami,Small,None,2.0,0.0,6,81114,117878,8.8
GRAD_003492,2018,23,Female,Asian,Top 50,Business,3.38,5,Yes,1,Manufacturing,Phoenix,Small,Masters,1.0,100.0,6,77889,120277,7.5
GRAD_003493,2021,20,Female,White,Regional,Computer Science,3.43,2,No,1,Manufacturing,Austin,Large,Masters,0.0,20.0,3,95132,115759,9.7
GRAD_003494,2020,22,Male,White,Regional,Political Science,3.02,1,Yes,0,Technology,Philadelphia,Small,Masters,1.0,60.0,4,67470,102172,5.2
GRAD_003495,2020,21,Female,Asian,Regional,Data Science,3.19,1,No,2,Manufacturing,Los Angeles,Fortune 500,None,1.0,0.0,4,111665,131236,8.3
GRAD_003496,2018,23,Male,Hispanic,Top 100,Business,3.31,3,No,0,Real Estate,Dallas,Medium,None,2.0,60.0,6,67607,95689,5.3
GRAD_003497,2019,24,Female,Other,Regional,Computer Science,3.63,4,No,0,Non-profit,San Francisco,Medium,Masters,2.0,60.0,5,113419,172307,9.3
GRAD_003498,2022,23,Male,Hispanic,Regional,Engineering,2.54,3,No,0,Energy,Philadelphia,Small,None,5.0,20.0,2,102309,125569,9.9
GRAD_003499,2020,25,Male,White,Regional,Liberal Arts,3.28,2,No,1,Consulting,Atlanta,Startup,MBA,0.0,40.0,4,75928,120643,5.5
GRAD_003500,2021,23,Female,White,Top 50,Finance,3.47,0,Yes,0,Education,Miami,Small,None,4.0,,3,66898,87242,6.9
GRAD_003501,2018,23,Male,Asian,Regional,Psychology,3.52,0,No,1,Technology,Boston,Fortune 500,None,1.0,100.0,6,87118,124852,9.6
GRAD_003502,2023,21,Male,White,Top 100,Engineering,3.22,2,Yes,1,Education,San Francisco,Large,None,1.0,0.0,1,101581,109285,6.1
GRAD_003503,2015,22,Other,Other,Top 100,Data Science,3.5,0,No,0,Retail,Miami,Medium,Masters,5.0,80.0,9,81279,153494,4.6
GRAD_003504,2020,23,Male,White,Regional,Biology,3.27,0,Yes,0,Non-profit,Phoenix,Startup,None,5.0,0.0,4,36215,60333,5.6
GRAD_003505,2022,22,Female,Asian,Regional,Political Science,3.69,2,No,1,Real Estate,Washington DC,Small,None,3.0,0.0,2,79905,94044,7.0
GRAD_003506,2022,21,Male,White,Regional,Economics,3.01,3,No,1,Education,Boston,Small,MBA,3.0,0.0,2,73477,106691,10.0
GRAD_003507,2018,21,Female,White,Regional,Marketing,3.07,2,No,1,Energy,Denver,Small,None,2.0,,6,73566,105560,8.9
GRAD_003508,2019,20,Male,White,Regional,Political Science,3.46,3,Yes,1,Non-profit,Atlanta,Fortune 500,Masters,3.0,60.0,5,42431,69286,5.2
GRAD_003509,2015,23,Female,White,Top 50,Business,3.53,1,Yes,1,Retail,Seattle,Large,PhD,3.0,60.0,9,97122,167343,6.9
GRAD_003510,2022,20,Female,Asian,Top 100,Communications,3.48,1,No,0,Healthcare,Phoenix,Large,None,0.0,0.0,2,55337,58336,4.0
GRAD_003511,2016,23,Female,Other,Top 100,Business,3.15,1,,2,Education,Austin,Small,None,1.0,60.0,8,59000,81973,6.6
GRAD_003512,2019,23,Male,White,Regional,Business,3.16,2,No,0,Consulting,Atlanta,Startup,None,0.0,20.0,5,78190,96557,5.5
GRAD_003513,2023,22,Female,Black,Top 100,Engineering,3.3,0,Yes,0,Real Estate,San Francisco,Medium,None,5.0,40.0,1,113588,128807,9.4
GRAD_003514,2023,23,Male,White,Regional,Marketing,2.91,3,No,1,Non-profit,San Francisco,Medium,None,3.0,0.0,1,82908,97702,5.4
GRAD_003515,2018,24,Male,Asian,Regional,Economics,3.01,1,No,1,Consulting,Atlanta,Startup,None,1.0,0.0,6,87309,113263,6.1
GRAD_003516,2017,24,Female,White,Top 50,Computer Science,3.81,0,No,1,Transportation,Denver,Medium,None,1.0,0.0,7,122776,157545,6.2
GRAD_003517,2017,20,Female,White,Top 10,Business,3.24,0,,3,Consulting,Chicago,Small,None,1.0,0.0,7,123852,180824,5.4
GRAD_003518,2021,23,Male,White,Top 50,Business,3.12,1,No,3,Media,Los Angeles,Fortune 500,None,1.0,60.0,3,88418,100171,7.4
GRAD_003519,2021,23,Male,Asian,Regional,Engineering,3.1,3,No,0,Transportation,Miami,Fortune 500,PhD,2.0,60.0,3,79949,118277,6.4
GRAD_003520,2017,22,Female,Asian,Regional,Engineering,3.4,2,No,0,Energy,Portland,Small,Masters,1.0,60.0,7,119086,179871,7.2
GRAD_003521,2017,23,Other,White,Regional,Business,4.0,1,No,0,Media,Portland,Medium,MBA,4.0,0.0,7,80994,147771,6.3
GRAD_003522,2018,22,Female,Other,Regional,Business,3.7,2,No,2,Consulting,Denver,Large,MBA,5.0,80.0,6,90349,145384,10.0
GRAD_003523,2019,20,Female,Hispanic,Regional,Computer Science,2.84,2,No,1,Government,Portland,Medium,None,4.0,60.0,5,86924,107568,6.1
GRAD_003524,2023,21,Female,White,Top 50,Psychology,3.75,3,,0,Transportation,Miami,Large,None,0.0,40.0,1,64287,66654,5.8
GRAD_003525,2015,20,Male,Black,Top 10,Psychology,3.01,4,No,2,Non-profit,Denver,Fortune 500,None,3.0,20.0,9,56275,111237,10.0
GRAD_003526,2021,20,Male,White,Top 100,Computer Science,3.07,1,Yes,1,Finance,Chicago,Medium,None,3.0,60.0,3,142516,168095,8.0
GRAD_003527,2022,24,Female,White,Regional,Business,3.14,0,No,2,Energy,San Francisco,Large,None,4.0,40.0,2,112955,126737,7.8
GRAD_003528,2021,21,Female,Hispanic,Regional,Biology,2.89,1,No,1,Technology,Chicago,Large,Masters,3.0,0.0,3,74414,107709,5.7
GRAD_003529,2017,22,Female,White,Top 10,Chemistry,3.75,2,No,0,Government,Atlanta,Medium,None,2.0,60.0,7,76113,111882,6.6
GRAD_003530,2019,22,Female,Other,Top 50,Mathematics,3.1,1,No,1,Government,Atlanta,Medium,None,5.0,60.0,5,80445,107269,5.7
GRAD_003531,2023,24,Female,White,Regional,Marketing,2.57,1,No,1,Retail,Austin,Fortune 500,Masters,2.0,40.0,1,60831,77567,4.3
GRAD_003532,2016,22,Female,White,Top 100,Business,3.0,2,No,3,Government,Boston,Small,Masters,0.0,40.0,8,77023,112371,5.3
GRAD_003533,2023,21,Female,Hispanic,Regional,Engineering,3.37,0,No,1,Manufacturing,Austin,Large,None,3.0,60.0,1,107183,116106,5.4
GRAD_003534,2016,24,Male,White,Top 10,Psychology,2.7,2,No,0,Consulting,Seattle,Medium,None,2.0,80.0,8,105418,181540,8.2
GRAD_003535,2016,21,Female,White,Top 100,Business,3.39,1,Yes,3,Transportation,Washington DC,Small,None,2.0,20.0,8,74229,111668,9.0
GRAD_003536,2022,23,Female,White,Regional,Business,2.99,2,,1,Energy,San Francisco,Startup,None,,0.0,2,131762,144532,7.0
GRAD_003537,2022,23,Male,Asian,Regional,Liberal Arts,3.69,3,No,0,Government,San Francisco,Small,JD,0.0,0.0,2,88512,130651,7.0
GRAD_003538,2015,20,Male,White,Top 100,Psychology,3.46,0,Yes,1,Retail,Austin,Large,Masters,2.0,0.0,9,63806,133250,8.4
GRAD_003539,2016,23,Female,White,Top 100,Mathematics,3.33,1,No,1,Non-profit,Philadelphia,Large,None,2.0,20.0,8,52436,81555,4.8
GRAD_003540,2023,24,Male,White,Regional,Engineering,2.76,0,,1,Real Estate,Phoenix,Large,JD,1.0,60.0,1,91908,127319,4.7
GRAD_003541,2018,20,Male,White,Top 100,Biology,2.85,1,Yes,0,Manufacturing,Austin,Startup,None,3.0,40.0,6,62048,95574,4.9
GRAD_003542,2015,22,Female,Hispanic,Top 50,Computer Science,3.1,4,Yes,4,Education,Miami,Medium,MD,3.0,60.0,9,92673,214379,9.5
GRAD_003543,2017,24,Female,White,Top 10,Psychology,3.22,0,No,3,Consulting,Atlanta,Startup,None,1.0,20.0,7,80040,115574,7.8
GRAD_003544,2021,20,Female,White,Top 50,Chemistry,3.84,1,No,1,Education,San Francisco,Large,None,0.0,20.0,3,100412,113367,8.6
GRAD_003545,2023,23,Female,White,Regional,Engineering,3.4,1,No,0,Energy,Dallas,Large,MD,1.0,0.0,1,90459,140766,8.0
GRAD_003546,2016,20,Female,White,Regional,Computer Science,3.17,3,No,0,Consulting,Chicago,Fortune 500,None,0.0,60.0,8,146142,212347,6.1
GRAD_003547,2017,22,Female,Other,Top 100,Psychology,3.82,3,No,2,Real Estate,Washington DC,Medium,None,3.0,20.0,7,97888,154151,6.3
GRAD_003548,2019,22,Male,White,Regional,Engineering,3.27,1,No,1,Energy,Washington DC,Fortune 500,MBA,2.0,0.0,5,114805,202238,8.2
GRAD_003549,2021,20,Male,Hispanic,Regional,Marketing,3.45,1,Yes,0,Non-profit,New York,Medium,MBA,4.0,0.0,3,77845,123003,8.1
GRAD_003550,2021,21,Male,Hispanic,Regional,Data Science,3.84,3,Yes,1,Consulting,Los Angeles,Medium,MBA,4.0,20.0,3,149446,222149,6.4
GRAD_003551,2018,22,Female,Other,Top 10,Biology,3.55,1,No,0,Media,Los Angeles,Fortune 500,None,4.0,,6,73648,102218,8.5
GRAD_003552,2015,24,Female,Asian,Top 100,Data Science,3.45,3,Yes,1,Retail,Phoenix,Small,None,3.0,0.0,9,70399,95397,4.1
GRAD_003553,2017,23,Female,White,Regional,Engineering,3.5,3,No,3,Retail,Denver,Medium,MBA,1.0,,7,71408,123268,6.6
GRAD_003554,2017,20,Female,White,Regional,Business,3.28,0,No,2,Government,New York,Startup,None,3.0,20.0,7,81615,120842,8.2
GRAD_003555,2015,23,Female,White,Regional,Chemistry,3.31,1,No,0,Transportation,Philadelphia,Medium,None,3.0,60.0,9,65941,103143,6.0
GRAD_003556,2023,22,Female,White,Top 50,Finance,2.75,4,No,0,Retail,Los Angeles,Small,None,2.0,0.0,1,90462,98938,5.9
GRAD_003557,2017,21,Female,Hispanic,Regional,Chemistry,3.05,4,No,0,Transportation,Phoenix,Small,None,1.0,100.0,7,65325,102217,8.8
GRAD_003558,2022,21,Female,Asian,Regional,Engineering,3.28,1,No,1,Healthcare,Chicago,Large,None,4.0,0.0,2,100451,112973,5.5
GRAD_003559,2019,23,Male,Hispanic,Top 100,Political Science,3.46,1,Yes,1,Retail,Phoenix,Medium,PhD,1.0,60.0,5,42800,67306,6.8
GRAD_003560,2023,20,Female,Asian,Top 100,Psychology,3.15,2,No,1,Transportation,Miami,Large,None,0.0,40.0,1,61425,62315,6.7
GRAD_003561,2016,21,Male,White,Top 100,Biology,4.0,1,No,1,Non-profit,New York,Small,None,2.0,40.0,8,68876,118493,6.9
GRAD_003562,2016,20,Male,White,Top 50,Economics,3.58,1,,2,Technology,Chicago,Small,None,1.0,60.0,8,112074,176646,7.4
GRAD_003563,2015,21,Female,White,Regional,Data Science,3.39,1,No,0,Real Estate,Dallas,Medium,Masters,4.0,20.0,9,105423,185342,4.5
GRAD_003564,2021,22,Female,White,Top 100,Finance,2.79,0,No,0,Manufacturing,Austin,Medium,MBA,2.0,60.0,3,92443,138445,5.8
GRAD_003565,2018,22,Female,White,Top 50,Liberal Arts,3.28,1,No,1,Retail,Dallas,Large,MBA,3.0,0.0,6,52974,89126,6.4
GRAD_003566,2022,23,Female,White,Regional,Biology,3.48,1,No,0,Consulting,Atlanta,Large,None,0.0,40.0,2,76638,79520,9.2
GRAD_003567,2021,20,Female,White,Regional,Political Science,3.27,1,Yes,0,Manufacturing,Seattle,Medium,None,3.0,20.0,3,79012,99141,6.2
GRAD_003568,2020,22,Male,White,Top 100,Political Science,3.25,1,Yes,0,Finance,Denver,Medium,None,1.0,0.0,4,90255,108538,6.1
GRAD_003569,2019,22,Female,Asian,Regional,Communications,3.24,2,No,2,Retail,New York,Large,MBA,2.0,60.0,5,77943,135624,6.1
GRAD_003570,2017,20,Female,White,Top 50,Psychology,3.05,0,No,0,Manufacturing,Los Angeles,Medium,Masters,2.0,60.0,7,69695,110409,7.6
GRAD_003571,2015,21,Female,Asian,Regional,Marketing,2.86,6,No,1,Transportation,Los Angeles,Startup,None,1.0,60.0,9,71513,96119,4.0
GRAD_003572,2019,22,Male,Black,Top 10,Engineering,4.0,3,No,0,Retail,Los Angeles,Large,None,2.0,0.0,5,118438,147764,6.2
GRAD_003573,2016,22,Female,White,Regional,Engineering,2.95,3,No,0,Government,New York,Small,None,4.0,60.0,8,125722,199222,6.0
GRAD_003574,2023,23,Male,Other,Regional,Engineering,3.14,2,No,0,Non-profit,Seattle,Startup,Masters,0.0,80.0,1,80516,97459,6.7
GRAD_003575,2022,20,Male,Hispanic,Top 50,Liberal Arts,3.39,2,No,0,Technology,Austin,Fortune 500,None,1.0,60.0,2,87816,100982,6.1
GRAD_003576,2020,21,Female,White,Regional,Chemistry,2.58,1,No,0,Government,Dallas,Medium,None,4.0,40.0,4,65413,90236,4.2
GRAD_003577,2019,20,Male,Black,Regional,Liberal Arts,3.84,3,No,2,Energy,Atlanta,Medium,PhD,2.0,0.0,5,62173,97942,4.8
GRAD_003578,2019,22,Female,White,Regional,Marketing,3.71,0,Yes,2,Manufacturing,San Francisco,Medium,None,3.0,0.0,5,108182,149735,7.0
GRAD_003579,2019,21,Male,Asian,Regional,Engineering,2.77,1,No,3,Consulting,Portland,Medium,Masters,6.0,20.0,5,107990,170117,5.4
GRAD_003580,2021,21,Female,Asian,Regional,Communications,3.19,2,No,2,Retail,Philadelphia,Small,MBA,0.0,0.0,3,54964,79684,6.2
GRAD_003581,2016,27,Female,White,Top 50,Data Science,3.63,2,No,0,Manufacturing,Boston,Large,None,1.0,0.0,8,126779,162543,4.7
GRAD_003582,2020,20,Female,White,Top 100,Computer Science,3.29,0,,0,Media,Miami,Small,None,3.0,40.0,4,88112,113196,7.1
GRAD_003583,2022,22,Male,White,Top 100,Economics,3.65,2,No,0,Technology,San Francisco,Medium,MD,1.0,0.0,2,153487,266344,9.6
GRAD_003584,2020,23,Male,Other,Top 10,Data Science,3.83,2,No,0,Transportation,Philadelphia,Large,None,2.0,60.0,4,115707,153271,6.2
GRAD_003585,2015,23,Female,White,Top 50,Political Science,3.01,3,No,1,Transportation,New York,Fortune 500,None,2.0,80.0,9,88915,116141,7.8
GRAD_003586,2017,23,Female,Black,Regional,Mathematics,3.46,4,No,1,Energy,Austin,Small,None,0.0,20.0,7,94792,109862,6.9
GRAD_003587,2021,23,Male,Other,Top 100,Marketing,2.88,3,No,3,Technology,Washington DC,Fortune 500,None,3.0,0.0,3,97109,118738,8.4
GRAD_003588,2023,22,Male,White,Top 10,Biology,3.14,2,No,0,Energy,Miami,Fortune 500,None,2.0,40.0,1,95750,108136,5.2
GRAD_003589,2023,22,Male,White,Regional,Liberal Arts,3.32,2,Yes,1,Non-profit,Philadelphia,Medium,None,3.0,20.0,1,47296,57890,6.8
GRAD_003590,2022,21,Male,White,Regional,Biology,3.35,1,No,1,Retail,Phoenix,Fortune 500,Masters,2.0,0.0,2,40833,58408,4.5
GRAD_003591,2023,21,Female,White,Top 10,Biology,3.0,3,No,2,Real Estate,Washington DC,Large,None,3.0,0.0,1,110923,118641,7.4
GRAD_003592,2018,20,Male,Hispanic,Regional,Psychology,3.51,1,No,2,Government,Seattle,Medium,None,0.0,0.0,6,71303,99516,5.2
GRAD_003593,2015,23,Female,White,Regional,Computer Science,2.79,2,Yes,0,Manufacturing,Chicago,Fortune 500,None,1.0,40.0,9,94567,144892,8.9
GRAD_003594,2018,24,Female,White,Regional,Chemistry,2.99,1,No,0,Transportation,Portland,Startup,None,5.0,60.0,6,62152,85940,5.2
GRAD_003595,2020,21,Male,Asian,Top 10,Communications,3.68,2,Yes,3,Government,Los Angeles,Small,Masters,1.0,0.0,4,86441,129930,6.6
GRAD_003596,2018,22,Female,Asian,Regional,Finance,3.02,3,No,3,Consulting,Austin,Large,Masters,2.0,,6,122788,186426,8.1
GRAD_003597,2015,24,Male,Asian,Top 50,Economics,3.4,0,No,3,Education,New York,Startup,Masters,2.0,40.0,9,95165,153798,8.5
GRAD_003598,2020,24,Female,White,Regional,Data Science,3.87,1,No,0,Manufacturing,Phoenix,Large,None,4.0,20.0,4,89472,112214,6.6
GRAD_003599,2017,23,Female,White,Regional,Communications,3.29,1,No,0,Finance,Boston,Large,MBA,2.0,60.0,7,88083,153821,8.5
GRAD_003600,2021,22,Male,White,Regional,Chemistry,3.77,1,No,1,Technology,Chicago,Fortune 500,None,1.0,0.0,3,89338,110828,6.8
GRAD_003601,2016,21,Male,White,Regional,Liberal Arts,2.83,6,Yes,2,Finance,Miami,Medium,MBA,1.0,,8,94403,184439,7.9
GRAD_003602,2023,21,Female,Other,Top 50,Mathematics,3.09,2,No,1,Transportation,Atlanta,Large,Masters,3.0,80.0,1,85545,111442,8.0
GRAD_003603,2022,22,Male,White,Top 50,Finance,3.38,2,Yes,0,Consulting,Miami,Startup,None,1.0,60.0,2,100735,112533,5.9
GRAD_003604,2022,23,Female,White,Top 100,Biology,2.94,1,,1,Technology,Seattle,Medium,Masters,0.0,80.0,2,95298,119446,8.4
GRAD_003605,2022,21,Male,White,Regional,Data Science,3.14,1,Yes,0,Finance,Dallas,Medium,Masters,1.0,80.0,2,104620,135132,10.0
GRAD_003606,2021,24,Male,Asian,Regional,Engineering,3.35,1,Yes,3,Finance,San Francisco,Startup,None,1.0,60.0,3,141987,173026,7.1
GRAD_003607,2015,24,Female,White,Regional,Chemistry,3.36,3,Yes,3,Energy,Washington DC,Small,Masters,5.0,20.0,9,105708,184398,5.2
GRAD_003608,2021,23,Female,White,Top 50,Business,3.19,3,Yes,0,Manufacturing,San Francisco,Fortune 500,None,1.0,40.0,3,104925,112724,6.4
GRAD_003609,2021,24,Male,Other,Top 10,Communications,2.66,2,No,0,Retail,Denver,Startup,None,0.0,0.0,3,61838,71180,4.9
GRAD_003610,2016,23,Female,White,Top 10,Engineering,3.07,0,No,1,Technology,Philadelphia,Medium,None,5.0,20.0,8,127030,215145,6.7
GRAD_003611,2020,22,Male,Asian,Top 10,Business,2.81,3,No,0,Media,Boston,Medium,None,4.0,60.0,4,102841,144920,6.7
GRAD_003612,2019,22,Male,White,Regional,Engineering,3.27,0,No,0,Manufacturing,Washington DC,Fortune 500,None,0.0,0.0,5,85691,115190,8.3
GRAD_003613,2019,22,Male,White,Regional,Economics,3.29,1,No,1,Technology,Miami,Medium,None,0.0,60.0,5,85628,115946,5.1
GRAD_003614,2017,22,Male,Asian,Regional,Business,3.26,2,Yes,1,Real Estate,San Francisco,Medium,None,1.0,60.0,7,121505,188046,6.5
GRAD_003615,2021,20,Female,Asian,Top 100,Business,2.97,3,No,3,Media,Seattle,Medium,MBA,0.0,80.0,3,84988,119461,8.0
GRAD_003616,2023,22,Male,White,Top 100,Economics,2.71,1,No,0,Energy,San Francisco,Small,MBA,4.0,40.0,1,119302,167440,8.8
GRAD_003617,2022,20,Female,White,Top 50,Psychology,3.8,1,No,1,Real Estate,Phoenix,Fortune 500,None,0.0,0.0,2,73527,74454,7.8
GRAD_003618,2018,21,Female,White,Top 100,Computer Science,3.31,1,No,1,Government,New York,Large,Masters,0.0,40.0,6,133144,182850,9.5
GRAD_003619,2023,24,Female,Asian,Top 50,Business,3.19,1,No,3,Real Estate,Washington DC,Fortune 500,MBA,2.0,20.0,1,86934,110563,9.5
GRAD_003620,2018,24,Male,Asian,Regional,Economics,3.28,5,No,2,Non-profit,Dallas,Fortune 500,None,1.0,60.0,6,60590,75560,5.0
GRAD_003621,2017,21,Male,White,Top 10,Marketing,2.83,2,No,0,Real Estate,New York,Fortune 500,Masters,4.0,0.0,7,108808,169687,3.9
GRAD_003622,2023,23,Female,White,Top 100,Economics,3.75,1,No,2,Government,San Francisco,Medium,MD,2.0,0.0,1,109131,167245,9.0
GRAD_003623,2022,21,Male,Hispanic,Regional,Economics,3.05,0,No,0,Manufacturing,Dallas,Fortune 500,Masters,2.0,0.0,2,68399,92252,6.6
GRAD_003624,2022,21,Male,Asian,Regional,Psychology,3.26,2,Yes,2,Government,Philadelphia,Large,None,3.0,80.0,2,56317,71494,6.1
GRAD_003625,2015,24,Female,Asian,Regional,Engineering,3.47,2,No,1,Technology,Dallas,Fortune 500,None,4.0,60.0,9,126202,229414,7.0
GRAD_003626,2017,20,Male,Asian,Top 50,Communications,3.55,1,Yes,0,Government,Washington DC,Medium,None,2.0,40.0,7,71093,96038,5.8
GRAD_003627,2015,20,Male,Asian,Top 50,Business,3.29,0,Yes,1,Non-profit,Seattle,Medium,Masters,3.0,40.0,9,75937,146671,10.0
GRAD_003628,2022,21,Female,White,Top 10,Business,2.94,1,No,0,Finance,Boston,Large,PhD,4.0,40.0,2,136564,185155,4.7
GRAD_003629,2018,21,Female,White,Top 100,Business,3.51,1,No,0,Consulting,Dallas,Startup,Masters,1.0,20.0,6,96129,161076,7.7
GRAD_003630,2016,21,Other,White,Top 100,Data Science,3.6,2,No,1,Consulting,Atlanta,Small,None,1.0,0.0,8,114508,169981,6.5
GRAD_003631,2017,20,Male,White,Top 10,Computer Science,3.71,3,Yes,2,Education,Phoenix,Large,None,1.0,0.0,7,107125,146853,8.3
GRAD_003632,2021,23,Male,Black,Regional,Chemistry,3.49,1,No,1,Transportation,San Francisco,Large,None,,60.0,3,98035,121523,9.3
GRAD_003633,2019,25,Female,White,Regional,Business,4.0,2,Yes,1,Consulting,Miami,Large,None,0.0,80.0,5,86660,112252,7.9
GRAD_003634,2023,22,Male,White,Top 100,Data Science,3.35,3,No,0,Retail,Atlanta,Large,None,2.0,60.0,1,75535,84798,6.8
GRAD_003635,2018,22,Female,White,Regional,Computer Science,3.37,3,,1,Real Estate,San Francisco,Medium,None,1.0,20.0,6,161967,230699,7.9
GRAD_003636,2022,23,Male,White,Top 100,Engineering,3.73,0,No,0,Transportation,Chicago,Small,Masters,3.0,20.0,2,108895,149018,9.0
GRAD_003637,2020,22,Female,White,Regional,Mathematics,3.86,0,No,1,Technology,Portland,Medium,None,4.0,40.0,4,109110,132205,5.5
GRAD_003638,2021,22,Female,Hispanic,Top 100,Business,3.79,1,No,0,Transportation,Philadelphia,Startup,None,,20.0,3,68935,77199,6.3
GRAD_003639,2016,22,Female,White,Regional,Economics,3.27,1,No,0,Technology,Miami,Large,Masters,2.0,100.0,8,86716,131025,7.0
GRAD_003640,2021,22,Male,White,Top 50,Liberal Arts,3.57,1,No,2,Energy,Atlanta,Medium,MBA,3.0,0.0,3,69767,105230,5.3
GRAD_003641,2016,21,Female,White,Top 50,Data Science,3.67,0,No,2,Real Estate,Dallas,Small,None,1.0,0.0,8,114959,145404,6.6
GRAD_003642,2021,20,Male,Asian,Regional,Chemistry,3.32,1,Yes,2,Technology,Washington DC,Fortune 500,None,3.0,0.0,3,108862,137902,8.1
GRAD_003643,2019,25,Female,White,Top 100,Marketing,3.0,2,No,1,Media,New York,Fortune 500,Masters,0.0,20.0,5,89100,132263,4.1
GRAD_003644,2017,23,Male,Asian,Top 50,Data Science,2.95,2,Yes,0,Transportation,Atlanta,Fortune 500,None,3.0,80.0,7,82996,118901,7.0
GRAD_003645,2019,21,Male,White,Top 50,Liberal Arts,3.43,0,No,1,Finance,Miami,Medium,MBA,3.0,0.0,5,85320,152868,5.1
GRAD_003646,2022,23,Female,Hispanic,Regional,Engineering,3.61,0,Yes,0,Real Estate,Los Angeles,Medium,None,2.0,0.0,2,105473,120630,7.2
GRAD_003647,2016,20,Male,White,Regional,Economics,3.14,0,No,2,Non-profit,Austin,Large,None,4.0,40.0,8,65398,122239,6.5
GRAD_003648,2016,23,Female,White,Regional,Engineering,3.03,2,Yes,1,Transportation,Atlanta,Medium,None,2.0,0.0,8,88216,131955,7.0
GRAD_003649,2020,23,Male,Asian,Regional,Business,3.12,5,No,1,Non-profit,Philadelphia,Medium,Masters,3.0,60.0,4,51266,77063,7.5
GRAD_003650,2021,24,Female,Black,Regional,Business,3.35,0,No,0,Real Estate,Los Angeles,Large,Masters,1.0,80.0,3,83781,106766,7.3
GRAD_003651,2019,23,Male,White,Regional,Psychology,3.57,1,No,3,Non-profit,Dallas,Small,JD,3.0,,5,43315,83980,2.8
GRAD_003652,2017,22,Male,Asian,Top 100,Psychology,3.43,0,,0,Education,Austin,Startup,MBA,2.0,40.0,7,48034,84339,5.3
GRAD_003653,2015,24,Female,White,Regional,Chemistry,3.3,1,No,1,Real Estate,Boston,Fortune 500,None,2.0,80.0,9,90233,119563,9.3
GRAD_003654,2015,21,Female,Hispanic,Regional,Political Science,3.79,1,No,2,Real Estate,New York,Medium,None,0.0,,9,79177,118293,8.4
GRAD_003655,2015,22,Male,White,Top 50,Marketing,4.0,3,No,0,Healthcare,New York,Startup,JD,0.0,40.0,9,123786,265007,7.7
GRAD_003656,2023,21,Male,Black,Regional,Computer Science,3.3,2,Yes,1,Media,Washington DC,Large,None,2.0,20.0,1,88339,100115,5.1
GRAD_003657,2016,22,Female,Hispanic,Regional,Chemistry,3.86,3,No,1,Energy,Atlanta,Startup,None,1.0,20.0,8,88089,128044,5.5
GRAD_003658,2018,24,Male,White,Top 10,Economics,3.06,2,Yes,0,Manufacturing,Seattle,Large,None,2.0,20.0,6,122950,170679,9.1
GRAD_003659,2023,23,Female,White,Top 100,Data Science,3.7,0,,0,Manufacturing,Austin,Large,MBA,1.0,0.0,1,127995,158919,6.3
GRAD_003660,2023,23,Male,White,Top 50,Mathematics,3.01,1,Yes,0,Education,Seattle,Medium,None,1.0,80.0,1,81066,88225,7.2
GRAD_003661,2015,24,Female,Hispanic,Regional,Engineering,3.18,2,No,1,Government,Seattle,Startup,Masters,2.0,,9,108990,165305,7.0
GRAD_003662,2020,22,Male,Hispanic,Top 10,Engineering,3.29,0,No,2,Energy,Atlanta,Medium,None,0.0,100.0,4,110746,133823,5.3
GRAD_003663,2021,21,Female,Asian,Regional,Business,2.63,0,No,1,Healthcare,Dallas,Startup,Masters,2.0,80.0,3,82149,113690,8.4
GRAD_003664,2015,20,Female,White,Regional,Business,2.66,1,No,2,Real Estate,Washington DC,Medium,None,4.0,60.0,9,90750,127995,6.9
GRAD_003665,2021,20,Female,Hispanic,Top 50,Engineering,3.0,4,No,1,Technology,Washington DC,Fortune 500,None,3.0,80.0,3,143159,160322,10.0
GRAD_003666,2023,22,Female,Asian,Regional,Computer Science,3.76,1,No,0,Technology,Philadelphia,Small,None,,0.0,1,127441,123404,9.7
GRAD_003667,2019,20,Female,White,Top 50,Biology,3.22,2,No,1,Media,San Francisco,Medium,Masters,3.0,40.0,5,105276,149983,9.1
GRAD_003668,2019,22,Male,White,Regional,Data Science,3.62,1,No,2,Transportation,Miami,Medium,None,2.0,20.0,5,100235,139247,7.9
GRAD_003669,2021,23,Female,Asian,Top 50,Business,2.72,2,Yes,0,Education,New York,Startup,None,2.0,0.0,3,97697,110174,4.9
GRAD_003670,2021,20,Male,Asian,Top 100,Engineering,3.43,1,Yes,0,Retail,Dallas,Medium,None,2.0,80.0,3,77675,92437,6.2
GRAD_003671,2022,23,Male,White,Top 100,Biology,3.45,1,Yes,1,Retail,Atlanta,Large,None,2.0,100.0,2,45302,57138,8.0
GRAD_003672,2015,21,Female,Hispanic,Regional,Data Science,2.96,0,Yes,2,Education,Portland,Medium,None,2.0,80.0,9,69534,104310,7.1
GRAD_003673,2022,20,Female,White,Regional,Communications,3.95,2,Yes,3,Finance,Boston,Medium,None,3.0,80.0,2,103859,120420,5.6
GRAD_003674,2022,20,Female,White,Top 100,Liberal Arts,2.86,1,No,1,Manufacturing,Los Angeles,Small,MBA,4.0,0.0,2,64165,95931,2.9
GRAD_003675,2015,22,Female,Asian,Top 50,Liberal Arts,3.22,5,No,0,Real Estate,Seattle,Fortune 500,MBA,3.0,40.0,9,92162,164441,8.7
GRAD_003676,2015,22,Female,Black,Regional,Chemistry,4.0,0,No,1,Transportation,New York,Medium,Masters,2.0,20.0,9,82690,151814,7.4
GRAD_003677,2020,22,Female,White,Top 50,Computer Science,2.97,2,No,3,Healthcare,New York,Medium,Masters,1.0,0.0,4,145728,194792,5.3
GRAD_003678,2019,24,Female,White,Top 100,Business,3.08,2,No,0,Education,Atlanta,Medium,None,2.0,20.0,5,65152,86717,6.9
GRAD_003679,2023,22,Male,Asian,Regional,Liberal Arts,3.35,2,No,2,Finance,Miami,Large,PhD,2.0,60.0,1,77674,103604,3.9
GRAD_003680,2018,21,Male,White,Regional,Finance,2.84,0,No,3,Finance,Phoenix,Fortune 500,JD,2.0,0.0,6,84236,140753,5.1
GRAD_003681,2020,22,Female,White,Top 50,Liberal Arts,3.48,1,No,0,Real Estate,Portland,Startup,Masters,3.0,20.0,4,66511,97432,7.6
GRAD_003682,2020,24,Male,White,Top 50,Computer Science,2.68,0,Yes,2,Real Estate,Phoenix,Small,None,5.0,20.0,4,99431,132158,6.7
GRAD_003683,2020,20,Male,Black,Top 100,Communications,3.3,1,Yes,2,Media,Seattle,Fortune 500,Masters,2.0,20.0,4,67845,101137,5.6
GRAD_003684,2021,22,Male,White,Top 10,Marketing,3.81,1,Yes,0,Non-profit,Portland,Medium,None,0.0,100.0,3,70009,84842,6.7
GRAD_003685,2020,22,Female,Asian,Top 100,Data Science,3.52,3,No,0,Transportation,Washington DC,Small,None,1.0,60.0,4,94293,111190,6.5
GRAD_003686,2015,24,Male,White,Top 100,Psychology,3.29,1,No,0,Consulting,Washington DC,Large,None,2.0,20.0,9,92623,140869,6.3
GRAD_003687,2022,22,Male,White,Regional,Political Science,3.19,3,Yes,2,Manufacturing,Austin,Medium,None,2.0,60.0,2,72903,87055,4.6
GRAD_003688,2017,21,Female,White,Top 10,Biology,3.27,3,No,1,Consulting,Phoenix,Fortune 500,Masters,2.0,0.0,7,83371,138623,9.3
GRAD_003689,2017,22,Female,Hispanic,Regional,Computer Science,3.2,1,No,0,Education,Philadelphia,Large,Masters,0.0,100.0,7,78661,115019,9.9
GRAD_003690,2021,23,Female,White,Regional,Marketing,3.44,2,No,1,Real Estate,Washington DC,Large,None,3.0,60.0,3,92360,105619,5.5
GRAD_003691,2019,22,Male,White,Regional,Chemistry,3.53,1,No,0,Consulting,Austin,Large,Masters,2.0,40.0,5,78896,123183,7.3
GRAD_003692,2020,24,Male,Hispanic,Top 100,Business,3.35,1,Yes,1,Technology,Los Angeles,Small,JD,1.0,0.0,4,122336,201846,7.7
GRAD_003693,2019,20,Female,White,Top 50,Computer Science,3.55,0,No,1,Education,Dallas,Fortune 500,None,0.0,0.0,5,78412,85315,7.6
GRAD_003694,2019,22,Male,Asian,Regional,Chemistry,3.48,3,Yes,0,Manufacturing,Los Angeles,Medium,None,1.0,,5,81599,111093,5.5
GRAD_003695,2019,22,Female,White,Regional,Communications,2.86,1,No,3,Finance,Denver,Medium,Masters,1.0,40.0,5,76139,103079,6.7
GRAD_003696,2016,23,Male,Asian,Regional,Finance,2.48,4,No,1,Consulting,San Francisco,Startup,Masters,4.0,60.0,8,129550,228088,4.7
GRAD_003697,2023,23,Female,White,Top 10,Engineering,3.36,0,No,0,Energy,Seattle,Medium,None,1.0,40.0,1,164802,167786,8.4
GRAD_003698,2020,22,Female,Black,Regional,Communications,3.14,2,No,1,Real Estate,Miami,Large,Masters,0.0,80.0,4,62660,79857,7.2
GRAD_003699,2018,21,Female,White,Top 50,Business,3.37,1,No,0,Media,Washington DC,Medium,None,3.0,0.0,6,75428,114264,3.7
GRAD_003700,2021,22,Female,White,Top 50,Mathematics,3.89,3,Yes,0,Energy,Chicago,Large,None,1.0,80.0,3,134109,153830,8.8
GRAD_003701,2023,20,Female,White,Top 100,Business,3.21,3,Yes,0,Real Estate,Boston,Small,None,1.0,40.0,1,95829,97892,5.2
GRAD_003702,2018,21,Male,Black,Regional,Psychology,3.41,1,Yes,0,Energy,New York,Startup,Masters,3.0,80.0,6,93299,157476,7.9
GRAD_003703,2018,23,Other,White,Top 100,Psychology,3.0,1,No,3,Energy,Portland,Large,MBA,3.0,80.0,6,64712,127446,8.3
GRAD_003704,2019,23,Female,Hispanic,Regional,Marketing,3.47,1,Yes,0,Energy,Seattle,Large,MBA,1.0,0.0,5,91552,140474,10.0
GRAD_003705,2017,21,Male,White,Regional,Psychology,3.03,2,Yes,2,Energy,Philadelphia,Small,Masters,1.0,0.0,7,79401,117919,8.3
GRAD_003706,2022,21,Female,White,Regional,Mathematics,3.65,3,Yes,2,Transportation,Portland,Fortune 500,MBA,3.0,60.0,2,78838,115646,6.6
GRAD_003707,2020,21,Male,Asian,Top 50,Political Science,3.34,4,Yes,0,Consulting,Chicago,Startup,MBA,0.0,60.0,4,97348,154813,6.6
GRAD_003708,2015,21,Male,White,Regional,Business,3.25,1,No,0,Transportation,Portland,Medium,PhD,3.0,0.0,9,66380,127411,9.2
GRAD_003709,2023,22,Female,Hispanic,Regional,Business,2.73,1,No,1,Technology,Chicago,Large,None,0.0,60.0,1,92359,88326,6.5
GRAD_003710,2020,24,Male,White,Top 10,Business,2.82,2,No,0,Energy,Chicago,Medium,None,4.0,40.0,4,107584,149384,9.5
GRAD_003711,2023,24,Other,Asian,Regional,Computer Science,3.5,0,,2,Consulting,Philadelphia,Medium,Masters,4.0,0.0,1,108854,141099,6.0
GRAD_003712,2020,21,Female,Asian,Top 10,Liberal Arts,3.71,0,No,0,Manufacturing,Seattle,Medium,None,1.0,100.0,4,101801,117373,9.5
GRAD_003713,2020,22,Female,Other,Regional,Business,3.38,1,No,2,Healthcare,Boston,Medium,MBA,,100.0,4,109239,148259,8.0
GRAD_003714,2019,22,Male,White,Regional,Engineering,3.22,1,,1,Healthcare,San Francisco,Medium,None,3.0,40.0,5,126717,185187,6.8
GRAD_003715,2019,22,Female,White,Top 100,Business,3.32,5,Yes,2,Government,Chicago,Medium,MD,2.0,0.0,5,93394,169099,6.0
GRAD_003716,2017,21,Female,White,Top 100,Engineering,3.25,1,Yes,1,Non-profit,Portland,Medium,None,1.0,0.0,7,78741,108745,6.3
GRAD_003717,2023,21,Male,White,Regional,Liberal Arts,3.05,0,No,0,Consulting,Philadelphia,Startup,None,4.0,60.0,1,71557,87962,6.7
GRAD_003718,2017,23,Male,White,Regional,Data Science,2.83,1,No,1,Finance,Dallas,Large,None,3.0,60.0,7,95274,143638,8.6
GRAD_003719,2020,21,Male,Asian,Top 100,Finance,2.83,1,,1,Non-profit,San Francisco,Medium,None,4.0,40.0,4,76771,109391,7.9
GRAD_003720,2016,22,Female,White,Top 100,Engineering,3.06,2,No,1,Healthcare,Atlanta,Small,MBA,2.0,40.0,8,91751,173176,7.9
GRAD_003721,2023,20,Female,White,Top 50,Mathematics,3.33,0,No,2,Retail,Phoenix,Fortune 500,Masters,2.0,0.0,1,65971,83190,6.0
GRAD_003722,2020,21,Female,White,Top 100,Computer Science,2.83,3,No,1,Retail,Atlanta,Large,None,0.0,0.0,4,76650,95304,5.9
GRAD_003723,2022,20,Female,Asian,Regional,Communications,3.27,0,No,2,Healthcare,San Francisco,Medium,None,2.0,0.0,2,78641,87253,5.5
GRAD_003724,2020,22,Male,Black,Top 100,Computer Science,3.04,2,No,0,Transportation,Chicago,Large,None,2.0,40.0,4,90964,114155,9.1
GRAD_003725,2022,21,Male,Asian,Regional,Computer Science,2.72,4,No,0,Manufacturing,Denver,Large,None,2.0,60.0,2,102300,115855,9.6
GRAD_003726,2020,22,Male,White,Regional,Psychology,3.08,1,Yes,1,Consulting,Miami,Large,None,1.0,0.0,4,62021,81778,4.8
GRAD_003727,2019,21,Male,Asian,Top 100,Finance,3.38,2,No,0,Transportation,New York,Large,None,0.0,,5,106533,124448,5.8
GRAD_003728,2019,22,Female,White,Regional,Computer Science,3.08,1,Yes,0,Consulting,San Francisco,Large,None,1.0,100.0,5,184141,207738,8.3
GRAD_003729,2015,25,Female,Hispanic,Top 100,Engineering,3.82,3,No,0,Education,Denver,Small,Masters,3.0,20.0,9,91221,153430,6.9
GRAD_003730,2018,21,Female,White,Top 50,Mathematics,3.52,2,Yes,2,Education,Austin,Small,None,1.0,0.0,6,73912,95664,6.5
GRAD_003731,2023,23,Male,White,Top 50,Marketing,3.67,1,,1,Education,Washington DC,Large,None,3.0,60.0,1,72857,85426,8.0
GRAD_003732,2021,21,Male,Asian,Top 50,Communications,4.0,2,No,0,Education,Denver,Fortune 500,None,1.0,100.0,3,68726,83503,6.8
GRAD_003733,2023,22,Male,White,Regional,Political Science,3.1,1,No,0,Government,Boston,Medium,JD,1.0,80.0,1,66230,93296,4.0
GRAD_003734,2017,23,Male,Asian,Regional,Business,2.8,6,No,0,Manufacturing,Boston,Small,None,2.0,0.0,7,107435,151419,5.6
GRAD_003735,2019,22,Male,Asian,Regional,Business,3.03,0,Yes,0,Retail,Portland,Startup,Masters,1.0,60.0,5,69016,105073,9.0
GRAD_003736,2015,23,Female,White,Regional,Data Science,3.32,3,No,0,Consulting,Philadelphia,Medium,None,5.0,20.0,9,126676,195062,6.4
GRAD_003737,2021,23,Female,Other,Top 100,Liberal Arts,3.44,0,No,0,Media,Austin,Fortune 500,Masters,4.0,20.0,3,59868,84384,5.5
GRAD_003738,2022,23,Male,White,Top 100,Economics,3.36,1,No,0,Non-profit,Los Angeles,Small,None,2.0,20.0,2,60328,74795,4.5
GRAD_003739,2021,23,Male,Other,Top 100,Liberal Arts,3.14,3,No,1,Transportation,Boston,Medium,Masters,1.0,60.0,3,67340,90961,6.0
GRAD_003740,2016,22,Male,White,Regional,Engineering,3.44,0,Yes,1,Media,Phoenix,Medium,None,3.0,0.0,8,68817,117979,10.0
GRAD_003741,2017,21,Male,White,Top 100,Marketing,3.7,4,No,1,Technology,Seattle,Large,None,2.0,20.0,7,123060,171448,6.8
GRAD_003742,2021,23,Female,Asian,Top 50,Data Science,3.04,2,No,0,Government,Philadelphia,Medium,JD,3.0,,3,105958,163756,7.3
GRAD_003743,2022,21,Female,White,Regional,Computer Science,2.97,2,No,2,Media,Seattle,Small,None,1.0,40.0,2,120980,127554,6.9
GRAD_003744,2018,23,Female,White,Top 100,Biology,3.99,5,No,1,Technology,Denver,Small,MBA,0.0,100.0,6,109309,179457,5.1
GRAD_003745,2019,20,Male,Other,Top 50,Psychology,2.91,0,,0,Healthcare,Seattle,Small,MBA,1.0,40.0,5,89571,139333,6.4
GRAD_003746,2018,21,Other,White,Regional,Economics,3.6,1,Yes,0,Government,Chicago,Small,MBA,3.0,0.0,6,82209,147735,8.4
GRAD_003747,2015,21,Female,White,Top 100,Finance,3.23,2,No,0,Education,Austin,Large,Masters,2.0,0.0,9,72269,143440,7.9
GRAD_003748,2020,23,Male,White,Top 50,Economics,3.82,2,Yes,2,Non-profit,Dallas,Large,PhD,,60.0,4,79812,119666,9.0
GRAD_003749,2021,21,Male,White,Regional,Biology,3.2,2,No,1,Consulting,San Francisco,Startup,MBA,2.0,0.0,3,101647,148146,7.7
GRAD_003750,2018,22,Female,Black,Regional,Engineering,3.44,1,No,1,Energy,Dallas,Medium,None,1.0,80.0,6,85503,106824,8.6
GRAD_003751,2021,22,Female,Hispanic,Top 100,Computer Science,2.84,0,Yes,1,Retail,Chicago,Large,Masters,3.0,20.0,3,101003,140641,7.5
GRAD_003752,2017,24,Male,White,Top 50,Psychology,3.06,4,No,1,Retail,Denver,Fortune 500,PhD,0.0,0.0,7,69902,118599,7.5
GRAD_003753,2021,23,Male,Asian,Top 10,Marketing,3.39,1,No,0,Real Estate,Los Angeles,Medium,None,2.0,20.0,3,98561,117384,7.7
GRAD_003754,2019,22,Female,Asian,Regional,Finance,3.07,2,Yes,0,Retail,Miami,Large,Masters,1.0,20.0,5,67169,99701,6.9
GRAD_003755,2022,22,Female,White,Top 100,Communications,2.85,0,No,1,Technology,Chicago,Large,None,1.0,40.0,2,86507,91762,7.6
GRAD_003756,2020,21,Male,White,Regional,Communications,4.0,1,No,0,Government,Chicago,Startup,None,5.0,0.0,4,67013,99147,8.2
GRAD_003757,2017,21,Female,Asian,Regional,Business,3.29,2,Yes,0,Transportation,Washington DC,Fortune 500,None,4.0,40.0,7,74196,114772,5.2
GRAD_003758,2022,22,Female,White,Top 100,Marketing,3.7,1,No,1,Education,Seattle,Medium,None,2.0,40.0,2,66996,74596,6.2
GRAD_003759,2022,20,Male,White,Regional,Marketing,3.97,3,No,1,Finance,Boston,Small,None,2.0,80.0,2,133496,149281,5.7
GRAD_003760,2016,22,Male,Hispanic,Top 100,Engineering,3.12,1,Yes,1,Non-profit,Chicago,Fortune 500,Masters,5.0,60.0,8,78133,150849,7.3
GRAD_003761,2015,22,Male,Other,Top 50,Economics,3.27,1,No,0,Manufacturing,Atlanta,Fortune 500,Masters,0.0,,9,82785,160839,6.7
GRAD_003762,2016,20,Male,White,Top 50,Liberal Arts,3.33,0,No,0,Energy,Philadelphia,Small,Masters,3.0,40.0,8,80695,131686,6.5
GRAD_003763,2022,22,Male,White,Regional,Data Science,3.46,3,No,0,Media,Atlanta,Small,None,1.0,100.0,2,70689,83481,5.8
GRAD_003764,2018,22,Female,Hispanic,Regional,Engineering,3.69,0,No,0,Healthcare,Philadelphia,Large,None,3.0,60.0,6,89469,128419,6.6
GRAD_003765,2020,25,Male,White,Regional,Data Science,3.64,0,No,0,Media,Seattle,Startup,JD,0.0,0.0,4,116090,177302,7.5
GRAD_003766,2020,22,Male,Hispanic,Regional,Communications,3.55,0,No,1,Manufacturing,Miami,Large,JD,4.0,0.0,4,56418,99327,5.6
GRAD_003767,2021,23,Male,White,Top 100,Business,3.19,1,No,0,Manufacturing,Dallas,Large,Masters,2.0,60.0,3,71130,97522,6.4
GRAD_003768,2022,23,Male,White,Regional,Engineering,3.3,1,Yes,3,Healthcare,San Francisco,Fortune 500,None,2.0,20.0,2,119269,137459,5.8
GRAD_003769,2020,22,Male,White,Top 100,Business,2.86,2,Yes,0,Transportation,Atlanta,Large,None,1.0,,4,73948,96981,5.9
GRAD_003770,2019,23,Male,White,Regional,Communications,3.55,0,No,0,Energy,San Francisco,Medium,None,1.0,20.0,5,96127,131915,6.8
GRAD_003771,2017,20,Male,Asian,Top 50,Business,4.0,2,No,0,Energy,Chicago,Medium,MBA,2.0,,7,100056,185204,5.8
GRAD_003772,2020,22,Male,Black,Top 100,Marketing,3.39,2,Yes,0,Consulting,Phoenix,Medium,Masters,0.0,20.0,4,80661,113778,5.7
GRAD_003773,2020,22,Female,White,Top 100,Psychology,3.79,0,No,0,Real Estate,Boston,Large,None,0.0,0.0,4,91192,98136,2.8
GRAD_003774,2018,21,Male,White,Top 10,Engineering,3.59,4,No,0,Energy,Portland,Large,None,2.0,80.0,6,128320,183409,8.8
GRAD_003775,2019,22,Female,White,Regional,Engineering,3.11,0,No,4,Consulting,Seattle,Small,MBA,0.0,40.0,5,133589,211516,8.8
GRAD_003776,2021,22,Male,White,Regional,Engineering,2.99,2,Yes,2,Energy,New York,Medium,PhD,2.0,40.0,3,119631,179040,4.8
GRAD_003777,2021,22,Male,Hispanic,Regional,Engineering,2.9,1,No,1,Non-profit,Boston,Small,None,2.0,,3,75884,97893,7.3
GRAD_003778,2019,21,Female,White,Regional,Business,3.34,2,No,1,Education,Austin,Medium,JD,3.0,60.0,5,58781,97346,8.8
GRAD_003779,2018,21,Female,Other,Top 50,Data Science,3.49,2,No,2,Real Estate,Phoenix,Large,None,5.0,100.0,6,95923,123726,9.0
GRAD_003780,2021,22,Female,Hispanic,Top 100,Computer Science,3.51,0,No,3,Healthcare,Denver,Startup,None,1.0,80.0,3,107733,128523,4.0
GRAD_003781,2021,23,Male,Asian,Top 100,Business,2.9,1,Yes,4,Consulting,New York,Large,Masters,1.0,60.0,3,124768,177852,7.5
GRAD_003782,2019,22,Male,White,Top 100,Data Science,3.73,1,No,1,Manufacturing,Philadelphia,Medium,None,1.0,40.0,5,120276,163490,7.4
GRAD_003783,2017,22,Female,White,Top 100,Biology,3.11,2,No,1,Government,Philadelphia,Medium,Masters,2.0,100.0,7,63593,111244,6.1
GRAD_003784,2017,22,Male,White,Regional,Business,3.34,0,Yes,1,Government,Austin,Large,None,0.0,40.0,7,66215,95406,5.7
GRAD_003785,2018,21,Male,Other,Top 50,Engineering,3.08,3,No,2,Real Estate,Dallas,Medium,MD,5.0,,6,103518,230840,6.5
GRAD_003786,2023,22,Female,White,Regional,Computer Science,2.89,3,No,0,Healthcare,New York,Medium,Masters,1.0,100.0,1,130912,146788,6.3
GRAD_003787,2022,21,Male,White,Top 100,Marketing,2.86,1,No,0,Transportation,Denver,Fortune 500,MBA,1.0,20.0,2,69701,100282,9.1
GRAD_003788,2023,20,Male,White,Regional,Liberal Arts,3.55,3,No,0,Consulting,Los Angeles,Medium,Masters,1.0,40.0,1,90827,112074,8.2
GRAD_003789,2022,22,Male,White,Regional,Mathematics,3.3,5,No,2,Non-profit,Seattle,Large,JD,2.0,100.0,2,77201,114072,8.6
GRAD_003790,2019,22,Male,White,Regional,Data Science,2.91,1,No,1,Media,Phoenix,Fortune 500,Masters,1.0,40.0,5,85035,137103,8.0
GRAD_003791,2020,24,Female,White,Top 10,Psychology,3.08,2,Yes,2,Education,New York,Fortune 500,None,2.0,0.0,4,92696,118715,8.3
GRAD_003792,2016,23,Female,White,Regional,Business,3.8,1,No,3,Transportation,Austin,Medium,None,3.0,80.0,8,92538,156123,7.0
GRAD_003793,2021,23,Male,Asian,Top 50,Marketing,3.61,1,No,1,Technology,New York,Small,MBA,1.0,80.0,3,116646,167452,6.8
GRAD_003794,2019,21,Male,White,Top 50,Liberal Arts,3.51,4,Yes,0,Transportation,Denver,Fortune 500,None,,20.0,5,61176,77883,6.3
GRAD_003795,2016,24,Female,Hispanic,Regional,Engineering,4.0,1,Yes,3,Finance,New York,Medium,JD,2.0,,8,182812,295714,8.1
GRAD_003796,2016,22,Male,White,Regional,Data Science,3.83,2,No,1,Retail,Dallas,Small,Masters,1.0,60.0,8,84060,130450,8.8
GRAD_003797,2021,21,Male,White,Top 100,Political Science,3.31,4,Yes,1,Non-profit,Boston,Large,None,0.0,80.0,3,60936,71779,6.6
GRAD_003798,2019,21,Female,White,Top 10,Data Science,3.11,2,No,1,Energy,Seattle,Large,None,2.0,40.0,5,152195,180488,5.8
GRAD_003799,2015,21,Male,White,Regional,Liberal Arts,4.0,0,No,1,Media,Phoenix,Small,None,0.0,80.0,9,46460,66078,3.7
GRAD_003800,2022,22,Male,White,Regional,Finance,3.72,1,No,0,Government,San Francisco,Small,Masters,2.0,0.0,2,117797,152500,8.3
GRAD_003801,2020,20,Male,White,Top 50,Business,3.11,1,No,0,Non-profit,Phoenix,Fortune 500,None,2.0,20.0,4,51954,72075,4.2
GRAD_003802,2015,22,Female,Hispanic,Regional,Business,2.83,2,No,1,Healthcare,Austin,Large,None,1.0,80.0,9,102475,172713,8.3
GRAD_003803,2018,22,Male,Black,Regional,Computer Science,2.51,2,No,1,Non-profit,Miami,Fortune 500,MBA,3.0,60.0,6,73717,139476,5.5
GRAD_003804,2021,23,Other,Hispanic,Top 100,Business,2.85,0,No,2,Consulting,Miami,Medium,None,1.0,0.0,3,76217,89879,5.6
GRAD_003805,2015,22,Male,Asian,Top 100,Liberal Arts,3.13,0,No,0,Finance,Phoenix,Large,None,2.0,20.0,9,63105,119292,8.6
GRAD_003806,2021,20,Female,Asian,Top 100,Biology,3.77,0,No,4,Education,San Francisco,Medium,None,1.0,20.0,3,67479,83611,5.8
GRAD_003807,2020,22,Male,White,Regional,Computer Science,3.65,1,No,1,Transportation,Washington DC,Fortune 500,None,2.0,60.0,4,93331,116236,9.9
GRAD_003808,2022,20,Female,Black,Regional,Business,3.39,3,No,2,Government,Philadelphia,Small,Masters,2.0,60.0,2,82089,105945,9.2
GRAD_003809,2022,21,Male,Asian,Regional,Psychology,3.52,1,No,1,Transportation,Dallas,Medium,None,0.0,80.0,2,56969,60492,7.6
GRAD_003810,2022,21,Male,Black,Top 100,Psychology,3.03,0,No,1,Media,Boston,Large,Masters,3.0,,2,59011,82934,2.8
GRAD_003811,2015,25,Male,White,Top 10,Political Science,2.84,1,No,0,Transportation,Portland,Small,None,2.0,0.0,9,81137,130060,3.9
GRAD_003812,2019,21,Male,White,Regional,Business,3.22,0,No,2,Technology,Austin,Large,None,3.0,,5,88183,119722,8.0
GRAD_003813,2018,23,Female,White,Top 100,Liberal Arts,3.65,1,No,2,Technology,Portland,Medium,PhD,6.0,0.0,6,78005,147991,5.9
GRAD_003814,2020,22,Female,White,Regional,Engineering,3.32,0,Yes,0,Media,Washington DC,Large,None,0.0,40.0,4,79120,94711,7.7
GRAD_003815,2023,22,Female,White,Top 50,Business,3.55,2,No,0,Government,Denver,Large,None,3.0,20.0,1,94590,105673,8.0
GRAD_003816,2016,21,Female,White,Top 50,Computer Science,3.31,0,Yes,1,Retail,Phoenix,Startup,None,0.0,0.0,8,80392,99617,6.2
GRAD_003817,2022,21,Female,White,Top 100,Communications,2.85,0,No,2,Healthcare,Boston,Small,None,1.0,0.0,2,74002,82182,5.2
GRAD_003818,2023,21,Male,Black,Top 100,Engineering,3.4,2,No,1,Media,Phoenix,Small,PhD,3.0,60.0,1,74181,102639,6.4
GRAD_003819,2023,23,Male,White,Top 50,Marketing,3.17,3,No,4,Transportation,Austin,Medium,None,2.0,40.0,1,86976,95722,2.8
GRAD_003820,2022,22,Female,Hispanic,Top 100,Mathematics,3.68,2,No,2,Transportation,Seattle,Medium,None,2.0,40.0,2,101321,106216,8.8
GRAD_003821,2019,24,Male,White,Top 50,Business,2.75,1,Yes,1,Finance,Chicago,Large,Masters,2.0,60.0,5,99204,163555,10.0
GRAD_003822,2017,22,Male,Asian,Top 10,Engineering,3.84,1,No,0,Education,Philadelphia,Medium,None,1.0,60.0,7,91279,116390,7.1
GRAD_003823,2020,22,Male,White,Regional,Business,2.87,2,No,0,Non-profit,Austin,Medium,None,2.0,60.0,4,68670,89951,5.6
GRAD_003824,2020,22,Male,White,Top 10,Business,3.2,0,No,0,Transportation,Miami,Fortune 500,None,0.0,0.0,4,75103,93389,5.4
GRAD_003825,2018,23,Female,White,Top 100,Data Science,2.78,3,No,2,Real Estate,Denver,Small,Masters,1.0,80.0,6,96219,126056,6.7
GRAD_003826,2020,22,Female,White,Regional,Engineering,3.66,1,No,0,Energy,Dallas,Medium,Masters,3.0,0.0,4,98609,139130,7.8
GRAD_003827,2016,24,Female,White,Top 10,Computer Science,2.91,2,No,1,Technology,Portland,Medium,None,3.0,60.0,8,190024,326002,7.8
GRAD_003828,2021,26,Male,Black,Regional,Mathematics,3.11,3,No,0,Finance,Washington DC,Large,None,1.0,0.0,3,99036,118556,5.3
GRAD_003829,2023,23,Male,White,Top 100,Chemistry,3.66,2,No,2,Manufacturing,Boston,Startup,None,1.0,60.0,1,93801,100485,6.6
GRAD_003830,2019,23,Female,White,Top 50,Marketing,3.12,0,No,1,Media,Phoenix,Small,None,2.0,20.0,5,68412,85841,7.5
GRAD_003831,2022,20,Male,White,Top 50,Computer Science,3.27,1,No,0,Finance,Boston,Small,None,4.0,80.0,2,183069,214138,4.7
GRAD_003832,2021,24,Male,Hispanic,Regional,Computer Science,3.5,2,Yes,0,Media,Seattle,Fortune 500,None,2.0,,3,109445,133516,7.5
GRAD_003833,2015,24,Female,White,Top 50,Business,3.42,0,No,1,Technology,Philadelphia,Large,PhD,3.0,,9,105938,206862,5.9
GRAD_003834,2016,24,Male,Black,Top 100,Computer Science,3.37,1,No,2,Government,Dallas,Medium,None,2.0,0.0,8,87430,145179,3.4
GRAD_003835,2022,23,Male,Black,Top 100,Communications,3.1,2,No,1,Retail,Dallas,Fortune 500,None,2.0,40.0,2,44105,54304,2.1
GRAD_003836,2015,21,Male,White,Regional,Business,3.16,2,No,0,Energy,Atlanta,Medium,None,1.0,0.0,9,73477,104668,8.0
GRAD_003837,2023,21,Male,White,Top 50,Liberal Arts,3.45,1,No,4,Education,Atlanta,Small,Masters,1.0,60.0,1,43983,55836,7.0
GRAD_003838,2023,20,Female,White,Regional,Communications,3.2,3,No,4,Education,Atlanta,Large,Masters,4.0,0.0,1,51878,71400,7.9
GRAD_003839,2018,22,Male,Hispanic,Top 10,Engineering,3.39,1,Yes,1,Media,Austin,Fortune 500,Masters,3.0,0.0,6,97828,169722,8.1
GRAD_003840,2018,21,Female,White,Top 50,Engineering,2.63,1,No,1,Government,Miami,Startup,Masters,3.0,40.0,6,87726,128151,6.5
GRAD_003841,2020,23,Female,White,Top 100,Business,3.29,0,,0,Finance,Boston,Medium,None,3.0,40.0,4,107434,139291,5.4
GRAD_003842,2020,21,Female,Asian,Top 50,Marketing,3.49,1,Yes,3,Education,New York,Large,JD,3.0,80.0,4,87647,134657,9.6
GRAD_003843,2016,22,Male,Asian,Top 50,Political Science,3.53,4,No,2,Technology,Miami,Small,None,4.0,80.0,8,86700,131811,6.6
GRAD_003844,2017,22,Female,White,Regional,Engineering,3.23,0,No,0,Retail,Chicago,Medium,None,5.0,40.0,7,66321,111524,8.5
GRAD_003845,2021,21,Female,Other,Regional,Data Science,3.41,1,No,1,Media,Chicago,Large,None,1.0,20.0,3,86531,100593,6.7
GRAD_003846,2022,21,Male,White,Top 10,Finance,3.09,5,No,2,Real Estate,Denver,Startup,None,2.0,,2,123508,144664,8.1
GRAD_003847,2017,20,Male,Asian,Top 100,Computer Science,3.79,0,Yes,0,Energy,Dallas,Large,None,2.0,100.0,7,132827,203766,10.0
GRAD_003848,2021,23,Female,Asian,Top 100,Chemistry,3.18,0,No,1,Healthcare,Seattle,Startup,None,3.0,0.0,3,84990,104715,7.6
GRAD_003849,2022,21,Female,Hispanic,Top 100,Engineering,3.75,3,No,0,Technology,Washington DC,Medium,None,2.0,,2,167886,180891,4.9
GRAD_003850,2016,21,Female,White,Regional,Biology,3.26,1,No,3,Technology,Miami,Small,None,3.0,60.0,8,73440,113225,5.2
GRAD_003851,2019,21,Male,White,Regional,Computer Science,2.89,3,No,1,Transportation,Miami,Large,Masters,1.0,100.0,5,101616,138924,5.5
GRAD_003852,2022,20,Male,White,Top 100,Biology,3.22,3,Yes,0,Non-profit,Denver,Startup,None,0.0,0.0,2,50707,55663,3.9
GRAD_003853,2018,22,Male,White,Regional,Chemistry,2.95,1,No,2,Government,San Francisco,Fortune 500,PhD,1.0,60.0,6,92065,140116,7.4
GRAD_003854,2017,24,Female,Asian,Top 100,Mathematics,3.2,3,No,1,Education,Chicago,Medium,None,3.0,80.0,7,74809,106784,6.5
GRAD_003855,2021,23,Male,Hispanic,Regional,Marketing,2.94,3,No,0,Finance,Denver,Large,None,2.0,100.0,3,85925,100673,7.2
GRAD_003856,2019,21,Male,Hispanic,Top 100,Business,3.22,2,No,0,Finance,Dallas,Small,None,3.0,0.0,5,84472,112828,10.0
GRAD_003857,2021,24,Male,Asian,Top 50,Computer Science,3.64,3,No,0,Manufacturing,Washington DC,Large,Masters,1.0,40.0,3,124397,165609,7.0
GRAD_003858,2016,20,Other,Asian,Top 100,Engineering,3.8,2,Yes,0,Media,Seattle,Small,Masters,5.0,100.0,8,111800,211271,7.7
GRAD_003859,2020,23,Female,Asian,Regional,Liberal Arts,3.09,4,No,0,Retail,Portland,Large,None,1.0,0.0,4,52634,61221,6.2
GRAD_003860,2018,21,Male,Asian,Regional,Liberal Arts,3.55,2,No,0,Media,Austin,Large,None,3.0,100.0,6,56450,79419,8.9
GRAD_003861,2023,23,Male,White,Regional,Computer Science,3.83,1,No,2,Manufacturing,Phoenix,Fortune 500,None,3.0,40.0,1,94600,107957,8.5
GRAD_003862,2020,22,Female,White,Regional,Finance,2.89,2,No,1,Finance,Portland,Large,None,1.0,0.0,4,99023,120529,6.4
GRAD_003863,2021,20,Male,White,Top 100,Data Science,2.7,1,No,0,Energy,Atlanta,Large,Masters,4.0,0.0,3,120250,167376,9.4
GRAD_003864,2016,22,Male,White,Top 50,Business,2.82,4,No,6,Transportation,Washington DC,Startup,PhD,,20.0,8,83227,163599,6.9
GRAD_003865,2023,22,Female,White,Top 10,Liberal Arts,3.28,2,No,2,Retail,Portland,Large,None,2.0,20.0,1,62653,68499,1.9
GRAD_003866,2015,22,Female,White,Top 100,Political Science,2.54,2,Yes,1,Technology,Phoenix,Medium,None,1.0,0.0,9,74830,118109,5.6
GRAD_003867,2015,21,Female,Asian,Regional,Engineering,3.7,2,Yes,2,Education,San Francisco,Small,MBA,,60.0,9,112491,183094,10.0
GRAD_003868,2015,20,Male,Asian,Top 50,Economics,2.52,1,No,3,Media,Denver,Small,None,0.0,60.0,9,82359,147756,4.7
GRAD_003869,2022,23,Male,White,Top 50,Data Science,3.3,0,No,0,Finance,New York,Small,None,0.0,0.0,2,169181,180529,5.4
GRAD_003870,2021,22,Female,White,Top 50,Business,3.41,1,No,1,Energy,Seattle,Large,None,0.0,0.0,3,108554,125772,9.5
GRAD_003871,2023,23,Female,Other,Regional,Communications,3.54,2,No,1,Manufacturing,San Francisco,Large,JD,1.0,20.0,1,90229,121929,7.5
GRAD_003872,2015,23,Male,White,Top 50,Business,3.7,0,No,2,Education,Chicago,Medium,None,3.0,0.0,9,74210,129940,9.1
GRAD_003873,2021,23,Male,White,Regional,Economics,3.87,1,No,2,Technology,Atlanta,Medium,None,,60.0,3,108121,129085,6.7
GRAD_003874,2020,24,Male,White,Top 100,Finance,3.44,0,No,0,Healthcare,Washington DC,Large,None,1.0,60.0,4,112913,133349,7.6
GRAD_003875,2021,22,Female,White,Regional,Economics,3.09,2,No,3,Healthcare,Seattle,Large,None,2.0,,3,92883,112284,6.8
GRAD_003876,2020,21,Male,White,Regional,Marketing,3.37,0,No,2,Non-profit,Dallas,Large,Masters,1.0,20.0,4,50953,69453,7.8
GRAD_003877,2021,21,Male,White,Top 100,Marketing,3.44,1,Yes,0,Manufacturing,San Francisco,Medium,None,3.0,40.0,3,89403,110790,7.4
GRAD_003878,2023,22,Female,White,Regional,Liberal Arts,3.38,3,Yes,0,Healthcare,Austin,Large,None,1.0,80.0,1,67961,72444,5.6
GRAD_003879,2020,22,Male,Asian,Top 100,Marketing,3.13,1,No,1,Media,Austin,Fortune 500,None,1.0,40.0,4,60325,78356,6.8
GRAD_003880,2023,24,Female,White,Top 50,Business,3.72,4,Yes,4,Retail,Miami,Startup,None,5.0,0.0,1,81941,95060,5.4
GRAD_003881,2022,22,Male,White,Top 10,Computer Science,3.16,3,No,0,Real Estate,Portland,Large,None,1.0,60.0,2,163820,184863,6.7
GRAD_003882,2022,25,Male,White,Regional,Political Science,3.26,3,No,0,Real Estate,Boston,Large,None,1.0,0.0,2,78939,90822,6.5
GRAD_003883,2021,25,Male,Asian,Top 50,Psychology,3.01,1,,0,Real Estate,Miami,Startup,None,3.0,80.0,3,73186,93318,7.1
GRAD_003884,2020,23,Female,Asian,Top 100,Mathematics,3.62,3,No,1,Technology,Philadelphia,Large,None,1.0,0.0,4,102064,130571,7.5
GRAD_003885,2015,23,Male,Asian,Top 50,Business,4.0,0,No,1,Government,Atlanta,Large,None,5.0,40.0,9,78859,132450,6.7
GRAD_003886,2022,21,Female,White,Top 10,Chemistry,3.72,0,No,1,Retail,Washington DC,Small,None,3.0,60.0,2,101264,115925,9.7
GRAD_003887,2017,25,Female,Black,Regional,Communications,2.92,1,No,1,Manufacturing,Dallas,Medium,None,0.0,80.0,7,62414,82186,4.2
GRAD_003888,2015,21,Male,Asian,Top 50,Chemistry,3.02,2,No,0,Education,San Francisco,Large,None,1.0,0.0,9,84627,149338,10.0
GRAD_003889,2020,24,Male,White,Top 50,Finance,2.75,1,No,1,Transportation,Boston,Medium,None,2.0,80.0,4,96339,121361,5.7
GRAD_003890,2021,20,Female,Other,Top 50,Mathematics,3.41,3,Yes,2,Technology,Dallas,Fortune 500,MD,2.0,100.0,3,94759,159405,5.1
GRAD_003891,2021,23,Female,Asian,Top 50,Computer Science,3.47,2,Yes,3,Government,Washington DC,Fortune 500,None,1.0,80.0,3,117481,137550,7.1
GRAD_003892,2021,24,Female,Asian,Top 10,Engineering,3.06,2,No,2,Finance,Philadelphia,Large,MBA,,0.0,3,129602,183242,8.4
GRAD_003893,2021,23,Female,White,Top 50,Biology,3.11,1,No,2,Non-profit,San Francisco,Medium,Masters,1.0,0.0,3,77712,109490,7.7
GRAD_003894,2022,21,Male,White,Regional,Business,2.63,2,Yes,0,Energy,Atlanta,Large,Masters,3.0,20.0,2,76756,107858,5.7
GRAD_003895,2022,22,Male,Asian,Regional,Liberal Arts,3.26,0,No,1,Media,Miami,Startup,None,4.0,60.0,2,50152,66985,4.3
GRAD_003896,2022,24,Female,Hispanic,Top 100,Liberal Arts,3.06,0,No,3,Technology,Dallas,Large,None,1.0,0.0,2,63755,69397,5.5
GRAD_003897,2019,21,Female,Other,Regional,Biology,3.06,1,No,4,Technology,Seattle,Startup,None,3.0,80.0,5,114612,139126,7.0
GRAD_003898,2015,21,Female,Other,Top 50,Engineering,4.0,1,No,1,Consulting,New York,Large,None,3.0,40.0,9,178208,248413,6.5
GRAD_003899,2021,24,Female,Asian,Regional,Marketing,3.53,0,No,2,Manufacturing,Dallas,Small,None,1.0,0.0,3,65497,74538,6.2
GRAD_003900,2017,22,Male,White,Regional,Marketing,3.29,2,Yes,4,Energy,Seattle,Fortune 500,Masters,1.0,0.0,7,87320,129439,6.9
GRAD_003901,2022,22,Male,Asian,Regional,Biology,3.38,0,No,1,Government,Chicago,Medium,MD,2.0,0.0,2,51876,88708,7.7
GRAD_003902,2021,25,Male,White,Regional,Chemistry,3.12,3,No,0,Consulting,Seattle,Small,None,0.0,40.0,3,120685,137835,5.4
GRAD_003903,2022,21,Male,Asian,Top 50,Computer Science,3.64,2,No,1,Healthcare,Chicago,Fortune 500,MD,4.0,80.0,2,124965,220814,10.0
GRAD_003904,2018,21,Female,White,Top 100,Engineering,3.2,1,No,2,Non-profit,Phoenix,Small,MBA,1.0,60.0,6,70619,110749,4.8
GRAD_003905,2021,22,Male,White,Top 10,Engineering,2.92,1,No,0,Non-profit,Seattle,Medium,None,1.0,60.0,3,117431,140670,9.2
GRAD_003906,2020,22,Male,Asian,Top 50,Liberal Arts,3.87,3,No,1,Real Estate,Atlanta,Large,None,1.0,0.0,4,64821,76113,3.9
GRAD_003907,2017,21,Female,Black,Top 50,Marketing,3.02,1,Yes,0,Technology,Washington DC,Large,MD,0.0,40.0,7,117569,246809,7.0
GRAD_003908,2022,23,Female,Hispanic,Regional,Computer Science,4.0,2,No,0,Healthcare,Seattle,Large,Masters,2.0,20.0,2,141571,171846,8.0
GRAD_003909,2020,22,Male,White,Top 10,Computer Science,3.62,2,No,2,Media,Phoenix,Startup,None,5.0,0.0,4,104705,136860,3.9
GRAD_003910,2017,22,Female,White,Top 100,Computer Science,3.54,0,Yes,1,Finance,Portland,Fortune 500,None,1.0,0.0,7,112277,164830,8.5
GRAD_003911,2018,22,Female,Hispanic,Regional,Engineering,2.96,1,,3,Non-profit,Philadelphia,Large,None,2.0,20.0,6,61755,89417,3.8
GRAD_003912,2017,20,Male,Asian,Top 100,Data Science,3.81,3,,0,Manufacturing,Dallas,Large,None,1.0,60.0,7,108371,137771,7.1
GRAD_003913,2018,21,Male,White,Top 100,Liberal Arts,4.0,0,No,1,Real Estate,Portland,Medium,Masters,2.0,,6,63212,107904,3.9
GRAD_003914,2017,20,Female,Asian,Regional,Economics,2.95,3,No,0,Retail,Philadelphia,Fortune 500,Masters,6.0,20.0,7,64724,123943,8.8
GRAD_003915,2018,24,Female,Asian,Regional,Mathematics,3.27,2,No,0,Healthcare,Miami,Medium,PhD,,40.0,6,95357,146987,6.0
GRAD_003916,2021,22,Male,Hispanic,Regional,Chemistry,2.99,2,No,3,Real Estate,Dallas,Large,Masters,4.0,60.0,3,78238,112567,6.1
GRAD_003917,2023,23,Female,Hispanic,Top 10,Liberal Arts,3.18,0,No,1,Non-profit,Atlanta,Fortune 500,Masters,,40.0,1,54035,65376,6.7
GRAD_003918,2017,21,Female,Asian,Regional,Business,3.24,3,Yes,1,Manufacturing,Seattle,Small,Masters,2.0,40.0,7,104264,165304,5.1
GRAD_003919,2018,24,Male,Asian,Top 100,Marketing,3.75,2,No,0,Consulting,Miami,Large,None,2.0,0.0,6,87264,131892,5.6
GRAD_003920,2015,20,Female,Asian,Top 10,Business,2.8,2,No,0,Energy,Chicago,Large,MBA,0.0,40.0,9,98499,195098,7.5
GRAD_003921,2017,23,Female,White,Regional,Communications,3.55,0,No,1,Government,Denver,Medium,MD,3.0,20.0,7,56318,127922,10.0
GRAD_003922,2019,22,Male,Asian,Regional,Data Science,3.57,0,Yes,0,Retail,Miami,Large,None,1.0,40.0,5,81959,98487,3.5
GRAD_003923,2019,20,Female,White,Regional,Communications,2.98,2,No,1,Media,Chicago,Small,MBA,0.0,20.0,5,60462,100463,7.1
GRAD_003924,2017,20,Male,Other,Regional,Marketing,3.31,1,Yes,2,Education,Denver,Small,PhD,2.0,80.0,7,48104,83284,5.2
GRAD_003925,2016,23,Female,Asian,Top 50,Business,3.1,1,No,0,Finance,San Francisco,Large,Masters,1.0,60.0,8,126150,225508,8.5
GRAD_003926,2020,23,Female,White,Regional,Liberal Arts,3.34,3,No,2,Finance,Dallas,Startup,None,3.0,0.0,4,66501,82628,7.5
GRAD_003927,2019,22,Female,Black,Top 100,Business,3.95,1,No,0,Transportation,New York,Small,Masters,4.0,0.0,5,99716,157954,7.2
GRAD_003928,2019,23,Male,White,Top 10,Computer Science,2.99,2,No,2,Government,San Francisco,Small,Masters,,,5,156613,259666,9.5
GRAD_003929,2023,23,Male,White,Regional,Business,3.4,0,No,1,Manufacturing,Boston,Large,Masters,2.0,20.0,1,86984,112770,6.4
GRAD_003930,2020,22,Male,White,Top 100,Psychology,2.98,1,No,2,Transportation,Seattle,Large,None,0.0,60.0,4,73010,87544,3.7
GRAD_003931,2019,23,Male,Asian,Top 10,Biology,3.55,0,No,1,Energy,Chicago,Large,MBA,0.0,0.0,5,87897,131131,7.0
GRAD_003932,2017,20,Female,Asian,Top 50,Psychology,3.41,0,No,2,Finance,New York,Fortune 500,Masters,2.0,100.0,7,106189,153299,7.5
GRAD_003933,2019,22,Male,White,Top 50,Engineering,3.51,2,No,2,Energy,Seattle,Small,None,2.0,80.0,5,152605,186124,7.9
GRAD_003934,2022,23,Male,White,Top 50,Engineering,3.12,0,Yes,0,Energy,Portland,Large,None,2.0,,2,109603,128353,4.8
GRAD_003935,2023,21,Male,White,Regional,Computer Science,2.9,1,,1,Transportation,Chicago,Small,None,1.0,0.0,1,96498,103828,6.7
GRAD_003936,2018,22,Female,White,Top 100,Engineering,2.74,0,No,1,Finance,Los Angeles,Fortune 500,MBA,2.0,60.0,6,124279,217499,8.0
GRAD_003937,2017,20,Male,White,Top 100,Liberal Arts,3.3,1,Yes,1,Transportation,San Francisco,Fortune 500,None,3.0,60.0,7,75358,110557,8.6
GRAD_003938,2023,22,Male,White,Top 100,Mathematics,3.49,3,Yes,0,Manufacturing,Phoenix,Startup,JD,1.0,60.0,1,77279,110007,5.1
GRAD_003939,2016,21,Male,Black,Regional,Communications,3.44,2,Yes,1,Consulting,Portland,Fortune 500,None,3.0,20.0,8,84747,140424,6.6
GRAD_003940,2018,21,Female,Hispanic,Top 50,Business,3.56,3,Yes,1,Non-profit,Los Angeles,Medium,None,6.0,0.0,6,78195,123998,7.3
GRAD_003941,2017,23,Male,White,Top 50,Business,3.11,3,Yes,1,Energy,New York,Large,None,3.0,,7,123166,190546,8.5
GRAD_003942,2020,20,Female,Other,Top 100,Biology,3.27,1,,0,Energy,Washington DC,Large,None,1.0,60.0,4,94030,110508,5.3
GRAD_003943,2019,20,Male,White,Regional,Economics,2.48,2,Yes,2,Consulting,Phoenix,Medium,MD,4.0,20.0,5,84101,185527,6.7
GRAD_003944,2018,23,Female,Hispanic,Regional,Computer Science,3.25,2,Yes,0,Healthcare,Seattle,Large,Masters,2.0,100.0,6,133471,217293,8.6
GRAD_003945,2022,22,Female,White,Regional,Data Science,3.91,0,No,0,Education,Atlanta,Small,None,3.0,40.0,2,66404,78060,9.3
GRAD_003946,2021,21,Female,Hispanic,Regional,Economics,3.36,2,No,1,Consulting,New York,Fortune 500,Masters,2.0,0.0,3,136826,174241,7.3
GRAD_003947,2023,23,Female,Asian,Top 10,Biology,4.0,2,No,4,Healthcare,Denver,Fortune 500,MBA,,0.0,1,106798,140267,9.4
GRAD_003948,2018,20,Female,White,Top 50,Computer Science,3.45,2,Yes,0,Manufacturing,Seattle,Fortune 500,None,1.0,0.0,6,146366,192557,6.2
GRAD_003949,2022,20,Male,Black,Top 100,Computer Science,3.65,1,No,1,Non-profit,Dallas,Large,MBA,1.0,40.0,2,63328,88002,6.0
GRAD_003950,2018,22,Other,Hispanic,Top 10,Marketing,3.55,4,Yes,0,Energy,Los Angeles,Fortune 500,None,0.0,20.0,6,131167,163219,9.3
GRAD_003951,2015,22,Male,White,Top 100,Mathematics,3.59,2,No,0,Media,Phoenix,Medium,JD,1.0,40.0,9,63714,135668,8.4
GRAD_003952,2016,21,Female,White,Top 50,Computer Science,3.41,1,No,0,Retail,Atlanta,Small,None,2.0,20.0,8,100810,139300,8.0
GRAD_003953,2020,22,Male,Asian,Regional,Finance,3.6,2,No,2,Retail,Atlanta,Small,None,4.0,60.0,4,74610,108455,8.4
GRAD_003954,2022,24,Female,Asian,Top 10,Business,3.12,0,No,1,Media,San Francisco,Large,Masters,1.0,60.0,2,123308,148710,6.8
GRAD_003955,2015,22,Female,White,Regional,Liberal Arts,3.77,1,No,2,Retail,New York,Fortune 500,PhD,1.0,80.0,9,67342,113323,7.6
GRAD_003956,2022,20,Male,Black,Top 100,Finance,3.85,0,No,0,Retail,Chicago,Small,PhD,1.0,40.0,2,77080,101461,8.9
GRAD_003957,2021,22,Male,Asian,Top 100,Marketing,3.44,2,Yes,3,Retail,Los Angeles,Large,None,1.0,0.0,3,75592,91894,4.3
GRAD_003958,2015,20,Female,Other,Top 50,Economics,3.17,2,No,2,Government,Washington DC,Large,None,2.0,80.0,9,101891,154590,7.7
GRAD_003959,2016,24,Female,White,Regional,Mathematics,2.88,1,No,2,Media,Seattle,Small,None,2.0,20.0,8,90334,138435,8.3
GRAD_003960,2015,20,Female,White,Regional,Liberal Arts,3.43,1,No,2,Government,Los Angeles,Large,None,3.0,60.0,9,53932,75509,4.7
GRAD_003961,2021,22,Male,Black,Regional,Economics,3.29,1,No,1,Government,Atlanta,Small,None,1.0,60.0,3,71463,86016,5.7
GRAD_003962,2020,22,Female,Hispanic,Top 50,Chemistry,3.07,2,No,1,Consulting,Dallas,Large,JD,4.0,0.0,4,91368,152498,7.1
GRAD_003963,2018,21,Female,White,Regional,Liberal Arts,2.96,1,No,0,Manufacturing,Chicago,Medium,None,1.0,0.0,6,51349,73678,7.6
GRAD_003964,2016,24,Female,White,Top 100,Data Science,2.93,0,Yes,0,Finance,Chicago,Startup,Masters,,40.0,8,124162,210715,6.4
GRAD_003965,2019,25,Male,White,Top 50,Computer Science,3.32,4,No,4,Finance,Philadelphia,Large,Masters,3.0,40.0,5,147557,207578,9.7
GRAD_003966,2021,21,Female,White,Top 100,Engineering,3.47,2,,1,Finance,Seattle,Large,Masters,2.0,80.0,3,149814,199372,7.7
GRAD_003967,2016,23,Female,Hispanic,Top 100,Engineering,3.48,0,No,0,Consulting,Portland,Large,None,0.0,20.0,8,99610,132967,8.4
GRAD_003968,2022,21,Female,Asian,Top 100,Marketing,4.0,3,No,4,Real Estate,Miami,Large,None,,60.0,2,92005,105015,6.1
GRAD_003969,2015,24,Male,Hispanic,Top 100,Data Science,3.55,1,No,3,Retail,Washington DC,Large,MBA,1.0,60.0,9,86109,144658,6.0
GRAD_003970,2020,24,Female,Asian,Top 50,Marketing,3.69,3,No,1,Technology,Chicago,Small,None,0.0,20.0,4,114984,137882,5.2
GRAD_003971,2017,24,Male,Hispanic,Top 50,Marketing,3.3,1,Yes,0,Consulting,Portland,Small,Masters,4.0,40.0,7,85865,166448,10.0
GRAD_003972,2016,20,Female,White,Regional,Business,2.81,0,,0,Retail,Phoenix,Fortune 500,MD,0.0,60.0,8,49267,92411,6.0
GRAD_003973,2018,21,Female,White,Top 50,Engineering,3.15,0,No,0,Healthcare,Philadelphia,Large,None,3.0,40.0,6,95889,141930,4.7
GRAD_003974,2021,21,Female,Asian,Regional,Liberal Arts,3.93,0,No,0,Retail,Portland,Small,None,,0.0,3,57899,77780,5.6
GRAD_003975,2016,21,Male,White,Regional,Engineering,3.01,0,No,1,Non-profit,Dallas,Large,MD,2.0,0.0,8,65419,162956,7.1
GRAD_003976,2019,24,Male,Asian,Regional,Business,3.33,3,No,0,Education,Atlanta,Large,None,6.0,40.0,5,59768,93709,5.9
GRAD_003977,2019,20,Female,Hispanic,Regional,Marketing,3.32,3,No,0,Consulting,Portland,Startup,None,2.0,80.0,5,97155,130224,6.1
GRAD_003978,2019,23,Female,White,Top 50,Political Science,3.84,3,No,0,Non-profit,Philadelphia,Medium,None,3.0,80.0,5,55131,70455,6.6
GRAD_003979,2023,23,Male,White,Top 100,Engineering,3.49,1,No,0,Technology,Phoenix,Large,None,3.0,100.0,1,97524,113265,4.2
GRAD_003980,2018,21,Male,Black,Top 100,Economics,3.51,2,No,0,Media,Miami,Large,MBA,1.0,80.0,6,78754,123157,8.0
GRAD_003981,2023,23,Female,White,Regional,Finance,3.25,2,No,0,Education,Philadelphia,Medium,None,2.0,0.0,1,76480,83609,10.0
GRAD_003982,2020,23,Female,Black,Top 100,Biology,2.52,2,No,0,Manufacturing,Chicago,Fortune 500,None,2.0,60.0,4,63608,77232,5.7
GRAD_003983,2022,22,Female,Asian,Regional,Psychology,3.16,1,No,1,Technology,Philadelphia,Small,None,0.0,60.0,2,76447,77202,6.5
GRAD_003984,2018,24,Female,Hispanic,Regional,Liberal Arts,3.29,1,No,0,Technology,Austin,Medium,None,1.0,40.0,6,76830,96217,3.7
GRAD_003985,2016,21,Female,White,Regional,Business,3.36,3,No,1,Government,Dallas,Fortune 500,None,2.0,20.0,8,77404,119094,6.4
GRAD_003986,2016,24,Male,Hispanic,Regional,Business,3.06,2,No,1,Technology,Miami,Medium,None,0.0,0.0,8,103091,175698,7.5
GRAD_003987,2020,22,Female,White,Top 100,Political Science,2.81,2,No,0,Technology,San Francisco,Fortune 500,None,1.0,20.0,4,122517,149842,9.0
GRAD_003988,2023,22,Female,White,Top 50,Engineering,3.57,0,No,2,Real Estate,Denver,Medium,None,2.0,20.0,1,101744,104163,6.1
GRAD_003989,2015,22,Female,White,Top 100,Computer Science,3.19,0,No,0,Education,Miami,Small,None,2.0,80.0,9,85327,118215,8.4
GRAD_003990,2021,20,Male,Asian,Top 10,Business,3.3,3,No,5,Real Estate,Austin,Small,None,3.0,60.0,3,102707,122218,6.8
GRAD_003991,2020,21,Male,Hispanic,Top 100,Liberal Arts,2.69,7,Yes,1,Retail,Portland,Small,None,2.0,0.0,4,64057,89833,4.9
GRAD_003992,2021,20,Female,White,Regional,Biology,3.22,1,No,5,Media,Los Angeles,Fortune 500,JD,3.0,80.0,3,69820,107611,8.0
GRAD_003993,2017,22,Female,Hispanic,Top 100,Psychology,3.55,1,No,1,Finance,Atlanta,Large,Masters,3.0,20.0,7,67346,123632,4.7
GRAD_003994,2015,23,Male,Asian,Top 50,Business,3.41,1,No,2,Education,Phoenix,Medium,None,,60.0,9,55038,91735,6.7
GRAD_003995,2015,23,Male,Hispanic,Regional,Economics,3.16,2,No,1,Government,New York,Small,None,1.0,40.0,9,100208,147174,6.9
GRAD_003996,2017,21,Female,Asian,Regional,Liberal Arts,3.11,2,No,4,Healthcare,Miami,Small,Masters,3.0,40.0,7,68948,114017,8.7
GRAD_003997,2017,22,Male,White,Regional,Engineering,3.24,1,Yes,2,Healthcare,Phoenix,Small,Masters,2.0,20.0,7,88205,139424,8.3
GRAD_003998,2016,22,Female,Asian,Top 100,Chemistry,3.43,0,No,0,Non-profit,Los Angeles,Medium,Masters,0.0,0.0,8,62210,105555,6.3
GRAD_003999,2017,22,Female,Hispanic,Top 100,Marketing,3.42,1,No,1,Manufacturing,Austin,Medium,Masters,3.0,,7,81887,154507,6.6
GRAD_004000,2020,24,Female,White,Regional,Mathematics,3.5,0,Yes,2,Manufacturing,Phoenix,Small,None,3.0,0.0,4,73742,89262,5.0
GRAD_004001,2023,23,Male,White,Top 100,Engineering,3.59,2,No,1,Retail,Boston,Large,JD,0.0,40.0,1,104031,141906,7.8
GRAD_004002,2023,22,Female,White,Top 100,Chemistry,3.34,2,No,1,Media,Seattle,Medium,Masters,3.0,80.0,1,82813,103549,8.2
GRAD_004003,2018,22,Male,White,Top 100,Engineering,3.9,4,No,0,Finance,Phoenix,Large,None,3.0,0.0,6,104940,160012,4.6
GRAD_004004,2015,21,Male,White,Regional,Psychology,3.53,0,No,2,Real Estate,Chicago,Large,None,1.0,0.0,9,61486,86945,5.7
GRAD_004005,2023,22,Male,Hispanic,Top 100,Finance,3.04,5,No,1,Finance,Dallas,Startup,None,2.0,0.0,1,106577,118823,7.9
GRAD_004006,2019,23,Male,White,Top 50,Finance,3.42,0,No,1,Media,Denver,Medium,Masters,3.0,,5,84733,142138,8.5
GRAD_004007,2023,21,Male,White,Top 50,Political Science,3.49,1,No,1,Real Estate,Washington DC,Small,None,2.0,0.0,1,77700,86703,6.9
GRAD_004008,2020,23,Male,White,Regional,Computer Science,3.57,0,No,0,Real Estate,Denver,Startup,None,0.0,40.0,4,115254,141597,5.9
GRAD_004009,2023,22,Male,White,Top 50,Mathematics,3.15,1,Yes,4,Energy,New York,Fortune 500,None,2.0,40.0,1,135388,146121,9.1
GRAD_004010,2019,25,Male,White,Top 50,Engineering,2.62,0,Yes,1,Healthcare,Austin,Small,None,0.0,0.0,5,126671,151644,4.7
GRAD_004011,2021,22,Female,Hispanic,Regional,Marketing,3.81,2,No,1,Technology,Phoenix,Large,None,1.0,40.0,3,100298,110644,6.7
GRAD_004012,2020,22,Male,Asian,Top 10,Economics,3.27,4,Yes,0,Finance,Denver,Fortune 500,None,1.0,,4,122006,152856,9.7
GRAD_004013,2017,21,Female,Asian,Top 10,Psychology,2.57,1,Yes,1,Transportation,Phoenix,Medium,None,4.0,80.0,7,65168,101065,7.2
GRAD_004014,2022,24,Female,White,Top 100,Liberal Arts,3.2,3,Yes,1,Healthcare,Atlanta,Medium,PhD,2.0,0.0,2,62997,85191,4.9
GRAD_004015,2015,23,Female,White,Regional,Liberal Arts,3.56,2,No,1,Non-profit,Miami,Small,MBA,4.0,20.0,9,49451,99393,5.6
GRAD_004016,2018,24,Female,White,Top 10,Liberal Arts,2.93,2,No,0,Manufacturing,Boston,Large,PhD,0.0,0.0,6,89554,128822,7.3
GRAD_004017,2022,22,Female,White,Regional,Economics,2.92,0,Yes,0,Manufacturing,Austin,Fortune 500,None,4.0,0.0,2,88462,102638,4.7
GRAD_004018,2020,22,Male,Asian,Top 100,Political Science,3.21,0,Yes,1,Manufacturing,Phoenix,Fortune 500,None,1.0,80.0,4,50384,66478,6.4
GRAD_004019,2015,20,Male,White,Top 10,Communications,3.34,2,Yes,0,Manufacturing,Miami,Medium,MBA,4.0,20.0,9,70189,131783,8.5
GRAD_004020,2017,25,Female,White,Regional,Computer Science,3.1,2,Yes,1,Real Estate,New York,Large,None,3.0,60.0,7,142000,180478,4.8
GRAD_004021,2016,23,Male,White,Top 10,Business,3.17,4,No,1,Retail,Phoenix,Large,None,2.0,20.0,8,83823,119446,7.2
GRAD_004022,2018,25,Male,Black,Top 100,Liberal Arts,3.58,6,No,1,Non-profit,San Francisco,Large,Masters,5.0,40.0,6,66295,116546,9.5
GRAD_004023,2016,21,Male,Hispanic,Regional,Business,3.31,0,No,0,Consulting,Chicago,Medium,MBA,3.0,80.0,8,99596,176143,9.6
GRAD_004024,2021,23,Female,Hispanic,Regional,Data Science,2.78,3,Yes,2,Consulting,Austin,Fortune 500,None,2.0,40.0,3,134154,158085,4.9
GRAD_004025,2021,23,Female,White,Top 50,Business,3.72,3,No,1,Healthcare,Chicago,Large,Masters,,80.0,3,120660,147174,9.4
GRAD_004026,2016,22,Female,White,Top 50,Engineering,3.24,1,Yes,2,Manufacturing,Philadelphia,Large,None,3.0,,8,108983,150388,8.4
GRAD_004027,2019,22,Male,Hispanic,Regional,Engineering,2.98,0,No,0,Consulting,Seattle,Small,None,3.0,80.0,5,117669,154873,6.1
GRAD_004028,2018,21,Female,Asian,Top 100,Political Science,3.23,2,No,1,Energy,Dallas,Medium,None,1.0,40.0,6,76215,108433,10.0
GRAD_004029,2018,21,Male,White,Top 100,Finance,2.84,2,Yes,2,Real Estate,Dallas,Large,None,1.0,60.0,6,84127,128288,5.6
GRAD_004030,2020,26,Male,Asian,Top 100,Business,3.3,1,,1,Energy,Philadelphia,Large,None,3.0,40.0,4,95803,128251,6.2
GRAD_004031,2023,21,Female,Black,Top 50,Psychology,3.49,2,No,0,Real Estate,Dallas,Large,Masters,0.0,80.0,1,79363,92279,6.6
GRAD_004032,2023,20,Female,White,Top 100,Communications,3.1,2,No,1,Finance,San Francisco,Large,None,0.0,60.0,1,109839,110960,6.4
GRAD_004033,2019,22,Female,White,Top 10,Computer Science,3.19,1,Yes,1,Government,Seattle,Startup,Masters,2.0,0.0,5,129407,182589,7.9
GRAD_004034,2019,22,Male,Asian,Top 50,Engineering,3.09,0,No,3,Manufacturing,Portland,Large,None,2.0,0.0,5,111570,161944,9.1
GRAD_004035,2020,22,Male,Asian,Regional,Computer Science,3.55,4,No,1,Retail,Phoenix,Large,Masters,5.0,20.0,4,81246,121174,7.9
GRAD_004036,2019,21,Male,Asian,Regional,Computer Science,3.21,1,Yes,0,Manufacturing,Miami,Medium,JD,0.0,40.0,5,88352,139514,6.6
GRAD_004037,2015,22,Male,White,Top 10,Engineering,3.1,2,No,0,Finance,Austin,Medium,None,2.0,0.0,9,169425,234508,4.3
GRAD_004038,2020,20,Female,Asian,Top 100,Business,3.35,4,No,1,Finance,New York,Medium,None,1.0,20.0,4,138044,161656,5.6
GRAD_004039,2020,25,Male,Asian,Regional,Marketing,3.2,0,Yes,2,Finance,Dallas,Medium,Masters,2.0,60.0,4,80477,117908,8.6
GRAD_004040,2019,22,Female,White,Regional,Marketing,3.25,1,No,0,Education,New York,Fortune 500,Masters,2.0,60.0,5,64894,96303,7.9
GRAD_004041,2019,22,Male,Asian,Top 10,Political Science,3.02,3,Yes,0,Finance,Dallas,Medium,None,3.0,20.0,5,85766,121561,4.7
GRAD_004042,2023,24,Male,White,Top 50,Data Science,3.52,0,No,1,Healthcare,Phoenix,Medium,MD,4.0,0.0,1,98517,167624,6.1
GRAD_004043,2020,26,Female,Hispanic,Regional,Data Science,3.16,3,No,2,Manufacturing,Atlanta,Large,PhD,5.0,60.0,4,94576,158400,7.4
GRAD_004044,2022,21,Female,Asian,Regional,Mathematics,3.2,0,Yes,1,Transportation,Washington DC,Large,None,0.0,40.0,2,88097,91999,6.8
GRAD_004045,2023,22,Female,White,Regional,Political Science,3.37,0,No,0,Real Estate,Miami,Medium,Masters,0.0,60.0,1,62323,72027,4.2
GRAD_004046,2022,23,Male,Black,Regional,Business,3.99,0,No,1,Healthcare,Portland,Large,None,1.0,100.0,2,80778,92984,5.6
GRAD_004047,2023,23,Female,Asian,Regional,Data Science,3.59,1,No,3,Technology,Washington DC,Startup,None,2.0,60.0,1,142155,148988,5.2
GRAD_004048,2022,23,Female,White,Top 100,Political Science,3.07,4,No,1,Technology,Phoenix,Fortune 500,MBA,5.0,0.0,2,71772,106682,7.0
GRAD_004049,2017,23,Female,White,Top 50,Chemistry,2.86,2,No,1,Media,Atlanta,Large,Masters,3.0,40.0,7,63857,118873,6.9
GRAD_004050,2017,21,Male,Asian,Top 50,Communications,3.41,3,No,0,Real Estate,Chicago,Large,Masters,2.0,100.0,7,80909,133928,8.3
GRAD_004051,2017,24,Male,Hispanic,Top 10,Computer Science,3.09,1,No,1,Media,Dallas,Large,None,2.0,60.0,7,115366,175523,7.4
GRAD_004052,2018,22,Female,White,Top 50,Computer Science,3.22,2,No,1,Technology,New York,Small,None,5.0,80.0,6,216019,274196,7.4
GRAD_004053,2018,22,Female,Asian,Top 100,Biology,3.24,3,No,1,Retail,Boston,Small,None,1.0,20.0,6,80744,114713,7.8
GRAD_004054,2022,23,Female,Asian,Top 100,Business,3.26,2,Yes,1,Healthcare,Philadelphia,Fortune 500,Masters,2.0,0.0,2,94265,126160,8.2
GRAD_004055,2018,21,Female,White,Regional,Engineering,3.22,1,No,2,Government,Los Angeles,Fortune 500,JD,1.0,80.0,6,94820,165587,8.3
GRAD_004056,2021,23,Male,White,Top 100,Finance,3.13,1,No,0,Non-profit,Boston,Large,MBA,2.0,40.0,3,80509,127972,7.9
GRAD_004057,2023,23,Male,White,Top 100,Data Science,2.55,2,,1,Government,Austin,Medium,None,4.0,40.0,1,104008,122808,8.0
GRAD_004058,2016,20,Female,White,Regional,Business,3.37,1,Yes,3,Manufacturing,Portland,Large,None,0.0,80.0,8,81515,128740,5.8
GRAD_004059,2015,24,Female,White,Regional,Business,3.52,0,No,2,Non-profit,Boston,Large,MD,2.0,0.0,9,65691,171877,7.4
GRAD_004060,2023,21,Female,White,Top 100,Liberal Arts,2.97,1,Yes,1,Non-profit,Washington DC,Medium,None,3.0,40.0,1,49794,57822,5.6
GRAD_004061,2017,22,Female,Black,Top 50,Finance,3.55,2,No,0,Retail,Chicago,Startup,None,3.0,,7,93447,146567,7.9
GRAD_004062,2016,24,Male,White,Top 100,Finance,3.41,1,No,0,Technology,New York,Medium,None,1.0,60.0,8,168504,285929,9.6
GRAD_004063,2018,23,Female,White,Regional,Economics,3.34,0,No,2,Transportation,Los Angeles,Large,None,5.0,80.0,6,83908,111102,7.9
GRAD_004064,2017,24,Male,White,Regional,Liberal Arts,3.36,2,Yes,0,Media,Washington DC,Large,None,2.0,40.0,7,65661,101414,7.0
GRAD_004065,2022,24,Male,White,Top 10,Biology,3.56,0,No,0,Transportation,Boston,Startup,None,0.0,40.0,2,86489,91887,3.9
GRAD_004066,2021,21,Male,White,Top 50,Chemistry,3.49,1,No,0,Transportation,Washington DC,Large,None,3.0,100.0,3,77487,102410,9.4
GRAD_004067,2016,20,Female,White,Regional,Engineering,2.75,0,No,0,Healthcare,Boston,Startup,None,2.0,0.0,8,102010,158967,8.5
GRAD_004068,2020,23,Female,Asian,Regional,Engineering,3.75,3,No,1,Healthcare,San Francisco,Startup,None,5.0,40.0,4,175422,229310,5.2
GRAD_004069,2017,23,Female,Hispanic,Top 50,Communications,3.49,2,No,0,Transportation,Dallas,Fortune 500,Masters,3.0,20.0,7,60770,106012,10.0
GRAD_004070,2017,24,Male,Hispanic,Top 100,Computer Science,2.95,2,,2,Transportation,Chicago,Small,None,4.0,0.0,7,103827,175581,5.0
GRAD_004071,2020,23,Female,White,Top 100,Business,2.67,1,No,1,Healthcare,Boston,Small,Masters,1.0,0.0,4,96565,135442,8.5
GRAD_004072,2021,21,Female,White,Top 50,Political Science,2.88,2,Yes,0,Transportation,New York,Small,None,2.0,,3,92349,112515,6.8
GRAD_004073,2018,23,Male,Asian,Top 100,Data Science,3.74,2,No,0,Healthcare,Washington DC,Large,MBA,3.0,80.0,6,130185,249367,10.0
GRAD_004074,2022,20,Female,Asian,Top 10,Data Science,3.26,0,No,2,Energy,Washington DC,Small,Masters,1.0,0.0,2,167152,205477,8.2
GRAD_004075,2022,24,Male,White,Regional,Chemistry,3.58,2,No,1,Transportation,Chicago,Large,None,1.0,100.0,2,68219,76557,6.3
GRAD_004076,2023,21,Other,Asian,Top 10,Liberal Arts,4.0,2,No,0,Non-profit,Boston,Small,Masters,2.0,0.0,1,65154,83271,6.5
GRAD_004077,2021,21,Female,White,Top 50,Political Science,2.9,1,,0,Non-profit,Los Angeles,Startup,MBA,5.0,0.0,3,56892,89632,5.2
GRAD_004078,2017,26,Female,White,Regional,Computer Science,2.88,1,No,1,Energy,Seattle,Medium,None,2.0,40.0,7,139792,183429,9.9
GRAD_004079,2021,22,Male,Black,Top 100,Engineering,3.29,1,No,0,Energy,New York,Medium,None,2.0,40.0,3,123841,143760,7.5
GRAD_004080,2016,22,Female,White,Regional,Psychology,3.4,3,No,3,Retail,San Francisco,Large,Masters,1.0,40.0,8,75556,140137,8.1
GRAD_004081,2017,20,Female,White,Regional,Economics,3.57,0,No,0,Education,Philadelphia,Large,MBA,2.0,40.0,7,59993,102032,7.2
GRAD_004082,2022,23,Male,Asian,Top 50,Business,2.98,0,No,0,Media,Atlanta,Medium,None,0.0,20.0,2,76457,85917,4.2
GRAD_004083,2023,23,Male,White,Top 50,Computer Science,3.07,2,No,0,Healthcare,Seattle,Medium,None,4.0,60.0,1,139119,160506,7.2
GRAD_004084,2015,21,Male,White,Regional,Liberal Arts,3.78,3,,3,Media,Los Angeles,Large,None,,40.0,9,64871,114972,9.7
GRAD_004085,2018,20,Male,Black,Top 50,Data Science,3.44,1,No,0,Education,Philadelphia,Fortune 500,None,3.0,60.0,6,95466,125179,5.7
GRAD_004086,2021,24,Male,White,Top 100,Liberal Arts,3.41,3,Yes,3,Finance,Los Angeles,Medium,None,3.0,0.0,3,92730,119572,6.8
GRAD_004087,2023,22,Female,Hispanic,Regional,Marketing,3.14,3,No,1,Transportation,Miami,Large,Masters,1.0,80.0,1,70701,85557,5.3
GRAD_004088,2020,22,Male,Hispanic,Top 50,Data Science,3.76,1,Yes,2,Healthcare,Philadelphia,Large,None,3.0,0.0,4,144689,195430,7.4
GRAD_004089,2022,22,Female,Asian,Top 100,Communications,3.67,0,No,2,Energy,Washington DC,Startup,None,0.0,0.0,2,86077,90106,6.2
GRAD_004090,2023,21,Male,White,Top 100,Marketing,3.29,2,Yes,1,Consulting,Austin,Large,None,1.0,40.0,1,102539,108917,7.1
GRAD_004091,2020,24,Female,White,Regional,Engineering,2.72,2,No,2,Transportation,Dallas,Small,Masters,3.0,,4,82886,113569,10.0
GRAD_004092,2021,23,Female,White,Top 100,Communications,3.63,0,Yes,2,Energy,Phoenix,Medium,None,3.0,60.0,3,56491,70323,4.7
GRAD_004093,2021,23,Female,Asian,Top 100,Engineering,3.49,2,No,0,Non-profit,Seattle,Large,None,2.0,100.0,3,98256,109340,8.4
GRAD_004094,2021,25,Female,White,Top 100,Psychology,3.33,0,No,1,Consulting,Dallas,Startup,Masters,3.0,40.0,3,70528,97500,6.1
GRAD_004095,2020,21,Female,White,Top 100,Computer Science,3.71,0,No,0,Consulting,Boston,Large,None,2.0,0.0,4,156286,201688,7.5
GRAD_004096,2021,24,Male,Asian,Top 50,Economics,3.46,6,,0,Consulting,Atlanta,Large,None,1.0,0.0,3,114692,129708,4.2
GRAD_004097,2020,20,Female,White,Regional,Engineering,3.2,4,No,0,Finance,Los Angeles,Large,None,5.0,0.0,4,121746,162333,7.3
GRAD_004098,2021,23,Male,White,Top 100,Finance,3.65,3,No,3,Media,Portland,Medium,None,3.0,0.0,3,83030,109413,6.0
GRAD_004099,2020,25,Male,Black,Top 100,Chemistry,3.38,0,No,1,Manufacturing,Phoenix,Medium,Masters,3.0,40.0,4,58816,93545,5.7
GRAD_004100,2017,20,Male,Hispanic,Top 100,Engineering,3.62,1,Yes,0,Finance,Atlanta,Medium,None,5.0,60.0,7,123168,187152,6.9
GRAD_004101,2021,24,Male,Black,Regional,Engineering,3.35,5,No,0,Healthcare,Atlanta,Medium,None,4.0,0.0,3,92464,113362,9.9
GRAD_004102,2019,20,Male,White,Top 100,Engineering,3.5,2,Yes,0,Retail,Los Angeles,Large,None,3.0,0.0,5,93670,131646,8.1
GRAD_004103,2016,25,Female,White,Regional,Data Science,3.82,1,No,0,Finance,Boston,Medium,MBA,1.0,20.0,8,135762,227113,7.5
GRAD_004104,2022,21,Male,White,Top 100,Economics,3.79,2,No,3,Media,Dallas,Large,None,0.0,20.0,2,85145,92994,4.6
GRAD_004105,2017,21,Female,Asian,Regional,Marketing,3.11,2,No,2,Transportation,Boston,Fortune 500,Masters,0.0,0.0,7,67203,106033,6.6
GRAD_004106,2020,21,Female,Hispanic,Top 100,Business,3.62,0,Yes,0,Government,Boston,Large,Masters,4.0,80.0,4,91307,133454,6.0
GRAD_004107,2021,22,Male,Asian,Regional,Economics,3.09,3,No,0,Education,Los Angeles,Small,MBA,3.0,80.0,3,77385,126464,7.2
GRAD_004108,2021,22,Male,Asian,Regional,Economics,3.58,3,No,5,Consulting,Phoenix,Large,None,0.0,40.0,3,81624,99070,5.4
GRAD_004109,2016,22,Other,Hispanic,Top 50,Finance,3.25,2,No,1,Media,Miami,Fortune 500,None,2.0,20.0,8,87207,123686,6.4
GRAD_004110,2017,22,Female,White,Top 10,Data Science,2.77,2,No,0,Transportation,Denver,Medium,None,2.0,,7,138231,183862,4.2
GRAD_004111,2016,22,Male,Asian,Regional,Psychology,3.4,1,Yes,2,Technology,Boston,Medium,None,3.0,40.0,8,97719,152219,8.2
GRAD_004112,2015,22,Male,Black,Regional,Biology,3.67,1,No,1,Technology,Chicago,Small,None,4.0,20.0,9,92875,133638,8.1
GRAD_004113,2018,21,Female,Asian,Top 100,Mathematics,3.51,1,No,1,Consulting,Phoenix,Fortune 500,MBA,3.0,20.0,6,77739,138541,6.7
GRAD_004114,2020,23,Male,Asian,Top 100,Marketing,3.0,1,Yes,1,Transportation,Phoenix,Small,None,3.0,0.0,4,56565,82786,5.8
GRAD_004115,2017,23,Male,Asian,Regional,Business,3.39,2,No,0,Consulting,Los Angeles,Medium,None,1.0,60.0,7,111016,158145,5.6
GRAD_004116,2023,22,Male,Hispanic,Top 100,Business,3.25,3,No,1,Media,Portland,Medium,Masters,4.0,40.0,1,85865,115499,7.4
GRAD_004117,2021,22,Male,White,Top 50,Engineering,3.58,1,,2,Energy,Chicago,Startup,Masters,1.0,0.0,3,109338,149894,6.5
GRAD_004118,2020,21,Female,Hispanic,Regional,Liberal Arts,3.66,0,No,0,Education,Denver,Large,None,3.0,80.0,4,43088,60770,5.9
GRAD_004119,2021,22,Female,White,Regional,Computer Science,2.85,0,No,1,Government,Philadelphia,Medium,None,0.0,0.0,3,91625,92250,4.6
GRAD_004120,2019,22,Male,White,Regional,Business,3.33,0,No,2,Finance,Denver,Large,None,1.0,0.0,5,86101,115169,5.0
GRAD_004121,2019,20,Female,White,Top 100,Biology,2.98,2,No,2,Consulting,Portland,Medium,None,1.0,20.0,5,76325,94053,6.2
GRAD_004122,2023,23,Female,White,Regional,Communications,3.37,1,Yes,0,Retail,Dallas,Medium,None,3.0,100.0,1,40827,48448,5.0
GRAD_004123,2021,22,Male,White,Top 10,Business,2.81,2,No,0,Transportation,Los Angeles,Medium,None,2.0,20.0,3,92447,111955,9.7
GRAD_004124,2020,22,Female,Asian,Regional,Psychology,3.28,1,No,2,Government,New York,Medium,None,2.0,20.0,4,85928,112310,4.6
GRAD_004125,2023,23,Female,Asian,Regional,Finance,3.4,1,No,1,Non-profit,Philadelphia,Fortune 500,Masters,2.0,80.0,1,67794,85848,10.0
GRAD_004126,2021,21,Female,Asian,Top 100,Business,2.5,1,Yes,1,Government,Seattle,Large,None,2.0,40.0,3,97189,114281,7.0
GRAD_004127,2019,24,Female,White,Top 100,Computer Science,3.21,3,No,0,Real Estate,San Francisco,Small,None,2.0,100.0,5,145367,186588,9.8
GRAD_004128,2015,24,Female,Hispanic,Regional,Liberal Arts,2.78,0,No,1,Government,Austin,Large,PhD,3.0,40.0,9,63797,116597,7.9
GRAD_004129,2019,20,Male,White,Top 10,Engineering,3.59,2,No,0,Transportation,Washington DC,Fortune 500,Masters,1.0,20.0,5,118291,168386,8.1
GRAD_004130,2023,21,Other,Hispanic,Top 50,Psychology,2.62,2,No,1,Energy,Boston,Medium,Masters,1.0,60.0,1,90804,114159,6.8
GRAD_004131,2015,23,Female,Asian,Regional,Political Science,3.18,0,No,1,Consulting,Chicago,Small,Masters,3.0,20.0,9,70222,113020,6.1
GRAD_004132,2017,22,Male,White,Regional,Computer Science,3.76,0,No,1,Retail,Portland,Medium,None,3.0,80.0,7,99954,155157,7.8
GRAD_004133,2022,22,Male,White,Regional,Business,2.93,2,No,2,Consulting,San Francisco,Small,None,1.0,100.0,2,135592,153846,4.8
GRAD_004134,2018,23,Female,Hispanic,Top 100,Biology,3.04,1,No,0,Finance,Atlanta,Large,None,4.0,40.0,6,72146,94067,4.9
GRAD_004135,2017,20,Female,Other,Top 100,Political Science,3.27,2,No,0,Government,Philadelphia,Medium,None,2.0,0.0,7,53576,85122,3.6
GRAD_004136,2022,21,Male,White,Regional,Data Science,3.32,4,Yes,0,Non-profit,Los Angeles,Fortune 500,Masters,4.0,20.0,2,83154,119011,7.4
GRAD_004137,2020,21,Male,Asian,Top 50,Chemistry,2.49,1,No,0,Education,Atlanta,Large,None,2.0,0.0,4,49111,70200,5.7
GRAD_004138,2020,23,Female,White,Top 50,Data Science,3.21,2,No,0,Real Estate,Portland,Medium,None,2.0,0.0,4,135928,155163,8.5
GRAD_004139,2018,20,Female,White,Regional,Computer Science,3.54,3,No,3,Technology,Portland,Small,Masters,4.0,40.0,6,137122,202874,8.6
GRAD_004140,2021,22,Female,White,Regional,Economics,4.0,2,No,0,Manufacturing,New York,Medium,None,2.0,20.0,3,117233,133009,7.2
GRAD_004141,2022,21,Male,White,Top 100,Liberal Arts,3.03,0,No,1,Energy,Phoenix,Large,Masters,1.0,40.0,2,56634,76546,5.2
GRAD_004142,2022,23,Male,Black,Top 100,Business,3.2,5,No,0,Transportation,Miami,Fortune 500,None,0.0,0.0,2,78711,84753,7.2
GRAD_004143,2020,23,Male,White,Regional,Engineering,3.44,1,Yes,0,Finance,Chicago,Large,None,6.0,40.0,4,101418,135487,6.1
GRAD_004144,2018,25,Male,White,Top 50,Economics,3.01,3,Yes,0,Energy,Los Angeles,Fortune 500,None,1.0,80.0,6,133257,168746,7.0
GRAD_004145,2022,20,Female,White,Top 100,Chemistry,3.82,1,Yes,0,Media,Boston,Small,None,5.0,20.0,2,78664,97101,2.7
GRAD_004146,2020,21,Female,White,Top 100,Business,3.29,0,No,2,Retail,Phoenix,Large,None,1.0,20.0,4,56310,65632,5.8
GRAD_004147,2023,22,Male,White,Top 100,Marketing,3.38,2,No,1,Real Estate,San Francisco,Medium,None,2.0,60.0,1,105623,114951,6.0
GRAD_004148,2017,24,Male,Asian,Top 100,Biology,3.49,3,Yes,1,Manufacturing,Portland,Startup,None,1.0,80.0,7,74069,98347,2.9
GRAD_004149,2021,23,Female,White,Top 100,Communications,2.7,3,No,2,Technology,Dallas,Small,None,3.0,60.0,3,74186,92981,6.1
GRAD_004150,2023,22,Female,White,Top 100,Engineering,3.4,0,No,1,Energy,Atlanta,Large,MBA,2.0,0.0,1,96405,131247,6.2
GRAD_004151,2018,24,Male,White,Top 100,Biology,3.08,2,No,1,Government,Philadelphia,Small,None,2.0,40.0,6,62689,81154,5.9
GRAD_004152,2023,21,Female,White,Top 100,Business,3.0,0,No,1,Manufacturing,Los Angeles,Startup,None,1.0,40.0,1,73847,76395,6.1
GRAD_004153,2019,24,Female,Black,Top 100,Economics,3.46,1,,2,Retail,Washington DC,Medium,None,4.0,20.0,5,82163,104539,4.1
GRAD_004154,2019,25,Male,White,Top 100,Mathematics,3.7,2,No,1,Government,Seattle,Fortune 500,JD,4.0,0.0,5,106199,195082,5.6
GRAD_004155,2022,22,Female,White,Regional,Chemistry,3.3,3,Yes,1,Education,Seattle,Large,MD,1.0,20.0,2,63313,104796,8.2
GRAD_004156,2017,20,Female,Hispanic,Top 10,Engineering,3.84,3,Yes,4,Education,Chicago,Large,Masters,2.0,20.0,7,114136,197862,6.8
GRAD_004157,2021,22,Male,White,Top 50,Business,3.22,0,No,1,Non-profit,Austin,Medium,None,2.0,60.0,3,57677,71494,7.3
GRAD_004158,2018,24,Male,Hispanic,Top 100,Computer Science,2.7,2,,1,Manufacturing,San Francisco,Small,None,1.0,40.0,6,154447,203192,6.6
GRAD_004159,2020,23,Male,White,Regional,Biology,2.89,0,No,2,Energy,Boston,Medium,Masters,3.0,80.0,4,94571,141121,7.4
GRAD_004160,2022,20,Male,Asian,Top 10,Business,3.83,0,No,4,Retail,Los Angeles,Large,None,1.0,20.0,2,93808,107758,9.2
GRAD_004161,2015,24,Male,White,Top 100,Communications,3.92,1,Yes,1,Technology,Atlanta,Fortune 500,None,,0.0,9,83711,144892,5.7
GRAD_004162,2016,23,Male,Asian,Top 50,Economics,3.43,3,No,3,Education,Washington DC,Large,JD,6.0,20.0,8,85474,160490,6.0
GRAD_004163,2023,23,Male,White,Top 10,Political Science,3.08,1,,1,Consulting,Chicago,Startup,None,2.0,80.0,1,91060,100923,9.5
GRAD_004164,2022,24,Male,White,Regional,Chemistry,3.19,1,No,0,Non-profit,Atlanta,Large,PhD,2.0,0.0,2,53035,73792,7.8
GRAD_004165,2022,21,Male,Asian,Regional,Finance,3.28,1,No,0,Education,Portland,Startup,MBA,0.0,40.0,2,63219,85750,7.8
GRAD_004166,2019,24,Female,Asian,Top 50,Economics,3.3,1,Yes,3,Energy,Austin,Medium,None,3.0,100.0,5,113399,141557,10.0
GRAD_004167,2021,21,Female,White,Regional,Data Science,3.5,0,Yes,1,Retail,Phoenix,Large,None,1.0,0.0,3,71687,78802,4.4
GRAD_004168,2023,20,Male,Black,Top 100,Economics,3.42,2,Yes,1,Non-profit,Portland,Small,None,,40.0,1,58924,65663,4.7
GRAD_004169,2019,21,Female,White,Top 10,Engineering,2.88,0,No,2,Non-profit,Philadelphia,Large,None,2.0,40.0,5,76270,102893,3.7
GRAD_004170,2022,23,Male,White,Top 50,Business,2.91,3,No,0,Energy,Boston,Medium,None,3.0,0.0,2,121718,141557,6.4
GRAD_004171,2015,21,Female,Asian,Regional,Engineering,3.49,3,Yes,0,Healthcare,Phoenix,Medium,None,4.0,40.0,9,78710,118359,6.2
GRAD_004172,2020,24,Male,White,Top 50,Psychology,3.16,4,No,1,Finance,Los Angeles,Small,None,3.0,0.0,4,119878,144772,7.1
GRAD_004173,2018,24,Female,Black,Top 100,Communications,3.27,0,No,0,Transportation,Dallas,Large,PhD,0.0,0.0,6,47095,78021,6.5
GRAD_004174,2020,23,Female,Asian,Top 50,Business,3.31,0,,2,Government,Atlanta,Small,None,3.0,,4,77344,105482,10.0
GRAD_004175,2016,24,Female,Asian,Top 50,Marketing,3.11,2,No,0,Consulting,Miami,Large,None,2.0,40.0,8,103601,158482,6.7
GRAD_004176,2018,20,Other,White,Regional,Economics,3.35,2,No,1,Manufacturing,Boston,Medium,None,5.0,80.0,6,82947,117856,10.0
GRAD_004177,2015,23,Male,Hispanic,Regional,Economics,3.54,0,No,0,Education,Dallas,Small,Masters,1.0,40.0,9,61611,127986,7.9
GRAD_004178,2019,23,Male,Asian,Regional,Business,3.25,2,Yes,2,Non-profit,Chicago,Large,PhD,0.0,40.0,5,65941,92294,6.8
GRAD_004179,2019,20,Female,Hispanic,Top 10,Finance,3.78,0,No,0,Energy,Seattle,Fortune 500,None,2.0,20.0,5,181731,238762,7.1
GRAD_004180,2018,21,Female,White,Regional,Business,3.85,1,No,1,Consulting,Boston,Small,None,2.0,40.0,6,123349,175049,4.0
GRAD_004181,2023,22,Female,Asian,Top 50,Computer Science,3.0,0,Yes,1,Non-profit,Chicago,Large,None,2.0,40.0,1,80795,84638,6.6
GRAD_004182,2016,22,Male,Asian,Regional,Chemistry,3.44,1,No,0,Technology,Denver,Large,None,,20.0,8,96217,164650,9.2
GRAD_004183,2022,22,Male,White,Regional,Chemistry,3.22,0,No,0,Energy,Portland,Large,None,3.0,0.0,2,74758,91845,5.3
GRAD_004184,2018,21,Female,Hispanic,Top 100,Liberal Arts,3.03,0,,0,Energy,Los Angeles,Medium,None,4.0,80.0,6,78747,116982,5.2
GRAD_004185,2017,24,Female,Black,Top 100,Political Science,3.29,1,No,4,Manufacturing,Atlanta,Medium,None,1.0,20.0,7,63082,84162,5.8
GRAD_004186,2018,20,Female,White,Top 10,Computer Science,2.55,2,Yes,1,Non-profit,Seattle,Large,Masters,4.0,40.0,6,116120,171000,6.9
GRAD_004187,2023,20,Female,White,Regional,Engineering,3.57,2,No,3,Retail,Washington DC,Fortune 500,Masters,0.0,0.0,1,98743,115569,7.0
GRAD_004188,2022,21,Other,Hispanic,Top 10,Business,3.6,0,No,2,Finance,Miami,Small,None,5.0,,2,97558,119395,5.8
GRAD_004189,2015,21,Female,White,Regional,Business,3.38,1,No,0,Healthcare,Boston,Startup,MBA,2.0,100.0,9,97401,218897,6.8
GRAD_004190,2016,21,Female,White,Top 50,Finance,3.64,3,No,0,Consulting,Phoenix,Large,None,0.0,0.0,8,111025,133609,10.0
GRAD_004191,2021,25,Male,White,Top 100,Computer Science,3.06,1,No,0,Real Estate,San Francisco,Large,Masters,3.0,80.0,3,139650,193488,9.6
GRAD_004192,2018,21,Female,White,Regional,Chemistry,2.33,1,No,0,Consulting,San Francisco,Medium,None,2.0,20.0,6,105978,139896,7.0
GRAD_004193,2023,22,Female,White,Regional,Finance,3.13,0,No,1,Manufacturing,Phoenix,Medium,MBA,3.0,,1,81585,111602,9.2
GRAD_004194,2022,20,Male,White,Regional,Political Science,2.87,2,No,0,Real Estate,Washington DC,Fortune 500,Masters,3.0,80.0,2,70383,97722,4.5
GRAD_004195,2022,21,Female,White,Top 50,Economics,3.3,4,Yes,1,Media,Dallas,Small,JD,1.0,20.0,2,69703,94707,7.8
GRAD_004196,2017,23,Male,White,Top 100,Business,3.8,1,No,2,Energy,Boston,Medium,None,1.0,40.0,7,123451,180996,7.2
GRAD_004197,2016,23,Male,White,Regional,Mathematics,3.4,5,Yes,1,Healthcare,Washington DC,Startup,None,1.0,100.0,8,98749,169426,5.6
GRAD_004198,2023,23,Male,Asian,Regional,Business,3.21,1,,0,Energy,Philadelphia,Small,None,1.0,80.0,1,83723,90514,7.1
GRAD_004199,2019,21,Other,Hispanic,Top 100,Business,3.69,0,No,0,Non-profit,San Francisco,Startup,None,2.0,80.0,5,82740,103933,9.7
GRAD_004200,2019,21,Female,White,Top 100,Political Science,3.89,2,No,1,Energy,Portland,Large,None,2.0,,5,79723,104335,5.0
GRAD_004201,2021,23,Male,White,Top 50,Chemistry,3.46,4,No,3,Non-profit,Boston,Small,Masters,1.0,80.0,3,70733,94123,8.2
GRAD_004202,2019,22,Female,Other,Regional,Marketing,3.07,0,Yes,0,Government,Boston,Startup,None,1.0,40.0,5,68816,83428,4.0
GRAD_004203,2022,22,Male,Asian,Top 50,Finance,3.34,0,Yes,0,Retail,Washington DC,Medium,Masters,1.0,0.0,2,95415,124792,8.7
GRAD_004204,2023,23,Male,Asian,Regional,Economics,3.35,2,No,1,Real Estate,Portland,Small,None,1.0,40.0,1,92147,100289,5.5
GRAD_004205,2018,23,Female,White,Regional,Chemistry,3.23,1,,2,Energy,Denver,Fortune 500,Masters,4.0,40.0,6,77293,119417,10.0
GRAD_004206,2017,21,Female,White,Regional,Chemistry,3.75,3,No,1,Non-profit,Los Angeles,Fortune 500,None,1.0,,7,70921,103685,9.5
GRAD_004207,2015,22,Female,White,Top 50,Business,3.6,0,No,2,Government,Washington DC,Small,Masters,2.0,0.0,9,85075,163155,7.6
GRAD_004208,2017,22,Female,White,Regional,Biology,2.9,2,Yes,0,Government,Austin,Large,PhD,0.0,0.0,7,59010,87091,5.1
GRAD_004209,2016,21,Male,Asian,Regional,Business,2.86,3,Yes,2,Finance,Washington DC,Fortune 500,Masters,2.0,0.0,8,99024,166500,7.2
GRAD_004210,2015,22,Male,Asian,Regional,Political Science,3.11,0,No,1,Retail,Chicago,Medium,None,1.0,40.0,9,43738,78127,4.1
GRAD_004211,2015,21,Female,Black,Regional,Marketing,2.95,0,No,2,Healthcare,Portland,Large,None,2.0,0.0,9,72940,101450,5.7
GRAD_004212,2020,22,Male,White,Top 100,Liberal Arts,3.14,2,Yes,1,Government,Philadelphia,Large,MBA,2.0,60.0,4,61577,100492,8.8
GRAD_004213,2021,23,Male,Black,Regional,Mathematics,3.3,2,Yes,1,Transportation,San Francisco,Medium,None,4.0,20.0,3,104874,132144,6.1
GRAD_004214,2023,22,Female,Black,Top 100,Mathematics,3.24,1,No,1,Government,Dallas,Startup,None,0.0,20.0,1,74703,74907,4.6
GRAD_004215,2016,21,Female,White,Top 100,Business,3.36,1,,1,Finance,Atlanta,Medium,Masters,2.0,0.0,8,96754,160767,9.5
GRAD_004216,2021,22,Male,White,Top 100,Engineering,3.18,1,No,1,Non-profit,Dallas,Large,None,4.0,20.0,3,66483,85003,6.3
GRAD_004217,2020,22,Male,White,Regional,Political Science,2.81,2,No,1,Technology,Chicago,Fortune 500,Masters,0.0,20.0,4,94631,124455,7.3
GRAD_004218,2019,21,Male,White,Top 100,Engineering,2.96,1,No,0,Real Estate,Los Angeles,Medium,Masters,1.0,0.0,5,121557,175460,6.9
GRAD_004219,2021,21,Male,Asian,Regional,Data Science,2.93,0,No,0,Real Estate,Philadelphia,Fortune 500,Masters,2.0,60.0,3,95940,139808,4.8
GRAD_004220,2017,22,Female,White,Regional,Biology,3.02,1,No,1,Non-profit,Atlanta,Medium,Masters,2.0,0.0,7,41662,65646,8.7
GRAD_004221,2018,20,Male,Hispanic,Top 50,Mathematics,3.44,3,No,0,Manufacturing,Dallas,Medium,Masters,5.0,20.0,6,96731,171432,6.4
GRAD_004222,2019,20,Female,Black,Regional,Business,3.16,1,No,1,Education,Miami,Medium,MBA,1.0,20.0,5,62958,98008,6.8
GRAD_004223,2017,20,Male,White,Top 10,Communications,2.97,1,No,2,Technology,Atlanta,Small,None,0.0,20.0,7,88318,120828,8.4
GRAD_004224,2019,20,Male,White,Regional,Computer Science,3.27,1,Yes,0,Consulting,Boston,Large,Masters,1.0,20.0,5,155563,245888,6.9
GRAD_004225,2016,21,Male,White,Regional,Finance,3.4,0,No,0,Government,Miami,Medium,Masters,0.0,80.0,8,65871,101652,10.0
GRAD_004226,2018,24,Male,Asian,Top 50,Liberal Arts,3.39,2,Yes,0,Transportation,Washington DC,Small,None,1.0,60.0,6,78714,100557,9.6
GRAD_004227,2016,23,Female,White,Regional,Computer Science,4.0,2,Yes,0,Transportation,Washington DC,Fortune 500,None,1.0,60.0,8,116129,177265,7.6
GRAD_004228,2015,24,Female,Hispanic,Regional,Business,3.09,0,No,1,Energy,Atlanta,Startup,JD,1.0,40.0,9,81634,145653,6.5
GRAD_004229,2018,21,Male,Black,Regional,Business,3.43,1,No,0,Media,New York,Medium,None,2.0,100.0,6,95653,148465,7.6
GRAD_004230,2020,20,Male,White,Top 100,Political Science,3.67,5,,0,Manufacturing,Washington DC,Large,None,2.0,20.0,4,68361,89274,6.1
GRAD_004231,2016,21,Female,Other,Top 50,Business,3.85,2,Yes,2,Manufacturing,Philadelphia,Small,None,2.0,0.0,8,79487,125470,4.9
GRAD_004232,2023,24,Female,Hispanic,Top 10,Political Science,3.21,3,No,2,Real Estate,Washington DC,Medium,PhD,2.0,60.0,1,82414,103228,8.4
GRAD_004233,2018,21,Male,White,Top 10,Psychology,2.67,3,No,1,Energy,Washington DC,Small,None,3.0,,6,115361,170678,5.7
GRAD_004234,2015,22,Male,White,Top 100,Chemistry,3.19,0,No,1,Education,Los Angeles,Medium,Masters,1.0,60.0,9,68063,146803,6.8
GRAD_004235,2015,22,Male,White,Regional,Communications,3.42,0,,2,Energy,Austin,Medium,None,3.0,0.0,9,62951,111093,6.8
GRAD_004236,2021,23,Male,White,Top 50,Psychology,4.0,3,No,0,Technology,Austin,Medium,Masters,2.0,100.0,3,107398,154202,7.4
GRAD_004237,2021,23,Male,Hispanic,Top 100,Economics,2.81,3,,0,Real Estate,Atlanta,Fortune 500,MBA,2.0,40.0,3,85968,135114,9.1
GRAD_004238,2023,20,Male,White,Top 100,Data Science,3.28,3,No,1,Energy,Seattle,Fortune 500,None,,0.0,1,139456,152414,5.5
GRAD_004239,2016,20,Female,White,Regional,Liberal Arts,3.06,3,No,1,Government,Seattle,Fortune 500,None,0.0,80.0,8,80361,110385,7.4
GRAD_004240,2018,23,Female,White,Top 50,Business,3.62,0,No,0,Education,Seattle,Fortune 500,None,,20.0,6,77818,103105,9.7
GRAD_004241,2023,22,Male,White,Regional,Chemistry,3.08,2,No,0,Non-profit,Dallas,Medium,None,2.0,0.0,1,43329,51267,6.0
GRAD_004242,2022,23,Female,White,Regional,Business,2.76,1,No,0,Finance,Los Angeles,Medium,Masters,1.0,40.0,2,111893,134588,4.8
GRAD_004243,2017,22,Male,Hispanic,Regional,Biology,2.58,3,Yes,3,Real Estate,Denver,Large,MBA,2.0,100.0,7,80361,156817,8.6
GRAD_004244,2023,23,Male,Hispanic,Top 50,Economics,3.39,1,No,0,Real Estate,Los Angeles,Large,PhD,2.0,40.0,1,102610,134291,6.5
GRAD_004245,2021,22,Female,White,Top 10,Computer Science,3.33,1,Yes,1,Technology,Miami,Large,None,2.0,60.0,3,165601,192859,8.1
GRAD_004246,2017,21,Female,White,Regional,Computer Science,3.48,3,Yes,0,Real Estate,Atlanta,Large,None,2.0,80.0,7,97570,125029,8.6
GRAD_004247,2015,21,Male,White,Top 100,Economics,3.35,2,No,1,Government,Seattle,Small,MBA,2.0,0.0,9,112375,249909,7.5
GRAD_004248,2019,22,Female,White,Regional,Economics,3.41,2,No,2,Technology,Austin,Medium,None,4.0,80.0,5,115355,138303,8.7
GRAD_004249,2021,23,Female,White,Regional,Liberal Arts,3.46,5,No,1,Technology,Miami,Startup,None,0.0,80.0,3,74454,83772,6.9
GRAD_004250,2017,22,Male,Asian,Top 50,Liberal Arts,3.01,2,No,2,Retail,Austin,Fortune 500,None,1.0,0.0,7,67095,109636,7.0
GRAD_004251,2016,20,Female,White,Top 50,Computer Science,3.3,0,No,1,Education,Miami,Large,Masters,2.0,100.0,8,74390,131316,7.0
GRAD_004252,2015,24,Male,Asian,Top 100,Chemistry,3.48,1,Yes,0,Real Estate,Chicago,Large,MBA,0.0,0.0,9,67561,111388,7.0
GRAD_004253,2022,22,Female,White,Top 100,Liberal Arts,2.97,1,No,0,Real Estate,Denver,Medium,None,1.0,40.0,2,67840,76941,4.3
GRAD_004254,2015,24,Male,Asian,Regional,Computer Science,2.68,1,Yes,3,Media,Seattle,Fortune 500,JD,3.0,0.0,9,110262,228823,7.3
GRAD_004255,2020,20,Male,Black,Top 100,Marketing,3.42,0,No,6,Education,Philadelphia,Medium,Masters,1.0,20.0,4,62149,94158,6.7
GRAD_004256,2022,22,Female,Other,Regional,Engineering,3.24,0,Yes,2,Non-profit,San Francisco,Medium,None,2.0,0.0,2,79937,89889,4.9
GRAD_004257,2022,22,Female,Asian,Top 100,Business,3.77,0,No,2,Government,Miami,Large,MD,1.0,0.0,2,87859,135881,8.7
GRAD_004258,2021,23,Female,Asian,Top 10,Data Science,3.53,3,No,1,Government,San Francisco,Medium,JD,2.0,80.0,3,141833,211045,8.0
GRAD_004259,2021,20,Male,Hispanic,Regional,Business,3.19,0,No,1,Finance,Portland,Large,Masters,1.0,80.0,3,95689,125562,10.0
GRAD_004260,2019,20,Male,Asian,Regional,Computer Science,2.83,2,Yes,1,Finance,Miami,Small,None,2.0,40.0,5,141563,190851,7.0
GRAD_004261,2019,21,Female,White,Top 50,Computer Science,3.77,1,No,1,Government,Los Angeles,Large,PhD,3.0,0.0,5,119434,170002,8.7
GRAD_004262,2016,23,Female,Other,Top 100,Computer Science,3.57,2,Yes,0,Transportation,Dallas,Fortune 500,None,3.0,40.0,8,79847,127342,9.1
GRAD_004263,2020,21,Male,Asian,Top 50,Data Science,3.75,3,No,0,Education,Washington DC,Medium,None,2.0,80.0,4,109576,134514,8.7
GRAD_004264,2015,22,Female,White,Top 50,Engineering,3.64,0,No,2,Non-profit,New York,Medium,None,,60.0,9,95562,154656,10.0
GRAD_004265,2019,22,Male,White,Regional,Mathematics,2.87,4,No,1,Consulting,Phoenix,Medium,MBA,3.0,,5,97681,164253,7.0
GRAD_004266,2021,21,Female,White,Top 100,Computer Science,3.46,1,No,1,Technology,Boston,Small,None,2.0,0.0,3,150807,165824,7.0
GRAD_004267,2019,24,Male,White,Top 10,Political Science,3.63,3,No,0,Consulting,Los Angeles,Medium,None,3.0,0.0,5,109236,139728,5.1
GRAD_004268,2020,21,Male,Asian,Regional,Political Science,3.34,0,No,2,Finance,New York,Startup,None,4.0,20.0,4,99026,137697,7.9
GRAD_004269,2022,20,Female,White,Regional,Computer Science,3.19,1,No,0,Education,Denver,Small,JD,0.0,100.0,2,90055,122009,10.0
GRAD_004270,2021,21,Male,Hispanic,Top 10,Biology,3.14,3,Yes,1,Finance,Los Angeles,Small,None,1.0,20.0,3,131164,156403,5.3
GRAD_004271,2016,21,Female,White,Regional,Communications,3.03,3,Yes,0,Healthcare,Washington DC,Small,None,5.0,100.0,8,82689,121289,9.9
GRAD_004272,2020,22,Female,Hispanic,Regional,Business,3.26,1,No,3,Education,Miami,Large,None,1.0,20.0,4,60204,67008,6.4
GRAD_004273,2018,22,Male,Asian,Top 100,Psychology,2.86,1,Yes,1,Energy,Austin,Small,Masters,2.0,20.0,6,89033,152848,7.0
GRAD_004274,2017,23,Female,Hispanic,Regional,Finance,2.66,2,No,0,Retail,Portland,Large,None,0.0,60.0,7,76406,103254,6.1
GRAD_004275,2021,25,Female,White,Top 50,Computer Science,3.11,2,No,2,Finance,Los Angeles,Startup,Masters,3.0,0.0,3,145203,190017,7.0
GRAD_004276,2019,22,Male,White,Top 50,Data Science,3.1,1,,1,Technology,Phoenix,Large,None,0.0,0.0,5,105324,142376,8.8
GRAD_004277,2022,23,Male,Asian,Regional,Data Science,4.0,1,No,1,Non-profit,Washington DC,Medium,Masters,0.0,60.0,2,84462,107093,7.4
GRAD_004278,2020,21,Male,White,Top 10,Data Science,3.78,4,Yes,0,Real Estate,Portland,Startup,None,1.0,0.0,4,134023,162177,5.2
GRAD_004279,2016,22,Male,Other,Top 100,Marketing,3.23,3,No,0,Transportation,Denver,Large,Masters,2.0,0.0,8,83422,131587,6.8
GRAD_004280,2018,21,Male,Asian,Top 10,Data Science,3.29,0,Yes,2,Energy,New York,Small,None,2.0,0.0,6,168064,237113,6.2
GRAD_004281,2017,22,Male,White,Top 100,Marketing,3.67,3,No,1,Finance,Dallas,Fortune 500,MBA,3.0,0.0,7,89984,173288,7.8
GRAD_004282,2016,22,Male,White,Top 10,Engineering,3.3,2,No,4,Technology,Boston,Fortune 500,Masters,1.0,60.0,8,175580,317980,4.2
GRAD_004283,2022,23,Male,Asian,Top 10,Biology,3.23,1,No,1,Technology,Washington DC,Medium,None,2.0,40.0,2,129691,146880,4.7
GRAD_004284,2018,22,Male,Asian,Regional,Liberal Arts,3.21,0,No,0,Manufacturing,New York,Medium,None,3.0,60.0,6,72339,102592,5.3
GRAD_004285,2020,22,Male,Other,Regional,Data Science,3.25,4,No,2,Manufacturing,Boston,Fortune 500,None,2.0,0.0,4,104752,138632,7.5
GRAD_004286,2023,22,Female,Asian,Regional,Engineering,2.91,0,Yes,0,Government,Austin,Large,None,2.0,40.0,1,96827,99247,8.2
GRAD_004287,2020,23,Male,White,Top 50,Engineering,3.7,3,No,0,Retail,Austin,Large,None,0.0,60.0,4,91400,115696,8.1
GRAD_004288,2017,20,Male,White,Top 10,Business,3.21,2,Yes,0,Technology,Philadelphia,Large,None,0.0,20.0,7,135661,216103,6.9
GRAD_004289,2022,22,Female,Asian,Regional,Engineering,3.74,1,No,0,Finance,Denver,Fortune 500,None,3.0,,2,123492,137114,6.8
GRAD_004290,2019,20,Female,White,Top 50,Engineering,3.68,3,No,1,Finance,Atlanta,Medium,JD,1.0,80.0,5,111343,186578,6.8
GRAD_004291,2020,24,Male,Asian,Top 100,Data Science,3.46,1,No,1,Manufacturing,Atlanta,Small,None,2.0,0.0,4,78902,105564,7.1
GRAD_004292,2023,23,Female,White,Top 50,Biology,3.73,3,No,1,Media,Philadelphia,Large,None,4.0,0.0,1,77681,89785,5.1
GRAD_004293,2019,24,Female,Asian,Regional,Liberal Arts,3.23,1,No,2,Consulting,Los Angeles,Large,None,0.0,60.0,5,79155,91667,4.7
GRAD_004294,2018,20,Male,Other,Regional,Engineering,3.11,1,No,3,Non-profit,Los Angeles,Large,Masters,3.0,60.0,6,77124,126546,6.7
GRAD_004295,2021,22,Male,Black,Top 100,Communications,3.07,1,Yes,0,Healthcare,San Francisco,Medium,None,1.0,0.0,3,94696,111872,4.7
GRAD_004296,2016,23,Female,Hispanic,Regional,Political Science,3.33,4,No,0,Non-profit,San Francisco,Small,Masters,1.0,80.0,8,64966,120532,10.0
GRAD_004297,2023,24,Female,Asian,Regional,Political Science,3.54,2,,2,Government,Miami,Large,None,1.0,80.0,1,50235,52442,7.5
GRAD_004298,2023,23,Male,Black,Top 100,Marketing,3.43,0,No,0,Non-profit,Philadelphia,Small,PhD,2.0,20.0,1,48098,65675,6.6
GRAD_004299,2020,21,Male,Black,Top 10,Communications,3.97,0,No,0,Education,Chicago,Large,None,4.0,20.0,4,72073,106084,7.2
GRAD_004300,2016,22,Male,White,Regional,Chemistry,3.48,3,No,0,Manufacturing,Washington DC,Fortune 500,None,1.0,0.0,8,77377,119631,7.7
GRAD_004301,2019,20,Other,White,Regional,Liberal Arts,3.11,0,No,5,Consulting,Portland,Large,None,4.0,20.0,5,67647,105710,6.1
GRAD_004302,2019,24,Female,Black,Top 50,Computer Science,3.36,4,No,0,Retail,New York,Fortune 500,PhD,4.0,40.0,5,122341,188558,7.9
GRAD_004303,2018,23,Male,White,Top 100,Business,3.62,3,Yes,0,Healthcare,Philadelphia,Medium,MBA,2.0,0.0,6,75145,119244,5.9
GRAD_004304,2017,22,Male,White,Regional,Communications,3.13,3,No,0,Transportation,Atlanta,Medium,None,2.0,20.0,7,56525,86294,5.0
GRAD_004305,2017,23,Male,White,Regional,Liberal Arts,3.08,1,Yes,0,Non-profit,Boston,Medium,None,0.0,40.0,7,47884,69882,6.9
GRAD_004306,2020,22,Male,Black,Regional,Political Science,3.7,1,No,1,Media,San Francisco,Medium,JD,2.0,0.0,4,85522,147256,3.9
GRAD_004307,2021,22,Other,White,Top 100,Computer Science,3.57,0,No,1,Government,Seattle,Small,MBA,2.0,40.0,3,135884,198525,5.5
GRAD_004308,2023,21,Other,White,Regional,Computer Science,3.31,1,No,1,Consulting,San Francisco,Medium,None,1.0,40.0,1,140211,148184,7.3
GRAD_004309,2017,21,Male,White,Top 10,Business,3.12,2,No,2,Education,Boston,Large,None,1.0,0.0,7,99240,138905,8.8
GRAD_004310,2017,23,Male,White,Regional,Economics,3.2,2,No,0,Technology,San Francisco,Small,None,1.0,60.0,7,151456,212887,4.2
GRAD_004311,2016,24,Male,White,Top 50,Economics,3.4,0,No,1,Healthcare,Portland,Startup,None,3.0,40.0,8,102050,138424,5.8
GRAD_004312,2023,21,Male,Asian,Top 50,Chemistry,3.56,1,No,0,Energy,Seattle,Large,None,3.0,20.0,1,96963,111780,6.2
GRAD_004313,2019,21,Female,White,Regional,Data Science,3.66,2,No,2,Government,Dallas,Startup,Masters,1.0,0.0,5,84960,128286,9.4
GRAD_004314,2023,23,Female,Hispanic,Top 100,Computer Science,3.36,0,No,2,Manufacturing,Dallas,Large,Masters,5.0,40.0,1,104189,137722,9.7
GRAD_004315,2023,22,Female,Asian,Regional,Marketing,2.88,2,No,1,Consulting,Seattle,Large,PhD,2.0,40.0,1,110302,141549,6.2
GRAD_004316,2015,20,Other,White,Regional,Economics,3.81,0,No,0,Transportation,Atlanta,Small,None,2.0,60.0,9,84045,152678,5.4
GRAD_004317,2018,21,Female,White,Top 100,Psychology,3.71,0,No,0,Finance,Miami,Startup,None,2.0,0.0,6,75078,94318,6.9
GRAD_004318,2018,23,Male,Hispanic,Top 100,Biology,3.64,2,No,1,Transportation,Denver,Startup,None,1.0,20.0,6,61534,91247,8.9
GRAD_004319,2018,21,Female,Black,Regional,Political Science,3.78,2,No,1,Transportation,Miami,Large,None,4.0,40.0,6,61380,82359,3.6
GRAD_004320,2019,22,Female,Asian,Regional,Mathematics,3.59,1,No,0,Transportation,Seattle,Large,None,,100.0,5,91764,117181,6.7
GRAD_004321,2019,20,Female,Asian,Top 50,Computer Science,3.34,1,Yes,1,Government,San Francisco,Medium,None,2.0,60.0,5,145480,163126,6.8
GRAD_004322,2022,21,Female,Black,Top 50,Mathematics,2.92,1,No,1,Consulting,New York,Medium,MBA,1.0,0.0,2,117256,154498,8.0
GRAD_004323,2017,20,Female,White,Regional,Marketing,3.03,0,No,0,Media,Phoenix,Medium,Masters,,,7,50308,71826,7.5
GRAD_004324,2018,20,Male,Asian,Regional,Communications,3.16,0,,3,Non-profit,San Francisco,Medium,Masters,2.0,0.0,6,51664,86245,4.6
GRAD_004325,2020,21,Female,Asian,Top 100,Business,3.57,0,No,0,Non-profit,San Francisco,Small,Masters,0.0,40.0,4,88434,119246,5.8
GRAD_004326,2017,23,Male,Asian,Top 10,Business,3.86,1,No,1,Transportation,Washington DC,Medium,None,2.0,0.0,7,96991,129247,5.9
GRAD_004327,2019,23,Female,Black,Regional,Chemistry,3.78,0,No,2,Retail,Los Angeles,Small,None,0.0,0.0,5,76083,85731,3.8
GRAD_004328,2017,25,Female,Hispanic,Regional,Finance,3.14,1,No,3,Education,Philadelphia,Medium,None,2.0,40.0,7,60319,81139,6.7
GRAD_004329,2017,21,Male,White,Top 100,Biology,3.26,1,No,1,Healthcare,Denver,Fortune 500,Masters,2.0,0.0,7,77241,127853,6.2
GRAD_004330,2022,24,Male,Black,Regional,Liberal Arts,2.83,0,No,0,Energy,Seattle,Fortune 500,None,1.0,40.0,2,77455,88582,3.5
GRAD_004331,2021,25,Male,White,Top 50,Biology,3.88,1,No,0,Retail,Los Angeles,Small,None,3.0,0.0,3,65899,86959,4.7
GRAD_004332,2017,24,Female,Hispanic,Top 100,Economics,2.79,0,No,0,Government,Washington DC,Small,Masters,1.0,40.0,7,75411,125506,6.4
GRAD_004333,2019,24,Female,White,Regional,Engineering,3.24,1,No,2,Manufacturing,Seattle,Large,Masters,2.0,40.0,5,95791,146023,7.6
GRAD_004334,2016,22,Male,Hispanic,Top 10,Computer Science,3.78,5,No,1,Manufacturing,Boston,Medium,MBA,0.0,,8,151241,270334,4.8
GRAD_004335,2015,22,Female,White,Regional,Computer Science,3.44,2,No,0,Non-profit,Austin,Small,MBA,3.0,0.0,9,84700,156011,8.2
GRAD_004336,2020,21,Male,White,Regional,Biology,3.5,2,No,0,Government,Chicago,Large,None,1.0,40.0,4,71721,88877,6.3
GRAD_004337,2018,20,Female,White,Top 50,Communications,3.39,4,No,0,Consulting,San Francisco,Large,None,1.0,0.0,6,126744,172801,6.3
GRAD_004338,2017,22,Male,Hispanic,Top 100,Business,2.69,2,No,3,Education,Miami,Large,None,3.0,0.0,7,56437,97998,4.3
GRAD_004339,2016,21,Male,White,Top 100,Psychology,3.46,2,No,0,Energy,Miami,Medium,MD,1.0,,8,64382,127182,6.1
GRAD_004340,2021,21,Female,Black,Regional,Psychology,3.52,1,No,1,Non-profit,Washington DC,Medium,None,2.0,0.0,3,46870,60741,6.2
GRAD_004341,2018,21,Male,White,Top 100,Finance,3.1,2,No,0,Media,Washington DC,Small,None,1.0,20.0,6,90260,132193,7.7
GRAD_004342,2023,22,Male,Asian,Top 50,Communications,3.56,1,Yes,0,Finance,Seattle,Small,None,2.0,80.0,1,94923,107063,7.4
GRAD_004343,2017,22,Male,Hispanic,Regional,Liberal Arts,3.14,0,No,1,Real Estate,Seattle,Large,Masters,5.0,40.0,7,71348,141313,8.8
GRAD_004344,2017,24,Female,Other,Top 100,Biology,3.78,3,No,1,Education,Los Angeles,Startup,None,4.0,0.0,7,74689,104172,9.1
GRAD_004345,2022,21,Male,White,Top 100,Chemistry,3.29,1,No,2,Finance,Phoenix,Small,JD,2.0,0.0,2,81591,120024,6.1
GRAD_004346,2020,22,Male,Asian,Top 100,Chemistry,3.5,3,No,0,Education,Chicago,Small,None,0.0,20.0,4,53498,64304,5.2
GRAD_004347,2016,22,Male,White,Regional,Marketing,3.4,3,Yes,1,Real Estate,Atlanta,Fortune 500,Masters,2.0,40.0,8,60359,116833,7.5
GRAD_004348,2020,22,Male,White,Top 100,Biology,3.55,1,Yes,0,Retail,Austin,Small,MD,3.0,,4,61003,127178,6.9
GRAD_004349,2018,22,Male,Asian,Top 10,Engineering,3.34,2,No,1,Retail,Denver,Large,JD,2.0,40.0,6,94524,187741,6.6
GRAD_004350,2021,24,Female,White,Regional,Chemistry,3.55,3,No,1,Real Estate,Washington DC,Large,None,,40.0,3,78074,95213,3.6
GRAD_004351,2015,23,Female,Asian,Regional,Engineering,3.55,1,No,1,Transportation,Philadelphia,Startup,None,2.0,100.0,9,86904,155508,7.1
GRAD_004352,2023,21,Female,White,Top 10,Business,2.87,3,Yes,1,Education,Philadelphia,Large,None,1.0,0.0,1,79525,85566,5.4
GRAD_004353,2019,21,Male,Asian,Regional,Biology,3.53,0,Yes,2,Real Estate,San Francisco,Large,None,2.0,80.0,5,76590,104827,10.0
GRAD_004354,2021,21,Female,Other,Top 100,Computer Science,3.14,3,No,2,Technology,Boston,Startup,Masters,2.0,60.0,3,164749,224866,7.6
GRAD_004355,2021,22,Female,White,Top 100,Biology,3.25,4,No,2,Energy,Austin,Large,None,3.0,20.0,3,85281,99906,6.3
GRAD_004356,2017,20,Male,White,Top 100,Communications,3.21,1,No,0,Media,Chicago,Startup,None,1.0,80.0,7,62663,99853,7.4
GRAD_004357,2023,22,Male,Hispanic,Regional,Business,3.16,1,No,3,Technology,Seattle,Medium,PhD,2.0,40.0,1,129281,170815,5.3
GRAD_004358,2017,23,Female,White,Top 10,Business,3.79,0,Yes,1,Transportation,Chicago,Large,None,2.0,40.0,7,91915,121718,8.3
GRAD_004359,2017,21,Male,White,Top 10,Business,2.82,0,No,1,Non-profit,Boston,Medium,None,1.0,0.0,7,88007,118650,5.6
GRAD_004360,2020,22,Female,White,Top 100,Finance,2.35,1,No,1,Government,Phoenix,Small,JD,2.0,0.0,4,72935,118887,8.5
GRAD_004361,2023,22,Male,White,Top 100,Business,3.1,0,No,1,Consulting,San Francisco,Fortune 500,None,0.0,20.0,1,106309,110847,5.1
GRAD_004362,2018,20,Male,Asian,Regional,Marketing,3.23,0,No,1,Healthcare,Atlanta,Medium,Masters,4.0,20.0,6,66504,107830,7.8
GRAD_004363,2023,22,Female,Black,Top 50,Finance,3.02,1,Yes,0,Consulting,Washington DC,Large,None,1.0,80.0,1,125866,132134,7.4
GRAD_004364,2019,21,Male,Hispanic,Regional,Business,2.97,0,No,0,Transportation,Portland,Startup,Masters,0.0,0.0,5,65275,100357,6.5
GRAD_004365,2022,25,Female,Asian,Regional,Psychology,3.54,2,No,1,Consulting,Miami,Large,MD,,20.0,2,79088,136318,5.3
GRAD_004366,2020,22,Female,Hispanic,Top 100,Mathematics,3.34,0,No,1,Media,Portland,Fortune 500,Masters,1.0,20.0,4,79064,111359,5.7
GRAD_004367,2017,21,Male,Asian,Regional,Business,4.0,1,No,1,Energy,Phoenix,Large,None,1.0,0.0,7,81855,109696,5.4
GRAD_004368,2022,20,Male,Asian,Top 100,Economics,3.02,1,Yes,1,Retail,Atlanta,Large,Masters,3.0,0.0,2,60874,88105,4.3
GRAD_004369,2015,22,Female,White,Top 100,Liberal Arts,3.43,1,Yes,1,Education,San Francisco,Medium,None,1.0,20.0,9,62884,92920,6.6
GRAD_004370,2021,24,Male,White,Top 10,Economics,3.49,2,Yes,2,Non-profit,Philadelphia,Large,Masters,2.0,20.0,3,65700,97977,6.0
GRAD_004371,2022,21,Female,Hispanic,Top 50,Psychology,3.2,3,No,2,Transportation,New York,Fortune 500,None,2.0,40.0,2,97896,112139,6.6
GRAD_004372,2022,22,Male,White,Top 10,Mathematics,2.92,0,No,0,Manufacturing,Chicago,Medium,None,,,2,107392,132109,4.8
GRAD_004373,2021,23,Male,White,Top 10,Business,3.27,2,No,3,Transportation,Miami,Startup,None,3.0,60.0,3,85871,108445,6.1
GRAD_004374,2017,23,Female,White,Regional,Finance,3.49,0,No,1,Media,Miami,Large,None,0.0,0.0,7,75939,92169,7.3
GRAD_004375,2020,22,Male,White,Regional,Computer Science,3.07,0,No,2,Finance,Seattle,Fortune 500,MBA,2.0,60.0,4,166858,269221,8.7
GRAD_004376,2021,21,Male,Other,Top 100,Finance,3.22,1,No,0,Education,Chicago,Startup,None,3.0,0.0,3,81500,99106,6.6
GRAD_004377,2023,22,Male,White,Regional,Mathematics,3.26,1,No,1,Retail,Phoenix,Startup,None,5.0,40.0,1,55839,73646,3.0
GRAD_004378,2016,20,Male,Other,Top 100,Mathematics,3.02,3,Yes,1,Media,New York,Medium,MD,3.0,0.0,8,94675,223233,9.3
GRAD_004379,2019,21,Male,Asian,Regional,Marketing,3.75,1,No,1,Healthcare,Miami,Large,MBA,1.0,20.0,5,69892,107000,3.6
GRAD_004380,2018,23,Male,Black,Top 50,Political Science,3.36,0,No,2,Education,Washington DC,Startup,None,2.0,,6,56347,79274,6.7
GRAD_004381,2019,23,Male,White,Top 100,Engineering,3.23,5,No,1,Government,Portland,Startup,None,2.0,0.0,5,106402,143163,7.3
GRAD_004382,2017,22,Male,White,Top 10,Mathematics,3.59,2,No,1,Non-profit,San Francisco,Fortune 500,None,4.0,60.0,7,110885,172120,7.0
GRAD_004383,2017,21,Female,Other,Regional,Economics,3.35,3,Yes,1,Non-profit,Denver,Fortune 500,Masters,2.0,0.0,7,54539,82197,8.4
GRAD_004384,2022,24,Male,Asian,Top 100,Economics,3.72,0,No,1,Retail,Chicago,Small,None,1.0,0.0,2,80055,88050,6.6
GRAD_004385,2019,22,Male,White,Regional,Business,2.99,1,No,1,Non-profit,Seattle,Fortune 500,None,3.0,80.0,5,73568,99082,5.3
GRAD_004386,2020,22,Male,Asian,Regional,Psychology,3.51,0,No,0,Transportation,Washington DC,Fortune 500,Masters,3.0,60.0,4,61136,89496,4.4
GRAD_004387,2023,24,Male,White,Top 100,Business,3.29,3,Yes,1,Non-profit,Phoenix,Large,MBA,5.0,0.0,1,59466,92020,5.9
GRAD_004388,2017,21,Male,Asian,Top 50,Engineering,3.77,2,No,1,Healthcare,Miami,Startup,None,1.0,0.0,7,106773,147202,7.0
GRAD_004389,2018,21,Male,White,Top 50,Business,3.64,1,Yes,0,Energy,Washington DC,Large,None,2.0,60.0,6,101685,127612,6.6
GRAD_004390,2018,24,Female,White,Regional,Liberal Arts,3.4,1,Yes,2,Finance,Atlanta,Small,None,1.0,20.0,6,70729,85495,5.0
GRAD_004391,2021,23,Female,Asian,Regional,Marketing,3.4,2,Yes,0,Non-profit,Seattle,Fortune 500,None,1.0,60.0,3,56655,65063,6.5
GRAD_004392,2020,23,Female,White,Top 100,Communications,3.27,4,Yes,0,Manufacturing,Los Angeles,Fortune 500,JD,3.0,0.0,4,87695,150274,6.7
GRAD_004393,2019,20,Female,White,Top 50,Business,3.7,2,No,1,Media,Seattle,Small,Masters,,40.0,5,94427,151987,6.9
GRAD_004394,2021,24,Male,White,Top 10,Mathematics,3.11,3,Yes,0,Healthcare,Austin,Small,None,3.0,20.0,3,119559,146866,8.6
GRAD_004395,2019,21,Male,Hispanic,Top 100,Data Science,3.28,2,No,1,Government,Dallas,Large,JD,5.0,0.0,5,78470,137159,5.6
GRAD_004396,2022,21,Male,White,Regional,Data Science,3.52,0,No,2,Technology,Los Angeles,Medium,None,2.0,0.0,2,138428,156517,5.0
GRAD_004397,2019,22,Other,White,Regional,Chemistry,3.04,5,No,0,Real Estate,Dallas,Large,None,1.0,0.0,5,73916,89830,2.2
GRAD_004398,2023,20,Male,Asian,Top 50,Business,2.95,0,No,0,Government,Seattle,Small,PhD,5.0,0.0,1,95979,134195,9.2
GRAD_004399,2016,24,Male,White,Top 100,Chemistry,3.62,0,No,2,Consulting,Dallas,Fortune 500,MBA,1.0,80.0,8,66815,144833,5.7
GRAD_004400,2016,22,Male,White,Top 100,Engineering,2.8,0,,1,Manufacturing,Atlanta,Fortune 500,None,1.0,20.0,8,81565,107058,3.3
GRAD_004401,2021,23,Male,White,Top 50,Biology,3.63,6,Yes,0,Finance,Miami,Large,Masters,1.0,0.0,3,90200,128095,8.4
GRAD_004402,2019,21,Female,Hispanic,Top 100,Chemistry,3.18,2,No,3,Energy,Denver,Small,None,4.0,100.0,5,88424,116010,7.3
GRAD_004403,2019,23,Male,White,Regional,Business,2.88,2,,0,Non-profit,Atlanta,Medium,MD,5.0,40.0,5,56473,125844,9.9
GRAD_004404,2021,24,Male,Black,Regional,Economics,3.78,0,No,0,Media,Austin,Medium,None,5.0,80.0,3,91111,116745,10.0
GRAD_004405,2017,20,Female,White,Regional,Engineering,2.67,0,Yes,2,Manufacturing,Denver,Large,None,0.0,60.0,7,81594,112483,7.5
GRAD_004406,2015,20,Male,White,Regional,Communications,3.69,1,Yes,2,Technology,Austin,Small,MBA,2.0,40.0,9,83006,161731,7.4
GRAD_004407,2019,21,Female,Other,Top 50,Marketing,4.0,2,No,0,Government,San Francisco,Large,MBA,0.0,40.0,5,100914,153865,7.7
GRAD_004408,2023,23,Female,Asian,Regional,Economics,3.9,7,No,2,Healthcare,Boston,Startup,Masters,2.0,20.0,1,121683,147871,7.5
GRAD_004409,2019,22,Female,White,Regional,Psychology,3.19,0,No,0,Manufacturing,Boston,Medium,None,2.0,60.0,5,75713,96056,4.4
GRAD_004410,2020,22,Male,Other,Regional,Business,3.84,1,No,0,Government,Austin,Startup,None,5.0,40.0,4,74479,107936,7.1
GRAD_004411,2017,23,Male,Hispanic,Top 50,Liberal Arts,3.7,0,No,1,Transportation,Miami,Fortune 500,None,2.0,80.0,7,60274,83736,7.5
GRAD_004412,2019,25,Male,White,Top 100,Business,3.01,2,No,2,Transportation,Atlanta,Small,None,0.0,40.0,5,75723,98612,4.7
GRAD_004413,2019,20,Female,Asian,Top 100,Mathematics,2.96,1,Yes,0,Manufacturing,Washington DC,Medium,None,2.0,100.0,5,81828,95540,4.2
GRAD_004414,2017,22,Male,Asian,Top 10,Finance,3.39,0,No,0,Technology,Austin,Large,Masters,3.0,100.0,7,154914,250680,7.0
GRAD_004415,2016,20,Male,Asian,Top 100,Communications,3.49,3,,1,Retail,New York,Large,None,0.0,0.0,8,74340,102194,6.3
GRAD_004416,2018,23,Male,White,Regional,Liberal Arts,3.66,0,,2,Consulting,Philadelphia,Large,Masters,2.0,0.0,6,68795,106900,8.0
GRAD_004417,2015,24,Female,Asian,Regional,Chemistry,3.65,0,No,2,Energy,Dallas,Large,None,4.0,0.0,9,63904,113741,5.9
GRAD_004418,2016,22,Male,White,Top 50,Finance,3.38,3,No,2,Government,Seattle,Large,None,4.0,60.0,8,103004,157264,5.0
GRAD_004419,2021,23,Female,White,Top 50,Business,3.12,2,Yes,1,Healthcare,Chicago,Fortune 500,MBA,2.0,40.0,3,106602,149173,4.5
GRAD_004420,2021,20,Male,White,Regional,Computer Science,3.62,3,No,2,Non-profit,Seattle,Small,None,0.0,40.0,3,90588,102168,8.3
GRAD_004421,2018,23,Male,White,Top 10,Business,3.69,2,Yes,1,Transportation,Austin,Medium,None,1.0,40.0,6,94270,132311,5.7
GRAD_004422,2020,26,Female,Black,Top 100,Chemistry,3.35,1,No,0,Media,Philadelphia,Large,None,3.0,0.0,4,61528,83339,3.1
GRAD_004423,2022,21,Female,White,Regional,Communications,3.23,1,Yes,0,Media,Phoenix,Large,None,0.0,40.0,2,45175,47274,6.2
GRAD_004424,2022,23,Male,White,Regional,Computer Science,3.13,3,No,0,Media,Los Angeles,Medium,Masters,2.0,60.0,2,97764,126376,6.2
GRAD_004425,2021,21,Male,White,Regional,Liberal Arts,2.78,2,Yes,3,Government,Portland,Startup,None,3.0,40.0,3,57181,73566,5.9
GRAD_004426,2016,22,Female,Hispanic,Regional,Computer Science,3.05,1,No,1,Manufacturing,Austin,Small,Masters,1.0,0.0,8,94613,182204,7.3
GRAD_004427,2016,24,Female,Hispanic,Regional,Psychology,3.81,4,No,0,Consulting,San Francisco,Small,Masters,0.0,0.0,8,116985,180262,7.1
GRAD_004428,2018,23,Male,White,Top 100,Business,3.31,2,No,1,Transportation,Atlanta,Startup,None,3.0,0.0,6,70379,105675,6.0
GRAD_004429,2021,22,Female,White,Regional,Engineering,3.09,1,No,1,Real Estate,Chicago,Large,None,3.0,0.0,3,97791,112496,5.6
GRAD_004430,2017,22,Male,Asian,Regional,Business,3.29,2,No,3,Media,New York,Startup,None,2.0,80.0,7,93329,121001,6.8
GRAD_004431,2019,20,Male,Black,Top 50,Business,3.17,0,Yes,1,Healthcare,Los Angeles,Medium,Masters,5.0,60.0,5,107668,179807,7.6
GRAD_004432,2022,24,Female,White,Top 100,Communications,3.45,3,Yes,0,Energy,Denver,Small,None,0.0,0.0,2,84360,87622,6.1
GRAD_004433,2023,23,Male,White,Regional,Engineering,3.18,1,Yes,1,Media,Seattle,Small,None,4.0,0.0,1,96231,111749,8.3
GRAD_004434,2022,20,Female,White,Top 50,Economics,3.28,3,No,0,Consulting,Seattle,Medium,PhD,2.0,60.0,2,137221,184643,6.0
GRAD_004435,2016,22,Male,White,Regional,Mathematics,2.59,1,No,2,Technology,Phoenix,Fortune 500,MD,3.0,20.0,8,92151,188535,6.8
GRAD_004436,2023,21,Female,White,Top 50,Engineering,2.96,3,Yes,1,Government,Phoenix,Medium,None,1.0,100.0,1,82189,88066,7.4
GRAD_004437,2021,21,Male,Asian,Top 100,Liberal Arts,3.41,3,No,1,Energy,Seattle,Small,Masters,2.0,60.0,3,80659,108575,6.7
GRAD_004438,2020,23,Male,Asian,Top 50,Engineering,3.25,2,Yes,2,Retail,Austin,Small,None,3.0,20.0,4,102936,139447,7.9
GRAD_004439,2017,23,Female,Other,Regional,Marketing,3.5,4,No,0,Technology,Boston,Fortune 500,None,4.0,0.0,7,123978,163963,6.0
GRAD_004440,2023,23,Female,White,Top 100,Business,3.39,3,No,2,Transportation,Boston,Medium,None,2.0,0.0,1,88276,91497,8.1
GRAD_004441,2015,22,Male,Hispanic,Regional,Biology,3.79,0,No,1,Technology,Philadelphia,Fortune 500,None,1.0,60.0,9,77726,131696,6.4
GRAD_004442,2016,23,Female,Hispanic,Regional,Political Science,2.28,4,No,0,Media,Atlanta,Startup,None,2.0,60.0,8,49409,68588,7.3
GRAD_004443,2016,21,Female,Asian,Top 100,Data Science,3.28,0,No,2,Education,Washington DC,Startup,Masters,0.0,0.0,8,84154,145084,6.8
GRAD_004444,2021,23,Male,Hispanic,Regional,Engineering,3.52,1,No,0,Government,Miami,Small,None,4.0,20.0,3,77253,103223,5.6
GRAD_004445,2021,22,Male,White,Top 100,Psychology,3.33,0,Yes,1,Retail,Philadelphia,Large,None,0.0,20.0,3,52125,62461,7.7
GRAD_004446,2023,21,Female,White,Regional,Business,3.21,5,No,1,Manufacturing,Washington DC,Small,None,1.0,20.0,1,89589,92698,4.1
GRAD_004447,2018,21,Female,White,Regional,Computer Science,3.15,2,No,0,Consulting,Austin,Fortune 500,None,6.0,0.0,6,135627,198544,8.0
GRAD_004448,2018,23,Female,White,Regional,Liberal Arts,3.07,1,No,1,Retail,Austin,Large,None,3.0,0.0,6,50712,66938,4.8
GRAD_004449,2021,22,Male,Black,Regional,Business,3.15,2,No,1,Transportation,Atlanta,Large,None,2.0,100.0,3,70307,89928,6.7
GRAD_004450,2017,21,Female,Other,Top 100,Engineering,2.98,1,No,0,Retail,Seattle,Startup,None,2.0,20.0,7,95469,148260,9.9
GRAD_004451,2019,21,Female,White,Top 100,Communications,3.21,1,No,0,Healthcare,Phoenix,Medium,None,2.0,20.0,5,54478,65411,3.6
GRAD_004452,2015,20,Female,Asian,Top 100,Economics,3.01,3,,2,Real Estate,Dallas,Startup,None,3.0,100.0,9,94970,169389,8.5
GRAD_004453,2020,22,Female,White,Top 50,Marketing,3.68,2,Yes,1,Energy,New York,Large,Masters,1.0,20.0,4,128781,189502,5.2
GRAD_004454,2022,22,Female,White,Top 100,Engineering,3.0,1,Yes,0,Technology,San Francisco,Fortune 500,None,2.0,0.0,2,189615,213153,3.4
GRAD_004455,2017,20,Female,Asian,Regional,Chemistry,3.85,1,No,1,Government,Austin,Small,None,0.0,60.0,7,71708,104426,4.7
GRAD_004456,2018,20,Female,Hispanic,Top 100,Data Science,3.63,1,No,1,Finance,Atlanta,Fortune 500,None,2.0,20.0,6,126102,177096,6.6
GRAD_004457,2016,20,Male,White,Top 50,Data Science,3.71,0,No,3,Government,Dallas,Startup,None,2.0,0.0,8,116253,186172,6.7
GRAD_004458,2020,24,Male,Asian,Regional,Data Science,3.29,1,No,1,Transportation,Philadelphia,Startup,None,1.0,60.0,4,81141,95543,4.2
GRAD_004459,2020,23,Female,White,Top 100,Engineering,2.9,1,No,1,Education,New York,Medium,None,2.0,0.0,4,105434,122237,7.7
GRAD_004460,2022,24,Male,White,Top 10,Liberal Arts,2.7,0,No,3,Healthcare,Miami,Small,None,6.0,0.0,2,83000,110880,8.2
GRAD_004461,2023,24,Female,White,Regional,Marketing,3.59,3,Yes,3,Healthcare,Denver,Medium,None,2.0,40.0,1,82702,90460,6.5
GRAD_004462,2023,23,Female,Hispanic,Regional,Psychology,3.27,2,No,0,Healthcare,New York,Small,MBA,0.0,20.0,1,78331,94692,3.9
GRAD_004463,2016,22,Female,White,Top 100,Liberal Arts,3.14,0,,0,Real Estate,Austin,Fortune 500,None,5.0,20.0,8,71981,110634,6.5
GRAD_004464,2020,22,Male,Hispanic,Regional,Business,3.53,0,Yes,0,Non-profit,Chicago,Small,None,2.0,40.0,4,47734,67818,4.4
GRAD_004465,2022,21,Female,Asian,Regional,Biology,4.0,2,No,0,Finance,Seattle,Large,None,2.0,40.0,2,95181,109060,8.0
GRAD_004466,2021,21,Female,Asian,Top 50,Marketing,3.31,0,No,1,Non-profit,Austin,Large,None,4.0,40.0,3,59962,75447,9.5
GRAD_004467,2023,21,Male,Black,Top 100,Engineering,3.69,2,No,0,Energy,Los Angeles,Small,MBA,4.0,0.0,1,139185,193300,6.9
GRAD_004468,2019,22,Male,White,Regional,Finance,3.25,1,No,1,Retail,New York,Small,None,0.0,0.0,5,107071,132994,7.2
GRAD_004469,2019,20,Female,White,Top 10,Engineering,3.64,3,No,0,Transportation,Los Angeles,Small,Masters,2.0,0.0,5,108445,142609,8.4
GRAD_004470,2015,20,Female,Black,Regional,Psychology,3.34,3,No,0,Manufacturing,Boston,Fortune 500,None,1.0,40.0,9,80006,130124,7.8
GRAD_004471,2015,20,Male,White,Regional,Economics,3.62,3,,5,Media,San Francisco,Medium,None,2.0,20.0,9,103660,154622,8.1
GRAD_004472,2021,20,Male,White,Top 100,Data Science,3.52,6,No,0,Technology,San Francisco,Large,Masters,3.0,60.0,3,213919,280556,7.0
GRAD_004473,2019,23,Female,White,Regional,Economics,3.08,3,No,1,Consulting,Portland,Small,None,3.0,20.0,5,112036,141987,6.0
GRAD_004474,2021,21,Male,White,Regional,Computer Science,2.82,2,No,1,Media,Phoenix,Medium,None,1.0,20.0,3,72434,85374,7.9
GRAD_004475,2017,22,Female,Black,Top 100,Finance,2.51,3,No,2,Retail,Dallas,Medium,None,4.0,80.0,7,67178,91605,7.3
GRAD_004476,2022,23,Male,White,Top 50,Psychology,3.45,2,Yes,1,Real Estate,Portland,Startup,None,4.0,20.0,2,77718,100438,6.5
GRAD_004477,2023,23,Male,White,Regional,Business,3.77,2,No,2,Consulting,Atlanta,Large,None,4.0,80.0,1,100257,115896,9.5
GRAD_004478,2021,23,Male,White,Top 100,Liberal Arts,3.51,1,No,0,Energy,Portland,Small,PhD,2.0,80.0,3,61743,92279,5.5
GRAD_004479,2018,24,Female,White,Regional,Economics,3.78,2,No,0,Consulting,Washington DC,Startup,None,4.0,0.0,6,103288,138482,7.8
GRAD_004480,2017,22,Other,Hispanic,Top 100,Business,3.88,1,No,4,Real Estate,Washington DC,Large,Masters,2.0,20.0,7,110004,167359,9.8
GRAD_004481,2021,22,Male,White,Regional,Mathematics,3.48,2,Yes,1,Transportation,Philadelphia,Medium,Masters,2.0,20.0,3,69447,95852,3.8
GRAD_004482,2023,21,Female,White,Top 50,Economics,2.52,3,No,2,Energy,Denver,Large,None,2.0,60.0,1,108164,110964,7.3
GRAD_004483,2020,20,Female,Asian,Top 50,Business,2.89,1,No,1,Government,Philadelphia,Small,Masters,3.0,0.0,4,71474,95526,5.1
GRAD_004484,2022,22,Female,Asian,Regional,Computer Science,3.06,1,No,2,Media,Philadelphia,Large,None,1.0,20.0,2,92571,96150,4.7
GRAD_004485,2020,23,Male,Asian,Top 10,Economics,2.82,0,No,1,Healthcare,Dallas,Small,Masters,2.0,0.0,4,88866,135430,6.9
GRAD_004486,2021,21,Female,Asian,Top 100,Political Science,2.72,2,No,0,Technology,Los Angeles,Small,Masters,3.0,40.0,3,89051,123271,6.8
GRAD_004487,2020,21,Male,White,Top 50,Economics,3.29,1,Yes,1,Energy,Los Angeles,Medium,None,3.0,0.0,4,112366,145252,5.2
GRAD_004488,2020,23,Female,Asian,Top 100,Marketing,2.89,2,No,1,Transportation,Los Angeles,Large,Masters,1.0,0.0,4,79700,109639,7.9
GRAD_004489,2021,22,Female,Other,Top 100,Data Science,3.02,3,No,2,Consulting,Miami,Large,MD,2.0,0.0,3,105319,184865,6.7
GRAD_004490,2019,21,Female,White,Regional,Chemistry,3.4,2,Yes,2,Consulting,Denver,Large,PhD,3.0,80.0,5,76774,121864,6.7
GRAD_004491,2023,21,Male,White,Top 100,Biology,3.0,1,No,0,Manufacturing,Denver,Medium,None,1.0,100.0,1,69084,75028,6.1
GRAD_004492,2022,23,Female,White,Top 100,Data Science,3.32,2,No,0,Energy,Miami,Large,Masters,2.0,0.0,2,102683,136503,4.4
GRAD_004493,2021,22,Female,White,Top 50,Liberal Arts,3.2,1,No,0,Healthcare,San Francisco,Fortune 500,None,1.0,0.0,3,88456,94289,5.6
GRAD_004494,2021,22,Male,White,Top 50,Liberal Arts,3.68,1,No,0,Consulting,Philadelphia,Fortune 500,None,2.0,20.0,3,88037,113457,5.5
GRAD_004495,2019,20,Male,White,Top 50,Engineering,3.07,2,,0,Education,Phoenix,Small,PhD,4.0,0.0,5,79971,129382,9.5
GRAD_004496,2022,23,Male,Asian,Regional,Psychology,2.83,1,No,1,Consulting,New York,Fortune 500,None,0.0,0.0,2,105295,119993,5.9
GRAD_004497,2023,24,Other,Asian,Top 100,Mathematics,3.19,3,No,0,Non-profit,Denver,Fortune 500,Masters,1.0,20.0,1,56055,70050,8.4
GRAD_004498,2022,21,Other,White,Top 100,Engineering,4.0,1,No,1,Real Estate,Miami,Small,JD,1.0,40.0,2,90177,129758,5.8
GRAD_004499,2016,23,Male,White,Regional,Engineering,3.84,5,Yes,1,Government,Austin,Small,None,2.0,0.0,8,95593,167289,6.0
GRAD_004500,2022,21,Female,Other,Regional,Engineering,3.88,1,No,2,Manufacturing,Phoenix,Large,Masters,1.0,0.0,2,92424,111793,5.8
GRAD_004501,2019,23,Female,Asian,Top 10,Business,3.45,2,No,0,Media,Boston,Large,None,1.0,0.0,5,93454,121033,8.2
GRAD_004502,2020,23,Female,Black,Top 50,Marketing,3.37,1,No,1,Government,Austin,Medium,None,4.0,60.0,4,75912,97895,4.8
GRAD_004503,2023,21,Male,White,Top 100,Marketing,2.95,2,No,1,Non-profit,Los Angeles,Small,Masters,4.0,20.0,1,63079,88399,5.6
GRAD_004504,2018,20,Female,Hispanic,Top 50,Engineering,3.46,1,Yes,2,Non-profit,Philadelphia,Small,None,4.0,60.0,6,68075,97157,6.6
GRAD_004505,2018,21,Male,White,Top 100,Communications,2.82,3,No,0,Non-profit,Phoenix,Startup,None,3.0,40.0,6,38275,65308,6.1
GRAD_004506,2017,23,Female,Asian,Regional,Liberal Arts,3.23,1,Yes,2,Technology,Chicago,Medium,None,1.0,60.0,7,78678,104288,7.6
GRAD_004507,2016,23,Female,Asian,Top 100,Psychology,3.44,1,No,0,Media,Chicago,Startup,Masters,2.0,0.0,8,67538,113862,6.3
GRAD_004508,2016,21,Male,White,Regional,Psychology,3.09,3,No,1,Transportation,San Francisco,Large,None,1.0,20.0,8,83114,130926,10.0
GRAD_004509,2020,24,Female,Other,Top 10,Mathematics,3.45,4,No,2,Retail,Chicago,Medium,None,0.0,60.0,4,91577,100303,8.7
GRAD_004510,2023,24,Female,White,Top 100,Biology,3.11,1,Yes,0,Consulting,New York,Small,None,1.0,0.0,1,99907,101178,4.9
GRAD_004511,2022,23,Male,White,Regional,Engineering,2.39,0,No,1,Non-profit,Austin,Medium,None,3.0,,2,63386,76789,6.4
GRAD_004512,2017,20,Male,White,Regional,Liberal Arts,3.57,2,Yes,0,Government,Portland,Large,Masters,4.0,80.0,7,67532,125650,6.0
GRAD_004513,2020,23,Female,White,Top 50,Computer Science,3.52,1,No,0,Non-profit,San Francisco,Large,None,1.0,20.0,4,133626,161932,5.9
GRAD_004514,2022,21,Female,White,Top 10,Marketing,3.09,2,Yes,1,Healthcare,Denver,Large,MBA,3.0,20.0,2,107158,145107,5.4
GRAD_004515,2020,21,Female,White,Top 50,Business,3.27,1,No,2,Technology,Miami,Small,None,1.0,20.0,4,103824,131243,7.0
GRAD_004516,2023,23,Male,White,Top 100,Data Science,4.0,2,No,1,Media,Dallas,Small,None,5.0,60.0,1,84875,104610,8.9
GRAD_004517,2023,23,Male,White,Regional,Liberal Arts,3.55,0,No,2,Retail,Atlanta,Medium,JD,2.0,0.0,1,40661,60977,6.1
GRAD_004518,2018,23,Female,Hispanic,Top 50,Data Science,3.08,1,No,1,Non-profit,Portland,Medium,None,1.0,20.0,6,91123,111301,5.8
GRAD_004519,2022,23,Female,White,Top 50,Computer Science,3.42,1,No,3,Healthcare,Portland,Large,MD,4.0,100.0,2,144423,254288,5.9
GRAD_004520,2020,22,Male,White,Regional,Business,3.5,2,No,1,Government,Miami,Medium,None,0.0,100.0,4,67876,81464,5.6
GRAD_004521,2019,20,Female,Black,Top 100,Communications,3.19,1,No,2,Healthcare,Atlanta,Small,None,1.0,40.0,5,71394,94833,2.0
GRAD_004522,2022,25,Male,White,Regional,Business,3.24,0,No,1,Media,Austin,Small,None,4.0,0.0,2,61305,80979,3.0
GRAD_004523,2022,21,Female,White,Top 50,Communications,2.69,1,Yes,2,Retail,Portland,Small,Masters,0.0,0.0,2,55002,65111,4.8
GRAD_004524,2021,21,Male,White,Regional,Psychology,3.24,1,Yes,1,Energy,Seattle,Startup,MBA,3.0,80.0,3,96501,151443,5.8
GRAD_004525,2022,20,Male,Hispanic,Regional,Chemistry,2.85,3,,2,Education,Seattle,Startup,None,3.0,40.0,2,70902,87248,4.1
GRAD_004526,2023,22,Female,Asian,Regional,Engineering,2.88,0,No,0,Transportation,Miami,Small,Masters,2.0,0.0,1,75195,89069,5.7
GRAD_004527,2022,22,Female,Asian,Top 50,Chemistry,3.15,5,No,0,Education,Chicago,Small,MBA,2.0,80.0,2,76504,107281,9.0
GRAD_004528,2015,22,Male,Black,Top 50,Marketing,3.46,3,Yes,0,Energy,Phoenix,Medium,None,2.0,0.0,9,80569,118255,6.7
GRAD_004529,2022,24,Male,White,Top 50,Engineering,2.61,0,No,2,Consulting,Portland,Large,None,3.0,0.0,2,140405,162111,5.0
GRAD_004530,2022,23,Male,Black,Regional,Communications,3.18,3,No,0,Government,Austin,Large,JD,4.0,40.0,2,69781,109931,7.5
GRAD_004531,2023,20,Female,White,Regional,Psychology,2.79,0,Yes,1,Government,Portland,Small,MBA,4.0,0.0,1,53290,77994,6.4
GRAD_004532,2021,25,Male,White,Top 10,Engineering,4.0,1,No,0,Transportation,Phoenix,Small,None,1.0,,3,105777,127271,6.3
GRAD_004533,2022,20,Male,Hispanic,Regional,Communications,2.79,2,No,2,Government,Austin,Startup,JD,2.0,60.0,2,60597,94561,1.9
GRAD_004534,2015,22,Male,White,Top 100,Engineering,3.27,1,No,4,Real Estate,Portland,Fortune 500,Masters,4.0,0.0,9,101643,184995,10.0
GRAD_004535,2023,21,Female,White,Regional,Political Science,2.87,0,No,0,Technology,San Francisco,Small,MBA,3.0,0.0,1,104694,135572,9.1
GRAD_004536,2017,23,Male,White,Regional,Computer Science,3.43,2,Yes,0,Technology,San Francisco,Small,Masters,2.0,0.0,7,194454,311291,9.2
GRAD_004537,2022,23,Female,Black,Regional,Mathematics,2.5,0,,1,Education,New York,Fortune 500,None,,0.0,2,73275,86653,4.0
GRAD_004538,2023,21,Female,White,Regional,Data Science,3.8,0,Yes,1,Education,Denver,Large,None,3.0,20.0,1,73636,81644,4.5
GRAD_004539,2015,24,Female,Other,Regional,Economics,4.0,1,No,4,Education,Phoenix,Large,None,1.0,0.0,9,69311,100904,7.1
GRAD_004540,2023,22,Female,Asian,Top 50,Communications,3.7,2,No,1,Technology,Los Angeles,Medium,None,4.0,0.0,1,97934,109560,6.7
GRAD_004541,2022,24,Female,White,Top 100,Computer Science,3.34,3,No,1,Education,New York,Fortune 500,Masters,1.0,0.0,2,119472,144788,7.6
GRAD_004542,2023,23,Male,White,Regional,Political Science,3.16,3,No,1,Non-profit,Dallas,Startup,None,1.0,0.0,1,48184,53566,5.5
GRAD_004543,2017,21,Male,White,Top 10,Psychology,2.94,1,No,1,Healthcare,Dallas,Small,MBA,1.0,80.0,7,72193,133461,10.0
GRAD_004544,2022,24,Male,White,Regional,Business,2.85,1,Yes,1,Technology,Denver,Large,MBA,1.0,20.0,2,85179,118773,3.8
GRAD_004545,2019,21,Female,Hispanic,Top 50,Economics,3.08,3,No,1,Technology,Seattle,Small,None,1.0,0.0,5,146824,180236,5.9
GRAD_004546,2017,23,Female,Asian,Regional,Communications,3.49,1,No,0,Real Estate,San Francisco,Small,Masters,5.0,20.0,7,72697,123399,6.5
GRAD_004547,2022,23,Female,Other,Top 100,Engineering,3.11,0,Yes,1,Energy,Denver,Large,Masters,1.0,0.0,2,109706,135771,9.0
GRAD_004548,2019,21,Female,White,Regional,Mathematics,3.23,0,No,1,Government,Seattle,Medium,Masters,3.0,20.0,5,75003,113231,7.3
GRAD_004549,2023,20,Female,Black,Top 100,Economics,3.39,1,Yes,0,Real Estate,Denver,Medium,Masters,1.0,100.0,1,87209,101588,5.9
GRAD_004550,2021,24,Male,White,Top 50,Computer Science,3.64,0,Yes,0,Technology,Phoenix,Large,None,4.0,0.0,3,130121,164785,5.8
GRAD_004551,2016,23,Male,White,Regional,Political Science,3.96,4,No,1,Transportation,Washington DC,Small,None,,0.0,8,69302,102667,5.7
GRAD_004552,2017,22,Male,Hispanic,Top 100,Economics,2.73,0,Yes,1,Non-profit,Los Angeles,Medium,Masters,2.0,0.0,7,66062,124372,7.7
GRAD_004553,2017,22,Female,Asian,Regional,Data Science,3.99,4,Yes,0,Manufacturing,New York,Fortune 500,None,0.0,20.0,7,162131,212627,7.1
GRAD_004554,2018,23,Male,Black,Top 100,Economics,3.78,1,No,3,Technology,San Francisco,Medium,None,0.0,40.0,6,182214,226641,5.7
GRAD_004555,2021,25,Female,Other,Regional,Computer Science,3.57,3,No,0,Education,Dallas,Small,PhD,4.0,0.0,3,66553,96709,8.4
GRAD_004556,2023,23,Female,Asian,Top 10,Marketing,3.19,2,No,1,Non-profit,Miami,Medium,None,2.0,40.0,1,59964,64989,7.8
GRAD_004557,2020,23,Male,Asian,Regional,Business,3.15,1,No,1,Technology,Boston,Small,Masters,1.0,40.0,4,123219,168706,9.5
GRAD_004558,2022,22,Male,White,Top 100,Biology,3.67,4,Yes,0,Healthcare,New York,Fortune 500,JD,2.0,20.0,2,104277,155108,7.3
GRAD_004559,2018,23,Female,White,Top 100,Engineering,3.17,3,No,2,Non-profit,Los Angeles,Startup,PhD,1.0,0.0,6,75286,121091,8.9
GRAD_004560,2020,20,Female,White,Top 10,Business,2.61,1,No,0,Government,Washington DC,Startup,None,1.0,60.0,4,97859,119735,7.8
GRAD_004561,2020,23,Female,Hispanic,Top 50,Business,3.25,2,No,2,Healthcare,Denver,Small,Masters,1.0,40.0,4,105927,143313,7.7
GRAD_004562,2021,20,Male,Asian,Top 100,Data Science,3.09,1,,0,Education,Portland,Fortune 500,Masters,0.0,0.0,3,78349,107132,5.6
GRAD_004563,2020,23,Male,Asian,Regional,Engineering,3.67,1,Yes,1,Real Estate,Boston,Fortune 500,None,6.0,0.0,4,108626,146476,5.7
GRAD_004564,2018,21,Female,Hispanic,Regional,Psychology,2.82,1,No,0,Retail,New York,Medium,None,,40.0,6,76626,98423,5.4
GRAD_004565,2017,23,Female,Black,Regional,Economics,4.0,2,No,0,Manufacturing,Washington DC,Medium,MBA,7.0,,7,112818,194630,5.8
GRAD_004566,2017,23,Female,White,Regional,Political Science,3.28,1,No,0,Manufacturing,Miami,Medium,None,1.0,20.0,7,57599,93078,4.2
GRAD_004567,2023,21,Male,Black,Regional,Data Science,2.7,1,No,1,Consulting,Washington DC,Large,MD,1.0,40.0,1,131344,211637,6.2
GRAD_004568,2018,20,Male,Asian,Regional,Mathematics,3.31,2,No,2,Media,Atlanta,Large,None,4.0,0.0,6,73274,106288,8.4
GRAD_004569,2022,24,Male,Black,Regional,Marketing,3.45,3,No,0,Non-profit,New York,Large,None,,40.0,2,69732,80918,7.0
GRAD_004570,2015,22,Female,Black,Top 50,Biology,3.74,1,No,1,Manufacturing,Washington DC,Small,None,2.0,80.0,9,97799,130626,8.8
GRAD_004571,2016,25,Female,White,Top 10,Communications,3.32,3,No,2,Education,Los Angeles,Medium,None,2.0,60.0,8,64303,108477,5.5
GRAD_004572,2021,20,Male,Asian,Regional,Political Science,3.36,2,No,1,Real Estate,Boston,Medium,None,1.0,20.0,3,77061,96500,6.1
GRAD_004573,2019,22,Male,Hispanic,Top 100,Communications,3.33,0,Yes,2,Government,Los Angeles,Small,JD,4.0,0.0,5,58913,101074,8.2
GRAD_004574,2023,20,Female,White,Top 100,Liberal Arts,2.88,0,No,1,Retail,Denver,Large,None,0.0,20.0,1,55995,55839,8.6
GRAD_004575,2022,23,Female,White,Regional,Communications,3.31,3,No,0,Energy,New York,Large,None,3.0,0.0,2,85444,96410,3.8
GRAD_004576,2022,23,Female,White,Regional,Psychology,3.29,1,No,0,Transportation,Washington DC,Startup,None,1.0,0.0,2,57859,62653,7.5
GRAD_004577,2022,21,Female,White,Regional,Computer Science,3.06,3,Yes,0,Education,Phoenix,Medium,None,,0.0,2,73214,93472,7.6
GRAD_004578,2022,21,Male,Asian,Regional,Engineering,2.64,3,No,1,Consulting,Seattle,Fortune 500,None,1.0,80.0,2,155556,173768,9.0
GRAD_004579,2022,21,Male,Asian,Top 100,Mathematics,3.17,3,No,2,Retail,Chicago,Medium,Masters,2.0,60.0,2,69040,91225,4.1
GRAD_004580,2020,22,Female,White,Regional,Computer Science,3.51,0,No,0,Education,Austin,Large,Masters,3.0,60.0,4,82397,124970,8.4
GRAD_004581,2017,21,Female,White,Top 50,Engineering,3.82,0,No,1,Transportation,San Francisco,Small,None,1.0,60.0,7,147981,179858,6.7
GRAD_004582,2022,24,Male,White,Regional,Biology,3.23,2,,0,Finance,Boston,Startup,None,1.0,20.0,2,82960,94528,3.5
GRAD_004583,2018,21,Female,White,Top 100,Engineering,3.25,1,No,2,Technology,Austin,Large,None,0.0,0.0,6,146653,176991,7.2
GRAD_004584,2017,20,Male,Other,Top 50,Computer Science,3.2,2,No,1,Technology,Chicago,Fortune 500,Masters,4.0,0.0,7,158021,299245,6.4
GRAD_004585,2017,22,Female,Other,Top 100,Mathematics,3.41,2,No,2,Government,Boston,Small,None,1.0,0.0,7,85913,127728,5.6
GRAD_004586,2021,21,Male,Hispanic,Regional,Chemistry,3.13,1,No,2,Manufacturing,Washington DC,Large,None,3.0,60.0,3,87795,115009,8.6
GRAD_004587,2017,20,Male,White,Regional,Marketing,3.5,4,No,1,Manufacturing,Chicago,Fortune 500,None,,20.0,7,77468,127750,9.2
GRAD_004588,2018,22,Female,Hispanic,Top 50,Data Science,2.49,2,No,0,Energy,San Francisco,Large,None,7.0,20.0,6,171440,228083,5.1
GRAD_004589,2021,20,Male,Hispanic,Regional,Computer Science,3.49,1,No,0,Education,Denver,Large,None,1.0,0.0,3,71066,87731,5.6
GRAD_004590,2022,23,Male,Black,Regional,Economics,3.14,1,No,1,Manufacturing,Philadelphia,Large,Masters,2.0,20.0,2,85162,114657,6.8
GRAD_004591,2018,22,Male,White,Top 50,Psychology,3.26,3,No,0,Education,Seattle,Medium,MD,2.0,80.0,6,82867,159474,9.8
GRAD_004592,2022,21,Male,White,Top 10,Liberal Arts,2.74,1,No,1,Consulting,San Francisco,Small,None,1.0,60.0,2,121822,137274,9.3
GRAD_004593,2015,20,Female,Asian,Top 10,Finance,3.29,2,No,0,Real Estate,New York,Medium,Masters,3.0,0.0,9,145772,250171,8.8
GRAD_004594,2023,20,Female,White,Top 10,Business,3.48,2,No,2,Government,Philadelphia,Medium,None,2.0,100.0,1,98903,106223,6.1
GRAD_004595,2019,23,Male,White,Top 10,Chemistry,3.7,3,No,0,Consulting,Austin,Small,None,2.0,80.0,5,140480,171258,8.5
GRAD_004596,2018,22,Female,White,Regional,Biology,3.3,3,No,1,Manufacturing,Denver,Small,None,2.0,60.0,6,65657,80918,4.6
GRAD_004597,2023,20,Male,Asian,Regional,Marketing,3.41,0,No,1,Government,Los Angeles,Large,None,1.0,80.0,1,76023,82520,5.9
GRAD_004598,2016,22,Female,Black,Regional,Marketing,3.52,1,No,0,Transportation,San Francisco,Startup,None,0.0,20.0,8,98748,138505,7.9
GRAD_004599,2018,22,Male,Asian,Top 100,Marketing,3.04,1,No,0,Education,Chicago,Startup,None,1.0,20.0,6,51525,73184,6.5
GRAD_004600,2018,24,Male,Hispanic,Regional,Finance,3.75,1,Yes,0,Manufacturing,Miami,Small,PhD,5.0,40.0,6,78221,141318,6.0
GRAD_004601,2019,21,Other,White,Top 100,Computer Science,2.82,1,Yes,1,Real Estate,Denver,Medium,Masters,4.0,20.0,5,101831,157231,8.1
GRAD_004602,2022,23,Male,White,Top 100,Economics,3.58,2,No,0,Manufacturing,Boston,Startup,None,4.0,0.0,2,106126,130037,5.1
GRAD_004603,2022,22,Male,Other,Top 100,Engineering,2.9,2,No,2,Real Estate,Portland,Large,None,,20.0,2,99135,114079,10.0
GRAD_004604,2020,20,Female,Other,Top 100,Communications,2.81,4,No,0,Retail,Los Angeles,Fortune 500,Masters,2.0,60.0,4,60666,85443,6.1
GRAD_004605,2023,23,Male,Asian,Top 50,Psychology,3.01,0,No,0,Transportation,Dallas,Startup,MBA,1.0,20.0,1,57083,77367,6.1
GRAD_004606,2022,24,Female,White,Top 100,Mathematics,3.51,1,Yes,0,Real Estate,Portland,Large,None,3.0,100.0,2,95885,105871,7.6
GRAD_004607,2021,23,Female,White,Top 50,Business,2.94,2,Yes,0,Consulting,Washington DC,Large,None,2.0,40.0,3,121887,141404,4.7
GRAD_004608,2017,22,Male,Asian,Top 50,Business,3.6,0,No,1,Energy,Chicago,Large,JD,1.0,0.0,7,104254,186008,8.1
GRAD_004609,2020,23,Male,White,Regional,Business,3.31,2,No,1,Manufacturing,Phoenix,Fortune 500,None,1.0,,4,67798,86992,6.1
GRAD_004610,2017,22,Female,Other,Regional,Mathematics,2.89,0,No,1,Education,Phoenix,Startup,MBA,0.0,80.0,7,53144,78123,5.3
GRAD_004611,2018,22,Male,Asian,Top 50,Computer Science,3.21,2,Yes,1,Education,Seattle,Medium,None,3.0,,6,101128,141729,5.7
GRAD_004612,2021,20,Female,White,Regional,Data Science,3.57,1,No,2,Technology,Chicago,Small,MBA,2.0,40.0,3,142392,193525,6.3
GRAD_004613,2017,22,Male,White,Top 10,Economics,3.75,0,No,1,Real Estate,San Francisco,Small,None,4.0,0.0,7,166158,238490,6.0
GRAD_004614,2016,24,Female,White,Regional,Engineering,3.56,0,Yes,0,Transportation,Denver,Fortune 500,Masters,1.0,20.0,8,74541,126585,7.7
GRAD_004615,2020,20,Female,White,Top 50,Business,3.64,0,No,2,Consulting,Seattle,Large,None,1.0,20.0,4,114091,134662,8.7
GRAD_004616,2015,20,Male,Asian,Regional,Marketing,3.3,3,No,0,Healthcare,Chicago,Large,None,2.0,40.0,9,76989,136604,8.7
GRAD_004617,2020,22,Male,White,Top 10,Chemistry,3.15,1,No,0,Real Estate,Seattle,Fortune 500,None,3.0,0.0,4,99515,135859,6.2
GRAD_004618,2023,20,Male,White,Regional,Biology,3.23,3,Yes,2,Consulting,Boston,Large,Masters,1.0,,1,87340,107740,6.7
GRAD_004619,2017,23,Male,Asian,Top 50,Biology,3.8,1,No,0,Transportation,Denver,Medium,None,3.0,80.0,7,73970,113753,6.1
GRAD_004620,2019,20,Female,White,Regional,Computer Science,3.0,4,No,0,Education,Washington DC,Medium,MBA,0.0,40.0,5,102761,151676,5.8
GRAD_004621,2023,23,Female,Black,Top 100,Business,3.32,0,Yes,2,Transportation,Phoenix,Small,None,1.0,0.0,1,56372,59930,6.8
GRAD_004622,2021,24,Female,White,Top 10,Political Science,3.44,1,No,4,Education,Miami,Medium,JD,2.0,40.0,3,52690,78733,4.5
GRAD_004623,2016,23,Female,Asian,Top 10,Marketing,3.22,0,Yes,0,Transportation,Denver,Large,None,2.0,100.0,8,81039,111147,7.2
GRAD_004624,2019,22,Female,Black,Regional,Economics,3.76,0,Yes,0,Education,Seattle,Fortune 500,None,3.0,20.0,5,91355,120939,9.1
GRAD_004625,2022,23,Male,White,Top 10,Liberal Arts,3.43,0,Yes,0,Media,Philadelphia,Small,PhD,1.0,40.0,2,73144,97321,6.7
GRAD_004626,2021,20,Female,White,Regional,Engineering,3.37,5,No,1,Non-profit,Dallas,Medium,None,,60.0,3,60490,66400,6.2
GRAD_004627,2016,22,Female,White,Top 50,Business,3.37,1,Yes,0,Energy,Philadelphia,Fortune 500,None,1.0,20.0,8,109000,172230,6.0
GRAD_004628,2015,21,Male,White,Top 50,Mathematics,3.7,0,Yes,1,Real Estate,Los Angeles,Small,None,2.0,40.0,9,124381,184203,6.3
GRAD_004629,2021,23,Male,Asian,Regional,Economics,3.16,2,No,1,Non-profit,Atlanta,Small,None,2.0,20.0,3,54512,71882,6.5
GRAD_004630,2020,23,Female,White,Regional,Finance,3.07,1,No,3,Non-profit,Miami,Startup,JD,3.0,0.0,4,67678,103589,5.2
GRAD_004631,2015,21,Other,White,Top 50,Business,3.46,2,No,0,Education,New York,Fortune 500,None,,80.0,9,95879,150482,10.0
GRAD_004632,2023,23,Male,Asian,Top 50,Computer Science,3.51,1,No,2,Transportation,Washington DC,Medium,MBA,0.0,0.0,1,106129,141559,6.7
GRAD_004633,2017,23,Female,White,Top 100,Finance,3.49,2,No,3,Manufacturing,Dallas,Small,None,0.0,60.0,7,85002,100467,5.7
GRAD_004634,2019,21,Male,White,Regional,Biology,2.49,3,Yes,0,Finance,Miami,Small,MD,1.0,80.0,5,76363,154540,6.1
GRAD_004635,2017,22,Male,White,Regional,Computer Science,3.29,0,Yes,0,Education,Atlanta,Medium,None,2.0,40.0,7,66059,103835,8.1
GRAD_004636,2022,23,Female,White,Regional,Engineering,3.32,2,No,1,Media,Austin,Small,None,2.0,0.0,2,89956,101725,8.1
GRAD_004637,2023,21,Female,White,Top 100,Business,3.54,1,,1,Education,San Francisco,Small,MBA,3.0,0.0,1,92855,123848,10.0
GRAD_004638,2017,21,Female,White,Regional,Marketing,2.92,0,No,0,Real Estate,San Francisco,Fortune 500,Masters,1.0,0.0,7,98214,151477,7.7
GRAD_004639,2018,22,Female,White,Top 50,Liberal Arts,3.52,4,No,2,Government,Portland,Large,Masters,3.0,0.0,6,74152,128217,7.9
GRAD_004640,2021,24,Male,White,Top 100,Marketing,3.08,0,Yes,0,Media,Boston,Medium,None,1.0,40.0,3,82535,99270,4.0
GRAD_004641,2020,22,Female,White,Top 100,Computer Science,3.28,4,No,2,Manufacturing,Miami,Startup,None,3.0,0.0,4,93939,116350,7.8
GRAD_004642,2016,21,Male,White,Regional,Marketing,3.79,2,No,1,Manufacturing,Chicago,Fortune 500,MBA,5.0,100.0,8,78255,174570,6.9
GRAD_004643,2023,21,Female,White,Top 50,Communications,3.37,2,No,3,Energy,Philadelphia,Startup,None,3.0,80.0,1,90172,99002,2.5
GRAD_004644,2020,24,Male,Other,Top 50,Computer Science,3.37,5,No,1,Non-profit,Los Angeles,Small,MBA,1.0,20.0,4,118183,194167,5.0
GRAD_004645,2018,23,Female,White,Regional,Liberal Arts,3.5,1,No,1,Transportation,Philadelphia,Startup,Masters,2.0,20.0,6,52652,76831,4.5
GRAD_004646,2019,22,Male,White,Top 50,Marketing,3.55,3,No,0,Energy,Portland,Medium,None,1.0,80.0,5,86067,113557,7.3
GRAD_004647,2020,21,Female,Black,Top 100,Data Science,2.35,1,Yes,1,Media,Miami,Large,None,2.0,60.0,4,78587,99213,6.3
GRAD_004648,2020,21,Male,White,Regional,Communications,3.6,2,Yes,2,Real Estate,Denver,Fortune 500,MBA,3.0,40.0,4,66678,107722,6.6
GRAD_004649,2019,21,Male,Asian,Top 100,Biology,3.74,3,No,0,Healthcare,Atlanta,Small,MD,0.0,40.0,5,78114,164184,5.3
GRAD_004650,2020,21,Male,Black,Top 50,Business,3.34,2,,2,Finance,Dallas,Startup,None,0.0,40.0,4,88728,111038,6.8
GRAD_004651,2019,21,Female,White,Top 100,Political Science,2.67,3,No,0,Transportation,Chicago,Medium,None,1.0,0.0,5,60978,76971,3.9
GRAD_004652,2016,21,Male,Hispanic,Regional,Data Science,3.05,1,No,0,Healthcare,San Francisco,Large,None,3.0,40.0,8,121242,163139,9.1
GRAD_004653,2021,24,Male,Asian,Regional,Psychology,2.89,0,No,0,Consulting,New York,Large,MD,0.0,40.0,3,87188,153035,7.0
GRAD_004654,2022,24,Male,Hispanic,Regional,Mathematics,3.32,0,No,4,Technology,Denver,Startup,None,1.0,20.0,2,107213,120770,6.6
GRAD_004655,2022,20,Male,White,Top 50,Engineering,3.35,0,No,0,Energy,Los Angeles,Medium,MBA,2.0,,2,117581,165632,5.1
GRAD_004656,2015,21,Female,White,Regional,Marketing,3.7,1,No,0,Manufacturing,Miami,Large,Masters,6.0,40.0,9,82990,147869,5.5
GRAD_004657,2019,21,Female,White,Regional,Engineering,3.79,2,No,0,Manufacturing,Chicago,Startup,None,1.0,20.0,5,111281,145493,9.1
GRAD_004658,2023,22,Male,Other,Regional,Chemistry,4.0,3,No,1,Retail,Phoenix,Large,Masters,3.0,20.0,1,66202,90271,5.1
GRAD_004659,2015,21,Male,Black,Top 50,Economics,3.06,1,No,2,Finance,Denver,Fortune 500,Masters,1.0,20.0,9,104106,195696,6.2
GRAD_004660,2022,20,Female,Asian,Top 100,Psychology,3.3,1,No,1,Retail,Denver,Small,Masters,1.0,40.0,2,50718,63611,5.6
GRAD_004661,2016,24,Male,White,Top 50,Engineering,3.29,4,No,1,Non-profit,Boston,Medium,JD,1.0,60.0,8,88882,194770,6.6
GRAD_004662,2022,23,Male,White,Top 50,Engineering,3.06,1,No,1,Education,Denver,Large,None,5.0,20.0,2,76812,100149,7.7
GRAD_004663,2021,21,Male,White,Top 100,Computer Science,3.4,1,,2,Manufacturing,Portland,Large,None,2.0,100.0,3,90983,113660,8.0
GRAD_004664,2021,24,Male,White,Top 10,Business,3.56,1,No,1,Finance,Washington DC,Medium,None,1.0,80.0,3,134999,166018,10.0
GRAD_004665,2023,20,Male,Asian,Regional,Business,4.0,1,No,1,Manufacturing,Los Angeles,Medium,Masters,0.0,20.0,1,97674,116866,6.6
GRAD_004666,2023,23,Female,Asian,Regional,Computer Science,3.52,1,No,0,Retail,Atlanta,Large,MBA,3.0,60.0,1,75771,104150,8.2
GRAD_004667,2018,26,Male,White,Regional,Biology,2.92,1,No,3,Manufacturing,Phoenix,Large,None,1.0,40.0,6,48758,68628,4.6
GRAD_004668,2018,22,Male,Hispanic,Top 10,Computer Science,2.83,4,No,2,Transportation,Denver,Fortune 500,MBA,0.0,60.0,6,142285,221888,5.1
GRAD_004669,2019,22,Female,White,Top 100,Business,3.01,1,No,2,Government,Miami,Medium,MD,3.0,20.0,5,77418,152027,3.4
GRAD_004670,2017,22,Female,White,Top 10,Communications,3.54,2,No,1,Non-profit,Portland,Small,MD,4.0,60.0,7,60014,139652,6.9
GRAD_004671,2019,25,Male,Hispanic,Top 100,Engineering,3.33,1,No,2,Transportation,Atlanta,Medium,MBA,5.0,0.0,5,78613,148884,8.8
GRAD_004672,2023,24,Female,White,Top 10,Business,2.85,1,,0,Real Estate,Atlanta,Startup,None,,0.0,1,81649,87036,5.1
GRAD_004673,2019,21,Female,Asian,Top 100,Computer Science,3.0,1,No,0,Education,Seattle,Large,None,3.0,0.0,5,96603,134889,7.4
GRAD_004674,2023,22,Male,White,Top 100,Economics,3.68,1,No,0,Media,Boston,Large,PhD,3.0,0.0,1,82198,111769,6.8
GRAD_004675,2015,23,Female,White,Top 100,Marketing,3.75,1,No,1,Energy,Los Angeles,Medium,None,2.0,60.0,9,88806,135112,5.7
GRAD_004676,2015,21,Male,White,Top 50,Engineering,2.53,1,No,0,Technology,Los Angeles,Large,None,1.0,40.0,9,156360,285508,5.4
GRAD_004677,2020,20,Other,White,Top 50,Biology,3.4,1,No,2,Non-profit,Seattle,Large,MBA,1.0,20.0,4,67510,105387,10.0
GRAD_004678,2021,24,Female,White,Top 10,Computer Science,3.6,3,No,2,Real Estate,Miami,Fortune 500,None,3.0,20.0,3,147079,163473,7.0
GRAD_004679,2017,23,Female,White,Regional,Business,3.18,1,No,1,Transportation,Dallas,Fortune 500,None,0.0,40.0,7,58179,70292,6.6
GRAD_004680,2020,22,Male,White,Regional,Chemistry,3.66,2,,0,Healthcare,Denver,Large,None,2.0,40.0,4,72271,92028,6.0
GRAD_004681,2022,24,Male,White,Regional,Data Science,3.92,1,No,0,Consulting,Portland,Medium,MBA,3.0,20.0,2,117832,169049,6.0
GRAD_004682,2022,20,Female,Black,Regional,Psychology,3.66,2,No,1,Education,Boston,Fortune 500,None,0.0,60.0,2,60084,62364,10.0
GRAD_004683,2017,22,Other,Other,Top 50,Computer Science,3.45,4,No,1,Technology,Chicago,Large,None,1.0,,7,161947,222131,8.3
GRAD_004684,2018,26,Male,White,Top 100,Finance,2.99,0,No,2,Finance,Dallas,Startup,None,2.0,80.0,6,112470,167721,6.8
GRAD_004685,2018,23,Male,Black,Top 10,Business,3.9,2,No,2,Government,Boston,Large,PhD,6.0,0.0,6,108953,197423,9.8
GRAD_004686,2021,23,Male,Hispanic,Top 100,Psychology,2.97,2,No,2,Education,San Francisco,Startup,None,5.0,20.0,3,66269,89182,3.9
GRAD_004687,2023,22,Female,White,Regional,Chemistry,3.49,2,No,0,Non-profit,Dallas,Large,None,2.0,0.0,1,45224,51928,6.1
GRAD_004688,2018,20,Female,White,Top 50,Liberal Arts,3.08,2,Yes,1,Transportation,Los Angeles,Medium,Masters,1.0,0.0,6,66807,103721,8.0
GRAD_004689,2020,21,Male,White,Regional,Business,2.94,3,No,0,Education,Philadelphia,Large,None,0.0,80.0,4,63039,71495,7.6
GRAD_004690,2023,23,Male,Asian,Top 100,Engineering,3.77,3,Yes,2,Manufacturing,Austin,Large,Masters,5.0,60.0,1,125941,165010,6.6
GRAD_004691,2016,21,Female,White,Top 50,Marketing,3.79,0,No,1,Media,Austin,Large,Masters,0.0,40.0,8,72710,120314,7.8
GRAD_004692,2021,22,Male,White,Top 100,Marketing,2.92,0,Yes,1,Non-profit,Chicago,Small,Masters,1.0,20.0,3,60781,82365,5.5
GRAD_004693,2018,22,Female,Other,Regional,Engineering,3.47,0,No,0,Retail,Dallas,Medium,None,2.0,40.0,6,66054,82503,7.7
GRAD_004694,2023,21,Male,Hispanic,Top 50,Business,3.25,1,No,1,Technology,Chicago,Fortune 500,Masters,1.0,80.0,1,112437,136534,7.6
GRAD_004695,2016,20,Male,White,Top 50,Engineering,2.89,1,No,2,Media,Austin,Large,None,5.0,0.0,8,96786,160680,6.6
GRAD_004696,2019,22,Male,White,Regional,Political Science,2.99,3,No,0,Manufacturing,Austin,Medium,None,2.0,60.0,5,79112,102585,4.6
GRAD_004697,2017,21,Female,Other,Regional,Business,3.16,2,No,0,Healthcare,Los Angeles,Large,None,,0.0,7,94302,128603,7.5
GRAD_004698,2015,22,Male,White,Top 10,Engineering,3.39,2,No,0,Manufacturing,Los Angeles,Large,JD,2.0,,9,135083,261866,9.0
GRAD_004699,2023,20,Male,White,Top 50,Mathematics,4.0,3,No,2,Technology,Dallas,Fortune 500,MBA,2.0,80.0,1,127158,172659,6.5
GRAD_004700,2020,21,Female,White,Top 50,Communications,3.66,1,No,1,Transportation,New York,Medium,Masters,0.0,40.0,4,90929,124259,8.0
GRAD_004701,2021,23,Female,Asian,Regional,Psychology,3.39,2,No,1,Non-profit,Atlanta,Startup,None,0.0,60.0,3,45140,49660,7.4
GRAD_004702,2021,26,Female,Hispanic,Top 100,Engineering,3.26,2,Yes,2,Finance,Denver,Large,None,1.0,60.0,3,124392,143203,7.0
GRAD_004703,2016,22,Female,Asian,Regional,Communications,2.73,0,No,3,Media,Atlanta,Medium,None,0.0,100.0,8,54896,86877,6.2
GRAD_004704,2017,23,Male,White,Regional,Liberal Arts,3.08,0,Yes,3,Media,Washington DC,Large,None,1.0,0.0,7,58601,90264,5.0
GRAD_004705,2021,23,Male,White,Top 50,Chemistry,3.7,0,Yes,1,Retail,Seattle,Startup,None,3.0,20.0,3,86783,106680,6.8
GRAD_004706,2022,22,Female,White,Top 100,Engineering,3.63,2,Yes,5,Healthcare,Los Angeles,Medium,None,,0.0,2,109619,120165,7.7
GRAD_004707,2020,23,Female,White,Top 100,Psychology,2.86,0,No,1,Consulting,New York,Small,None,,40.0,4,84721,103426,5.3
GRAD_004708,2020,21,Female,White,Top 10,Computer Science,3.2,1,Yes,2,Non-profit,Boston,Medium,None,3.0,,4,116451,151627,7.6
GRAD_004709,2021,21,Male,White,Regional,Engineering,2.83,0,Yes,2,Consulting,New York,Small,None,3.0,40.0,3,130401,168394,7.6
GRAD_004710,2017,22,Female,Black,Regional,Data Science,3.54,0,No,0,Finance,Seattle,Medium,None,1.0,20.0,7,130625,198853,5.1
GRAD_004711,2021,21,Male,Asian,Regional,Political Science,3.44,3,Yes,0,Finance,Los Angeles,Fortune 500,MBA,3.0,60.0,3,98602,152889,4.6
GRAD_004712,2019,23,Female,White,Regional,Political Science,2.8,1,No,1,Non-profit,Portland,Medium,None,0.0,20.0,5,42173,54068,7.3
GRAD_004713,2021,20,Male,Black,Top 100,Liberal Arts,3.51,1,,0,Healthcare,Chicago,Large,None,1.0,0.0,3,63433,79140,6.6
GRAD_004714,2018,23,Female,White,Top 100,Marketing,3.61,3,No,1,Retail,Boston,Startup,None,4.0,80.0,6,85665,118802,8.3
GRAD_004715,2016,22,Male,Other,Top 100,Economics,3.57,2,No,1,Non-profit,Denver,Medium,Masters,2.0,0.0,8,69689,129603,7.4
GRAD_004716,2015,23,Male,White,Regional,Computer Science,3.22,1,No,3,Media,Portland,Medium,None,0.0,60.0,9,90687,144577,7.0
GRAD_004717,2022,23,Male,Hispanic,Top 100,Data Science,3.51,2,Yes,0,Energy,Chicago,Medium,None,3.0,80.0,2,125040,143945,8.9
GRAD_004718,2017,24,Female,White,Top 100,Computer Science,3.64,1,No,1,Non-profit,Washington DC,Fortune 500,None,3.0,20.0,7,99594,157943,7.2
GRAD_004719,2018,22,Male,White,Regional,Liberal Arts,2.55,1,No,0,Consulting,Washington DC,Startup,None,1.0,80.0,6,85475,127444,8.3
GRAD_004720,2022,20,Male,Asian,Top 50,Data Science,3.52,1,No,1,Real Estate,New York,Startup,None,0.0,,2,156737,174430,7.2
GRAD_004721,2019,20,Female,Asian,Regional,Economics,2.65,2,Yes,0,Technology,San Francisco,Medium,Masters,2.0,60.0,5,131846,184995,6.9
GRAD_004722,2017,20,Female,Black,Top 50,Business,3.13,4,No,0,Education,Portland,Large,None,0.0,60.0,7,73521,101930,7.1
GRAD_004723,2017,23,Female,White,Regional,Finance,3.22,2,No,2,Education,San Francisco,Startup,None,0.0,,7,98788,117766,5.5
GRAD_004724,2019,20,Male,Hispanic,Top 10,Business,3.5,2,No,2,Real Estate,Dallas,Large,None,4.0,20.0,5,85126,125128,7.6
GRAD_004725,2020,22,Male,Black,Regional,Engineering,3.27,0,No,1,Finance,Seattle,Fortune 500,Masters,0.0,20.0,4,150683,216694,10.0
GRAD_004726,2019,21,Male,White,Top 100,Communications,3.55,0,,0,Government,San Francisco,Large,None,4.0,60.0,5,72431,106407,6.5
GRAD_004727,2023,23,Female,White,Top 50,Communications,3.13,4,,1,Transportation,Washington DC,Fortune 500,MBA,1.0,0.0,1,85883,107961,7.7
GRAD_004728,2015,23,Male,White,Regional,Chemistry,3.54,1,No,2,Transportation,Chicago,Large,Masters,2.0,40.0,9,72305,156986,7.3
GRAD_004729,2019,22,Female,Other,Top 50,Biology,3.47,3,Yes,2,Healthcare,Denver,Large,None,2.0,20.0,5,86477,106987,8.0
GRAD_004730,2021,23,Female,Asian,Top 100,Communications,3.38,3,No,0,Non-profit,Washington DC,Fortune 500,Masters,2.0,20.0,3,51488,73198,6.6
GRAD_004731,2023,20,Female,Black,Top 100,Data Science,3.18,3,No,0,Transportation,Philadelphia,Medium,Masters,2.0,40.0,1,108556,130671,9.1
GRAD_004732,2018,24,Female,White,Regional,Finance,3.23,2,Yes,2,Healthcare,Washington DC,Medium,None,2.0,100.0,6,98209,141209,4.7
GRAD_004733,2021,22,Female,Black,Regional,Economics,3.28,1,,2,Healthcare,Washington DC,Small,None,1.0,80.0,3,102250,110070,8.4
GRAD_004734,2020,23,Male,White,Top 10,Computer Science,3.04,0,No,2,Real Estate,Austin,Medium,PhD,2.0,80.0,4,149594,222789,6.6
GRAD_004735,2017,21,Female,White,Top 100,Business,3.28,2,No,1,Government,Chicago,Fortune 500,MBA,1.0,0.0,7,86916,143376,8.6
GRAD_004736,2021,20,Female,Asian,Regional,Computer Science,3.4,2,Yes,1,Retail,Miami,Large,None,4.0,40.0,3,71577,87204,2.2
GRAD_004737,2017,23,Male,Hispanic,Regional,Communications,3.32,1,No,2,Retail,Philadelphia,Large,None,0.0,40.0,7,50500,67627,8.6
GRAD_004738,2022,22,Other,White,Top 10,Business,2.93,2,No,4,Consulting,Los Angeles,Medium,None,,80.0,2,144455,170788,7.7
GRAD_004739,2022,24,Female,White,Top 100,Mathematics,3.21,1,Yes,0,Technology,Phoenix,Startup,None,1.0,60.0,2,96938,101452,7.1
GRAD_004740,2019,23,Male,Black,Top 50,Business,3.32,0,No,0,Non-profit,Philadelphia,Large,None,4.0,80.0,5,56601,86622,7.2
GRAD_004741,2015,26,Female,White,Top 10,Economics,3.15,1,Yes,0,Transportation,Denver,Medium,Masters,1.0,0.0,9,93070,189684,9.2
GRAD_004742,2021,24,Male,White,Regional,Liberal Arts,3.37,0,Yes,2,Transportation,Los Angeles,Fortune 500,JD,3.0,60.0,3,68834,113537,8.9
GRAD_004743,2019,22,Male,White,Regional,Marketing,3.12,1,No,2,Non-profit,Philadelphia,Small,None,1.0,80.0,5,55270,72139,10.0
GRAD_004744,2016,20,Male,White,Top 50,Computer Science,3.36,5,Yes,2,Transportation,Los Angeles,Startup,None,3.0,40.0,8,111233,162206,5.8
GRAD_004745,2018,21,Male,White,Top 100,Psychology,3.53,2,No,1,Finance,Phoenix,Fortune 500,None,5.0,40.0,6,68473,104001,5.5
GRAD_004746,2018,21,Female,Hispanic,Regional,Biology,3.18,5,Yes,0,Government,Chicago,Large,JD,0.0,80.0,6,67078,102209,9.5
GRAD_004747,2021,21,Female,White,Regional,Computer Science,3.43,1,No,2,Healthcare,New York,Small,None,2.0,20.0,3,160624,184291,7.0
GRAD_004748,2019,22,Female,Asian,Top 10,Engineering,3.72,3,,0,Technology,Phoenix,Medium,None,2.0,20.0,5,158373,210454,6.5
GRAD_004749,2020,22,Female,White,Top 10,Computer Science,3.24,2,No,1,Education,Atlanta,Fortune 500,None,3.0,60.0,4,96714,110895,8.3
GRAD_004750,2020,24,Male,White,Top 50,Business,3.52,1,No,0,Government,Denver,Medium,None,0.0,40.0,4,74791,84775,4.7
GRAD_004751,2021,21,Male,Hispanic,Top 100,Business,3.1,2,Yes,1,Media,Phoenix,Large,None,4.0,,3,57199,76838,5.9
GRAD_004752,2021,20,Male,White,Top 100,Biology,3.39,2,Yes,1,Retail,Boston,Small,PhD,1.0,0.0,3,77206,111460,6.2
GRAD_004753,2019,23,Male,Hispanic,Top 50,Business,3.18,1,No,1,Energy,Austin,Medium,Masters,3.0,,5,113321,179288,5.2
GRAD_004754,2016,24,Female,Asian,Top 100,Engineering,2.64,0,No,1,Finance,Dallas,Small,None,3.0,0.0,8,90356,126047,6.6
GRAD_004755,2019,21,Female,White,Top 100,Engineering,3.81,2,No,0,Manufacturing,Miami,Small,Masters,0.0,40.0,5,93094,126746,7.4
GRAD_004756,2016,24,Female,White,Top 50,Business,3.17,4,,0,Transportation,Dallas,Medium,None,1.0,20.0,8,79813,100791,10.0
GRAD_004757,2023,23,Male,White,Top 10,Business,3.47,3,No,1,Healthcare,Washington DC,Fortune 500,None,2.0,20.0,1,116984,129705,9.9
GRAD_004758,2023,20,Female,White,Top 10,Data Science,3.22,2,No,2,Real Estate,Boston,Medium,MBA,0.0,100.0,1,156734,202252,8.9
GRAD_004759,2019,21,Male,White,Top 100,Engineering,2.93,0,No,0,Education,Philadelphia,Small,None,5.0,20.0,5,78590,117068,7.7
GRAD_004760,2015,21,Female,White,Top 100,Engineering,3.74,0,No,0,Education,Washington DC,Large,None,,20.0,9,88086,143887,7.2
GRAD_004761,2018,25,Female,Asian,Top 50,Business,3.53,1,No,4,Education,Los Angeles,Medium,None,2.0,60.0,6,80629,109737,10.0
GRAD_004762,2023,23,Female,Hispanic,Regional,Mathematics,3.0,2,No,2,Energy,New York,Fortune 500,Masters,2.0,60.0,1,130630,160487,6.6
GRAD_004763,2018,21,Female,Asian,Top 100,Business,3.59,0,Yes,1,Manufacturing,Seattle,Startup,None,2.0,80.0,6,89000,127895,7.9
GRAD_004764,2021,21,Female,Asian,Regional,Business,3.86,1,No,4,Media,Washington DC,Medium,None,5.0,40.0,3,82970,99499,5.5
GRAD_004765,2017,20,Female,Hispanic,Top 100,Finance,3.4,1,No,2,Finance,Dallas,Medium,Masters,,100.0,7,94016,156986,6.3
GRAD_004766,2022,24,Male,Asian,Regional,Psychology,3.63,0,,1,Manufacturing,Atlanta,Large,Masters,4.0,0.0,2,55533,80403,3.7
GRAD_004767,2023,23,Male,White,Regional,Mathematics,3.77,0,Yes,1,Real Estate,Chicago,Startup,None,4.0,0.0,1,81053,95531,6.6
GRAD_004768,2020,23,Male,White,Top 100,Political Science,3.03,2,No,0,Energy,Austin,Large,None,1.0,0.0,4,81799,106724,6.9
GRAD_004769,2021,20,Female,White,Regional,Business,3.51,0,No,1,Government,Denver,Medium,None,4.0,0.0,3,61208,83699,6.5
GRAD_004770,2018,23,Male,White,Top 50,Communications,2.82,0,Yes,1,Technology,Philadelphia,Fortune 500,None,,80.0,6,91061,148452,5.5
GRAD_004771,2021,22,Male,White,Regional,Mathematics,3.27,2,No,1,Consulting,Los Angeles,Small,None,2.0,40.0,3,115757,146610,7.1
GRAD_004772,2019,21,Female,White,Regional,Computer Science,3.12,1,No,2,Healthcare,Denver,Small,None,3.0,0.0,5,108706,142063,7.6
GRAD_004773,2021,23,Female,Asian,Top 50,Business,3.14,4,No,0,Retail,Denver,Large,Masters,1.0,40.0,3,68163,86930,5.7
GRAD_004774,2023,20,Male,White,Top 50,Psychology,3.01,2,Yes,1,Healthcare,Dallas,Fortune 500,None,1.0,100.0,1,63226,68475,9.4
GRAD_004775,2022,22,Male,Hispanic,Regional,Computer Science,2.99,2,No,1,Non-profit,Boston,Large,None,5.0,40.0,2,97746,121810,8.8
GRAD_004776,2020,22,Female,White,Top 50,Business,2.91,5,No,2,Technology,Miami,Large,PhD,1.0,40.0,4,107208,162479,6.5
GRAD_004777,2023,24,Male,White,Top 100,Marketing,2.72,1,No,0,Government,Austin,Fortune 500,Masters,5.0,20.0,1,62832,92191,8.3
GRAD_004778,2020,23,Female,White,Regional,Business,3.16,1,Yes,3,Healthcare,Atlanta,Small,MD,2.0,60.0,4,71832,125601,5.9
GRAD_004779,2015,22,Female,Hispanic,Top 100,Economics,2.81,3,,0,Real Estate,New York,Startup,None,0.0,60.0,9,102609,153115,4.5
GRAD_004780,2021,22,Female,White,Top 50,Mathematics,3.04,4,No,1,Transportation,Washington DC,Large,None,1.0,0.0,3,86052,99396,5.3
GRAD_004781,2022,23,Female,Other,Top 100,Psychology,2.97,2,No,1,Technology,Denver,Small,None,1.0,40.0,2,87326,89488,4.6
GRAD_004782,2016,22,Female,Asian,Top 50,Finance,2.79,2,,0,Real Estate,New York,Small,None,1.0,100.0,8,137222,200420,5.5
GRAD_004783,2021,21,Male,White,Regional,Biology,3.41,3,Yes,0,Technology,San Francisco,Medium,None,2.0,20.0,3,104785,130382,5.5
GRAD_004784,2023,21,Male,Hispanic,Regional,Biology,3.33,1,No,1,Education,Washington DC,Fortune 500,None,1.0,0.0,1,58659,65137,6.6
GRAD_004785,2017,20,Male,Asian,Top 100,Chemistry,3.39,1,No,1,Finance,Portland,Large,None,2.0,100.0,7,84297,112011,4.8
GRAD_004786,2020,23,Female,White,Top 100,Finance,3.32,2,Yes,2,Healthcare,Philadelphia,Small,Masters,2.0,20.0,4,106610,144116,6.5
GRAD_004787,2018,23,Female,White,Regional,Computer Science,3.52,3,Yes,1,Education,Washington DC,Medium,None,2.0,0.0,6,93070,121756,7.5
GRAD_004788,2022,21,Female,White,Top 100,Communications,3.22,2,No,2,Technology,Phoenix,Large,None,2.0,0.0,2,80949,92772,6.0
GRAD_004789,2020,21,Male,Asian,Top 50,Business,3.85,1,No,1,Transportation,Denver,Large,None,1.0,0.0,4,81231,105460,7.1
GRAD_004790,2019,22,Female,Black,Top 50,Chemistry,2.83,0,Yes,0,Consulting,Atlanta,Large,Masters,2.0,60.0,5,78725,108386,6.6
GRAD_004791,2015,20,Female,White,Top 50,Psychology,2.78,2,No,1,Transportation,Boston,Medium,Masters,2.0,0.0,9,91744,157197,8.1
GRAD_004792,2023,20,Female,White,Regional,Chemistry,2.56,1,Yes,0,Consulting,Seattle,Large,None,0.0,0.0,1,91879,92759,6.2
GRAD_004793,2019,22,Male,Asian,Regional,Liberal Arts,2.65,1,No,1,Media,Dallas,Medium,Masters,1.0,40.0,5,42910,67377,5.7
GRAD_004794,2022,26,Female,White,Top 50,Mathematics,3.14,1,No,2,Retail,Austin,Startup,None,1.0,80.0,2,69369,72541,6.5
GRAD_004795,2019,23,Female,White,Regional,Chemistry,3.21,2,No,0,Non-profit,Boston,Medium,None,3.0,0.0,5,70497,88499,7.6
GRAD_004796,2022,22,Female,Asian,Top 100,Political Science,3.63,0,Yes,1,Transportation,Portland,Large,None,1.0,80.0,2,52785,57233,6.5
GRAD_004797,2016,20,Female,White,Top 50,Marketing,3.2,1,No,1,Energy,Boston,Small,Masters,3.0,0.0,8,114384,220225,10.0
GRAD_004798,2017,21,Male,White,Top 100,Engineering,3.84,1,No,0,Retail,Chicago,Fortune 500,PhD,3.0,40.0,7,96493,156265,6.1
GRAD_004799,2018,24,Male,Asian,Top 10,Data Science,3.39,3,No,0,Consulting,Chicago,Medium,None,4.0,20.0,6,174474,243171,8.5
GRAD_004800,2016,21,Female,White,Top 50,Psychology,3.48,3,No,0,Consulting,Portland,Startup,MBA,2.0,60.0,8,95398,164232,4.8
GRAD_004801,2019,22,Female,White,Top 50,Computer Science,3.61,2,,1,Finance,Portland,Medium,None,3.0,60.0,5,134366,170390,7.5
GRAD_004802,2019,23,Female,White,Regional,Engineering,3.16,1,No,2,Non-profit,Portland,Small,Masters,1.0,80.0,5,78647,112597,9.9
GRAD_004803,2016,21,Male,White,Regional,Engineering,3.89,2,No,0,Energy,San Francisco,Fortune 500,None,0.0,20.0,8,140712,221913,7.7
GRAD_004804,2019,21,Other,White,Top 100,Liberal Arts,3.44,3,No,1,Healthcare,San Francisco,Large,Masters,0.0,40.0,5,106027,147071,7.8
GRAD_004805,2017,20,Male,White,Top 50,Economics,3.88,1,No,1,Energy,Miami,Large,None,1.0,0.0,7,113703,154419,7.0
GRAD_004806,2022,20,Female,White,Top 100,Computer Science,3.66,2,No,1,Non-profit,Dallas,Startup,Masters,,,2,65215,80370,6.6
GRAD_004807,2020,23,Male,Black,Top 100,Liberal Arts,3.5,6,No,0,Transportation,Dallas,Small,Masters,4.0,,4,63996,102543,6.0
GRAD_004808,2023,21,Male,White,Top 100,Marketing,3.18,2,No,0,Healthcare,Chicago,Medium,PhD,,,1,81364,114399,5.6
GRAD_004809,2018,23,Male,Asian,Top 50,Engineering,3.27,0,No,1,Manufacturing,Los Angeles,Large,None,1.0,0.0,6,100614,124184,8.8
GRAD_004810,2018,20,Female,Asian,Top 100,Business,3.42,1,No,3,Consulting,Boston,Large,None,0.0,60.0,6,96825,109523,8.6
GRAD_004811,2018,23,Male,Asian,Top 100,Data Science,2.9,2,No,0,Transportation,Seattle,Medium,Masters,0.0,60.0,6,123568,192186,5.2
GRAD_004812,2017,22,Female,White,Regional,Computer Science,2.51,0,No,0,Media,Dallas,Medium,JD,5.0,40.0,7,83185,148132,9.2
GRAD_004813,2022,20,Female,White,Top 100,Engineering,3.16,1,Yes,3,Real Estate,Phoenix,Fortune 500,None,4.0,0.0,2,88868,104459,6.0
GRAD_004814,2018,24,Female,Asian,Top 100,Marketing,3.18,2,Yes,1,Media,Philadelphia,Fortune 500,None,2.0,60.0,6,71065,101295,4.5
GRAD_004815,2018,20,Female,Asian,Top 50,Computer Science,3.48,1,No,0,Government,Atlanta,Small,None,1.0,60.0,6,95637,120192,4.9
GRAD_004816,2015,24,Male,Black,Top 50,Liberal Arts,3.77,1,Yes,1,Healthcare,Los Angeles,Large,JD,1.0,0.0,9,77961,162318,7.7
GRAD_004817,2023,22,Male,Black,Top 100,Biology,3.3,2,No,1,Finance,Portland,Large,MD,2.0,40.0,1,89313,147949,9.0
GRAD_004818,2023,21,Male,White,Regional,Liberal Arts,2.88,1,,1,Real Estate,Portland,Startup,None,2.0,0.0,1,59903,69681,7.2
GRAD_004819,2018,25,Male,Other,Top 100,Communications,3.3,0,,1,Non-profit,San Francisco,Startup,MBA,2.0,60.0,6,53631,98077,7.7
GRAD_004820,2020,23,Male,Asian,Top 50,Liberal Arts,3.36,0,No,1,Education,Boston,Large,MBA,2.0,60.0,4,58052,91104,6.8
GRAD_004821,2019,24,Female,Black,Regional,Liberal Arts,3.22,0,Yes,2,Technology,Seattle,Medium,None,1.0,,5,80989,112788,7.0
GRAD_004822,2016,23,Male,White,Regional,Psychology,2.98,2,,0,Manufacturing,Philadelphia,Medium,MBA,7.0,80.0,8,68646,131397,9.9
GRAD_004823,2020,22,Male,Asian,Regional,Marketing,3.99,0,,1,Education,Denver,Large,Masters,0.0,60.0,4,65208,94173,8.0
GRAD_004824,2016,21,Female,White,Top 100,Psychology,3.58,1,No,2,Finance,Washington DC,Fortune 500,MBA,3.0,100.0,8,87879,171952,7.5
GRAD_004825,2019,22,Male,White,Top 50,Computer Science,3.52,1,No,1,Finance,Chicago,Medium,MBA,0.0,0.0,5,167699,254344,8.8
GRAD_004826,2016,22,Female,White,Regional,Computer Science,2.67,2,No,0,Energy,Washington DC,Large,Masters,3.0,80.0,8,133639,204893,9.2
GRAD_004827,2020,23,Female,White,Top 100,Engineering,2.87,3,No,0,Government,Boston,Small,None,1.0,80.0,4,98438,123933,9.6
GRAD_004828,2015,21,Male,White,Top 100,Biology,2.76,0,No,1,Energy,Chicago,Medium,None,2.0,20.0,9,78106,112769,7.9
GRAD_004829,2021,23,Male,Asian,Top 100,Business,3.2,0,No,1,Real Estate,New York,Startup,Masters,3.0,20.0,3,115072,170111,6.6
GRAD_004830,2021,25,Male,White,Top 100,Mathematics,3.71,2,No,0,Energy,Denver,Fortune 500,Masters,2.0,20.0,3,106596,140280,7.6
GRAD_004831,2020,22,Female,Other,Top 10,Marketing,3.23,0,No,1,Non-profit,New York,Fortune 500,Masters,2.0,20.0,4,82522,124571,7.4
GRAD_004832,2019,20,Female,Asian,Regional,Chemistry,3.19,1,No,0,Technology,Austin,Large,None,3.0,0.0,5,98206,131659,7.3
GRAD_004833,2015,22,Male,Hispanic,Regional,Communications,2.72,2,No,0,Finance,Austin,Fortune 500,None,2.0,60.0,9,91187,137014,8.8
GRAD_004834,2015,22,Female,White,Top 50,Business,3.41,1,No,0,Education,Chicago,Medium,Masters,4.0,0.0,9,75720,137137,9.0
GRAD_004835,2018,22,Male,White,Regional,Data Science,3.13,2,Yes,1,Consulting,San Francisco,Large,MD,3.0,0.0,6,163402,352140,7.9
GRAD_004836,2022,20,Female,Hispanic,Top 50,Data Science,3.69,0,,0,Real Estate,Atlanta,Startup,None,1.0,20.0,2,88364,98798,6.9
GRAD_004837,2021,22,Female,White,Top 50,Computer Science,3.02,1,No,3,Energy,Chicago,Medium,None,0.0,0.0,3,129926,150089,8.6
GRAD_004838,2016,21,Female,Other,Top 100,Mathematics,3.24,5,No,3,Manufacturing,Chicago,Large,Masters,1.0,20.0,8,79055,149209,6.3
GRAD_004839,2021,22,Male,Asian,Regional,Liberal Arts,3.09,2,Yes,1,Finance,Philadelphia,Startup,Masters,3.0,40.0,3,65799,99927,3.7
GRAD_004840,2020,23,Female,Hispanic,Top 100,Mathematics,3.17,1,Yes,1,Transportation,Phoenix,Small,Masters,4.0,60.0,4,61571,94747,6.2
GRAD_004841,2016,21,Female,White,Top 100,Mathematics,3.55,2,No,1,Technology,San Francisco,Small,None,1.0,80.0,8,150411,197545,7.0
GRAD_004842,2022,22,Female,White,Top 100,Computer Science,2.88,1,No,1,Healthcare,Miami,Fortune 500,None,4.0,0.0,2,122100,138296,6.2
GRAD_004843,2022,22,Female,White,Top 50,Business,3.23,2,No,1,Healthcare,Chicago,Startup,None,2.0,40.0,2,85216,95048,7.9
GRAD_004844,2017,22,Male,Hispanic,Regional,Data Science,3.28,1,Yes,1,Media,Miami,Medium,None,4.0,0.0,7,90875,134029,7.9
GRAD_004845,2021,21,Male,Hispanic,Regional,Computer Science,3.52,0,Yes,0,Healthcare,Austin,Small,None,2.0,20.0,3,124007,153966,7.4
GRAD_004846,2018,21,Female,Asian,Regional,Psychology,3.17,0,No,1,Manufacturing,Miami,Startup,None,2.0,100.0,6,54919,84105,6.5
GRAD_004847,2015,25,Female,Asian,Top 50,Biology,3.66,1,No,1,Education,Miami,Large,None,6.0,0.0,9,58472,122612,9.9
GRAD_004848,2022,21,Female,White,Top 100,Political Science,2.59,0,No,2,Retail,Seattle,Large,None,3.0,60.0,2,59811,72047,1.0
GRAD_004849,2022,22,Male,Black,Top 100,Business,3.46,2,No,2,Energy,Boston,Fortune 500,None,0.0,0.0,2,118356,132911,6.3
GRAD_004850,2018,22,Female,Black,Regional,Psychology,3.29,2,No,1,Transportation,Portland,Large,Masters,2.0,0.0,6,60155,101272,6.5
GRAD_004851,2020,22,Male,Asian,Top 10,Chemistry,3.64,1,No,0,Healthcare,Boston,Large,None,3.0,40.0,4,118283,161040,5.7
GRAD_004852,2020,23,Female,White,Top 50,Biology,2.94,2,No,1,Non-profit,Portland,Large,None,1.0,20.0,4,51546,59104,8.2
GRAD_004853,2017,21,Male,Hispanic,Top 100,Data Science,3.89,0,No,1,Real Estate,San Francisco,Medium,None,3.0,,7,157899,262009,6.5
GRAD_004854,2016,24,Male,Other,Regional,Business,3.78,1,No,1,Transportation,Boston,Small,None,3.0,40.0,8,88915,123958,8.2
GRAD_004855,2022,21,Male,Asian,Regional,Engineering,3.14,4,Yes,1,Transportation,New York,Small,None,2.0,,2,130643,148754,10.0
GRAD_004856,2022,22,Male,Asian,Regional,Chemistry,3.45,6,No,1,Consulting,Chicago,Fortune 500,PhD,,40.0,2,105816,148364,7.6
GRAD_004857,2021,20,Female,Hispanic,Top 50,Computer Science,2.92,3,,0,Healthcare,Washington DC,Medium,None,3.0,,3,136400,150087,5.1
GRAD_004858,2015,23,Male,Asian,Top 50,Engineering,3.52,0,No,2,Energy,Chicago,Large,None,3.0,100.0,9,111286,193730,9.6
GRAD_004859,2023,21,Male,White,Top 100,Liberal Arts,3.01,5,Yes,4,Consulting,Boston,Small,None,4.0,0.0,1,111658,130840,6.6
GRAD_004860,2023,23,Male,White,Top 100,Political Science,3.41,1,No,2,Media,Atlanta,Fortune 500,None,3.0,60.0,1,46786,57594,7.3
GRAD_004861,2022,22,Male,Asian,Top 100,Engineering,2.95,3,Yes,0,Finance,Atlanta,Large,Masters,3.0,,2,122000,169201,6.0
GRAD_004862,2018,22,Female,White,Regional,Communications,3.71,1,Yes,1,Finance,Washington DC,Fortune 500,Masters,0.0,80.0,6,86437,136525,8.3
GRAD_004863,2019,24,Female,Asian,Top 100,Computer Science,3.5,1,No,1,Non-profit,Denver,Small,None,4.0,0.0,5,82626,119297,9.9
GRAD_004864,2022,21,Male,White,Top 100,Chemistry,4.0,2,Yes,0,Media,Dallas,Small,None,0.0,20.0,2,61328,67604,6.2
GRAD_004865,2018,24,Male,White,Top 100,Business,3.36,2,No,0,Consulting,Austin,Medium,None,2.0,100.0,6,94696,127543,7.9
GRAD_004866,2016,21,Female,White,Regional,Engineering,2.77,2,No,1,Transportation,Dallas,Fortune 500,MBA,4.0,20.0,8,75867,140453,5.8
GRAD_004867,2022,23,Male,White,Top 50,Business,3.4,2,No,2,Technology,Miami,Large,MBA,0.0,60.0,2,104854,149026,7.8
GRAD_004868,2017,22,Male,White,Top 100,Communications,4.0,1,No,1,Manufacturing,Boston,Large,Masters,2.0,0.0,7,68662,114082,6.9
GRAD_004869,2023,23,Female,White,Top 50,Mathematics,3.22,1,Yes,0,Government,San Francisco,Fortune 500,MD,2.0,0.0,1,105942,170752,8.1
GRAD_004870,2020,20,Female,White,Top 100,Political Science,3.47,1,No,2,Government,Atlanta,Small,JD,0.0,40.0,4,57884,86527,4.9
GRAD_004871,2020,22,Male,White,Regional,Biology,3.52,1,Yes,1,Manufacturing,San Francisco,Fortune 500,JD,0.0,40.0,4,78559,131736,5.9
GRAD_004872,2022,22,Male,Asian,Regional,Chemistry,2.86,2,No,2,Technology,New York,Large,None,3.0,60.0,2,127948,148558,10.0
GRAD_004873,2015,23,Female,Asian,Top 50,Psychology,3.39,1,No,2,Real Estate,Phoenix,Large,Masters,2.0,0.0,9,68346,105640,6.1
GRAD_004874,2021,23,Male,White,Top 50,Business,3.55,2,No,1,Retail,Dallas,Fortune 500,JD,4.0,40.0,3,75471,122358,5.3
GRAD_004875,2020,21,Female,White,Top 10,Business,3.55,1,No,0,Media,Dallas,Medium,MBA,2.0,20.0,4,69906,106049,7.1
GRAD_004876,2020,24,Male,White,Regional,Economics,3.16,0,No,1,Healthcare,Austin,Small,PhD,2.0,60.0,4,101492,163709,9.6
GRAD_004877,2017,22,Female,White,Top 100,Economics,2.97,3,No,0,Manufacturing,Phoenix,Large,Masters,3.0,0.0,7,81962,135113,9.3
GRAD_004878,2022,23,Male,Other,Top 100,Engineering,3.04,0,Yes,3,Consulting,Austin,Startup,None,3.0,20.0,2,111012,130713,6.8
GRAD_004879,2017,20,Male,Black,Top 50,Biology,3.21,2,Yes,1,Consulting,San Francisco,Large,MBA,1.0,40.0,7,132931,263019,6.6
GRAD_004880,2019,21,Female,White,Top 100,Marketing,3.34,0,Yes,1,Healthcare,New York,Large,None,0.0,0.0,5,100596,114560,8.6
GRAD_004881,2016,24,Male,White,Top 100,Data Science,2.83,4,No,1,Technology,Austin,Large,MD,,40.0,8,134562,272492,7.3
GRAD_004882,2023,24,Male,Black,Regional,Psychology,3.67,0,No,1,Healthcare,Washington DC,Medium,Masters,2.0,0.0,1,71295,92174,4.2
GRAD_004883,2017,23,Female,White,Regional,Engineering,3.61,2,No,2,Energy,Boston,Small,None,2.0,20.0,7,133388,188924,6.4
GRAD_004884,2022,22,Male,White,Top 100,Engineering,4.0,1,No,1,Manufacturing,San Francisco,Small,MBA,1.0,0.0,2,147091,211021,7.4
GRAD_004885,2017,20,Male,White,Regional,Communications,3.4,3,No,0,Government,Miami,Medium,None,0.0,,7,55164,84847,6.7
GRAD_004886,2017,23,Male,Black,Top 100,Computer Science,3.24,0,No,1,Manufacturing,Atlanta,Fortune 500,None,2.0,,7,100546,130729,7.5
GRAD_004887,2019,22,Male,White,Regional,Biology,2.77,2,No,3,Education,Seattle,Fortune 500,PhD,1.0,40.0,5,61596,97692,6.0
GRAD_004888,2022,20,Female,White,Regional,Political Science,2.77,3,Yes,1,Non-profit,Los Angeles,Medium,Masters,2.0,,2,59622,79843,6.8
GRAD_004889,2021,20,Female,Hispanic,Top 10,Computer Science,2.93,0,No,1,Real Estate,Chicago,Large,None,2.0,60.0,3,120250,142663,7.7
GRAD_004890,2022,23,Male,Asian,Regional,Mathematics,2.85,2,Yes,0,Technology,Boston,Medium,Masters,1.0,20.0,2,133310,174206,7.8
GRAD_004891,2015,21,Female,Asian,Top 50,Communications,3.13,1,No,1,Media,Seattle,Medium,None,5.0,0.0,9,72001,135243,3.8
GRAD_004892,2023,20,Male,Black,Top 100,Business,3.04,2,No,2,Finance,New York,Large,None,3.0,20.0,1,120165,135317,4.7
GRAD_004893,2015,22,Female,White,Top 50,Business,3.69,0,No,0,Non-profit,San Francisco,Medium,None,,,9,76562,108616,8.0
GRAD_004894,2021,23,Male,White,Regional,Communications,3.49,1,No,2,Non-profit,Washington DC,Small,None,3.0,80.0,3,49263,65202,7.1
GRAD_004895,2017,24,Female,White,Regional,Marketing,3.52,4,No,1,Energy,Miami,Medium,Masters,1.0,60.0,7,82778,133651,7.4
GRAD_004896,2022,21,Female,Asian,Top 50,Liberal Arts,2.74,2,No,0,Real Estate,Washington DC,Large,Masters,3.0,40.0,2,87807,114030,7.2
GRAD_004897,2022,23,Male,White,Top 100,Economics,3.31,0,No,1,Healthcare,Atlanta,Large,None,3.0,0.0,2,71635,85919,4.5
GRAD_004898,2020,20,Male,Asian,Top 100,Data Science,2.72,1,No,1,Finance,Seattle,Medium,None,1.0,0.0,4,149661,176812,8.0
GRAD_004899,2019,21,Male,Asian,Top 50,Engineering,3.51,1,Yes,0,Transportation,Chicago,Medium,None,1.0,60.0,5,87638,110412,6.8
GRAD_004900,2022,22,Female,White,Top 100,Business,3.04,1,Yes,3,Consulting,New York,Large,MBA,1.0,60.0,2,119235,167551,8.0
GRAD_004901,2022,22,Male,Asian,Top 100,Political Science,2.84,0,No,2,Non-profit,Denver,Medium,MBA,2.0,0.0,2,47642,70882,5.0
GRAD_004902,2021,20,Female,Asian,Regional,Chemistry,3.15,2,,0,Media,Philadelphia,Medium,Masters,5.0,0.0,3,59131,90698,6.3
GRAD_004903,2023,23,Female,Other,Regional,Mathematics,3.08,0,No,0,Government,Miami,Large,Masters,5.0,0.0,1,63817,89147,2.3
GRAD_004904,2021,23,Male,Black,Top 10,Psychology,3.56,0,No,0,Finance,Chicago,Medium,None,3.0,20.0,3,102679,133636,7.5
GRAD_004905,2021,26,Female,White,Top 100,Psychology,3.11,1,No,0,Real Estate,Los Angeles,Large,Masters,2.0,40.0,3,87003,113698,6.2
GRAD_004906,2020,22,Female,Asian,Top 100,Finance,3.31,1,No,1,Real Estate,San Francisco,Fortune 500,Masters,3.0,0.0,4,118718,158384,9.6
GRAD_004907,2019,22,Female,White,Top 100,Chemistry,2.98,0,No,0,Technology,Washington DC,Fortune 500,MBA,1.0,0.0,5,86977,136692,5.6
GRAD_004908,2021,22,Male,White,Regional,Business,3.11,4,No,1,Transportation,Austin,Fortune 500,None,0.0,40.0,3,78808,95120,7.1
GRAD_004909,2020,20,Male,White,Regional,Engineering,2.95,3,No,3,Technology,New York,Large,None,1.0,0.0,4,157116,203312,5.6
GRAD_004910,2021,20,Male,Other,Regional,Computer Science,3.17,4,No,0,Finance,Atlanta,Large,Masters,4.0,40.0,3,137871,198933,2.8
GRAD_004911,2023,22,Female,White,Top 100,Engineering,3.48,4,No,0,Education,Miami,Fortune 500,None,0.0,0.0,1,77241,77794,7.0
GRAD_004912,2018,20,Male,Hispanic,Top 10,Political Science,3.41,2,No,3,Energy,Boston,Fortune 500,None,2.0,0.0,6,108569,168110,5.9
GRAD_004913,2019,20,Female,White,Top 100,Psychology,3.76,0,Yes,0,Finance,Washington DC,Fortune 500,None,3.0,20.0,5,107224,137212,9.3
GRAD_004914,2015,21,Male,Asian,Regional,Economics,2.83,1,No,1,Energy,Los Angeles,Large,None,2.0,60.0,9,97307,151633,8.1
GRAD_004915,2020,24,Female,Asian,Top 50,Finance,3.25,3,No,0,Transportation,Chicago,Fortune 500,Masters,1.0,0.0,4,94641,137821,6.0
GRAD_004916,2016,22,Female,White,Regional,Business,3.1,2,No,1,Manufacturing,New York,Small,None,2.0,20.0,8,87074,129008,8.4
GRAD_004917,2021,20,Male,Other,Regional,Liberal Arts,3.33,0,No,1,Healthcare,Portland,Fortune 500,None,3.0,0.0,3,67321,83897,6.1
GRAD_004918,2022,22,Male,Hispanic,Top 100,Engineering,3.34,1,No,0,Transportation,Los Angeles,Medium,Masters,1.0,80.0,2,102958,135279,9.4
GRAD_004919,2021,23,Female,White,Regional,Liberal Arts,2.98,1,No,0,Healthcare,Phoenix,Small,None,3.0,20.0,3,57327,69523,6.0
GRAD_004920,2020,23,Other,Asian,Regional,Engineering,3.4,2,No,0,Energy,Denver,Large,None,1.0,20.0,4,119738,157207,3.3
GRAD_004921,2020,24,Male,White,Top 100,Business,3.25,0,No,1,Healthcare,San Francisco,Large,None,4.0,40.0,4,124817,153456,9.2
GRAD_004922,2021,24,Male,White,Top 50,Engineering,3.77,1,No,3,Media,New York,Small,None,0.0,0.0,3,139767,153682,5.1
GRAD_004923,2020,23,Female,White,Top 50,Business,2.8,3,No,1,Retail,Atlanta,Small,None,3.0,80.0,4,77472,91463,6.6
GRAD_004924,2022,23,Female,White,Regional,Marketing,3.1,3,No,0,Education,Washington DC,Medium,MBA,1.0,60.0,2,72022,99258,6.1
GRAD_004925,2023,22,Female,White,Regional,Business,3.76,2,No,2,Real Estate,Seattle,Fortune 500,None,2.0,0.0,1,120214,131356,8.3
GRAD_004926,2020,23,Male,Asian,Regional,Economics,3.37,1,Yes,0,Healthcare,Chicago,Large,None,1.0,60.0,4,96425,128376,7.2
GRAD_004927,2016,21,Male,Hispanic,Top 100,Data Science,2.98,2,No,0,Government,Philadelphia,Small,MD,,60.0,8,105430,227691,10.0
GRAD_004928,2016,22,Female,White,Regional,Communications,3.28,0,Yes,0,Transportation,Atlanta,Small,None,4.0,40.0,8,48596,86167,5.4
GRAD_004929,2018,21,Male,Hispanic,Regional,Finance,2.63,0,No,0,Manufacturing,Miami,Startup,Masters,1.0,60.0,6,85416,122371,7.4
GRAD_004930,2019,23,Male,Asian,Top 100,Psychology,3.52,2,No,1,Energy,Chicago,Startup,None,4.0,0.0,5,69609,97952,6.1
GRAD_004931,2017,22,Female,White,Regional,Computer Science,3.0,2,No,0,Non-profit,New York,Medium,None,2.0,40.0,7,91653,137705,8.9
GRAD_004932,2019,24,Male,Hispanic,Top 50,Chemistry,3.31,0,No,1,Government,New York,Small,None,0.0,0.0,5,87863,103876,7.8
GRAD_004933,2016,22,Male,Asian,Regional,Biology,3.36,4,No,2,Non-profit,Miami,Small,MD,,100.0,8,51659,134324,7.5
GRAD_004934,2017,24,Male,Other,Top 50,Biology,3.2,1,,1,Education,New York,Large,None,3.0,0.0,7,88126,123716,6.2
GRAD_004935,2021,20,Male,White,Regional,Computer Science,2.4,1,No,0,Manufacturing,Chicago,Small,MBA,1.0,0.0,3,89965,137245,8.1
GRAD_004936,2023,21,Male,Other,Top 50,Political Science,3.19,1,No,2,Energy,San Francisco,Medium,None,2.0,20.0,1,113766,126150,6.5
GRAD_004937,2017,23,Male,Asian,Top 100,Psychology,2.42,0,No,1,Education,Atlanta,Small,Masters,2.0,40.0,7,41914,82139,4.5
GRAD_004938,2018,22,Female,White,Regional,Biology,3.85,1,No,1,Retail,Seattle,Large,Masters,2.0,40.0,6,66589,112667,6.2
GRAD_004939,2018,24,Female,Black,Top 50,Liberal Arts,3.19,2,No,0,Real Estate,Philadelphia,Large,None,2.0,0.0,6,76213,107505,5.5
GRAD_004940,2017,22,Male,White,Regional,Engineering,2.98,1,No,1,Government,Phoenix,Small,None,,0.0,7,77976,109923,6.8
GRAD_004941,2017,21,Female,White,Regional,Engineering,2.57,0,No,0,Real Estate,Austin,Large,Masters,2.0,,7,112683,187802,6.6
GRAD_004942,2016,25,Female,White,Top 50,Chemistry,3.51,1,Yes,0,Manufacturing,Seattle,Large,None,,20.0,8,95525,152544,7.4
GRAD_004943,2023,21,Female,Asian,Regional,Business,3.45,0,No,1,Technology,San Francisco,Medium,Masters,0.0,40.0,1,142363,166930,7.6
GRAD_004944,2021,21,Female,White,Top 10,Marketing,3.23,1,No,1,Energy,Atlanta,Large,None,0.0,40.0,3,89285,100679,5.1
GRAD_004945,2018,23,Female,Other,Top 10,Liberal Arts,3.28,0,No,0,Non-profit,Phoenix,Medium,MD,1.0,80.0,6,54233,113180,10.0
GRAD_004946,2017,21,Female,White,Top 100,Political Science,3.01,0,No,1,Media,Seattle,Medium,None,2.0,60.0,7,69619,95657,5.2
GRAD_004947,2020,20,Male,Black,Top 50,Liberal Arts,3.02,3,No,1,Media,Washington DC,Small,None,4.0,60.0,4,75368,99741,5.2
GRAD_004948,2021,21,Female,Asian,Regional,Business,3.72,3,No,0,Non-profit,Austin,Small,None,3.0,0.0,3,68598,86871,7.3
GRAD_004949,2017,23,Female,Hispanic,Top 100,Business,3.16,2,No,2,Energy,Dallas,Large,Masters,4.0,20.0,7,74726,138920,5.7
GRAD_004950,2018,25,Female,White,Regional,Business,3.42,2,No,2,Media,New York,Small,None,4.0,40.0,6,99161,139704,10.0
GRAD_004951,2018,22,Female,White,Regional,Computer Science,3.16,4,No,2,Real Estate,New York,Large,None,1.0,40.0,6,165826,222317,7.8
GRAD_004952,2016,21,Male,White,Top 50,Liberal Arts,3.23,1,No,0,Real Estate,Miami,Small,None,2.0,0.0,8,74543,126625,6.2
GRAD_004953,2019,24,Male,White,Regional,Business,4.0,1,No,0,Retail,Miami,Large,None,,20.0,5,64777,79734,6.6
GRAD_004954,2020,21,Female,White,Regional,Economics,3.77,1,No,2,Non-profit,San Francisco,Large,Masters,3.0,80.0,4,92001,131518,8.6
GRAD_004955,2021,21,Male,Black,Top 10,Business,3.54,1,Yes,1,Retail,Dallas,Large,None,5.0,,3,85405,108832,5.4
GRAD_004956,2019,23,Male,White,Top 100,Psychology,3.27,1,No,0,Real Estate,Dallas,Small,PhD,2.0,60.0,5,56233,91629,7.9
GRAD_004957,2023,24,Male,White,Regional,Biology,3.58,0,No,0,Government,San Francisco,Small,MBA,1.0,0.0,1,91345,124899,7.1
GRAD_004958,2021,22,Female,White,Regional,Economics,2.68,1,,0,Non-profit,Atlanta,Fortune 500,MBA,2.0,40.0,3,53792,79882,4.8
GRAD_004959,2023,21,Male,White,Regional,Economics,3.27,3,Yes,0,Finance,Chicago,Fortune 500,None,1.0,20.0,1,114561,121681,7.1
GRAD_004960,2023,25,Female,Hispanic,Regional,Engineering,3.04,2,Yes,0,Education,Los Angeles,Large,MBA,1.0,0.0,1,93645,116085,7.0
GRAD_004961,2022,21,Male,White,Top 100,Biology,3.54,2,No,1,Education,New York,Fortune 500,None,3.0,100.0,2,65713,79040,5.8
GRAD_004962,2017,21,Female,Asian,Top 100,Finance,3.58,2,Yes,1,Energy,Denver,Small,JD,2.0,40.0,7,92588,179063,6.3
GRAD_004963,2019,21,Male,White,Top 50,Finance,3.7,1,No,1,Technology,Austin,Fortune 500,Masters,3.0,20.0,5,147888,234287,7.1
GRAD_004964,2015,23,Female,Hispanic,Top 100,Computer Science,3.27,2,Yes,4,Energy,Austin,Fortune 500,Masters,1.0,20.0,9,148106,292073,6.3
GRAD_004965,2019,21,Male,White,Regional,Data Science,3.27,1,Yes,1,Transportation,Phoenix,Large,None,3.0,20.0,5,78315,112961,7.0
GRAD_004966,2018,23,Female,Asian,Top 10,Liberal Arts,3.51,1,No,0,Retail,Los Angeles,Fortune 500,JD,2.0,20.0,6,66285,109634,5.5
GRAD_004967,2016,22,Male,Asian,Top 50,Business,3.75,6,Yes,1,Finance,Portland,Large,Masters,2.0,60.0,8,151176,268590,6.3
GRAD_004968,2022,22,Male,White,Regional,Data Science,2.8,3,Yes,1,Retail,Chicago,Medium,None,1.0,40.0,2,87205,101524,5.2
GRAD_004969,2021,21,Female,White,Regional,Computer Science,3.24,1,Yes,1,Non-profit,Boston,Medium,None,1.0,20.0,3,97373,110358,7.0
GRAD_004970,2023,22,Other,White,Top 50,Data Science,2.5,0,No,2,Consulting,Atlanta,Small,MBA,4.0,40.0,1,118028,164949,5.8
GRAD_004971,2019,23,Male,Black,Regional,Liberal Arts,3.64,0,Yes,0,Media,New York,Large,MBA,0.0,60.0,5,63202,95909,6.0
GRAD_004972,2018,22,Female,Hispanic,Top 50,Engineering,3.05,1,,0,Media,Miami,Medium,None,1.0,0.0,6,79698,93699,3.3
GRAD_004973,2017,22,Male,White,Regional,Political Science,3.45,1,No,1,Government,Dallas,Startup,None,2.0,60.0,7,45805,65255,5.3
GRAD_004974,2019,21,Female,Hispanic,Top 50,Business,2.83,1,No,1,Education,Miami,Medium,None,1.0,0.0,5,58647,82723,5.3
GRAD_004975,2018,21,Male,White,Top 100,Computer Science,3.27,2,Yes,1,Technology,Phoenix,Large,None,2.0,,6,133750,206154,9.0
GRAD_004976,2023,22,Female,White,Regional,Chemistry,3.12,1,No,3,Government,New York,Startup,MBA,3.0,60.0,1,73736,102580,8.4
GRAD_004977,2017,22,Male,Hispanic,Regional,Political Science,3.03,2,No,2,Technology,Seattle,Large,None,2.0,0.0,7,110126,172307,4.4
GRAD_004978,2015,22,Male,White,Regional,Engineering,3.64,0,No,0,Finance,Chicago,Large,None,2.0,100.0,9,122268,168098,6.6
GRAD_004979,2016,21,Female,White,Regional,Business,2.99,2,Yes,1,Education,Portland,Small,MBA,4.0,20.0,8,60217,114221,7.3
GRAD_004980,2023,22,Female,White,Top 50,Computer Science,3.72,0,No,3,Non-profit,Los Angeles,Medium,Masters,3.0,80.0,1,100715,124945,6.9
GRAD_004981,2021,22,Female,Hispanic,Regional,Engineering,3.85,1,No,1,Government,Washington DC,Medium,None,4.0,20.0,3,93214,111647,7.0
GRAD_004982,2022,22,Male,Asian,Top 10,Mathematics,3.12,3,No,1,Technology,Phoenix,Medium,Masters,2.0,,2,100759,132781,6.7
GRAD_004983,2018,21,Female,White,Regional,Engineering,3.89,0,No,2,Education,Miami,Small,None,2.0,100.0,6,84427,110833,9.4
GRAD_004984,2021,23,Male,White,Top 100,Biology,3.62,3,No,2,Energy,Philadelphia,Large,MBA,2.0,60.0,3,75193,113489,9.3
GRAD_004985,2021,22,Male,White,Top 100,Chemistry,4.0,1,No,0,Retail,Denver,Startup,None,3.0,0.0,3,67495,86862,6.1
GRAD_004986,2018,21,Female,White,Regional,Communications,3.93,0,No,0,Consulting,Washington DC,Fortune 500,JD,2.0,0.0,6,94530,156909,6.4
GRAD_004987,2021,22,Male,Hispanic,Top 10,Biology,3.37,1,No,0,Non-profit,Portland,Medium,Masters,1.0,0.0,3,61192,83278,6.4
GRAD_004988,2021,21,Male,White,Regional,Marketing,3.67,1,No,1,Energy,Dallas,Fortune 500,None,2.0,40.0,3,80928,100601,9.0
GRAD_004989,2018,22,Male,Asian,Top 50,Mathematics,3.22,1,Yes,0,Media,Boston,Fortune 500,None,4.0,80.0,6,88570,133533,9.1
GRAD_004990,2015,24,Female,Black,Regional,Engineering,3.77,4,No,2,Manufacturing,Phoenix,Startup,None,1.0,0.0,9,94058,121422,7.6
GRAD_004991,2017,22,Female,White,Top 100,Marketing,2.9,0,No,2,Real Estate,Los Angeles,Medium,None,1.0,40.0,7,81519,102181,6.3
GRAD_004992,2020,22,Female,White,Regional,Engineering,3.15,2,No,1,Education,Portland,Medium,Masters,3.0,80.0,4,67899,99887,8.2
GRAD_004993,2020,24,Male,White,Regional,Engineering,3.06,1,No,1,Real Estate,New York,Large,Masters,3.0,20.0,4,116510,182903,6.9
GRAD_004994,2020,22,Female,Hispanic,Regional,Data Science,3.17,2,No,3,Non-profit,Seattle,Startup,JD,1.0,40.0,4,83671,132564,7.8
GRAD_004995,2017,23,Female,White,Top 50,Economics,3.18,3,No,1,Retail,Seattle,Small,None,2.0,40.0,7,87097,111289,5.2
GRAD_004996,2019,22,Male,White,Regional,Engineering,3.3,3,Yes,3,Media,Austin,Startup,None,4.0,0.0,5,97573,148206,7.1
GRAD_004997,2016,21,Male,White,Regional,Business,3.53,2,No,0,Transportation,Chicago,Medium,None,4.0,60.0,8,82018,121739,6.1
GRAD_004998,2021,23,Female,White,Regional,Engineering,3.34,4,No,2,Technology,Phoenix,Medium,None,2.0,0.0,3,94429,104846,7.0
GRAD_004999,2022,25,Female,Black,Top 50,Marketing,3.46,1,No,0,Technology,San Francisco,Medium,MBA,6.0,20.0,2,123583,177005,5.5
GRAD_005000,2019,20,Male,White,Regional,Biology,2.96,2,No,1,Government,Portland,Large,MBA,0.0,40.0,5,67091,100320,7.0
GRAD_005001,2017,21,Male,White,Regional,Data Science,3.07,1,No,1,Non-profit,Atlanta,Large,None,3.0,60.0,7,67054,104893,8.8
GRAD_005002,2022,21,Female,Asian,Top 100,Business,3.15,0,No,0,Finance,Washington DC,Medium,None,1.0,20.0,2,115751,120595,7.4
GRAD_005003,2018,21,Male,Asian,Top 100,Liberal Arts,3.26,2,No,1,Healthcare,Portland,Small,None,1.0,60.0,6,77887,96804,5.4
GRAD_005004,2020,24,Male,Asian,Regional,Psychology,3.74,3,No,0,Consulting,Dallas,Small,None,1.0,80.0,4,74369,87731,5.9
GRAD_005005,2015,22,Female,White,Top 10,Economics,3.33,0,No,0,Technology,Phoenix,Startup,MBA,5.0,0.0,9,115991,215704,7.6
GRAD_005006,2021,23,Female,White,Top 100,Liberal Arts,3.04,2,No,1,Energy,Los Angeles,Large,None,0.0,60.0,3,77438,87637,5.9
GRAD_005007,2019,21,Male,White,Regional,Business,3.51,1,No,1,Media,Austin,Medium,None,2.0,,5,67416,84973,3.6
GRAD_005008,2019,21,Male,Asian,Top 50,Mathematics,3.33,0,Yes,0,Media,Denver,Large,None,0.0,40.0,5,80967,101156,8.4
GRAD_005009,2023,20,Male,White,Top 100,Biology,3.22,1,Yes,1,Energy,New York,Medium,None,0.0,20.0,1,114786,119502,7.6
GRAD_005010,2019,24,Male,Hispanic,Top 100,Liberal Arts,3.78,1,Yes,1,Media,Miami,Medium,None,2.0,60.0,5,63785,91214,5.8
GRAD_005011,2015,23,Female,Asian,Top 50,Marketing,3.57,1,No,0,Technology,Austin,Large,PhD,3.0,0.0,9,94344,179873,6.9
GRAD_005012,2023,20,Male,White,Top 100,Data Science,3.28,1,No,1,Government,Portland,Large,None,,0.0,1,96591,110238,6.9
GRAD_005013,2015,24,Female,White,Regional,Computer Science,3.26,0,,1,Retail,Austin,Large,None,0.0,60.0,9,83997,112327,7.8
GRAD_005014,2020,22,Male,White,Top 10,Business,3.19,1,No,2,Media,Chicago,Large,Masters,2.0,20.0,4,88603,129965,6.4
GRAD_005015,2021,23,Male,Asian,Top 50,Communications,2.82,1,No,0,Non-profit,Phoenix,Small,None,1.0,20.0,3,40422,48071,6.7
GRAD_005016,2023,22,Female,Black,Regional,Liberal Arts,3.2,3,No,0,Media,Seattle,Small,None,3.0,100.0,1,68521,77098,6.3
GRAD_005017,2021,20,Female,White,Top 50,Economics,3.3,0,Yes,0,Real Estate,Los Angeles,Medium,PhD,,40.0,3,94367,121993,7.0
GRAD_005018,2022,21,Male,Hispanic,Top 50,Biology,2.84,1,Yes,2,Retail,Seattle,Fortune 500,None,3.0,20.0,2,79529,97653,6.3
GRAD_005019,2022,24,Female,Asian,Top 100,Chemistry,2.91,1,No,0,Real Estate,New York,Startup,None,1.0,40.0,2,100687,111397,7.5
GRAD_005020,2017,23,Female,White,Regional,Biology,4.0,3,No,0,Consulting,Portland,Startup,Masters,4.0,40.0,7,86495,150435,7.6
GRAD_005021,2021,20,Male,Asian,Top 100,Computer Science,3.87,2,Yes,0,Transportation,Miami,Medium,Masters,,,3,109754,155748,8.7
GRAD_005022,2021,22,Male,Hispanic,Top 100,Engineering,3.04,2,No,1,Media,New York,Fortune 500,JD,1.0,80.0,3,110506,167962,6.8
GRAD_005023,2017,22,Male,White,Regional,Business,3.04,1,No,1,Transportation,Portland,Medium,None,2.0,0.0,7,80501,127519,5.4
GRAD_005024,2016,24,Male,Black,Regional,Business,3.49,4,No,2,Energy,Phoenix,Large,None,4.0,40.0,8,80597,118707,6.1
GRAD_005025,2022,22,Male,Asian,Regional,Political Science,3.15,1,No,2,Non-profit,Washington DC,Medium,None,1.0,60.0,2,47459,53861,4.8
GRAD_005026,2023,21,Male,White,Regional,Finance,3.33,0,No,1,Real Estate,Portland,Medium,None,4.0,0.0,1,76104,92494,3.1
GRAD_005027,2021,23,Female,White,Top 100,Computer Science,3.28,2,Yes,2,Finance,Boston,Small,None,4.0,0.0,3,157720,196238,7.2
GRAD_005028,2021,24,Other,Hispanic,Top 100,Engineering,3.13,1,No,1,Technology,Chicago,Large,None,,0.0,3,138904,168337,7.5
GRAD_005029,2016,23,Female,Asian,Regional,Liberal Arts,2.78,1,No,0,Transportation,San Francisco,Fortune 500,None,6.0,80.0,8,68542,104315,9.4
GRAD_005030,2017,23,Male,Asian,Regional,Business,3.01,0,No,0,Healthcare,San Francisco,Medium,None,0.0,60.0,7,96364,129112,5.8
GRAD_005031,2020,20,Male,White,Regional,Biology,3.16,1,No,3,Education,Boston,Large,None,0.0,20.0,4,60646,75348,4.5
GRAD_005032,2015,20,Female,White,Top 50,Engineering,3.08,4,No,2,Healthcare,Atlanta,Fortune 500,None,3.0,40.0,9,118973,185068,5.8
GRAD_005033,2021,20,Male,White,Top 100,Computer Science,2.86,4,Yes,2,Energy,Austin,Medium,None,0.0,80.0,3,137719,158403,5.8
GRAD_005034,2016,24,Male,White,Top 10,Political Science,3.88,2,Yes,0,Consulting,Dallas,Medium,None,1.0,0.0,8,103234,143685,3.2
GRAD_005035,2019,21,Female,Asian,Top 100,Psychology,3.47,2,Yes,0,Non-profit,Los Angeles,Small,None,3.0,60.0,5,58779,77248,5.8
GRAD_005036,2018,23,Male,White,Top 10,Business,3.22,4,No,1,Healthcare,New York,Medium,None,1.0,,6,153398,230865,8.3
GRAD_005037,2016,21,Female,White,Top 50,Business,3.52,5,Yes,0,Healthcare,Phoenix,Small,None,1.0,20.0,8,84459,114497,6.1
GRAD_005038,2020,22,Female,Asian,Top 50,Chemistry,3.21,0,No,2,Transportation,San Francisco,Medium,None,4.0,20.0,4,100044,121710,6.4
GRAD_005039,2018,21,Male,White,Regional,Engineering,4.0,2,Yes,0,Education,Boston,Fortune 500,Masters,2.0,40.0,6,103957,160253,7.9
GRAD_005040,2015,22,Female,Asian,Top 50,Engineering,4.0,2,No,1,Healthcare,Portland,Medium,None,2.0,0.0,9,144336,198998,6.7
GRAD_005041,2019,20,Other,Hispanic,Regional,Biology,3.89,1,No,0,Media,Washington DC,Large,None,0.0,40.0,5,66511,78448,3.6
GRAD_005042,2020,22,Female,White,Top 100,Marketing,3.65,1,Yes,0,Media,Philadelphia,Fortune 500,Masters,,20.0,4,60943,83505,7.2
GRAD_005043,2016,21,Female,White,Top 50,Psychology,3.17,4,No,0,Consulting,Atlanta,Fortune 500,Masters,1.0,0.0,8,88914,144601,7.9
GRAD_005044,2020,20,Male,White,Regional,Economics,2.63,1,No,1,Technology,Los Angeles,Medium,None,5.0,0.0,4,132062,165047,9.1
GRAD_005045,2018,23,Female,White,Top 10,Political Science,3.77,3,No,1,Real Estate,Austin,Large,None,2.0,60.0,6,114199,132827,5.5
GRAD_005046,2017,23,Male,White,Top 50,Computer Science,3.13,1,No,1,Manufacturing,Los Angeles,Small,None,7.0,0.0,7,122718,209466,8.9
GRAD_005047,2022,21,Male,Asian,Top 50,Business,3.31,4,Yes,1,Technology,Philadelphia,Large,Masters,2.0,0.0,2,110223,149627,6.5
GRAD_005048,2019,20,Female,White,Regional,Psychology,3.45,1,Yes,0,Manufacturing,Denver,Startup,None,2.0,0.0,5,55816,77949,3.7
GRAD_005049,2018,25,Male,Black,Top 100,Business,3.51,0,Yes,1,Retail,Denver,Large,None,3.0,60.0,6,56665,77725,4.4
GRAD_005050,2022,22,Female,Hispanic,Regional,Business,3.42,3,No,0,Government,Seattle,Medium,Masters,1.0,100.0,2,101993,125797,8.5
GRAD_005051,2023,20,Female,Other,Top 10,Business,3.03,2,No,2,Technology,Atlanta,Large,None,2.0,20.0,1,118427,125635,5.5
GRAD_005052,2018,21,Male,White,Regional,Business,3.24,5,No,0,Finance,Portland,Startup,None,1.0,80.0,6,100763,126713,5.9
GRAD_005053,2015,21,Male,White,Regional,Chemistry,3.19,0,No,2,Finance,Phoenix,Medium,None,1.0,80.0,9,72772,105114,8.4
GRAD_005054,2020,21,Male,Other,Top 100,Biology,3.68,1,No,0,Technology,Boston,Large,None,4.0,40.0,4,98639,139022,8.5
GRAD_005055,2021,24,Female,Other,Top 50,Computer Science,3.18,1,No,2,Non-profit,Dallas,Small,None,4.0,80.0,3,84697,109735,10.0
GRAD_005056,2020,22,Female,White,Top 50,Engineering,3.21,2,Yes,3,Manufacturing,Phoenix,Medium,None,4.0,0.0,4,90884,116450,6.7
GRAD_005057,2021,23,Female,Asian,Top 50,Business,3.33,1,No,2,Education,Miami,Startup,MBA,1.0,60.0,3,75339,104815,7.9
GRAD_005058,2021,22,Male,White,Regional,Engineering,3.2,3,No,0,Manufacturing,Denver,Startup,None,1.0,0.0,3,99197,112877,6.4
GRAD_005059,2023,23,Female,Black,Top 100,Psychology,3.3,1,,0,Healthcare,Chicago,Small,None,2.0,20.0,1,75484,82441,6.0
GRAD_005060,2022,21,Male,White,Top 10,Psychology,2.93,0,No,1,Non-profit,New York,Fortune 500,None,0.0,60.0,2,79847,90782,5.8
GRAD_005061,2016,22,Male,Asian,Top 100,Data Science,2.91,1,No,0,Manufacturing,Denver,Fortune 500,Masters,5.0,20.0,8,98274,204841,6.2
GRAD_005062,2019,23,Male,White,Top 100,Business,3.1,1,,1,Healthcare,Philadelphia,Small,MBA,0.0,0.0,5,86630,128455,8.3
GRAD_005063,2019,21,Female,White,Top 10,Data Science,3.41,2,No,0,Education,Chicago,Large,None,3.0,100.0,5,113606,153774,6.6
GRAD_005064,2019,20,Female,White,Top 100,Biology,2.99,3,Yes,2,Finance,Chicago,Large,None,1.0,0.0,5,90647,105901,6.6
GRAD_005065,2023,20,Male,White,Regional,Computer Science,3.39,7,No,3,Energy,New York,Large,JD,4.0,40.0,1,156731,225767,5.4
GRAD_005066,2018,25,Male,White,Top 100,Liberal Arts,3.64,1,No,2,Consulting,Los Angeles,Large,None,1.0,20.0,6,79588,113252,5.5
GRAD_005067,2020,23,Female,Asian,Top 100,Data Science,2.78,3,No,1,Government,Miami,Medium,MBA,2.0,0.0,4,88615,143975,8.0
GRAD_005068,2023,23,Female,White,Top 100,Economics,2.97,1,No,1,Healthcare,Atlanta,Small,None,4.0,20.0,1,76963,89226,4.4
GRAD_005069,2015,24,Male,Asian,Top 100,Mathematics,2.82,1,No,1,Transportation,Denver,Small,None,2.0,0.0,9,80540,118808,7.3
GRAD_005070,2022,20,Male,White,Regional,Liberal Arts,2.81,4,No,0,Healthcare,Boston,Medium,Masters,3.0,40.0,2,72844,100278,6.5
GRAD_005071,2022,21,Male,White,Top 10,Psychology,2.5,2,Yes,0,Real Estate,Chicago,Small,None,4.0,0.0,2,97977,120974,7.1
GRAD_005072,2017,20,Male,Hispanic,Top 100,Communications,3.36,4,Yes,0,Education,Denver,Large,Masters,2.0,100.0,7,60911,96726,7.0
GRAD_005073,2018,26,Female,White,Regional,Economics,2.99,2,Yes,0,Finance,Los Angeles,Large,None,3.0,,6,120400,174208,8.7
GRAD_005074,2018,21,Male,Hispanic,Regional,Psychology,3.37,2,No,0,Government,Philadelphia,Large,None,5.0,20.0,6,51737,84508,4.3
GRAD_005075,2017,24,Female,Asian,Top 50,Liberal Arts,3.63,2,Yes,1,Real Estate,Phoenix,Medium,None,3.0,0.0,7,62436,100937,5.8
GRAD_005076,2021,21,Female,White,Top 100,Engineering,2.96,0,,3,Manufacturing,Phoenix,Small,PhD,2.0,40.0,3,88763,126907,9.1
GRAD_005077,2023,22,Female,Asian,Top 10,Finance,3.57,4,No,1,Energy,Portland,Large,Masters,2.0,20.0,1,146120,173567,4.2
GRAD_005078,2016,24,Female,Other,Regional,Business,3.7,2,No,1,Education,Phoenix,Large,None,3.0,20.0,8,64910,106706,6.9
GRAD_005079,2017,22,Female,White,Top 50,Business,3.07,0,No,1,Non-profit,Denver,Large,None,3.0,40.0,7,69976,100153,7.7
GRAD_005080,2018,22,Male,White,Top 100,Mathematics,2.61,4,No,0,Energy,Austin,Small,None,3.0,40.0,6,120546,177015,4.5
GRAD_005081,2023,25,Male,White,Regional,Data Science,2.88,1,No,3,Consulting,Philadelphia,Large,None,4.0,0.0,1,125215,142021,8.6
GRAD_005082,2021,20,Male,Black,Top 50,Engineering,4.0,1,No,0,Finance,San Francisco,Fortune 500,None,4.0,0.0,3,175633,208102,5.5
GRAD_005083,2017,21,Male,Asian,Top 100,Chemistry,3.21,2,Yes,0,Non-profit,Los Angeles,Medium,None,0.0,40.0,7,70771,104070,8.0
GRAD_005084,2022,22,Female,White,Regional,Political Science,3.66,0,No,0,Government,Philadelphia,Large,None,0.0,0.0,2,49231,52170,4.5
GRAD_005085,2023,24,Female,Asian,Regional,Communications,3.31,3,No,4,Manufacturing,Portland,Small,JD,6.0,0.0,1,60373,97158,6.0
GRAD_005086,2019,21,Male,White,Regional,Business,2.69,2,No,2,Real Estate,Atlanta,Medium,PhD,0.0,40.0,5,64494,102925,6.0
GRAD_005087,2017,23,Female,White,Regional,Business,3.48,2,No,4,Transportation,Austin,Fortune 500,Masters,,40.0,7,83428,135799,7.8
GRAD_005088,2018,20,Female,White,Regional,Economics,3.08,5,No,0,Media,Portland,Small,None,3.0,40.0,6,81597,117265,8.8
GRAD_005089,2017,24,Female,White,Top 50,Computer Science,3.99,0,Yes,1,Manufacturing,Austin,Large,None,0.0,80.0,7,119204,154240,6.6
GRAD_005090,2017,23,Male,White,Top 50,Business,3.04,4,No,1,Non-profit,Atlanta,Fortune 500,None,3.0,0.0,7,55316,94153,6.6
GRAD_005091,2017,20,Male,Asian,Top 10,Engineering,3.9,0,No,0,Consulting,Phoenix,Fortune 500,None,1.0,0.0,7,115679,184635,8.9
GRAD_005092,2022,22,Male,White,Top 100,Marketing,3.89,0,No,1,Finance,New York,Medium,None,,20.0,2,137659,156621,5.8
GRAD_005093,2016,22,Male,Other,Regional,Computer Science,2.79,0,No,1,Non-profit,Denver,Small,Masters,0.0,40.0,8,81297,137161,7.3
GRAD_005094,2019,23,Male,White,Top 50,Engineering,3.54,1,Yes,1,Finance,Atlanta,Medium,Masters,3.0,40.0,5,125434,182534,5.8
GRAD_005095,2015,24,Female,Black,Regional,Engineering,3.18,1,No,0,Education,New York,Large,Masters,2.0,80.0,9,105398,194588,6.3
GRAD_005096,2018,21,Female,White,Top 100,Biology,3.71,0,Yes,0,Media,Phoenix,Large,MBA,,0.0,6,51658,88459,7.1
GRAD_005097,2021,23,Female,Other,Top 100,Economics,3.44,1,No,1,Government,New York,Small,Masters,2.0,0.0,3,88501,125230,7.3
GRAD_005098,2017,22,Female,Hispanic,Top 100,Computer Science,3.37,0,No,0,Healthcare,Washington DC,Medium,None,2.0,60.0,7,131227,163080,7.7
GRAD_005099,2023,22,Female,Asian,Regional,Computer Science,3.15,2,No,3,Education,Atlanta,Fortune 500,JD,4.0,,1,70442,104337,7.2
GRAD_005100,2015,24,Female,Hispanic,Top 100,Engineering,3.51,1,Yes,1,Consulting,Miami,Fortune 500,Masters,2.0,0.0,9,103319,160540,7.7
GRAD_005101,2016,22,Female,Black,Regional,Data Science,2.81,2,No,0,Education,Austin,Large,MBA,3.0,80.0,8,91758,185966,8.7
GRAD_005102,2022,20,Male,Other,Top 100,Data Science,3.63,2,No,2,Media,Boston,Large,None,0.0,80.0,2,101655,111684,8.5
GRAD_005103,2023,23,Male,White,Regional,Business,3.59,3,No,1,Healthcare,Philadelphia,Small,MBA,0.0,60.0,1,73962,97701,6.0
GRAD_005104,2023,24,Male,Asian,Top 50,Engineering,3.48,1,Yes,3,Manufacturing,Portland,Fortune 500,None,1.0,0.0,1,106782,115046,8.0
GRAD_005105,2022,22,Female,White,Top 100,Business,2.97,4,No,1,Manufacturing,Seattle,Small,None,2.0,40.0,2,92454,99083,7.9
GRAD_005106,2023,24,Male,White,Top 100,Business,2.96,1,Yes,2,Retail,Atlanta,Startup,None,2.0,40.0,1,62363,72656,5.7
GRAD_005107,2022,21,Male,Asian,Regional,Finance,3.07,3,No,3,Manufacturing,Seattle,Medium,None,2.0,20.0,2,104725,120675,6.1
GRAD_005108,2015,23,Male,White,Top 50,Economics,2.98,0,Yes,1,Non-profit,Austin,Large,MBA,2.0,60.0,9,74431,151585,10.0
GRAD_005109,2022,20,Male,Hispanic,Regional,Engineering,3.41,2,No,2,Media,Atlanta,Large,None,2.0,,2,73686,84217,7.9
GRAD_005110,2019,21,Female,White,Top 10,Finance,3.12,1,No,1,Education,Chicago,Large,None,2.0,80.0,5,81717,103948,10.0
GRAD_005111,2019,22,Male,White,Top 10,Economics,3.17,2,No,0,Non-profit,Dallas,Large,None,,,5,79695,107558,6.6
GRAD_005112,2015,23,Female,Other,Top 100,Mathematics,3.14,0,Yes,0,Non-profit,Denver,Small,Masters,2.0,0.0,9,55848,88026,4.8
GRAD_005113,2021,23,Male,White,Regional,Finance,2.89,1,No,0,Education,San Francisco,Fortune 500,None,1.0,20.0,3,84069,96837,7.9
GRAD_005114,2021,24,Female,White,Top 50,Marketing,3.11,1,No,1,Non-profit,Portland,Small,Masters,3.0,,3,63615,86114,6.4
GRAD_005115,2022,20,Female,White,Top 100,Finance,3.69,0,No,0,Government,Philadelphia,Medium,None,3.0,20.0,2,78981,92088,5.7
GRAD_005116,2018,24,Female,White,Top 100,Communications,3.59,1,No,0,Manufacturing,Denver,Large,None,2.0,0.0,6,57358,73309,8.6
GRAD_005117,2016,21,Female,White,Regional,Mathematics,3.47,1,No,1,Manufacturing,Miami,Small,None,0.0,60.0,8,66529,78639,3.4
GRAD_005118,2019,20,Female,White,Top 50,Engineering,3.82,1,Yes,0,Healthcare,Dallas,Small,Masters,5.0,40.0,5,115808,185886,7.8
GRAD_005119,2018,24,Female,Hispanic,Top 100,Engineering,3.11,1,No,5,Finance,Philadelphia,Large,Masters,,0.0,6,126173,173717,9.1
GRAD_005120,2022,20,Female,White,Regional,Computer Science,3.18,0,No,1,Technology,Denver,Fortune 500,None,1.0,60.0,2,125131,132183,6.0
GRAD_005121,2017,24,Female,White,Top 10,Marketing,3.65,0,Yes,2,Consulting,Chicago,Small,None,2.0,40.0,7,117965,155683,6.1
GRAD_005122,2016,20,Male,Hispanic,Regional,Engineering,3.29,1,No,2,Retail,Los Angeles,Large,None,2.0,40.0,8,77660,123869,9.4
GRAD_005123,2019,21,Male,White,Top 50,Engineering,2.98,1,Yes,1,Manufacturing,Boston,Large,None,5.0,,5,124378,165019,4.8
GRAD_005124,2021,23,Female,White,Top 10,Psychology,2.88,0,Yes,1,Energy,Austin,Startup,None,2.0,60.0,3,88177,103788,8.0
GRAD_005125,2018,23,Female,Asian,Top 100,Engineering,2.98,2,No,1,Media,Chicago,Startup,None,1.0,60.0,6,79539,112312,5.6
GRAD_005126,2016,20,Female,Asian,Top 100,Psychology,3.75,0,No,1,Healthcare,Boston,Fortune 500,Masters,2.0,0.0,8,87342,159871,8.5
GRAD_005127,2019,21,Female,White,Top 100,Chemistry,3.37,2,No,0,Government,Dallas,Large,None,2.0,0.0,5,74782,89663,7.1
GRAD_005128,2023,20,Female,White,Top 50,Computer Science,3.41,0,No,1,Transportation,Philadelphia,Small,Masters,1.0,0.0,1,107916,121872,5.4
GRAD_005129,2023,22,Female,White,Top 100,Economics,3.32,0,No,2,Consulting,Philadelphia,Medium,None,2.0,80.0,1,99718,101535,6.0
GRAD_005130,2021,22,Female,Asian,Top 10,Economics,3.05,2,No,1,Healthcare,Washington DC,Large,None,2.0,0.0,3,121774,144849,4.7
GRAD_005131,2022,22,Female,Asian,Top 10,Business,2.38,2,Yes,3,Energy,Denver,Large,None,0.0,60.0,2,118680,124177,7.7
GRAD_005132,2017,22,Male,White,Regional,Business,2.72,0,Yes,3,Non-profit,New York,Small,None,2.0,80.0,7,65821,103714,8.8
GRAD_005133,2018,20,Female,White,Top 100,Business,3.73,1,No,3,Non-profit,Austin,Startup,None,2.0,0.0,6,61683,82016,4.1
GRAD_005134,2020,21,Female,Asian,Top 100,Data Science,3.57,1,Yes,2,Transportation,Chicago,Large,None,0.0,0.0,4,93099,106192,6.7
GRAD_005135,2022,24,Male,Black,Top 100,Data Science,3.86,3,No,1,Retail,Miami,Large,None,1.0,40.0,2,93931,106897,9.4
GRAD_005136,2016,21,Male,Hispanic,Top 100,Liberal Arts,3.39,0,Yes,1,Energy,Denver,Large,None,3.0,100.0,8,72266,111067,6.7
GRAD_005137,2019,21,Male,White,Top 50,Business,3.55,1,No,1,Finance,Chicago,Small,None,2.0,60.0,5,102440,148859,5.3
GRAD_005138,2016,24,Male,Other,Regional,Business,2.85,3,No,0,Energy,Denver,Medium,None,6.0,20.0,8,93610,145559,6.3
GRAD_005139,2021,20,Female,Asian,Top 100,Finance,2.74,0,,2,Real Estate,Philadelphia,Large,None,3.0,0.0,3,99625,110461,8.1
GRAD_005140,2022,24,Male,White,Top 100,Engineering,3.68,1,No,1,Manufacturing,Denver,Fortune 500,Masters,2.0,20.0,2,84464,115158,5.1
GRAD_005141,2022,24,Male,White,Top 50,Engineering,3.4,1,No,0,Energy,San Francisco,Large,None,,40.0,2,172504,203378,8.8
GRAD_005142,2021,20,Female,Asian,Top 10,Business,3.3,4,No,2,Education,Washington DC,Large,None,3.0,0.0,3,100350,122737,10.0
GRAD_005143,2016,23,Female,Hispanic,Top 50,Mathematics,3.12,2,Yes,1,Media,Philadelphia,Startup,None,,20.0,8,89412,132464,5.2
GRAD_005144,2022,20,Male,White,Top 100,Data Science,3.93,2,No,0,Healthcare,New York,Startup,MBA,1.0,20.0,2,174806,240237,5.6
GRAD_005145,2018,22,Female,White,Top 50,Finance,3.0,1,No,3,Government,Washington DC,Large,None,1.0,100.0,6,106657,128336,5.8
GRAD_005146,2022,20,Female,White,Regional,Communications,3.82,1,No,2,Healthcare,Denver,Medium,Masters,1.0,0.0,2,71829,89531,4.5
GRAD_005147,2017,23,Female,White,Top 50,Business,3.31,1,Yes,0,Energy,Dallas,Startup,None,3.0,20.0,7,100720,130825,8.7
GRAD_005148,2019,22,Male,White,Regional,Communications,2.6,1,No,1,Government,Dallas,Medium,None,4.0,40.0,5,54541,84729,4.7
GRAD_005149,2020,22,Female,White,Regional,Finance,3.52,0,No,1,Healthcare,Miami,Large,None,2.0,20.0,4,82060,91819,6.1
GRAD_005150,2015,20,Male,Hispanic,Top 50,Psychology,3.28,1,No,1,Non-profit,Boston,Fortune 500,Masters,3.0,0.0,9,61265,110930,8.0
GRAD_005151,2023,23,Female,White,Top 100,Engineering,3.15,0,No,0,Education,Philadelphia,Small,None,5.0,80.0,1,63298,80129,8.6
GRAD_005152,2020,22,Female,Hispanic,Regional,Engineering,3.34,1,No,2,Real Estate,Los Angeles,Fortune 500,None,3.0,80.0,4,100260,123308,6.4
GRAD_005153,2017,21,Female,Asian,Top 100,Communications,2.4,1,No,0,Healthcare,New York,Startup,Masters,1.0,,7,75840,115623,8.6
GRAD_005154,2016,21,Female,White,Top 10,Finance,3.37,0,No,0,Retail,Miami,Medium,None,2.0,80.0,8,91258,143478,8.1
GRAD_005155,2021,22,Male,White,Top 50,Finance,3.33,2,No,1,Real Estate,Denver,Large,None,1.0,20.0,3,112775,132993,7.7
GRAD_005156,2016,22,Female,White,Top 100,Economics,3.95,0,No,2,Transportation,New York,Small,None,1.0,100.0,8,122697,157300,8.9
GRAD_005157,2019,22,Female,White,Regional,Biology,4.0,0,No,1,Non-profit,San Francisco,Large,None,2.0,20.0,5,69480,85544,8.2
GRAD_005158,2020,23,Male,Asian,Top 10,Chemistry,3.2,3,No,0,Real Estate,Chicago,Fortune 500,MD,4.0,40.0,4,93189,176232,8.7
GRAD_005159,2017,24,Female,White,Top 50,Liberal Arts,3.65,4,No,0,Technology,Boston,Startup,None,4.0,20.0,7,124317,166031,5.4
GRAD_005160,2016,22,Female,White,Regional,Marketing,3.77,2,No,3,Consulting,Austin,Startup,Masters,1.0,60.0,8,100989,157453,9.5
GRAD_005161,2019,23,Male,White,Top 100,Communications,3.33,1,No,1,Media,Boston,Fortune 500,None,1.0,0.0,5,66112,91415,3.1
GRAD_005162,2018,22,Male,White,Top 100,Business,3.39,1,No,1,Healthcare,Denver,Small,Masters,3.0,40.0,6,100014,147066,4.3
GRAD_005163,2016,24,Male,Hispanic,Regional,Business,3.17,2,Yes,2,Real Estate,Phoenix,Small,Masters,1.0,100.0,8,67610,103072,9.3
GRAD_005164,2017,22,Female,White,Top 100,Psychology,2.84,1,No,1,Healthcare,Chicago,Small,MD,5.0,0.0,7,70810,146793,6.4
GRAD_005165,2019,22,Male,Asian,Top 50,Psychology,3.69,1,Yes,0,Energy,Austin,Large,None,2.0,20.0,5,77571,105216,7.5
GRAD_005166,2016,22,Female,Asian,Regional,Business,2.96,2,No,0,Consulting,Miami,Startup,Masters,2.0,80.0,8,90958,146636,8.3
GRAD_005167,2023,23,Female,Other,Top 100,Economics,3.21,2,No,0,Real Estate,San Francisco,Small,None,5.0,60.0,1,138710,150754,8.7
GRAD_005168,2022,23,Male,Asian,Top 100,Marketing,3.67,3,No,0,Manufacturing,San Francisco,Large,Masters,3.0,0.0,2,118281,156689,6.8
GRAD_005169,2018,24,Male,Asian,Regional,Liberal Arts,2.82,0,Yes,1,Government,Chicago,Large,None,2.0,40.0,6,61249,86004,5.0
GRAD_005170,2017,24,Male,White,Top 50,Chemistry,3.2,3,Yes,1,Media,Phoenix,Large,None,1.0,,7,65023,84686,7.5
GRAD_005171,2022,22,Female,Black,Regional,Mathematics,3.8,0,No,1,Retail,Austin,Medium,None,1.0,80.0,2,72292,76425,9.9
GRAD_005172,2019,22,Female,White,Regional,Business,2.8,2,,0,Retail,Dallas,Small,None,2.0,40.0,5,64505,80217,5.5
GRAD_005173,2022,22,Male,White,Top 100,Computer Science,3.15,5,No,1,Energy,Washington DC,Small,None,2.0,60.0,2,137839,161940,4.7
GRAD_005174,2021,24,Male,White,Top 50,Marketing,2.85,3,No,0,Healthcare,Philadelphia,Small,None,1.0,20.0,3,100263,114763,7.8
GRAD_005175,2016,22,Female,Asian,Regional,Economics,3.64,2,No,2,Real Estate,Dallas,Large,None,5.0,20.0,8,75040,102685,3.8
GRAD_005176,2022,26,Female,White,Regional,Finance,3.98,3,Yes,0,Real Estate,Miami,Startup,None,4.0,40.0,2,110266,131426,6.7
GRAD_005177,2020,22,Female,Hispanic,Top 10,Marketing,3.72,2,Yes,0,Healthcare,San Francisco,Small,None,0.0,40.0,4,135299,157078,10.0
GRAD_005178,2021,24,Male,White,Regional,Computer Science,3.43,2,Yes,0,Education,Denver,Medium,MBA,0.0,20.0,3,77086,113071,8.2
GRAD_005179,2017,24,Female,White,Top 100,Engineering,3.23,2,No,1,Media,Austin,Large,None,3.0,20.0,7,93964,132045,7.0
GRAD_005180,2015,24,Female,Asian,Regional,Computer Science,3.57,0,Yes,1,Healthcare,Phoenix,Small,None,4.0,20.0,9,92931,152749,9.0
GRAD_005181,2018,22,Female,Black,Top 100,Economics,3.53,1,No,0,Government,Dallas,Small,None,2.0,40.0,6,72962,98406,7.4
GRAD_005182,2017,22,Female,Black,Top 100,Marketing,2.86,2,Yes,2,Government,Denver,Small,PhD,2.0,20.0,7,77712,140430,10.0
GRAD_005183,2019,22,Male,White,Top 100,Economics,2.91,0,No,1,Healthcare,Boston,Fortune 500,Masters,3.0,40.0,5,111785,164455,9.2
GRAD_005184,2016,24,Male,White,Regional,Data Science,2.75,2,No,0,Technology,Phoenix,Large,Masters,1.0,0.0,8,119887,214096,5.9
GRAD_005185,2023,21,Female,White,Regional,Psychology,3.38,0,No,0,Media,Washington DC,Small,None,3.0,0.0,1,58393,68007,5.1
GRAD_005186,2016,21,Female,White,Top 50,Engineering,3.2,2,No,2,Non-profit,Los Angeles,Fortune 500,None,1.0,100.0,8,91601,123658,7.0
GRAD_005187,2022,23,Male,White,Regional,Liberal Arts,3.51,2,No,1,Finance,New York,Medium,PhD,1.0,40.0,2,101078,139052,6.5
GRAD_005188,2023,20,Male,White,Top 10,Liberal Arts,3.73,2,No,0,Retail,Chicago,Large,None,2.0,60.0,1,82224,93861,2.9
GRAD_005189,2016,23,Female,Other,Top 100,Finance,3.42,5,Yes,1,Real Estate,Washington DC,Large,None,2.0,40.0,8,108994,168412,5.6
GRAD_005190,2018,20,Female,Asian,Top 50,Psychology,3.27,3,No,2,Government,Los Angeles,Large,None,4.0,100.0,6,79660,110461,7.9
GRAD_005191,2021,21,Female,White,Regional,Business,3.75,1,No,0,Media,Philadelphia,Large,Masters,0.0,40.0,3,68537,84054,4.7
GRAD_005192,2021,24,Male,Hispanic,Top 100,Psychology,2.77,3,No,1,Technology,Dallas,Medium,None,2.0,80.0,3,92715,111480,6.9
GRAD_005193,2015,21,Male,White,Regional,Psychology,3.32,1,No,0,Education,Washington DC,Small,None,,0.0,9,62080,104583,4.8
GRAD_005194,2015,22,Female,White,Top 100,Economics,3.23,0,No,2,Energy,New York,Medium,None,0.0,0.0,9,120593,162585,7.1
GRAD_005195,2016,24,Female,White,Regional,Computer Science,3.25,1,Yes,1,Government,Miami,Large,MBA,4.0,0.0,8,94210,186731,8.2
GRAD_005196,2020,20,Female,Hispanic,Top 100,Engineering,3.12,4,Yes,0,Technology,Seattle,Medium,None,0.0,60.0,4,143333,165330,6.7
GRAD_005197,2015,22,Male,White,Top 10,Engineering,3.76,2,No,0,Real Estate,Chicago,Large,None,,40.0,9,123232,190554,4.9
GRAD_005198,2020,23,Female,White,Top 50,Business,2.69,0,No,0,Education,Boston,Startup,None,,20.0,4,77081,86663,7.4
GRAD_005199,2018,20,Male,White,Regional,Liberal Arts,3.54,3,No,1,Consulting,Dallas,Small,None,0.0,80.0,6,79057,116980,10.0
GRAD_005200,2021,20,Female,Black,Regional,Mathematics,2.95,1,No,1,Finance,Atlanta,Large,None,0.0,60.0,3,76012,83055,3.1
GRAD_005201,2022,24,Female,White,Top 50,Psychology,2.59,2,No,1,Government,Chicago,Large,Masters,0.0,20.0,2,67462,77123,8.1
GRAD_005202,2022,20,Male,White,Regional,Business,3.45,2,Yes,0,Real Estate,Phoenix,Small,None,2.0,100.0,2,61598,76305,5.7
GRAD_005203,2015,21,Male,Black,Top 100,Communications,3.48,1,No,1,Education,Portland,Large,Masters,3.0,0.0,9,50084,99795,8.8
GRAD_005204,2023,20,Female,Other,Top 50,Liberal Arts,3.78,1,Yes,0,Government,Philadelphia,Large,Masters,1.0,20.0,1,78040,94639,4.8
GRAD_005205,2020,21,Female,Asian,Top 50,Mathematics,3.32,1,No,2,Retail,Denver,Medium,None,2.0,0.0,4,84346,103097,6.5
GRAD_005206,2023,23,Female,Black,Regional,Data Science,3.63,1,No,2,Energy,Austin,Fortune 500,None,1.0,20.0,1,100332,104570,5.3
GRAD_005207,2020,23,Male,Hispanic,Top 50,Economics,3.61,1,No,1,Education,Denver,Fortune 500,None,3.0,60.0,4,64300,92269,5.4
GRAD_005208,2019,23,Female,White,Top 50,Data Science,3.35,2,Yes,0,Consulting,Miami,Large,None,0.0,0.0,5,143044,183550,10.0
GRAD_005209,2021,22,Female,Asian,Regional,Biology,2.85,2,Yes,0,Education,Philadelphia,Medium,MBA,2.0,20.0,3,48404,71678,6.6
GRAD_005210,2017,20,Female,Hispanic,Top 100,Data Science,3.55,3,No,1,Finance,Los Angeles,Small,None,4.0,20.0,7,127768,209093,5.5
GRAD_005211,2016,23,Male,Asian,Regional,Mathematics,3.61,1,No,1,Real Estate,Seattle,Medium,None,0.0,0.0,8,103753,151968,6.6
GRAD_005212,2016,21,Female,White,Top 50,Engineering,2.99,4,Yes,1,Consulting,Phoenix,Medium,PhD,,80.0,8,103513,156286,6.6
GRAD_005213,2022,20,Male,White,Regional,Engineering,3.17,0,No,2,Consulting,San Francisco,Fortune 500,MBA,1.0,20.0,2,133273,188544,7.3
GRAD_005214,2023,22,Female,Hispanic,Top 50,Liberal Arts,2.68,0,No,1,Healthcare,Miami,Medium,None,5.0,0.0,1,60468,77368,6.4
GRAD_005215,2022,24,Female,Asian,Top 50,Liberal Arts,3.62,1,,2,Finance,San Francisco,Fortune 500,Masters,2.0,40.0,2,122030,151458,6.8
GRAD_005216,2023,24,Female,Hispanic,Regional,Computer Science,2.96,1,No,1,Consulting,Boston,Fortune 500,None,4.0,40.0,1,131106,140443,5.7
GRAD_005217,2023,24,Female,White,Regional,Economics,3.52,1,Yes,2,Energy,New York,Medium,None,3.0,20.0,1,135830,145851,4.7
GRAD_005218,2020,22,Male,Other,Regional,Psychology,3.59,3,No,2,Finance,Dallas,Small,None,1.0,40.0,4,77706,98273,5.4
GRAD_005219,2016,21,Male,Asian,Regional,Marketing,3.52,4,No,2,Healthcare,Seattle,Medium,Masters,1.0,40.0,8,109690,205359,5.5
GRAD_005220,2020,23,Female,White,Top 100,Computer Science,3.34,1,Yes,1,Energy,Portland,Fortune 500,None,0.0,0.0,4,121178,144879,9.9
GRAD_005221,2018,22,Female,Asian,Top 50,Business,3.65,1,No,2,Media,Denver,Small,PhD,2.0,40.0,6,78227,140933,6.6
GRAD_005222,2018,22,Female,Asian,Top 100,Computer Science,3.27,2,No,0,Energy,Portland,Large,None,0.0,40.0,6,139488,158491,4.4
GRAD_005223,2021,23,Female,Hispanic,Top 50,Mathematics,3.66,2,No,0,Technology,Portland,Startup,Masters,1.0,20.0,3,107065,150171,6.5
GRAD_005224,2016,23,Female,Asian,Top 50,Liberal Arts,3.15,1,No,0,Retail,Seattle,Medium,Masters,1.0,0.0,8,74028,117553,7.2
GRAD_005225,2015,21,Female,Hispanic,Regional,Engineering,3.73,1,No,1,Transportation,Boston,Fortune 500,None,4.0,0.0,9,103842,169310,4.7
GRAD_005226,2021,21,Female,White,Top 50,Liberal Arts,3.38,2,No,0,Education,Portland,Large,None,4.0,80.0,3,58991,82044,6.7
GRAD_005227,2017,20,Female,White,Top 100,Mathematics,3.29,2,,1,Education,Denver,Fortune 500,Masters,1.0,40.0,7,74397,116745,6.3
GRAD_005228,2019,22,Female,White,Regional,Business,3.31,1,No,0,Media,Denver,Medium,Masters,2.0,40.0,5,74229,106588,7.4
GRAD_005229,2018,23,Female,White,Top 10,Mathematics,3.72,1,,2,Consulting,Dallas,Fortune 500,Masters,0.0,20.0,6,103539,161047,5.9
GRAD_005230,2020,21,Male,White,Regional,Business,3.15,5,Yes,0,Education,Dallas,Large,None,3.0,,4,59536,78240,3.8
GRAD_005231,2016,20,Female,Asian,Regional,Finance,3.39,1,No,0,Government,Dallas,Fortune 500,None,1.0,0.0,8,64189,105196,5.7
GRAD_005232,2021,23,Female,Asian,Top 100,Liberal Arts,2.95,0,No,1,Government,Phoenix,Fortune 500,None,1.0,40.0,3,52466,62964,6.2
GRAD_005233,2023,24,Male,Hispanic,Regional,Liberal Arts,3.14,0,Yes,1,Healthcare,New York,Large,Masters,0.0,80.0,1,92910,111065,3.7
GRAD_005234,2022,25,Female,White,Top 100,Biology,3.49,0,No,1,Retail,Washington DC,Fortune 500,None,1.0,20.0,2,60957,63704,4.9
GRAD_005235,2023,24,Male,Black,Top 50,Business,3.08,0,No,2,Transportation,Chicago,Large,None,2.0,60.0,1,78847,89342,6.0
GRAD_005236,2023,22,Female,White,Regional,Computer Science,3.64,1,No,1,Energy,Miami,Medium,None,1.0,20.0,1,124819,123320,7.6
GRAD_005237,2018,21,Female,Asian,Top 100,Psychology,3.81,3,No,2,Consulting,Philadelphia,Small,None,0.0,40.0,6,78720,92127,7.0
GRAD_005238,2022,23,Male,White,Top 50,Business,3.1,2,No,0,Consulting,Dallas,Startup,Masters,1.0,80.0,2,82022,108129,6.1
GRAD_005239,2019,22,Male,Asian,Regional,Engineering,3.11,4,No,2,Manufacturing,Seattle,Small,None,2.0,100.0,5,118031,158464,5.4
GRAD_005240,2017,22,Male,White,Top 100,Economics,3.61,2,No,4,Non-profit,Los Angeles,Medium,Masters,3.0,60.0,7,80247,142276,8.1
GRAD_005241,2021,25,Female,Asian,Top 100,Chemistry,3.41,2,No,1,Technology,Washington DC,Medium,None,2.0,40.0,3,114700,139426,6.5
GRAD_005242,2017,24,Other,Hispanic,Regional,Computer Science,2.79,1,Yes,0,Real Estate,Chicago,Fortune 500,MBA,5.0,20.0,7,117493,216166,9.3
GRAD_005243,2016,23,Male,White,Top 100,Biology,3.01,4,No,1,Manufacturing,Denver,Small,MBA,,0.0,8,78568,139574,7.0
GRAD_005244,2021,22,Female,White,Top 100,Engineering,3.35,4,No,0,Real Estate,Chicago,Large,None,2.0,0.0,3,119262,128884,10.0
GRAD_005245,2018,22,Male,Hispanic,Top 100,Liberal Arts,3.98,2,No,0,Real Estate,Denver,Small,PhD,2.0,40.0,6,66522,103206,9.0
GRAD_005246,2018,20,Female,Hispanic,Top 100,Liberal Arts,3.64,3,No,0,Education,Denver,Fortune 500,JD,2.0,0.0,6,47456,78029,5.3
GRAD_005247,2023,24,Female,Asian,Top 10,Business,4.0,0,No,3,Technology,Dallas,Small,None,2.0,40.0,1,117055,118383,6.2
GRAD_005248,2016,24,Male,White,Top 100,Marketing,3.31,0,No,1,Retail,Philadelphia,Fortune 500,MD,4.0,20.0,8,63640,143785,7.7
GRAD_005249,2022,21,Female,White,Top 100,Data Science,2.47,5,No,2,Retail,Chicago,Medium,Masters,1.0,60.0,2,89994,109715,9.1
GRAD_005250,2019,21,Female,White,Top 10,Biology,4.0,1,No,1,Technology,Philadelphia,Large,Masters,0.0,20.0,5,102706,152170,8.1
GRAD_005251,2023,23,Male,Black,Regional,Computer Science,2.97,2,,1,Real Estate,Philadelphia,Small,PhD,4.0,20.0,1,90471,126037,8.8
GRAD_005252,2019,22,Male,Asian,Top 10,Communications,2.8,1,No,0,Consulting,New York,Large,Masters,0.0,20.0,5,111218,179280,5.4
GRAD_005253,2019,24,Female,White,Top 100,Mathematics,3.61,0,No,2,Non-profit,Atlanta,Large,MBA,1.0,40.0,5,50167,78743,6.2
GRAD_005254,2019,21,Male,Asian,Top 10,Business,3.8,0,No,1,Retail,New York,Large,None,4.0,60.0,5,107610,144679,6.3
GRAD_005255,2022,22,Male,White,Regional,Psychology,3.74,2,No,3,Government,New York,Medium,None,1.0,40.0,2,97192,110710,6.2
GRAD_005256,2015,23,Female,White,Regional,Engineering,3.45,1,No,0,Government,Seattle,Fortune 500,None,1.0,60.0,9,104681,162363,8.1
GRAD_005257,2021,22,Female,White,Regional,Data Science,2.65,1,No,2,Government,Seattle,Medium,None,3.0,0.0,3,106775,123517,6.4
GRAD_005258,2017,21,Male,Asian,Top 50,Liberal Arts,3.42,2,,0,Consulting,Boston,Large,None,0.0,40.0,7,103062,151672,5.9
GRAD_005259,2023,21,Female,Hispanic,Regional,Engineering,3.78,2,No,0,Transportation,Portland,Large,None,1.0,60.0,1,108287,110677,7.4
GRAD_005260,2018,23,Female,White,Regional,Marketing,3.46,2,No,0,Real Estate,Philadelphia,Large,None,3.0,0.0,6,73285,113270,9.8
GRAD_005261,2018,23,Male,White,Regional,Marketing,3.29,2,No,0,Consulting,Austin,Large,Masters,1.0,20.0,6,86938,145476,8.9
GRAD_005262,2021,23,Male,White,Top 100,Communications,3.66,3,No,0,Consulting,Boston,Small,MD,0.0,0.0,3,88404,151387,7.2
GRAD_005263,2021,21,Female,White,Top 100,Business,3.64,2,No,0,Manufacturing,San Francisco,Startup,MD,3.0,0.0,3,98853,177206,7.7
GRAD_005264,2021,24,Male,White,Top 100,Data Science,3.16,3,Yes,1,Education,Dallas,Fortune 500,None,3.0,0.0,3,70113,94555,6.7
GRAD_005265,2018,22,Female,Hispanic,Top 100,Business,3.47,2,Yes,1,Education,Miami,Medium,Masters,1.0,60.0,6,55514,80964,7.8
GRAD_005266,2020,24,Female,White,Top 50,Business,3.27,2,No,1,Government,Phoenix,Medium,None,0.0,0.0,4,69704,79840,3.6
GRAD_005267,2015,20,Female,White,Regional,Engineering,3.39,4,No,0,Government,Philadelphia,Medium,None,3.0,40.0,9,93711,158838,5.1
GRAD_005268,2023,24,Male,Asian,Top 50,Mathematics,3.29,1,Yes,0,Retail,Boston,Medium,MBA,2.0,20.0,1,81652,114324,7.9
GRAD_005269,2019,21,Male,Black,Regional,Liberal Arts,3.2,1,Yes,2,Government,Phoenix,Fortune 500,None,9.0,100.0,5,55021,98281,9.8
GRAD_005270,2018,21,Male,Black,Regional,Communications,3.05,0,,1,Government,San Francisco,Small,None,1.0,0.0,6,70954,94195,6.8
GRAD_005271,2022,23,Female,Asian,Top 100,Data Science,3.45,2,Yes,0,Manufacturing,Seattle,Small,Masters,3.0,0.0,2,116751,143845,3.1
GRAD_005272,2018,20,Male,White,Top 50,Data Science,3.53,3,No,1,Non-profit,Washington DC,Startup,Masters,4.0,40.0,6,96425,156113,9.4
GRAD_005273,2023,23,Male,White,Top 10,Marketing,3.1,3,Yes,0,Education,Miami,Fortune 500,Masters,4.0,80.0,1,80587,108995,6.4
GRAD_005274,2021,22,Female,White,Regional,Biology,2.92,2,No,2,Manufacturing,Los Angeles,Large,Masters,3.0,20.0,3,64864,91493,4.5
GRAD_005275,2021,24,Female,Asian,Top 100,Political Science,3.26,2,No,2,Energy,Portland,Startup,Masters,5.0,100.0,3,71397,100439,7.1
GRAD_005276,2016,22,Female,Asian,Regional,Engineering,3.21,2,Yes,2,Retail,Phoenix,Large,None,0.0,80.0,8,61629,96431,6.0
GRAD_005277,2020,21,Male,White,Regional,Marketing,3.65,1,Yes,0,Technology,Seattle,Medium,None,1.0,40.0,4,100069,121459,5.7
GRAD_005278,2016,21,Male,White,Top 100,Marketing,3.65,1,No,2,Non-profit,Miami,Fortune 500,None,1.0,0.0,8,53587,81481,4.9
GRAD_005279,2022,20,Male,White,Regional,Liberal Arts,2.86,0,No,1,Real Estate,Dallas,Medium,JD,0.0,20.0,2,54185,74880,3.9
GRAD_005280,2016,26,Female,Hispanic,Top 50,Computer Science,3.23,2,Yes,2,Government,Boston,Fortune 500,None,2.0,20.0,8,137953,218613,10.0
GRAD_005281,2018,20,Male,White,Top 50,Computer Science,3.41,2,,0,Transportation,Phoenix,Large,MBA,2.0,0.0,6,89437,149273,7.4
GRAD_005282,2019,21,Male,White,Top 100,Economics,3.17,0,No,2,Manufacturing,Austin,Large,Masters,3.0,60.0,5,92992,144090,4.6
GRAD_005283,2022,23,Male,White,Top 100,Chemistry,3.79,1,Yes,0,Healthcare,Washington DC,Small,None,3.0,20.0,2,109680,127299,5.8
GRAD_005284,2021,24,Male,Black,Regional,Economics,2.78,2,Yes,0,Technology,Dallas,Small,None,2.0,80.0,3,95266,115338,6.2
GRAD_005285,2021,25,Female,Hispanic,Top 100,Psychology,3.06,1,No,0,Transportation,Miami,Large,PhD,2.0,20.0,3,67449,88837,3.6
GRAD_005286,2017,22,Male,Hispanic,Regional,Business,3.32,1,No,1,Finance,Chicago,Medium,None,1.0,40.0,7,98564,136558,5.6
GRAD_005287,2017,23,Male,White,Regional,Marketing,3.04,5,No,1,Technology,Washington DC,Fortune 500,None,0.0,0.0,7,120034,178787,8.4
GRAD_005288,2019,22,Female,Black,Regional,Engineering,3.16,3,No,0,Consulting,Seattle,Small,None,3.0,0.0,5,140755,191403,7.6
GRAD_005289,2015,20,Male,White,Regional,Data Science,2.66,2,No,1,Technology,Denver,Small,MBA,0.0,0.0,9,140278,252154,7.9
GRAD_005290,2022,20,Male,White,Top 100,Computer Science,3.72,2,No,1,Retail,Boston,Small,Masters,0.0,0.0,2,115783,145551,7.3
GRAD_005291,2018,20,Female,Asian,Top 10,Economics,3.51,1,No,0,Real Estate,Atlanta,Small,None,2.0,100.0,6,111473,152130,7.7
GRAD_005292,2015,22,Female,White,Top 100,Business,2.59,2,No,1,Real Estate,Miami,Medium,None,2.0,0.0,9,83573,113211,7.5
GRAD_005293,2022,21,Female,White,Top 50,Communications,3.65,1,No,1,Real Estate,Philadelphia,Medium,None,1.0,80.0,2,75455,83761,6.1
GRAD_005294,2023,22,Female,White,Regional,Finance,3.22,1,No,1,Real Estate,Seattle,Fortune 500,None,1.0,,1,119916,124613,5.5
GRAD_005295,2021,23,Female,White,Top 50,Business,3.16,0,No,0,Real Estate,Portland,Fortune 500,None,0.0,40.0,3,78524,85566,4.3
GRAD_005296,2018,22,Female,Hispanic,Top 100,Engineering,3.35,0,Yes,2,Real Estate,Denver,Large,None,1.0,80.0,6,112733,157263,8.8
GRAD_005297,2019,23,Male,Hispanic,Top 10,Business,3.16,2,Yes,1,Consulting,Miami,Small,None,3.0,0.0,5,130343,162434,6.3
GRAD_005298,2017,25,Male,White,Top 10,Business,3.29,0,No,0,Government,New York,Medium,Masters,4.0,80.0,7,112156,199616,8.3
GRAD_005299,2021,21,Male,White,Top 100,Psychology,2.94,1,No,0,Technology,Philadelphia,Small,None,0.0,60.0,3,92595,104224,6.8
GRAD_005300,2018,20,Female,White,Regional,Engineering,3.17,2,No,2,Technology,New York,Large,None,5.0,40.0,6,168876,261936,9.9
GRAD_005301,2015,21,Female,White,Regional,Engineering,3.05,1,Yes,0,Retail,Boston,Startup,None,2.0,40.0,9,84924,122383,6.4
GRAD_005302,2015,22,Female,White,Top 100,Economics,3.47,1,Yes,2,Manufacturing,Miami,Medium,None,0.0,60.0,9,79415,126342,7.9
GRAD_005303,2020,23,Female,Asian,Top 50,Economics,3.26,4,No,1,Government,San Francisco,Large,None,1.0,,4,108334,130942,7.9
GRAD_005304,2018,23,Female,Black,Top 100,Computer Science,3.27,2,No,2,Transportation,Miami,Large,Masters,0.0,0.0,6,108079,145458,6.4
GRAD_005305,2016,20,Female,White,Top 100,Finance,2.96,0,No,0,Media,New York,Fortune 500,None,1.0,100.0,8,93018,128742,6.9
GRAD_005306,2020,20,Female,Hispanic,Regional,Business,3.54,2,No,1,Energy,Austin,Large,None,2.0,0.0,4,97621,125513,7.2
GRAD_005307,2018,24,Female,White,Regional,Engineering,3.46,3,Yes,1,Manufacturing,Miami,Medium,None,2.0,20.0,6,83197,119963,7.7
GRAD_005308,2015,22,Male,Other,Top 50,Liberal Arts,3.71,0,No,2,Non-profit,Phoenix,Large,None,2.0,0.0,9,51155,90534,7.1
GRAD_005309,2017,23,Female,White,Regional,Computer Science,3.42,4,No,1,Non-profit,Austin,Large,Masters,,20.0,7,93421,164992,9.3
GRAD_005310,2022,22,Female,White,Regional,Communications,3.27,1,No,1,Media,Seattle,Large,None,1.0,20.0,2,69937,79335,3.7
GRAD_005311,2022,22,Female,White,Regional,Engineering,3.52,1,Yes,1,Education,Dallas,Small,Masters,2.0,20.0,2,70068,87951,6.0
GRAD_005312,2022,22,Female,White,Regional,Mathematics,3.05,2,Yes,0,Technology,Denver,Large,None,2.0,40.0,2,117465,132436,7.7
GRAD_005313,2020,21,Female,White,Top 100,Business,3.15,1,No,0,Retail,Boston,Small,Masters,0.0,40.0,4,88498,121966,6.9
GRAD_005314,2023,21,Male,White,Regional,Engineering,3.11,1,No,1,Healthcare,Miami,Large,None,1.0,20.0,1,95429,102883,6.0
GRAD_005315,2016,25,Male,Asian,Top 100,Data Science,3.74,1,No,1,Real Estate,Boston,Large,None,2.0,20.0,8,117240,179398,8.0
GRAD_005316,2021,25,Male,Hispanic,Regional,Business,3.27,3,No,0,Energy,Phoenix,Fortune 500,None,3.0,60.0,3,67284,86487,4.4
GRAD_005317,2021,23,Male,White,Top 100,Marketing,3.34,1,No,2,Technology,Dallas,Startup,MBA,3.0,20.0,3,89232,139643,8.0
GRAD_005318,2015,22,Male,White,Regional,Computer Science,3.08,0,No,1,Non-profit,Philadelphia,Fortune 500,None,3.0,0.0,9,70277,136991,8.0
GRAD_005319,2018,23,Female,White,Regional,Computer Science,3.4,3,Yes,3,Media,Boston,Medium,None,3.0,60.0,6,116332,168526,7.6
GRAD_005320,2023,20,Female,Black,Regional,Engineering,3.29,4,No,0,Non-profit,Washington DC,Fortune 500,None,3.0,100.0,1,82349,89386,9.9
GRAD_005321,2022,23,Female,Asian,Top 100,Political Science,3.78,0,No,0,Education,Phoenix,Medium,MBA,0.0,20.0,2,47263,58254,7.2
GRAD_005322,2015,22,Male,White,Regional,Chemistry,3.26,0,No,1,Transportation,Portland,Small,None,2.0,60.0,9,55309,90076,3.7
GRAD_005323,2020,22,Male,White,Regional,Business,3.53,1,No,0,Education,Washington DC,Medium,Masters,0.0,0.0,4,75512,103189,7.9
GRAD_005324,2021,22,Female,Asian,Top 100,Marketing,2.96,1,Yes,2,Transportation,Phoenix,Large,MD,1.0,40.0,3,52515,91904,7.0
GRAD_005325,2023,22,Female,Other,Regional,Marketing,3.33,2,No,2,Manufacturing,Boston,Fortune 500,None,3.0,80.0,1,89214,96578,5.8
GRAD_005326,2021,23,Male,Asian,Top 100,Psychology,3.43,1,No,0,Healthcare,Seattle,Large,MD,2.0,,3,83631,149667,7.5
GRAD_005327,2021,24,Male,White,Top 100,Computer Science,2.97,0,Yes,1,Transportation,Los Angeles,Large,None,3.0,60.0,3,113628,144253,9.6
GRAD_005328,2023,23,Female,Hispanic,Top 50,Engineering,3.38,1,No,0,Government,Los Angeles,Small,MBA,2.0,40.0,1,103240,135213,7.7
GRAD_005329,2021,22,Female,White,Top 10,Engineering,2.91,2,No,1,Non-profit,New York,Large,None,3.0,60.0,3,108220,123206,7.7
GRAD_005330,2023,20,Female,White,Top 10,Political Science,2.53,1,Yes,1,Consulting,San Francisco,Small,PhD,1.0,40.0,1,125775,157795,4.8
GRAD_005331,2019,22,Male,White,Regional,Engineering,3.36,1,Yes,0,Technology,Philadelphia,Medium,None,1.0,20.0,5,103315,130975,7.1
GRAD_005332,2021,22,Female,Black,Top 100,Business,3.65,0,Yes,2,Non-profit,Atlanta,Small,Masters,2.0,0.0,3,55974,74029,5.4
GRAD_005333,2021,23,Female,White,Top 100,Computer Science,2.56,1,Yes,2,Energy,New York,Medium,None,,0.0,3,160434,190023,5.6
GRAD_005334,2020,21,Male,White,Regional,Computer Science,3.56,2,No,0,Retail,Seattle,Large,None,1.0,,4,92720,110852,6.7
GRAD_005335,2018,21,Male,White,Regional,Data Science,3.69,0,No,1,Real Estate,Seattle,Large,None,3.0,60.0,6,124833,161180,6.8
GRAD_005336,2023,22,Female,White,Regional,Liberal Arts,2.59,0,Yes,0,Finance,Atlanta,Large,None,2.0,60.0,1,64312,70059,2.1
GRAD_005337,2018,23,Male,Black,Top 100,Engineering,3.26,3,Yes,3,Media,Portland,Large,Masters,0.0,20.0,6,88714,134036,5.9
GRAD_005338,2016,22,Female,Asian,Top 50,Business,2.86,0,No,1,Real Estate,Phoenix,Large,None,0.0,40.0,8,72074,95129,8.5
GRAD_005339,2021,23,Female,White,Top 100,Economics,3.99,3,No,1,Non-profit,Chicago,Fortune 500,Masters,1.0,80.0,3,72345,93640,7.6
GRAD_005340,2020,20,Male,Hispanic,Top 50,Marketing,3.33,0,No,1,Finance,Austin,Large,None,1.0,100.0,4,93351,117272,7.0
GRAD_005341,2017,23,Female,Asian,Regional,Liberal Arts,2.71,3,No,0,Healthcare,Los Angeles,Small,None,3.0,40.0,7,86596,140542,7.4
GRAD_005342,2022,20,Female,White,Top 100,Business,3.62,6,No,0,Technology,New York,Fortune 500,None,0.0,0.0,2,152506,158944,5.3
GRAD_005343,2018,26,Male,Black,Top 10,Computer Science,3.16,1,,1,Manufacturing,San Francisco,Large,None,1.0,80.0,6,178471,252338,6.9
GRAD_005344,2015,24,Male,White,Top 10,Computer Science,3.31,1,Yes,3,Transportation,Atlanta,Startup,MBA,5.0,,9,101164,213306,5.4
GRAD_005345,2015,23,Female,Asian,Top 10,Biology,2.93,2,No,2,Healthcare,Portland,Fortune 500,None,3.0,40.0,9,104990,145752,8.4
GRAD_005346,2023,20,Male,Asian,Regional,Political Science,3.56,2,Yes,1,Finance,Atlanta,Small,None,3.0,20.0,1,80535,92761,5.7
GRAD_005347,2019,20,Female,Asian,Top 50,Finance,3.48,2,Yes,0,Healthcare,Los Angeles,Small,Masters,0.0,100.0,5,113539,158247,10.0
GRAD_005348,2017,25,Female,Hispanic,Regional,Engineering,3.57,2,,0,Finance,Washington DC,Large,MBA,4.0,0.0,7,116041,218948,7.2
GRAD_005349,2020,20,Female,White,Top 100,Political Science,3.13,2,Yes,2,Finance,Boston,Large,Masters,2.0,20.0,4,107843,146478,6.8
GRAD_005350,2019,23,Female,White,Top 100,Business,2.98,0,No,1,Finance,Phoenix,Medium,None,1.0,60.0,5,77550,106322,5.6
GRAD_005351,2023,25,Female,Asian,Top 50,Psychology,3.6,2,Yes,0,Energy,Dallas,Large,None,1.0,40.0,1,67240,68667,6.1
GRAD_005352,2023,22,Male,White,Regional,Computer Science,3.66,1,,1,Transportation,Phoenix,Large,None,0.0,40.0,1,88365,94427,5.2
GRAD_005353,2018,20,Female,White,Top 100,Business,2.66,4,Yes,0,Transportation,Los Angeles,Fortune 500,Masters,2.0,20.0,6,90952,130117,7.2
GRAD_005354,2021,20,Female,White,Top 100,Engineering,3.42,1,No,0,Media,Portland,Fortune 500,Masters,3.0,40.0,3,77665,102316,6.8
GRAD_005355,2019,23,Female,Hispanic,Regional,Engineering,3.39,3,Yes,2,Real Estate,Philadelphia,Small,JD,1.0,0.0,5,99546,158291,7.0
GRAD_005356,2018,20,Male,White,Top 10,Mathematics,3.3,3,No,2,Consulting,Miami,Small,Masters,6.0,0.0,6,111958,183326,7.6
GRAD_005357,2018,22,Female,White,Top 100,Finance,3.52,1,Yes,0,Government,Portland,Small,None,1.0,80.0,6,78863,99152,5.9
GRAD_005358,2021,20,Female,Black,Regional,Business,2.44,3,No,2,Healthcare,Denver,Large,Masters,1.0,20.0,3,76706,100043,6.9
GRAD_005359,2020,21,Female,White,Regional,Data Science,3.9,2,Yes,0,Media,Denver,Large,None,1.0,20.0,4,91407,105298,6.0
GRAD_005360,2022,21,Female,Hispanic,Top 50,Economics,4.0,0,,0,Consulting,Austin,Small,None,4.0,60.0,2,114073,130621,5.9
GRAD_005361,2016,22,Female,White,Top 100,Business,3.39,1,,2,Consulting,Chicago,Small,None,2.0,80.0,8,81453,120454,9.7
GRAD_005362,2019,21,Male,White,Top 100,Engineering,3.48,0,No,1,Government,Dallas,Medium,Masters,1.0,0.0,5,84182,135547,8.3
GRAD_005363,2022,22,Female,White,Regional,Liberal Arts,3.04,3,Yes,0,Energy,Los Angeles,Medium,None,2.0,60.0,2,88993,94671,6.7
GRAD_005364,2015,23,Female,White,Regional,Data Science,3.56,0,,1,Real Estate,Portland,Fortune 500,MBA,3.0,20.0,9,114073,205966,3.7
GRAD_005365,2021,21,Female,Hispanic,Top 100,Engineering,3.29,1,No,1,Transportation,Denver,Large,None,,40.0,3,92735,104491,5.6
GRAD_005366,2022,22,Female,White,Top 50,Chemistry,3.22,0,No,1,Healthcare,Denver,Small,None,0.0,20.0,2,96843,100816,6.4
GRAD_005367,2019,21,Female,Other,Top 50,Computer Science,3.23,4,No,3,Real Estate,New York,Fortune 500,Masters,0.0,40.0,5,142601,184875,9.3
GRAD_005368,2023,20,Male,Asian,Regional,Communications,2.98,5,No,0,Energy,Philadelphia,Small,None,,20.0,1,74023,77518,7.2
GRAD_005369,2021,23,Female,White,Top 100,Computer Science,3.76,1,No,2,Government,Boston,Medium,None,3.0,60.0,3,124801,140265,4.0
GRAD_005370,2020,23,Female,White,Regional,Communications,3.87,2,No,0,Manufacturing,Austin,Medium,None,3.0,40.0,4,75374,90444,4.1
GRAD_005371,2017,20,Female,Other,Top 50,Computer Science,3.02,2,Yes,0,Manufacturing,Seattle,Fortune 500,MBA,2.0,0.0,7,149578,272776,8.5
GRAD_005372,2021,22,Female,Asian,Regional,Psychology,3.45,0,No,1,Manufacturing,New York,Startup,None,1.0,60.0,3,66975,81123,5.2
GRAD_005373,2022,23,Male,Hispanic,Top 50,Data Science,3.58,0,No,2,Non-profit,Boston,Medium,None,0.0,0.0,2,102333,115168,10.0
GRAD_005374,2021,22,Female,White,Regional,Business,2.93,2,No,1,Consulting,Washington DC,Small,Masters,0.0,0.0,3,105845,138299,8.5
GRAD_005375,2020,21,Female,White,Regional,Engineering,3.11,3,,3,Transportation,Dallas,Large,None,1.0,20.0,4,83626,104980,5.9
GRAD_005376,2021,22,Male,Other,Top 100,Finance,3.09,0,No,0,Finance,San Francisco,Medium,None,3.0,60.0,3,162984,202041,7.7
GRAD_005377,2023,23,Female,Asian,Regional,Engineering,3.71,2,No,1,Manufacturing,Boston,Small,None,1.0,20.0,1,123477,128009,8.2
GRAD_005378,2015,21,Male,White,Top 100,Marketing,3.62,1,Yes,3,Manufacturing,Portland,Fortune 500,None,3.0,100.0,9,79214,117514,7.4
GRAD_005379,2021,24,Male,Black,Regional,Economics,3.54,1,No,2,Technology,Boston,Medium,None,,40.0,3,108888,124939,6.9
GRAD_005380,2022,20,Female,White,Top 100,Business,3.16,0,Yes,0,Non-profit,Portland,Large,None,4.0,20.0,2,53588,67788,8.2
GRAD_005381,2021,23,Female,White,Top 50,Economics,3.42,1,No,0,Manufacturing,Phoenix,Startup,None,3.0,0.0,3,83698,95449,5.9
GRAD_005382,2018,22,Male,Asian,Regional,Psychology,3.7,3,No,1,Energy,Austin,Large,MBA,2.0,,6,76439,133571,7.3
GRAD_005383,2022,21,Female,White,Top 100,Engineering,3.81,3,Yes,1,Non-profit,Chicago,Small,PhD,0.0,80.0,2,84301,104066,9.0
GRAD_005384,2023,20,Female,White,Top 10,Data Science,3.03,0,No,2,Government,New York,Large,None,4.0,40.0,1,139089,153165,8.9
GRAD_005385,2021,24,Female,Asian,Regional,Business,2.57,2,No,2,Retail,Chicago,Large,None,2.0,60.0,3,59376,72615,6.2
GRAD_005386,2020,21,Male,White,Top 100,Business,2.9,2,No,1,Education,Dallas,Fortune 500,None,1.0,20.0,4,56990,71886,8.9
GRAD_005387,2018,22,Male,White,Regional,Psychology,3.12,2,No,0,Finance,Washington DC,Small,None,7.0,0.0,6,78356,135775,7.2
GRAD_005388,2018,23,Male,Hispanic,Top 10,Communications,3.39,2,No,3,Retail,Austin,Medium,None,2.0,20.0,6,64468,83469,9.2
GRAD_005389,2021,26,Male,White,Top 100,Biology,3.48,2,No,2,Consulting,Washington DC,Small,None,2.0,0.0,3,102949,119289,5.9
GRAD_005390,2020,21,Female,Asian,Top 50,Business,3.28,1,No,0,Technology,Phoenix,Small,None,1.0,0.0,4,93776,120908,10.0
GRAD_005391,2016,22,Female,White,Top 100,Liberal Arts,3.43,2,Yes,1,Media,Austin,Fortune 500,PhD,2.0,0.0,8,57757,101666,7.9
GRAD_005392,2016,23,Male,White,Regional,Data Science,3.53,1,No,1,Retail,Portland,Large,None,2.0,60.0,8,88445,153361,7.4
GRAD_005393,2015,22,Female,White,Regional,Engineering,3.09,5,No,0,Manufacturing,Seattle,Medium,None,2.0,40.0,9,135671,186913,7.2
GRAD_005394,2021,21,Female,White,Top 100,Mathematics,3.15,1,,1,Manufacturing,Los Angeles,Fortune 500,None,,60.0,3,83310,97139,6.3
GRAD_005395,2018,24,Female,White,Regional,Liberal Arts,3.49,1,Yes,0,Transportation,Boston,Medium,Masters,0.0,0.0,6,58854,91141,7.7
GRAD_005396,2015,21,Male,White,Top 50,Finance,3.44,2,Yes,1,Transportation,Portland,Large,None,4.0,0.0,9,110042,208442,7.2
GRAD_005397,2018,23,Female,White,Regional,Economics,2.84,0,Yes,2,Finance,Portland,Fortune 500,PhD,1.0,80.0,6,103139,159869,7.4
GRAD_005398,2022,22,Male,Black,Regional,Communications,3.57,1,No,2,Finance,Philadelphia,Large,None,4.0,60.0,2,74985,91709,4.3
GRAD_005399,2017,21,Male,White,Top 100,Computer Science,3.34,2,Yes,1,Real Estate,Dallas,Small,Masters,3.0,0.0,7,112539,191673,6.9
GRAD_005400,2021,24,Female,Hispanic,Regional,Data Science,2.94,1,No,0,Transportation,Seattle,Large,MD,2.0,40.0,3,94881,159769,8.3
GRAD_005401,2019,22,Female,Hispanic,Regional,Computer Science,3.22,5,No,4,Healthcare,New York,Small,MBA,0.0,40.0,5,145991,238155,4.7
GRAD_005402,2020,20,Female,Black,Regional,Computer Science,3.22,0,Yes,2,Transportation,Phoenix,Fortune 500,JD,2.0,40.0,4,74978,120823,6.7
GRAD_005403,2020,22,Male,White,Top 100,Engineering,2.99,3,No,1,Healthcare,Chicago,Medium,None,1.0,40.0,4,96392,127847,8.8
GRAD_005404,2019,21,Female,White,Top 100,Chemistry,3.34,0,No,1,Media,Philadelphia,Large,None,2.0,60.0,5,58500,82972,5.7
GRAD_005405,2015,20,Male,Hispanic,Regional,Economics,3.4,0,No,1,Manufacturing,Dallas,Large,None,3.0,100.0,9,66060,117062,9.7
GRAD_005406,2020,23,Female,White,Regional,Computer Science,3.73,1,No,1,Healthcare,Los Angeles,Small,None,0.0,20.0,4,149402,176843,9.3
GRAD_005407,2019,21,Male,Black,Top 10,Business,2.73,0,,0,Transportation,Boston,Medium,None,3.0,40.0,5,107254,147709,6.8
GRAD_005408,2017,22,Male,White,Top 50,Chemistry,3.34,2,No,1,Retail,Dallas,Large,MBA,1.0,80.0,7,70641,123860,7.6
GRAD_005409,2023,23,Female,Asian,Top 10,Mathematics,3.14,0,No,1,Manufacturing,Philadelphia,Large,PhD,4.0,20.0,1,81344,106350,7.3
GRAD_005410,2021,22,Male,White,Regional,Computer Science,3.18,0,Yes,2,Government,Denver,Medium,MBA,5.0,40.0,3,88034,149069,6.6
GRAD_005411,2018,22,Male,Asian,Top 50,Chemistry,4.0,2,No,0,Energy,Seattle,Large,None,3.0,80.0,6,134231,203297,8.3
GRAD_005412,2020,21,Female,White,Top 50,Political Science,3.66,5,No,3,Retail,Philadelphia,Fortune 500,None,5.0,60.0,4,64594,93213,5.2
GRAD_005413,2023,24,Female,Other,Regional,Computer Science,3.71,0,No,1,Transportation,Atlanta,Large,None,1.0,0.0,1,103062,102670,8.7
GRAD_005414,2017,22,Male,Asian,Top 100,Mathematics,3.4,1,Yes,1,Education,Washington DC,Medium,Masters,1.0,20.0,7,65101,97631,9.0
GRAD_005415,2023,23,Female,White,Top 50,Communications,3.34,1,No,1,Technology,Austin,Medium,Masters,4.0,60.0,1,94567,117372,7.5
GRAD_005416,2021,24,Male,Black,Regional,Liberal Arts,2.9,0,No,1,Energy,Philadelphia,Large,None,1.0,40.0,3,59988,73537,6.9
GRAD_005417,2020,20,Male,White,Top 100,Engineering,3.9,2,No,1,Manufacturing,Chicago,Fortune 500,Masters,3.0,0.0,4,99863,149894,6.0
GRAD_005418,2023,21,Male,White,Top 100,Business,2.96,2,No,1,Non-profit,Philadelphia,Medium,None,,0.0,1,52148,64669,9.0
GRAD_005419,2018,22,Female,White,Regional,Data Science,3.45,1,Yes,2,Energy,Portland,Small,None,5.0,0.0,6,108212,149030,10.0
GRAD_005420,2018,22,Male,White,Top 10,Psychology,3.16,1,Yes,1,Technology,Washington DC,Startup,None,3.0,40.0,6,102329,146995,9.1
GRAD_005421,2018,23,Female,Asian,Top 100,Engineering,3.18,3,No,0,Media,San Francisco,Small,None,,20.0,6,133909,169470,7.8
GRAD_005422,2022,24,Male,White,Top 10,Business,2.8,0,No,1,Retail,Austin,Small,None,2.0,60.0,2,91394,109165,4.3
GRAD_005423,2018,21,Female,Black,Regional,Liberal Arts,3.4,4,No,1,Transportation,Atlanta,Medium,None,,0.0,6,53969,76831,5.8
GRAD_005424,2016,22,Male,White,Top 50,Liberal Arts,2.66,1,No,0,Energy,Miami,Large,None,3.0,60.0,8,78101,138784,9.4
GRAD_005425,2021,24,Male,White,Regional,Finance,2.44,3,No,0,Real Estate,Austin,Large,None,3.0,0.0,3,96297,119109,8.2
GRAD_005426,2017,23,Female,Hispanic,Top 100,Business,3.1,2,No,0,Education,New York,Startup,MBA,2.0,0.0,7,87534,156130,7.7
GRAD_005427,2015,20,Male,Other,Regional,Engineering,3.45,1,No,2,Real Estate,Seattle,Large,None,1.0,100.0,9,110274,201137,9.3
GRAD_005428,2017,20,Male,Black,Top 50,Finance,2.89,2,No,0,Energy,Miami,Large,None,1.0,80.0,7,111767,141903,7.1
GRAD_005429,2022,21,Male,White,Regional,Business,2.61,4,No,2,Education,Washington DC,Medium,None,3.0,0.0,2,64122,78975,5.2
GRAD_005430,2023,23,Male,White,Regional,Communications,3.94,2,No,2,Retail,Philadelphia,Large,None,2.0,40.0,1,51711,60084,6.2
GRAD_005431,2021,23,Female,Other,Top 100,Communications,4.0,1,No,0,Technology,Philadelphia,Large,None,3.0,0.0,3,75062,88201,3.5
GRAD_005432,2018,21,Male,White,Top 50,Engineering,3.53,0,No,0,Transportation,Phoenix,Medium,None,1.0,80.0,6,87129,108154,10.0
GRAD_005433,2019,23,Male,White,Top 100,Computer Science,3.16,0,Yes,0,Real Estate,Boston,Startup,None,2.0,40.0,5,121077,167710,10.0
GRAD_005434,2017,22,Female,Asian,Top 100,Marketing,3.48,1,No,1,Consulting,San Francisco,Small,None,3.0,20.0,7,128071,186510,7.7
GRAD_005435,2023,20,Female,White,Top 100,Chemistry,3.53,1,No,1,Media,Phoenix,Startup,MBA,1.0,20.0,1,62360,82522,6.2
GRAD_005436,2021,21,Male,White,Top 100,Communications,3.5,3,No,1,Non-profit,Boston,Small,MBA,2.0,60.0,3,63661,99248,4.0
GRAD_005437,2016,20,Male,Asian,Top 50,Communications,3.56,1,No,1,Retail,Miami,Medium,None,5.0,80.0,8,55822,104810,7.1
GRAD_005438,2018,20,Male,Asian,Top 100,Economics,3.5,2,Yes,1,Energy,Miami,Small,None,0.0,40.0,6,86921,113934,5.2
GRAD_005439,2020,20,Other,Hispanic,Top 50,Business,3.18,2,No,0,Transportation,Atlanta,Fortune 500,Masters,2.0,60.0,4,79849,119746,5.0
GRAD_005440,2022,20,Female,Hispanic,Top 100,Psychology,3.32,0,Yes,0,Transportation,Philadelphia,Startup,None,1.0,20.0,2,53539,59183,5.3
GRAD_005441,2023,25,Female,Hispanic,Top 100,Business,3.57,2,No,1,Retail,Seattle,Large,MD,3.0,60.0,1,75511,124031,5.8
GRAD_005442,2016,21,Female,White,Regional,Computer Science,3.45,2,No,0,Retail,Boston,Large,None,3.0,100.0,8,89488,124609,8.6
GRAD_005443,2022,20,Female,White,Top 10,Business,3.61,0,No,1,Non-profit,Miami,Medium,None,5.0,0.0,2,61914,81091,3.3
GRAD_005444,2015,23,Female,White,Regional,Liberal Arts,3.0,1,No,1,Education,Los Angeles,Large,None,3.0,100.0,9,55685,100314,8.8
GRAD_005445,2017,22,Female,White,Top 100,Business,3.41,3,Yes,1,Technology,Boston,Small,JD,3.0,20.0,7,140478,260843,9.1
GRAD_005446,2015,22,Male,Hispanic,Regional,Liberal Arts,3.02,1,Yes,0,Transportation,Seattle,Small,None,1.0,60.0,9,75724,108059,7.1
GRAD_005447,2015,21,Female,White,Regional,Business,3.33,1,No,0,Manufacturing,Seattle,Medium,None,5.0,0.0,9,92999,165268,6.3
GRAD_005448,2015,23,Male,Asian,Regional,Computer Science,3.06,1,No,2,Retail,Miami,Large,None,2.0,100.0,9,92614,136243,8.4
GRAD_005449,2016,20,Female,Black,Top 50,Liberal Arts,3.2,0,No,1,Finance,Phoenix,Small,None,4.0,60.0,8,62887,95182,8.4
GRAD_005450,2022,23,Female,White,Regional,Engineering,3.62,1,Yes,0,Education,New York,Medium,None,2.0,20.0,2,95534,110723,9.7
GRAD_005451,2018,23,Male,Black,Top 100,Finance,3.5,1,No,0,Media,Phoenix,Medium,MBA,2.0,20.0,6,77476,127964,7.1
GRAD_005452,2019,22,Male,Other,Top 10,Computer Science,2.95,0,Yes,0,Retail,Miami,Large,None,0.0,20.0,5,103243,122695,9.2
GRAD_005453,2019,20,Male,Asian,Top 50,Biology,3.13,3,Yes,1,Technology,San Francisco,Small,None,3.0,20.0,5,141879,207572,7.5
GRAD_005454,2023,23,Male,Asian,Top 10,Computer Science,3.59,2,No,1,Energy,Seattle,Small,Masters,2.0,40.0,1,181593,226448,7.7
GRAD_005455,2018,21,Male,White,Top 50,Data Science,3.95,2,No,0,Retail,Boston,Fortune 500,None,1.0,0.0,6,123731,162631,10.0
GRAD_005456,2017,22,Female,Other,Top 100,Mathematics,3.6,2,No,2,Healthcare,Dallas,Large,None,1.0,80.0,7,91329,111942,8.0
GRAD_005457,2023,23,Male,Asian,Regional,Data Science,3.07,1,Yes,2,Government,Washington DC,Medium,PhD,2.0,100.0,1,114892,151367,9.5
GRAD_005458,2020,21,Female,White,Regional,Engineering,3.24,2,No,3,Healthcare,Washington DC,Small,None,2.0,20.0,4,107440,124259,7.8
GRAD_005459,2018,25,Female,White,Top 100,Computer Science,3.42,1,Yes,1,Transportation,Philadelphia,Large,Masters,2.0,0.0,6,90673,148983,6.8
GRAD_005460,2018,22,Female,Asian,Top 100,Engineering,3.42,1,No,2,Government,Boston,Startup,None,0.0,20.0,6,91755,116822,7.6
GRAD_005461,2016,21,Female,White,Top 10,Mathematics,3.37,1,,3,Education,Philadelphia,Small,Masters,1.0,20.0,8,72257,112945,8.5
GRAD_005462,2020,23,Female,Asian,Top 10,Chemistry,2.99,2,No,1,Media,Miami,Medium,None,0.0,40.0,4,69962,88529,4.3
GRAD_005463,2021,24,Male,White,Regional,Finance,3.15,2,No,4,Manufacturing,Washington DC,Medium,Masters,1.0,100.0,3,103298,140492,6.4
GRAD_005464,2019,20,Male,Asian,Top 100,Marketing,3.39,1,No,1,Finance,Portland,Fortune 500,Masters,,20.0,5,86940,126462,9.3
GRAD_005465,2023,20,Female,Asian,Top 50,Marketing,3.15,0,No,0,Real Estate,Boston,Fortune 500,MBA,,20.0,1,106759,148643,5.5
GRAD_005466,2019,21,Male,White,Regional,Psychology,3.64,3,Yes,1,Transportation,Philadelphia,Small,None,0.0,40.0,5,66197,79025,5.7
GRAD_005467,2018,25,Female,White,Top 100,Business,2.68,4,Yes,1,Media,Atlanta,Medium,None,2.0,60.0,6,68255,100372,6.1
GRAD_005468,2017,21,Female,Asian,Regional,Marketing,3.74,3,No,1,Energy,Atlanta,Medium,Masters,5.0,60.0,7,77156,128967,6.7
GRAD_005469,2017,24,Female,White,Regional,Political Science,4.0,1,No,0,Media,Seattle,Small,JD,4.0,100.0,7,68877,145410,6.4
GRAD_005470,2018,22,Other,White,Top 100,Liberal Arts,3.43,2,,2,Media,Austin,Large,Masters,4.0,40.0,6,60685,111200,4.9
GRAD_005471,2023,20,Female,White,Regional,Psychology,3.04,0,No,0,Manufacturing,Washington DC,Large,PhD,5.0,100.0,1,76641,105851,6.6
GRAD_005472,2018,23,Male,White,Regional,Business,3.86,2,Yes,0,Finance,Washington DC,Medium,None,1.0,0.0,6,117657,167449,7.0
GRAD_005473,2020,22,Male,White,Regional,Liberal Arts,3.19,2,No,0,Healthcare,Dallas,Medium,PhD,1.0,100.0,4,56797,86988,6.6
GRAD_005474,2018,21,Male,White,Top 50,Communications,3.03,1,Yes,1,Manufacturing,Chicago,Large,Masters,5.0,80.0,6,77331,126118,7.6
GRAD_005475,2016,21,Male,Asian,Top 100,Finance,3.41,1,No,0,Energy,Austin,Startup,MBA,2.0,20.0,8,105947,206341,8.6
GRAD_005476,2021,20,Female,White,Top 100,Economics,3.71,0,No,1,Non-profit,Denver,Fortune 500,None,,40.0,3,58703,62870,6.6
GRAD_005477,2020,21,Female,White,Top 100,Computer Science,3.98,3,No,2,Non-profit,Portland,Fortune 500,None,2.0,80.0,4,83120,96259,5.9
GRAD_005478,2015,23,Male,Asian,Top 50,Data Science,3.09,2,No,1,Finance,Portland,Small,Masters,1.0,100.0,9,135821,234838,7.0
GRAD_005479,2023,21,Male,Asian,Top 100,Political Science,3.35,3,No,1,Retail,Dallas,Medium,None,2.0,40.0,1,52671,60883,4.5
GRAD_005480,2020,22,Female,White,Top 100,Chemistry,3.34,0,No,2,Retail,Denver,Small,None,2.0,0.0,4,68793,84895,3.7
GRAD_005481,2018,22,Male,Black,Top 50,Economics,3.14,3,No,0,Media,Philadelphia,Small,None,0.0,20.0,6,80387,119095,8.5
GRAD_005482,2022,22,Male,White,Regional,Marketing,3.39,1,,0,Government,Denver,Large,None,3.0,0.0,2,72421,91748,7.3
GRAD_005483,2016,20,Female,White,Top 50,Chemistry,3.5,0,No,0,Media,Miami,Large,MBA,1.0,20.0,8,76378,124865,7.9
GRAD_005484,2019,23,Male,Black,Top 100,Business,3.41,0,No,1,Manufacturing,Boston,Large,None,1.0,0.0,5,89370,108753,7.0
GRAD_005485,2020,20,Female,Asian,Regional,Finance,2.97,1,No,2,Education,Seattle,Startup,None,3.0,60.0,4,91934,114038,7.2
GRAD_005486,2022,21,Male,Asian,Regional,Mathematics,3.33,1,No,2,Education,Atlanta,Small,None,3.0,0.0,2,53459,66749,6.2
GRAD_005487,2018,21,Male,Hispanic,Regional,Economics,2.91,3,,0,Non-profit,Portland,Large,Masters,2.0,40.0,6,69937,113017,6.2
GRAD_005488,2022,22,Male,Hispanic,Regional,Business,2.75,4,No,2,Technology,Seattle,Medium,None,4.0,0.0,2,111227,134850,8.8
GRAD_005489,2021,22,Female,Hispanic,Top 100,Business,3.29,0,Yes,3,Consulting,Los Angeles,Medium,None,,0.0,3,104757,121594,5.3
GRAD_005490,2022,23,Male,White,Top 50,Finance,3.46,0,No,1,Government,Chicago,Large,Masters,,0.0,2,78591,96454,3.8
GRAD_005491,2023,22,Female,Asian,Regional,Data Science,3.31,0,No,0,Manufacturing,Portland,Fortune 500,JD,2.0,100.0,1,106729,145534,6.4
GRAD_005492,2022,20,Female,Asian,Top 100,Business,3.19,5,No,1,Real Estate,Dallas,Small,Masters,2.0,60.0,2,76654,99171,3.8
GRAD_005493,2018,24,Female,White,Regional,Data Science,3.41,2,No,0,Education,Boston,Large,MD,2.0,100.0,6,76961,139438,7.4
GRAD_005494,2021,21,Female,Other,Regional,Engineering,3.9,4,Yes,1,Non-profit,New York,Small,Masters,2.0,20.0,3,115987,144327,8.9
GRAD_005495,2022,22,Female,Hispanic,Top 50,Liberal Arts,3.38,1,No,0,Real Estate,Seattle,Medium,Masters,1.0,40.0,2,93615,115081,8.5
GRAD_005496,2020,20,Female,Black,Regional,Economics,4.0,1,,1,Transportation,Chicago,Large,None,2.0,100.0,4,80769,95095,5.0
GRAD_005497,2021,21,Female,White,Top 50,Marketing,3.24,2,No,1,Finance,Austin,Fortune 500,None,3.0,60.0,3,105687,129856,10.0
GRAD_005498,2017,24,Female,White,Regional,Business,3.26,4,Yes,1,Government,San Francisco,Fortune 500,None,5.0,0.0,7,111140,169003,6.9
GRAD_005499,2022,20,Male,White,Top 50,Business,3.39,2,No,2,Non-profit,Los Angeles,Small,Masters,2.0,40.0,2,68648,93181,5.9
GRAD_005500,2022,20,Female,Hispanic,Regional,Data Science,2.45,4,No,1,Manufacturing,Seattle,Medium,Masters,2.0,0.0,2,101397,125269,7.6
GRAD_005501,2023,21,Male,White,Top 50,Finance,3.35,0,No,1,Healthcare,Portland,Small,Masters,3.0,60.0,1,108038,137716,3.0
GRAD_005502,2021,22,Male,White,Top 100,Data Science,2.95,1,No,0,Healthcare,Washington DC,Small,Masters,1.0,0.0,3,133431,184178,7.1
GRAD_005503,2022,21,Female,Hispanic,Top 100,Data Science,3.55,1,,1,Government,Boston,Startup,Masters,1.0,0.0,2,98411,121774,4.9
GRAD_005504,2016,20,Male,Asian,Regional,Psychology,3.1,3,No,0,Media,San Francisco,Large,MBA,2.0,100.0,8,89322,150060,6.9
GRAD_005505,2022,20,Female,Asian,Top 100,Computer Science,3.07,2,No,2,Technology,Austin,Small,Masters,1.0,0.0,2,167063,194971,7.3
GRAD_005506,2023,21,Male,Hispanic,Regional,Business,3.35,0,No,1,Retail,Phoenix,Medium,None,3.0,40.0,1,58896,71525,7.6
GRAD_005507,2022,20,Female,White,Top 50,Engineering,3.06,1,Yes,0,Technology,New York,Small,None,6.0,20.0,2,151744,169767,8.1
GRAD_005508,2020,25,Female,White,Regional,Liberal Arts,3.04,2,No,1,Non-profit,Atlanta,Fortune 500,Masters,,0.0,4,40825,56646,5.4
GRAD_005509,2023,25,Other,Black,Top 100,Finance,3.28,2,No,0,Consulting,Washington DC,Startup,None,1.0,60.0,1,124823,131836,7.1
GRAD_005510,2016,24,Male,Hispanic,Top 10,Biology,3.79,2,No,0,Finance,Austin,Medium,Masters,1.0,20.0,8,114826,186624,8.3
GRAD_005511,2015,23,Male,White,Top 50,Political Science,3.23,0,No,1,Government,Denver,Fortune 500,None,0.0,20.0,9,56985,90956,5.2
GRAD_005512,2023,23,Female,White,Top 50,Engineering,4.0,2,No,0,Media,Philadelphia,Medium,None,2.0,40.0,1,97963,106511,8.0
GRAD_005513,2021,24,Male,Hispanic,Top 50,Liberal Arts,3.72,2,No,0,Finance,New York,Large,Masters,4.0,0.0,3,142435,198001,7.6
GRAD_005514,2016,22,Female,Other,Top 100,Data Science,3.18,1,No,3,Technology,Denver,Startup,MBA,1.0,40.0,8,145132,245866,7.8
GRAD_005515,2018,21,Female,Hispanic,Top 100,Business,3.43,1,Yes,1,Media,Phoenix,Small,Masters,3.0,60.0,6,62391,103032,6.8
GRAD_005516,2021,25,Male,White,Top 100,Computer Science,3.42,1,Yes,3,Transportation,Phoenix,Medium,MBA,2.0,40.0,3,93676,146123,6.1
GRAD_005517,2022,23,Male,White,Top 10,Psychology,3.26,1,No,0,Energy,New York,Large,MBA,2.0,40.0,2,131577,183722,9.1
GRAD_005518,2016,24,Other,Hispanic,Top 100,Mathematics,3.41,3,No,0,Non-profit,Portland,Small,MBA,3.0,20.0,8,56573,119597,8.3
GRAD_005519,2019,25,Male,White,Regional,Liberal Arts,2.95,3,No,1,Non-profit,Dallas,Large,MBA,4.0,,5,40301,74270,5.9
GRAD_005520,2022,20,Male,Asian,Top 50,Political Science,3.74,2,No,1,Manufacturing,Austin,Fortune 500,None,0.0,20.0,2,86427,95127,4.8
GRAD_005521,2023,21,Female,White,Top 100,Biology,3.33,1,No,3,Manufacturing,Miami,Startup,MBA,3.0,20.0,1,61616,87192,5.9
GRAD_005522,2021,22,Female,White,Top 100,Chemistry,3.64,1,Yes,0,Real Estate,Los Angeles,Small,None,,80.0,3,72737,84939,9.3
GRAD_005523,2021,23,Female,Hispanic,Top 50,Computer Science,3.12,2,No,1,Real Estate,Phoenix,Small,PhD,4.0,100.0,3,110881,155775,9.1
GRAD_005524,2019,23,Female,White,Regional,Computer Science,3.98,2,No,1,Education,Seattle,Small,None,3.0,0.0,5,116512,147618,9.3
GRAD_005525,2020,22,Female,Other,Regional,Business,3.22,1,Yes,0,Media,Denver,Large,MBA,1.0,60.0,4,72939,106693,5.0
GRAD_005526,2016,24,Male,White,Top 50,Business,3.02,2,Yes,1,Finance,San Francisco,Small,MBA,0.0,20.0,8,150108,309406,7.6
GRAD_005527,2018,23,Female,White,Regional,Finance,2.57,2,,1,Education,Seattle,Medium,None,2.0,0.0,6,78904,94892,4.5
GRAD_005528,2020,23,Female,White,Top 100,Psychology,3.36,3,No,0,Real Estate,Boston,Large,JD,2.0,20.0,4,96043,147021,5.2
GRAD_005529,2018,22,Other,White,Regional,Business,3.57,2,No,1,Government,Seattle,Startup,None,2.0,40.0,6,81929,108007,6.8
GRAD_005530,2018,22,Female,White,Regional,Computer Science,3.6,3,No,2,Transportation,Chicago,Fortune 500,None,0.0,100.0,6,92756,121514,9.1
GRAD_005531,2023,22,Female,Asian,Regional,Chemistry,3.31,3,Yes,1,Real Estate,Los Angeles,Small,None,2.0,60.0,1,98121,103556,8.2
GRAD_005532,2015,23,Male,Black,Top 10,Political Science,2.94,1,Yes,2,Retail,Washington DC,Large,None,2.0,0.0,9,70171,101178,5.1
GRAD_005533,2018,20,Male,Black,Regional,Business,3.87,2,,2,Consulting,Seattle,Fortune 500,None,1.0,20.0,6,130138,167866,6.3
GRAD_005534,2020,23,Female,Asian,Regional,Economics,3.21,1,No,1,Real Estate,Dallas,Large,Masters,2.0,,4,76608,102862,8.0
GRAD_005535,2018,20,Female,Asian,Top 10,Business,2.6,0,No,1,Technology,Boston,Large,MBA,1.0,20.0,6,148350,229568,6.3
GRAD_005536,2021,21,Male,White,Top 50,Economics,3.25,3,No,1,Technology,Los Angeles,Small,Masters,1.0,40.0,3,121862,170549,7.4
GRAD_005537,2018,23,Female,White,Top 100,Data Science,2.6,1,No,0,Real Estate,Philadelphia,Large,None,0.0,20.0,6,112104,157221,8.4
GRAD_005538,2021,21,Male,White,Regional,Data Science,2.43,1,No,2,Government,Portland,Small,Masters,3.0,0.0,3,91777,125440,8.7
GRAD_005539,2022,22,Female,White,Top 100,Computer Science,3.13,2,No,0,Non-profit,Austin,Small,None,2.0,100.0,2,93910,104369,7.5
GRAD_005540,2021,21,Female,White,Top 10,Engineering,2.92,2,No,0,Media,Denver,Large,None,3.0,40.0,3,103494,117893,5.0
GRAD_005541,2015,23,Male,White,Regional,Finance,3.08,1,Yes,2,Finance,Seattle,Large,None,2.0,,9,109829,184408,3.4
GRAD_005542,2022,22,Male,Hispanic,Top 100,Business,3.26,2,Yes,0,Healthcare,Philadelphia,Small,MBA,,40.0,2,81802,121945,6.5
GRAD_005543,2017,22,Female,White,Regional,Chemistry,2.87,0,No,2,Retail,Phoenix,Medium,None,2.0,0.0,7,46287,62382,6.7
GRAD_005544,2021,24,Female,Asian,Top 100,Data Science,3.49,3,No,2,Government,Miami,Medium,None,6.0,0.0,3,103997,132749,4.5
GRAD_005545,2021,23,Female,White,Regional,Data Science,2.94,1,No,2,Finance,Chicago,Large,Masters,2.0,80.0,3,130342,167171,8.4
GRAD_005546,2022,23,Male,Asian,Top 100,Chemistry,3.12,3,No,0,Manufacturing,Los Angeles,Fortune 500,MBA,,60.0,2,93573,145281,8.2
GRAD_005547,2020,24,Male,Hispanic,Top 100,Liberal Arts,3.42,1,No,1,Non-profit,Chicago,Medium,Masters,2.0,0.0,4,52769,78614,4.4
GRAD_005548,2018,24,Female,White,Regional,Business,3.87,2,No,1,Transportation,Phoenix,Medium,Masters,0.0,80.0,6,69876,95327,4.6
GRAD_005549,2020,21,Female,Hispanic,Top 50,Psychology,3.1,0,,1,Transportation,San Francisco,Large,MD,2.0,,4,75822,143998,9.5
GRAD_005550,2020,23,Male,Asian,Top 100,Biology,3.1,2,No,2,Transportation,Chicago,Fortune 500,Masters,2.0,0.0,4,60620,87652,4.8
GRAD_005551,2022,23,Female,Asian,Regional,Chemistry,3.57,1,No,1,Media,Los Angeles,Small,None,1.0,60.0,2,61890,65579,5.3
GRAD_005552,2017,24,Male,Asian,Regional,Marketing,3.28,3,No,0,Energy,San Francisco,Small,MD,1.0,0.0,7,112395,238749,6.8
GRAD_005553,2022,20,Female,White,Top 100,Liberal Arts,3.3,1,No,0,Non-profit,Miami,Medium,Masters,2.0,20.0,2,43849,61102,4.7
GRAD_005554,2018,21,Female,Hispanic,Regional,Finance,3.39,2,Yes,0,Retail,Dallas,Small,None,4.0,0.0,6,62616,91169,5.1
GRAD_005555,2021,22,Female,Hispanic,Top 100,Engineering,3.06,1,No,0,Energy,Dallas,Small,Masters,3.0,60.0,3,96551,137707,5.2
GRAD_005556,2018,24,Female,Asian,Regional,Engineering,3.36,1,No,0,Finance,Seattle,Large,Masters,1.0,0.0,6,123782,189538,5.9
GRAD_005557,2021,22,Female,White,Top 100,Business,4.0,0,No,2,Education,Austin,Small,None,3.0,20.0,3,81500,99486,7.0
GRAD_005558,2022,22,Male,Hispanic,Top 10,Business,3.25,1,No,1,Finance,Dallas,Medium,None,,60.0,2,116767,136577,7.2
GRAD_005559,2020,21,Female,Black,Top 50,Economics,4.0,1,No,2,Retail,Boston,Small,JD,,60.0,4,87501,143515,7.4
GRAD_005560,2020,23,Male,White,Top 100,Chemistry,2.77,2,Yes,1,Non-profit,Phoenix,Large,MBA,1.0,20.0,4,51815,79996,7.3
GRAD_005561,2021,23,Male,White,Regional,Liberal Arts,3.21,2,No,0,Media,Austin,Small,None,1.0,40.0,3,65237,79478,3.6
GRAD_005562,2021,21,Other,White,Top 50,Psychology,3.3,3,Yes,0,Consulting,Portland,Fortune 500,None,1.0,20.0,3,86324,100496,6.7
GRAD_005563,2021,20,Female,White,Top 100,Liberal Arts,2.81,0,No,1,Education,Seattle,Fortune 500,Masters,1.0,20.0,3,52143,72067,7.0
GRAD_005564,2022,23,Female,Hispanic,Top 100,Business,3.19,1,No,1,Healthcare,Denver,Large,PhD,2.0,80.0,2,86550,111539,5.2
GRAD_005565,2017,23,Female,Asian,Regional,Engineering,3.05,1,No,2,Transportation,Atlanta,Small,MBA,3.0,20.0,7,71317,114032,7.6
GRAD_005566,2017,21,Female,White,Top 100,Engineering,3.04,1,No,3,Real Estate,Boston,Startup,None,4.0,20.0,7,105654,172441,5.5
GRAD_005567,2023,23,Male,Hispanic,Top 100,Chemistry,3.32,2,Yes,0,Retail,Dallas,Large,Masters,3.0,0.0,1,53119,72012,7.0
GRAD_005568,2022,23,Male,Black,Top 10,Political Science,3.87,1,No,1,Media,Phoenix,Large,None,0.0,,2,58242,65345,4.3
GRAD_005569,2020,24,Female,White,Regional,Engineering,3.52,2,No,1,Real Estate,Miami,Medium,None,0.0,,4,79840,92798,6.6
GRAD_005570,2015,23,Male,White,Regional,Engineering,3.59,3,No,0,Transportation,Los Angeles,Small,None,6.0,40.0,9,90525,167791,8.5
GRAD_005571,2022,21,Female,Black,Top 10,Mathematics,3.4,0,No,3,Consulting,San Francisco,Small,None,1.0,20.0,2,178560,194001,8.7
GRAD_005572,2022,21,Female,Other,Top 10,Finance,2.98,4,Yes,0,Finance,Portland,Medium,None,4.0,0.0,2,152881,168471,8.1
GRAD_005573,2023,25,Female,White,Top 50,Computer Science,3.24,0,No,0,Transportation,Los Angeles,Large,MBA,1.0,0.0,1,132528,171844,7.7
GRAD_005574,2015,21,Female,Asian,Top 10,Computer Science,3.31,2,No,1,Retail,Miami,Startup,Masters,4.0,0.0,9,120690,219538,9.2
GRAD_005575,2015,20,Male,White,Regional,Computer Science,3.22,1,Yes,0,Technology,Chicago,Medium,None,3.0,0.0,9,128637,228610,5.8
GRAD_005576,2020,20,Male,White,Top 50,Engineering,3.2,0,No,0,Education,Miami,Startup,None,2.0,0.0,4,82540,103846,7.6
GRAD_005577,2022,20,Male,White,Regional,Economics,3.49,2,,1,Healthcare,Philadelphia,Startup,None,2.0,60.0,2,98228,117250,5.4
GRAD_005578,2023,24,Male,Hispanic,Regional,Psychology,3.64,3,No,1,Consulting,Los Angeles,Medium,None,2.0,0.0,1,80863,91220,4.9
GRAD_005579,2018,25,Female,White,Top 100,Engineering,3.78,2,No,1,Retail,Atlanta,Large,None,5.0,20.0,6,84875,127830,7.6
GRAD_005580,2015,22,Female,Asian,Top 50,Engineering,3.27,2,,2,Finance,Washington DC,Fortune 500,None,2.0,40.0,9,127788,181288,5.7
GRAD_005581,2017,20,Male,Asian,Top 50,Engineering,3.77,1,No,0,Manufacturing,Phoenix,Large,None,1.0,40.0,7,101834,131141,5.5
GRAD_005582,2022,24,Female,White,Top 50,Biology,3.26,0,Yes,0,Consulting,Dallas,Small,None,2.0,20.0,2,74466,83067,5.1
GRAD_005583,2019,23,Female,Hispanic,Top 50,Mathematics,3.34,0,Yes,0,Energy,San Francisco,Large,Masters,1.0,100.0,5,122749,184157,6.3
GRAD_005584,2022,24,Male,White,Top 50,Computer Science,3.44,1,No,0,Manufacturing,Washington DC,Large,Masters,1.0,0.0,2,126412,167201,6.2
GRAD_005585,2019,23,Male,White,Top 100,Data Science,3.64,1,No,0,Government,Boston,Fortune 500,MBA,4.0,20.0,5,101091,164701,6.4
GRAD_005586,2015,20,Female,Asian,Regional,Marketing,3.99,0,Yes,1,Finance,Miami,Fortune 500,JD,2.0,0.0,9,89847,166718,4.7
GRAD_005587,2020,23,Female,Hispanic,Top 50,Economics,2.86,2,No,1,Retail,Miami,Large,Masters,4.0,20.0,4,84859,126097,7.6
GRAD_005588,2019,20,Male,Hispanic,Top 50,Marketing,3.21,3,No,1,Technology,Washington DC,Large,None,,0.0,5,125464,175289,7.6
GRAD_005589,2019,21,Male,White,Top 100,Biology,3.49,0,Yes,1,Healthcare,New York,Medium,Masters,1.0,20.0,5,81472,126746,4.8
GRAD_005590,2023,24,Male,Asian,Regional,Engineering,2.92,1,No,1,Government,Seattle,Startup,None,3.0,60.0,1,109787,123006,5.6
GRAD_005591,2019,23,Male,Hispanic,Top 50,Engineering,2.76,2,No,2,Manufacturing,Chicago,Medium,JD,0.0,40.0,5,111545,183541,5.6
GRAD_005592,2022,21,Female,White,Regional,Biology,3.24,6,No,3,Consulting,Atlanta,Large,PhD,1.0,40.0,2,82210,106951,7.3
GRAD_005593,2015,20,Male,White,Top 50,Engineering,2.96,1,No,1,Consulting,Seattle,Large,MBA,1.0,100.0,9,161253,348674,9.3
GRAD_005594,2019,22,Male,Asian,Regional,Business,3.51,0,Yes,1,Education,New York,Startup,Masters,0.0,20.0,5,67873,92560,7.4
GRAD_005595,2020,25,Male,Hispanic,Regional,Engineering,3.06,0,No,0,Government,Atlanta,Small,None,1.0,,4,75203,101111,9.4
GRAD_005596,2016,23,Female,White,Top 10,Business,3.48,4,No,2,Consulting,Boston,Large,Masters,3.0,40.0,8,149967,232582,7.9
GRAD_005597,2018,26,Female,Asian,Regional,Marketing,3.82,3,No,1,Transportation,Atlanta,Startup,MBA,3.0,0.0,6,79988,130522,6.1
GRAD_005598,2021,22,Female,White,Regional,Mathematics,3.98,3,No,0,Non-profit,New York,Large,Masters,3.0,,3,90540,127431,9.6
GRAD_005599,2017,23,Female,Black,Regional,Business,3.41,1,No,0,Energy,Philadelphia,Fortune 500,None,,100.0,7,92536,141855,6.2
GRAD_005600,2016,22,Female,Black,Top 50,Business,3.04,4,No,2,Finance,Atlanta,Small,Masters,3.0,80.0,8,101065,178866,5.7
GRAD_005601,2018,21,Female,Black,Regional,Business,3.78,2,No,0,Finance,Miami,Medium,None,2.0,20.0,6,106608,147379,8.4
GRAD_005602,2022,21,Male,Other,Top 100,Data Science,3.39,1,No,0,Consulting,Austin,Large,None,0.0,0.0,2,113117,121636,6.9
GRAD_005603,2022,23,Female,Hispanic,Top 50,Data Science,3.39,0,No,1,Healthcare,Austin,Fortune 500,None,1.0,20.0,2,123170,127342,5.9
GRAD_005604,2022,24,Male,White,Regional,Data Science,3.49,1,No,1,Non-profit,Seattle,Medium,MBA,2.0,20.0,2,79623,111662,9.7
GRAD_005605,2018,22,Female,Asian,Regional,Engineering,2.93,0,Yes,3,Healthcare,Dallas,Small,MBA,1.0,20.0,6,94495,145729,6.5
GRAD_005606,2016,24,Female,White,Regional,Finance,2.88,2,Yes,1,Non-profit,Austin,Medium,None,1.0,100.0,8,75217,102607,10.0
GRAD_005607,2015,25,Female,White,Top 100,Communications,3.58,0,,0,Technology,Austin,Startup,None,3.0,40.0,9,94420,131794,7.8
GRAD_005608,2020,23,Female,White,Regional,Chemistry,3.16,1,No,0,Manufacturing,San Francisco,Medium,None,1.0,0.0,4,91568,103567,1.4
GRAD_005609,2021,22,Female,Hispanic,Regional,Mathematics,3.5,1,Yes,1,Education,New York,Large,None,3.0,40.0,3,86026,104583,8.6
GRAD_005610,2018,21,Female,Asian,Regional,Liberal Arts,3.29,2,No,1,Healthcare,Chicago,Medium,None,2.0,40.0,6,66353,83483,5.1
GRAD_005611,2020,24,Male,Hispanic,Regional,Psychology,3.68,1,Yes,2,Retail,New York,Fortune 500,None,1.0,20.0,4,73881,90834,3.7
GRAD_005612,2018,20,Female,White,Regional,Computer Science,3.88,1,No,0,Education,Boston,Large,None,1.0,40.0,6,103617,149899,8.9
GRAD_005613,2018,23,Male,White,Regional,Mathematics,3.37,0,No,0,Finance,Chicago,Small,None,4.0,60.0,6,106619,170532,8.5
GRAD_005614,2021,20,Male,White,Top 100,Computer Science,3.61,1,No,0,Transportation,Philadelphia,Large,Masters,1.0,0.0,3,97492,139726,6.3
GRAD_005615,2021,20,Female,White,Top 10,Finance,3.3,1,No,2,Education,Dallas,Small,None,3.0,0.0,3,88172,106733,7.1
GRAD_005616,2015,22,Female,White,Regional,Finance,3.76,0,No,1,Energy,Atlanta,Medium,None,,0.0,9,86303,150799,8.2
GRAD_005617,2023,23,Female,White,Regional,Engineering,2.78,2,No,0,Healthcare,Philadelphia,Medium,MBA,2.0,80.0,1,85461,112533,5.7
GRAD_005618,2017,24,Female,Asian,Top 50,Communications,3.51,3,Yes,1,Healthcare,Washington DC,Large,MBA,3.0,100.0,7,93596,146105,10.0
GRAD_005619,2023,22,Male,White,Regional,Business,3.17,1,No,2,Education,Washington DC,Large,MBA,4.0,0.0,1,59522,90215,10.0
GRAD_005620,2020,21,Male,Black,Top 100,Engineering,3.52,1,No,2,Retail,Portland,Large,Masters,,20.0,4,80601,111855,3.8
GRAD_005621,2019,21,Male,Asian,Top 50,Engineering,3.26,3,,1,Manufacturing,Denver,Large,None,2.0,0.0,5,94541,126505,9.4
GRAD_005622,2019,23,Male,Hispanic,Top 100,Biology,3.45,1,No,1,Finance,Washington DC,Large,None,2.0,40.0,5,100008,139929,6.8
GRAD_005623,2023,23,Female,White,Top 10,Marketing,3.18,1,,0,Technology,Washington DC,Startup,None,,0.0,1,128759,134436,5.5
GRAD_005624,2017,22,Male,Asian,Regional,Computer Science,2.31,2,No,1,Real Estate,Philadelphia,Large,None,2.0,20.0,7,90488,136338,6.6
GRAD_005625,2020,22,Female,Black,Regional,Liberal Arts,3.73,1,No,2,Energy,Philadelphia,Fortune 500,None,1.0,40.0,4,74408,88093,7.0
GRAD_005626,2018,24,Female,Asian,Regional,Liberal Arts,2.63,1,No,2,Retail,Denver,Large,None,4.0,0.0,6,53513,78193,6.1
GRAD_005627,2023,24,Male,White,Top 10,Liberal Arts,2.94,3,No,0,Education,Boston,Large,None,1.0,80.0,1,65083,70754,7.6
GRAD_005628,2016,20,Male,Asian,Top 10,Psychology,3.47,3,No,0,Technology,Boston,Large,None,,20.0,8,143095,236294,6.1
GRAD_005629,2021,23,Male,White,Regional,Chemistry,3.47,2,No,2,Media,New York,Small,None,,80.0,3,76720,94170,6.5
GRAD_005630,2019,24,Female,Asian,Regional,Liberal Arts,3.65,0,No,1,Real Estate,Los Angeles,Large,None,2.0,20.0,5,57078,78419,5.9
GRAD_005631,2021,21,Male,White,Top 10,Communications,3.46,2,No,2,Media,Phoenix,Large,Masters,1.0,0.0,3,65051,85713,4.8
GRAD_005632,2016,23,Other,White,Top 100,Biology,3.72,0,No,2,Manufacturing,Los Angeles,Medium,Masters,1.0,20.0,8,85797,135927,6.3
GRAD_005633,2019,27,Male,White,Regional,Computer Science,3.58,0,Yes,0,Non-profit,Dallas,Small,PhD,1.0,20.0,5,61457,94286,6.9
GRAD_005634,2016,23,Male,White,Top 50,Liberal Arts,2.73,0,Yes,2,Non-profit,Los Angeles,Medium,None,0.0,80.0,8,52887,68752,4.9
GRAD_005635,2023,22,Female,White,Top 50,Finance,3.36,2,Yes,0,Media,Boston,Fortune 500,MD,1.0,0.0,1,95243,147494,5.1
GRAD_005636,2017,22,Male,White,Regional,Biology,3.1,1,No,1,Education,Boston,Large,PhD,2.0,20.0,7,53690,89812,6.1
GRAD_005637,2023,22,Male,White,Top 100,Economics,3.92,2,No,0,Finance,Austin,Small,None,,0.0,1,139188,156296,8.7
GRAD_005638,2019,20,Male,White,Top 50,Engineering,3.08,1,Yes,0,Government,Miami,Small,None,5.0,20.0,5,88465,126571,6.5
GRAD_005639,2015,20,Male,Black,Top 10,Psychology,3.58,1,No,1,Healthcare,Phoenix,Small,None,2.0,60.0,9,74521,130723,8.0
GRAD_005640,2015,22,Female,White,Top 10,Business,2.79,1,No,1,Real Estate,Denver,Large,None,1.0,100.0,9,116228,198727,8.5
GRAD_005641,2020,22,Male,White,Top 50,Liberal Arts,3.25,2,No,2,Retail,Phoenix,Startup,None,2.0,0.0,4,44428,61817,3.4
GRAD_005642,2020,23,Male,Black,Regional,Political Science,3.34,2,Yes,0,Government,San Francisco,Medium,MBA,3.0,0.0,4,81452,139834,5.8
GRAD_005643,2020,22,Male,White,Regional,Liberal Arts,2.76,1,No,0,Healthcare,Phoenix,Medium,None,2.0,40.0,4,59363,82924,4.7
GRAD_005644,2015,22,Male,White,Top 50,Communications,3.19,2,,0,Energy,Phoenix,Small,None,3.0,80.0,9,60473,106044,7.7
GRAD_005645,2018,23,Female,White,Regional,Business,3.47,4,Yes,0,Consulting,Philadelphia,Large,None,0.0,0.0,6,104498,133796,9.6
GRAD_005646,2018,20,Male,White,Top 100,Business,3.65,1,No,1,Technology,Los Angeles,Small,None,0.0,0.0,6,104028,124565,5.8
GRAD_005647,2021,21,Female,Asian,Regional,Data Science,3.62,1,No,0,Healthcare,Austin,Fortune 500,MBA,4.0,60.0,3,96626,142170,7.9
GRAD_005648,2019,21,Other,White,Regional,Data Science,3.35,3,Yes,3,Real Estate,Chicago,Fortune 500,MD,1.0,0.0,5,117935,246721,7.6
GRAD_005649,2020,22,Male,Asian,Top 50,Chemistry,3.46,3,No,0,Government,San Francisco,Medium,None,1.0,0.0,4,114807,145838,6.4
GRAD_005650,2018,20,Female,White,Top 100,Marketing,2.91,3,No,0,Manufacturing,Philadelphia,Small,PhD,3.0,40.0,6,70237,124562,6.0
GRAD_005651,2021,21,Female,White,Top 10,Psychology,2.71,1,No,0,Healthcare,Portland,Large,Masters,1.0,20.0,3,78512,99283,5.5
GRAD_005652,2015,23,Female,White,Regional,Data Science,3.3,0,No,3,Media,Atlanta,Small,None,0.0,40.0,9,67457,116342,6.1
GRAD_005653,2023,23,Female,White,Top 100,Computer Science,2.83,2,No,1,Media,Atlanta,Large,None,2.0,80.0,1,89141,98373,6.4
GRAD_005654,2021,20,Female,Hispanic,Regional,Biology,2.52,1,No,0,Transportation,Miami,Large,None,3.0,60.0,3,65472,84760,4.5
GRAD_005655,2016,22,Male,White,Top 100,Data Science,3.2,3,No,1,Real Estate,New York,Large,None,1.0,60.0,8,145710,241348,3.5
GRAD_005656,2021,22,Male,Asian,Top 50,Mathematics,3.19,2,No,1,Finance,Washington DC,Startup,None,1.0,100.0,3,114667,136177,7.0
GRAD_005657,2022,21,Male,Asian,Top 10,Communications,3.02,2,No,2,Transportation,Austin,Startup,Masters,0.0,0.0,2,71848,93153,3.4
GRAD_005658,2022,22,Male,White,Regional,Liberal Arts,3.43,5,,1,Non-profit,Dallas,Large,Masters,4.0,0.0,2,48302,75399,6.0
GRAD_005659,2018,23,Male,Asian,Regional,Computer Science,3.48,3,No,0,Energy,Miami,Small,None,1.0,0.0,6,106296,141952,5.8
GRAD_005660,2023,23,Female,Hispanic,Regional,Computer Science,3.45,1,No,0,Finance,Miami,Large,None,1.0,80.0,1,124399,126356,8.2
GRAD_005661,2015,22,Female,White,Regional,Communications,3.21,0,No,1,Real Estate,San Francisco,Small,None,1.0,60.0,9,80785,122754,8.3
GRAD_005662,2018,23,Other,Asian,Regional,Political Science,3.15,2,No,1,Technology,Boston,Small,None,1.0,80.0,6,87925,128833,6.3
GRAD_005663,2016,22,Female,White,Top 100,Engineering,2.87,1,No,1,Finance,Portland,Fortune 500,None,2.0,40.0,8,104209,156507,4.8
GRAD_005664,2019,20,Female,White,Top 100,Liberal Arts,3.27,2,No,3,Real Estate,Seattle,Medium,None,2.0,20.0,5,72154,88239,5.7
GRAD_005665,2015,22,Male,Asian,Regional,Marketing,3.56,2,,1,Retail,Miami,Large,None,4.0,0.0,9,65577,114735,6.1
GRAD_005666,2021,20,Female,Asian,Top 50,Business,3.25,0,,2,Consulting,New York,Small,None,0.0,0.0,3,137855,149400,3.7
GRAD_005667,2015,22,Male,Asian,Top 50,Computer Science,3.34,2,No,0,Consulting,Washington DC,Small,Masters,1.0,20.0,9,167993,337688,6.0
GRAD_005668,2020,22,Female,White,Top 10,Biology,3.38,1,No,0,Consulting,Seattle,Medium,None,1.0,0.0,4,120480,137192,9.9
GRAD_005669,2017,22,Female,Hispanic,Top 100,Business,3.25,3,No,0,Consulting,Philadelphia,Small,None,0.0,60.0,7,106670,124058,6.6
GRAD_005670,2017,21,Male,Asian,Top 10,Mathematics,3.06,2,No,1,Finance,Philadelphia,Medium,Masters,0.0,60.0,7,107698,158575,5.7
GRAD_005671,2018,21,Male,White,Top 100,Computer Science,3.29,0,No,1,Manufacturing,Los Angeles,Medium,None,3.0,20.0,6,125604,181837,6.8
GRAD_005672,2021,22,Male,White,Regional,Marketing,3.39,1,Yes,1,Transportation,Philadelphia,Fortune 500,PhD,1.0,20.0,3,66919,97517,6.0
GRAD_005673,2020,21,Female,White,Top 50,Business,3.49,3,No,0,Media,Chicago,Fortune 500,None,4.0,,4,78257,104544,7.5
GRAD_005674,2021,21,Female,White,Top 50,Political Science,4.0,1,No,0,Non-profit,Seattle,Small,None,3.0,0.0,3,70544,86506,8.0
GRAD_005675,2023,20,Female,White,Top 50,Biology,3.34,2,No,0,Energy,New York,Small,None,,0.0,1,117631,119866,7.9
GRAD_005676,2017,22,Female,White,Top 10,Biology,3.46,2,No,2,Real Estate,Phoenix,Small,Masters,2.0,0.0,7,68129,117628,10.0
GRAD_005677,2019,20,Female,White,Top 100,Business,3.05,1,No,2,Transportation,Denver,Fortune 500,None,,60.0,5,68815,89438,6.3
GRAD_005678,2017,22,Female,White,Regional,Marketing,3.33,4,No,1,Technology,Atlanta,Medium,None,1.0,0.0,7,82212,115348,7.1
GRAD_005679,2020,23,Female,Hispanic,Top 100,Communications,2.94,1,No,0,Transportation,New York,Medium,MBA,1.0,60.0,4,87465,141424,8.2
GRAD_005680,2018,24,Female,White,Regional,Liberal Arts,2.81,1,No,1,Media,Denver,Medium,None,3.0,80.0,6,57479,80377,3.6
GRAD_005681,2020,22,Female,Hispanic,Top 50,Economics,2.93,2,Yes,0,Non-profit,Seattle,Startup,None,1.0,40.0,4,87526,99139,6.3
GRAD_005682,2022,23,Male,White,Top 100,Computer Science,3.3,3,No,2,Healthcare,Los Angeles,Medium,None,0.0,20.0,2,142422,154909,6.4
GRAD_005683,2020,22,Male,White,Top 100,Computer Science,2.71,0,Yes,1,Media,Washington DC,Medium,None,0.0,60.0,4,101729,115869,4.8
GRAD_005684,2022,20,Female,White,Top 100,Economics,3.39,1,No,4,Manufacturing,Washington DC,Medium,None,2.0,20.0,2,80552,91547,7.3
GRAD_005685,2020,20,Female,White,Top 10,Business,3.32,1,No,2,Energy,Phoenix,Fortune 500,PhD,0.0,80.0,4,108466,148301,9.0
GRAD_005686,2022,23,Male,White,Top 10,Business,2.84,1,No,2,Government,Seattle,Large,MBA,4.0,60.0,2,108821,161251,5.0
GRAD_005687,2023,24,Male,Asian,Top 10,Communications,3.18,0,No,1,Retail,Portland,Fortune 500,None,2.0,100.0,1,71570,80098,4.4
GRAD_005688,2020,20,Male,Hispanic,Top 50,Liberal Arts,3.19,2,No,1,Real Estate,Philadelphia,Startup,None,2.0,0.0,4,61434,79772,6.7
GRAD_005689,2022,23,Female,White,Top 10,Finance,3.56,3,Yes,0,Energy,Denver,Small,None,3.0,0.0,2,127020,140367,9.0
GRAD_005690,2019,22,Male,White,Top 100,Business,3.02,0,No,0,Retail,Washington DC,Medium,None,2.0,0.0,5,76718,96044,5.4
GRAD_005691,2021,21,Female,Asian,Top 100,Marketing,3.75,0,No,1,Government,New York,Small,None,,0.0,3,93180,99574,5.2
GRAD_005692,2015,21,Female,Hispanic,Top 100,Chemistry,3.19,1,Yes,0,Energy,Seattle,Medium,Masters,3.0,20.0,9,106027,188190,8.3
GRAD_005693,2023,20,Female,Black,Top 10,Computer Science,3.17,1,Yes,1,Real Estate,Philadelphia,Medium,None,2.0,80.0,1,141991,142769,6.9
GRAD_005694,2023,20,Male,White,Top 100,Engineering,2.59,3,,2,Finance,Atlanta,Large,None,2.0,60.0,1,112666,125821,8.9
GRAD_005695,2023,20,Female,White,Regional,Finance,2.17,1,Yes,2,Finance,Philadelphia,Fortune 500,None,5.0,,1,83834,99085,8.6
GRAD_005696,2018,23,Female,Asian,Regional,Computer Science,3.15,3,No,0,Manufacturing,Denver,Medium,None,4.0,80.0,6,105514,150936,8.2
GRAD_005697,2018,21,Male,White,Top 100,Psychology,2.72,4,No,2,Government,San Francisco,Medium,Masters,0.0,80.0,6,95344,135730,5.8
GRAD_005698,2019,23,Male,Asian,Top 100,Finance,2.9,2,No,0,Non-profit,New York,Large,None,0.0,60.0,5,88134,109621,9.0
GRAD_005699,2023,20,Male,White,Regional,Engineering,3.2,3,Yes,3,Non-profit,Denver,Large,MBA,0.0,40.0,1,64931,86498,5.5
GRAD_005700,2022,23,Male,Asian,Top 50,Engineering,3.69,2,Yes,0,Consulting,Atlanta,Medium,None,1.0,60.0,2,120002,136145,8.6
GRAD_005701,2018,23,Female,White,Top 10,Engineering,3.21,1,No,2,Government,Portland,Medium,Masters,3.0,,6,119366,204961,5.9
GRAD_005702,2020,20,Male,White,Regional,Engineering,3.19,5,No,0,Manufacturing,San Francisco,Startup,MD,,,4,137516,246093,8.1
GRAD_005703,2019,21,Female,White,Regional,Mathematics,3.1,0,No,1,Technology,Atlanta,Fortune 500,None,1.0,0.0,5,90084,119161,5.1
GRAD_005704,2021,23,Male,White,Top 100,Engineering,3.39,1,No,1,Finance,New York,Startup,Masters,1.0,20.0,3,173095,228619,7.0
GRAD_005705,2017,24,Male,Asian,Regional,Business,4.0,0,No,0,Consulting,Denver,Large,Masters,2.0,0.0,7,98496,171272,7.2
GRAD_005706,2016,20,Female,Asian,Regional,Mathematics,3.48,3,Yes,0,Real Estate,San Francisco,Medium,None,1.0,,8,125777,196640,7.3
GRAD_005707,2015,24,Male,Hispanic,Regional,Finance,2.88,1,No,0,Government,Philadelphia,Fortune 500,None,1.0,40.0,9,81460,115333,7.9
GRAD_005708,2019,23,Female,White,Regional,Psychology,3.39,2,No,2,Media,Portland,Fortune 500,None,1.0,20.0,5,64744,75813,6.9
GRAD_005709,2023,20,Male,White,Top 100,Computer Science,3.02,0,No,0,Transportation,New York,Large,None,4.0,60.0,1,111921,131629,8.0
GRAD_005710,2021,23,Female,White,Top 10,Business,3.61,1,Yes,1,Real Estate,Boston,Small,None,1.0,0.0,3,112779,122563,6.5
GRAD_005711,2021,25,Female,White,Top 100,Psychology,3.26,1,No,2,Consulting,Washington DC,Large,None,4.0,20.0,3,97158,120140,5.1
GRAD_005712,2023,21,Female,White,Regional,Computer Science,3.44,4,No,0,Transportation,Washington DC,Large,PhD,3.0,20.0,1,98535,130421,10.0
GRAD_005713,2019,21,Male,White,Top 100,Chemistry,3.63,1,No,1,Technology,Phoenix,Fortune 500,None,4.0,20.0,5,82710,126181,7.8
GRAD_005714,2019,21,Male,Black,Top 100,Finance,4.0,2,No,2,Transportation,Austin,Large,None,2.0,40.0,5,104774,148147,9.1
GRAD_005715,2018,25,Female,Black,Regional,Business,3.07,2,No,1,Transportation,Chicago,Small,MBA,1.0,0.0,6,66160,107746,7.5
GRAD_005716,2017,21,Male,White,Regional,Mathematics,2.57,1,No,1,Government,Denver,Large,None,4.0,20.0,7,70136,106602,7.3
GRAD_005717,2022,21,Female,White,Top 50,Chemistry,2.71,2,No,2,Technology,Dallas,Large,None,1.0,60.0,2,102470,108235,8.2
GRAD_005718,2023,21,Female,White,Top 50,Biology,3.16,0,Yes,2,Government,Denver,Medium,None,4.0,20.0,1,66371,76475,4.2
GRAD_005719,2022,21,Female,White,Top 100,Data Science,3.48,0,No,5,Consulting,Miami,Large,None,2.0,0.0,2,118210,125419,5.8
GRAD_005720,2015,21,Other,Hispanic,Top 100,Liberal Arts,3.24,0,No,1,Manufacturing,Chicago,Medium,None,2.0,60.0,9,64009,112132,6.6
GRAD_005721,2018,21,Female,White,Regional,Business,3.29,0,No,1,Finance,Los Angeles,Fortune 500,None,1.0,40.0,6,112340,145143,9.0
GRAD_005722,2020,21,Male,Hispanic,Top 50,Business,2.85,1,,1,Finance,New York,Medium,JD,2.0,,4,159802,263947,6.0
GRAD_005723,2018,22,Male,Black,Top 100,Liberal Arts,3.37,3,,0,Media,San Francisco,Small,None,3.0,0.0,6,89849,134720,3.7
GRAD_005724,2016,24,Female,Asian,Top 100,Communications,3.4,1,No,2,Technology,Seattle,Small,None,0.0,40.0,8,88997,146603,7.0
GRAD_005725,2020,21,Female,White,Top 100,Biology,2.61,1,No,0,Transportation,Austin,Large,None,1.0,40.0,4,64131,70623,5.9
GRAD_005726,2020,20,Male,White,Regional,Business,3.99,2,No,2,Retail,Philadelphia,Medium,JD,3.0,0.0,4,70058,122649,6.0
GRAD_005727,2021,22,Male,White,Top 10,Computer Science,3.58,0,,1,Government,Chicago,Small,None,4.0,0.0,3,116063,144716,6.8
GRAD_005728,2023,23,Female,Asian,Top 50,Chemistry,3.39,0,,0,Finance,New York,Small,None,3.0,0.0,1,127420,135129,7.9
GRAD_005729,2021,24,Female,White,Top 100,Marketing,4.0,3,No,1,Manufacturing,Chicago,Large,None,2.0,60.0,3,88317,101238,3.0
GRAD_005730,2018,24,Female,White,Top 100,Political Science,3.12,0,No,1,Energy,Miami,Startup,None,0.0,0.0,6,77084,106157,6.6
GRAD_005731,2023,20,Female,Black,Regional,Chemistry,3.4,2,No,1,Education,San Francisco,Startup,None,1.0,0.0,1,86883,87174,4.4
GRAD_005732,2020,20,Female,White,Top 10,Engineering,2.77,1,No,1,Government,Los Angeles,Medium,None,1.0,20.0,4,137856,163465,6.6
GRAD_005733,2021,23,Female,White,Top 50,Political Science,3.91,4,Yes,0,Finance,Miami,Startup,None,,40.0,3,87355,96717,6.2
GRAD_005734,2018,23,Female,White,Regional,Marketing,3.53,0,No,0,Energy,Philadelphia,Medium,None,0.0,60.0,6,81006,106299,5.8
GRAD_005735,2019,24,Male,White,Regional,Marketing,3.05,0,No,0,Transportation,Chicago,Small,None,1.0,40.0,5,65474,82746,3.8
GRAD_005736,2019,23,Female,White,Regional,Psychology,3.08,1,Yes,1,Manufacturing,Atlanta,Medium,None,2.0,20.0,5,51153,75120,5.8
GRAD_005737,2023,21,Female,Other,Top 50,Political Science,3.64,3,No,1,Manufacturing,Atlanta,Startup,None,2.0,40.0,1,58676,65541,3.9
GRAD_005738,2022,24,Female,White,Top 100,Data Science,3.84,2,Yes,0,Real Estate,Philadelphia,Medium,MD,3.0,80.0,2,98760,167909,7.1
GRAD_005739,2016,20,Female,Black,Regional,Biology,3.1,0,No,0,Government,Phoenix,Small,JD,,80.0,8,46818,83356,6.1
GRAD_005740,2018,25,Female,White,Regional,Finance,3.58,0,No,0,Manufacturing,New York,Fortune 500,Masters,5.0,60.0,6,122305,172565,4.9
GRAD_005741,2015,22,Female,Asian,Top 50,Engineering,2.98,1,No,1,Non-profit,Chicago,Large,None,3.0,0.0,9,79135,114735,9.0
GRAD_005742,2020,21,Female,White,Top 100,Biology,3.51,2,No,1,Manufacturing,Austin,Startup,None,1.0,60.0,4,81337,93666,6.5
GRAD_005743,2018,21,Female,Hispanic,Regional,Business,3.31,1,No,0,Consulting,Seattle,Large,MBA,0.0,0.0,6,116418,188947,5.2
GRAD_005744,2015,22,Female,Asian,Top 100,Economics,2.72,2,No,1,Healthcare,Austin,Large,None,3.0,80.0,9,100111,176156,7.9
GRAD_005745,2022,22,Male,White,Top 100,Communications,3.12,3,No,0,Transportation,Seattle,Medium,None,3.0,0.0,2,83193,100127,10.0
GRAD_005746,2016,22,Female,Asian,Top 100,Engineering,3.59,1,No,2,Finance,Phoenix,Fortune 500,None,3.0,60.0,8,115053,195095,9.5
GRAD_005747,2018,20,Female,Black,Regional,Data Science,3.47,5,No,0,Finance,Portland,Large,None,2.0,0.0,6,139086,174495,7.6
GRAD_005748,2022,22,Female,White,Top 10,Data Science,2.87,1,No,0,Media,Austin,Small,None,2.0,0.0,2,102256,116198,6.5
GRAD_005749,2020,23,Male,Hispanic,Top 50,Chemistry,2.93,4,No,1,Transportation,Chicago,Large,None,2.0,80.0,4,70947,93690,7.6
GRAD_005750,2022,21,Male,Hispanic,Regional,Marketing,2.71,3,No,2,Education,New York,Startup,PhD,2.0,20.0,2,76528,107780,8.9
GRAD_005751,2019,22,Female,White,Regional,Liberal Arts,3.01,1,No,1,Finance,Washington DC,Startup,None,1.0,20.0,5,72932,90498,2.7
GRAD_005752,2022,24,Other,White,Regional,Engineering,3.36,3,No,1,Real Estate,Boston,Large,Masters,1.0,40.0,2,112968,141498,7.8
GRAD_005753,2020,23,Female,White,Top 50,Chemistry,3.56,1,No,1,Manufacturing,Washington DC,Medium,None,3.0,0.0,4,76891,93691,7.9
GRAD_005754,2016,20,Male,White,Top 50,Marketing,2.7,3,No,0,Manufacturing,Miami,Medium,None,1.0,0.0,8,75144,105654,7.4
GRAD_005755,2019,22,Female,White,Top 50,Chemistry,3.35,3,No,1,Energy,Washington DC,Fortune 500,None,,60.0,5,120723,156293,7.2
GRAD_005756,2020,24,Female,White,Top 50,Political Science,2.91,1,No,1,Non-profit,Boston,Startup,None,5.0,0.0,4,53901,77919,8.2
GRAD_005757,2020,23,Female,White,Top 100,Political Science,3.3,0,No,2,Energy,Dallas,Startup,Masters,3.0,20.0,4,63767,89718,2.9
GRAD_005758,2023,24,Female,White,Top 50,Business,3.94,2,No,1,Education,Portland,Small,None,2.0,0.0,1,81544,84111,10.0
GRAD_005759,2017,23,Male,Hispanic,Top 50,Business,2.87,4,No,3,Non-profit,Chicago,Small,None,1.0,0.0,7,67622,105064,7.6
GRAD_005760,2020,20,Male,Black,Top 10,Psychology,3.31,2,No,2,Technology,Philadelphia,Medium,PhD,1.0,0.0,4,100442,154071,7.0
GRAD_005761,2022,25,Female,Asian,Top 50,Political Science,2.26,2,No,2,Non-profit,New York,Startup,MD,3.0,60.0,2,61177,103972,5.5
GRAD_005762,2023,24,Female,White,Regional,Liberal Arts,3.49,5,No,2,Media,Boston,Fortune 500,Masters,1.0,100.0,1,78110,93418,5.4
GRAD_005763,2020,22,Male,Asian,Regional,Political Science,3.14,0,Yes,1,Real Estate,Los Angeles,Large,None,2.0,20.0,4,69475,91179,7.5
GRAD_005764,2017,24,Other,Black,Top 100,Computer Science,3.71,1,No,3,Manufacturing,Boston,Small,Masters,4.0,0.0,7,119627,228932,7.1
GRAD_005765,2022,22,Female,White,Top 100,Liberal Arts,3.23,1,Yes,0,Energy,Seattle,Large,None,2.0,80.0,2,79894,89987,4.7
GRAD_005766,2023,22,Female,White,Top 50,Computer Science,3.48,0,,1,Finance,Washington DC,Medium,Masters,2.0,40.0,1,152255,187220,9.1
GRAD_005767,2016,21,Male,White,Top 10,Liberal Arts,3.97,0,No,2,Non-profit,Los Angeles,Large,None,3.0,0.0,8,58543,99610,7.8
GRAD_005768,2017,20,Male,White,Regional,Economics,3.52,1,Yes,0,Transportation,Washington DC,Fortune 500,Masters,2.0,40.0,7,88253,133191,5.3
GRAD_005769,2022,22,Male,Hispanic,Top 100,Economics,3.54,3,Yes,1,Education,New York,Large,Masters,2.0,0.0,2,84664,112713,10.0
GRAD_005770,2019,22,Male,White,Top 100,Computer Science,3.72,2,No,0,Transportation,Dallas,Fortune 500,None,0.0,40.0,5,99848,129249,9.8
GRAD_005771,2016,20,Female,Black,Top 100,Liberal Arts,3.43,1,No,1,Retail,Seattle,Small,JD,3.0,80.0,8,65353,108906,10.0
GRAD_005772,2021,23,Male,Hispanic,Regional,Biology,3.04,1,No,0,Energy,Washington DC,Medium,None,5.0,20.0,3,91727,119446,8.9
GRAD_005773,2019,23,Male,White,Regional,Business,2.41,1,No,1,Finance,Chicago,Startup,JD,2.0,0.0,5,80804,138910,7.3
GRAD_005774,2023,22,Male,White,Regional,Psychology,3.08,1,Yes,2,Media,Portland,Medium,None,5.0,40.0,1,59558,78191,6.1
GRAD_005775,2017,22,Male,Asian,Top 10,Business,3.53,1,No,1,Media,Portland,Large,MBA,,20.0,7,93571,147989,4.1
GRAD_005776,2018,23,Male,White,Regional,Biology,3.15,1,No,0,Non-profit,Los Angeles,Small,None,2.0,20.0,6,45618,60751,6.3
GRAD_005777,2016,22,Female,White,Top 100,Liberal Arts,3.23,1,No,3,Real Estate,Washington DC,Large,None,1.0,100.0,8,78255,109561,8.7
GRAD_005778,2015,23,Female,Black,Regional,Economics,3.22,2,Yes,2,Consulting,Phoenix,Large,None,4.0,0.0,9,84526,148222,6.5
GRAD_005779,2018,23,Female,White,Regional,Communications,3.11,1,No,1,Transportation,New York,Small,Masters,8.0,0.0,6,77817,138398,8.3
GRAD_005780,2022,21,Male,Hispanic,Regional,Chemistry,3.53,2,No,0,Retail,Boston,Medium,Masters,2.0,40.0,2,75405,98864,7.0
GRAD_005781,2017,20,Female,Asian,Top 50,Marketing,3.5,0,No,5,Manufacturing,San Francisco,Small,Masters,2.0,40.0,7,109831,167118,5.4
GRAD_005782,2021,22,Female,White,Top 100,Engineering,3.26,4,No,0,Energy,San Francisco,Small,Masters,3.0,,3,167676,225109,5.1
GRAD_005783,2020,22,Other,White,Regional,Liberal Arts,3.55,2,No,1,Education,Portland,Small,None,4.0,0.0,4,44045,68311,7.4
GRAD_005784,2020,23,Female,White,Top 50,Engineering,3.32,3,Yes,2,Education,Phoenix,Large,MBA,7.0,40.0,4,66753,115835,7.8
GRAD_005785,2022,24,Male,White,Regional,Engineering,3.35,0,No,0,Finance,Seattle,Large,None,1.0,40.0,2,116742,131557,4.2
GRAD_005786,2020,22,Female,White,Regional,Chemistry,3.18,0,No,0,Real Estate,Atlanta,Fortune 500,None,1.0,0.0,4,58230,72211,5.1
GRAD_005787,2016,22,Female,White,Top 100,Chemistry,3.15,1,No,1,Non-profit,Portland,Small,Masters,,0.0,8,52534,84029,4.2
GRAD_005788,2017,23,Male,Asian,Top 100,Economics,3.13,1,No,1,Non-profit,Philadelphia,Large,MD,4.0,0.0,7,57870,130885,9.9
GRAD_005789,2020,20,Male,Hispanic,Regional,Business,3.25,1,No,1,Technology,Austin,Large,None,1.0,0.0,4,113634,138858,5.1
GRAD_005790,2022,22,Male,Other,Top 100,Psychology,3.48,0,Yes,3,Manufacturing,San Francisco,Small,None,2.0,60.0,2,83813,96208,5.0
GRAD_005791,2016,22,Female,White,Top 100,Economics,3.12,0,No,2,Non-profit,Washington DC,Startup,None,1.0,0.0,8,67729,85402,4.5
GRAD_005792,2016,23,Male,White,Top 50,Psychology,3.32,0,No,1,Education,Philadelphia,Small,Masters,3.0,0.0,8,58282,105142,6.3
GRAD_005793,2020,21,Male,Other,Top 100,Liberal Arts,3.7,2,No,0,Non-profit,New York,Medium,None,1.0,0.0,4,67994,89664,2.1
GRAD_005794,2017,22,Female,White,Top 100,Business,3.68,2,No,1,Technology,Miami,Fortune 500,None,4.0,20.0,7,102310,147216,7.0
GRAD_005795,2023,22,Other,Hispanic,Top 100,Liberal Arts,2.94,3,,3,Retail,Los Angeles,Fortune 500,JD,5.0,20.0,1,66570,107145,7.2
GRAD_005796,2015,20,Male,Hispanic,Regional,Computer Science,4.0,2,No,1,Technology,San Francisco,Medium,None,5.0,80.0,9,191377,284575,9.3
GRAD_005797,2019,21,Female,White,Regional,Engineering,3.52,4,No,0,Real Estate,Philadelphia,Fortune 500,MBA,0.0,80.0,5,93539,152171,10.0
GRAD_005798,2016,22,Male,Hispanic,Top 10,Chemistry,3.13,2,Yes,1,Finance,Seattle,Fortune 500,JD,1.0,20.0,8,125845,231134,9.4
GRAD_005799,2021,21,Female,White,Top 100,Chemistry,2.65,1,No,0,Finance,Atlanta,Large,None,3.0,40.0,3,79294,100971,6.8
GRAD_005800,2021,22,Female,Hispanic,Regional,Finance,3.61,2,No,0,Transportation,San Francisco,Large,PhD,0.0,60.0,3,127225,171220,6.9
GRAD_005801,2022,24,Male,White,Top 100,Chemistry,3.45,1,No,1,Finance,New York,Medium,Masters,2.0,80.0,2,132802,174283,6.8
GRAD_005802,2020,23,Female,Hispanic,Top 50,Computer Science,2.98,1,No,1,Manufacturing,Chicago,Fortune 500,MD,2.0,20.0,4,122701,217461,4.8
GRAD_005803,2017,20,Female,Hispanic,Top 10,Psychology,3.34,4,No,3,Non-profit,Austin,Large,None,2.0,40.0,7,75844,118529,8.0
GRAD_005804,2015,23,Female,White,Top 100,Chemistry,2.81,3,No,0,Manufacturing,Washington DC,Fortune 500,None,5.0,0.0,9,77511,128262,7.5
GRAD_005805,2021,23,Other,White,Regional,Liberal Arts,2.82,1,No,1,Manufacturing,Portland,Medium,None,1.0,20.0,3,57946,66455,1.7
GRAD_005806,2019,22,Other,White,Regional,Chemistry,3.2,1,No,2,Transportation,Austin,Small,Masters,,20.0,5,73068,106495,5.1
GRAD_005807,2017,20,Male,Hispanic,Regional,Communications,3.22,1,No,0,Finance,Philadelphia,Small,MBA,1.0,60.0,7,62437,105119,5.0
GRAD_005808,2017,23,Female,White,Regional,Chemistry,3.82,3,No,3,Healthcare,San Francisco,Medium,None,1.0,,7,122101,151559,6.8
GRAD_005809,2016,21,Female,White,Top 10,Engineering,3.3,2,No,1,Government,Atlanta,Small,None,,60.0,8,100573,156076,7.3
GRAD_005810,2018,22,Female,White,Top 100,Computer Science,3.14,2,Yes,2,Manufacturing,New York,Fortune 500,Masters,1.0,0.0,6,140595,192883,7.8
GRAD_005811,2022,21,Female,White,Regional,Finance,3.04,0,Yes,4,Non-profit,Los Angeles,Medium,Masters,7.0,60.0,2,73093,108795,7.9
GRAD_005812,2021,21,Female,Other,Regional,Computer Science,3.39,1,Yes,3,Finance,Los Angeles,Startup,None,3.0,0.0,3,145266,181229,3.3
GRAD_005813,2023,23,Male,Hispanic,Top 10,Communications,2.43,4,No,3,Transportation,Seattle,Large,None,5.0,80.0,1,90412,110997,7.6
GRAD_005814,2020,24,Female,White,Top 100,Business,3.34,1,Yes,0,Education,San Francisco,Medium,None,0.0,40.0,4,88463,96511,7.8
GRAD_005815,2020,21,Male,Asian,Regional,Finance,3.9,3,Yes,1,Government,Washington DC,Large,None,3.0,40.0,4,103164,127239,6.7
GRAD_005816,2017,24,Male,Other,Top 50,Engineering,3.65,1,Yes,0,Retail,Austin,Startup,None,0.0,0.0,7,97579,130080,8.0
GRAD_005817,2020,21,Female,Asian,Top 10,Finance,4.0,2,No,0,Technology,Seattle,Large,None,0.0,60.0,4,166221,186904,5.4
GRAD_005818,2020,21,Male,White,Top 10,Business,3.06,2,Yes,0,Consulting,Philadelphia,Small,None,1.0,80.0,4,122169,160462,6.5
GRAD_005819,2017,20,Female,White,Top 100,Psychology,3.46,1,No,0,Real Estate,Atlanta,Medium,None,4.0,80.0,7,64231,109170,7.1
GRAD_005820,2016,23,Female,Hispanic,Top 50,Engineering,3.24,1,No,2,Manufacturing,Atlanta,Fortune 500,None,3.0,60.0,8,92035,125794,7.2
GRAD_005821,2018,22,Other,White,Top 100,Chemistry,3.73,1,No,2,Media,Miami,Large,None,2.0,100.0,6,78275,104453,3.5
GRAD_005822,2017,22,Male,White,Top 50,Marketing,3.27,1,No,0,Energy,Denver,Medium,None,3.0,80.0,7,103181,146887,9.0
GRAD_005823,2020,21,Male,White,Top 100,Computer Science,3.67,2,No,0,Consulting,Washington DC,Fortune 500,None,2.0,,4,160617,199193,8.0
GRAD_005824,2020,21,Female,White,Top 100,Liberal Arts,2.96,0,Yes,0,Real Estate,Phoenix,Medium,Masters,0.0,0.0,4,54921,73555,5.0
GRAD_005825,2020,23,Female,White,Regional,Business,3.25,0,Yes,0,Technology,Chicago,Large,JD,3.0,20.0,4,109268,176881,4.7
GRAD_005826,2020,22,Male,White,Regional,Psychology,3.19,2,No,1,Media,Washington DC,Large,None,5.0,20.0,4,59524,92729,6.9
GRAD_005827,2021,23,Male,Hispanic,Regional,Biology,3.73,2,Yes,0,Real Estate,Austin,Fortune 500,MBA,2.0,40.0,3,78317,115868,10.0
GRAD_005828,2017,21,Female,Black,Top 50,Biology,2.95,0,Yes,0,Transportation,Chicago,Large,Masters,0.0,80.0,7,69856,110674,10.0
GRAD_005829,2021,22,Female,Asian,Top 10,Marketing,3.14,3,Yes,1,Manufacturing,Denver,Fortune 500,None,0.0,100.0,3,94116,103626,8.2
GRAD_005830,2020,25,Female,White,Top 100,Business,3.23,1,No,2,Consulting,Portland,Large,JD,1.0,20.0,4,103572,145950,6.8
GRAD_005831,2019,21,Female,Black,Top 100,Economics,2.64,1,No,2,Media,New York,Medium,None,2.0,0.0,5,91088,109543,10.0
GRAD_005832,2021,21,Female,White,Regional,Computer Science,3.19,2,No,2,Technology,Miami,Fortune 500,None,1.0,20.0,3,146914,171600,5.4
GRAD_005833,2020,21,Female,Hispanic,Top 10,Engineering,3.33,0,Yes,1,Education,Portland,Large,Masters,1.0,100.0,4,87700,112534,9.3
GRAD_005834,2020,20,Male,Other,Top 50,Computer Science,3.85,2,No,1,Education,Portland,Startup,None,2.0,40.0,4,105726,134842,10.0
GRAD_005835,2015,24,Female,Black,Top 100,Marketing,3.19,2,No,1,Healthcare,San Francisco,Fortune 500,MBA,1.0,80.0,9,120235,270668,10.0
GRAD_005836,2022,20,Male,Asian,Top 100,Engineering,3.25,3,Yes,0,Government,Philadelphia,Small,PhD,2.0,20.0,2,88674,122585,6.2
GRAD_005837,2019,20,Male,White,Top 100,Business,3.1,1,No,1,Real Estate,Los Angeles,Medium,None,4.0,0.0,5,95817,128341,10.0
GRAD_005838,2020,23,Female,Other,Top 100,Liberal Arts,3.13,2,No,0,Government,Washington DC,Medium,MBA,0.0,40.0,4,62508,85232,6.3
GRAD_005839,2019,21,Male,Asian,Top 100,Engineering,3.19,2,No,0,Education,New York,Medium,None,6.0,60.0,5,88893,129636,7.1
GRAD_005840,2020,22,Male,Hispanic,Regional,Computer Science,3.27,1,No,1,Energy,Dallas,Large,None,0.0,0.0,4,95794,118243,7.9
GRAD_005841,2015,22,Male,White,Top 10,Economics,3.41,3,No,2,Education,Los Angeles,Startup,None,0.0,0.0,9,101722,157868,9.8
GRAD_005842,2019,23,Male,Asian,Top 50,Communications,3.51,2,Yes,2,Transportation,Washington DC,Large,Masters,1.0,40.0,5,78071,128346,7.7
GRAD_005843,2021,22,Male,White,Top 50,Communications,3.16,1,No,0,Manufacturing,Boston,Large,Masters,2.0,40.0,3,86959,122557,7.2
GRAD_005844,2023,21,Male,Hispanic,Top 100,Economics,3.37,0,Yes,0,Transportation,Philadelphia,Startup,MBA,2.0,40.0,1,78618,109404,6.5
GRAD_005845,2022,22,Female,White,Regional,Communications,3.14,3,No,2,Finance,Portland,Small,Masters,1.0,40.0,2,89041,103838,8.5
GRAD_005846,2023,22,Female,White,Regional,Engineering,3.04,0,Yes,2,Non-profit,Phoenix,Medium,None,2.0,0.0,1,55821,62824,6.3
GRAD_005847,2022,25,Male,White,Regional,Engineering,3.72,2,No,0,Energy,New York,Medium,None,0.0,40.0,2,156065,168204,7.2
GRAD_005848,2021,21,Female,Other,Top 50,Engineering,3.3,3,No,2,Finance,New York,Small,PhD,,20.0,3,166079,226530,5.1
GRAD_005849,2019,23,Male,Hispanic,Top 100,Marketing,3.1,2,No,2,Healthcare,Philadelphia,Fortune 500,Masters,1.0,0.0,5,70584,113766,7.7
GRAD_005850,2016,23,Male,Hispanic,Top 50,Data Science,3.39,1,No,2,Finance,New York,Fortune 500,MBA,2.0,20.0,8,204726,358848,7.0
GRAD_005851,2017,20,Female,White,Top 100,Data Science,3.68,2,No,0,Healthcare,Atlanta,Startup,Masters,1.0,40.0,7,95959,147711,7.4
GRAD_005852,2018,20,Female,White,Regional,Mathematics,3.1,2,No,1,Non-profit,Seattle,Small,None,2.0,40.0,6,69809,94388,8.4
GRAD_005853,2019,25,Male,Asian,Top 100,Business,3.43,0,,1,Energy,Atlanta,Large,None,2.0,40.0,5,82624,119973,6.5
GRAD_005854,2020,21,Female,White,Top 100,Engineering,3.49,0,No,2,Non-profit,Washington DC,Medium,None,2.0,40.0,4,83574,99125,6.1
GRAD_005855,2020,22,Female,Black,Regional,Political Science,3.36,1,No,3,Retail,Chicago,Fortune 500,MBA,2.0,20.0,4,46409,75259,4.5
GRAD_005856,2019,22,Female,Other,Top 100,Economics,3.3,3,No,0,Healthcare,San Francisco,Medium,None,4.0,60.0,5,125868,156515,5.2
GRAD_005857,2018,22,Female,Black,Regional,Data Science,3.94,2,Yes,3,Education,Miami,Large,PhD,4.0,0.0,6,90341,160650,7.5
GRAD_005858,2015,21,Male,Hispanic,Top 10,Engineering,3.18,0,Yes,0,Education,Austin,Large,None,1.0,,9,92757,166703,7.7
GRAD_005859,2023,22,Male,White,Regional,Business,3.28,0,No,1,Energy,New York,Large,PhD,3.0,40.0,1,95546,129049,7.3
GRAD_005860,2023,21,Male,Hispanic,Regional,Communications,3.15,1,No,0,Transportation,Dallas,Fortune 500,MBA,1.0,0.0,1,48537,67094,4.0
GRAD_005861,2017,22,Male,Hispanic,Regional,Engineering,3.43,1,,3,Transportation,Los Angeles,Startup,None,4.0,60.0,7,104113,172017,7.0
GRAD_005862,2020,20,Male,White,Regional,Engineering,2.74,1,No,0,Government,Phoenix,Fortune 500,Masters,3.0,40.0,4,83131,133866,4.4
GRAD_005863,2018,22,Male,Hispanic,Top 50,Liberal Arts,3.68,1,Yes,2,Non-profit,Miami,Large,None,1.0,0.0,6,44551,61031,7.2
GRAD_005864,2017,23,Male,Black,Regional,Psychology,2.84,0,Yes,3,Technology,Chicago,Fortune 500,None,2.0,0.0,7,68240,98405,5.5
GRAD_005865,2021,23,Male,Hispanic,Regional,Biology,3.45,2,Yes,0,Government,Los Angeles,Large,PhD,3.0,0.0,3,72330,107717,7.2
GRAD_005866,2022,24,Female,Asian,Regional,Marketing,3.1,1,No,1,Transportation,Los Angeles,Fortune 500,Masters,5.0,20.0,2,76609,106806,4.9
GRAD_005867,2019,21,Male,White,Regional,Data Science,3.86,2,No,0,Retail,New York,Medium,None,2.0,,5,134252,173695,7.3
GRAD_005868,2015,23,Other,Asian,Top 50,Psychology,3.4,1,No,1,Non-profit,Washington DC,Large,JD,4.0,100.0,9,59373,152675,10.0
GRAD_005869,2019,20,Female,Asian,Regional,Business,2.47,1,No,0,Healthcare,Los Angeles,Large,None,3.0,,5,71421,100061,8.4
GRAD_005870,2020,21,Female,White,Top 100,Business,3.22,1,No,0,Consulting,Austin,Small,None,1.0,0.0,4,105379,129913,6.7
GRAD_005871,2023,24,Female,White,Top 10,Business,3.45,2,No,1,Real Estate,Miami,Medium,Masters,3.0,40.0,1,107216,134223,7.7
GRAD_005872,2021,22,Male,White,Regional,Finance,3.2,2,No,2,Healthcare,Portland,Medium,None,0.0,0.0,3,88741,105741,7.1
GRAD_005873,2021,22,Female,Black,Top 100,Communications,2.94,3,Yes,1,Education,San Francisco,Fortune 500,None,1.0,80.0,3,78581,85546,8.3
GRAD_005874,2017,22,Male,Hispanic,Regional,Business,2.38,0,Yes,1,Government,Denver,Large,Masters,0.0,20.0,7,65586,109867,6.7
GRAD_005875,2021,25,Male,White,Regional,Computer Science,3.98,4,,1,Media,Dallas,Fortune 500,None,1.0,20.0,3,82800,98444,5.5
GRAD_005876,2020,23,Male,White,Top 10,Computer Science,4.0,2,No,0,Government,New York,Large,None,2.0,80.0,4,205314,262006,4.4
GRAD_005877,2022,24,Female,White,Regional,Computer Science,2.94,2,Yes,0,Education,Miami,Small,None,2.0,20.0,2,71179,80053,5.3
GRAD_005878,2017,21,Male,Hispanic,Regional,Business,3.39,2,No,1,Manufacturing,Phoenix,Small,None,4.0,0.0,7,71553,100150,5.0
GRAD_005879,2020,21,Male,Asian,Regional,Liberal Arts,3.14,3,No,1,Consulting,New York,Large,Masters,3.0,0.0,4,97316,153302,7.5
GRAD_005880,2017,21,Female,Black,Regional,Political Science,3.65,0,Yes,1,Finance,Denver,Fortune 500,None,1.0,20.0,7,68578,97766,5.3
GRAD_005881,2018,23,Female,White,Top 50,Business,3.2,2,No,0,Transportation,Philadelphia,Medium,PhD,0.0,80.0,6,80552,125652,5.0
GRAD_005882,2022,24,Female,White,Regional,Business,3.19,2,No,2,Manufacturing,Atlanta,Small,None,3.0,60.0,2,73304,87894,3.4
GRAD_005883,2021,23,Male,White,Regional,Chemistry,2.84,2,No,0,Healthcare,Atlanta,Large,None,2.0,0.0,3,82117,103888,4.8
GRAD_005884,2021,23,Male,Hispanic,Top 50,Data Science,3.03,2,No,1,Government,Washington DC,Startup,Masters,2.0,40.0,3,132475,190471,6.7
GRAD_005885,2015,22,Female,White,Top 100,Engineering,3.61,1,Yes,3,Consulting,Boston,Small,PhD,5.0,20.0,9,146852,284360,6.2
GRAD_005886,2021,20,Male,White,Regional,Marketing,3.51,0,No,2,Finance,Seattle,Large,None,3.0,0.0,3,100546,124230,5.2
GRAD_005887,2019,25,Female,Hispanic,Top 100,Mathematics,3.25,0,No,1,Real Estate,Seattle,Large,None,4.0,60.0,5,108590,139683,4.6
GRAD_005888,2019,23,Female,Asian,Regional,Economics,3.78,2,No,1,Education,Portland,Small,Masters,4.0,80.0,5,73112,109486,9.0
GRAD_005889,2019,23,Male,White,Top 50,Data Science,2.86,2,Yes,0,Finance,Washington DC,Fortune 500,PhD,0.0,80.0,5,170384,239551,10.0
GRAD_005890,2022,23,Female,White,Top 10,Computer Science,2.9,1,No,0,Government,Boston,Large,None,4.0,0.0,2,162138,181209,5.6
GRAD_005891,2017,20,Female,Asian,Regional,Engineering,3.24,0,No,2,Technology,Seattle,Large,None,0.0,20.0,7,143139,202000,7.6
GRAD_005892,2022,21,Female,Black,Top 10,Engineering,3.65,0,No,0,Transportation,Portland,Medium,None,4.0,40.0,2,109342,130278,5.7
GRAD_005893,2023,23,Female,White,Regional,Engineering,3.87,4,Yes,2,Education,Austin,Medium,None,2.0,0.0,1,83861,89131,6.4
GRAD_005894,2016,22,Female,White,Top 100,Political Science,2.46,2,No,1,Transportation,Austin,Small,Masters,2.0,0.0,8,51510,91629,5.0
GRAD_005895,2023,22,Female,Black,Top 100,Liberal Arts,3.07,1,No,2,Finance,Miami,Fortune 500,MBA,2.0,0.0,1,74070,102482,7.8
GRAD_005896,2023,24,Female,White,Regional,Political Science,3.74,1,,2,Healthcare,Dallas,Medium,None,0.0,60.0,1,74384,75374,5.4
GRAD_005897,2021,22,Male,Black,Regional,Political Science,2.83,1,No,1,Healthcare,Phoenix,Startup,None,2.0,60.0,3,52896,69451,5.1
GRAD_005898,2017,26,Male,Hispanic,Top 100,Business,2.54,2,Yes,2,Education,Phoenix,Small,None,2.0,0.0,7,53943,74872,6.5
GRAD_005899,2019,22,Male,Asian,Top 50,Business,3.2,0,No,0,Government,Los Angeles,Small,None,,0.0,5,98671,130131,8.6
GRAD_005900,2017,23,Female,Hispanic,Regional,Finance,3.71,2,No,1,Transportation,Washington DC,Medium,None,,,7,98760,160206,7.3
GRAD_005901,2016,23,Female,White,Regional,Engineering,3.37,0,No,2,Transportation,Boston,Medium,None,0.0,60.0,8,84460,119071,4.4
GRAD_005902,2021,21,Female,Hispanic,Regional,Liberal Arts,3.73,3,No,1,Education,Washington DC,Medium,None,2.0,80.0,3,57594,71752,6.5
GRAD_005903,2020,20,Female,Asian,Top 100,Business,3.89,4,No,1,Finance,Los Angeles,Large,Masters,2.0,40.0,4,122156,169590,8.2
GRAD_005904,2020,22,Female,White,Top 100,Marketing,3.72,2,No,0,Finance,Austin,Large,None,2.0,100.0,4,92431,118642,8.1
GRAD_005905,2017,25,Female,White,Regional,Business,3.81,1,No,2,Technology,Seattle,Fortune 500,Masters,3.0,20.0,7,112172,160744,5.3
GRAD_005906,2017,21,Male,Hispanic,Top 100,Communications,2.75,1,No,1,Non-profit,Dallas,Large,Masters,4.0,0.0,7,47633,97230,3.3
GRAD_005907,2023,23,Female,Hispanic,Regional,Political Science,3.11,1,No,0,Energy,Philadelphia,Large,PhD,0.0,20.0,1,62062,73847,3.8
GRAD_005908,2021,22,Male,Black,Regional,Marketing,2.97,2,No,1,Technology,New York,Large,MBA,1.0,0.0,3,110487,168705,6.5
GRAD_005909,2022,22,Female,White,Top 50,Economics,3.17,3,No,1,Non-profit,Washington DC,Large,MBA,1.0,0.0,2,81269,110777,7.9
GRAD_005910,2018,24,Female,Black,Regional,Psychology,3.65,2,No,1,Real Estate,Miami,Large,None,1.0,20.0,6,57403,82838,6.1
GRAD_005911,2022,22,Male,White,Regional,Economics,3.59,0,No,1,Transportation,Dallas,Large,None,4.0,0.0,2,69190,89684,4.5
GRAD_005912,2021,21,Male,Other,Top 100,Psychology,3.22,0,No,0,Education,Dallas,Fortune 500,None,0.0,20.0,3,44956,53862,5.3
GRAD_005913,2018,24,Female,White,Regional,Engineering,3.74,1,No,2,Education,San Francisco,Medium,MBA,1.0,40.0,6,98857,159442,6.6
GRAD_005914,2021,21,Male,White,Regional,Psychology,2.83,0,No,0,Media,Denver,Medium,None,2.0,40.0,3,56874,72484,4.7
GRAD_005915,2023,23,Female,White,Regional,Engineering,4.0,1,Yes,1,Government,Chicago,Large,None,1.0,60.0,1,96771,97009,6.1
GRAD_005916,2017,20,Male,Asian,Top 100,Biology,3.57,1,No,0,Retail,Austin,Small,None,3.0,40.0,7,55686,86385,7.5
GRAD_005917,2020,24,Male,White,Top 50,Communications,3.85,2,No,0,Education,Atlanta,Large,None,3.0,80.0,4,59541,77702,5.2
GRAD_005918,2023,26,Female,Hispanic,Top 50,Business,3.16,0,No,2,Retail,Washington DC,Fortune 500,None,3.0,40.0,1,79960,85384,8.5
GRAD_005919,2022,22,Male,White,Regional,Political Science,3.02,3,No,0,Retail,Seattle,Fortune 500,None,2.0,0.0,2,66860,78864,5.2
GRAD_005920,2021,20,Female,Asian,Top 100,Liberal Arts,3.81,0,No,2,Education,Dallas,Small,None,1.0,0.0,3,44022,53295,7.6
GRAD_005921,2015,23,Male,White,Top 50,Biology,3.35,3,No,0,Retail,Dallas,Small,Masters,1.0,60.0,9,60575,98933,5.9
GRAD_005922,2019,22,Male,Asian,Regional,Engineering,3.11,1,Yes,1,Manufacturing,Phoenix,Small,None,7.0,0.0,5,89921,128959,6.8
GRAD_005923,2021,25,Female,White,Top 100,Finance,3.33,2,No,2,Real Estate,Denver,Medium,Masters,1.0,0.0,3,110452,134463,9.0
GRAD_005924,2019,21,Female,White,Top 10,Biology,3.19,1,No,0,Healthcare,Seattle,Large,Masters,5.0,0.0,5,94827,144203,7.3
GRAD_005925,2023,20,Other,Black,Top 100,Finance,3.41,1,No,1,Real Estate,Phoenix,Fortune 500,MBA,1.0,40.0,1,83100,110275,7.1
GRAD_005926,2022,22,Male,White,Top 100,Data Science,3.75,1,No,1,Healthcare,Portland,Medium,None,2.0,,2,109367,130961,7.3
GRAD_005927,2017,23,Female,Asian,Top 100,Political Science,3.32,2,Yes,1,Transportation,Philadelphia,Fortune 500,None,2.0,20.0,7,61545,87574,5.8
GRAD_005928,2019,21,Female,White,Top 100,Engineering,2.57,1,No,1,Consulting,Denver,Large,None,1.0,0.0,5,109769,126808,8.1
GRAD_005929,2019,23,Female,Black,Top 50,Chemistry,3.01,2,Yes,1,Real Estate,Philadelphia,Large,None,4.0,40.0,5,75404,95476,4.0
GRAD_005930,2020,22,Male,White,Top 50,Computer Science,3.2,1,No,0,Consulting,Portland,Large,None,4.0,40.0,4,158849,211352,10.0
GRAD_005931,2019,22,Female,Hispanic,Top 100,Communications,3.25,2,No,1,Healthcare,Philadelphia,Small,None,1.0,0.0,5,64314,76859,4.7
GRAD_005932,2017,23,Female,White,Regional,Finance,2.6,0,No,1,Real Estate,San Francisco,Startup,PhD,,0.0,7,114344,179564,7.2
GRAD_005933,2021,22,Female,Hispanic,Regional,Engineering,3.14,0,Yes,4,Non-profit,Miami,Fortune 500,MD,1.0,20.0,3,67922,119272,7.8
GRAD_005934,2016,21,Female,Black,Top 10,Data Science,3.27,2,No,0,Finance,Washington DC,Medium,PhD,2.0,40.0,8,183148,283621,7.1
GRAD_005935,2020,20,Male,Hispanic,Regional,Data Science,3.05,0,Yes,0,Energy,Phoenix,Medium,None,0.0,20.0,4,91842,110900,8.3
GRAD_005936,2018,21,Female,White,Top 100,Computer Science,3.29,1,No,0,Technology,San Francisco,Small,None,0.0,,6,161088,205496,7.7
GRAD_005937,2023,26,Female,White,Top 100,Business,3.75,2,Yes,1,Government,Atlanta,Medium,MBA,2.0,40.0,1,76075,97296,5.1
GRAD_005938,2018,22,Female,White,Top 100,Computer Science,3.11,2,No,0,Consulting,Chicago,Large,None,0.0,20.0,6,123140,143692,9.8
GRAD_005939,2018,20,Male,Asian,Regional,Engineering,2.69,1,No,1,Manufacturing,Seattle,Large,None,2.0,100.0,6,98619,126082,7.0
GRAD_005940,2021,24,Female,Hispanic,Top 100,Political Science,4.0,2,No,2,Finance,Los Angeles,Fortune 500,None,0.0,100.0,3,104901,115324,4.6
GRAD_005941,2016,22,Male,White,Top 10,Communications,3.09,2,No,3,Government,Dallas,Fortune 500,None,1.0,40.0,8,75772,102757,7.1
GRAD_005942,2018,22,Female,White,Regional,Data Science,3.21,1,No,0,Energy,San Francisco,Medium,Masters,3.0,40.0,6,141955,201521,8.6
GRAD_005943,2021,22,Female,Black,Regional,Data Science,3.31,1,Yes,2,Consulting,Seattle,Large,None,2.0,40.0,3,121128,139504,7.6
GRAD_005944,2015,24,Female,White,Top 100,Liberal Arts,2.82,2,No,2,Consulting,Los Angeles,Large,PhD,5.0,20.0,9,90392,206291,7.9
GRAD_005945,2018,20,Female,White,Top 100,Marketing,3.38,1,Yes,0,Consulting,Austin,Small,None,1.0,100.0,6,91220,114388,10.0
GRAD_005946,2015,24,Female,White,Top 10,Communications,3.13,2,No,0,Consulting,Austin,Startup,None,4.0,40.0,9,104652,168501,5.5
GRAD_005947,2016,23,Female,Asian,Top 50,Marketing,3.38,2,No,1,Education,Washington DC,Medium,None,2.0,,8,62729,99497,9.5
GRAD_005948,2020,22,Male,White,Top 50,Economics,3.49,2,No,1,Non-profit,Los Angeles,Medium,None,,20.0,4,78682,101441,6.4
GRAD_005949,2019,21,Male,Black,Regional,Computer Science,3.72,1,No,0,Retail,Philadelphia,Fortune 500,MBA,5.0,80.0,5,84975,156716,8.7
GRAD_005950,2016,22,Male,White,Top 100,Chemistry,3.91,1,Yes,1,Real Estate,Washington DC,Large,MBA,1.0,80.0,8,90501,191103,8.2
GRAD_005951,2015,22,Male,White,Top 50,Mathematics,3.23,2,No,0,Education,Denver,Medium,None,1.0,100.0,9,70386,99495,7.3
GRAD_005952,2015,25,Female,Asian,Regional,Mathematics,3.1,2,No,1,Government,Atlanta,Medium,None,2.0,60.0,9,76235,97679,5.5
GRAD_005953,2016,24,Female,White,Regional,Liberal Arts,2.87,1,No,1,Media,Los Angeles,Medium,None,1.0,20.0,8,59207,75516,4.4
GRAD_005954,2016,21,Female,White,Regional,Economics,3.5,1,No,1,Manufacturing,Miami,Medium,None,2.0,40.0,8,88267,138906,8.9
GRAD_005955,2016,25,Female,Hispanic,Top 50,Business,3.3,5,No,0,Media,Phoenix,Fortune 500,None,0.0,40.0,8,77889,109165,7.1
GRAD_005956,2015,23,Female,Hispanic,Regional,Biology,3.24,1,No,3,Retail,Chicago,Small,None,1.0,0.0,9,56576,93483,5.5
GRAD_005957,2021,23,Female,White,Regional,Economics,2.87,0,No,0,Manufacturing,Dallas,Medium,None,0.0,0.0,3,71354,77263,4.8
GRAD_005958,2023,22,Female,White,Regional,Engineering,3.06,4,No,2,Education,Denver,Medium,MD,,0.0,1,73215,113375,10.0
GRAD_005959,2022,21,Male,White,Regional,Economics,3.51,1,No,2,Energy,Dallas,Large,None,5.0,20.0,2,83035,109676,6.6
GRAD_005960,2017,23,Male,Asian,Regional,Computer Science,3.62,1,,0,Finance,Seattle,Medium,None,2.0,80.0,7,130207,213970,9.5
GRAD_005961,2017,23,Male,White,Regional,Chemistry,3.39,1,No,1,Manufacturing,Washington DC,Medium,Masters,0.0,20.0,7,65969,118664,7.5
GRAD_005962,2015,21,Male,White,Regional,Communications,3.33,2,No,1,Media,Atlanta,Fortune 500,None,3.0,0.0,9,57028,85232,5.5
GRAD_005963,2016,24,Female,Hispanic,Top 100,Liberal Arts,3.75,1,,1,Media,Miami,Large,None,3.0,0.0,8,58318,98589,8.0
GRAD_005964,2020,22,Female,Asian,Top 50,Communications,3.6,1,No,1,Energy,Washington DC,Large,None,2.0,0.0,4,100127,117889,7.7
GRAD_005965,2023,23,Male,Other,Top 10,Engineering,3.6,0,Yes,1,Technology,Atlanta,Small,None,0.0,60.0,1,116608,124320,6.2
GRAD_005966,2022,24,Female,White,Top 50,Chemistry,3.03,2,No,3,Energy,Austin,Medium,None,3.0,60.0,2,87553,103378,5.2
GRAD_005967,2020,23,Female,Asian,Regional,Liberal Arts,4.0,1,No,0,Consulting,Denver,Small,None,0.0,0.0,4,72083,83617,8.1
GRAD_005968,2019,20,Male,Black,Regional,Liberal Arts,3.84,1,No,1,Real Estate,Los Angeles,Small,MBA,2.0,60.0,5,82812,143692,8.1
GRAD_005969,2016,23,Male,White,Top 100,Engineering,3.45,0,No,1,Energy,Miami,Large,MBA,3.0,40.0,8,88011,194440,7.3
GRAD_005970,2019,22,Male,Asian,Top 100,Engineering,3.07,0,Yes,0,Media,Washington DC,Large,None,1.0,40.0,5,91260,127499,6.4
GRAD_005971,2020,21,Female,Other,Top 100,Economics,2.98,4,Yes,0,Retail,New York,Large,None,3.0,40.0,4,96966,118829,7.4
GRAD_005972,2020,22,Female,White,Top 100,Communications,3.45,2,No,2,Energy,Boston,Fortune 500,Masters,0.0,0.0,4,88065,114318,5.4
GRAD_005973,2020,22,Female,White,Top 100,Psychology,3.39,2,No,1,Technology,Philadelphia,Large,Masters,4.0,0.0,4,74842,112482,9.9
GRAD_005974,2022,22,Female,White,Regional,Psychology,3.22,0,No,2,Consulting,Portland,Large,None,,40.0,2,75007,84419,2.4
GRAD_005975,2020,22,Male,Asian,Top 50,Mathematics,2.93,2,No,0,Energy,Los Angeles,Fortune 500,None,0.0,0.0,4,107864,130937,6.2
GRAD_005976,2019,23,Female,Hispanic,Top 100,Computer Science,3.43,2,No,0,Retail,Miami,Fortune 500,None,5.0,40.0,5,98309,121713,6.7
GRAD_005977,2018,20,Male,White,Top 100,Liberal Arts,3.24,1,No,1,Government,Phoenix,Medium,None,2.0,20.0,6,52653,69810,4.2
GRAD_005978,2017,22,Female,White,Top 100,Communications,2.78,0,No,1,Finance,Atlanta,Medium,None,2.0,0.0,7,69476,88721,4.5
GRAD_005979,2015,22,Male,White,Regional,Business,3.3,3,No,1,Energy,New York,Large,None,2.0,100.0,9,100461,156628,8.0
GRAD_005980,2018,25,Male,White,Top 100,Economics,3.63,0,Yes,0,Consulting,Chicago,Large,None,1.0,0.0,6,95220,118928,3.6
GRAD_005981,2021,20,Female,Hispanic,Top 100,Psychology,3.42,1,No,0,Consulting,Phoenix,Medium,MD,3.0,0.0,3,75848,143431,8.3
GRAD_005982,2020,23,Male,White,Top 50,Psychology,3.19,3,No,1,Government,New York,Small,None,2.0,0.0,4,100299,124913,5.3
GRAD_005983,2020,23,Female,Black,Top 100,Data Science,3.9,2,No,2,Education,Seattle,Medium,Masters,2.0,0.0,4,110209,139847,6.4
GRAD_005984,2022,23,Female,Hispanic,Top 100,Economics,3.05,3,No,3,Healthcare,Washington DC,Fortune 500,None,3.0,40.0,2,102020,113264,9.5
GRAD_005985,2017,21,Female,White,Regional,Communications,3.43,1,Yes,0,Transportation,Miami,Medium,None,3.0,60.0,7,52632,82199,5.3
GRAD_005986,2021,22,Other,White,Top 10,Computer Science,3.12,0,No,1,Technology,Philadelphia,Medium,None,1.0,20.0,3,148538,165566,6.3
GRAD_005987,2020,22,Female,Black,Top 50,Computer Science,3.33,0,No,1,Real Estate,Boston,Large,None,3.0,20.0,4,130522,165506,6.6
GRAD_005988,2018,27,Female,Hispanic,Regional,Finance,3.15,5,No,0,Healthcare,Austin,Startup,MBA,1.0,0.0,6,96727,166093,7.2
GRAD_005989,2017,22,Male,White,Regional,Computer Science,3.75,1,No,4,Finance,San Francisco,Large,None,3.0,,7,211087,294667,8.2
GRAD_005990,2020,21,Female,White,Regional,Engineering,3.41,2,No,0,Manufacturing,Dallas,Large,None,3.0,60.0,4,79790,99899,5.6
GRAD_005991,2023,25,Female,White,Top 10,Psychology,3.39,4,No,0,Transportation,New York,Fortune 500,Masters,2.0,60.0,1,115906,138319,5.1
GRAD_005992,2015,23,Male,Hispanic,Regional,Finance,3.17,1,Yes,1,Education,Washington DC,Large,PhD,2.0,0.0,9,69478,151132,6.7
GRAD_005993,2023,23,Male,White,Regional,Data Science,3.25,2,No,0,Media,Dallas,Startup,None,1.0,40.0,1,71748,79726,7.0
GRAD_005994,2019,24,Male,Asian,Regional,Liberal Arts,3.55,0,No,2,Consulting,Chicago,Large,None,2.0,20.0,5,69714,103349,7.6
GRAD_005995,2021,22,Female,White,Top 50,Economics,3.56,1,No,0,Manufacturing,Washington DC,Large,Masters,0.0,40.0,3,92919,114992,7.0
GRAD_005996,2022,21,Male,White,Regional,Finance,3.39,0,No,1,Media,Phoenix,Large,None,1.0,20.0,2,72541,83516,3.0
GRAD_005997,2016,22,Male,White,Top 100,Mathematics,3.56,2,No,1,Government,Phoenix,Small,None,0.0,40.0,8,60644,103184,4.2
GRAD_005998,2015,21,Male,White,Top 50,Business,3.78,3,No,1,Real Estate,Dallas,Large,None,2.0,40.0,9,97053,133033,8.5
GRAD_005999,2016,20,Male,Asian,Top 10,Biology,3.5,2,No,1,Manufacturing,Los Angeles,Large,None,2.0,80.0,8,107370,165533,6.0
GRAD_006000,2018,21,Male,White,Top 10,Marketing,2.65,0,Yes,0,Government,Portland,Medium,None,1.0,40.0,6,87024,112486,7.9
GRAD_006001,2023,20,Female,White,Regional,Engineering,3.38,1,No,3,Retail,Washington DC,Fortune 500,None,1.0,20.0,1,91304,92233,5.4
GRAD_006002,2015,21,Female,White,Regional,Data Science,4.0,1,No,0,Retail,Atlanta,Fortune 500,None,,80.0,9,80565,138093,5.3
GRAD_006003,2023,21,Female,Asian,Top 10,Liberal Arts,3.64,0,No,0,Technology,Washington DC,Startup,None,3.0,20.0,1,109014,119419,7.3
GRAD_006004,2020,23,Female,White,Regional,Business,3.3,0,No,1,Healthcare,Portland,Medium,None,2.0,80.0,4,76471,93164,7.9
GRAD_006005,2016,22,Male,Asian,Top 50,Communications,3.56,0,No,1,Healthcare,Austin,Medium,JD,1.0,40.0,8,76052,159881,8.4
GRAD_006006,2016,22,Male,Other,Top 50,Chemistry,3.2,1,Yes,0,Retail,Boston,Small,None,0.0,0.0,8,76908,102208,7.2
GRAD_006007,2021,24,Male,Black,Top 100,Business,3.49,0,No,1,Government,Austin,Fortune 500,None,2.0,20.0,3,77308,91010,6.7
GRAD_006008,2020,21,Female,White,Top 100,Communications,3.56,3,No,0,Non-profit,Chicago,Large,None,6.0,20.0,4,57312,85851,6.3
GRAD_006009,2016,20,Male,White,Top 50,Psychology,3.82,1,No,0,Government,Miami,Medium,None,0.0,40.0,8,61732,83199,6.3
GRAD_006010,2023,20,Male,Other,Top 10,Biology,2.74,1,No,2,Technology,Seattle,Small,None,0.0,80.0,1,131696,140351,8.0
GRAD_006011,2016,22,Male,White,Top 100,Psychology,2.9,1,No,1,Media,Boston,Large,MD,0.0,60.0,8,64660,127917,5.7
GRAD_006012,2020,22,Female,White,Top 100,Liberal Arts,3.16,3,No,0,Education,Seattle,Small,JD,0.0,0.0,4,71545,103093,8.7
GRAD_006013,2020,24,Female,White,Top 100,Business,3.55,1,Yes,0,Education,Philadelphia,Large,None,0.0,0.0,4,63896,70008,6.1
GRAD_006014,2022,21,Female,White,Top 100,Mathematics,3.65,4,,2,Finance,Los Angeles,Large,PhD,1.0,,2,137901,174016,6.6
GRAD_006015,2015,23,Female,Asian,Top 100,Mathematics,3.34,2,No,0,Media,Chicago,Medium,None,5.0,,9,84493,153091,8.9
GRAD_006016,2016,20,Male,White,Regional,Political Science,2.63,2,No,2,Retail,Miami,Small,None,4.0,0.0,8,59438,90122,3.9
GRAD_006017,2017,20,Female,White,Regional,Biology,3.75,1,No,0,Education,Washington DC,Small,None,2.0,20.0,7,62785,82967,7.9
GRAD_006018,2015,23,Male,White,Top 100,Business,3.44,1,No,2,Media,Phoenix,Fortune 500,None,2.0,60.0,9,66820,100153,6.8
GRAD_006019,2021,23,Female,Black,Regional,Liberal Arts,3.45,0,Yes,0,Government,Boston,Fortune 500,Masters,3.0,100.0,3,55152,78425,4.6
GRAD_006020,2017,20,Male,Asian,Top 10,Business,2.48,0,No,3,Healthcare,Denver,Fortune 500,None,,60.0,7,94012,149933,8.2
GRAD_006021,2020,21,Female,Hispanic,Top 10,Biology,3.81,2,Yes,2,Transportation,Chicago,Medium,None,0.0,20.0,4,80259,90506,6.0
GRAD_006022,2022,22,Male,Asian,Top 100,Engineering,3.24,1,No,4,Non-profit,Seattle,Medium,None,2.0,80.0,2,93699,110394,8.0
GRAD_006023,2019,22,Female,Black,Top 50,Marketing,3.73,1,Yes,2,Government,Boston,Small,Masters,6.0,80.0,5,85737,137078,6.1
GRAD_006024,2022,23,Female,Asian,Regional,Engineering,3.58,2,Yes,4,Finance,San Francisco,Medium,None,3.0,20.0,2,141315,162990,6.6
GRAD_006025,2022,23,Female,White,Regional,Communications,3.08,1,Yes,3,Real Estate,Seattle,Startup,None,3.0,60.0,2,85963,97776,3.8
GRAD_006026,2017,20,Female,White,Regional,Biology,3.44,2,No,0,Manufacturing,Seattle,Fortune 500,JD,1.0,0.0,7,85342,137253,6.9
GRAD_006027,2015,23,Male,Asian,Regional,Computer Science,3.69,1,No,0,Consulting,Austin,Small,None,2.0,40.0,9,146689,248412,6.2
GRAD_006028,2016,21,Female,White,Top 100,Data Science,2.7,1,No,1,Energy,Denver,Medium,None,4.0,20.0,8,108688,148608,4.2
GRAD_006029,2022,23,Female,Hispanic,Top 50,Finance,3.65,1,No,1,Technology,Phoenix,Large,MD,2.0,40.0,2,125433,199126,7.9
GRAD_006030,2019,21,Male,Black,Top 10,Business,2.84,0,No,1,Consulting,Philadelphia,Medium,MBA,3.0,40.0,5,122848,209445,7.2
GRAD_006031,2022,24,Male,White,Top 50,Communications,2.99,3,Yes,3,Technology,Boston,Large,Masters,3.0,0.0,2,100455,137105,5.0
GRAD_006032,2020,23,Male,White,Top 50,Communications,2.9,2,Yes,2,Consulting,Seattle,Startup,JD,3.0,80.0,4,113659,176133,7.6
GRAD_006033,2017,21,Female,White,Regional,Data Science,4.0,0,No,0,Transportation,Phoenix,Fortune 500,None,2.0,0.0,7,89610,132890,5.9
GRAD_006034,2021,20,Female,Black,Top 100,Computer Science,3.37,4,Yes,1,Retail,Boston,Small,None,2.0,20.0,3,102753,115635,5.5
GRAD_006035,2020,24,Female,White,Regional,Data Science,2.62,1,Yes,1,Manufacturing,Boston,Small,None,3.0,20.0,4,107380,125064,5.6
GRAD_006036,2018,21,Female,Asian,Regional,Business,3.05,3,No,1,Retail,Washington DC,Medium,Masters,3.0,40.0,6,63642,111692,9.3
GRAD_006037,2016,21,Other,White,Top 10,Business,3.06,2,No,3,Consulting,Austin,Large,MBA,4.0,20.0,8,128629,274390,7.2
GRAD_006038,2016,23,Male,White,Top 10,Computer Science,3.34,3,No,1,Transportation,Chicago,Large,MBA,1.0,100.0,8,126088,247932,7.8
GRAD_006039,2017,20,Male,Hispanic,Top 100,Engineering,3.04,2,No,1,Non-profit,Miami,Small,None,4.0,60.0,7,78833,134245,7.6
GRAD_006040,2021,22,Male,Asian,Regional,Economics,2.79,4,No,1,Consulting,Denver,Large,Masters,1.0,40.0,3,110165,156573,7.4
GRAD_006041,2021,22,Male,White,Regional,Psychology,3.79,2,Yes,1,Healthcare,Boston,Small,JD,1.0,,3,89167,134226,8.2
GRAD_006042,2021,22,Male,Asian,Regional,Computer Science,3.27,2,Yes,0,Media,Austin,Large,Masters,2.0,60.0,3,86832,121534,7.9
GRAD_006043,2018,24,Male,Other,Top 10,Mathematics,3.24,3,No,0,Education,Atlanta,Fortune 500,MBA,1.0,0.0,6,68763,122336,8.1
GRAD_006044,2019,23,Male,Asian,Top 100,Business,3.87,1,No,2,Real Estate,Atlanta,Medium,Masters,2.0,0.0,5,89102,141762,7.1
GRAD_006045,2021,23,Male,White,Top 10,Engineering,3.96,0,No,0,Transportation,Washington DC,Medium,None,1.0,60.0,3,148023,176329,6.3
GRAD_006046,2021,22,Female,Hispanic,Top 100,Computer Science,3.27,2,No,1,Retail,Philadelphia,Startup,PhD,4.0,0.0,3,82790,121602,8.9
GRAD_006047,2022,21,Male,White,Top 50,Liberal Arts,2.91,0,Yes,2,Manufacturing,Dallas,Large,MBA,0.0,0.0,2,61216,81259,7.7
GRAD_006048,2017,24,Female,White,Regional,Computer Science,3.3,2,Yes,0,Non-profit,San Francisco,Large,None,2.0,80.0,7,99341,128111,10.0
GRAD_006049,2015,21,Female,Asian,Regional,Business,4.0,2,No,4,Technology,Los Angeles,Startup,None,,60.0,9,122745,182577,9.7
GRAD_006050,2017,22,Female,White,Regional,Marketing,3.0,0,No,0,Real Estate,Denver,Large,None,3.0,20.0,7,76331,106908,6.9
GRAD_006051,2018,23,Female,White,Top 10,Data Science,2.95,3,No,1,Government,Boston,Medium,None,2.0,100.0,6,146439,178703,6.6
GRAD_006052,2023,21,Female,White,Top 100,Business,3.38,2,No,1,Real Estate,Dallas,Large,None,1.0,0.0,1,78642,82775,5.4
GRAD_006053,2017,21,Male,Asian,Top 10,Computer Science,3.27,1,No,3,Retail,Austin,Large,MBA,1.0,80.0,7,103083,182359,8.9
GRAD_006054,2022,22,Female,White,Regional,Liberal Arts,3.4,3,No,2,Retail,Austin,Large,None,1.0,20.0,2,63730,69874,5.0
GRAD_006055,2021,23,Female,Hispanic,Top 100,Engineering,3.38,6,No,2,Media,Miami,Large,None,1.0,20.0,3,79884,94505,4.5
GRAD_006056,2016,23,Male,White,Top 10,Marketing,3.25,1,No,1,Manufacturing,Washington DC,Small,None,0.0,80.0,8,85453,117636,5.3
GRAD_006057,2019,20,Male,White,Regional,Data Science,3.12,1,Yes,1,Non-profit,New York,Small,MBA,2.0,20.0,5,97253,171551,7.3
GRAD_006058,2020,25,Female,Asian,Top 50,Political Science,3.17,1,Yes,0,Consulting,Dallas,Large,None,4.0,40.0,4,79108,101926,7.9
GRAD_006059,2018,23,Female,Hispanic,Top 50,Data Science,2.92,0,No,2,Consulting,New York,Fortune 500,None,3.0,40.0,6,150109,187657,6.2
GRAD_006060,2017,21,Female,Asian,Top 100,Computer Science,3.22,1,No,0,Transportation,Atlanta,Medium,None,2.0,0.0,7,101329,136693,7.3
GRAD_006061,2017,22,Male,White,Top 100,Economics,3.26,1,No,2,Media,Phoenix,Small,Masters,3.0,0.0,7,65171,105800,4.5
GRAD_006062,2020,22,Female,Black,Top 50,Business,3.19,3,Yes,2,Real Estate,Atlanta,Medium,Masters,0.0,60.0,4,98962,131088,10.0
GRAD_006063,2021,21,Male,Asian,Regional,Liberal Arts,3.46,2,No,0,Retail,Washington DC,Small,None,3.0,0.0,3,64670,84365,6.2
GRAD_006064,2019,24,Male,Hispanic,Top 50,Communications,3.22,0,Yes,0,Education,Austin,Fortune 500,None,0.0,40.0,5,60994,74985,4.7
GRAD_006065,2023,26,Female,Black,Top 100,Data Science,3.36,1,Yes,1,Media,Austin,Small,None,3.0,60.0,1,101121,109281,7.3
GRAD_006066,2021,21,Male,White,Regional,Data Science,3.29,2,No,1,Media,Portland,Startup,None,4.0,20.0,3,100802,130478,7.2
GRAD_006067,2023,21,Male,Asian,Top 100,Computer Science,3.33,1,No,1,Consulting,Atlanta,Medium,None,,100.0,1,112670,126161,7.8
GRAD_006068,2019,22,Female,Asian,Top 50,Business,2.93,0,No,2,Real Estate,Washington DC,Medium,None,3.0,,5,106132,124809,7.3
GRAD_006069,2015,20,Male,Other,Regional,Economics,2.96,2,No,2,Real Estate,Los Angeles,Startup,None,0.0,60.0,9,94495,152566,9.2
GRAD_006070,2020,23,Female,Hispanic,Regional,Economics,3.69,3,No,0,Government,Phoenix,Large,Masters,1.0,20.0,4,65520,93224,4.2
GRAD_006071,2022,22,Male,White,Top 100,Biology,3.42,2,No,1,Real Estate,Los Angeles,Large,None,2.0,0.0,2,76523,87211,3.8
GRAD_006072,2020,22,Male,White,Regional,Business,2.94,1,No,3,Media,Washington DC,Small,None,2.0,0.0,4,78176,94867,4.8
GRAD_006073,2020,20,Male,Hispanic,Top 100,Business,2.67,4,No,0,Education,San Francisco,Medium,Masters,3.0,60.0,4,93211,141773,9.6
GRAD_006074,2023,20,Male,White,Regional,Data Science,3.61,2,No,0,Consulting,Miami,Medium,None,1.0,40.0,1,103489,112625,6.8
GRAD_006075,2018,21,Female,Asian,Regional,Chemistry,3.53,4,,1,Education,Atlanta,Large,Masters,1.0,20.0,6,52821,70778,6.9
GRAD_006076,2022,23,Male,Black,Top 100,Engineering,3.14,4,No,1,Non-profit,Phoenix,Medium,None,6.0,0.0,2,70389,96315,6.9
GRAD_006077,2020,20,Male,White,Regional,Communications,3.33,1,No,2,Retail,Miami,Fortune 500,None,2.0,60.0,4,52857,72531,1.3
GRAD_006078,2019,23,Female,Asian,Top 100,Computer Science,3.37,2,No,1,Retail,Atlanta,Fortune 500,None,3.0,60.0,5,72884,97044,7.0
GRAD_006079,2016,22,Male,White,Regional,Economics,2.99,3,No,1,Manufacturing,San Francisco,Startup,None,0.0,20.0,8,110078,146224,7.0
GRAD_006080,2021,21,Male,Asian,Regional,Business,3.3,2,No,0,Retail,Los Angeles,Small,JD,4.0,20.0,3,72536,124747,5.5
GRAD_006081,2022,22,Other,Black,Regional,Finance,3.27,2,Yes,0,Government,San Francisco,Startup,None,1.0,60.0,2,97308,112586,5.9
GRAD_006082,2019,20,Male,White,Top 100,Data Science,2.97,1,No,0,Technology,New York,Startup,None,3.0,20.0,5,166760,241938,5.9
GRAD_006083,2022,20,Female,Other,Top 100,Engineering,3.37,2,No,0,Finance,Atlanta,Large,None,2.0,0.0,2,126756,142311,8.1
GRAD_006084,2020,24,Male,White,Regional,Marketing,3.41,1,No,1,Education,Atlanta,Medium,None,0.0,0.0,4,55476,64263,7.4
GRAD_006085,2017,22,Female,White,Regional,Liberal Arts,2.92,5,No,1,Technology,Denver,Medium,Masters,3.0,20.0,7,92562,172189,8.3
GRAD_006086,2023,21,Female,Hispanic,Top 10,Liberal Arts,3.6,1,No,1,Manufacturing,Austin,Fortune 500,None,2.0,100.0,1,87133,91838,3.9
GRAD_006087,2021,21,Male,White,Regional,Engineering,3.1,0,Yes,0,Real Estate,Washington DC,Large,Masters,1.0,0.0,3,97664,132144,6.7
GRAD_006088,2022,21,Male,White,Top 50,Liberal Arts,3.06,1,No,1,Manufacturing,Philadelphia,Medium,Masters,2.0,40.0,2,69478,92417,5.8
GRAD_006089,2018,21,Female,White,Top 50,Finance,3.56,2,No,2,Real Estate,Miami,Startup,Masters,3.0,20.0,6,109440,163888,6.7
GRAD_006090,2023,22,Female,White,Regional,Liberal Arts,3.55,2,No,2,Media,Washington DC,Large,MD,1.0,60.0,1,69813,106190,5.2
GRAD_006091,2018,23,Male,Hispanic,Regional,Mathematics,3.01,5,No,3,Government,Washington DC,Medium,None,2.0,0.0,6,102242,153206,7.7
GRAD_006092,2015,21,Male,White,Regional,Finance,3.45,0,Yes,0,Manufacturing,Austin,Large,None,2.0,0.0,9,84971,124931,8.0
GRAD_006093,2015,20,Male,Asian,Top 100,Biology,3.45,0,No,0,Finance,Phoenix,Medium,None,3.0,40.0,9,77891,111141,8.7
GRAD_006094,2016,21,Female,White,Top 100,Computer Science,3.16,2,No,0,Manufacturing,Atlanta,Fortune 500,None,0.0,40.0,8,94177,135962,7.6
GRAD_006095,2017,26,Male,White,Top 100,Computer Science,3.5,0,No,0,Consulting,Philadelphia,Medium,Masters,0.0,0.0,7,132586,230627,6.5
GRAD_006096,2017,22,Male,White,Top 100,Engineering,2.64,2,No,0,Government,San Francisco,Fortune 500,None,3.0,20.0,7,128166,171549,5.5
GRAD_006097,2015,23,Female,White,Top 100,Marketing,3.08,0,No,1,Manufacturing,Chicago,Medium,None,0.0,,9,82194,142158,7.5
GRAD_006098,2023,22,Male,Asian,Top 100,Marketing,3.6,2,No,2,Finance,Portland,Large,Masters,3.0,0.0,1,87730,113779,5.1
GRAD_006099,2022,25,Male,White,Top 50,Chemistry,3.13,3,No,0,Finance,Miami,Small,None,2.0,80.0,2,105996,118837,7.0
GRAD_006100,2022,23,Female,White,Regional,Business,2.93,2,No,1,Real Estate,Atlanta,Large,None,2.0,20.0,2,66391,71468,5.2
GRAD_006101,2019,20,Male,Asian,Regional,Data Science,2.36,0,No,2,Education,Boston,Medium,None,3.0,0.0,5,79375,119321,7.7
GRAD_006102,2019,22,Male,White,Regional,Communications,3.66,1,Yes,1,Finance,Chicago,Large,None,2.0,100.0,5,67630,91690,7.1
GRAD_006103,2019,21,Female,White,Top 100,Data Science,3.06,2,No,0,Government,Austin,Large,None,6.0,0.0,5,112680,156620,7.6
GRAD_006104,2017,23,Female,Other,Regional,Engineering,2.76,0,No,2,Media,Seattle,Fortune 500,None,4.0,20.0,7,94125,122927,6.6
GRAD_006105,2020,23,Male,White,Top 50,Computer Science,3.43,0,No,0,Finance,Los Angeles,Large,None,2.0,60.0,4,162432,215019,6.4
GRAD_006106,2015,20,Female,Asian,Top 50,Communications,3.86,1,Yes,1,Finance,Miami,Small,None,6.0,0.0,9,79798,119015,7.5
GRAD_006107,2021,23,Female,Asian,Regional,Liberal Arts,3.33,0,Yes,0,Healthcare,San Francisco,Medium,MBA,1.0,0.0,3,82310,121303,4.2
GRAD_006108,2020,21,Male,White,Regional,Engineering,2.61,2,No,3,Consulting,Los Angeles,Small,Masters,3.0,20.0,4,119771,171918,8.0
GRAD_006109,2022,24,Female,White,Regional,Chemistry,3.03,2,,0,Real Estate,Seattle,Startup,PhD,1.0,0.0,2,77452,105222,8.9
GRAD_006110,2023,23,Male,White,Top 100,Biology,3.65,2,Yes,1,Government,Atlanta,Fortune 500,PhD,3.0,40.0,1,52477,75133,8.9
GRAD_006111,2022,20,Male,White,Regional,Economics,3.37,1,No,3,Non-profit,Washington DC,Fortune 500,Masters,1.0,20.0,2,62585,79376,5.2
GRAD_006112,2021,20,Male,Other,Regional,Computer Science,2.84,0,No,2,Technology,Atlanta,Large,None,3.0,0.0,3,114625,137297,3.8
GRAD_006113,2019,20,Female,White,Regional,Data Science,4.0,1,No,0,Manufacturing,Miami,Large,None,4.0,0.0,5,100723,142784,6.5
GRAD_006114,2017,22,Female,White,Regional,Psychology,3.1,2,Yes,1,Energy,Washington DC,Medium,None,1.0,0.0,7,93533,113055,7.0
GRAD_006115,2021,22,Male,White,Regional,Political Science,3.22,4,No,1,Manufacturing,Atlanta,Large,None,1.0,20.0,3,67772,82417,7.3
GRAD_006116,2017,23,Male,Hispanic,Top 100,Communications,3.19,0,No,1,Finance,Denver,Large,None,2.0,40.0,7,77244,114630,6.6
GRAD_006117,2015,22,Male,Hispanic,Top 50,Marketing,3.61,3,No,0,Media,Dallas,Fortune 500,None,3.0,40.0,9,75713,124669,6.9
GRAD_006118,2020,22,Male,Asian,Top 100,Data Science,3.22,1,No,3,Education,Phoenix,Fortune 500,None,2.0,40.0,4,63890,78254,4.7
GRAD_006119,2019,22,Female,White,Top 100,Business,2.65,0,No,1,Manufacturing,Austin,Medium,None,1.0,20.0,5,84597,100106,4.2
GRAD_006120,2022,27,Female,Hispanic,Top 10,Computer Science,2.65,4,No,1,Real Estate,Philadelphia,Medium,None,3.0,40.0,2,135125,148815,8.9
GRAD_006121,2021,20,Female,Asian,Regional,Data Science,3.09,1,No,0,Real Estate,Phoenix,Large,MBA,2.0,60.0,3,96597,138017,9.6
GRAD_006122,2021,20,Male,Other,Regional,Business,3.37,1,No,2,Real Estate,Phoenix,Large,None,4.0,0.0,3,74264,93855,3.3
GRAD_006123,2022,21,Male,White,Top 10,Chemistry,3.12,0,No,2,Transportation,Boston,Large,None,2.0,,2,99939,112713,6.6
GRAD_006124,2018,21,Male,White,Regional,Computer Science,3.51,3,No,1,Government,Atlanta,Startup,None,1.0,40.0,6,90214,123785,7.7
GRAD_006125,2023,21,Male,White,Top 100,Engineering,3.8,2,No,2,Manufacturing,Los Angeles,Fortune 500,MBA,1.0,0.0,1,129213,173826,8.6
GRAD_006126,2017,22,Female,Asian,Top 100,Psychology,2.86,0,No,0,Consulting,Chicago,Startup,Masters,1.0,0.0,7,70792,115547,7.3
GRAD_006127,2022,20,Male,Black,Top 50,Business,3.37,3,No,3,Healthcare,Atlanta,Large,None,2.0,100.0,2,94624,113271,6.7
GRAD_006128,2023,21,Male,Hispanic,Top 50,Mathematics,3.12,2,No,2,Real Estate,Washington DC,Large,None,0.0,40.0,1,103408,107665,10.0
GRAD_006129,2015,22,Male,Asian,Top 50,Liberal Arts,3.03,2,No,3,Real Estate,Boston,Startup,None,2.0,100.0,9,92545,150018,7.7
GRAD_006130,2021,22,Male,White,Top 100,Biology,3.11,3,Yes,3,Education,Phoenix,Medium,Masters,2.0,,3,42537,60197,5.5
GRAD_006131,2021,22,Male,White,Top 100,Business,3.55,2,No,1,Media,Portland,Startup,None,1.0,0.0,3,76563,90646,8.8
GRAD_006132,2023,22,Female,White,Top 50,Liberal Arts,3.33,2,No,0,Transportation,Denver,Medium,None,4.0,60.0,1,72768,82672,6.6
GRAD_006133,2017,21,Female,White,Regional,Data Science,3.12,1,No,1,Government,Philadelphia,Startup,None,1.0,0.0,7,93316,137472,9.5
GRAD_006134,2020,22,Male,Asian,Top 100,Mathematics,3.97,3,Yes,1,Education,Chicago,Fortune 500,MBA,2.0,100.0,4,67037,103609,6.5
GRAD_006135,2022,22,Male,Hispanic,Top 50,Psychology,3.17,2,No,3,Finance,Seattle,Startup,None,0.0,0.0,2,102570,116890,4.7
GRAD_006136,2016,23,Female,White,Top 100,Engineering,3.42,1,No,1,Transportation,Boston,Large,None,1.0,0.0,8,110252,140476,9.5
GRAD_006137,2022,20,Male,White,Regional,Biology,3.27,0,No,1,Manufacturing,New York,Medium,None,1.0,60.0,2,77080,88766,6.3
GRAD_006138,2019,22,Male,White,Top 100,Chemistry,2.76,0,No,1,Real Estate,Boston,Small,MBA,1.0,100.0,5,76094,115322,9.0
GRAD_006139,2021,22,Male,Black,Top 100,Psychology,3.19,0,No,2,Non-profit,Dallas,Small,Masters,0.0,,3,46262,62119,8.3
GRAD_006140,2015,22,Male,Other,Top 50,Data Science,3.1,1,Yes,0,Energy,Washington DC,Small,None,0.0,100.0,9,135008,218694,6.2
GRAD_006141,2017,22,Female,White,Top 50,Liberal Arts,3.15,0,No,2,Media,San Francisco,Medium,Masters,1.0,0.0,7,76680,135340,9.3
GRAD_006142,2019,20,Male,White,Top 50,Liberal Arts,4.0,1,No,0,Technology,Phoenix,Large,None,0.0,,5,78332,101654,8.9
GRAD_006143,2018,22,Female,Hispanic,Regional,Marketing,3.08,2,No,1,Transportation,Denver,Large,Masters,,40.0,6,61295,100756,7.5
GRAD_006144,2023,22,Male,White,Top 100,Marketing,3.33,0,No,1,Technology,Dallas,Medium,None,3.0,,1,87398,99217,5.2
GRAD_006145,2022,23,Male,Hispanic,Regional,Engineering,3.59,2,Yes,1,Manufacturing,Austin,Medium,None,1.0,20.0,2,94445,104160,4.6
GRAD_006146,2022,22,Female,Hispanic,Regional,Engineering,3.03,0,No,1,Finance,San Francisco,Medium,None,5.0,,2,144042,172710,4.9
GRAD_006147,2019,21,Female,White,Regional,Psychology,2.95,0,Yes,0,Transportation,Boston,Small,PhD,1.0,40.0,5,73822,109729,5.9
GRAD_006148,2019,24,Female,White,Top 50,Psychology,3.4,2,No,2,Technology,Dallas,Large,None,2.0,40.0,5,93595,127042,4.7
GRAD_006149,2022,20,Male,White,Regional,Business,3.31,3,No,0,Government,Phoenix,Fortune 500,JD,2.0,20.0,2,68451,106292,5.2
GRAD_006150,2019,20,Female,Asian,Top 10,Marketing,3.48,2,No,1,Retail,Denver,Medium,None,2.0,40.0,5,74418,91474,5.8
GRAD_006151,2019,20,Female,Other,Regional,Data Science,2.72,0,Yes,0,Manufacturing,Boston,Large,None,3.0,40.0,5,102325,136531,4.0
GRAD_006152,2020,23,Male,White,Regional,Data Science,3.87,3,No,2,Media,Boston,Large,JD,4.0,20.0,4,117439,207761,7.7
GRAD_006153,2020,21,Male,White,Top 50,Mathematics,3.32,1,Yes,2,Healthcare,San Francisco,Small,None,3.0,40.0,4,126408,169963,5.6
GRAD_006154,2021,22,Female,Hispanic,Regional,Engineering,3.66,0,No,2,Energy,Seattle,Large,Masters,1.0,20.0,3,114619,158526,8.1
GRAD_006155,2021,24,Male,Asian,Top 100,Computer Science,4.0,4,No,0,Real Estate,Boston,Medium,None,1.0,60.0,3,169534,207338,4.8
GRAD_006156,2019,20,Female,White,Regional,Computer Science,3.25,5,No,2,Retail,Chicago,Small,MBA,0.0,80.0,5,84359,125592,6.3
GRAD_006157,2018,20,Female,White,Regional,Finance,2.99,1,Yes,1,Education,Los Angeles,Medium,None,0.0,,6,68825,87876,6.9
GRAD_006158,2023,23,Female,White,Top 100,Business,3.17,2,No,1,Non-profit,Miami,Medium,Masters,2.0,60.0,1,62990,77586,6.5
GRAD_006159,2022,21,Male,White,Regional,Psychology,3.24,2,Yes,1,Consulting,Phoenix,Startup,None,1.0,40.0,2,57442,67182,4.4
GRAD_006160,2015,20,Male,Black,Regional,Data Science,3.36,0,,1,Manufacturing,San Francisco,Small,None,3.0,40.0,9,134485,218489,6.4
GRAD_006161,2020,22,Female,White,Top 100,Liberal Arts,3.75,1,No,0,Real Estate,Seattle,Small,MBA,4.0,0.0,4,94467,147974,6.5
GRAD_006162,2018,22,Female,Hispanic,Top 50,Psychology,3.3,2,No,1,Government,New York,Large,Masters,2.0,80.0,6,88601,139691,8.3
GRAD_006163,2021,21,Male,Asian,Top 50,Engineering,3.75,2,Yes,2,Technology,Phoenix,Large,JD,3.0,100.0,3,135780,221818,9.2
GRAD_006164,2020,23,Female,White,Top 50,Engineering,3.71,1,No,1,Retail,San Francisco,Small,MBA,0.0,40.0,4,147248,218714,8.0
GRAD_006165,2015,21,Male,White,Top 100,Mathematics,3.35,6,Yes,1,Government,Atlanta,Large,None,0.0,40.0,9,86576,154477,5.4
GRAD_006166,2021,21,Male,White,Top 50,Data Science,2.75,3,No,3,Transportation,Seattle,Large,None,3.0,80.0,3,149527,174648,9.1
GRAD_006167,2018,20,Female,White,Top 50,Psychology,3.61,1,No,0,Non-profit,New York,Large,Masters,1.0,60.0,6,74543,114566,8.3
GRAD_006168,2017,20,Female,Hispanic,Top 50,Marketing,3.54,1,No,1,Technology,Denver,Large,None,3.0,20.0,7,103408,167171,8.1
GRAD_006169,2015,22,Female,White,Top 100,Liberal Arts,3.22,1,Yes,0,Technology,New York,Large,None,3.0,60.0,9,104056,150879,5.0
GRAD_006170,2022,20,Female,White,Top 10,Data Science,2.94,2,No,0,Government,San Francisco,Large,MBA,1.0,0.0,2,184052,235055,7.0
GRAD_006171,2020,22,Male,Asian,Regional,Data Science,3.28,0,No,0,Retail,New York,Startup,None,2.0,20.0,4,105952,130508,8.0
GRAD_006172,2019,25,Female,White,Regional,Economics,3.47,1,Yes,0,Energy,Portland,Large,None,3.0,100.0,5,104551,141770,6.0
GRAD_006173,2021,23,Female,Other,Top 100,Communications,2.88,3,No,1,Technology,Chicago,Large,JD,1.0,0.0,3,83558,120068,5.6
GRAD_006174,2018,22,Male,White,Regional,Psychology,2.88,3,No,2,Consulting,Portland,Large,None,3.0,0.0,6,71937,116479,6.1
GRAD_006175,2020,23,Female,Asian,Top 100,Biology,4.0,1,No,1,Government,Austin,Fortune 500,None,,40.0,4,77047,93861,6.4
GRAD_006176,2017,25,Female,White,Top 100,Business,2.9,1,No,1,Education,San Francisco,Small,None,3.0,20.0,7,76794,114618,6.2
GRAD_006177,2015,20,Male,Other,Regional,Mathematics,3.05,1,No,4,Media,Seattle,Medium,MBA,2.0,0.0,9,78212,175216,9.2
GRAD_006178,2020,22,Female,White,Regional,Chemistry,3.87,2,No,1,Education,Denver,Fortune 500,None,2.0,40.0,4,70400,80109,3.0
GRAD_006179,2017,24,Female,White,Regional,Marketing,2.96,1,No,0,Energy,Chicago,Large,Masters,2.0,100.0,7,76579,113069,8.6
GRAD_006180,2022,22,Female,White,Regional,Business,2.94,1,Yes,3,Non-profit,Denver,Large,Masters,4.0,20.0,2,58364,81199,8.1
GRAD_006181,2019,24,Male,White,Regional,Engineering,3.63,3,No,2,Manufacturing,Austin,Small,None,3.0,0.0,5,108098,153886,7.8
GRAD_006182,2017,21,Female,Other,Regional,Economics,2.65,2,Yes,0,Manufacturing,Austin,Fortune 500,None,2.0,40.0,7,86690,137933,7.7
GRAD_006183,2020,20,Female,White,Top 10,Computer Science,3.12,1,No,1,Finance,Dallas,Small,PhD,1.0,0.0,4,144771,207301,5.6
GRAD_006184,2016,25,Male,Asian,Top 50,Business,3.53,2,No,2,Retail,Los Angeles,Large,MD,,,8,75245,176917,8.7
GRAD_006185,2022,22,Female,White,Top 100,Engineering,3.83,4,No,0,Real Estate,Austin,Medium,None,2.0,0.0,2,129191,139360,5.9
GRAD_006186,2019,23,Female,White,Regional,Mathematics,3.48,2,No,2,Transportation,Los Angeles,Large,None,2.0,40.0,5,81866,105797,8.0
GRAD_006187,2022,23,Male,White,Top 10,Data Science,3.46,2,No,0,Healthcare,Seattle,Startup,Masters,0.0,20.0,2,155275,195667,5.8
GRAD_006188,2016,24,Female,Other,Regional,Marketing,3.35,1,No,3,Transportation,New York,Medium,None,3.0,100.0,8,75815,100015,6.5
GRAD_006189,2019,22,Female,White,Regional,Computer Science,3.76,0,No,2,Education,Dallas,Large,None,2.0,0.0,5,78270,109133,4.9
GRAD_006190,2017,23,Male,White,Regional,Economics,3.76,1,No,1,Transportation,Chicago,Startup,None,3.0,0.0,7,82848,134991,5.0
GRAD_006191,2015,23,Female,White,Top 10,Business,3.45,3,No,0,Technology,Washington DC,Fortune 500,None,,20.0,9,147269,187241,4.7
GRAD_006192,2023,21,Male,White,Regional,Business,3.36,2,No,1,Real Estate,Austin,Small,None,3.0,40.0,1,89499,104679,4.3
GRAD_006193,2021,24,Male,Asian,Top 10,Business,2.96,1,No,1,Real Estate,Atlanta,Large,None,2.0,0.0,3,88481,105602,6.9
GRAD_006194,2018,21,Male,White,Top 10,Engineering,3.03,1,No,1,Education,Boston,Large,Masters,2.0,20.0,6,111897,165228,8.5
GRAD_006195,2017,24,Male,Black,Regional,Computer Science,2.63,1,No,0,Education,New York,Large,Masters,1.0,80.0,7,119153,182639,8.0
GRAD_006196,2017,23,Female,White,Top 50,Psychology,3.23,2,,2,Consulting,Philadelphia,Startup,None,2.0,,7,86429,126694,7.8
GRAD_006197,2015,20,Female,Asian,Top 50,Biology,2.91,3,No,1,Manufacturing,Seattle,Large,None,0.0,0.0,9,87535,113824,9.2
GRAD_006198,2016,23,Male,Hispanic,Regional,Psychology,3.02,2,No,0,Energy,Los Angeles,Fortune 500,None,2.0,20.0,8,85128,115852,5.5
GRAD_006199,2016,22,Male,Hispanic,Top 100,Business,3.72,1,No,0,Manufacturing,Dallas,Large,PhD,3.0,0.0,8,72616,124097,5.7
GRAD_006200,2021,24,Male,Asian,Regional,Psychology,3.6,0,No,2,Transportation,San Francisco,Fortune 500,None,2.0,0.0,3,81930,103368,6.0
GRAD_006201,2020,25,Female,Hispanic,Regional,Economics,3.08,4,No,0,Consulting,Austin,Startup,None,1.0,20.0,4,109483,121951,7.1
GRAD_006202,2020,22,Female,White,Top 50,Data Science,3.16,4,No,0,Media,Los Angeles,Fortune 500,None,0.0,20.0,4,102400,118372,9.2
GRAD_006203,2021,23,Male,Asian,Top 100,Marketing,4.0,4,No,0,Non-profit,Washington DC,Small,PhD,2.0,0.0,3,76535,112575,7.5
GRAD_006204,2017,20,Male,White,Regional,Chemistry,3.0,0,No,1,Consulting,Dallas,Fortune 500,MBA,0.0,40.0,7,73054,134046,6.6
GRAD_006205,2018,22,Male,White,Regional,Mathematics,3.55,3,Yes,4,Finance,Phoenix,Large,None,3.0,100.0,6,80786,123170,7.2
GRAD_006206,2016,24,Female,White,Top 100,Liberal Arts,3.84,0,No,3,Healthcare,Seattle,Medium,None,3.0,80.0,8,87426,143375,5.3
GRAD_006207,2020,22,Male,Black,Top 100,Biology,3.38,2,No,1,Energy,New York,Large,None,3.0,20.0,4,112148,149854,9.6
GRAD_006208,2023,23,Male,White,Regional,Psychology,3.44,1,No,0,Technology,Chicago,Large,None,4.0,20.0,1,76129,91636,5.2
GRAD_006209,2022,22,Female,Asian,Top 100,Finance,2.71,2,No,0,Transportation,Denver,Large,None,3.0,40.0,2,95235,106489,7.3
GRAD_006210,2020,22,Male,White,Regional,Data Science,3.16,2,No,0,Transportation,Miami,Medium,None,0.0,80.0,4,90902,108848,4.0
GRAD_006211,2021,23,Female,White,Regional,Computer Science,3.36,0,,1,Technology,Boston,Large,None,3.0,20.0,3,125977,150560,7.5
GRAD_006212,2023,20,Female,Black,Top 50,Political Science,3.81,0,No,1,Consulting,Portland,Large,None,2.0,100.0,1,91232,97584,6.3
GRAD_006213,2020,23,Male,Asian,Top 100,Psychology,3.11,1,Yes,1,Consulting,Seattle,Fortune 500,None,0.0,40.0,4,103368,117327,10.0
GRAD_006214,2022,20,Female,Asian,Top 100,Engineering,3.35,1,Yes,2,Media,Los Angeles,Large,Masters,3.0,0.0,2,82861,114367,6.0
GRAD_006215,2020,22,Male,White,Top 100,Communications,3.74,1,No,2,Retail,Washington DC,Small,None,4.0,40.0,4,61800,83580,7.3
GRAD_006216,2015,21,Female,White,Top 50,Psychology,3.68,1,Yes,1,Consulting,Denver,Medium,Masters,3.0,0.0,9,76950,138969,8.4
GRAD_006217,2023,20,Female,Hispanic,Top 10,Business,3.44,2,Yes,2,Consulting,Chicago,Large,None,,40.0,1,131743,145217,7.3
GRAD_006218,2016,24,Female,Asian,Regional,Liberal Arts,3.09,1,No,0,Real Estate,Boston,Small,None,1.0,40.0,8,77032,105004,5.5
GRAD_006219,2021,24,Male,White,Regional,Economics,3.49,0,Yes,1,Government,New York,Medium,None,0.0,20.0,3,99221,111575,7.3
GRAD_006220,2017,21,Male,Black,Regional,Computer Science,3.35,1,Yes,1,Finance,New York,Medium,MBA,3.0,20.0,7,142298,274848,2.2
GRAD_006221,2023,26,Female,White,Top 50,Computer Science,2.88,2,Yes,0,Finance,Portland,Medium,None,2.0,0.0,1,149030,148791,5.8
GRAD_006222,2017,23,Female,White,Top 100,Business,3.23,4,No,1,Consulting,New York,Medium,None,1.0,0.0,7,148749,220404,7.9
GRAD_006223,2016,22,Female,White,Top 100,Mathematics,3.49,2,No,0,Energy,Boston,Fortune 500,MBA,1.0,20.0,8,120683,204548,7.2
GRAD_006224,2019,20,Female,White,Top 10,Business,3.83,1,Yes,1,Energy,Miami,Small,None,,0.0,5,125696,146375,5.7
GRAD_006225,2019,22,Female,Hispanic,Top 50,Computer Science,3.03,1,No,1,Energy,Washington DC,Small,None,1.0,20.0,5,131530,152056,3.0
GRAD_006226,2022,21,Male,Hispanic,Regional,Engineering,3.6,0,No,1,Manufacturing,Boston,Medium,None,4.0,100.0,2,114687,133869,7.4
GRAD_006227,2022,21,Female,White,Top 50,Liberal Arts,3.09,2,No,1,Energy,Austin,Startup,MBA,3.0,60.0,2,86851,120406,9.8
GRAD_006228,2018,23,Male,Asian,Top 50,Data Science,3.28,3,No,1,Healthcare,Washington DC,Medium,None,5.0,0.0,6,131010,206495,7.2
GRAD_006229,2019,21,Male,White,Regional,Computer Science,3.16,3,No,0,Consulting,Portland,Startup,None,2.0,0.0,5,138937,171175,7.0
GRAD_006230,2020,24,Female,Black,Regional,Political Science,3.98,1,No,0,Government,Miami,Medium,None,0.0,0.0,4,57776,71592,5.7
GRAD_006231,2020,21,Female,White,Regional,Political Science,3.53,2,No,2,Non-profit,Chicago,Large,Masters,1.0,0.0,4,49862,69989,7.9
GRAD_006232,2022,20,Female,White,Regional,Liberal Arts,3.58,1,No,1,Government,Dallas,Large,None,4.0,0.0,2,45235,59911,6.6
GRAD_006233,2019,23,Male,Hispanic,Regional,Communications,3.05,1,No,1,Real Estate,New York,Fortune 500,None,2.0,40.0,5,88543,118110,7.3
GRAD_006234,2023,22,Male,White,Regional,Computer Science,3.49,4,No,1,Manufacturing,Boston,Medium,None,1.0,60.0,1,109517,120039,8.2
GRAD_006235,2017,23,Female,Hispanic,Top 100,Engineering,2.88,1,No,2,Technology,Austin,Large,PhD,,0.0,7,149570,267200,6.5
GRAD_006236,2022,22,Male,White,Top 50,Political Science,2.41,2,No,1,Finance,San Francisco,Large,Masters,2.0,40.0,2,122573,160181,9.1
GRAD_006237,2018,20,Female,White,Regional,Chemistry,3.14,2,No,0,Non-profit,Dallas,Small,None,2.0,,6,49554,72109,6.0
GRAD_006238,2022,22,Female,White,Top 100,Engineering,3.77,3,,0,Technology,New York,Small,MBA,0.0,40.0,2,170658,224262,6.0
GRAD_006239,2020,21,Other,Hispanic,Top 100,Business,3.16,2,No,1,Consulting,Philadelphia,Small,None,3.0,40.0,4,84653,113202,5.0
GRAD_006240,2022,22,Male,Other,Top 100,Data Science,3.53,3,Yes,0,Energy,Denver,Large,None,0.0,20.0,2,104305,118930,7.7
GRAD_006241,2017,21,Male,White,Regional,Computer Science,4.0,2,No,1,Real Estate,Boston,Large,None,2.0,0.0,7,141456,192812,7.6
GRAD_006242,2021,22,Male,Black,Regional,Business,3.27,4,Yes,2,Education,Los Angeles,Medium,Masters,2.0,80.0,3,69733,98366,6.9
GRAD_006243,2022,22,Female,Asian,Regional,Computer Science,3.92,1,Yes,0,Consulting,Denver,Medium,None,2.0,0.0,2,143868,155251,10.0
GRAD_006244,2022,23,Female,White,Regional,Liberal Arts,2.56,1,Yes,1,Manufacturing,Portland,Small,Masters,2.0,20.0,2,50876,65840,9.0
GRAD_006245,2020,21,Male,White,Top 10,Engineering,3.09,1,,0,Healthcare,Philadelphia,Small,Masters,2.0,0.0,4,124574,190096,8.5
GRAD_006246,2021,20,Male,White,Top 100,Business,3.47,0,Yes,1,Technology,Boston,Small,None,4.0,20.0,3,107874,133698,5.1
GRAD_006247,2017,21,Female,Asian,Top 50,Computer Science,3.25,3,No,0,Technology,Denver,Medium,None,4.0,40.0,7,154296,206477,5.9
GRAD_006248,2017,22,Male,White,Top 100,Economics,3.5,0,Yes,1,Media,San Francisco,Large,None,0.0,20.0,7,102454,144836,8.6
GRAD_006249,2017,24,Female,White,Top 100,Data Science,2.95,0,Yes,2,Energy,Atlanta,Large,None,2.0,0.0,7,99531,133683,7.2
GRAD_006250,2022,22,Female,Other,Regional,Data Science,4.0,0,No,1,Retail,Miami,Fortune 500,None,1.0,0.0,2,74629,83266,8.2
GRAD_006251,2016,23,Male,Asian,Regional,Engineering,3.84,1,No,2,Real Estate,Chicago,Fortune 500,MBA,1.0,0.0,8,94329,183517,7.6
GRAD_006252,2018,22,Male,Hispanic,Top 50,Economics,3.54,1,No,0,Manufacturing,Seattle,Medium,MBA,,40.0,6,108959,179115,5.3
GRAD_006253,2023,22,Male,Asian,Top 50,Political Science,2.95,2,Yes,4,Retail,Dallas,Startup,None,,40.0,1,51836,57163,7.0
GRAD_006254,2022,22,Female,Asian,Top 50,Business,3.31,1,No,0,Retail,Philadelphia,Small,None,2.0,0.0,2,64977,76784,3.4
GRAD_006255,2021,24,Female,White,Regional,Economics,3.67,0,Yes,0,Media,Chicago,Fortune 500,None,0.0,,3,78386,85399,6.3
GRAD_006256,2019,24,Male,White,Top 100,Economics,3.1,2,No,0,Non-profit,Denver,Medium,None,3.0,0.0,5,59790,86441,6.5
GRAD_006257,2021,21,Female,Black,Top 100,Communications,3.83,4,No,1,Non-profit,New York,Large,MBA,6.0,0.0,3,67987,110181,8.2
GRAD_006258,2020,22,Male,Other,Top 100,Economics,3.44,1,No,0,Government,Atlanta,Large,None,2.0,0.0,4,70783,87467,5.4
GRAD_006259,2015,20,Female,Black,Regional,Business,3.25,3,Yes,1,Education,Washington DC,Large,None,1.0,20.0,9,59633,104040,8.0
GRAD_006260,2020,25,Female,Other,Top 10,Mathematics,3.64,1,No,3,Government,Los Angeles,Fortune 500,None,0.0,0.0,4,94257,113664,6.5
GRAD_006261,2019,22,Female,White,Top 100,Psychology,3.02,4,Yes,2,Transportation,Washington DC,Medium,None,2.0,60.0,5,69492,81739,8.7
GRAD_006262,2016,22,Female,White,Top 10,Economics,3.19,0,No,0,Retail,Denver,Medium,None,3.0,20.0,8,92371,140864,9.0
GRAD_006263,2018,20,Female,Black,Top 10,Computer Science,3.11,1,Yes,1,Manufacturing,New York,Small,None,1.0,20.0,6,168017,208624,6.7
GRAD_006264,2023,22,Male,White,Top 10,Business,2.74,0,No,0,Manufacturing,San Francisco,Large,MBA,3.0,80.0,1,124141,169712,8.1
GRAD_006265,2022,22,Female,Black,Top 100,Marketing,2.57,2,No,0,Transportation,Philadelphia,Small,MBA,4.0,80.0,2,60065,87995,2.9
GRAD_006266,2023,20,Female,Black,Regional,Communications,2.99,1,No,0,Finance,Phoenix,Fortune 500,None,1.0,40.0,1,58395,62589,5.7
GRAD_006267,2021,22,Female,White,Top 100,Marketing,3.04,1,No,0,Manufacturing,Portland,Fortune 500,None,2.0,40.0,3,74092,86103,2.8
GRAD_006268,2021,21,Other,Black,Top 50,Marketing,3.53,0,No,0,Education,New York,Medium,Masters,1.0,0.0,3,70584,101414,5.9
GRAD_006269,2016,23,Female,Asian,Regional,Engineering,3.17,2,No,3,Finance,Austin,Fortune 500,Masters,4.0,40.0,8,131478,210861,8.6
GRAD_006270,2016,21,Male,White,Top 50,Computer Science,3.52,0,No,2,Healthcare,Portland,Small,None,4.0,20.0,8,137571,212175,5.9
GRAD_006271,2017,22,Male,Hispanic,Top 100,Economics,2.73,0,No,2,Healthcare,Atlanta,Large,Masters,2.0,0.0,7,81340,143139,8.0
GRAD_006272,2018,22,Male,White,Regional,Liberal Arts,3.42,2,No,1,Finance,Chicago,Medium,Masters,1.0,0.0,6,73930,122556,6.5
GRAD_006273,2020,22,Male,White,Regional,Finance,2.79,2,Yes,0,Energy,San Francisco,Large,None,1.0,0.0,4,139146,166705,9.2
GRAD_006274,2022,22,Female,Other,Regional,Computer Science,3.13,1,No,0,Consulting,San Francisco,Fortune 500,None,1.0,,2,144702,156705,10.0
GRAD_006275,2023,22,Female,Asian,Top 50,Business,3.64,0,Yes,1,Technology,Miami,Medium,None,3.0,0.0,1,108993,116603,8.0
GRAD_006276,2021,21,Male,White,Regional,Economics,3.18,3,No,1,Non-profit,New York,Medium,None,0.0,0.0,3,87637,105314,9.1
GRAD_006277,2020,23,Female,Black,Top 100,Economics,2.93,1,No,2,Healthcare,Austin,Startup,None,2.0,60.0,4,105501,129649,6.9
GRAD_006278,2017,22,Female,Hispanic,Regional,Liberal Arts,3.74,2,No,0,Manufacturing,Los Angeles,Large,None,0.0,80.0,7,77526,101046,8.9
GRAD_006279,2023,23,Male,White,Top 100,Data Science,3.61,1,No,1,Consulting,Seattle,Small,None,0.0,0.0,1,126215,134838,7.4
GRAD_006280,2021,22,Female,White,Regional,Economics,3.81,1,No,0,Education,Los Angeles,Large,None,2.0,0.0,3,84693,93899,6.8
GRAD_006281,2020,22,Male,White,Top 100,Computer Science,2.86,2,No,0,Healthcare,Chicago,Small,None,3.0,0.0,4,113059,152024,6.0
GRAD_006282,2016,20,Female,Black,Top 10,Economics,2.67,3,No,1,Transportation,San Francisco,Large,None,,20.0,8,134066,182932,5.2
GRAD_006283,2022,21,Female,Asian,Regional,Marketing,3.83,2,No,3,Technology,Los Angeles,Large,None,2.0,40.0,2,99062,113259,9.5
GRAD_006284,2018,21,Male,Black,Regional,Political Science,2.85,2,Yes,1,Retail,Austin,Small,Masters,2.0,20.0,6,58145,101578,7.1
GRAD_006285,2023,23,Male,Hispanic,Regional,Chemistry,3.3,2,No,0,Finance,Seattle,Fortune 500,None,2.0,40.0,1,97681,106621,8.1
GRAD_006286,2016,20,Male,White,Top 50,Chemistry,3.26,0,No,2,Energy,Miami,Medium,JD,3.0,60.0,8,77671,165520,4.7
GRAD_006287,2015,20,Female,White,Regional,Biology,3.07,1,Yes,2,Transportation,Chicago,Small,None,3.0,60.0,9,53119,101178,7.8
GRAD_006288,2019,22,Female,Asian,Regional,Engineering,2.87,0,No,2,Transportation,Miami,Large,None,0.0,60.0,5,84006,94547,6.0
GRAD_006289,2015,21,Male,Asian,Regional,Biology,3.17,1,No,0,Retail,Chicago,Startup,None,4.0,0.0,9,55941,98295,6.6
GRAD_006290,2015,21,Female,White,Top 100,Biology,3.62,1,No,0,Government,San Francisco,Fortune 500,None,3.0,40.0,9,83361,141023,7.1
GRAD_006291,2021,21,Female,Black,Top 100,Psychology,3.1,0,No,2,Government,San Francisco,Fortune 500,None,1.0,0.0,3,91691,101324,5.7
GRAD_006292,2017,21,Male,Asian,Top 10,Communications,2.87,2,No,0,Government,Boston,Large,Masters,3.0,40.0,7,90963,139489,7.6
GRAD_006293,2021,21,Female,Hispanic,Regional,Business,3.33,0,No,2,Transportation,Chicago,Fortune 500,MBA,2.0,60.0,3,79509,114673,6.3
GRAD_006294,2020,21,Male,Hispanic,Top 50,Economics,2.59,0,No,0,Media,Denver,Small,None,1.0,60.0,4,71325,83422,5.9
GRAD_006295,2016,21,Female,White,Top 100,Business,3.4,0,No,1,Media,Chicago,Small,None,2.0,0.0,8,65982,84479,6.4
GRAD_006296,2019,20,Female,White,Top 50,Data Science,3.51,0,No,2,Government,Atlanta,Startup,MD,2.0,0.0,5,104767,217129,7.2
GRAD_006297,2015,23,Male,Hispanic,Top 50,Engineering,3.14,2,Yes,0,Government,Los Angeles,Small,Masters,2.0,0.0,9,99711,186935,9.7
GRAD_006298,2019,21,Male,Asian,Top 100,Computer Science,3.58,1,Yes,0,Government,Denver,Large,None,0.0,20.0,5,104254,140303,6.9
GRAD_006299,2017,23,Female,White,Regional,Computer Science,3.27,1,Yes,1,Technology,Philadelphia,Small,MD,2.0,0.0,7,140195,303995,8.1
GRAD_006300,2016,21,Female,White,Regional,Marketing,3.21,3,No,1,Healthcare,Boston,Fortune 500,Masters,1.0,40.0,8,88696,166200,4.9
GRAD_006301,2018,24,Male,White,Top 10,Computer Science,2.94,0,Yes,3,Consulting,Philadelphia,Large,None,3.0,0.0,6,137325,173687,5.1
GRAD_006302,2015,22,Male,Asian,Regional,Business,3.63,0,No,2,Transportation,Los Angeles,Small,None,2.0,40.0,9,74536,133494,5.0
GRAD_006303,2022,20,Male,White,Regional,Business,3.13,2,Yes,1,Healthcare,San Francisco,Large,Masters,3.0,100.0,2,129687,169022,6.0
GRAD_006304,2016,26,Female,Asian,Top 50,Engineering,3.21,0,Yes,1,Education,Chicago,Medium,MBA,1.0,0.0,8,87470,143340,10.0
GRAD_006305,2021,21,Male,White,Top 50,Business,3.54,1,No,0,Energy,Philadelphia,Large,None,3.0,40.0,3,92313,117106,5.2
GRAD_006306,2022,21,Male,Asian,Top 10,Data Science,3.0,1,No,1,Energy,Phoenix,Large,None,2.0,20.0,2,112550,125426,9.0
GRAD_006307,2023,21,Male,White,Top 100,Chemistry,3.03,0,No,0,Technology,Atlanta,Fortune 500,None,1.0,40.0,1,86802,95037,7.7
GRAD_006308,2020,23,Female,White,Regional,Data Science,3.3,1,No,0,Retail,San Francisco,Small,Masters,4.0,0.0,4,123618,187714,6.8
GRAD_006309,2022,20,Male,White,Regional,Psychology,2.74,0,Yes,1,Finance,Denver,Medium,None,3.0,0.0,2,73095,88726,5.8
GRAD_006310,2019,22,Male,White,Regional,Economics,3.43,3,No,2,Manufacturing,Austin,Large,None,0.0,20.0,5,84029,105513,5.6
GRAD_006311,2019,20,Male,Other,Top 50,Computer Science,3.29,1,No,1,Non-profit,Denver,Startup,None,1.0,80.0,5,91301,115583,7.7
GRAD_006312,2020,22,Male,White,Regional,Communications,2.72,0,No,4,Media,Denver,Fortune 500,Masters,4.0,0.0,4,50866,88636,5.0
GRAD_006313,2021,24,Female,White,Top 10,Business,2.54,3,Yes,1,Real Estate,Los Angeles,Medium,None,0.0,0.0,3,132298,141259,8.3
GRAD_006314,2021,21,Male,Hispanic,Regional,Economics,3.11,1,No,0,Retail,Portland,Small,None,1.0,0.0,3,75127,90533,7.0
GRAD_006315,2022,23,Male,White,Top 50,Liberal Arts,3.16,2,No,3,Finance,Dallas,Medium,JD,1.0,20.0,2,73299,106745,9.4
GRAD_006316,2020,20,Female,Black,Top 100,Engineering,3.74,0,No,2,Non-profit,San Francisco,Fortune 500,None,2.0,20.0,4,115949,141056,6.9
GRAD_006317,2023,21,Female,Hispanic,Regional,Mathematics,4.0,0,Yes,0,Transportation,Austin,Medium,PhD,0.0,40.0,1,76077,92295,6.2
GRAD_006318,2021,20,Female,White,Regional,Engineering,3.0,1,No,0,Transportation,Miami,Medium,Masters,2.0,0.0,3,84441,113204,6.7
GRAD_006319,2023,25,Female,White,Top 100,Liberal Arts,3.0,1,Yes,1,Manufacturing,New York,Medium,None,2.0,40.0,1,86636,91472,4.9
GRAD_006320,2022,21,Male,Asian,Regional,Computer Science,3.8,2,No,0,Real Estate,Dallas,Medium,None,5.0,80.0,2,110967,136507,7.7
GRAD_006321,2021,21,Other,Hispanic,Regional,Biology,3.43,1,No,1,Transportation,Boston,Large,Masters,1.0,40.0,3,73240,95314,7.8
GRAD_006322,2022,22,Male,White,Regional,Business,4.0,1,Yes,2,Finance,Chicago,Large,Masters,5.0,60.0,2,114101,158334,5.6
GRAD_006323,2021,22,Male,Black,Top 100,Chemistry,3.22,1,No,0,Finance,Miami,Medium,None,5.0,0.0,3,78441,106430,9.5
GRAD_006324,2017,21,Female,White,Top 50,Liberal Arts,3.64,2,Yes,2,Energy,New York,Small,None,3.0,40.0,7,91782,141683,5.0
GRAD_006325,2016,20,Female,Asian,Top 100,Mathematics,4.0,2,No,2,Finance,New York,Large,None,1.0,0.0,8,142508,179670,10.0
GRAD_006326,2018,24,Male,White,Top 100,Communications,2.87,2,Yes,0,Non-profit,Austin,Small,Masters,1.0,20.0,6,56328,99083,5.6
GRAD_006327,2022,24,Male,White,Top 50,Economics,2.96,0,Yes,1,Non-profit,Austin,Large,None,,0.0,2,74897,93840,7.2
GRAD_006328,2015,22,Female,White,Top 100,Political Science,3.45,0,No,2,Energy,Dallas,Medium,Masters,0.0,40.0,9,60473,102518,8.4
GRAD_006329,2016,22,Female,White,Regional,Business,3.28,1,Yes,0,Government,San Francisco,Large,MBA,0.0,,8,106078,154677,8.8
GRAD_006330,2016,22,Female,White,Top 10,Business,3.35,3,,2,Education,Boston,Large,Masters,3.0,0.0,8,98002,164325,7.2
GRAD_006331,2015,21,Male,White,Top 100,Political Science,3.03,2,No,1,Technology,Philadelphia,Fortune 500,None,2.0,100.0,9,91145,164558,8.1
GRAD_006332,2022,21,Male,White,Top 50,Business,3.29,2,Yes,1,Government,Chicago,Medium,None,1.0,20.0,2,72181,80845,4.0
GRAD_006333,2018,24,Male,Hispanic,Top 50,Engineering,3.17,0,No,1,Education,Miami,Startup,None,2.0,20.0,6,75065,105354,6.6
GRAD_006334,2021,23,Male,Asian,Top 100,Business,3.49,2,Yes,1,Technology,Philadelphia,Large,Masters,1.0,20.0,3,91078,125297,6.8
GRAD_006335,2016,20,Male,White,Top 10,Engineering,3.63,0,Yes,2,Manufacturing,Miami,Large,None,2.0,0.0,8,125651,198201,8.3
GRAD_006336,2019,21,Female,Asian,Top 100,Marketing,2.77,3,No,1,Transportation,Dallas,Small,None,2.0,80.0,5,71666,90900,2.6
GRAD_006337,2016,23,Female,White,Regional,Communications,3.74,1,No,0,Energy,Austin,Medium,Masters,1.0,0.0,8,72868,106413,8.3
GRAD_006338,2015,23,Male,White,Top 100,Engineering,3.31,2,No,1,Healthcare,Los Angeles,Large,Masters,4.0,80.0,9,109954,232041,8.4
GRAD_006339,2020,23,Female,Asian,Regional,Mathematics,3.63,1,No,0,Consulting,Portland,Fortune 500,None,1.0,0.0,4,97960,115104,5.8
GRAD_006340,2019,20,Female,Asian,Regional,Data Science,3.24,1,No,0,Technology,Austin,Fortune 500,MD,3.0,0.0,5,141117,277461,5.0
GRAD_006341,2019,22,Female,White,Regional,Engineering,3.68,2,No,1,Government,Atlanta,Large,None,1.0,0.0,5,84459,115007,7.4
GRAD_006342,2015,24,Female,Asian,Regional,Engineering,3.61,2,No,0,Healthcare,Atlanta,Startup,None,4.0,60.0,9,80052,118647,7.7
GRAD_006343,2020,20,Male,White,Top 100,Economics,3.44,4,No,1,Consulting,Miami,Small,Masters,,100.0,4,100356,151220,9.0
GRAD_006344,2022,25,Male,Hispanic,Regional,Chemistry,3.32,3,No,2,Government,Philadelphia,Fortune 500,Masters,2.0,40.0,2,69922,93720,5.9
GRAD_006345,2015,22,Male,Black,Top 100,Liberal Arts,3.48,2,Yes,0,Non-profit,Philadelphia,Fortune 500,None,3.0,20.0,9,45008,86826,6.0
GRAD_006346,2019,22,Male,White,Top 10,Data Science,3.98,3,Yes,1,Transportation,Austin,Fortune 500,Masters,2.0,80.0,5,144948,202942,7.9
GRAD_006347,2018,21,Male,Asian,Top 50,Finance,3.69,0,No,1,Retail,San Francisco,Medium,None,,40.0,6,106100,164352,7.3
GRAD_006348,2023,21,Male,Hispanic,Top 50,Political Science,3.53,4,No,1,Education,Los Angeles,Large,None,,100.0,1,65761,70904,6.6
GRAD_006349,2017,21,Female,Asian,Top 100,Political Science,3.11,3,,0,Retail,Portland,Medium,PhD,0.0,40.0,7,51141,95051,5.3
GRAD_006350,2023,20,Female,White,Regional,Engineering,3.08,2,,0,Government,Phoenix,Fortune 500,Masters,2.0,20.0,1,79312,94209,7.0
GRAD_006351,2022,22,Female,Asian,Top 100,Marketing,3.04,1,No,2,Education,Dallas,Medium,None,1.0,20.0,2,61338,67799,8.2
GRAD_006352,2016,21,Male,Black,Top 50,Finance,2.87,1,Yes,0,Transportation,San Francisco,Large,None,2.0,40.0,8,116240,178503,6.8
GRAD_006353,2019,23,Female,White,Top 50,Psychology,3.6,0,No,0,Real Estate,Denver,Large,None,2.0,20.0,5,68109,89214,4.1
GRAD_006354,2021,20,Female,Hispanic,Top 50,Data Science,3.35,1,Yes,1,Non-profit,Chicago,Large,PhD,,60.0,3,80207,114385,8.6
GRAD_006355,2020,22,Male,Other,Top 10,Biology,3.42,3,Yes,1,Transportation,Denver,Medium,None,5.0,60.0,4,86341,125086,7.7
GRAD_006356,2021,21,Female,Hispanic,Top 50,Finance,2.73,0,No,0,Manufacturing,Seattle,Large,None,6.0,40.0,3,119032,148512,6.9
GRAD_006357,2019,22,Male,White,Top 100,Biology,3.04,0,,0,Healthcare,Austin,Startup,None,6.0,0.0,5,83527,128839,9.2
GRAD_006358,2023,26,Female,White,Regional,Economics,3.26,2,No,0,Consulting,Miami,Small,None,1.0,60.0,1,80712,82117,2.3
GRAD_006359,2018,25,Male,White,Top 100,Engineering,2.89,2,,0,Consulting,Austin,Large,None,2.0,60.0,6,122832,179352,8.4
GRAD_006360,2016,21,Male,White,Top 50,Communications,2.89,3,Yes,0,Healthcare,Boston,Fortune 500,JD,1.0,40.0,8,85250,179481,7.5
GRAD_006361,2023,22,Male,White,Top 100,Engineering,2.96,1,No,1,Manufacturing,New York,Fortune 500,Masters,1.0,40.0,1,118363,145799,6.8
GRAD_006362,2021,21,Male,White,Top 100,Chemistry,3.48,3,No,1,Transportation,Phoenix,Startup,None,1.0,40.0,3,56151,68715,6.9
GRAD_006363,2021,22,Male,White,Top 10,Engineering,2.42,0,Yes,0,Media,Austin,Startup,MBA,4.0,100.0,3,105382,163180,7.4
GRAD_006364,2022,23,Female,White,Regional,Mathematics,3.24,1,No,3,Retail,Austin,Fortune 500,MBA,1.0,0.0,2,63829,90065,6.3
GRAD_006365,2019,20,Female,Hispanic,Top 10,Business,3.83,0,No,0,Consulting,Atlanta,Large,None,1.0,40.0,5,106552,122668,8.3
GRAD_006366,2019,24,Female,White,Top 10,Engineering,3.67,2,No,1,Real Estate,Boston,Startup,None,2.0,60.0,5,128426,146891,5.2
GRAD_006367,2023,23,Female,White,Top 100,Mathematics,3.69,0,No,2,Consulting,Atlanta,Startup,Masters,0.0,80.0,1,94629,106619,6.1
GRAD_006368,2019,23,Female,Asian,Regional,Biology,3.18,7,No,0,Government,Los Angeles,Small,None,1.0,0.0,5,90981,117836,7.6
GRAD_006369,2015,23,Male,Hispanic,Top 100,Psychology,3.98,1,No,0,Manufacturing,Washington DC,Medium,None,1.0,20.0,9,81136,137245,4.6
GRAD_006370,2018,21,Female,White,Top 100,Business,3.1,5,Yes,0,Healthcare,Washington DC,Large,None,2.0,20.0,6,118337,165428,4.2
GRAD_006371,2022,24,Female,Asian,Regional,Political Science,3.46,0,No,0,Non-profit,San Francisco,Medium,None,2.0,20.0,2,59038,67664,6.6
GRAD_006372,2016,22,Female,White,Top 10,Chemistry,3.48,3,Yes,1,Consulting,Seattle,Small,None,2.0,20.0,8,140294,213899,8.5
GRAD_006373,2021,20,Female,White,Regional,Psychology,2.92,1,No,1,Education,Miami,Small,None,2.0,40.0,3,50517,60764,6.1
GRAD_006374,2017,22,Female,Asian,Top 100,Finance,2.61,1,No,2,Manufacturing,New York,Medium,None,0.0,0.0,7,114071,145413,9.5
GRAD_006375,2021,20,Female,Asian,Regional,Psychology,3.61,1,Yes,0,Transportation,New York,Small,None,,60.0,3,87408,104864,4.1
GRAD_006376,2020,21,Male,White,Top 100,Communications,2.98,2,No,0,Healthcare,Washington DC,Startup,Masters,2.0,100.0,4,76558,120608,5.0
GRAD_006377,2021,23,Female,Asian,Top 100,Engineering,3.27,0,No,1,Healthcare,Washington DC,Startup,None,2.0,60.0,3,112257,130912,4.5
GRAD_006378,2017,22,Female,Hispanic,Top 50,Computer Science,3.44,2,No,1,Non-profit,Dallas,Startup,Masters,5.0,0.0,7,88501,151246,7.3
GRAD_006379,2016,22,Female,Black,Top 100,Chemistry,3.29,4,Yes,0,Retail,New York,Large,MD,0.0,80.0,8,86767,194599,6.9
GRAD_006380,2015,24,Female,White,Top 50,Biology,3.54,0,Yes,0,Transportation,Boston,Medium,Masters,2.0,60.0,9,87560,141339,8.8
GRAD_006381,2022,20,Female,White,Regional,Business,3.46,3,No,6,Government,Chicago,Startup,None,2.0,0.0,2,84752,97518,5.3
GRAD_006382,2021,24,Male,Hispanic,Top 100,Business,3.49,3,No,0,Transportation,Phoenix,Medium,Masters,1.0,40.0,3,62567,86890,2.4
GRAD_006383,2018,22,Male,Asian,Top 100,Engineering,3.43,2,No,2,Transportation,Philadelphia,Large,None,1.0,80.0,6,89459,120867,5.9
GRAD_006384,2022,22,Male,White,Top 50,Psychology,2.79,3,No,4,Transportation,Boston,Medium,None,0.0,80.0,2,84344,95354,6.2
GRAD_006385,2022,22,Female,White,Regional,Data Science,3.31,1,No,0,Consulting,Austin,Small,None,2.0,60.0,2,115095,125094,6.0
GRAD_006386,2016,23,Male,Hispanic,Top 100,Liberal Arts,3.47,2,No,0,Technology,Los Angeles,Fortune 500,Masters,3.0,20.0,8,85525,163967,7.8
GRAD_006387,2021,24,Male,White,Top 100,Engineering,4.0,1,No,2,Non-profit,Chicago,Small,None,1.0,60.0,3,76878,87219,5.8
GRAD_006388,2018,22,Female,Black,Top 50,Biology,3.44,1,No,1,Manufacturing,Portland,Large,MBA,3.0,60.0,6,67102,116409,7.2
GRAD_006389,2019,22,Female,Hispanic,Regional,Business,3.24,1,Yes,1,Media,Washington DC,Large,Masters,2.0,40.0,5,75562,118014,7.7
GRAD_006390,2019,23,Female,Asian,Regional,Engineering,3.53,2,No,1,Education,Miami,Medium,PhD,3.0,80.0,5,69416,110253,6.7
GRAD_006391,2020,20,Male,Hispanic,Regional,Economics,3.06,3,No,0,Consulting,Denver,Small,Masters,0.0,0.0,4,96143,131266,7.1
GRAD_006392,2018,22,Male,White,Top 50,Finance,3.8,1,No,0,Consulting,Miami,Large,Masters,1.0,40.0,6,117611,186907,5.1
GRAD_006393,2015,23,Female,White,Regional,Computer Science,3.27,1,Yes,3,Healthcare,Denver,Fortune 500,Masters,3.0,100.0,9,112828,223777,7.5
GRAD_006394,2021,21,Female,Hispanic,Top 100,Political Science,3.22,0,Yes,2,Healthcare,Portland,Large,Masters,0.0,0.0,3,78773,101429,7.5
GRAD_006395,2023,21,Male,White,Top 50,Finance,2.8,3,No,1,Consulting,Miami,Large,MBA,1.0,60.0,1,102836,138394,8.5
GRAD_006396,2021,22,Male,White,Regional,Communications,3.14,1,No,1,Manufacturing,Los Angeles,Small,None,3.0,20.0,3,58831,79730,5.6
GRAD_006397,2020,21,Male,White,Top 10,Liberal Arts,3.27,2,No,1,Government,Philadelphia,Large,None,2.0,0.0,4,82423,110485,5.3
GRAD_006398,2016,22,Female,Asian,Regional,Communications,3.9,3,Yes,2,Media,San Francisco,Large,None,1.0,40.0,8,87155,111201,5.1
GRAD_006399,2021,21,Female,White,Top 10,Business,3.16,3,No,1,Education,Austin,Startup,None,3.0,80.0,3,72684,94416,6.1
GRAD_006400,2020,24,Female,White,Top 100,Political Science,3.27,1,No,2,Real Estate,Seattle,Large,None,2.0,60.0,4,84426,107439,8.2
GRAD_006401,2020,20,Female,White,Top 50,Economics,3.54,2,No,0,Real Estate,Boston,Medium,None,3.0,0.0,4,124891,149289,5.9
GRAD_006402,2023,23,Male,Black,Top 100,Economics,3.01,3,No,1,Technology,Washington DC,Large,None,1.0,0.0,1,114264,123929,9.2
GRAD_006403,2021,21,Male,Black,Regional,Data Science,3.13,4,No,0,Consulting,Austin,Large,None,1.0,60.0,3,133855,160855,6.5
GRAD_006404,2022,22,Female,White,Top 50,Marketing,3.75,0,Yes,2,Energy,San Francisco,Large,Masters,2.0,0.0,2,131947,157041,6.8
GRAD_006405,2018,23,Female,Asian,Top 50,Engineering,2.77,3,No,3,Finance,Dallas,Medium,MD,2.0,0.0,6,112890,217273,6.7
GRAD_006406,2018,24,Male,White,Top 50,Liberal Arts,3.06,3,Yes,1,Technology,Atlanta,Fortune 500,None,0.0,40.0,6,75350,108517,7.3
GRAD_006407,2017,23,Male,White,Regional,Chemistry,3.43,2,No,2,Manufacturing,Denver,Startup,None,3.0,40.0,7,68841,118358,9.0
GRAD_006408,2022,21,Female,White,Top 50,Biology,3.44,5,No,1,Real Estate,Washington DC,Small,MD,3.0,0.0,2,107415,182210,7.8
GRAD_006409,2021,22,Male,White,Regional,Engineering,4.0,2,,0,Education,Philadelphia,Fortune 500,Masters,0.0,80.0,3,66904,90669,5.1
GRAD_006410,2018,25,Male,Other,Top 50,Business,3.36,1,No,3,Education,Los Angeles,Small,None,0.0,20.0,6,69803,84042,4.1
GRAD_006411,2016,22,Female,Asian,Regional,Engineering,3.09,0,No,0,Technology,San Francisco,Medium,MD,0.0,40.0,8,172331,411487,3.6
GRAD_006412,2022,20,Male,White,Regional,Business,3.15,4,No,3,Manufacturing,Austin,Startup,None,1.0,40.0,2,77585,88530,6.6
GRAD_006413,2019,21,Female,Asian,Regional,Business,3.69,3,,0,Energy,Austin,Medium,None,3.0,0.0,5,86104,116792,8.4
GRAD_006414,2017,21,Female,Asian,Top 100,Engineering,3.06,1,No,1,Non-profit,Miami,Large,None,2.0,,7,75939,113754,6.5
GRAD_006415,2016,23,Female,White,Top 100,Data Science,3.23,0,No,1,Energy,Austin,Fortune 500,None,1.0,0.0,8,111209,181721,4.1
GRAD_006416,2023,20,Female,White,Regional,Engineering,3.62,4,No,1,Consulting,Atlanta,Medium,None,2.0,,1,99199,105456,6.7
GRAD_006417,2016,21,Other,Asian,Top 50,Engineering,3.19,1,No,0,Technology,Austin,Small,None,0.0,0.0,8,128076,178857,7.8
GRAD_006418,2018,22,Male,White,Regional,Chemistry,3.51,1,No,2,Energy,Boston,Startup,None,4.0,20.0,6,100267,148317,6.0
GRAD_006419,2021,22,Female,Other,Regional,Psychology,2.77,0,No,0,Retail,Philadelphia,Large,Masters,0.0,0.0,3,56235,74451,6.5
GRAD_006420,2019,22,Female,White,Regional,Economics,2.95,2,,0,Government,Los Angeles,Large,MBA,2.0,0.0,5,78930,118509,8.4
GRAD_006421,2019,22,Male,White,Regional,Chemistry,3.11,1,No,1,Retail,Los Angeles,Startup,Masters,1.0,40.0,5,70641,104275,6.6
GRAD_006422,2022,22,Male,Hispanic,Top 50,Computer Science,2.8,2,No,1,Healthcare,Atlanta,Large,None,1.0,60.0,2,122463,143178,8.1
GRAD_006423,2023,21,Female,White,Top 100,Business,2.9,1,No,1,Education,Miami,Medium,None,1.0,80.0,1,55806,58553,8.5
GRAD_006424,2019,23,Female,White,Top 10,Liberal Arts,3.07,1,Yes,2,Media,Denver,Large,None,2.0,0.0,5,67727,85386,4.6
GRAD_006425,2018,21,Male,White,Regional,Computer Science,4.0,3,No,0,Energy,New York,Fortune 500,Masters,4.0,0.0,6,172546,260979,9.5
GRAD_006426,2019,22,Female,White,Regional,Data Science,3.44,1,No,1,Education,Boston,Small,MBA,2.0,40.0,5,100625,170326,7.6
GRAD_006427,2018,20,Male,White,Top 100,Business,3.59,4,No,0,Education,New York,Small,None,1.0,40.0,6,88785,135793,7.9
GRAD_006428,2019,22,Male,Asian,Regional,Data Science,3.54,4,Yes,1,Real Estate,Austin,Fortune 500,None,0.0,60.0,5,109904,145309,6.6
GRAD_006429,2018,22,Male,Hispanic,Top 100,Mathematics,2.5,4,No,0,Media,Austin,Large,None,1.0,60.0,6,88406,134134,6.9
GRAD_006430,2019,22,Female,White,Regional,Computer Science,3.34,0,No,0,Real Estate,Phoenix,Small,None,3.0,40.0,5,95688,120823,8.3
GRAD_006431,2023,21,Male,Asian,Top 50,Biology,3.12,0,No,1,Finance,Portland,Small,Masters,0.0,0.0,1,88750,105495,4.4
GRAD_006432,2018,24,Male,Other,Regional,Psychology,2.75,6,Yes,0,Retail,Miami,Large,None,0.0,60.0,6,56305,72028,6.1
GRAD_006433,2021,23,Male,White,Top 50,Engineering,3.46,1,Yes,0,Education,Phoenix,Startup,None,1.0,40.0,3,65473,76579,8.0
GRAD_006434,2019,22,Female,Asian,Regional,Marketing,2.66,1,No,2,Media,Chicago,Small,None,0.0,0.0,5,63001,78801,5.1
GRAD_006435,2021,22,Male,White,Top 50,Engineering,3.29,2,No,0,Media,Los Angeles,Fortune 500,None,,20.0,3,112336,142531,8.2
GRAD_006436,2019,21,Male,White,Top 100,Business,3.19,1,No,0,Retail,Miami,Large,MBA,2.0,100.0,5,65976,120525,7.5
GRAD_006437,2016,21,Male,White,Regional,Liberal Arts,2.99,4,No,1,Non-profit,Dallas,Startup,Masters,2.0,0.0,8,48949,79693,1.0
GRAD_006438,2022,24,Male,White,Top 100,Data Science,3.64,0,No,1,Finance,Washington DC,Fortune 500,None,2.0,0.0,2,146068,165193,8.0
GRAD_006439,2021,21,Male,Black,Regional,Engineering,3.23,0,No,0,Non-profit,Washington DC,Medium,MBA,3.0,0.0,3,65744,105818,6.0
GRAD_006440,2020,26,Male,White,Top 100,Political Science,3.38,1,No,0,Real Estate,New York,Fortune 500,None,3.0,80.0,4,87152,110597,6.5
GRAD_006441,2022,20,Other,White,Regional,Psychology,3.54,3,Yes,2,Real Estate,Portland,Large,None,6.0,20.0,2,66898,89159,4.4
GRAD_006442,2023,23,Female,White,Top 100,Engineering,3.59,1,,1,Technology,Atlanta,Large,None,4.0,0.0,1,122185,135417,7.4
GRAD_006443,2019,22,Female,White,Top 100,Psychology,3.34,1,No,0,Non-profit,Phoenix,Fortune 500,None,0.0,60.0,5,46363,54194,4.8
GRAD_006444,2018,22,Male,White,Top 100,Engineering,2.99,1,No,0,Manufacturing,New York,Large,Masters,4.0,0.0,6,138754,239915,7.7
GRAD_006445,2022,20,Male,White,Top 50,Engineering,3.27,0,Yes,0,Consulting,Portland,Startup,None,0.0,40.0,2,117567,126598,7.0
GRAD_006446,2019,20,Male,White,Top 10,Engineering,3.57,0,No,0,Healthcare,Denver,Small,None,,40.0,5,122629,168454,10.0
GRAD_006447,2016,22,Male,White,Regional,Biology,3.09,0,No,4,Manufacturing,Dallas,Small,MBA,2.0,100.0,8,51761,96696,4.7
GRAD_006448,2018,20,Female,White,Regional,Business,3.46,0,Yes,0,Energy,Chicago,Medium,None,3.0,40.0,6,82026,101686,6.2
GRAD_006449,2022,24,Male,White,Regional,Finance,3.07,1,No,1,Technology,Boston,Large,None,2.0,0.0,2,129954,152632,5.9
GRAD_006450,2021,22,Female,White,Regional,Business,3.59,1,No,2,Government,Atlanta,Small,MBA,2.0,0.0,3,71776,106866,7.3
GRAD_006451,2022,22,Male,White,Top 50,Marketing,3.27,0,No,0,Manufacturing,Atlanta,Large,MBA,3.0,0.0,2,77166,117335,6.3
GRAD_006452,2016,22,Male,White,Regional,Computer Science,2.93,0,No,3,Government,Atlanta,Fortune 500,None,0.0,0.0,8,86998,136492,8.3
GRAD_006453,2017,22,Female,Hispanic,Top 50,Psychology,4.0,1,Yes,4,Energy,Philadelphia,Large,None,2.0,40.0,7,81254,103282,6.2
GRAD_006454,2017,24,Other,White,Top 100,Economics,3.35,4,,2,Healthcare,Austin,Medium,None,3.0,60.0,7,90739,149234,4.8
GRAD_006455,2023,24,Female,White,Top 50,Computer Science,2.42,2,No,2,Education,Washington DC,Medium,None,0.0,40.0,1,91381,88284,8.5
GRAD_006456,2016,22,Male,Asian,Top 50,Computer Science,2.98,1,No,0,Consulting,Denver,Small,None,0.0,60.0,8,129127,212021,6.1
GRAD_006457,2020,23,Female,Black,Top 10,Business,3.78,4,No,0,Real Estate,New York,Small,None,2.0,0.0,4,170116,203102,4.7
GRAD_006458,2021,24,Male,White,Top 100,Computer Science,3.59,1,Yes,1,Retail,Boston,Small,None,0.0,40.0,3,88869,104908,8.7
GRAD_006459,2020,21,Female,White,Regional,Chemistry,3.73,1,No,1,Retail,Philadelphia,Medium,Masters,2.0,0.0,4,68121,95080,3.7
GRAD_006460,2021,20,Male,White,Top 100,Biology,3.18,3,No,0,Finance,Seattle,Fortune 500,None,2.0,,3,98855,117454,9.6
GRAD_006461,2019,23,Male,White,Top 10,Political Science,3.58,1,No,1,Education,Seattle,Large,MBA,0.0,60.0,5,84829,140307,5.7
GRAD_006462,2016,24,Male,White,Regional,Engineering,3.2,1,Yes,5,Consulting,Chicago,Small,Masters,4.0,20.0,8,109441,220469,5.8
GRAD_006463,2021,20,Male,Asian,Top 50,Engineering,3.42,1,No,2,Finance,New York,Small,None,4.0,60.0,3,145800,180997,6.9
GRAD_006464,2018,21,Male,White,Top 10,Communications,2.85,0,No,1,Government,New York,Small,Masters,2.0,60.0,6,102391,154718,8.3
GRAD_006465,2015,22,Female,Hispanic,Regional,Communications,3.21,1,No,1,Transportation,Austin,Small,None,9.0,0.0,9,59296,126888,7.6
GRAD_006466,2016,21,Female,White,Top 100,Data Science,2.4,1,No,0,Energy,Los Angeles,Fortune 500,MBA,2.0,0.0,8,122458,232260,4.9
GRAD_006467,2018,22,Female,Asian,Regional,Business,3.26,3,Yes,1,Manufacturing,San Francisco,Large,None,1.0,40.0,6,119996,155058,9.5
GRAD_006468,2019,20,Female,Hispanic,Regional,Marketing,3.0,2,No,2,Transportation,San Francisco,Small,Masters,1.0,20.0,5,90323,122540,6.4
GRAD_006469,2022,22,Female,White,Top 50,Liberal Arts,3.37,0,No,2,Energy,Austin,Medium,Masters,0.0,40.0,2,70893,90442,6.8
GRAD_006470,2020,23,Male,Asian,Regional,Computer Science,2.91,2,No,2,Government,New York,Medium,MBA,3.0,0.0,4,140746,216028,8.7
GRAD_006471,2019,20,Female,White,Regional,Business,3.27,1,,0,Finance,New York,Large,MBA,2.0,20.0,5,118737,186432,7.0
GRAD_006472,2017,20,Female,White,Top 100,Engineering,4.0,1,No,0,Transportation,Portland,Large,Masters,1.0,20.0,7,88041,140817,5.2
GRAD_006473,2023,24,Male,White,Top 50,Business,3.23,4,No,0,Technology,Philadelphia,Small,None,4.0,,1,123214,140015,5.8
GRAD_006474,2023,21,Female,White,Top 100,Psychology,3.09,4,,0,Manufacturing,Atlanta,Large,None,1.0,20.0,1,73531,75895,4.5
GRAD_006475,2022,20,Female,Black,Top 100,Liberal Arts,3.34,3,No,1,Finance,Los Angeles,Small,None,1.0,20.0,2,101961,111896,7.5
GRAD_006476,2018,22,Male,Asian,Top 100,Engineering,2.24,1,No,1,Manufacturing,San Francisco,Startup,None,2.0,0.0,6,117748,161068,7.9
GRAD_006477,2020,22,Female,Asian,Top 50,Chemistry,3.16,2,No,0,Consulting,Austin,Small,Masters,0.0,80.0,4,98095,126092,10.0
GRAD_006478,2019,22,Male,Hispanic,Top 10,Computer Science,3.28,1,No,1,Media,Phoenix,Large,None,5.0,60.0,5,106908,155745,7.0
GRAD_006479,2019,22,Female,Hispanic,Top 100,Chemistry,3.37,3,No,0,Finance,San Francisco,Large,Masters,2.0,0.0,5,145160,211496,8.2
GRAD_006480,2015,24,Male,Asian,Regional,Data Science,3.67,0,No,0,Retail,Denver,Small,None,1.0,20.0,9,78878,131634,7.8
GRAD_006481,2016,21,Male,White,Regional,Biology,3.44,4,No,1,Education,Atlanta,Large,JD,1.0,100.0,8,52036,93749,8.0
GRAD_006482,2023,22,Female,Black,Top 100,Business,2.9,1,No,3,Finance,Portland,Large,None,2.0,60.0,1,88385,91677,5.2
GRAD_006483,2020,21,Female,White,Top 50,Computer Science,2.64,4,,0,Finance,Denver,Medium,None,3.0,60.0,4,170956,216632,7.7
GRAD_006484,2015,23,Male,White,Top 100,Business,3.65,4,No,0,Education,Washington DC,Large,None,2.0,0.0,9,82814,116846,9.1
GRAD_006485,2022,23,Female,Asian,Top 10,Computer Science,3.09,1,Yes,1,Manufacturing,Los Angeles,Large,MBA,,60.0,2,158748,205622,7.8
GRAD_006486,2016,23,Male,White,Top 10,Communications,3.4,3,No,0,Real Estate,Philadelphia,Large,MBA,2.0,60.0,8,89790,164768,7.6
GRAD_006487,2021,25,Male,White,Top 100,Communications,3.83,1,,1,Transportation,Los Angeles,Startup,None,3.0,80.0,3,82363,107373,7.3
GRAD_006488,2021,23,Male,Hispanic,Regional,Engineering,3.4,1,No,1,Education,Washington DC,Fortune 500,None,1.0,80.0,3,84974,106705,9.6
GRAD_006489,2015,24,Female,White,Regional,Chemistry,2.76,0,No,1,Transportation,Boston,Small,None,0.0,0.0,9,83340,141674,9.1
GRAD_006490,2020,21,Male,White,Regional,Political Science,3.41,4,,1,Education,Washington DC,Medium,None,6.0,60.0,4,63312,100592,5.7
GRAD_006491,2015,21,Male,White,Top 50,Political Science,3.21,1,No,1,Media,Miami,Medium,None,1.0,20.0,9,65895,111726,2.7
GRAD_006492,2015,25,Female,White,Regional,Communications,2.81,3,No,0,Finance,Washington DC,Medium,None,4.0,20.0,9,87045,137676,7.9
GRAD_006493,2015,20,Male,White,Regional,Engineering,3.64,0,Yes,1,Finance,Phoenix,Small,None,,80.0,9,104219,149652,4.1
GRAD_006494,2017,23,Male,Black,Top 100,Finance,3.42,2,Yes,0,Government,Austin,Large,PhD,2.0,80.0,7,96404,172169,9.3
GRAD_006495,2022,24,Female,Asian,Top 100,Mathematics,3.97,1,No,0,Government,Portland,Small,None,0.0,40.0,2,91418,94134,4.8
GRAD_006496,2018,24,Female,Asian,Top 100,Mathematics,3.31,1,No,2,Retail,Chicago,Fortune 500,Masters,2.0,0.0,6,65739,109758,6.9
GRAD_006497,2021,20,Female,Hispanic,Top 100,Marketing,3.05,3,No,0,Media,Los Angeles,Large,None,2.0,0.0,3,67101,80987,5.6
GRAD_006498,2016,21,Male,Asian,Top 100,Computer Science,3.42,3,Yes,1,Energy,Los Angeles,Large,Masters,1.0,80.0,8,144907,256985,6.9
GRAD_006499,2023,23,Male,White,Regional,Liberal Arts,3.2,1,No,0,Real Estate,Boston,Large,None,0.0,80.0,1,79302,83285,7.1
GRAD_006500,2020,23,Female,White,Regional,Liberal Arts,3.75,2,No,1,Media,Denver,Medium,None,0.0,20.0,4,57983,68825,6.4
GRAD_006501,2015,22,Female,White,Top 100,Business,3.34,1,Yes,0,Manufacturing,Seattle,Small,MBA,0.0,20.0,9,107946,203416,5.0
GRAD_006502,2020,21,Female,Asian,Regional,Computer Science,3.07,2,Yes,0,Education,Atlanta,Large,Masters,1.0,0.0,4,69371,100694,7.2
GRAD_006503,2017,22,Female,Asian,Top 10,Mathematics,3.37,4,Yes,0,Consulting,New York,Medium,PhD,2.0,20.0,7,172556,253350,4.1
GRAD_006504,2017,21,Female,Asian,Regional,Business,3.41,1,No,1,Retail,Dallas,Large,Masters,3.0,,7,63887,97855,5.2
GRAD_006505,2020,20,Female,White,Regional,Economics,3.38,1,No,2,Retail,Austin,Medium,None,1.0,80.0,4,75907,84923,8.2
GRAD_006506,2017,22,Male,Black,Top 100,Data Science,3.2,4,No,1,Media,Portland,Large,None,1.0,80.0,7,107053,162022,7.0
GRAD_006507,2017,25,Male,Asian,Top 10,Data Science,3.33,0,No,1,Energy,Los Angeles,Large,Masters,1.0,0.0,7,166054,272409,6.8
GRAD_006508,2020,22,Male,Hispanic,Top 100,Marketing,3.1,3,No,2,Non-profit,Philadelphia,Medium,None,0.0,60.0,4,51714,59453,6.7
GRAD_006509,2017,20,Female,Black,Top 10,Psychology,3.39,0,No,0,Transportation,San Francisco,Small,Masters,0.0,80.0,7,114710,174895,7.6
GRAD_006510,2016,21,Female,White,Regional,Engineering,2.98,0,No,0,Healthcare,Atlanta,Large,Masters,0.0,20.0,8,83491,142798,6.5
GRAD_006511,2019,25,Female,White,Top 100,Data Science,3.03,2,Yes,2,Finance,Philadelphia,Fortune 500,None,5.0,0.0,5,105349,140724,8.7
GRAD_006512,2015,20,Male,White,Regional,Economics,3.99,3,No,0,Retail,Portland,Large,JD,1.0,,9,82160,197705,7.5
GRAD_006513,2023,22,Male,White,Top 100,Communications,3.12,0,No,0,Transportation,Philadelphia,Fortune 500,Masters,1.0,20.0,1,61748,78604,5.9
GRAD_006514,2019,23,Male,White,Top 50,Engineering,3.44,0,No,3,Non-profit,Miami,Medium,Masters,1.0,20.0,5,64111,96951,5.9
GRAD_006515,2015,20,Female,White,Regional,Business,2.73,0,Yes,1,Media,Portland,Large,None,3.0,40.0,9,73713,105243,8.1
GRAD_006516,2017,22,Male,White,Regional,Computer Science,3.18,3,No,0,Consulting,Austin,Fortune 500,None,4.0,20.0,7,151309,248479,9.2
GRAD_006517,2023,21,Female,White,Top 10,Engineering,3.61,1,No,0,Non-profit,Denver,Large,JD,5.0,20.0,1,83374,124391,4.9
GRAD_006518,2019,20,Male,White,Regional,Mathematics,3.44,3,Yes,0,Technology,Chicago,Medium,None,3.0,60.0,5,114569,144473,7.6
GRAD_006519,2018,23,Female,White,Regional,Economics,2.73,0,No,2,Education,Washington DC,Large,None,0.0,0.0,6,74458,99849,3.1
GRAD_006520,2018,25,Female,White,Top 100,Liberal Arts,3.07,3,Yes,2,Manufacturing,Denver,Small,None,2.0,80.0,6,63562,96369,8.6
GRAD_006521,2019,21,Female,Asian,Regional,Business,3.63,3,No,0,Retail,Boston,Medium,None,5.0,0.0,5,72927,100102,5.0
GRAD_006522,2017,23,Male,Asian,Top 100,Engineering,2.9,4,No,2,Consulting,Portland,Large,None,2.0,100.0,7,123775,178242,10.0
GRAD_006523,2021,23,Male,White,Top 10,Marketing,3.48,0,,1,Media,Austin,Large,Masters,3.0,0.0,3,89474,129073,6.0
GRAD_006524,2020,22,Male,Hispanic,Top 100,Engineering,3.39,2,No,1,Energy,Washington DC,Small,None,3.0,40.0,4,121451,145811,7.7
GRAD_006525,2022,21,Male,White,Regional,Psychology,2.73,2,,2,Real Estate,Los Angeles,Medium,Masters,1.0,,2,81457,107452,7.8
GRAD_006526,2017,20,Female,White,Top 100,Communications,3.55,2,No,1,Media,Boston,Medium,None,0.0,0.0,7,58393,83032,4.6
GRAD_006527,2015,21,Female,White,Top 50,Computer Science,3.57,1,No,2,Healthcare,Portland,Medium,Masters,,20.0,9,110233,192116,3.3
GRAD_006528,2023,22,Female,Asian,Top 100,Communications,3.27,0,Yes,2,Government,Austin,Medium,None,2.0,80.0,1,56783,62760,5.3
GRAD_006529,2020,21,Male,Hispanic,Top 50,Computer Science,3.39,3,Yes,1,Non-profit,Dallas,Large,None,3.0,100.0,4,92671,123894,9.9
GRAD_006530,2015,20,Female,Hispanic,Top 100,Psychology,3.04,2,Yes,0,Healthcare,Philadelphia,Large,None,3.0,20.0,9,60760,86135,3.3
GRAD_006531,2016,22,Female,White,Regional,Computer Science,3.21,0,No,1,Manufacturing,Washington DC,Large,JD,1.0,20.0,8,122646,221734,3.4
GRAD_006532,2019,21,Male,Black,Regional,Psychology,3.37,3,No,1,Real Estate,Denver,Startup,None,3.0,40.0,5,73813,100285,6.1
GRAD_006533,2021,23,Male,Black,Top 10,Engineering,3.66,0,Yes,0,Energy,Atlanta,Startup,PhD,1.0,20.0,3,123120,177743,6.3
GRAD_006534,2019,21,Female,Hispanic,Regional,Communications,3.46,0,No,0,Transportation,Seattle,Startup,PhD,2.0,0.0,5,66265,110454,6.0
GRAD_006535,2022,23,Male,Asian,Regional,Economics,3.16,2,No,2,Government,San Francisco,Large,MD,2.0,0.0,2,111858,197898,4.5
GRAD_006536,2018,22,Male,Hispanic,Top 50,Marketing,3.19,3,No,1,Energy,Los Angeles,Medium,MBA,0.0,80.0,6,114769,188719,9.2
GRAD_006537,2015,21,Male,Asian,Regional,Biology,3.34,0,Yes,3,Technology,Dallas,Large,PhD,3.0,0.0,9,78805,158515,8.4
GRAD_006538,2015,22,Female,Other,Top 100,Communications,3.22,2,Yes,1,Technology,Boston,Large,None,1.0,0.0,9,112405,195482,8.9
GRAD_006539,2022,22,Male,Asian,Top 100,Political Science,3.29,3,No,3,Education,Denver,Small,MBA,1.0,60.0,2,55555,81041,8.1
GRAD_006540,2023,22,Male,White,Top 50,Psychology,2.37,2,No,1,Real Estate,Los Angeles,Small,None,2.0,100.0,1,67851,77428,7.5
GRAD_006541,2016,23,Male,White,Regional,Mathematics,2.99,0,No,2,Transportation,Portland,Large,None,,0.0,8,77909,122250,3.1
GRAD_006542,2015,21,Male,White,Regional,Psychology,3.91,0,Yes,1,Manufacturing,Miami,Large,Masters,0.0,60.0,9,56563,94638,2.9
GRAD_006543,2023,22,Male,Asian,Regional,Business,3.45,5,No,1,Government,Chicago,Medium,None,2.0,,1,74736,85877,3.8
GRAD_006544,2016,22,Female,White,Top 50,Mathematics,3.48,0,Yes,2,Transportation,Chicago,Fortune 500,None,5.0,0.0,8,80545,115104,5.5
GRAD_006545,2017,20,Male,White,Top 100,Finance,3.46,2,No,0,Non-profit,Phoenix,Medium,None,1.0,80.0,7,53792,72824,5.9
GRAD_006546,2022,23,Male,White,Top 100,Political Science,3.43,2,Yes,3,Transportation,Atlanta,Small,None,0.0,0.0,2,63246,71197,6.8
GRAD_006547,2023,21,Male,White,Top 100,Business,3.35,1,No,1,Energy,Miami,Small,Masters,1.0,40.0,1,97388,120567,6.5
GRAD_006548,2019,22,Male,White,Regional,Marketing,3.71,2,No,4,Media,Los Angeles,Small,None,,40.0,5,85030,124087,8.1
GRAD_006549,2017,21,Female,Asian,Top 10,Engineering,3.48,2,,0,Government,Austin,Fortune 500,None,0.0,40.0,7,125160,161818,10.0
GRAD_006550,2022,23,Female,White,Top 50,Business,2.69,2,Yes,1,Non-profit,Washington DC,Medium,PhD,2.0,60.0,2,80605,109972,9.4
GRAD_006551,2019,24,Male,White,Regional,Business,3.06,2,Yes,0,Transportation,Phoenix,Large,None,,60.0,5,70567,101239,7.1
GRAD_006552,2018,22,Female,White,Top 10,Liberal Arts,3.09,0,No,1,Retail,Boston,Small,Masters,1.0,0.0,6,70003,100048,6.6
GRAD_006553,2019,22,Male,White,Regional,Computer Science,4.0,2,No,0,Real Estate,San Francisco,Medium,None,1.0,60.0,5,156710,195444,5.5
GRAD_006554,2022,22,Male,White,Top 50,Engineering,3.34,5,No,1,Energy,Boston,Fortune 500,Masters,3.0,,2,154014,201061,6.2
GRAD_006555,2017,22,Male,Asian,Regional,Business,3.78,3,No,1,Manufacturing,New York,Startup,PhD,2.0,60.0,7,99138,166539,6.7
GRAD_006556,2019,24,Male,White,Regional,Computer Science,3.22,1,No,0,Education,Denver,Large,Masters,1.0,,5,70918,105291,10.0
GRAD_006557,2019,27,Male,White,Regional,Engineering,3.42,2,No,1,Consulting,Dallas,Large,None,4.0,60.0,5,93347,131366,6.9
GRAD_006558,2022,22,Female,Black,Top 10,Chemistry,3.32,1,Yes,0,Education,Philadelphia,Startup,Masters,2.0,20.0,2,73903,92945,9.5
GRAD_006559,2021,23,Male,White,Regional,Liberal Arts,3.12,0,Yes,0,Technology,Seattle,Medium,None,2.0,0.0,3,100471,123335,7.3
GRAD_006560,2022,21,Male,Other,Top 50,Liberal Arts,2.98,1,No,1,Finance,New York,Medium,None,2.0,40.0,2,111174,132865,7.0
GRAD_006561,2021,21,Female,White,Regional,Data Science,3.3,0,No,1,Consulting,Portland,Fortune 500,Masters,4.0,20.0,3,125037,174579,7.2
GRAD_006562,2020,20,Male,White,Top 100,Computer Science,3.03,2,No,2,Energy,Austin,Medium,None,2.0,20.0,4,145070,187445,8.1
GRAD_006563,2016,24,Female,White,Regional,Engineering,3.35,4,No,1,Healthcare,Atlanta,Fortune 500,Masters,1.0,20.0,8,106433,164691,6.4
GRAD_006564,2022,23,Male,Black,Top 10,Computer Science,3.15,4,No,2,Education,Philadelphia,Small,None,1.0,60.0,2,90359,104446,8.6
GRAD_006565,2020,21,Male,Asian,Regional,Chemistry,3.59,1,No,0,Retail,Denver,Startup,MBA,1.0,20.0,4,56862,93105,4.7
GRAD_006566,2021,22,Male,White,Regional,Business,3.02,1,No,2,Manufacturing,Atlanta,Small,None,1.0,60.0,3,61079,70605,6.6
GRAD_006567,2022,23,Male,White,Regional,Chemistry,3.26,4,,2,Technology,Denver,Fortune 500,None,5.0,0.0,2,109753,134430,8.5
GRAD_006568,2018,24,Female,Asian,Regional,Data Science,3.2,1,No,1,Education,Washington DC,Medium,MBA,1.0,0.0,6,75459,122281,9.2
GRAD_006569,2019,23,Male,Asian,Regional,Chemistry,3.17,2,No,1,Real Estate,Washington DC,Small,Masters,1.0,0.0,5,93666,147343,8.0
GRAD_006570,2020,22,Male,White,Regional,Computer Science,3.58,0,No,1,Real Estate,Phoenix,Startup,JD,1.0,20.0,4,78088,126648,7.6
GRAD_006571,2018,24,Male,Asian,Regional,Chemistry,2.69,4,Yes,2,Finance,Seattle,Small,JD,1.0,40.0,6,97499,161206,3.8
GRAD_006572,2017,20,Female,White,Top 100,Communications,2.64,1,Yes,0,Technology,New York,Startup,MBA,1.0,80.0,7,92306,158747,7.6
GRAD_006573,2022,20,Male,White,Top 50,Computer Science,3.19,1,No,1,Energy,New York,Small,None,3.0,100.0,2,174682,201751,10.0
GRAD_006574,2022,24,Female,Hispanic,Regional,Engineering,3.98,1,,0,Media,Miami,Fortune 500,None,,60.0,2,73485,88327,4.4
GRAD_006575,2022,21,Male,White,Top 50,Finance,3.42,2,No,1,Finance,Washington DC,Medium,None,2.0,80.0,2,128007,146917,8.2
GRAD_006576,2021,24,Male,White,Top 10,Marketing,3.81,0,No,0,Technology,New York,Large,None,3.0,60.0,3,167789,208494,6.0
GRAD_006577,2018,25,Female,White,Regional,Engineering,3.68,2,No,1,Government,Seattle,Small,None,2.0,60.0,6,113483,139981,5.9
GRAD_006578,2018,25,Female,White,Top 100,Engineering,2.81,1,Yes,0,Transportation,Portland,Fortune 500,Masters,2.0,0.0,6,90585,128281,8.3
GRAD_006579,2020,20,Other,Other,Top 50,Liberal Arts,3.29,1,Yes,0,Government,Atlanta,Small,None,0.0,20.0,4,57181,74331,5.9
GRAD_006580,2022,23,Male,Asian,Regional,Economics,2.99,1,Yes,1,Media,Portland,Startup,PhD,2.0,20.0,2,75176,108223,8.5
GRAD_006581,2018,21,Female,Other,Regional,Engineering,2.94,2,No,2,Non-profit,Washington DC,Small,None,2.0,40.0,6,87424,124599,5.8
GRAD_006582,2022,21,Female,Hispanic,Top 50,Business,2.71,2,No,1,Healthcare,Philadelphia,Fortune 500,Masters,1.0,40.0,2,87977,111644,6.9
GRAD_006583,2018,23,Female,Other,Top 100,Communications,2.97,3,No,0,Government,New York,Small,Masters,4.0,60.0,6,82272,122325,4.4
GRAD_006584,2018,21,Female,Black,Top 10,Marketing,3.47,1,No,1,Consulting,Boston,Large,None,1.0,0.0,6,137568,157902,5.2
GRAD_006585,2022,23,Female,Black,Regional,Business,3.52,3,Yes,2,Media,Los Angeles,Large,None,1.0,60.0,2,75445,79962,5.7
GRAD_006586,2021,24,Female,Asian,Top 10,Communications,3.42,0,No,1,Transportation,Atlanta,Fortune 500,None,1.0,80.0,3,62136,70126,7.2
GRAD_006587,2017,22,Male,Asian,Top 100,Liberal Arts,2.99,1,No,0,Transportation,Philadelphia,Large,None,2.0,0.0,7,49890,72829,4.0
GRAD_006588,2022,23,Female,Black,Regional,Engineering,3.14,3,No,2,Non-profit,Atlanta,Medium,Masters,2.0,80.0,2,68953,92273,7.7
GRAD_006589,2022,21,Female,Other,Top 100,Liberal Arts,2.94,1,No,1,Non-profit,Miami,Startup,None,5.0,0.0,2,50008,69870,8.6
GRAD_006590,2022,23,Female,Black,Regional,Political Science,3.77,3,No,0,Government,Denver,Large,None,1.0,0.0,2,62978,68922,6.4
GRAD_006591,2019,24,Male,White,Top 50,Business,3.52,2,No,1,Government,Los Angeles,Small,None,1.0,0.0,5,84643,120258,7.8
GRAD_006592,2018,23,Female,Black,Top 50,Business,2.75,0,Yes,1,Consulting,Atlanta,Small,None,4.0,,6,89020,114344,6.1
GRAD_006593,2022,22,Female,White,Top 100,Finance,3.4,2,No,0,Consulting,Los Angeles,Small,None,2.0,60.0,2,104510,115512,8.6
GRAD_006594,2020,24,Male,Asian,Regional,Computer Science,2.92,2,No,1,Real Estate,Boston,Small,None,2.0,60.0,4,114401,141091,8.8
GRAD_006595,2023,21,Male,Hispanic,Top 50,Political Science,3.43,2,,0,Real Estate,Los Angeles,Large,None,3.0,0.0,1,89281,104342,7.7
GRAD_006596,2017,21,Female,Hispanic,Top 10,Psychology,3.56,1,Yes,4,Transportation,Boston,Medium,None,2.0,0.0,7,87750,134871,8.5
GRAD_006597,2023,21,Female,Hispanic,Regional,Engineering,2.28,2,Yes,3,Manufacturing,Denver,Fortune 500,None,3.0,60.0,1,73121,81047,5.3
GRAD_006598,2018,20,Female,Hispanic,Top 50,Computer Science,4.0,1,No,0,Healthcare,San Francisco,Fortune 500,MBA,0.0,80.0,6,168686,290192,6.0
GRAD_006599,2019,21,Female,White,Regional,Liberal Arts,3.69,0,Yes,0,Technology,Austin,Medium,None,0.0,0.0,5,80681,107939,7.5
GRAD_006600,2017,22,Female,White,Regional,Business,3.03,1,No,2,Energy,Boston,Medium,None,5.0,40.0,7,105781,146419,7.5
GRAD_006601,2023,22,Male,White,Top 10,Mathematics,3.28,0,No,1,Non-profit,Austin,Medium,None,0.0,40.0,1,85260,89684,6.1
GRAD_006602,2015,21,Female,White,Top 100,Liberal Arts,3.56,4,No,1,Finance,Portland,Small,Masters,4.0,40.0,9,94492,197814,6.2
GRAD_006603,2019,21,Male,Other,Top 50,Political Science,2.59,2,No,2,Technology,New York,Large,None,6.0,0.0,5,138696,180908,4.6
GRAD_006604,2018,20,Male,Hispanic,Top 10,Marketing,3.44,2,No,1,Energy,Denver,Startup,JD,2.0,0.0,6,96666,159858,5.8
GRAD_006605,2016,25,Female,White,Top 100,Marketing,3.47,3,No,2,Media,Los Angeles,Large,PhD,2.0,20.0,8,85301,161835,6.9
GRAD_006606,2021,24,Female,Asian,Regional,Chemistry,3.61,0,No,0,Real Estate,Seattle,Small,None,4.0,0.0,3,97034,124136,8.4
GRAD_006607,2023,21,Female,White,Regional,Economics,2.97,2,No,0,Transportation,Atlanta,Large,Masters,2.0,60.0,1,65242,80813,5.5
GRAD_006608,2017,22,Male,White,Top 100,Business,3.4,2,Yes,4,Education,Atlanta,Fortune 500,None,0.0,0.0,7,50751,72405,4.8
GRAD_006609,2019,21,Male,White,Regional,Data Science,3.64,0,No,2,Manufacturing,San Francisco,Medium,None,0.0,0.0,5,115407,146793,5.6
GRAD_006610,2020,24,Male,White,Regional,Business,2.97,1,No,0,Finance,Denver,Medium,None,2.0,60.0,4,82500,106883,5.8
GRAD_006611,2019,23,Female,Asian,Top 100,Engineering,3.52,0,Yes,1,Energy,San Francisco,Small,Masters,2.0,80.0,5,136667,211176,9.7
GRAD_006612,2023,20,Female,White,Top 50,Communications,2.96,0,No,2,Real Estate,New York,Medium,None,0.0,0.0,1,100043,100190,10.0
GRAD_006613,2019,21,Male,White,Top 100,Political Science,3.11,2,Yes,0,Technology,Atlanta,Medium,None,0.0,80.0,5,78521,95221,5.7
GRAD_006614,2023,22,Female,Asian,Top 100,Liberal Arts,2.69,0,No,1,Consulting,Denver,Startup,None,,0.0,1,76756,85677,4.0
GRAD_006615,2018,24,Female,Asian,Top 100,Mathematics,2.45,1,No,2,Non-profit,Washington DC,Small,None,4.0,60.0,6,66295,88244,7.8
GRAD_006616,2015,21,Male,Black,Regional,Engineering,3.59,1,No,1,Technology,Atlanta,Fortune 500,None,1.0,0.0,9,94546,165920,6.5
GRAD_006617,2020,24,Male,Asian,Regional,Marketing,3.68,2,No,0,Consulting,Portland,Medium,None,2.0,0.0,4,79071,108708,8.1
GRAD_006618,2022,22,Male,White,Top 100,Chemistry,3.44,2,Yes,0,Education,Atlanta,Startup,MD,,40.0,2,56241,98330,7.3
GRAD_006619,2019,21,Female,Asian,Top 50,Political Science,2.93,2,,0,Consulting,Phoenix,Large,Masters,1.0,20.0,5,67857,97236,5.4
GRAD_006620,2017,21,Female,Other,Top 100,Liberal Arts,3.57,0,No,2,Energy,Miami,Large,None,1.0,40.0,7,64001,96276,6.4
GRAD_006621,2021,23,Male,Hispanic,Top 100,Business,3.38,2,No,2,Manufacturing,San Francisco,Medium,JD,5.0,60.0,3,100873,175499,8.9
GRAD_006622,2018,23,Male,White,Regional,Finance,3.48,0,Yes,0,Technology,Chicago,Large,Masters,2.0,20.0,6,120147,187880,3.6
GRAD_006623,2022,23,Female,Asian,Top 50,Data Science,3.45,0,,4,Non-profit,Los Angeles,Large,None,1.0,,2,83105,89182,5.0
GRAD_006624,2017,22,Female,White,Top 50,Engineering,3.07,4,No,0,Finance,Los Angeles,Small,None,2.0,40.0,7,152010,191698,3.6
GRAD_006625,2020,23,Female,White,Top 50,Chemistry,3.33,0,No,2,Education,Portland,Medium,None,1.0,0.0,4,54068,63868,7.2
GRAD_006626,2023,25,Female,White,Top 100,Marketing,3.17,0,Yes,0,Media,Boston,Large,Masters,2.0,0.0,1,72139,87405,7.6
GRAD_006627,2017,26,Male,White,Regional,Marketing,3.35,1,No,1,Energy,San Francisco,Large,None,4.0,40.0,7,111193,172160,7.2
GRAD_006628,2022,22,Female,Black,Regional,Marketing,3.57,2,Yes,2,Technology,San Francisco,Medium,Masters,2.0,20.0,2,116101,143073,6.1
GRAD_006629,2017,20,Male,Other,Regional,Business,3.09,2,No,1,Real Estate,Philadelphia,Medium,None,2.0,0.0,7,81747,123286,8.3
GRAD_006630,2021,22,Male,White,Regional,Political Science,3.56,4,No,1,Manufacturing,Phoenix,Small,None,1.0,0.0,3,65549,79577,4.6
GRAD_006631,2017,22,Female,White,Top 50,Marketing,3.32,1,No,2,Healthcare,San Francisco,Startup,None,2.0,20.0,7,132075,171560,5.1
GRAD_006632,2016,20,Female,White,Regional,Engineering,3.25,2,No,0,Transportation,Denver,Fortune 500,None,6.0,20.0,8,94048,132361,8.0
GRAD_006633,2021,22,Female,White,Top 10,Mathematics,3.25,1,,1,Media,Washington DC,Medium,MBA,3.0,,3,113476,176149,5.8
GRAD_006634,2020,20,Male,White,Top 100,Mathematics,3.56,1,No,1,Government,San Francisco,Large,PhD,0.0,20.0,4,91073,123472,6.2
GRAD_006635,2019,23,Male,White,Top 10,Mathematics,3.24,1,No,0,Transportation,Philadelphia,Medium,PhD,0.0,80.0,5,90247,138767,7.5
GRAD_006636,2015,23,Female,Asian,Regional,Psychology,3.26,2,No,0,Manufacturing,Philadelphia,Medium,Masters,,40.0,9,57463,121153,5.9
GRAD_006637,2019,23,Female,White,Top 10,Engineering,3.86,4,No,0,Finance,Seattle,Fortune 500,None,2.0,0.0,5,192967,235288,8.2
GRAD_006638,2016,23,Female,Black,Regional,Business,3.59,1,No,2,Consulting,Los Angeles,Fortune 500,None,2.0,60.0,8,98144,133234,8.4
GRAD_006639,2018,23,Male,Asian,Top 10,Engineering,3.72,0,No,0,Transportation,New York,Large,None,3.0,0.0,6,168407,217105,5.7
GRAD_006640,2020,23,Female,White,Top 50,Marketing,3.87,0,No,0,Real Estate,New York,Small,None,4.0,20.0,4,133660,156181,7.5
GRAD_006641,2023,24,Female,White,Regional,Engineering,3.39,0,No,1,Education,Dallas,Large,MBA,2.0,80.0,1,63148,86488,7.8
GRAD_006642,2020,21,Female,White,Top 100,Liberal Arts,4.0,1,,1,Finance,Dallas,Medium,None,2.0,0.0,4,68198,80205,3.8
GRAD_006643,2017,22,Female,Hispanic,Regional,Liberal Arts,3.47,1,No,1,Government,Philadelphia,Small,MD,3.0,80.0,7,58428,115991,7.6
GRAD_006644,2023,21,Male,Hispanic,Top 10,Marketing,2.84,6,No,1,Retail,Washington DC,Startup,None,1.0,0.0,1,106341,114196,5.2
GRAD_006645,2015,21,Female,White,Top 100,Business,3.12,1,Yes,2,Education,Denver,Large,None,,40.0,9,72228,120601,6.0
GRAD_006646,2021,22,Male,White,Regional,Economics,2.74,1,,1,Manufacturing,Portland,Startup,JD,0.0,0.0,3,89904,140522,3.9
GRAD_006647,2017,23,Male,Asian,Top 100,Communications,3.71,0,Yes,0,Consulting,New York,Small,None,2.0,60.0,7,91288,125656,3.3
GRAD_006648,2022,23,Female,White,Top 100,Business,3.38,0,No,0,Real Estate,Philadelphia,Fortune 500,Masters,2.0,0.0,2,73262,96425,5.9
GRAD_006649,2018,20,Female,Asian,Regional,Data Science,3.13,1,No,0,Government,Chicago,Medium,None,1.0,60.0,6,91000,111797,7.8
GRAD_006650,2019,25,Female,Asian,Top 100,Business,3.36,0,No,0,Real Estate,Washington DC,Small,PhD,4.0,0.0,5,81029,132637,9.3
GRAD_006651,2022,23,Male,Other,Regional,Economics,3.24,6,No,0,Manufacturing,Phoenix,Small,Masters,5.0,80.0,2,79282,112891,4.6
GRAD_006652,2023,22,Male,White,Regional,Engineering,3.0,2,No,1,Non-profit,Dallas,Large,Masters,2.0,100.0,1,70692,89998,8.2
GRAD_006653,2017,20,Male,White,Top 10,Liberal Arts,4.0,1,No,2,Energy,Washington DC,Medium,None,4.0,40.0,7,114710,189916,6.8
GRAD_006654,2018,20,Female,Black,Top 100,Business,3.35,0,No,3,Energy,Austin,Large,None,4.0,80.0,6,106895,157304,10.0
GRAD_006655,2015,24,Male,White,Regional,Communications,3.33,1,Yes,1,Transportation,Austin,Medium,None,4.0,20.0,9,56746,113285,5.4
GRAD_006656,2022,24,Female,White,Top 100,Business,3.27,2,No,0,Real Estate,Chicago,Startup,None,2.0,60.0,2,84864,94930,5.3
GRAD_006657,2023,24,Female,White,Regional,Engineering,2.89,1,No,2,Manufacturing,Denver,Medium,None,1.0,80.0,1,92660,96497,5.7
GRAD_006658,2018,22,Male,White,Regional,Economics,2.69,2,No,0,Non-profit,Austin,Large,None,1.0,0.0,6,66373,88747,6.9
GRAD_006659,2019,24,Female,White,Top 100,Business,3.74,1,,1,Education,Boston,Fortune 500,None,0.0,60.0,5,84205,106360,9.3
GRAD_006660,2019,20,Male,Asian,Top 100,Marketing,3.14,0,No,1,Technology,Dallas,Small,None,2.0,0.0,5,72899,94371,5.5
GRAD_006661,2019,20,Female,Asian,Top 10,Liberal Arts,2.52,5,No,0,Technology,Los Angeles,Small,None,2.0,,5,119605,160653,6.2
GRAD_006662,2019,24,Female,White,Regional,Psychology,2.78,0,No,2,Education,San Francisco,Fortune 500,MBA,4.0,40.0,5,72856,117613,5.9
GRAD_006663,2019,21,Female,Asian,Top 10,Political Science,3.51,0,No,2,Healthcare,Denver,Fortune 500,None,3.0,40.0,5,97693,120379,6.1
GRAD_006664,2016,22,Male,White,Top 100,Psychology,3.54,1,No,1,Consulting,Seattle,Large,None,0.0,20.0,8,87539,114951,5.4
GRAD_006665,2015,20,Male,Hispanic,Top 100,Business,3.14,1,No,0,Real Estate,New York,Medium,None,5.0,20.0,9,115978,172578,4.6
GRAD_006666,2021,20,Male,White,Top 50,Communications,3.7,0,No,3,Manufacturing,Miami,Large,MBA,3.0,,3,68308,112842,8.5
GRAD_006667,2022,20,Male,Asian,Top 100,Marketing,2.81,0,No,3,Non-profit,Austin,Small,None,,80.0,2,49604,60461,10.0
GRAD_006668,2022,21,Female,White,Top 50,Communications,3.86,0,No,1,Energy,Austin,Startup,None,1.0,0.0,2,101571,109259,8.9
GRAD_006669,2021,21,Male,Other,Regional,Engineering,2.72,1,No,0,Retail,San Francisco,Large,MD,2.0,20.0,3,100649,178006,7.3
GRAD_006670,2023,23,Male,White,Regional,Economics,3.49,1,No,0,Finance,Chicago,Medium,None,,0.0,1,112423,123209,7.1
GRAD_006671,2015,24,Male,White,Top 100,Computer Science,3.39,1,Yes,0,Media,Denver,Large,MBA,0.0,0.0,9,87629,197313,6.9
GRAD_006672,2018,23,Female,White,Top 100,Biology,3.59,1,No,0,Real Estate,Philadelphia,Medium,Masters,2.0,20.0,6,63686,100026,6.3
GRAD_006673,2018,20,Male,White,Top 10,Communications,2.68,2,No,1,Healthcare,New York,Fortune 500,None,1.0,0.0,6,113917,166421,8.3
GRAD_006674,2018,23,Male,Hispanic,Top 100,Liberal Arts,3.2,1,No,1,Government,Chicago,Fortune 500,None,,0.0,6,52627,84222,4.4
GRAD_006675,2022,20,Male,White,Top 100,Biology,3.67,2,Yes,0,Consulting,Dallas,Large,JD,0.0,0.0,2,82836,120362,8.2
GRAD_006676,2018,25,Male,White,Top 100,Business,2.92,2,No,0,Real Estate,Austin,Large,Masters,1.0,60.0,6,100857,176224,6.6
GRAD_006677,2020,22,Female,White,Top 100,Computer Science,3.8,1,No,3,Technology,Dallas,Large,MBA,1.0,40.0,4,132707,197472,7.9
GRAD_006678,2020,21,Female,White,Top 10,Biology,2.6,1,No,0,Energy,Washington DC,Startup,None,4.0,40.0,4,103894,139215,6.9
GRAD_006679,2022,22,Female,Black,Top 50,Finance,2.7,2,No,1,Finance,Miami,Large,None,0.0,60.0,2,131892,133575,7.7
GRAD_006680,2020,22,Female,White,Top 100,Computer Science,3.0,1,No,0,Real Estate,New York,Large,JD,3.0,0.0,4,136120,207482,4.5
GRAD_006681,2019,23,Male,White,Top 100,Engineering,3.52,2,No,2,Retail,Boston,Large,None,6.0,80.0,5,103857,152175,8.8
GRAD_006682,2021,20,Male,White,Top 50,Marketing,3.79,3,No,0,Education,Denver,Small,None,2.0,80.0,3,67196,85847,5.9
GRAD_006683,2020,21,Female,White,Regional,Psychology,3.06,4,Yes,1,Government,Miami,Large,None,2.0,0.0,4,72086,86899,6.2
GRAD_006684,2020,23,Male,White,Top 50,Finance,3.38,0,No,1,Healthcare,San Francisco,Large,Masters,1.0,0.0,4,145558,193282,7.4
GRAD_006685,2018,23,Male,Other,Top 10,Engineering,3.74,3,No,1,Healthcare,Austin,Medium,None,4.0,20.0,6,149050,194438,7.0
GRAD_006686,2015,27,Male,White,Regional,Engineering,3.51,3,Yes,2,Retail,Austin,Medium,None,5.0,20.0,9,82958,123535,5.1
GRAD_006687,2018,24,Male,Black,Top 10,Computer Science,4.0,2,,1,Real Estate,Washington DC,Small,MBA,5.0,40.0,6,176007,328678,6.2
GRAD_006688,2018,21,Female,White,Top 10,Psychology,3.07,1,No,1,Media,Chicago,Medium,Masters,2.0,0.0,6,80062,121074,10.0
GRAD_006689,2016,25,Female,Asian,Top 10,Business,3.75,1,Yes,1,Non-profit,Phoenix,Small,None,0.0,20.0,8,76564,94740,6.2
GRAD_006690,2017,23,Male,White,Regional,Liberal Arts,3.04,0,No,1,Non-profit,New York,Large,None,0.0,0.0,7,58709,87763,6.3
GRAD_006691,2023,24,Male,Black,Top 50,Business,3.42,0,No,0,Manufacturing,Los Angeles,Startup,None,4.0,20.0,1,102807,117894,5.2
GRAD_006692,2018,23,Male,Asian,Regional,Chemistry,3.33,3,No,1,Technology,Austin,Medium,JD,4.0,20.0,6,101421,208264,4.6
GRAD_006693,2020,24,Male,Black,Regional,Computer Science,3.42,0,Yes,4,Consulting,Philadelphia,Large,None,2.0,0.0,4,99865,119909,7.4
GRAD_006694,2020,24,Male,Asian,Regional,Finance,2.91,2,No,1,Technology,Washington DC,Large,None,2.0,40.0,4,107081,136135,8.6
GRAD_006695,2020,23,Female,Asian,Regional,Business,3.11,2,No,3,Technology,Boston,Fortune 500,None,0.0,0.0,4,120602,146177,6.8
GRAD_006696,2015,21,Female,White,Top 50,Marketing,2.97,2,No,0,Technology,Boston,Small,PhD,3.0,20.0,9,132067,266045,6.1
GRAD_006697,2022,21,Male,White,Regional,Business,3.08,1,,1,Government,Boston,Fortune 500,MD,4.0,20.0,2,76837,143498,6.3
GRAD_006698,2021,21,Other,Hispanic,Top 100,Chemistry,3.27,0,Yes,0,Real Estate,Seattle,Medium,None,1.0,0.0,3,100263,122194,4.4
GRAD_006699,2023,22,Female,Asian,Top 100,Marketing,2.95,3,No,3,Media,Boston,Small,Masters,3.0,20.0,1,73272,91478,2.8
GRAD_006700,2017,24,Male,White,Regional,Mathematics,3.04,1,No,0,Healthcare,New York,Startup,None,3.0,100.0,7,102757,139834,7.0
GRAD_006701,2020,23,Male,Asian,Top 50,Business,3.5,2,No,1,Media,New York,Large,None,4.0,40.0,4,106836,139274,6.7
GRAD_006702,2022,21,Female,Other,Top 50,Chemistry,3.41,4,No,0,Media,San Francisco,Large,None,1.0,40.0,2,109715,114563,6.3
GRAD_006703,2016,23,Male,Black,Regional,Computer Science,3.9,0,No,0,Consulting,Miami,Medium,None,1.0,0.0,8,119395,198814,5.6
GRAD_006704,2022,20,Male,White,Regional,Data Science,3.35,1,No,2,Manufacturing,Chicago,Medium,None,,20.0,2,104689,124112,8.6
GRAD_006705,2017,22,Female,White,Top 100,Economics,3.91,2,Yes,0,Retail,Chicago,Medium,None,1.0,40.0,7,78120,115942,5.5
GRAD_006706,2018,24,Male,Other,Regional,Biology,2.77,1,,3,Education,Los Angeles,Large,None,0.0,20.0,6,64483,78125,3.6
GRAD_006707,2023,20,Male,White,Top 10,Business,2.65,1,No,1,Retail,Atlanta,Medium,None,0.0,0.0,1,74451,77268,5.0
GRAD_006708,2018,22,Male,White,Top 100,Computer Science,3.17,1,No,2,Healthcare,Denver,Fortune 500,None,5.0,0.0,6,121577,168534,4.5
GRAD_006709,2020,21,Female,White,Top 100,Computer Science,3.14,0,No,0,Non-profit,Phoenix,Large,None,1.0,,4,69114,81653,5.9
GRAD_006710,2019,24,Female,White,Regional,Liberal Arts,3.03,2,No,0,Finance,Atlanta,Large,MBA,4.0,60.0,5,73969,125513,7.2
GRAD_006711,2015,25,Female,White,Regional,Political Science,3.15,0,No,0,Media,Seattle,Medium,PhD,3.0,60.0,9,64936,128554,6.5
GRAD_006712,2023,23,Female,White,Regional,Computer Science,3.56,1,No,3,Manufacturing,Philadelphia,Small,Masters,1.0,40.0,1,87347,103113,6.2
GRAD_006713,2017,23,Male,White,Regional,Mathematics,3.15,0,No,0,Consulting,Chicago,Medium,Masters,4.0,20.0,7,99898,158687,5.3
GRAD_006714,2017,24,Female,Hispanic,Regional,Computer Science,3.54,2,No,2,Technology,Seattle,Large,Masters,5.0,60.0,7,165098,284079,6.3
GRAD_006715,2018,23,Female,White,Top 100,Engineering,3.73,3,No,2,Technology,Boston,Small,None,0.0,40.0,6,138575,196866,5.7
GRAD_006716,2019,21,Female,Black,Top 10,Economics,3.56,0,Yes,0,Real Estate,Denver,Large,None,0.0,,5,98942,117137,4.3
GRAD_006717,2016,21,Male,Asian,Regional,Engineering,3.23,0,,0,Education,Boston,Large,None,7.0,40.0,8,82678,154296,7.6
GRAD_006718,2021,21,Female,White,Regional,Business,3.15,1,No,1,Retail,Los Angeles,Medium,None,2.0,80.0,3,62484,70071,8.2
GRAD_006719,2020,20,Male,Other,Regional,Engineering,3.76,0,No,0,Media,Denver,Medium,None,3.0,20.0,4,83047,106742,6.7
GRAD_006720,2018,23,Male,White,Top 100,Business,3.88,0,Yes,0,Consulting,Austin,Large,Masters,5.0,0.0,6,109171,173559,6.9
GRAD_006721,2021,20,Male,White,Top 10,Business,3.41,1,No,1,Manufacturing,Atlanta,Fortune 500,None,5.0,,3,93931,119862,5.7
GRAD_006722,2020,23,Male,Black,Top 50,Data Science,3.58,1,Yes,2,Finance,Boston,Large,None,2.0,100.0,4,134918,173893,9.8
GRAD_006723,2022,21,Male,Black,Regional,Mathematics,3.52,2,No,1,Technology,Washington DC,Small,None,2.0,40.0,2,106866,121243,6.3
GRAD_006724,2022,22,Male,Asian,Regional,Engineering,3.07,3,No,0,Consulting,Philadelphia,Medium,Masters,1.0,60.0,2,102904,135239,7.7
GRAD_006725,2023,23,Female,White,Top 50,Business,3.34,2,Yes,2,Government,Atlanta,Medium,None,3.0,40.0,1,81173,91182,4.3
GRAD_006726,2015,24,Female,White,Regional,Business,3.43,2,No,2,Non-profit,Austin,Fortune 500,None,2.0,20.0,9,58860,100847,8.7
GRAD_006727,2019,23,Female,White,Top 100,Data Science,3.78,1,No,1,Energy,New York,Medium,MBA,1.0,40.0,5,140336,211359,8.7
GRAD_006728,2020,22,Male,Hispanic,Regional,Liberal Arts,3.25,0,No,0,Consulting,New York,Startup,Masters,1.0,0.0,4,75858,102191,4.0
GRAD_006729,2017,22,Female,Hispanic,Top 10,Liberal Arts,2.89,2,No,1,Retail,Atlanta,Large,None,0.0,0.0,7,64368,78958,6.7
GRAD_006730,2023,20,Male,White,Regional,Business,3.25,1,No,1,Transportation,Washington DC,Medium,None,1.0,40.0,1,75075,80360,5.8
GRAD_006731,2016,23,Male,White,Top 100,Communications,3.24,1,Yes,1,Manufacturing,Chicago,Small,Masters,2.0,60.0,8,68808,108028,5.4
GRAD_006732,2019,22,Male,White,Regional,Computer Science,3.04,3,Yes,0,Non-profit,Dallas,Fortune 500,PhD,2.0,0.0,5,78822,124533,7.5
GRAD_006733,2017,21,Male,Black,Top 100,Liberal Arts,3.65,1,Yes,1,Real Estate,Austin,Fortune 500,None,1.0,20.0,7,77094,116237,7.4
GRAD_006734,2021,23,Male,White,Regional,Liberal Arts,3.68,1,No,1,Non-profit,Denver,Large,None,1.0,0.0,3,42393,50706,5.9
GRAD_006735,2021,24,Male,Asian,Regional,Political Science,2.43,0,No,1,Technology,New York,Startup,Masters,1.0,0.0,3,81999,113238,5.7
GRAD_006736,2022,22,Male,Asian,Top 100,Communications,3.75,1,No,0,Technology,Boston,Fortune 500,None,1.0,0.0,2,96458,109911,7.4
GRAD_006737,2019,21,Female,Hispanic,Top 100,Computer Science,3.41,2,No,1,Retail,Los Angeles,Medium,None,5.0,20.0,5,92265,120600,7.0
GRAD_006738,2022,21,Female,Other,Regional,Business,3.34,2,Yes,3,Education,Portland,Large,None,3.0,40.0,2,59345,67540,6.8
GRAD_006739,2020,23,Male,Other,Top 50,Psychology,3.48,2,No,1,Transportation,Seattle,Small,PhD,1.0,60.0,4,80583,125291,9.6
GRAD_006740,2022,20,Male,White,Regional,Computer Science,2.69,0,No,2,Healthcare,Phoenix,Medium,JD,1.0,40.0,2,100225,147539,7.7
GRAD_006741,2016,22,Female,White,Regional,Computer Science,3.13,1,No,0,Healthcare,Chicago,Medium,PhD,,40.0,8,97928,188139,8.7
GRAD_006742,2019,21,Male,Hispanic,Top 10,Political Science,3.54,2,No,2,Transportation,Dallas,Startup,None,1.0,20.0,5,78693,107967,6.6
GRAD_006743,2016,23,Female,Asian,Regional,Data Science,3.49,3,No,1,Transportation,Boston,Startup,None,2.0,40.0,8,98226,159650,7.5
GRAD_006744,2022,23,Male,Hispanic,Top 100,Liberal Arts,3.18,1,No,1,Education,Dallas,Medium,None,3.0,40.0,2,48749,61016,7.6
GRAD_006745,2016,20,Female,White,Regional,Chemistry,3.32,0,Yes,2,Real Estate,Washington DC,Small,None,1.0,40.0,8,67396,106450,9.5
GRAD_006746,2015,23,Female,Asian,Top 10,Engineering,3.35,2,No,0,Consulting,Dallas,Medium,None,5.0,40.0,9,131889,240607,7.1
GRAD_006747,2023,23,Female,White,Regional,Chemistry,3.44,1,No,1,Government,Dallas,Large,MD,1.0,0.0,1,56984,85906,7.6
GRAD_006748,2019,22,Male,White,Regional,Business,4.0,4,No,2,Consulting,Denver,Medium,Masters,4.0,80.0,5,97399,160786,6.7
GRAD_006749,2023,21,Male,White,Regional,Chemistry,2.77,6,No,0,Energy,Seattle,Fortune 500,Masters,0.0,0.0,1,95924,117000,7.6
GRAD_006750,2019,21,Male,Asian,Top 100,Political Science,3.0,0,No,1,Non-profit,Seattle,Startup,None,3.0,100.0,5,64403,83674,6.8
GRAD_006751,2020,22,Female,White,Top 100,Biology,3.3,2,No,2,Manufacturing,Seattle,Medium,None,1.0,20.0,4,82851,96835,4.9
GRAD_006752,2021,21,Female,White,Regional,Computer Science,3.46,2,No,1,Manufacturing,Dallas,Fortune 500,MBA,4.0,0.0,3,95366,141590,3.7
GRAD_006753,2018,21,Male,Hispanic,Regional,Psychology,3.32,1,No,1,Non-profit,New York,Large,Masters,3.0,80.0,6,68627,108711,5.8
GRAD_006754,2016,22,Male,Black,Top 100,Computer Science,2.96,3,No,0,Finance,San Francisco,Medium,None,2.0,60.0,8,187346,309396,8.6
GRAD_006755,2021,21,Male,Hispanic,Top 100,Computer Science,3.47,0,No,0,Media,Dallas,Fortune 500,None,3.0,,3,72774,89406,8.1
GRAD_006756,2020,23,Female,White,Top 50,Business,3.42,1,No,0,Energy,Chicago,Medium,Masters,0.0,40.0,4,85371,109602,6.8
GRAD_006757,2022,22,Female,White,Top 100,Engineering,3.38,1,Yes,1,Retail,Boston,Startup,None,2.0,20.0,2,99796,107268,5.1
GRAD_006758,2015,21,Male,Asian,Top 50,Marketing,3.1,3,No,0,Transportation,Boston,Small,MD,3.0,0.0,9,83918,229435,9.3
GRAD_006759,2020,22,Male,Asian,Top 10,Engineering,3.47,6,No,3,Manufacturing,Washington DC,Large,None,1.0,0.0,4,146181,187811,7.1
GRAD_006760,2017,21,Male,White,Regional,Chemistry,3.72,1,No,1,Real Estate,Miami,Medium,Masters,2.0,100.0,7,83147,148688,8.4
GRAD_006761,2020,21,Female,White,Top 100,Biology,3.59,4,No,1,Healthcare,San Francisco,Medium,Masters,2.0,40.0,4,108653,160719,5.6
GRAD_006762,2022,21,Female,Asian,Regional,Engineering,2.9,0,Yes,1,Media,Boston,Small,None,3.0,80.0,2,88189,103534,7.1
GRAD_006763,2017,20,Male,Asian,Top 100,Data Science,2.96,0,No,1,Transportation,New York,Small,MBA,2.0,40.0,7,118321,193471,7.1
GRAD_006764,2019,20,Male,White,Regional,Liberal Arts,3.56,0,Yes,0,Non-profit,Chicago,Small,None,,60.0,5,42275,58662,5.3
GRAD_006765,2019,21,Male,Asian,Top 100,Data Science,3.09,1,No,0,Energy,Miami,Small,JD,2.0,80.0,5,127576,233396,10.0
GRAD_006766,2022,20,Female,White,Regional,Business,2.87,2,No,0,Finance,Boston,Medium,None,1.0,20.0,2,97463,108628,8.3
GRAD_006767,2020,23,Male,White,Regional,Business,3.1,1,No,0,Healthcare,Miami,Large,None,2.0,40.0,4,75666,94659,4.5
GRAD_006768,2016,24,Female,White,Top 100,Liberal Arts,3.06,2,No,2,Retail,Dallas,Fortune 500,Masters,2.0,20.0,8,54481,85261,6.0
GRAD_006769,2023,22,Female,White,Regional,Economics,3.21,0,No,1,Finance,Portland,Medium,None,2.0,80.0,1,87222,91458,3.7
GRAD_006770,2023,20,Female,White,Top 50,Psychology,3.23,1,No,1,Media,Portland,Startup,MBA,3.0,40.0,1,61259,86898,5.8
GRAD_006771,2020,20,Male,Hispanic,Top 100,Data Science,2.68,2,No,0,Technology,Denver,Large,None,3.0,20.0,4,153843,205624,8.4
GRAD_006772,2022,23,Female,White,Top 100,Marketing,3.38,2,Yes,3,Government,Austin,Fortune 500,None,1.0,0.0,2,79607,84546,6.1
GRAD_006773,2015,22,Male,Hispanic,Regional,Computer Science,3.47,0,No,0,Consulting,Los Angeles,Large,JD,5.0,20.0,9,133464,315215,8.5
GRAD_006774,2017,20,Male,White,Top 100,Political Science,3.35,1,No,0,Government,San Francisco,Large,None,,40.0,7,70020,100848,7.0
GRAD_006775,2022,21,Female,White,Top 10,Engineering,3.5,0,No,1,Consulting,Atlanta,Small,None,2.0,0.0,2,140118,159961,6.8
GRAD_006776,2016,20,Male,Hispanic,Top 10,Business,3.49,1,No,0,Healthcare,Washington DC,Startup,None,4.0,0.0,8,122002,181032,5.1
GRAD_006777,2015,24,Female,Asian,Regional,Psychology,2.87,0,,0,Consulting,Denver,Large,None,1.0,,9,76320,125900,9.9
GRAD_006778,2020,23,Male,White,Regional,Chemistry,3.29,0,No,0,Finance,Chicago,Large,None,1.0,0.0,4,97850,117196,7.2
GRAD_006779,2015,22,Male,Asian,Top 50,Computer Science,3.41,1,No,1,Consulting,New York,Large,None,3.0,0.0,9,176741,241164,6.5
GRAD_006780,2017,22,Male,Asian,Regional,Engineering,3.41,0,Yes,1,Education,New York,Medium,None,2.0,80.0,7,99442,140508,8.7
GRAD_006781,2015,22,Male,White,Regional,Business,3.79,2,No,0,Retail,Philadelphia,Medium,None,5.0,60.0,9,65131,119101,7.5
GRAD_006782,2020,22,Male,Asian,Regional,Liberal Arts,3.44,0,No,0,Consulting,Miami,Fortune 500,None,2.0,60.0,4,63418,78487,3.4
GRAD_006783,2021,25,Male,White,Top 100,Liberal Arts,3.32,2,Yes,0,Energy,Chicago,Small,None,1.0,40.0,3,78261,96118,5.9
GRAD_006784,2017,24,Male,Asian,Regional,Computer Science,3.6,3,No,0,Transportation,Denver,Fortune 500,None,4.0,0.0,7,110005,163264,8.1
GRAD_006785,2019,24,Female,White,Regional,Engineering,3.62,2,No,1,Government,Seattle,Large,MBA,2.0,40.0,5,121089,184249,8.5
GRAD_006786,2015,22,Male,White,Regional,Business,3.32,1,No,2,Non-profit,Los Angeles,Large,None,4.0,20.0,9,68389,111336,7.3
GRAD_006787,2017,21,Female,White,Top 100,Mathematics,3.76,3,No,1,Retail,Boston,Medium,MBA,,20.0,7,92934,146987,7.2
GRAD_006788,2017,20,Male,White,Top 100,Liberal Arts,3.36,1,Yes,3,Media,Seattle,Medium,None,2.0,40.0,7,58287,98051,6.1
GRAD_006789,2016,21,Male,White,Top 10,Engineering,3.12,1,No,0,Retail,San Francisco,Medium,None,2.0,20.0,8,148723,211144,6.7
GRAD_006790,2017,24,Male,Black,Top 50,Economics,3.63,1,No,0,Media,Los Angeles,Medium,Masters,5.0,0.0,7,104257,171476,5.4
GRAD_006791,2022,20,Male,Black,Regional,Political Science,3.05,0,No,0,Energy,Boston,Medium,None,2.0,40.0,2,68051,81534,4.2
GRAD_006792,2023,22,Female,Asian,Regional,Engineering,3.81,1,No,2,Energy,Portland,Startup,PhD,2.0,0.0,1,116708,145075,7.5
GRAD_006793,2021,20,Male,Hispanic,Regional,Biology,3.13,0,No,2,Government,Portland,Small,MD,2.0,,3,61735,109458,7.8
GRAD_006794,2015,22,Female,White,Top 100,Marketing,2.95,2,No,2,Finance,Atlanta,Large,None,2.0,60.0,9,86390,114625,7.2
GRAD_006795,2021,20,Male,White,Top 100,Liberal Arts,3.03,2,No,0,Technology,Phoenix,Medium,None,1.0,0.0,3,81780,97868,8.3
GRAD_006796,2021,23,Male,Hispanic,Regional,Marketing,3.57,0,Yes,0,Healthcare,Seattle,Large,Masters,2.0,80.0,3,93668,133810,8.0
GRAD_006797,2016,22,Female,White,Top 10,Business,3.07,0,No,1,Energy,Chicago,Large,None,0.0,60.0,8,121549,175611,6.6
GRAD_006798,2018,21,Female,Asian,Regional,Business,3.03,1,No,0,Consulting,Washington DC,Small,Masters,1.0,60.0,6,96221,161515,9.4
GRAD_006799,2019,21,Male,White,Regional,Psychology,3.17,0,No,1,Transportation,Philadelphia,Large,Masters,4.0,40.0,5,50320,89196,6.9
GRAD_006800,2018,22,Female,White,Top 10,Economics,2.37,1,No,2,Transportation,Los Angeles,Medium,None,1.0,40.0,6,89112,104622,7.2
GRAD_006801,2020,22,Male,Hispanic,Top 100,Finance,3.74,3,No,2,Finance,San Francisco,Medium,None,,20.0,4,148950,198802,6.9
GRAD_006802,2016,21,Male,White,Top 100,Business,2.79,2,Yes,0,Government,Miami,Large,MBA,2.0,0.0,8,72308,127240,6.0
GRAD_006803,2019,22,Female,White,Top 10,Finance,3.7,0,No,0,Education,Seattle,Large,None,1.0,0.0,5,113609,135123,6.8
GRAD_006804,2021,21,Male,White,Top 100,Political Science,3.71,0,No,2,Education,Seattle,Fortune 500,None,4.0,40.0,3,75346,96374,4.1
GRAD_006805,2019,20,Female,White,Top 10,Engineering,3.51,0,No,1,Real Estate,Austin,Fortune 500,None,1.0,60.0,5,144597,174903,5.2
GRAD_006806,2017,22,Male,Asian,Top 50,Computer Science,3.31,3,Yes,3,Government,Seattle,Medium,MBA,,0.0,7,144085,267027,6.6
GRAD_006807,2022,20,Female,White,Regional,Business,3.27,1,Yes,0,Healthcare,Miami,Fortune 500,None,0.0,40.0,2,68430,73191,5.5
GRAD_006808,2019,21,Female,Asian,Top 100,Marketing,3.87,3,No,2,Real Estate,Phoenix,Large,MBA,0.0,,5,67960,98363,4.1
GRAD_006809,2019,22,Male,White,Regional,Liberal Arts,4.0,0,No,2,Education,Dallas,Startup,None,3.0,20.0,5,51022,68620,4.9
GRAD_006810,2018,22,Female,White,Regional,Business,2.62,1,No,2,Education,Atlanta,Small,None,4.0,40.0,6,54109,86537,5.2
GRAD_006811,2018,24,Other,White,Top 50,Psychology,3.55,2,No,0,Retail,Dallas,Large,None,1.0,40.0,6,64962,99142,3.5
GRAD_006812,2020,21,Female,Hispanic,Regional,Engineering,3.2,3,No,0,Retail,Portland,Medium,None,1.0,60.0,4,92046,117697,5.2
GRAD_006813,2017,21,Male,Asian,Top 100,Liberal Arts,4.0,1,No,1,Government,Seattle,Fortune 500,Masters,2.0,20.0,7,72889,113085,5.3
GRAD_006814,2022,22,Male,White,Top 100,Economics,3.39,2,,0,Non-profit,Philadelphia,Fortune 500,None,1.0,0.0,2,59049,69708,4.7
GRAD_006815,2019,22,Female,Asian,Top 100,Business,3.05,3,No,0,Retail,Chicago,Large,None,3.0,80.0,5,67303,86456,5.1
GRAD_006816,2023,24,Male,Hispanic,Top 100,Economics,3.0,0,No,1,Finance,Portland,Startup,None,3.0,100.0,1,92020,104625,9.0
GRAD_006817,2023,23,Female,White,Top 10,Computer Science,3.28,3,Yes,1,Retail,Miami,Small,MBA,1.0,,1,123874,163265,4.2
GRAD_006818,2019,24,Female,Hispanic,Regional,Mathematics,2.55,0,No,1,Finance,Chicago,Small,None,1.0,0.0,5,94408,109916,7.7
GRAD_006819,2016,20,Other,White,Top 10,Engineering,2.9,1,Yes,0,Media,Portland,Startup,Masters,3.0,0.0,8,114098,190357,6.4
GRAD_006820,2020,23,Male,Asian,Top 100,Marketing,2.79,1,No,0,Energy,Phoenix,Medium,None,3.0,80.0,4,65853,90428,4.0
GRAD_006821,2018,21,Male,White,Top 10,Data Science,2.38,3,No,1,Media,Austin,Medium,Masters,3.0,100.0,6,101460,159541,6.8
GRAD_006822,2019,23,Male,White,Regional,Business,3.52,0,Yes,0,Energy,Denver,Medium,None,4.0,40.0,5,73732,113691,7.3
GRAD_006823,2018,22,Male,Black,Top 100,Business,3.56,2,No,2,Transportation,Atlanta,Startup,None,,40.0,6,71414,107143,8.2
GRAD_006824,2019,21,Female,White,Top 10,Computer Science,3.62,3,Yes,1,Energy,Austin,Startup,None,3.0,80.0,5,175801,224021,5.8
GRAD_006825,2019,24,Male,White,Top 100,Business,2.93,1,Yes,1,Consulting,Boston,Large,None,3.0,40.0,5,110838,154376,8.4
GRAD_006826,2021,20,Female,White,Top 100,Business,3.47,1,No,0,Energy,Seattle,Medium,None,4.0,60.0,3,124623,150660,7.1
GRAD_006827,2015,25,Female,White,Regional,Mathematics,3.29,0,No,1,Real Estate,Boston,Small,None,3.0,0.0,9,84841,140304,6.0
GRAD_006828,2017,23,Female,Asian,Top 100,Computer Science,2.94,3,No,0,Government,Miami,Medium,None,3.0,20.0,7,107969,159077,8.7
GRAD_006829,2017,22,Female,Black,Regional,Engineering,3.16,2,Yes,1,Technology,Miami,Large,None,4.0,40.0,7,105459,162920,3.7
GRAD_006830,2021,22,Male,Black,Top 50,Computer Science,2.83,1,No,3,Education,Seattle,Medium,Masters,1.0,0.0,3,123252,170648,8.2
GRAD_006831,2022,21,Male,Asian,Top 50,Finance,2.68,0,No,0,Technology,Portland,Startup,None,2.0,0.0,2,139575,161324,6.4
GRAD_006832,2021,23,Female,White,Top 50,Marketing,3.0,3,,0,Media,Denver,Medium,None,0.0,20.0,3,72560,78774,7.2
GRAD_006833,2023,20,Male,White,Regional,Engineering,3.08,0,Yes,1,Consulting,Philadelphia,Small,None,0.0,,1,99721,106621,4.6
GRAD_006834,2015,20,Male,Asian,Top 10,Business,3.59,3,No,1,Media,Miami,Small,None,3.0,100.0,9,92923,175243,7.6
GRAD_006835,2019,22,Male,White,Top 100,Computer Science,3.05,0,Yes,0,Energy,Philadelphia,Small,JD,1.0,40.0,5,99594,178130,10.0
GRAD_006836,2023,21,Female,White,Top 10,Business,3.65,1,No,0,Manufacturing,Phoenix,Medium,None,2.0,0.0,1,80305,84362,4.4
GRAD_006837,2018,21,Other,Asian,Regional,Engineering,3.7,1,No,2,Healthcare,Boston,Startup,None,0.0,20.0,6,118218,172817,9.7
GRAD_006838,2022,20,Female,Black,Top 100,Biology,3.36,2,Yes,1,Media,Miami,Medium,MBA,2.0,0.0,2,68979,92086,5.3
GRAD_006839,2020,24,Male,White,Regional,Business,3.14,1,No,3,Energy,Phoenix,Small,None,2.0,40.0,4,80126,101773,6.4
GRAD_006840,2023,25,Female,White,Top 10,Engineering,2.95,0,No,2,Retail,Chicago,Fortune 500,None,4.0,0.0,1,86776,99590,6.7
GRAD_006841,2018,22,Male,Other,Top 100,Liberal Arts,2.99,1,No,0,Real Estate,Portland,Startup,PhD,2.0,40.0,6,64530,116853,7.7
GRAD_006842,2019,22,Male,Hispanic,Top 50,Mathematics,3.54,0,No,2,Healthcare,New York,Small,None,3.0,40.0,5,106336,155580,7.8
GRAD_006843,2016,23,Male,White,Top 100,Psychology,3.59,1,No,0,Non-profit,Austin,Small,None,2.0,80.0,8,48273,85183,8.4
GRAD_006844,2016,23,Male,White,Top 50,Data Science,3.18,1,No,1,Real Estate,Philadelphia,Medium,None,1.0,20.0,8,116449,179049,6.6
GRAD_006845,2022,21,Female,Black,Top 100,Business,3.36,0,No,2,Transportation,Washington DC,Large,None,1.0,0.0,2,78273,83753,10.0
GRAD_006846,2019,24,Female,Hispanic,Regional,Engineering,2.77,4,No,0,Education,Boston,Fortune 500,PhD,1.0,100.0,5,90169,138244,7.1
GRAD_006847,2021,24,Male,Asian,Top 100,Marketing,3.11,2,No,0,Healthcare,Austin,Medium,None,3.0,20.0,3,95367,114080,7.5
GRAD_006848,2022,23,Male,Hispanic,Regional,Finance,3.43,1,No,2,Education,Seattle,Large,None,3.0,0.0,2,75718,93602,8.3
GRAD_006849,2019,25,Other,Asian,Regional,Communications,3.07,1,No,2,Non-profit,Chicago,Fortune 500,Masters,2.0,40.0,5,50574,83319,5.4
GRAD_006850,2023,23,Female,Asian,Regional,Data Science,2.87,1,No,0,Education,Portland,Medium,Masters,2.0,40.0,1,77111,92688,7.5
GRAD_006851,2023,21,Male,Black,Regional,Business,2.98,1,No,1,Finance,San Francisco,Fortune 500,Masters,2.0,80.0,1,142868,179301,6.5
GRAD_006852,2021,22,Male,White,Regional,Finance,2.79,3,Yes,0,Media,San Francisco,Large,None,3.0,80.0,3,119375,140723,6.2
GRAD_006853,2023,23,Female,White,Top 50,Engineering,2.93,1,Yes,1,Technology,Chicago,Small,Masters,4.0,0.0,1,155919,190223,8.5
GRAD_006854,2015,20,Male,Hispanic,Regional,Liberal Arts,3.58,0,No,0,Manufacturing,Chicago,Medium,None,2.0,40.0,9,60367,96092,5.8
GRAD_006855,2015,22,Female,White,Top 100,Biology,3.8,5,No,0,Non-profit,Portland,Medium,None,4.0,0.0,9,70842,110363,9.0
GRAD_006856,2015,20,Male,Asian,Top 50,Psychology,3.89,1,No,1,Manufacturing,Boston,Medium,Masters,2.0,20.0,9,83699,155298,6.8
GRAD_006857,2023,25,Female,White,Regional,Finance,3.23,0,No,3,Government,Atlanta,Startup,None,0.0,0.0,1,81313,83139,3.5
GRAD_006858,2020,23,Male,White,Regional,Biology,3.26,1,No,2,Finance,Chicago,Medium,None,2.0,40.0,4,85849,104922,4.4
GRAD_006859,2023,23,Female,White,Top 50,Engineering,3.57,1,No,2,Healthcare,Phoenix,Small,None,1.0,40.0,1,85781,86431,5.4
GRAD_006860,2016,20,Male,White,Regional,Psychology,2.86,1,No,1,Media,Atlanta,Medium,JD,,80.0,8,55452,114144,10.0
GRAD_006861,2015,24,Female,White,Top 100,Computer Science,3.02,0,No,0,Consulting,Boston,Large,MBA,,40.0,9,125406,214380,4.6
GRAD_006862,2020,22,Male,White,Top 10,Chemistry,3.06,2,No,0,Government,Atlanta,Large,None,2.0,60.0,4,70395,95970,5.4
GRAD_006863,2017,20,Male,White,Top 100,Business,3.78,0,No,0,Media,San Francisco,Startup,None,1.0,0.0,7,109827,139248,4.2
GRAD_006864,2022,23,Female,Asian,Regional,Computer Science,3.13,0,,1,Technology,Washington DC,Large,None,2.0,60.0,2,128573,141383,7.7
GRAD_006865,2019,21,Female,Asian,Top 50,Psychology,3.72,2,No,0,Media,Philadelphia,Small,None,1.0,0.0,5,62076,74499,6.9
GRAD_006866,2022,22,Female,Asian,Top 100,Data Science,3.06,2,Yes,0,Manufacturing,Dallas,Large,PhD,3.0,0.0,2,99468,131266,5.0
GRAD_006867,2020,23,Male,White,Top 50,Communications,2.93,0,No,0,Consulting,Chicago,Startup,None,2.0,0.0,4,83748,101724,9.5
GRAD_006868,2020,22,Male,Asian,Top 50,Marketing,3.89,2,No,1,Retail,Miami,Fortune 500,None,2.0,0.0,4,82451,102805,7.0
GRAD_006869,2021,20,Male,Hispanic,Top 10,Liberal Arts,3.37,0,No,1,Education,Washington DC,Large,None,3.0,20.0,3,61230,77988,8.2
GRAD_006870,2018,22,Female,White,Top 100,Biology,3.06,1,No,3,Transportation,Boston,Medium,None,1.0,0.0,6,63805,87826,5.3
GRAD_006871,2023,23,Male,Hispanic,Regional,Biology,2.7,3,No,2,Healthcare,Seattle,Startup,None,1.0,60.0,1,90194,98175,3.7
GRAD_006872,2019,22,Female,Black,Top 50,Marketing,3.1,0,,1,Government,Los Angeles,Startup,None,3.0,0.0,5,83408,111679,5.0
GRAD_006873,2019,23,Female,Asian,Regional,Communications,3.94,2,Yes,3,Transportation,Denver,Fortune 500,None,3.0,20.0,5,68119,84904,4.6
GRAD_006874,2021,23,Male,Other,Top 100,Liberal Arts,3.17,1,No,0,Consulting,Washington DC,Fortune 500,Masters,2.0,0.0,3,84563,123955,5.8
GRAD_006875,2021,20,Female,White,Top 50,Biology,2.41,2,No,2,Energy,Dallas,Small,None,2.0,60.0,3,63902,79815,6.5
GRAD_006876,2023,24,Female,White,Top 100,Marketing,3.16,3,No,1,Real Estate,Miami,Small,None,2.0,20.0,1,81458,85751,7.0
GRAD_006877,2022,21,Female,Black,Top 100,Finance,3.58,2,Yes,3,Real Estate,Los Angeles,Small,None,0.0,40.0,2,96874,101550,7.4
GRAD_006878,2018,21,Female,White,Top 50,Data Science,3.2,0,No,1,Media,Denver,Medium,Masters,1.0,20.0,6,94275,158594,7.8
GRAD_006879,2016,21,Male,Asian,Top 10,Business,3.5,1,Yes,1,Finance,Denver,Large,None,3.0,40.0,8,132591,220278,6.5
GRAD_006880,2016,24,Male,White,Top 100,Marketing,3.44,1,No,0,Finance,Dallas,Fortune 500,Masters,1.0,80.0,8,74825,149144,7.1
GRAD_006881,2018,24,Female,White,Top 100,Economics,3.21,4,Yes,0,Energy,Denver,Startup,None,2.0,,6,98330,124847,7.7
GRAD_006882,2019,23,Female,White,Top 50,Computer Science,3.04,1,No,2,Non-profit,Boston,Medium,None,0.0,0.0,5,106800,121916,5.2
GRAD_006883,2021,21,Female,White,Regional,Computer Science,3.11,2,No,1,Consulting,Seattle,Large,None,0.0,80.0,3,150798,162526,7.2
GRAD_006884,2022,26,Other,Asian,Regional,Communications,3.13,3,No,0,Non-profit,New York,Small,MBA,2.0,80.0,2,65114,93937,7.7
GRAD_006885,2023,22,Female,White,Regional,Marketing,2.74,1,,1,Government,New York,Medium,None,3.0,0.0,1,86447,97529,3.5
GRAD_006886,2019,21,Female,White,Top 10,Mathematics,3.47,1,,2,Retail,Dallas,Medium,PhD,4.0,0.0,5,85908,128256,8.5
GRAD_006887,2020,24,Male,Hispanic,Regional,Business,3.06,0,Yes,1,Technology,New York,Medium,None,2.0,20.0,4,121210,154648,5.8
GRAD_006888,2020,22,Male,Asian,Regional,Finance,3.69,2,No,2,Manufacturing,Austin,Medium,None,2.0,0.0,4,92126,119461,8.2
GRAD_006889,2020,25,Male,Asian,Regional,Psychology,3.75,2,Yes,0,Real Estate,Washington DC,Startup,Masters,0.0,20.0,4,81441,113322,9.2
GRAD_006890,2016,21,Male,White,Regional,Communications,3.15,0,Yes,0,Real Estate,San Francisco,Medium,MD,1.0,0.0,8,81921,181839,4.7
GRAD_006891,2016,22,Female,White,Top 10,Data Science,3.29,4,No,2,Transportation,Seattle,Medium,None,2.0,0.0,8,161458,259040,7.9
GRAD_006892,2023,24,Male,White,Regional,Computer Science,3.11,1,No,1,Consulting,Dallas,Small,Masters,1.0,20.0,1,94544,115141,7.5
GRAD_006893,2021,23,Female,White,Top 100,Marketing,2.76,0,Yes,1,Healthcare,Atlanta,Large,MBA,0.0,0.0,3,70519,95900,5.1
GRAD_006894,2021,22,Female,White,Top 50,Computer Science,3.1,1,No,1,Media,Los Angeles,Large,None,1.0,20.0,3,111433,124768,6.2
GRAD_006895,2022,21,Male,Asian,Regional,Finance,3.3,1,Yes,1,Non-profit,Boston,Medium,Masters,1.0,20.0,2,77781,104910,7.2
GRAD_006896,2016,20,Male,White,Top 100,Finance,3.49,2,Yes,0,Consulting,Boston,Medium,None,3.0,0.0,8,109404,179264,6.8
GRAD_006897,2019,20,Male,White,Top 50,Business,3.93,0,No,0,Technology,Dallas,Medium,None,5.0,40.0,5,124941,168882,7.3
GRAD_006898,2017,23,Female,White,Top 100,Business,3.08,3,No,0,Healthcare,Philadelphia,Large,MD,5.0,80.0,7,74463,163208,6.7
GRAD_006899,2021,23,Male,White,Top 100,Engineering,3.0,3,No,0,Healthcare,Phoenix,Medium,None,3.0,20.0,3,92891,119765,7.1
GRAD_006900,2017,23,Female,Black,Top 50,Computer Science,3.61,1,Yes,0,Retail,Seattle,Small,None,3.0,0.0,7,128331,157187,8.2
GRAD_006901,2021,20,Male,Black,Regional,Chemistry,2.34,2,No,2,Retail,Denver,Large,None,1.0,80.0,3,63545,74058,8.8
GRAD_006902,2019,22,Male,Hispanic,Top 100,Computer Science,2.95,4,No,3,Technology,Los Angeles,Medium,None,2.0,40.0,5,172467,227829,9.8
GRAD_006903,2019,22,Male,Asian,Top 100,Marketing,3.69,2,No,2,Manufacturing,Chicago,Large,Masters,1.0,40.0,5,71571,99052,7.2
GRAD_006904,2022,24,Male,Other,Top 50,Economics,2.97,2,No,1,Manufacturing,Los Angeles,Small,None,4.0,20.0,2,101717,125353,9.9
GRAD_006905,2018,23,Male,White,Top 100,Psychology,3.11,3,No,2,Manufacturing,New York,Medium,Masters,1.0,40.0,6,79926,119380,6.1
GRAD_006906,2017,22,Male,White,Top 50,Biology,3.3,1,No,0,Energy,Washington DC,Small,PhD,1.0,0.0,7,103871,172738,7.7
GRAD_006907,2022,21,Female,White,Top 100,Liberal Arts,3.54,0,No,1,Non-profit,Miami,Small,MBA,4.0,100.0,2,49639,75314,6.0
GRAD_006908,2021,23,Male,White,Top 50,Chemistry,3.28,1,Yes,1,Technology,Philadelphia,Large,None,0.0,80.0,3,100475,117302,7.6
GRAD_006909,2019,22,Female,Asian,Top 50,Business,3.28,1,Yes,0,Non-profit,Boston,Large,Masters,0.0,0.0,5,82800,109641,5.2
GRAD_006910,2019,20,Male,White,Top 50,Economics,3.18,3,No,1,Media,Portland,Large,Masters,1.0,0.0,5,80297,110797,7.7
GRAD_006911,2018,21,Male,White,Top 100,Computer Science,3.2,1,Yes,1,Government,Atlanta,Fortune 500,MD,3.0,0.0,6,97776,206886,5.3
GRAD_006912,2020,23,Male,Black,Regional,Engineering,3.0,2,Yes,0,Real Estate,Miami,Small,None,1.0,60.0,4,85208,110681,7.6
GRAD_006913,2016,23,Male,Other,Top 100,Business,2.94,3,Yes,0,Real Estate,Denver,Small,None,4.0,20.0,8,94664,171118,8.7
GRAD_006914,2023,20,Female,White,Top 100,Data Science,3.74,2,Yes,0,Retail,Boston,Startup,Masters,2.0,40.0,1,104812,127895,4.6
GRAD_006915,2020,22,Male,White,Top 100,Business,3.06,1,No,1,Retail,Boston,Large,MBA,4.0,20.0,4,86603,150865,7.4
GRAD_006916,2019,20,Female,White,Regional,Engineering,3.22,0,No,1,Finance,Washington DC,Large,None,2.0,60.0,5,135645,174066,8.5
GRAD_006917,2020,23,Male,Black,Top 50,Engineering,3.64,0,No,0,Real Estate,Los Angeles,Medium,Masters,3.0,20.0,4,115998,162810,6.1
GRAD_006918,2016,23,Male,White,Regional,Finance,2.57,0,Yes,3,Education,Austin,Small,MBA,3.0,20.0,8,68407,153229,8.4
GRAD_006919,2015,20,Female,White,Top 50,Engineering,2.77,0,No,0,Non-profit,Philadelphia,Medium,Masters,1.0,40.0,9,72784,126780,7.3
GRAD_006920,2020,22,Male,Hispanic,Regional,Engineering,3.29,2,,0,Transportation,Phoenix,Medium,None,3.0,0.0,4,79132,99138,6.6
GRAD_006921,2015,23,Female,White,Regional,Finance,3.3,4,No,2,Non-profit,Seattle,Small,MBA,4.0,20.0,9,79623,150821,10.0
GRAD_006922,2021,24,Male,Black,Top 100,Biology,2.75,0,No,0,Energy,Miami,Fortune 500,None,1.0,0.0,3,69518,81822,5.8
GRAD_006923,2022,21,Male,Asian,Top 100,Mathematics,2.65,4,No,1,Real Estate,Atlanta,Fortune 500,Masters,0.0,20.0,2,84273,109378,4.9
GRAD_006924,2023,24,Female,White,Top 100,Communications,2.77,2,No,1,Non-profit,San Francisco,Medium,PhD,2.0,80.0,1,57313,72174,3.9
GRAD_006925,2022,22,Female,Hispanic,Regional,Psychology,3.4,2,No,0,Education,Boston,Fortune 500,Masters,2.0,60.0,2,64387,84584,5.6
GRAD_006926,2023,21,Female,White,Top 10,Psychology,3.57,0,No,1,Consulting,Seattle,Medium,Masters,6.0,40.0,1,122619,157632,9.4
GRAD_006927,2015,22,Female,White,Regional,Finance,3.36,2,No,0,Real Estate,Seattle,Fortune 500,Masters,0.0,,9,103559,160119,7.3
GRAD_006928,2020,23,Female,Asian,Top 50,Mathematics,2.66,1,Yes,0,Consulting,Phoenix,Medium,JD,3.0,0.0,4,80082,131840,7.1
GRAD_006929,2016,23,Female,White,Regional,Mathematics,2.85,1,No,1,Retail,Los Angeles,Large,None,1.0,0.0,8,74624,116888,7.0
GRAD_006930,2017,23,Female,White,Regional,Business,3.23,0,No,2,Education,Los Angeles,Medium,None,2.0,20.0,7,58509,80449,5.3
GRAD_006931,2021,21,Male,Asian,Top 100,Business,3.29,1,No,1,Media,San Francisco,Large,MD,1.0,0.0,3,105013,188342,6.1
GRAD_006932,2017,22,Female,Asian,Regional,Economics,3.09,4,No,1,Retail,Phoenix,Medium,PhD,3.0,,7,72200,111509,6.6
GRAD_006933,2017,22,Female,White,Top 50,Data Science,3.17,1,No,1,Education,Dallas,Large,None,4.0,60.0,7,68233,100927,5.9
GRAD_006934,2018,22,Male,Hispanic,Regional,Data Science,3.4,1,No,0,Government,Seattle,Startup,None,0.0,100.0,6,102710,143613,6.7
GRAD_006935,2016,21,Female,White,Regional,Data Science,4.0,2,Yes,2,Healthcare,Boston,Medium,Masters,1.0,20.0,8,124735,230011,9.2
GRAD_006936,2016,24,Female,White,Top 50,Mathematics,3.66,1,No,1,Energy,Denver,Fortune 500,None,3.0,0.0,8,99255,133439,5.1
GRAD_006937,2016,22,Male,White,Top 100,Business,3.17,0,No,1,Consulting,Boston,Medium,Masters,1.0,80.0,8,118501,205949,7.1
GRAD_006938,2017,22,Male,White,Regional,Communications,3.24,2,No,1,Manufacturing,Seattle,Large,None,1.0,0.0,7,63800,96290,5.1
GRAD_006939,2022,23,Female,White,Top 10,Data Science,3.26,2,No,2,Technology,Seattle,Fortune 500,MBA,0.0,40.0,2,183015,229826,7.0
GRAD_006940,2018,24,Male,White,Regional,Liberal Arts,3.1,0,No,1,Technology,Dallas,Small,None,1.0,40.0,6,72970,110334,6.6
GRAD_006941,2018,22,Female,Black,Regional,Liberal Arts,3.74,2,No,2,Technology,Portland,Fortune 500,MD,1.0,80.0,6,81351,181359,10.0
GRAD_006942,2016,22,Female,Asian,Top 100,Psychology,3.74,0,No,0,Consulting,Boston,Fortune 500,None,2.0,100.0,8,94974,118364,6.8
GRAD_006943,2015,23,Female,White,Top 100,Finance,3.38,1,Yes,2,Education,Washington DC,Large,JD,0.0,20.0,9,70195,116518,7.1
GRAD_006944,2016,25,Male,Asian,Top 50,Data Science,3.83,1,No,2,Transportation,Dallas,Large,MBA,1.0,0.0,8,106419,201482,7.8
GRAD_006945,2021,24,Female,White,Top 50,Communications,3.11,1,Yes,0,Government,Chicago,Large,Masters,3.0,0.0,3,66233,87185,5.3
GRAD_006946,2023,21,Male,White,Regional,Engineering,3.48,1,No,1,Consulting,Portland,Large,Masters,1.0,20.0,1,97797,120617,6.8
GRAD_006947,2021,23,Male,Asian,Regional,Economics,3.74,0,Yes,1,Education,Seattle,Fortune 500,None,1.0,60.0,3,78374,88746,9.4
GRAD_006948,2022,22,Female,White,Top 10,Psychology,3.51,3,No,4,Retail,Dallas,Small,None,1.0,80.0,2,63416,69324,5.2
GRAD_006949,2022,24,Male,Hispanic,Regional,Business,3.88,0,No,0,Energy,Boston,Large,None,1.0,20.0,2,111254,124479,6.5
GRAD_006950,2018,25,Female,Asian,Top 50,Business,3.48,3,No,2,Real Estate,Los Angeles,Small,MBA,1.0,100.0,6,115809,184125,4.8
GRAD_006951,2021,20,Female,White,Regional,Engineering,3.24,1,No,0,Technology,New York,Small,None,0.0,40.0,3,147534,164288,8.8
GRAD_006952,2022,22,Male,Hispanic,Top 100,Political Science,2.91,3,No,0,Retail,Washington DC,Fortune 500,Masters,1.0,60.0,2,59969,78128,3.7
GRAD_006953,2017,21,Male,White,Top 100,Data Science,3.14,0,Yes,1,Government,Philadelphia,Small,None,2.0,20.0,7,92478,146927,5.1
GRAD_006954,2023,21,Female,Asian,Top 100,Economics,3.6,1,Yes,2,Finance,Austin,Fortune 500,None,1.0,0.0,1,122922,130000,7.1
GRAD_006955,2023,21,Male,White,Top 10,Data Science,3.65,1,No,0,Energy,New York,Fortune 500,None,0.0,20.0,1,205817,212318,5.2
GRAD_006956,2020,21,Male,Hispanic,Regional,Psychology,2.59,0,Yes,0,Real Estate,Denver,Small,None,1.0,0.0,4,66275,86270,5.3
GRAD_006957,2018,22,Male,White,Regional,Marketing,3.11,2,No,2,Energy,San Francisco,Fortune 500,None,2.0,20.0,6,108309,158832,7.7
GRAD_006958,2018,21,Female,White,Top 100,Computer Science,3.46,3,No,1,Retail,Seattle,Small,Masters,3.0,,6,106499,149038,3.4
GRAD_006959,2020,20,Male,White,Regional,Business,3.37,0,No,2,Retail,Seattle,Fortune 500,Masters,3.0,20.0,4,76158,109210,8.0
GRAD_006960,2015,22,Male,Asian,Top 100,Business,3.03,1,,0,Government,Los Angeles,Fortune 500,Masters,3.0,60.0,9,92545,188412,7.1
GRAD_006961,2018,24,Male,Asian,Regional,Liberal Arts,3.83,0,No,0,Education,Atlanta,Large,None,1.0,60.0,6,46079,67482,4.0
GRAD_006962,2015,21,Female,Other,Top 100,Computer Science,3.61,1,No,0,Transportation,Los Angeles,Small,Masters,,40.0,9,112681,190698,7.1
GRAD_006963,2021,20,Male,Asian,Regional,Finance,4.0,1,No,0,Healthcare,Chicago,Small,None,3.0,0.0,3,92366,111441,7.9
GRAD_006964,2020,22,Male,White,Regional,Political Science,3.18,2,Yes,2,Government,Phoenix,Large,PhD,1.0,20.0,4,57395,80879,4.3
GRAD_006965,2020,24,Female,White,Top 100,Liberal Arts,2.75,2,No,1,Technology,Portland,Small,Masters,2.0,60.0,4,93303,123823,9.1
GRAD_006966,2016,22,Male,White,Regional,Business,3.35,2,No,1,Media,Philadelphia,Medium,Masters,1.0,80.0,8,58961,113984,6.5
GRAD_006967,2023,21,Male,White,Top 50,Business,4.0,2,Yes,1,Consulting,Phoenix,Small,None,1.0,20.0,1,101719,107793,7.8
GRAD_006968,2020,20,Male,White,Regional,Engineering,3.37,2,Yes,0,Energy,Phoenix,Small,Masters,1.0,60.0,4,89927,120691,7.4
GRAD_006969,2020,23,Male,Other,Top 10,Liberal Arts,3.51,0,No,0,Energy,Washington DC,Medium,Masters,3.0,20.0,4,81805,121046,7.1
GRAD_006970,2020,22,Male,White,Regional,Communications,3.47,0,No,1,Retail,San Francisco,Fortune 500,None,3.0,0.0,4,73134,104493,8.1
GRAD_006971,2020,21,Male,Hispanic,Regional,Political Science,2.84,3,No,0,Non-profit,Los Angeles,Medium,None,1.0,20.0,4,59710,72539,6.1
GRAD_006972,2023,21,Male,White,Regional,Finance,2.97,0,Yes,2,Education,Chicago,Medium,None,3.0,0.0,1,72637,85202,5.8
GRAD_006973,2020,22,Male,White,Regional,Psychology,3.1,3,No,1,Technology,Phoenix,Fortune 500,None,3.0,20.0,4,79426,100930,7.2
GRAD_006974,2019,22,Male,White,Top 50,Marketing,3.2,1,,1,Government,Dallas,Fortune 500,None,0.0,0.0,5,71937,100256,7.7
GRAD_006975,2022,22,Female,Asian,Top 100,Chemistry,3.65,0,No,0,Retail,Dallas,Fortune 500,MD,2.0,0.0,2,48651,84390,4.3
GRAD_006976,2017,21,Male,White,Top 100,Economics,3.03,0,No,0,Retail,New York,Large,Masters,2.0,20.0,7,95177,166467,6.4
GRAD_006977,2017,20,Female,Hispanic,Regional,Business,2.44,2,No,2,Government,Dallas,Startup,None,1.0,0.0,7,51989,81376,6.4
GRAD_006978,2019,21,Male,White,Top 100,Marketing,3.0,2,No,2,Non-profit,Atlanta,Small,Masters,2.0,80.0,5,49030,81890,5.5
GRAD_006979,2015,22,Female,White,Top 100,Marketing,3.14,1,,1,Consulting,Miami,Large,None,2.0,0.0,9,88320,115075,8.9
GRAD_006980,2018,23,Female,Hispanic,Regional,Political Science,3.77,0,No,2,Finance,Dallas,Small,MBA,2.0,0.0,6,68545,103651,5.5
GRAD_006981,2019,24,Female,White,Regional,Finance,3.01,2,No,3,Consulting,Philadelphia,Large,Masters,3.0,100.0,5,100970,162307,7.9
GRAD_006982,2020,21,Female,Other,Regional,Communications,2.14,0,Yes,1,Retail,Austin,Medium,MD,0.0,0.0,4,44555,76447,6.2
GRAD_006983,2020,23,Female,White,Top 100,Business,2.97,0,No,1,Real Estate,Atlanta,Medium,None,1.0,60.0,4,82538,96382,4.0
GRAD_006984,2018,20,Female,Hispanic,Regional,Mathematics,3.31,1,,0,Real Estate,Phoenix,Startup,None,2.0,,6,71441,92192,3.4
GRAD_006985,2018,23,Female,White,Regional,Liberal Arts,2.48,1,Yes,1,Retail,Portland,Small,MBA,0.0,0.0,6,50596,80580,5.3
GRAD_006986,2015,20,Female,Asian,Top 50,Marketing,3.5,2,Yes,0,Non-profit,Miami,Medium,Masters,0.0,40.0,9,62887,112143,5.8
GRAD_006987,2023,20,Male,White,Top 10,Data Science,3.46,2,No,1,Consulting,Washington DC,Medium,None,2.0,20.0,1,160054,172755,8.8
GRAD_006988,2017,23,Male,White,Top 100,Communications,3.31,0,No,0,Healthcare,Dallas,Large,None,4.0,20.0,7,54003,98392,3.3
GRAD_006989,2018,22,Female,White,Top 50,Business,3.47,1,No,1,Healthcare,Denver,Small,None,2.0,60.0,6,84972,115335,7.2
GRAD_006990,2015,22,Male,White,Top 50,Economics,3.14,1,No,1,Finance,Miami,Small,MBA,0.0,40.0,9,116613,240208,5.4
GRAD_006991,2023,20,Female,White,Regional,Economics,3.07,1,No,2,Non-profit,Portland,Medium,None,1.0,20.0,1,55638,58362,5.2
GRAD_006992,2019,23,Other,Hispanic,Top 100,Economics,3.08,2,Yes,4,Media,Miami,Small,None,0.0,0.0,5,77591,105448,8.8
GRAD_006993,2015,22,Male,Asian,Top 10,Data Science,3.19,0,,1,Non-profit,Phoenix,Large,Masters,0.0,0.0,9,75953,151908,7.9
GRAD_006994,2017,23,Female,White,Top 100,Engineering,4.0,1,Yes,0,Transportation,Miami,Fortune 500,None,5.0,0.0,7,105376,162902,7.5
GRAD_006995,2022,20,Female,White,Top 50,Engineering,3.03,4,No,1,Media,Dallas,Fortune 500,MBA,4.0,,2,102333,147808,9.1
GRAD_006996,2018,23,Female,Asian,Top 100,Political Science,3.57,0,No,0,Technology,Denver,Small,None,2.0,20.0,6,73037,93028,7.8
GRAD_006997,2021,21,Female,Hispanic,Top 10,Communications,2.96,1,No,2,Transportation,New York,Large,Masters,2.0,100.0,3,93396,127988,7.0
GRAD_006998,2020,22,Male,White,Top 10,Chemistry,3.29,1,No,1,Consulting,Denver,Fortune 500,None,6.0,40.0,4,109555,160397,9.1
GRAD_006999,2019,22,Male,Asian,Top 50,Business,3.27,3,Yes,2,Retail,Chicago,Medium,None,2.0,60.0,5,68426,91038,2.2
GRAD_007000,2022,21,Female,Asian,Regional,Data Science,2.11,1,No,0,Finance,Seattle,Large,Masters,,,2,116971,146133,9.5
GRAD_007001,2015,21,Female,Other,Regional,Business,3.34,5,No,1,Manufacturing,Portland,Fortune 500,None,1.0,20.0,9,81044,132707,6.5
GRAD_007002,2023,21,Female,Asian,Top 100,Liberal Arts,3.05,1,No,1,Healthcare,Atlanta,Medium,JD,1.0,0.0,1,71127,97441,4.7
GRAD_007003,2021,21,Female,Asian,Top 50,Communications,2.69,2,Yes,2,Education,Dallas,Fortune 500,Masters,2.0,0.0,3,55178,74599,9.6
GRAD_007004,2022,21,Female,Hispanic,Regional,Business,3.38,1,No,0,Non-profit,New York,Fortune 500,Masters,,,2,79318,104416,9.5
GRAD_007005,2015,23,Female,White,Regional,Chemistry,3.67,1,Yes,2,Education,Boston,Startup,None,2.0,60.0,9,68802,92118,7.0
GRAD_007006,2016,21,Male,White,Top 50,Psychology,3.31,1,Yes,1,Technology,Miami,Startup,None,1.0,60.0,8,78623,123130,7.5
GRAD_007007,2017,23,Male,White,Top 50,Liberal Arts,3.66,2,Yes,3,Media,Los Angeles,Startup,Masters,0.0,,7,73418,117494,6.6
GRAD_007008,2020,27,Female,White,Top 10,Engineering,4.0,1,No,0,Energy,Philadelphia,Medium,MD,2.0,40.0,4,139655,246914,7.8
GRAD_007009,2016,22,Male,White,Regional,Engineering,3.28,1,Yes,1,Media,New York,Large,MBA,3.0,0.0,8,100619,223738,8.1
GRAD_007010,2023,20,Female,Asian,Regional,Communications,3.38,0,No,1,Retail,New York,Small,None,0.0,40.0,1,64419,64036,5.2
GRAD_007011,2021,25,Male,White,Top 10,Business,3.41,1,No,3,Consulting,Boston,Large,PhD,1.0,80.0,3,150623,209382,4.3
GRAD_007012,2022,23,Male,White,Top 50,Finance,3.59,2,No,0,Media,Los Angeles,Fortune 500,Masters,1.0,60.0,2,113653,142744,5.7
GRAD_007013,2020,22,Female,White,Top 50,Engineering,3.05,2,No,1,Healthcare,Washington DC,Large,Masters,3.0,,4,126597,180770,6.8
GRAD_007014,2021,21,Male,White,Top 50,Data Science,3.67,2,Yes,0,Media,Denver,Large,MBA,0.0,0.0,3,113003,156773,6.4
GRAD_007015,2017,20,Male,White,Regional,Psychology,3.67,1,No,0,Manufacturing,Portland,Medium,None,1.0,60.0,7,60312,99210,5.5
GRAD_007016,2023,21,Male,Asian,Top 50,Liberal Arts,3.42,4,No,1,Education,San Francisco,Large,None,2.0,,1,90353,99201,4.6
GRAD_007017,2021,21,Male,White,Top 100,Marketing,3.82,2,Yes,2,Finance,Washington DC,Medium,None,2.0,40.0,3,97156,115850,4.9
GRAD_007018,2019,21,Other,Asian,Top 10,Business,3.67,2,No,0,Retail,Washington DC,Small,None,0.0,60.0,5,97931,123996,7.8
GRAD_007019,2023,23,Female,White,Regional,Data Science,2.92,2,No,0,Media,Austin,Large,MBA,1.0,20.0,1,90441,117315,4.7
GRAD_007020,2022,23,Female,Asian,Top 50,Data Science,3.31,0,No,2,Technology,Phoenix,Medium,Masters,1.0,0.0,2,136180,172531,7.5
GRAD_007021,2015,22,Female,White,Top 50,Communications,3.59,2,No,0,Government,Miami,Medium,None,2.0,100.0,9,59750,83526,7.3
GRAD_007022,2023,23,Male,White,Regional,Marketing,3.67,0,No,4,Transportation,Chicago,Medium,None,2.0,0.0,1,56553,65621,6.2
GRAD_007023,2018,25,Female,White,Top 10,Economics,2.4,1,No,1,Retail,Portland,Fortune 500,None,0.0,60.0,6,79676,93827,7.3
GRAD_007024,2019,21,Male,Hispanic,Top 50,Chemistry,3.26,1,No,0,Transportation,Boston,Medium,None,2.0,80.0,5,87029,126672,6.7
GRAD_007025,2016,20,Male,Other,Top 100,Psychology,3.73,0,No,1,Media,Washington DC,Startup,None,1.0,60.0,8,77599,123320,6.4
GRAD_007026,2022,23,Male,White,Top 100,Biology,3.66,2,No,0,Finance,Seattle,Small,None,4.0,40.0,2,103755,128165,9.0
GRAD_007027,2020,21,Female,White,Regional,Business,2.77,2,Yes,1,Education,Austin,Small,MBA,2.0,20.0,4,69245,112818,9.8
GRAD_007028,2023,21,Male,Hispanic,Top 50,Finance,2.98,1,No,3,Consulting,Chicago,Large,MBA,0.0,0.0,1,112584,146594,6.8
GRAD_007029,2022,22,Male,White,Top 100,Engineering,3.44,0,No,0,Real Estate,Washington DC,Small,None,,60.0,2,96473,112525,7.8
GRAD_007030,2023,24,Female,White,Top 50,Liberal Arts,3.26,6,No,0,Transportation,Washington DC,Fortune 500,MBA,1.0,60.0,1,88745,115031,8.3
GRAD_007031,2023,22,Male,White,Regional,Mathematics,3.22,0,No,1,Non-profit,New York,Medium,Masters,1.0,0.0,1,81348,101562,7.8
GRAD_007032,2023,20,Female,White,Top 100,Engineering,3.31,2,No,0,Government,Philadelphia,Medium,PhD,0.0,,1,78853,91365,6.3
GRAD_007033,2017,23,Male,White,Top 50,Business,3.22,3,No,3,Energy,Phoenix,Large,MBA,3.0,20.0,7,89223,170058,6.4
GRAD_007034,2015,22,Female,Black,Regional,Marketing,3.18,3,No,1,Finance,Phoenix,Large,None,2.0,20.0,9,83639,146294,5.8
GRAD_007035,2021,21,Male,White,Top 50,Biology,3.51,2,No,0,Retail,Atlanta,Fortune 500,None,,20.0,3,52423,59168,6.8
GRAD_007036,2016,20,Male,Asian,Regional,Business,3.58,0,No,0,Government,Phoenix,Large,MBA,4.0,20.0,8,51939,117407,9.3
GRAD_007037,2022,21,Male,White,Top 50,Political Science,3.33,3,No,1,Government,Philadelphia,Fortune 500,Masters,1.0,0.0,2,59410,80828,4.8
GRAD_007038,2023,20,Male,White,Regional,Engineering,3.76,4,No,0,Manufacturing,Austin,Medium,None,3.0,20.0,1,120738,135122,7.2
GRAD_007039,2016,20,Male,Asian,Regional,Chemistry,3.1,1,No,2,Manufacturing,Phoenix,Small,None,4.0,40.0,8,59276,88401,7.9
GRAD_007040,2017,20,Male,White,Top 10,Political Science,3.33,1,No,1,Retail,Miami,Startup,Masters,3.0,0.0,7,56314,103515,4.7
GRAD_007041,2021,20,Female,White,Top 50,Biology,3.23,1,No,1,Government,Denver,Large,JD,,20.0,3,81350,123441,2.9
GRAD_007042,2021,23,Female,White,Regional,Business,2.79,2,No,0,Manufacturing,Austin,Small,None,2.0,40.0,3,84410,105153,6.3
GRAD_007043,2020,22,Female,Black,Top 10,Chemistry,3.5,4,No,2,Government,Los Angeles,Large,Masters,0.0,60.0,4,97678,138296,8.5
GRAD_007044,2018,23,Male,Black,Top 100,Psychology,3.7,0,Yes,3,Finance,Seattle,Fortune 500,None,1.0,80.0,6,100274,150730,7.5
GRAD_007045,2018,22,Female,White,Top 50,Psychology,3.59,1,No,2,Retail,Austin,Large,None,,20.0,6,66056,83276,3.7
GRAD_007046,2021,20,Male,White,Top 100,Computer Science,3.39,3,Yes,0,Transportation,Atlanta,Large,None,1.0,60.0,3,101385,119399,6.2
GRAD_007047,2021,21,Other,Asian,Top 10,Biology,2.77,1,No,0,Retail,Denver,Fortune 500,None,2.0,0.0,3,68063,88753,8.8
GRAD_007048,2018,22,Female,White,Top 50,Business,3.54,1,No,0,Government,Boston,Large,None,0.0,0.0,6,98033,129803,5.9
GRAD_007049,2018,22,Female,White,Top 50,Economics,3.94,1,Yes,4,Retail,Chicago,Startup,None,0.0,20.0,6,97598,130615,9.3
GRAD_007050,2019,23,Female,White,Top 50,Computer Science,3.26,1,Yes,0,Transportation,Washington DC,Medium,None,1.0,0.0,5,132066,170205,8.4
GRAD_007051,2019,23,Male,Other,Top 100,Business,3.34,0,No,1,Real Estate,Washington DC,Small,Masters,1.0,100.0,5,80498,120801,5.0
GRAD_007052,2022,23,Female,White,Top 50,Engineering,3.74,2,Yes,1,Transportation,Seattle,Medium,None,3.0,60.0,2,128409,142439,7.4
GRAD_007053,2019,25,Male,White,Regional,Communications,3.33,3,No,2,Non-profit,New York,Large,MBA,2.0,0.0,5,57763,96078,5.0
GRAD_007054,2023,23,Female,White,Top 100,Engineering,3.24,1,Yes,0,Transportation,Washington DC,Small,None,5.0,40.0,1,99032,110883,10.0
GRAD_007055,2018,21,Male,Asian,Top 100,Economics,3.3,2,Yes,1,Manufacturing,San Francisco,Large,None,2.0,20.0,6,108821,139283,7.5
GRAD_007056,2021,24,Male,White,Top 50,Psychology,3.58,2,No,0,Energy,Los Angeles,Medium,JD,4.0,0.0,3,107321,170628,8.6
GRAD_007057,2022,20,Male,Asian,Top 50,Computer Science,3.62,2,No,2,Real Estate,Washington DC,Medium,None,3.0,100.0,2,146969,170286,6.1
GRAD_007058,2021,23,Female,White,Top 100,Psychology,2.55,3,No,1,Consulting,Los Angeles,Medium,None,3.0,40.0,3,89633,106335,6.2
GRAD_007059,2018,22,Female,Black,Top 100,Finance,3.54,1,No,5,Finance,Washington DC,Fortune 500,Masters,0.0,40.0,6,126183,173887,5.4
GRAD_007060,2017,21,Female,White,Regional,Engineering,3.35,1,,2,Education,Boston,Medium,Masters,,40.0,7,77449,115658,7.0
GRAD_007061,2020,22,Female,Black,Regional,Marketing,3.02,2,Yes,2,Consulting,San Francisco,Small,None,4.0,20.0,4,120940,162095,7.5
GRAD_007062,2021,22,Male,Asian,Top 100,Psychology,3.8,1,No,5,Media,Philadelphia,Medium,None,,40.0,3,54009,69794,5.6
GRAD_007063,2017,20,Male,Black,Top 10,Data Science,3.53,2,No,0,Retail,New York,Large,None,3.0,60.0,7,122979,203484,6.6
GRAD_007064,2018,22,Female,White,Top 100,Biology,2.84,3,,0,Education,Washington DC,Medium,MBA,1.0,100.0,6,54601,85403,8.5
GRAD_007065,2022,20,Female,White,Top 100,Computer Science,3.56,4,No,1,Non-profit,Miami,Medium,None,4.0,60.0,2,92419,104839,6.5
GRAD_007066,2022,22,Male,White,Regional,Psychology,3.71,1,Yes,0,Finance,Philadelphia,Medium,None,1.0,20.0,2,88225,102699,8.3
GRAD_007067,2017,22,Female,White,Regional,Liberal Arts,3.03,0,No,0,Education,Dallas,Fortune 500,None,1.0,20.0,7,43318,54231,5.5
GRAD_007068,2023,23,Male,Black,Top 100,Biology,3.38,0,No,3,Non-profit,Seattle,Small,MBA,3.0,60.0,1,52377,77300,5.9
GRAD_007069,2021,20,Female,Hispanic,Top 50,Psychology,3.27,1,No,1,Media,Boston,Large,PhD,3.0,20.0,3,76476,113978,10.0
GRAD_007070,2019,21,Male,Asian,Regional,Chemistry,3.31,1,No,2,Education,Seattle,Large,Masters,1.0,0.0,5,64433,96320,5.7
GRAD_007071,2017,22,Male,White,Top 50,Data Science,3.19,1,No,1,Government,Seattle,Startup,MBA,3.0,20.0,7,125912,241766,5.0
GRAD_007072,2021,26,Female,White,Top 100,Psychology,3.15,2,No,1,Media,New York,Medium,None,0.0,60.0,3,89729,102688,8.2
GRAD_007073,2023,22,Male,Asian,Regional,Communications,3.52,0,No,0,Transportation,Portland,Fortune 500,None,5.0,0.0,1,50903,68784,5.6
GRAD_007074,2015,21,Female,Asian,Top 100,Mathematics,3.34,2,Yes,3,Education,Atlanta,Medium,Masters,3.0,20.0,9,66485,124196,7.9
GRAD_007075,2020,23,Female,White,Top 50,Engineering,3.57,1,No,3,Energy,Austin,Large,MD,2.0,0.0,4,117456,207972,6.7
GRAD_007076,2022,21,Female,Hispanic,Top 100,Marketing,3.68,2,Yes,1,Media,New York,Small,None,1.0,80.0,2,84967,92487,5.2
GRAD_007077,2023,23,Female,White,Regional,Business,3.86,1,No,2,Consulting,Atlanta,Large,None,3.0,60.0,1,93553,101167,6.5
GRAD_007078,2015,22,Male,White,Regional,Chemistry,3.03,0,,1,Energy,Los Angeles,Fortune 500,None,1.0,20.0,9,95657,153037,7.7
GRAD_007079,2022,24,Female,Asian,Top 50,Biology,3.76,1,Yes,0,Education,New York,Startup,Masters,,60.0,2,72633,105997,7.2
GRAD_007080,2018,23,Male,Hispanic,Top 50,Liberal Arts,3.46,0,No,3,Technology,Phoenix,Fortune 500,PhD,1.0,0.0,6,67333,108187,7.8
GRAD_007081,2020,21,Male,Asian,Regional,Economics,3.37,2,No,3,Media,Philadelphia,Medium,None,2.0,20.0,4,73739,99845,4.0
GRAD_007082,2022,20,Female,Black,Regional,Data Science,3.41,0,No,4,Consulting,San Francisco,Small,None,1.0,0.0,2,157641,170504,5.1
GRAD_007083,2020,20,Male,Black,Top 10,Data Science,3.25,2,No,0,Education,Philadelphia,Small,None,2.0,20.0,4,84438,107614,10.0
GRAD_007084,2016,22,Male,Hispanic,Regional,Liberal Arts,2.74,4,,0,Consulting,Philadelphia,Small,None,1.0,80.0,8,74895,110056,7.7
GRAD_007085,2020,22,Female,White,Top 50,Engineering,3.59,1,No,0,Manufacturing,Seattle,Small,Masters,4.0,40.0,4,119916,175312,8.3
GRAD_007086,2016,22,Female,Asian,Top 100,Business,3.5,0,No,0,Technology,Boston,Medium,None,3.0,20.0,8,130501,195423,9.0
GRAD_007087,2018,22,Male,White,Top 100,Data Science,3.41,2,Yes,0,Consulting,Chicago,Small,MD,0.0,0.0,6,136811,286116,6.6
GRAD_007088,2020,21,Female,White,Top 50,Mathematics,2.79,2,No,1,Government,Miami,Small,MBA,3.0,40.0,4,86855,145936,6.4
GRAD_007089,2023,22,Female,Asian,Regional,Computer Science,3.36,1,No,3,Technology,Atlanta,Startup,None,4.0,40.0,1,116573,129345,7.9
GRAD_007090,2021,22,Female,Black,Top 50,Finance,3.46,0,,1,Media,Miami,Small,Masters,3.0,80.0,3,80600,113787,9.7
GRAD_007091,2018,20,Female,White,Top 50,Chemistry,3.95,3,No,1,Healthcare,San Francisco,Large,Masters,2.0,0.0,6,141913,198532,6.6
GRAD_007092,2022,21,Female,White,Regional,Chemistry,3.43,1,Yes,0,Healthcare,Miami,Large,MD,4.0,20.0,2,63945,113580,7.8
GRAD_007093,2017,23,Male,White,Regional,Psychology,2.69,2,Yes,0,Manufacturing,Seattle,Fortune 500,None,1.0,40.0,7,72835,106681,8.9
GRAD_007094,2019,23,Female,White,Regional,Chemistry,3.48,1,Yes,0,Real Estate,Philadelphia,Large,MBA,2.0,60.0,5,76932,133631,9.0
GRAD_007095,2021,21,Male,Asian,Top 100,Finance,3.71,2,Yes,0,Non-profit,Denver,Fortune 500,Masters,2.0,80.0,3,71598,100108,8.4
GRAD_007096,2019,23,Female,Asian,Top 100,Communications,3.18,1,No,1,Energy,Los Angeles,Medium,None,2.0,,5,80970,94643,5.9
GRAD_007097,2021,21,Female,Asian,Top 10,Liberal Arts,2.76,1,No,5,Transportation,Philadelphia,Fortune 500,None,1.0,0.0,3,70768,83251,7.6
GRAD_007098,2021,21,Female,White,Top 100,Engineering,3.96,0,No,1,Consulting,Washington DC,Small,MD,2.0,20.0,3,154779,258796,7.8
GRAD_007099,2021,25,Female,White,Top 10,Data Science,3.34,2,No,0,Media,Seattle,Medium,MBA,1.0,100.0,3,148051,202720,10.0
GRAD_007100,2019,21,Female,White,Top 100,Political Science,3.11,4,,4,Non-profit,San Francisco,Large,None,0.0,20.0,5,78845,96544,8.2
GRAD_007101,2015,20,Female,Black,Top 100,Psychology,3.58,2,No,0,Transportation,Washington DC,Large,None,8.0,20.0,9,81406,154778,7.3
GRAD_007102,2022,21,Female,White,Top 50,Marketing,2.97,1,No,2,Education,Austin,Small,Masters,2.0,0.0,2,58689,75840,4.5
GRAD_007103,2015,22,Male,Asian,Regional,Psychology,2.97,2,No,1,Transportation,New York,Large,None,1.0,40.0,9,71381,98972,3.8
GRAD_007104,2019,23,Male,White,Top 100,Engineering,3.17,1,No,1,Government,Atlanta,Large,None,2.0,60.0,5,74134,107236,6.7
GRAD_007105,2018,21,Male,Asian,Top 10,Liberal Arts,3.38,1,No,1,Energy,Portland,Medium,None,1.0,100.0,6,77953,99785,5.0
GRAD_007106,2018,23,Female,Other,Top 100,Liberal Arts,3.09,1,No,1,Education,San Francisco,Fortune 500,PhD,1.0,60.0,6,59187,96221,6.0
GRAD_007107,2017,24,Female,Asian,Top 100,Engineering,3.5,2,No,3,Real Estate,Seattle,Small,None,3.0,0.0,7,129931,176098,7.7
GRAD_007108,2018,21,Male,White,Top 100,Mathematics,3.54,2,Yes,2,Technology,Philadelphia,Fortune 500,Masters,2.0,60.0,6,116316,199461,5.8
GRAD_007109,2023,22,Male,Asian,Top 100,Communications,3.29,1,No,1,Non-profit,Washington DC,Fortune 500,None,0.0,0.0,1,54757,57967,3.7
GRAD_007110,2023,22,Male,White,Regional,Engineering,3.23,1,No,0,Non-profit,Seattle,Medium,None,2.0,40.0,1,71138,81040,6.3
GRAD_007111,2020,22,Female,Black,Top 10,Data Science,3.6,1,,0,Technology,Austin,Fortune 500,PhD,5.0,20.0,4,162849,240912,7.0
GRAD_007112,2020,22,Male,White,Regional,Business,3.51,2,No,1,Healthcare,Chicago,Large,None,,0.0,4,90341,116962,5.9
GRAD_007113,2015,22,Male,White,Top 100,Computer Science,2.93,3,Yes,1,Transportation,Miami,Fortune 500,Masters,1.0,20.0,9,94167,163525,7.3
GRAD_007114,2022,22,Male,White,Top 100,Data Science,3.73,3,No,3,Retail,New York,Medium,None,1.0,40.0,2,139031,158599,7.4
GRAD_007115,2017,22,Male,Hispanic,Top 100,Liberal Arts,3.57,3,Yes,1,Real Estate,Dallas,Large,Masters,0.0,40.0,7,60154,101712,10.0
GRAD_007116,2016,22,Female,Other,Top 100,Business,3.11,2,No,1,Retail,Dallas,Small,None,2.0,80.0,8,71303,107479,7.6
GRAD_007117,2019,25,Male,White,Top 50,Communications,2.73,3,Yes,1,Manufacturing,Washington DC,Startup,None,1.0,20.0,5,72723,94517,6.0
GRAD_007118,2018,23,Male,White,Regional,Engineering,3.4,4,No,1,Education,Philadelphia,Fortune 500,PhD,4.0,20.0,6,73601,123959,9.7
GRAD_007119,2016,22,Male,Hispanic,Top 50,Political Science,3.38,1,,1,Media,Philadelphia,Large,None,3.0,40.0,8,64652,97492,6.9
GRAD_007120,2016,21,Female,White,Top 50,Engineering,3.39,1,Yes,2,Retail,Denver,Large,None,2.0,100.0,8,87289,128434,8.2
GRAD_007121,2023,23,Male,Asian,Top 100,Engineering,3.78,1,No,1,Education,Phoenix,Medium,None,2.0,,1,63898,72531,5.8
GRAD_007122,2021,21,Male,White,Regional,Political Science,3.29,0,No,0,Technology,Phoenix,Startup,MBA,3.0,80.0,3,58127,95528,5.6
GRAD_007123,2020,20,Female,White,Regional,Computer Science,3.44,1,No,2,Technology,Dallas,Large,None,0.0,20.0,4,107137,124205,7.4
GRAD_007124,2018,20,Male,White,Regional,Chemistry,3.5,1,No,0,Energy,Denver,Medium,MBA,1.0,80.0,6,72280,137218,5.9
GRAD_007125,2019,24,Female,Asian,Top 100,Computer Science,3.14,2,No,0,Manufacturing,Austin,Small,None,3.0,60.0,5,126254,178493,6.2
GRAD_007126,2021,24,Male,White,Top 50,Psychology,3.57,4,Yes,1,Manufacturing,Atlanta,Medium,None,,40.0,3,63511,77456,4.8
GRAD_007127,2022,22,Male,Asian,Regional,Data Science,3.78,1,Yes,1,Finance,Atlanta,Large,None,,0.0,2,126132,142967,6.5
GRAD_007128,2023,21,Female,Asian,Regional,Marketing,3.16,1,No,0,Media,Atlanta,Large,None,4.0,,1,49499,61061,5.9
GRAD_007129,2016,21,Male,White,Regional,Chemistry,2.66,3,No,1,Manufacturing,Miami,Medium,None,1.0,40.0,8,75453,127992,6.0
GRAD_007130,2017,25,Male,White,Top 100,Liberal Arts,3.02,2,No,1,Technology,Denver,Large,Masters,3.0,40.0,7,78566,131163,6.3
GRAD_007131,2020,22,Female,White,Top 100,Liberal Arts,3.32,0,No,1,Transportation,Portland,Large,None,2.0,60.0,4,55264,68916,6.3
GRAD_007132,2023,23,Male,White,Regional,Engineering,2.75,2,No,3,Finance,Washington DC,Medium,MD,3.0,0.0,1,142136,233572,7.2
GRAD_007133,2019,21,Female,White,Top 10,Psychology,3.12,1,Yes,3,Non-profit,Phoenix,Fortune 500,Masters,,,5,49364,71371,8.3
GRAD_007134,2021,22,Male,White,Top 100,Communications,3.31,0,Yes,1,Education,New York,Startup,None,2.0,40.0,3,60006,79248,4.8
GRAD_007135,2018,23,Female,Asian,Top 50,Business,3.52,0,No,2,Finance,Atlanta,Fortune 500,None,1.0,,6,105002,139683,8.4
GRAD_007136,2022,25,Male,Asian,Top 10,Engineering,3.64,4,No,1,Finance,Denver,Large,None,3.0,40.0,2,132479,150646,8.4
GRAD_007137,2020,22,Male,Asian,Top 50,Business,3.42,2,No,0,Healthcare,Boston,Large,None,1.0,80.0,4,101595,124597,7.6
GRAD_007138,2019,23,Female,White,Top 50,Psychology,3.24,1,No,3,Retail,Philadelphia,Large,None,4.0,0.0,5,66993,98422,5.0
GRAD_007139,2020,21,Female,Asian,Top 10,Business,3.16,2,No,0,Non-profit,Portland,Small,None,2.0,40.0,4,76760,89774,5.5
GRAD_007140,2021,22,Female,White,Regional,Psychology,3.28,2,Yes,0,Education,Los Angeles,Large,None,,0.0,3,54605,63015,5.4
GRAD_007141,2017,23,Male,White,Regional,Computer Science,3.58,1,No,1,Consulting,Denver,Medium,Masters,2.0,0.0,7,123295,188200,8.7
GRAD_007142,2018,22,Male,Other,Regional,Communications,3.49,2,No,0,Manufacturing,Miami,Small,None,1.0,60.0,6,59411,88807,5.5
GRAD_007143,2017,22,Male,Asian,Regional,Psychology,3.31,1,Yes,0,Healthcare,Austin,Small,None,4.0,0.0,7,71937,108541,7.9
GRAD_007144,2023,21,Female,White,Top 10,Economics,3.76,2,No,0,Non-profit,Dallas,Small,JD,3.0,80.0,1,90438,129881,10.0
GRAD_007145,2015,23,Male,White,Top 50,Engineering,3.19,1,No,1,Transportation,Dallas,Large,MBA,2.0,0.0,9,77295,160684,7.0
GRAD_007146,2015,22,Male,Black,Top 100,Marketing,3.68,2,No,0,Education,Phoenix,Fortune 500,MBA,1.0,20.0,9,50320,116762,7.8
GRAD_007147,2018,21,Male,White,Regional,Finance,3.15,1,No,1,Energy,Miami,Startup,MBA,1.0,40.0,6,88458,153171,9.5
GRAD_007148,2020,22,Female,White,Regional,Data Science,2.91,1,Yes,1,Energy,Washington DC,Medium,Masters,3.0,20.0,4,105851,152225,9.4
GRAD_007149,2018,24,Male,Hispanic,Top 10,Computer Science,3.33,4,No,1,Education,New York,Large,None,4.0,0.0,6,143439,192184,6.9
GRAD_007150,2022,22,Male,Asian,Top 50,Data Science,2.67,0,No,0,Retail,Denver,Small,MBA,0.0,80.0,2,87894,122486,6.3
GRAD_007151,2016,23,Male,White,Top 100,Data Science,3.2,3,No,1,Healthcare,Washington DC,Medium,None,3.0,100.0,8,136031,188118,9.3
GRAD_007152,2018,23,Male,Asian,Regional,Engineering,3.58,2,No,0,Media,Los Angeles,Small,None,1.0,20.0,6,94944,137046,8.9
GRAD_007153,2019,23,Female,Asian,Regional,Business,3.58,1,No,0,Consulting,Portland,Medium,MBA,5.0,20.0,5,96955,158507,5.6
GRAD_007154,2017,20,Female,Black,Regional,Engineering,3.77,1,No,0,Media,Portland,Medium,None,3.0,40.0,7,101621,139365,7.0
GRAD_007155,2018,20,Male,Hispanic,Top 10,Political Science,3.05,2,No,0,Education,Boston,Small,None,1.0,0.0,6,78995,117819,8.0
GRAD_007156,2023,21,Male,White,Regional,Engineering,2.93,2,No,1,Education,Philadelphia,Small,PhD,,80.0,1,77691,100645,6.9
GRAD_007157,2020,23,Female,Asian,Regional,Data Science,3.53,4,Yes,0,Education,Austin,Small,Masters,2.0,0.0,4,76484,115881,9.6
GRAD_007158,2022,22,Male,Asian,Top 50,Computer Science,3.04,1,No,0,Retail,Seattle,Small,None,3.0,20.0,2,133971,162287,6.8
GRAD_007159,2017,22,Male,Hispanic,Top 100,Data Science,3.38,2,No,1,Consulting,Seattle,Fortune 500,None,3.0,20.0,7,135900,214540,6.2
GRAD_007160,2020,22,Male,Black,Top 50,Marketing,2.94,0,No,3,Transportation,Boston,Startup,MD,3.0,0.0,4,95550,185113,4.7
GRAD_007161,2022,20,Male,White,Regional,Data Science,3.14,2,No,1,Education,Phoenix,Small,None,0.0,20.0,2,74338,85037,6.8
GRAD_007162,2019,21,Male,White,Top 50,Psychology,3.13,1,No,1,Non-profit,Boston,Medium,None,4.0,40.0,5,60716,86057,4.4
GRAD_007163,2021,22,Male,White,Top 10,Business,3.3,3,Yes,3,Consulting,San Francisco,Large,None,3.0,0.0,3,171945,212593,6.1
GRAD_007164,2022,22,Female,Asian,Top 100,Business,3.26,0,No,2,Technology,Portland,Medium,None,1.0,0.0,2,109083,115924,6.8
GRAD_007165,2016,22,Male,Black,Top 10,Data Science,3.38,1,No,0,Transportation,Phoenix,Medium,None,2.0,0.0,8,109306,162132,3.9
GRAD_007166,2018,20,Male,Asian,Top 10,Business,3.38,2,Yes,0,Education,New York,Startup,None,2.0,60.0,6,92965,138488,7.9
GRAD_007167,2022,22,Male,Asian,Top 50,Finance,3.47,5,No,1,Consulting,Miami,Medium,Masters,1.0,0.0,2,139521,185768,6.2
GRAD_007168,2017,20,Male,Hispanic,Regional,Finance,3.18,3,Yes,1,Non-profit,Phoenix,Large,None,1.0,40.0,7,64203,95401,9.4
GRAD_007169,2020,20,Female,Other,Regional,Computer Science,3.47,2,No,0,Media,Miami,Large,Masters,1.0,40.0,4,96933,125005,5.6
GRAD_007170,2019,21,Male,Black,Top 100,Business,3.66,2,No,1,Finance,Washington DC,Medium,None,1.0,0.0,5,97780,125539,7.1
GRAD_007171,2021,20,Male,Asian,Regional,Data Science,2.89,3,Yes,1,Technology,Portland,Large,None,1.0,40.0,3,126645,156673,6.1
GRAD_007172,2021,21,Female,Other,Top 10,Engineering,2.95,2,Yes,0,Manufacturing,Boston,Medium,Masters,2.0,40.0,3,137400,187006,7.0
GRAD_007173,2020,22,Male,Asian,Regional,Data Science,3.55,2,Yes,0,Education,Portland,Medium,Masters,3.0,0.0,4,85260,126602,5.0
GRAD_007174,2023,24,Female,Asian,Top 100,Computer Science,3.58,0,No,0,Manufacturing,Chicago,Small,None,,100.0,1,92356,95766,5.7
GRAD_007175,2017,21,Female,White,Top 100,Liberal Arts,3.19,3,Yes,1,Real Estate,Philadelphia,Small,None,5.0,100.0,7,75419,123468,5.2
GRAD_007176,2022,21,Female,White,Regional,Biology,3.51,3,No,0,Transportation,Boston,Medium,None,1.0,80.0,2,85886,90101,5.5
GRAD_007177,2019,22,Male,Asian,Top 50,Engineering,3.17,0,Yes,3,Energy,Atlanta,Large,None,1.0,0.0,5,112123,142896,8.7
GRAD_007178,2021,22,Female,Asian,Top 100,Finance,3.29,1,No,0,Education,Miami,Startup,Masters,1.0,20.0,3,76039,95594,4.8
GRAD_007179,2018,20,Male,White,Top 100,Business,3.29,0,No,1,Retail,Denver,Fortune 500,None,0.0,0.0,6,68979,82824,4.4
GRAD_007180,2016,23,Male,Hispanic,Regional,Marketing,3.34,0,Yes,1,Retail,Dallas,Small,None,1.0,40.0,8,48940,80797,7.5
GRAD_007181,2022,22,Female,Black,Regional,Computer Science,3.79,1,Yes,0,Manufacturing,Portland,Startup,None,2.0,20.0,2,128098,133353,9.1
GRAD_007182,2017,21,Male,Hispanic,Regional,Chemistry,4.0,2,Yes,1,Energy,Phoenix,Small,None,0.0,80.0,7,75420,97574,5.7
GRAD_007183,2019,21,Male,White,Regional,Finance,2.82,1,No,0,Non-profit,Miami,Medium,MBA,4.0,40.0,5,66200,117537,7.8
GRAD_007184,2015,26,Female,White,Regional,Engineering,3.1,1,Yes,1,Transportation,Portland,Large,MBA,0.0,60.0,9,93933,165741,7.2
GRAD_007185,2021,23,Male,Hispanic,Top 10,Economics,3.06,1,No,1,Media,Boston,Large,None,2.0,80.0,3,109977,131155,9.8
GRAD_007186,2021,21,Male,Asian,Top 100,Business,3.78,2,No,1,Transportation,New York,Large,MBA,1.0,20.0,3,119816,174073,7.6
GRAD_007187,2023,20,Female,White,Top 100,Engineering,3.72,3,No,3,Manufacturing,Phoenix,Small,None,1.0,,1,81508,82489,3.4
GRAD_007188,2023,20,Male,White,Regional,Business,3.61,2,No,0,Retail,Austin,Large,None,4.0,20.0,1,70137,86890,7.5
GRAD_007189,2021,22,Male,Hispanic,Top 50,Data Science,3.16,2,No,1,Finance,Chicago,Medium,None,3.0,20.0,3,155479,198578,9.8
GRAD_007190,2018,22,Female,Asian,Top 10,Mathematics,3.37,3,No,0,Healthcare,Seattle,Medium,MD,1.0,80.0,6,155448,295192,7.8
GRAD_007191,2018,20,Female,White,Top 10,Economics,2.74,1,No,0,Media,Atlanta,Large,MBA,1.0,,6,97014,140659,7.3
GRAD_007192,2019,22,Male,White,Regional,Business,3.56,1,No,0,Transportation,San Francisco,Fortune 500,None,2.0,0.0,5,102157,132731,10.0
GRAD_007193,2016,21,Male,White,Regional,Engineering,3.44,3,No,1,Technology,Miami,Medium,None,1.0,0.0,8,125967,164553,6.9
GRAD_007194,2023,21,Female,Asian,Top 50,Chemistry,3.14,4,No,2,Retail,Portland,Large,Masters,2.0,0.0,1,68169,83605,4.0
GRAD_007195,2022,22,Male,White,Regional,Business,3.57,2,No,1,Education,Denver,Large,MBA,3.0,20.0,2,65693,102947,9.7
GRAD_007196,2016,20,Female,White,Regional,Biology,3.23,2,No,2,Retail,Austin,Small,None,2.0,60.0,8,58899,96240,8.9
GRAD_007197,2023,20,Male,White,Regional,Engineering,2.65,3,No,0,Transportation,Chicago,Medium,Masters,2.0,80.0,1,98780,124181,9.0
GRAD_007198,2022,20,Male,White,Top 50,Biology,3.75,1,No,0,Real Estate,Atlanta,Medium,None,3.0,20.0,2,76386,93662,5.6
GRAD_007199,2023,21,Male,White,Top 50,Data Science,3.91,1,No,0,Real Estate,Portland,Large,JD,2.0,0.0,1,116443,166086,7.5
GRAD_007200,2018,20,Male,Hispanic,Top 50,Political Science,2.82,0,No,2,Manufacturing,Miami,Fortune 500,MBA,1.0,0.0,6,57531,101432,4.8
GRAD_007201,2018,25,Male,White,Top 50,Liberal Arts,3.39,2,No,3,Consulting,Boston,Fortune 500,None,3.0,20.0,6,104961,145790,5.7
GRAD_007202,2019,23,Female,Hispanic,Regional,Biology,3.82,1,Yes,0,Non-profit,Philadelphia,Large,None,2.0,0.0,5,53494,73732,8.3
GRAD_007203,2017,23,Male,White,Top 100,Psychology,2.84,2,Yes,1,Consulting,Washington DC,Large,None,,0.0,7,94933,119832,4.3
GRAD_007204,2019,21,Male,White,Regional,Psychology,2.56,0,Yes,2,Retail,Seattle,Startup,Masters,1.0,0.0,5,60634,98537,5.4
GRAD_007205,2015,21,Female,White,Regional,Liberal Arts,3.22,0,Yes,0,Energy,Washington DC,Large,None,2.0,0.0,9,75702,127737,5.4
GRAD_007206,2022,20,Male,White,Top 100,Data Science,3.33,2,No,0,Real Estate,Austin,Large,None,1.0,40.0,2,119453,133988,7.0
GRAD_007207,2016,25,Male,Other,Top 50,Computer Science,3.75,4,No,0,Media,Seattle,Large,None,3.0,60.0,8,136413,205065,6.0
GRAD_007208,2020,24,Male,Black,Top 100,Biology,4.0,2,No,2,Education,Denver,Large,Masters,1.0,0.0,4,68720,102740,8.5
GRAD_007209,2023,23,Male,Asian,Top 50,Economics,3.54,4,Yes,0,Manufacturing,Dallas,Large,None,2.0,60.0,1,88271,99456,7.1
GRAD_007210,2022,22,Male,White,Regional,Computer Science,2.69,1,No,1,Education,New York,Small,Masters,2.0,20.0,2,100734,137754,8.2
GRAD_007211,2022,21,Female,White,Regional,Computer Science,3.46,2,No,1,Media,Miami,Startup,None,2.0,,2,84056,95136,3.6
GRAD_007212,2020,23,Female,Black,Regional,Liberal Arts,3.25,1,Yes,1,Media,Seattle,Small,Masters,3.0,100.0,4,61788,83182,7.6
GRAD_007213,2019,24,Male,White,Regional,Liberal Arts,3.64,0,No,1,Finance,Phoenix,Startup,None,2.0,40.0,5,61466,85439,7.8
GRAD_007214,2019,23,Female,White,Regional,Mathematics,2.64,2,No,0,Healthcare,Denver,Fortune 500,Masters,3.0,40.0,5,76776,114327,6.0
GRAD_007215,2016,20,Male,White,Top 100,Psychology,3.62,0,No,0,Government,Los Angeles,Medium,JD,1.0,60.0,8,75348,133346,4.8
GRAD_007216,2015,21,Female,White,Top 100,Economics,3.85,0,No,2,Healthcare,Portland,Large,None,2.0,20.0,9,94196,140307,6.8
GRAD_007217,2022,23,Male,Asian,Top 50,Engineering,3.38,0,No,0,Manufacturing,Atlanta,Large,Masters,2.0,60.0,2,96519,131068,5.9
GRAD_007218,2019,21,Female,Asian,Regional,Economics,3.71,3,Yes,1,Manufacturing,Boston,Small,Masters,0.0,0.0,5,91384,125025,8.1
GRAD_007219,2015,21,Female,Black,Regional,Economics,3.57,1,No,1,Transportation,Los Angeles,Small,None,2.0,0.0,9,87734,127135,6.4
GRAD_007220,2021,24,Female,White,Regional,Mathematics,2.54,2,Yes,1,Retail,Philadelphia,Small,None,2.0,100.0,3,55680,67140,8.7
GRAD_007221,2021,22,Male,White,Regional,Liberal Arts,3.36,2,No,1,Energy,New York,Fortune 500,None,2.0,0.0,3,88543,111530,8.6
GRAD_007222,2017,20,Female,White,Regional,Economics,3.42,1,No,0,Education,Portland,Large,None,1.0,40.0,7,68717,102027,10.0
GRAD_007223,2019,26,Male,White,Regional,Liberal Arts,2.93,2,Yes,0,Real Estate,Miami,Large,JD,1.0,,5,67932,122999,7.4
GRAD_007224,2020,24,Female,Other,Regional,Finance,3.41,1,,1,Energy,Washington DC,Large,Masters,5.0,100.0,4,100534,141974,7.7
GRAD_007225,2020,22,Male,Asian,Top 100,Political Science,2.72,0,No,4,Consulting,San Francisco,Fortune 500,None,3.0,0.0,4,108178,137356,4.3
GRAD_007226,2020,22,Female,White,Top 10,Business,3.31,1,No,3,Media,New York,Startup,None,4.0,40.0,4,108523,132336,5.8
GRAD_007227,2018,20,Female,White,Regional,Political Science,3.46,4,Yes,1,Real Estate,Denver,Large,None,2.0,80.0,6,73197,107609,7.2
GRAD_007228,2015,21,Male,Asian,Regional,Computer Science,4.0,3,No,2,Education,Boston,Medium,None,3.0,60.0,9,92053,136930,9.0
GRAD_007229,2015,21,Male,White,Regional,Computer Science,2.98,0,No,2,Technology,Miami,Large,PhD,2.0,40.0,9,105016,187058,7.7
GRAD_007230,2019,22,Male,White,Top 10,Business,3.56,5,No,2,Retail,Denver,Startup,Masters,3.0,40.0,5,78833,133586,7.5
GRAD_007231,2017,24,Male,Black,Regional,Marketing,2.87,2,No,0,Retail,Philadelphia,Medium,Masters,1.0,20.0,7,57391,100540,5.3
GRAD_007232,2023,23,Female,White,Top 50,Political Science,3.7,2,Yes,2,Healthcare,Philadelphia,Small,None,4.0,60.0,1,78092,89908,8.2
GRAD_007233,2021,25,Other,White,Top 100,Marketing,3.28,0,No,1,Retail,San Francisco,Large,Masters,2.0,0.0,3,81299,111659,7.7
GRAD_007234,2020,20,Female,White,Top 100,Data Science,3.5,3,No,1,Technology,Portland,Large,MBA,0.0,60.0,4,148015,195964,7.0
GRAD_007235,2019,20,Female,Black,Top 10,Business,2.98,1,Yes,0,Technology,Phoenix,Large,None,,80.0,5,118892,158130,5.4
GRAD_007236,2018,24,Female,Other,Regional,Business,3.49,0,No,0,Retail,San Francisco,Medium,Masters,3.0,40.0,6,87521,129333,5.0
GRAD_007237,2017,22,Female,Asian,Top 10,Marketing,3.09,0,No,0,Technology,Atlanta,Large,Masters,,80.0,7,99659,140369,6.2
GRAD_007238,2015,23,Female,Asian,Regional,Psychology,3.26,3,No,1,Retail,Phoenix,Medium,None,5.0,20.0,9,45900,86876,4.9
GRAD_007239,2021,22,Male,White,Top 100,Engineering,2.91,1,No,3,Government,Seattle,Large,None,6.0,0.0,3,98374,131046,5.5
GRAD_007240,2022,22,Male,Hispanic,Top 50,Business,3.18,1,Yes,2,Government,Denver,Large,None,3.0,60.0,2,91585,108952,8.3
GRAD_007241,2022,23,Male,White,Regional,Business,3.4,0,No,1,Finance,Boston,Small,Masters,2.0,0.0,2,116799,152224,8.6
GRAD_007242,2021,22,Female,White,Regional,Engineering,3.29,1,No,0,Consulting,Portland,Small,None,2.0,40.0,3,117490,143100,6.6
GRAD_007243,2023,21,Male,White,Regional,Chemistry,3.73,1,Yes,1,Transportation,Atlanta,Small,Masters,,0.0,1,70013,90817,7.7
GRAD_007244,2023,25,Female,Hispanic,Top 50,Engineering,3.1,0,No,0,Manufacturing,Denver,Medium,MBA,2.0,20.0,1,87560,114912,7.3
GRAD_007245,2023,22,Male,White,Top 100,Computer Science,3.86,0,No,2,Government,Dallas,Startup,MD,3.0,,1,103530,174362,7.8
GRAD_007246,2020,22,Female,Other,Top 50,Biology,3.18,0,No,0,Government,Washington DC,Medium,Masters,2.0,40.0,4,73814,99859,5.4
GRAD_007247,2017,21,Male,White,Regional,Data Science,3.87,1,No,0,Government,Washington DC,Startup,MBA,0.0,0.0,7,115966,180517,6.7
GRAD_007248,2016,23,Male,Black,Top 50,Liberal Arts,3.42,1,No,2,Education,Los Angeles,Medium,None,3.0,20.0,8,61023,101467,5.9
GRAD_007249,2023,22,Male,White,Regional,Business,4.0,3,No,1,Government,Miami,Fortune 500,None,2.0,60.0,1,88973,97747,7.5
GRAD_007250,2018,20,Male,Asian,Top 50,Chemistry,3.36,2,No,1,Media,Washington DC,Medium,JD,2.0,40.0,6,91892,171960,6.2
GRAD_007251,2015,22,Female,White,Regional,Mathematics,2.75,2,Yes,0,Government,Dallas,Large,Masters,2.0,100.0,9,61677,116781,6.8
GRAD_007252,2019,20,Male,White,Top 100,Computer Science,3.22,2,No,1,Manufacturing,Denver,Large,None,2.0,60.0,5,106184,132898,7.8
GRAD_007253,2021,22,Female,White,Regional,Business,3.3,0,Yes,1,Energy,Denver,Small,None,1.0,40.0,3,86943,97893,6.4
GRAD_007254,2023,22,Male,Asian,Top 100,Psychology,3.87,2,No,1,Real Estate,Dallas,Medium,None,5.0,,1,77363,96601,7.5
GRAD_007255,2019,21,Female,White,Top 50,Data Science,2.68,4,,0,Energy,Atlanta,Fortune 500,None,1.0,0.0,5,136681,165866,7.9
GRAD_007256,2018,23,Male,White,Regional,Engineering,2.98,2,No,0,Technology,New York,Fortune 500,None,1.0,80.0,6,166023,223725,8.1
GRAD_007257,2022,22,Male,Asian,Top 100,Economics,3.38,2,Yes,1,Healthcare,Washington DC,Large,None,2.0,60.0,2,90833,102665,6.6
GRAD_007258,2020,21,Male,White,Top 10,Mathematics,3.41,2,No,1,Finance,Seattle,Small,Masters,3.0,20.0,4,133397,206654,7.9
GRAD_007259,2016,21,Male,White,Regional,Biology,3.74,4,,1,Finance,Phoenix,Fortune 500,None,1.0,,8,75013,103521,5.3
GRAD_007260,2023,21,Male,White,Regional,Data Science,2.61,0,Yes,2,Technology,San Francisco,Medium,None,2.0,20.0,1,144494,159823,7.8
GRAD_007261,2021,23,Female,Asian,Top 10,Liberal Arts,3.05,3,No,0,Finance,Denver,Medium,None,2.0,60.0,3,88234,105482,7.9
GRAD_007262,2015,21,Male,White,Regional,Political Science,3.6,3,No,0,Finance,Austin,Small,None,1.0,0.0,9,83948,146079,5.4
GRAD_007263,2015,22,Male,White,Top 50,Computer Science,3.28,2,Yes,1,Education,San Francisco,Small,None,4.0,40.0,9,129922,222284,7.9
GRAD_007264,2016,21,Male,White,Regional,Engineering,3.55,1,No,0,Real Estate,Chicago,Fortune 500,None,3.0,80.0,8,109517,176470,7.0
GRAD_007265,2022,21,Other,Asian,Top 10,Data Science,3.25,2,Yes,4,Transportation,San Francisco,Medium,None,1.0,0.0,2,173262,187031,6.0
GRAD_007266,2019,23,Male,Hispanic,Top 100,Business,3.66,1,,1,Transportation,New York,Startup,None,2.0,40.0,5,101848,131333,6.3
GRAD_007267,2018,21,Male,Hispanic,Top 50,Finance,3.07,0,No,2,Energy,Chicago,Fortune 500,None,1.0,60.0,6,123680,182652,7.3
GRAD_007268,2017,23,Female,White,Top 100,Business,3.21,1,Yes,2,Non-profit,Phoenix,Small,None,4.0,40.0,7,48799,73505,5.5
GRAD_007269,2020,22,Male,White,Top 50,Data Science,3.28,1,No,0,Technology,Portland,Medium,None,4.0,40.0,4,135047,175666,6.7
GRAD_007270,2016,24,Female,White,Top 100,Business,3.05,0,No,1,Transportation,Seattle,Large,Masters,0.0,0.0,8,96010,139277,8.7
GRAD_007271,2020,20,Female,Asian,Top 10,Computer Science,3.34,1,Yes,0,Healthcare,Atlanta,Large,Masters,3.0,0.0,4,139870,192884,4.5
GRAD_007272,2019,24,Male,Asian,Regional,Biology,3.15,1,No,2,Finance,Chicago,Fortune 500,None,4.0,60.0,5,83861,129173,3.4
GRAD_007273,2022,22,Male,White,Regional,Business,3.41,1,No,2,Non-profit,Washington DC,Small,None,2.0,0.0,2,58512,72885,6.1
GRAD_007274,2022,20,Female,Asian,Top 10,Business,3.39,0,Yes,1,Government,Washington DC,Small,None,5.0,0.0,2,87589,108529,4.6
GRAD_007275,2015,21,Male,Other,Regional,Marketing,3.04,2,,0,Manufacturing,Boston,Large,None,0.0,40.0,9,81198,142133,8.0
GRAD_007276,2016,23,Female,White,Regional,Data Science,3.49,1,No,1,Technology,Dallas,Medium,None,0.0,80.0,8,114756,156590,6.9
GRAD_007277,2019,22,Male,Other,Regional,Business,3.39,1,No,1,Transportation,Los Angeles,Medium,MBA,3.0,60.0,5,75805,136043,7.4
GRAD_007278,2021,24,Female,Asian,Top 100,Economics,3.09,2,No,0,Real Estate,Los Angeles,Large,JD,3.0,40.0,3,106580,165787,8.6
GRAD_007279,2021,21,Male,Hispanic,Regional,Communications,3.61,2,No,1,Healthcare,Seattle,Medium,Masters,2.0,60.0,3,89269,124946,8.2
GRAD_007280,2022,22,Male,Other,Regional,Business,3.34,2,,2,Retail,Chicago,Medium,MD,0.0,80.0,2,58498,96522,5.2
GRAD_007281,2015,22,Male,Black,Top 100,Communications,3.68,3,No,0,Transportation,Austin,Startup,None,2.0,40.0,9,58072,86303,5.8
GRAD_007282,2015,20,Female,White,Regional,Communications,3.8,2,No,1,Finance,Dallas,Medium,MBA,1.0,40.0,9,76555,139432,6.1
GRAD_007283,2020,22,Male,White,Regional,Computer Science,2.92,0,No,0,Healthcare,Seattle,Large,None,1.0,0.0,4,133484,163987,6.2
GRAD_007284,2021,22,Female,Asian,Regional,Finance,3.89,0,No,1,Retail,New York,Startup,None,0.0,40.0,3,99844,114802,9.5
GRAD_007285,2022,22,Male,Asian,Regional,Liberal Arts,3.49,1,No,0,Government,Philadelphia,Startup,None,1.0,40.0,2,58532,66944,5.8
GRAD_007286,2016,22,Male,White,Regional,Marketing,3.41,2,No,0,Media,Washington DC,Large,Masters,4.0,,8,72144,140118,7.4
GRAD_007287,2023,22,Male,Black,Top 100,Marketing,3.06,2,,0,Media,Phoenix,Small,None,1.0,0.0,1,50311,55181,4.5
GRAD_007288,2017,22,Female,Hispanic,Regional,Mathematics,3.42,2,Yes,1,Real Estate,Seattle,Small,None,0.0,20.0,7,109862,141569,6.7
GRAD_007289,2017,24,Male,White,Top 100,Business,2.52,3,No,1,Non-profit,Boston,Large,MBA,5.0,40.0,7,67902,139536,7.0
GRAD_007290,2016,21,Female,Other,Top 50,Mathematics,2.91,1,No,0,Retail,New York,Fortune 500,MBA,0.0,0.0,8,107312,168410,7.2
GRAD_007291,2015,21,Female,Other,Top 50,Business,2.65,2,No,1,Technology,Denver,Medium,None,1.0,0.0,9,119255,154749,8.4
GRAD_007292,2022,24,Female,White,Top 100,Business,3.25,2,No,3,Finance,Miami,Large,None,2.0,20.0,2,92059,99588,8.3
GRAD_007293,2015,24,Male,Hispanic,Top 100,Engineering,3.78,1,No,1,Media,Seattle,Large,Masters,0.0,40.0,9,104499,167359,8.4
GRAD_007294,2019,22,Female,White,Top 100,Economics,3.39,3,No,1,Healthcare,Seattle,Large,None,1.0,20.0,5,115174,142912,7.1
GRAD_007295,2016,25,Female,White,Top 100,Economics,3.51,1,Yes,1,Media,Austin,Small,None,1.0,0.0,8,73297,113527,3.8
GRAD_007296,2015,23,Female,Hispanic,Top 100,Liberal Arts,3.22,4,No,2,Finance,Austin,Medium,None,4.0,,9,77626,115673,3.6
GRAD_007297,2023,25,Female,Asian,Top 50,Psychology,3.3,3,Yes,1,Retail,San Francisco,Startup,None,3.0,40.0,1,74689,85510,5.6
GRAD_007298,2022,24,Female,White,Top 10,Engineering,2.67,1,No,0,Non-profit,Washington DC,Large,None,0.0,,2,87375,90879,9.0
GRAD_007299,2019,24,Male,Hispanic,Top 50,Computer Science,3.67,2,No,0,Real Estate,San Francisco,Medium,MBA,1.0,0.0,5,173954,300152,7.7
GRAD_007300,2019,20,Male,White,Regional,Engineering,3.48,2,No,0,Healthcare,Phoenix,Large,None,4.0,20.0,5,94746,131407,5.9
GRAD_007301,2022,23,Male,White,Regional,Economics,3.57,1,No,0,Media,New York,Small,Masters,7.0,20.0,2,105819,156758,7.7
GRAD_007302,2022,22,Female,White,Top 100,Mathematics,3.42,0,No,2,Media,Denver,Fortune 500,Masters,0.0,60.0,2,66549,76581,5.9
GRAD_007303,2021,20,Male,White,Top 100,Economics,3.14,4,No,1,Retail,Chicago,Fortune 500,None,4.0,0.0,3,78275,98241,7.5
GRAD_007304,2020,24,Female,Hispanic,Top 10,Political Science,3.48,1,,0,Consulting,Seattle,Large,None,3.0,60.0,4,120202,148496,7.7
GRAD_007305,2020,24,Male,White,Regional,Economics,3.2,2,No,0,Government,Seattle,Small,Masters,2.0,100.0,4,87794,134404,8.0
GRAD_007306,2019,22,Male,Asian,Regional,Engineering,3.27,0,No,1,Consulting,Los Angeles,Large,Masters,3.0,0.0,5,109123,173699,3.8
GRAD_007307,2020,21,Female,White,Top 100,Economics,3.7,2,No,0,Finance,San Francisco,Fortune 500,PhD,1.0,0.0,4,168056,243810,6.9
GRAD_007308,2020,22,Female,White,Regional,Liberal Arts,3.65,2,No,0,Retail,Boston,Medium,None,2.0,20.0,4,58466,76200,4.9
GRAD_007309,2022,20,Female,White,Top 100,Economics,3.13,0,Yes,1,Real Estate,Washington DC,Medium,Masters,3.0,80.0,2,98611,126809,7.3
GRAD_007310,2017,20,Male,White,Top 100,Business,3.43,0,,2,Manufacturing,Portland,Large,Masters,0.0,20.0,7,74313,108405,7.8
GRAD_007311,2017,22,Female,Asian,Regional,Data Science,3.68,0,No,0,Education,Portland,Startup,None,1.0,0.0,7,77321,99469,4.0
GRAD_007312,2017,23,Female,White,Top 100,Computer Science,2.78,1,No,0,Non-profit,Phoenix,Fortune 500,None,4.0,100.0,7,59588,99562,6.4
GRAD_007313,2020,22,Male,White,Regional,Business,3.34,0,No,4,Government,San Francisco,Medium,PhD,1.0,0.0,4,85983,121046,9.2
GRAD_007314,2021,21,Female,White,Top 50,Psychology,3.34,2,No,3,Non-profit,Seattle,Fortune 500,None,2.0,20.0,3,71490,82640,8.1
GRAD_007315,2017,21,Female,White,Regional,Mathematics,2.71,2,No,1,Technology,San Francisco,Fortune 500,None,1.0,80.0,7,155772,199963,6.0
GRAD_007316,2021,26,Male,Asian,Regional,Business,2.96,2,No,1,Healthcare,Dallas,Startup,None,4.0,0.0,3,73639,99495,5.6
GRAD_007317,2021,20,Female,Asian,Top 100,Liberal Arts,2.87,2,No,0,Non-profit,Portland,Fortune 500,None,3.0,60.0,3,54005,70527,5.0
GRAD_007318,2018,20,Male,Asian,Regional,Economics,3.25,3,No,1,Finance,Chicago,Large,MBA,1.0,100.0,6,94136,176775,7.4
GRAD_007319,2017,21,Female,Black,Top 100,Economics,3.37,4,No,1,Retail,Los Angeles,Large,None,2.0,0.0,7,90834,116355,10.0
GRAD_007320,2023,23,Male,White,Top 100,Business,2.8,3,No,0,Finance,Dallas,Fortune 500,Masters,2.0,40.0,1,101025,129069,6.8
GRAD_007321,2020,22,Female,Hispanic,Top 50,Chemistry,3.05,3,,1,Technology,Denver,Small,PhD,2.0,0.0,4,122868,181466,5.0
GRAD_007322,2021,21,Female,White,Regional,Business,3.23,2,No,0,Education,Dallas,Medium,JD,0.0,20.0,3,49349,69373,6.7
GRAD_007323,2023,22,Male,Asian,Top 100,Computer Science,3.94,0,Yes,1,Energy,Boston,Small,None,2.0,20.0,1,154501,165156,6.0
GRAD_007324,2017,24,Female,Hispanic,Top 50,Economics,3.1,0,No,1,Technology,Chicago,Small,Masters,2.0,40.0,7,127938,199208,8.0
GRAD_007325,2018,22,Male,Hispanic,Regional,Data Science,3.28,2,Yes,1,Real Estate,New York,Fortune 500,None,4.0,0.0,6,148644,198438,4.9
GRAD_007326,2019,22,Male,White,Regional,Computer Science,3.41,1,,0,Finance,Miami,Small,JD,3.0,80.0,5,132906,219936,6.3
GRAD_007327,2017,22,Female,White,Top 10,Communications,3.91,1,Yes,1,Technology,Philadelphia,Small,Masters,1.0,40.0,7,102670,185881,6.4
GRAD_007328,2022,21,Female,White,Regional,Data Science,3.35,1,No,1,Media,Chicago,Medium,None,0.0,0.0,2,96266,98500,7.9
GRAD_007329,2016,23,Male,White,Top 100,Liberal Arts,3.92,0,Yes,1,Media,Chicago,Fortune 500,MBA,1.0,0.0,8,64593,130784,6.4
GRAD_007330,2017,24,Female,White,Top 10,Political Science,2.77,1,No,1,Technology,New York,Startup,MBA,1.0,40.0,7,123443,231484,7.4
GRAD_007331,2017,24,Male,Hispanic,Top 100,Finance,3.55,2,No,1,Technology,Chicago,Large,None,1.0,20.0,7,130186,177988,6.7
GRAD_007332,2023,23,Male,White,Top 100,Computer Science,3.02,2,No,1,Government,Seattle,Medium,MBA,1.0,0.0,1,137731,181769,7.1
GRAD_007333,2021,22,Male,White,Top 50,Communications,3.21,3,Yes,2,Finance,Austin,Medium,MD,,100.0,3,90550,164185,7.6
GRAD_007334,2021,25,Male,Asian,Top 100,Computer Science,3.14,2,No,3,Government,Los Angeles,Large,None,2.0,0.0,3,113472,139308,9.0
GRAD_007335,2016,22,Male,Asian,Top 100,Mathematics,2.93,5,No,1,Transportation,San Francisco,Medium,Masters,3.0,40.0,8,104568,182078,5.4
GRAD_007336,2017,21,Female,White,Top 100,Chemistry,3.69,0,No,0,Energy,Dallas,Small,Masters,1.0,0.0,7,80506,146485,6.0
GRAD_007337,2022,21,Male,Asian,Top 50,Data Science,2.95,1,No,0,Transportation,Portland,Fortune 500,None,2.0,0.0,2,93744,105655,8.7
GRAD_007338,2020,21,Male,Other,Top 100,Engineering,3.07,2,No,1,Retail,San Francisco,Fortune 500,None,2.0,60.0,4,100742,120582,5.7
GRAD_007339,2015,21,Female,Asian,Top 50,Marketing,3.22,1,No,0,Non-profit,Boston,Small,None,0.0,40.0,9,72933,114859,10.0
GRAD_007340,2020,25,Female,White,Top 50,Liberal Arts,3.06,0,Yes,1,Energy,New York,Large,None,1.0,100.0,4,101078,113941,7.4
GRAD_007341,2019,21,Female,White,Top 100,Business,3.4,1,No,3,Real Estate,Seattle,Fortune 500,None,4.0,60.0,5,108386,135208,9.4
GRAD_007342,2016,24,Male,White,Regional,Data Science,2.64,0,No,2,Energy,Washington DC,Small,None,3.0,40.0,8,127746,184582,7.3
GRAD_007343,2020,22,Female,White,Regional,Marketing,2.98,1,No,1,Education,Atlanta,Small,MBA,2.0,0.0,4,50678,77063,7.8
GRAD_007344,2017,24,Female,Hispanic,Regional,Finance,3.03,0,No,1,Finance,Philadelphia,Small,None,1.0,40.0,7,85630,114963,6.6
GRAD_007345,2022,20,Male,White,Regional,Computer Science,3.0,0,No,3,Consulting,Austin,Small,None,3.0,0.0,2,110612,132198,7.3
GRAD_007346,2020,22,Female,White,Top 50,Business,3.78,1,,0,Non-profit,Boston,Medium,None,3.0,0.0,4,71046,90331,6.2
GRAD_007347,2022,20,Female,Asian,Top 100,Computer Science,3.15,2,Yes,0,Real Estate,Washington DC,Startup,None,2.0,0.0,2,110666,125002,5.0
GRAD_007348,2019,22,Female,White,Top 100,Political Science,3.13,1,No,0,Technology,Chicago,Fortune 500,Masters,0.0,,5,78207,119330,5.1
GRAD_007349,2020,23,Male,Hispanic,Top 100,Communications,3.36,5,No,0,Real Estate,Los Angeles,Large,Masters,2.0,0.0,4,78960,112410,4.5
GRAD_007350,2022,23,Female,White,Top 50,Liberal Arts,3.66,1,Yes,0,Healthcare,Philadelphia,Large,MBA,3.0,40.0,2,67855,97291,7.2
GRAD_007351,2020,22,Female,Black,Regional,Engineering,3.07,0,,0,Transportation,Atlanta,Large,None,0.0,60.0,4,67641,81948,3.9
GRAD_007352,2020,21,Female,Other,Top 100,Chemistry,3.39,1,Yes,0,Education,Boston,Startup,None,1.0,0.0,4,69810,81222,4.0
GRAD_007353,2020,22,Male,White,Top 100,Chemistry,2.85,1,,0,Transportation,Atlanta,Fortune 500,PhD,2.0,0.0,4,54210,80324,4.3
GRAD_007354,2019,21,Female,White,Top 100,Chemistry,3.41,1,Yes,0,Government,New York,Startup,None,3.0,20.0,5,82059,115280,8.6
GRAD_007355,2022,21,Male,Other,Top 100,Engineering,3.29,2,Yes,0,Consulting,Dallas,Small,None,1.0,100.0,2,98442,110009,9.9
GRAD_007356,2019,21,Female,White,Regional,Communications,2.93,0,No,1,Manufacturing,Miami,Large,MBA,1.0,20.0,5,52147,91063,4.3
GRAD_007357,2023,22,Female,White,Regional,Business,2.7,0,No,1,Manufacturing,Chicago,Medium,None,0.0,0.0,1,64563,63736,6.1
GRAD_007358,2022,24,Male,White,Regional,Finance,3.72,4,No,0,Government,Chicago,Large,None,0.0,40.0,2,98139,105276,4.0
GRAD_007359,2021,24,Male,White,Regional,Marketing,3.62,2,Yes,1,Consulting,Denver,Medium,None,3.0,60.0,3,90308,113813,5.9
GRAD_007360,2023,22,Male,White,Top 100,Finance,3.48,2,No,0,Education,Washington DC,Startup,Masters,2.0,100.0,1,71721,92259,7.9
GRAD_007361,2020,21,Female,White,Top 50,Biology,3.75,1,No,2,Media,Miami,Medium,Masters,2.0,20.0,4,71854,95041,2.6
GRAD_007362,2022,21,Female,Other,Top 10,Biology,3.49,1,No,1,Manufacturing,Seattle,Startup,None,4.0,0.0,2,92246,113489,7.2
GRAD_007363,2017,20,Female,Hispanic,Top 10,Liberal Arts,2.97,2,No,1,Manufacturing,Phoenix,Startup,None,2.0,0.0,7,69084,87260,3.5
GRAD_007364,2015,23,Female,White,Regional,Business,3.37,3,No,1,Retail,Denver,Startup,PhD,3.0,0.0,9,61064,118220,7.4
GRAD_007365,2021,20,Female,White,Top 100,Data Science,3.83,0,No,0,Education,Washington DC,Small,JD,4.0,0.0,3,90568,141828,10.0
GRAD_007366,2018,20,Female,White,Regional,Economics,3.11,1,No,1,Education,New York,Startup,Masters,2.0,0.0,6,71632,111545,5.9
GRAD_007367,2021,23,Female,White,Top 100,Computer Science,3.2,1,Yes,0,Manufacturing,Austin,Large,Masters,,0.0,3,108521,135276,8.8
GRAD_007368,2015,23,Female,Black,Regional,Political Science,3.43,3,Yes,1,Finance,Denver,Large,MD,4.0,60.0,9,81835,213595,6.7
GRAD_007369,2023,20,Female,Other,Regional,Business,3.83,2,No,3,Consulting,Denver,Medium,None,3.0,0.0,1,87085,97494,9.2
GRAD_007370,2020,22,Female,Black,Regional,Economics,3.54,3,No,4,Government,Miami,Fortune 500,None,1.0,0.0,4,85508,100291,9.0
GRAD_007371,2015,20,Female,White,Top 100,Chemistry,3.0,1,No,2,Finance,Boston,Startup,Masters,2.0,0.0,9,97549,169004,6.6
GRAD_007372,2019,22,Female,White,Top 100,Business,3.34,0,No,0,Consulting,Los Angeles,Medium,None,6.0,40.0,5,95028,129533,7.6
GRAD_007373,2022,23,Female,White,Top 100,Data Science,3.34,3,No,1,Education,Washington DC,Fortune 500,JD,,40.0,2,102594,155567,6.1
GRAD_007374,2022,23,Female,White,Top 100,Engineering,3.53,0,No,2,Healthcare,New York,Small,Masters,0.0,40.0,2,139349,165951,8.1
GRAD_007375,2019,23,Male,White,Top 100,Communications,2.82,2,Yes,0,Retail,Denver,Medium,None,5.0,0.0,5,58724,94003,5.3
GRAD_007376,2016,20,Female,White,Regional,Data Science,2.83,1,No,1,Energy,Atlanta,Medium,MBA,2.0,60.0,8,93205,176724,5.5
GRAD_007377,2023,22,Female,White,Regional,Business,3.26,1,No,1,Energy,Los Angeles,Medium,None,2.0,60.0,1,107026,110735,10.0
GRAD_007378,2023,25,Other,White,Top 50,Psychology,3.29,1,No,0,Consulting,Los Angeles,Small,MD,2.0,40.0,1,81134,133946,5.1
GRAD_007379,2015,23,Female,White,Top 100,Data Science,3.0,0,No,2,Media,Atlanta,Small,None,2.0,20.0,9,91141,150232,7.1
GRAD_007380,2015,20,Male,White,Top 50,Business,3.33,3,No,1,Non-profit,Denver,Medium,Masters,1.0,60.0,9,74466,132958,10.0
GRAD_007381,2020,21,Male,White,Top 100,Psychology,3.31,2,No,0,Finance,New York,Medium,None,1.0,0.0,4,103357,136456,6.1
GRAD_007382,2020,21,Male,White,Regional,Business,3.94,2,No,0,Energy,San Francisco,Large,None,3.0,0.0,4,148470,180466,7.5
GRAD_007383,2020,20,Male,Asian,Top 10,Biology,3.16,2,Yes,0,Manufacturing,Atlanta,Medium,None,4.0,0.0,4,87789,111660,8.9
GRAD_007384,2018,22,Female,White,Regional,Political Science,2.89,2,Yes,0,Government,Philadelphia,Medium,JD,2.0,0.0,6,62715,100282,5.7
GRAD_007385,2015,21,Female,Asian,Top 50,Liberal Arts,3.81,0,No,2,Healthcare,New York,Small,None,3.0,100.0,9,101960,143908,4.3
GRAD_007386,2020,22,Female,Black,Top 50,Liberal Arts,3.11,1,Yes,0,Real Estate,San Francisco,Fortune 500,None,2.0,60.0,4,110147,134042,8.1
GRAD_007387,2016,22,Male,Black,Top 100,Finance,3.45,2,Yes,2,Education,Philadelphia,Medium,MD,1.0,20.0,8,80079,176989,10.0
GRAD_007388,2018,21,Male,White,Regional,Economics,3.7,3,No,0,Healthcare,San Francisco,Fortune 500,None,0.0,60.0,6,126942,152919,8.7
GRAD_007389,2020,23,Male,Asian,Top 50,Computer Science,3.89,3,,0,Manufacturing,Seattle,Startup,Masters,2.0,40.0,4,152648,225677,3.9
GRAD_007390,2017,22,Female,White,Top 10,Finance,3.35,1,No,3,Retail,Los Angeles,Fortune 500,None,2.0,0.0,7,105475,153893,6.6
GRAD_007391,2020,21,Male,White,Top 100,Mathematics,2.89,3,Yes,3,Transportation,San Francisco,Startup,None,5.0,,4,101478,132473,9.1
GRAD_007392,2021,23,Female,White,Top 100,Biology,3.44,0,No,0,Government,Washington DC,Medium,Masters,2.0,40.0,3,70292,94043,6.0
GRAD_007393,2015,23,Male,White,Regional,Chemistry,3.26,1,No,2,Energy,Miami,Startup,None,2.0,20.0,9,71617,122418,4.2
GRAD_007394,2020,21,Male,Hispanic,Top 10,Data Science,2.93,0,No,1,Energy,Miami,Large,Masters,0.0,60.0,4,144595,206134,9.5
GRAD_007395,2020,22,Female,Black,Top 100,Business,3.63,2,,2,Transportation,Phoenix,Medium,None,0.0,0.0,4,64850,75354,3.8
GRAD_007396,2016,22,Male,White,Top 50,Engineering,3.6,0,No,2,Transportation,Phoenix,Large,None,0.0,,8,75359,106999,6.3
GRAD_007397,2021,21,Male,White,Top 100,Business,3.78,1,,0,Media,Philadelphia,Small,None,0.0,0.0,3,85012,96128,4.0
GRAD_007398,2018,20,Male,White,Regional,Computer Science,3.38,1,Yes,1,Consulting,Miami,Fortune 500,Masters,1.0,40.0,6,120738,186381,6.0
GRAD_007399,2017,21,Female,Asian,Regional,Data Science,2.72,0,No,1,Media,Washington DC,Large,None,1.0,40.0,7,81819,123382,8.9
GRAD_007400,2018,24,Female,White,Regional,Liberal Arts,3.96,2,Yes,0,Consulting,Miami,Medium,None,2.0,60.0,6,87748,109436,8.8
GRAD_007401,2020,21,Female,White,Top 100,Mathematics,2.81,2,No,2,Transportation,Seattle,Large,PhD,1.0,0.0,4,94372,130001,6.7
GRAD_007402,2020,23,Male,White,Regional,Computer Science,2.99,0,No,1,Healthcare,Chicago,Large,None,1.0,80.0,4,111516,128668,8.5
GRAD_007403,2016,22,Male,White,Regional,Finance,3.12,1,No,0,Energy,Dallas,Startup,None,3.0,20.0,8,97294,155947,6.6
GRAD_007404,2023,22,Male,White,Top 100,Business,3.51,1,No,1,Energy,Phoenix,Startup,None,5.0,0.0,1,87720,106290,7.8
GRAD_007405,2018,20,Male,Other,Top 100,Psychology,3.19,0,Yes,0,Education,Seattle,Large,Masters,,80.0,6,63297,102822,7.5
GRAD_007406,2017,24,Female,White,Regional,Biology,3.52,3,Yes,1,Manufacturing,San Francisco,Fortune 500,Masters,1.0,0.0,7,93872,149026,5.2
GRAD_007407,2017,25,Female,White,Top 100,Data Science,2.91,5,No,1,Government,Dallas,Startup,None,2.0,40.0,7,92361,130260,8.0
GRAD_007408,2016,21,Male,White,Top 100,Business,3.22,1,No,0,Transportation,Washington DC,Large,None,2.0,,8,91229,128688,10.0
GRAD_007409,2023,24,Male,Asian,Top 100,Engineering,3.62,2,No,1,Transportation,Portland,Medium,None,1.0,40.0,1,84636,91111,6.6
GRAD_007410,2021,20,Male,Hispanic,Regional,Liberal Arts,3.69,5,No,1,Manufacturing,Chicago,Large,JD,0.0,80.0,3,76520,117815,6.5
GRAD_007411,2022,22,Female,White,Regional,Psychology,3.58,1,No,2,Non-profit,Dallas,Startup,Masters,3.0,0.0,2,39844,57023,7.7
GRAD_007412,2019,20,Male,Asian,Top 100,Business,3.46,1,No,1,Government,Miami,Small,None,1.0,40.0,5,70567,86665,3.2
GRAD_007413,2019,23,Female,White,Top 100,Communications,3.07,3,No,1,Media,Washington DC,Small,None,5.0,0.0,5,72527,106218,5.1
GRAD_007414,2023,22,Male,Hispanic,Regional,Business,3.02,1,Yes,1,Energy,Miami,Medium,Masters,5.0,0.0,1,90434,123669,5.7
GRAD_007415,2017,22,Female,White,Top 100,Psychology,3.57,2,Yes,2,Manufacturing,Philadelphia,Medium,Masters,1.0,40.0,7,63484,110023,7.5
GRAD_007416,2018,24,Male,White,Top 100,Computer Science,3.33,1,No,3,Healthcare,Philadelphia,Startup,Masters,2.0,0.0,6,99000,150252,7.1
GRAD_007417,2017,24,Female,Asian,Regional,Economics,2.99,0,No,1,Government,Atlanta,Small,None,1.0,0.0,7,64420,86228,3.6
GRAD_007418,2018,22,Male,Asian,Top 10,Business,3.61,3,,1,Government,Miami,Large,None,2.0,40.0,6,104897,135641,7.1
GRAD_007419,2021,24,Female,White,Regional,Communications,3.1,3,No,1,Technology,Austin,Medium,PhD,3.0,0.0,3,87079,124585,8.0
GRAD_007420,2018,24,Female,White,Top 10,Computer Science,3.79,2,Yes,0,Retail,Atlanta,Small,None,2.0,0.0,6,123622,176680,6.4
GRAD_007421,2022,24,Female,Hispanic,Top 100,Computer Science,3.13,2,No,1,Manufacturing,Seattle,Medium,None,,0.0,2,140056,168424,7.4
GRAD_007422,2015,22,Female,White,Top 100,Liberal Arts,3.07,1,No,0,Retail,San Francisco,Large,None,2.0,40.0,9,61015,113728,7.4
GRAD_007423,2018,22,Female,White,Top 100,Engineering,3.09,0,No,1,Media,Dallas,Fortune 500,None,3.0,40.0,6,84081,107885,8.0
GRAD_007424,2022,22,Male,White,Regional,Biology,3.19,6,Yes,1,Finance,Chicago,Medium,None,1.0,0.0,2,103206,116780,6.8
GRAD_007425,2021,26,Female,Black,Top 100,Political Science,3.51,1,No,0,Consulting,Miami,Small,Masters,1.0,60.0,3,80289,102783,4.5
GRAD_007426,2022,23,Female,Asian,Top 100,Liberal Arts,3.25,2,No,3,Finance,Boston,Fortune 500,None,1.0,20.0,2,85962,96327,4.6
GRAD_007427,2018,22,Male,White,Top 100,Business,3.87,0,No,0,Energy,Dallas,Fortune 500,None,2.0,0.0,6,90151,137248,9.4
GRAD_007428,2018,23,Male,Other,Regional,Political Science,3.27,2,Yes,1,Consulting,Denver,Small,Masters,3.0,100.0,6,69719,122984,4.8
GRAD_007429,2023,22,Female,White,Regional,Psychology,2.94,1,No,0,Manufacturing,Denver,Fortune 500,MBA,2.0,20.0,1,55610,76239,3.4
GRAD_007430,2021,25,Female,White,Regional,Finance,3.38,2,Yes,2,Technology,Austin,Medium,None,2.0,40.0,3,114622,138620,5.3
GRAD_007431,2019,22,Male,White,Regional,Political Science,4.0,0,Yes,0,Transportation,Atlanta,Large,MBA,1.0,40.0,5,51164,91775,5.2
GRAD_007432,2017,23,Female,Asian,Top 100,Political Science,3.3,1,No,1,Media,New York,Fortune 500,PhD,4.0,60.0,7,75085,119637,7.4
GRAD_007433,2016,22,Female,White,Top 50,Business,2.69,3,No,1,Media,New York,Startup,MBA,2.0,40.0,8,117737,212643,7.4
GRAD_007434,2022,20,Male,White,Regional,Psychology,3.0,1,,1,Non-profit,Chicago,Small,None,0.0,0.0,2,40471,45116,6.8
GRAD_007435,2021,22,Male,White,Top 100,Communications,3.42,0,,1,Retail,Dallas,Large,None,4.0,20.0,3,42492,58774,6.9
GRAD_007436,2020,23,Female,White,Top 100,Data Science,2.64,0,No,2,Energy,Denver,Large,None,2.0,40.0,4,98515,121631,8.3
GRAD_007437,2022,22,Female,White,Top 50,Psychology,3.87,0,No,2,Education,Miami,Startup,None,2.0,80.0,2,57564,63618,5.2
GRAD_007438,2023,20,Male,White,Regional,Finance,3.16,1,No,1,Healthcare,Atlanta,Large,None,1.0,20.0,1,75356,82181,4.5
GRAD_007439,2022,24,Male,White,Top 100,Marketing,2.28,1,No,2,Manufacturing,Portland,Small,PhD,3.0,20.0,2,68966,102385,8.5
GRAD_007440,2019,20,Male,Hispanic,Top 50,Liberal Arts,4.0,2,No,1,Healthcare,Austin,Medium,None,3.0,100.0,5,83674,109553,7.3
GRAD_007441,2017,21,Male,Asian,Top 50,Engineering,3.82,2,No,1,Finance,Denver,Large,None,0.0,,7,132805,201192,7.7
GRAD_007442,2021,20,Male,White,Regional,Liberal Arts,3.09,2,Yes,0,Non-profit,Miami,Startup,None,4.0,60.0,3,47647,68931,9.1
GRAD_007443,2017,20,Female,White,Regional,Computer Science,2.99,3,No,0,Energy,Miami,Startup,None,1.0,80.0,7,117501,169732,8.7
GRAD_007444,2022,22,Male,Black,Top 100,Chemistry,3.27,0,No,1,Technology,Chicago,Large,None,5.0,40.0,2,104587,127644,8.5
GRAD_007445,2018,23,Male,White,Regional,Mathematics,3.88,0,No,1,Energy,Austin,Medium,Masters,,,6,109030,167961,6.0
GRAD_007446,2016,21,Male,Asian,Top 50,Business,3.3,2,Yes,0,Non-profit,Philadelphia,Large,None,1.0,20.0,8,66159,109655,8.4
GRAD_007447,2017,23,Male,Asian,Top 100,Computer Science,2.8,1,No,0,Non-profit,Phoenix,Small,Masters,0.0,0.0,7,65674,110279,6.8
GRAD_007448,2017,23,Male,Hispanic,Top 100,Marketing,3.75,4,No,2,Consulting,Miami,Medium,Masters,7.0,40.0,7,108997,196333,6.1
GRAD_007449,2018,22,Female,White,Top 100,Chemistry,3.48,1,No,0,Manufacturing,New York,Medium,None,2.0,20.0,6,97316,118852,10.0
GRAD_007450,2017,20,Male,White,Top 50,Mathematics,2.81,7,No,0,Real Estate,Boston,Large,None,4.0,60.0,7,109312,179687,6.0
GRAD_007451,2017,24,Male,Other,Top 50,Business,3.06,3,No,2,Finance,Dallas,Medium,None,3.0,60.0,7,115885,158187,7.7
GRAD_007452,2019,21,Male,Asian,Regional,Liberal Arts,3.24,1,Yes,1,Manufacturing,San Francisco,Fortune 500,MD,3.0,80.0,5,76969,158738,8.1
GRAD_007453,2022,20,Female,White,Top 100,Marketing,3.25,2,No,1,Education,Austin,Medium,None,3.0,100.0,2,58414,69793,6.9
GRAD_007454,2015,21,Male,White,Regional,Data Science,3.62,1,No,2,Retail,New York,Large,Masters,2.0,40.0,9,111904,180154,9.1
GRAD_007455,2018,23,Male,White,Regional,Data Science,3.69,2,No,0,Media,Philadelphia,Large,Masters,2.0,80.0,6,88514,138552,8.5
GRAD_007456,2020,23,Male,White,Top 100,Marketing,3.43,0,No,1,Non-profit,Austin,Large,None,0.0,20.0,4,55401,67961,7.2
GRAD_007457,2022,20,Other,Hispanic,Top 100,Engineering,3.68,2,Yes,1,Non-profit,Seattle,Large,Masters,1.0,40.0,2,96593,128326,4.8
GRAD_007458,2018,20,Female,White,Top 100,Finance,3.46,5,No,0,Transportation,Phoenix,Large,None,2.0,20.0,6,75196,96568,4.0
GRAD_007459,2018,22,Female,White,Regional,Liberal Arts,2.95,0,Yes,1,Retail,Chicago,Medium,None,3.0,0.0,6,43995,60212,5.8
GRAD_007460,2022,23,Female,White,Regional,Communications,3.32,0,No,2,Retail,Boston,Startup,JD,1.0,80.0,2,58749,84493,5.5
GRAD_007461,2018,24,Female,Hispanic,Top 100,Computer Science,3.12,4,Yes,0,Government,New York,Large,Masters,2.0,60.0,6,156559,228027,6.1
GRAD_007462,2022,24,Female,White,Top 100,Chemistry,3.7,0,Yes,2,Media,San Francisco,Small,None,1.0,0.0,2,92672,102261,9.0
GRAD_007463,2019,22,Female,White,Regional,Business,3.06,2,No,0,Consulting,Los Angeles,Medium,None,3.0,100.0,5,109935,142076,8.3
GRAD_007464,2020,21,Female,White,Top 100,Finance,3.42,0,No,2,Retail,Portland,Fortune 500,None,2.0,60.0,4,79356,99883,5.7
GRAD_007465,2020,21,Female,White,Top 100,Business,3.08,1,No,0,Real Estate,Denver,Fortune 500,None,3.0,0.0,4,88855,111447,7.4
GRAD_007466,2016,22,Female,White,Top 50,Mathematics,2.73,2,No,2,Retail,Chicago,Medium,MBA,3.0,0.0,8,82349,148014,7.6
GRAD_007467,2018,21,Female,Black,Top 100,Business,3.33,1,No,2,Government,Philadelphia,Small,None,1.0,40.0,6,62413,91742,5.5
GRAD_007468,2017,24,Male,White,Regional,Economics,3.4,4,Yes,0,Transportation,New York,Medium,Masters,3.0,40.0,7,94386,175066,9.4
GRAD_007469,2021,24,Male,White,Top 100,Computer Science,3.66,1,No,1,Non-profit,Los Angeles,Medium,Masters,,40.0,3,86575,114500,10.0
GRAD_007470,2023,20,Female,Black,Regional,Engineering,3.55,3,Yes,1,Consulting,Washington DC,Fortune 500,None,2.0,20.0,1,108008,109918,6.1
GRAD_007471,2017,22,Female,Hispanic,Regional,Mathematics,2.87,2,No,0,Transportation,Phoenix,Small,Masters,2.0,0.0,7,71280,103942,5.9
GRAD_007472,2016,25,Female,White,Regional,Liberal Arts,3.29,1,No,0,Education,Los Angeles,Large,Masters,0.0,60.0,8,54334,78732,6.9
GRAD_007473,2020,24,Male,White,Regional,Computer Science,2.93,1,No,3,Finance,Washington DC,Small,MBA,1.0,60.0,4,135465,214437,7.1
GRAD_007474,2019,22,Female,Black,Regional,Liberal Arts,3.01,1,No,0,Media,Dallas,Medium,None,2.0,0.0,5,53725,68759,6.0
GRAD_007475,2015,24,Female,White,Top 100,Computer Science,3.4,1,No,1,Education,Boston,Startup,Masters,1.0,0.0,9,85630,152685,5.6
GRAD_007476,2023,24,Male,White,Regional,Liberal Arts,3.48,0,No,2,Technology,Atlanta,Medium,None,1.0,60.0,1,73099,79831,6.4
GRAD_007477,2023,22,Female,White,Regional,Engineering,2.75,2,No,1,Media,Los Angeles,Large,None,1.0,40.0,1,102875,105409,6.4
GRAD_007478,2022,20,Male,White,Top 50,Marketing,3.41,1,No,0,Retail,Atlanta,Medium,None,2.0,40.0,2,56396,69922,4.4
GRAD_007479,2018,23,Female,White,Top 50,Liberal Arts,3.4,0,Yes,2,Education,Los Angeles,Medium,None,4.0,,6,58753,81149,6.6
GRAD_007480,2016,23,Male,White,Top 10,Economics,2.91,1,Yes,1,Retail,Los Angeles,Large,None,2.0,40.0,8,84683,133219,6.1
GRAD_007481,2020,20,Male,White,Regional,Data Science,3.25,2,No,0,Government,Chicago,Large,MBA,4.0,0.0,4,97866,163637,6.2
GRAD_007482,2018,22,Female,Other,Top 10,Business,2.93,4,No,3,Retail,Phoenix,Medium,None,3.0,60.0,6,85689,125351,5.1
GRAD_007483,2017,21,Male,White,Top 100,Engineering,2.66,4,No,1,Technology,Portland,Large,None,3.0,,7,148388,235290,6.3
GRAD_007484,2021,20,Male,Black,Regional,Engineering,3.66,1,No,0,Manufacturing,Seattle,Large,Masters,0.0,20.0,3,113600,148651,7.6
GRAD_007485,2022,22,Female,White,Top 100,Economics,3.62,0,Yes,1,Manufacturing,Dallas,Small,None,1.0,20.0,2,84235,88406,5.9
GRAD_007486,2020,24,Male,White,Regional,Biology,3.24,2,Yes,2,Healthcare,Denver,Medium,None,2.0,20.0,4,80748,111024,9.3
GRAD_007487,2018,22,Other,White,Regional,Mathematics,3.46,1,Yes,1,Real Estate,New York,Startup,None,,0.0,6,111375,164474,9.7
GRAD_007488,2020,22,Male,White,Top 100,Marketing,2.91,3,Yes,2,Technology,Seattle,Fortune 500,None,1.0,0.0,4,128499,162800,6.3
GRAD_007489,2020,20,Female,Black,Regional,Business,3.6,1,,2,Education,New York,Fortune 500,None,2.0,0.0,4,86118,102577,7.6
GRAD_007490,2015,23,Male,White,Regional,Chemistry,3.36,0,No,2,Retail,Dallas,Large,MD,1.0,0.0,9,58305,123632,5.4
GRAD_007491,2019,21,Female,Asian,Top 50,Data Science,2.86,1,No,2,Technology,Dallas,Small,Masters,3.0,60.0,5,143487,207477,6.0
GRAD_007492,2020,21,Male,Black,Top 100,Chemistry,3.41,2,No,2,Finance,Portland,Medium,None,3.0,,4,94444,129218,3.3
GRAD_007493,2016,23,Female,White,Regional,Political Science,3.43,1,No,0,Energy,Seattle,Small,None,,60.0,8,84578,112054,7.2
GRAD_007494,2019,20,Male,White,Top 100,Psychology,3.12,0,No,1,Finance,Washington DC,Large,None,2.0,40.0,5,99904,131963,7.1
GRAD_007495,2018,22,Female,Asian,Top 50,Communications,2.77,0,No,2,Retail,Dallas,Fortune 500,MBA,2.0,60.0,6,50730,80335,5.8
GRAD_007496,2022,20,Female,White,Regional,Business,3.13,2,No,1,Consulting,Philadelphia,Medium,None,2.0,20.0,2,95116,107414,7.5
GRAD_007497,2019,22,Male,White,Top 10,Chemistry,3.7,0,No,1,Finance,Portland,Small,JD,3.0,0.0,5,116683,189640,9.8
GRAD_007498,2019,20,Male,Hispanic,Top 100,Marketing,3.54,2,Yes,0,Technology,Washington DC,Fortune 500,None,1.0,0.0,5,103018,136840,9.0
GRAD_007499,2017,23,Male,White,Regional,Economics,3.41,0,No,1,Manufacturing,San Francisco,Startup,Masters,0.0,40.0,7,95362,151656,8.2
GRAD_007500,2023,23,Female,White,Top 50,Business,3.06,1,No,0,Energy,Portland,Medium,None,0.0,0.0,1,91871,93287,5.8
GRAD_007501,2023,25,Female,White,Top 50,Computer Science,3.1,2,No,1,Government,Washington DC,Large,None,3.0,20.0,1,118774,129702,9.3
GRAD_007502,2018,22,Male,White,Top 50,Political Science,2.98,0,,0,Education,Denver,Medium,None,1.0,0.0,6,50658,65884,7.9
GRAD_007503,2023,21,Male,White,Top 100,Business,3.36,0,No,0,Healthcare,San Francisco,Large,None,1.0,0.0,1,110234,119676,7.4
GRAD_007504,2020,23,Female,White,Top 10,Psychology,3.38,1,Yes,4,Energy,Washington DC,Medium,Masters,,,4,116675,153428,8.8
GRAD_007505,2022,23,Female,Other,Regional,Political Science,3.7,2,No,2,Healthcare,Miami,Fortune 500,Masters,0.0,100.0,2,73988,89035,5.8
GRAD_007506,2016,24,Male,Black,Top 100,Data Science,2.78,0,,1,Real Estate,Dallas,Large,None,3.0,0.0,8,86112,141587,8.6
GRAD_007507,2015,20,Male,Asian,Top 100,Economics,3.22,0,No,2,Consulting,Atlanta,Fortune 500,None,1.0,20.0,9,91895,159426,4.4
GRAD_007508,2020,21,Male,Asian,Top 50,Biology,3.07,2,No,1,Technology,Phoenix,Small,None,1.0,20.0,4,80410,104884,6.8
GRAD_007509,2015,21,Female,White,Top 10,Computer Science,3.32,3,No,1,Technology,Austin,Small,Masters,3.0,0.0,9,180061,290356,7.9
GRAD_007510,2023,24,Female,White,Regional,Marketing,3.53,0,No,0,Government,Los Angeles,Fortune 500,None,5.0,40.0,1,74269,92229,8.5
GRAD_007511,2022,23,Male,Asian,Regional,Business,3.06,2,No,1,Healthcare,Atlanta,Large,None,3.0,40.0,2,87863,104087,8.1
GRAD_007512,2021,24,Female,Black,Top 50,Computer Science,3.55,2,Yes,2,Non-profit,Phoenix,Large,MBA,4.0,60.0,3,74132,114436,10.0
GRAD_007513,2015,20,Female,Hispanic,Top 10,Liberal Arts,3.5,2,No,2,Retail,Atlanta,Large,None,4.0,0.0,9,65136,107257,6.7
GRAD_007514,2019,22,Female,Asian,Top 100,Data Science,3.19,0,No,0,Consulting,Washington DC,Small,None,,20.0,5,142392,190267,8.6
GRAD_007515,2015,20,Female,Other,Top 100,Economics,3.63,1,No,3,Retail,Portland,Large,MBA,1.0,0.0,9,76873,130836,9.3
GRAD_007516,2023,20,Female,White,Top 100,Political Science,3.47,1,,0,Education,Denver,Startup,Masters,3.0,40.0,1,53018,71816,7.7
GRAD_007517,2020,22,Male,Hispanic,Regional,Computer Science,3.06,0,Yes,0,Government,Washington DC,Startup,None,2.0,0.0,4,115701,139693,8.5
GRAD_007518,2016,22,Male,White,Regional,Engineering,3.04,2,,2,Finance,Boston,Large,None,2.0,60.0,8,119070,183069,7.2
GRAD_007519,2020,23,Female,Other,Regional,Engineering,3.6,1,No,0,Finance,Chicago,Medium,None,2.0,20.0,4,116183,129579,4.0
GRAD_007520,2016,21,Male,White,Top 10,Engineering,3.11,3,No,3,Energy,Denver,Fortune 500,None,1.0,0.0,8,119585,207333,8.3
GRAD_007521,2016,23,Female,White,Top 100,Computer Science,3.53,3,No,0,Non-profit,Los Angeles,Large,None,1.0,0.0,8,103661,138953,7.7
GRAD_007522,2016,22,Male,White,Top 100,Engineering,2.91,2,No,0,Government,Seattle,Fortune 500,Masters,,20.0,8,111179,199033,8.2
GRAD_007523,2022,24,Female,White,Regional,Biology,3.65,0,No,1,Media,Seattle,Startup,None,3.0,20.0,2,60861,69798,3.8
GRAD_007524,2020,21,Male,White,Top 50,Business,2.74,3,Yes,0,Technology,Atlanta,Large,None,1.0,,4,119501,159369,6.2
GRAD_007525,2018,20,Male,White,Regional,Economics,2.74,0,No,3,Education,Atlanta,Large,None,4.0,0.0,6,50503,78801,6.2
GRAD_007526,2015,23,Female,Hispanic,Top 100,Liberal Arts,3.13,3,No,2,Real Estate,Seattle,Medium,None,4.0,20.0,9,88485,166356,8.0
GRAD_007527,2019,23,Female,Hispanic,Top 100,Computer Science,3.74,0,No,0,Retail,Chicago,Large,None,0.0,20.0,5,93481,118922,4.7
GRAD_007528,2020,21,Male,White,Regional,Business,3.67,0,No,2,Government,Chicago,Medium,None,2.0,0.0,4,75856,104608,8.8
GRAD_007529,2018,22,Female,White,Top 50,Data Science,3.54,2,No,1,Healthcare,Boston,Medium,None,1.0,40.0,6,125966,154393,6.2
GRAD_007530,2019,22,Female,White,Top 100,Computer Science,3.49,3,,0,Consulting,Chicago,Fortune 500,None,1.0,40.0,5,114641,145415,8.6
GRAD_007531,2016,21,Male,Hispanic,Regional,Marketing,3.05,2,No,1,Government,Portland,Large,None,2.0,80.0,8,66792,96962,6.9
GRAD_007532,2023,20,Male,Black,Regional,Finance,2.79,0,No,0,Finance,Portland,Fortune 500,Masters,3.0,0.0,1,93002,123203,6.3
GRAD_007533,2017,22,Male,White,Top 100,Psychology,3.76,2,No,2,Consulting,Miami,Fortune 500,None,2.0,40.0,7,80014,120229,5.3
GRAD_007534,2023,23,Male,Asian,Regional,Computer Science,3.7,3,No,1,Healthcare,Denver,Large,Masters,1.0,60.0,1,115628,143798,5.9
GRAD_007535,2019,21,Male,Black,Top 100,Liberal Arts,2.96,2,Yes,2,Consulting,Dallas,Small,PhD,1.0,20.0,5,75130,112399,6.0
GRAD_007536,2022,22,Male,Asian,Top 100,Computer Science,3.37,2,No,1,Non-profit,Austin,Large,None,1.0,100.0,2,78680,88396,6.2
GRAD_007537,2020,22,Female,White,Top 100,Mathematics,3.23,1,No,0,Healthcare,Washington DC,Large,Masters,0.0,20.0,4,110590,153962,7.1
GRAD_007538,2022,20,Male,White,Regional,Psychology,2.94,1,Yes,1,Real Estate,Chicago,Fortune 500,None,2.0,0.0,2,58995,70193,6.7
GRAD_007539,2015,22,Male,White,Regional,Liberal Arts,2.81,2,No,1,Transportation,Los Angeles,Large,PhD,2.0,20.0,9,65764,143254,7.4
GRAD_007540,2017,21,Female,White,Top 10,Psychology,3.4,1,No,2,Energy,Portland,Startup,None,2.0,20.0,7,99637,143756,4.8
GRAD_007541,2018,23,Female,Black,Top 10,Business,3.24,1,No,0,Consulting,Washington DC,Small,None,4.0,60.0,6,113177,147469,9.1
GRAD_007542,2018,24,Female,Asian,Regional,Chemistry,3.14,1,No,2,Real Estate,New York,Large,None,4.0,60.0,6,87898,127973,6.5
GRAD_007543,2023,23,Male,White,Top 50,Economics,3.26,3,Yes,1,Transportation,Miami,Small,None,0.0,40.0,1,98559,103501,7.2
GRAD_007544,2019,21,Female,Hispanic,Regional,Biology,3.27,1,No,1,Real Estate,Austin,Fortune 500,None,3.0,0.0,5,80697,101243,5.1
GRAD_007545,2023,20,Female,White,Regional,Computer Science,3.41,3,No,1,Real Estate,Miami,Medium,Masters,0.0,80.0,1,119908,135602,8.5
GRAD_007546,2021,20,Male,White,Regional,Data Science,3.73,0,,0,Technology,Chicago,Small,None,1.0,0.0,3,154720,187677,3.0
GRAD_007547,2022,22,Female,White,Regional,Economics,3.63,1,,0,Transportation,Washington DC,Startup,Masters,2.0,20.0,2,85193,111789,5.7
GRAD_007548,2019,21,Female,Asian,Top 100,Business,3.58,0,Yes,1,Government,Boston,Fortune 500,None,2.0,20.0,5,92919,118948,4.4
GRAD_007549,2017,20,Male,Other,Top 50,Chemistry,3.14,2,No,2,Real Estate,Atlanta,Startup,Masters,3.0,20.0,7,81701,128057,5.4
GRAD_007550,2015,25,Female,Asian,Top 50,Business,3.05,1,No,1,Manufacturing,Philadelphia,Small,Masters,2.0,100.0,9,93075,170823,9.6
GRAD_007551,2021,23,Male,White,Regional,Business,3.06,3,No,2,Energy,Phoenix,Large,Masters,0.0,60.0,3,90017,117559,8.2
GRAD_007552,2023,23,Male,Asian,Top 100,Data Science,3.61,1,Yes,0,Transportation,Atlanta,Startup,None,1.0,60.0,1,98051,107352,6.6
GRAD_007553,2016,22,Female,Other,Top 10,Economics,3.57,1,,0,Energy,Los Angeles,Medium,Masters,2.0,40.0,8,118697,215230,8.8
GRAD_007554,2022,24,Male,Asian,Top 100,Business,2.7,2,No,0,Manufacturing,Dallas,Small,None,,,2,81711,89105,6.8
GRAD_007555,2018,22,Male,White,Regional,Economics,3.65,1,No,0,Manufacturing,Philadelphia,Large,None,5.0,100.0,6,69279,115823,5.1
GRAD_007556,2023,23,Male,Asian,Top 100,Marketing,3.39,1,No,1,Consulting,Miami,Large,None,2.0,0.0,1,95203,105155,7.2
GRAD_007557,2022,23,Male,White,Regional,Business,3.31,1,No,0,Education,San Francisco,Fortune 500,None,2.0,40.0,2,70644,82663,6.9
GRAD_007558,2017,25,Male,White,Top 50,Computer Science,3.69,2,Yes,2,Education,Los Angeles,Large,Masters,2.0,,7,119405,203682,8.4
GRAD_007559,2022,22,Male,Other,Top 10,Communications,3.4,2,No,2,Transportation,Los Angeles,Fortune 500,MD,,0.0,2,77267,136050,7.8
GRAD_007560,2021,24,Male,White,Regional,Engineering,2.99,2,No,3,Energy,Philadelphia,Large,MBA,0.0,80.0,3,111029,167782,9.1
GRAD_007561,2022,20,Male,White,Top 10,Business,3.04,1,No,1,Healthcare,Dallas,Large,None,0.0,100.0,2,108441,122087,4.5
GRAD_007562,2016,25,Female,Asian,Regional,Liberal Arts,3.38,2,Yes,1,Technology,San Francisco,Startup,None,2.0,100.0,8,112175,162117,10.0
GRAD_007563,2022,23,Male,Asian,Regional,Political Science,3.36,1,No,1,Government,San Francisco,Large,None,3.0,0.0,2,82403,96604,6.0
GRAD_007564,2017,23,Female,White,Top 50,Computer Science,3.52,2,No,0,Non-profit,Dallas,Medium,None,4.0,80.0,7,80063,114026,10.0
GRAD_007565,2020,20,Male,White,Regional,Communications,4.0,2,No,0,Finance,Miami,Startup,None,1.0,40.0,4,75372,96930,7.3
GRAD_007566,2016,20,Male,White,Regional,Business,3.74,1,Yes,1,Finance,Los Angeles,Small,None,1.0,0.0,8,101789,152949,2.9
GRAD_007567,2020,21,Female,White,Regional,Liberal Arts,2.99,0,Yes,0,Retail,Portland,Large,None,1.0,0.0,4,46800,60381,5.5
GRAD_007568,2023,22,Female,White,Regional,Economics,3.32,4,No,0,Energy,Boston,Large,PhD,2.0,0.0,1,127796,156020,8.3
GRAD_007569,2017,22,Male,Hispanic,Regional,Liberal Arts,3.2,1,No,1,Real Estate,Seattle,Medium,Masters,2.0,80.0,7,70890,114384,4.5
GRAD_007570,2022,21,Female,Black,Regional,Political Science,3.39,2,,1,Non-profit,Washington DC,Startup,None,2.0,0.0,2,53695,62159,6.6
GRAD_007571,2019,22,Female,White,Top 100,Computer Science,2.95,2,No,0,Healthcare,Atlanta,Small,Masters,1.0,20.0,5,104397,142185,7.4
GRAD_007572,2018,20,Female,Hispanic,Top 10,Political Science,2.8,0,No,1,Education,Austin,Startup,None,1.0,60.0,6,74674,99874,4.7
GRAD_007573,2015,23,Female,White,Top 50,Communications,2.83,3,No,0,Finance,Phoenix,Fortune 500,MBA,2.0,,9,70756,143921,9.4
GRAD_007574,2020,22,Female,White,Regional,Data Science,2.43,1,No,2,Finance,Phoenix,Small,MBA,3.0,40.0,4,106487,160890,8.2
GRAD_007575,2017,23,Female,Asian,Top 100,Engineering,3.04,3,No,1,Technology,Chicago,Large,None,2.0,60.0,7,125198,202197,7.0
GRAD_007576,2023,21,Male,Asian,Top 100,Computer Science,4.0,2,No,3,Consulting,Atlanta,Large,None,1.0,0.0,1,139551,147418,5.6
GRAD_007577,2017,21,Male,White,Top 50,Psychology,3.14,2,No,0,Energy,Seattle,Large,None,1.0,60.0,7,105329,148992,8.4
GRAD_007578,2020,22,Female,Black,Regional,Business,3.41,0,No,0,Retail,San Francisco,Medium,None,3.0,40.0,4,91672,114560,5.9
GRAD_007579,2020,23,Male,Asian,Top 50,Liberal Arts,2.92,2,No,0,Manufacturing,Los Angeles,Large,None,3.0,40.0,4,80575,107179,4.6
GRAD_007580,2018,24,Female,Black,Top 10,Business,3.02,1,No,1,Education,Dallas,Large,MD,4.0,80.0,6,76212,178994,9.0
GRAD_007581,2022,22,Other,White,Top 100,Engineering,2.95,1,No,3,Technology,Denver,Startup,None,3.0,0.0,2,130463,149002,7.9
GRAD_007582,2017,23,Female,Asian,Regional,Political Science,3.08,1,Yes,1,Retail,Washington DC,Small,Masters,1.0,60.0,7,53080,77499,4.2
GRAD_007583,2022,22,Female,White,Top 100,Business,3.29,3,No,1,Transportation,San Francisco,Fortune 500,MBA,0.0,100.0,2,94815,126321,7.2
GRAD_007584,2017,22,Female,Hispanic,Top 100,Liberal Arts,3.68,1,No,1,Manufacturing,Portland,Fortune 500,None,5.0,40.0,7,70977,123692,5.4
GRAD_007585,2015,20,Female,White,Regional,Marketing,3.78,1,Yes,0,Technology,Los Angeles,Small,MBA,3.0,60.0,9,100770,162004,4.8
GRAD_007586,2023,22,Male,Hispanic,Top 100,Data Science,3.53,0,Yes,1,Education,Seattle,Medium,None,0.0,20.0,1,95838,100671,7.2
GRAD_007587,2021,21,Male,White,Top 100,Business,3.56,3,Yes,2,Manufacturing,Boston,Large,Masters,2.0,20.0,3,95156,127587,7.8
GRAD_007588,2021,23,Female,Black,Regional,Computer Science,3.17,2,No,3,Technology,Denver,Small,None,0.0,60.0,3,137179,140307,6.0
GRAD_007589,2017,21,Female,White,Regional,Data Science,4.0,1,No,2,Media,Chicago,Large,None,0.0,20.0,7,102498,126573,7.9
GRAD_007590,2016,21,Female,White,Top 100,Psychology,3.03,1,Yes,0,Finance,Miami,Small,MD,3.0,60.0,8,86702,175183,8.6
GRAD_007591,2021,21,Male,Hispanic,Top 50,Data Science,3.28,0,,3,Technology,Atlanta,Fortune 500,None,0.0,0.0,3,111971,129482,7.1
GRAD_007592,2020,23,Male,White,Top 50,Engineering,3.16,3,No,1,Education,Atlanta,Large,Masters,2.0,0.0,4,86092,117743,7.8
GRAD_007593,2018,22,Male,White,Regional,Computer Science,3.65,0,Yes,2,Technology,Philadelphia,Startup,MBA,3.0,60.0,6,114914,217886,6.8
GRAD_007594,2018,23,Female,White,Regional,Data Science,3.14,2,No,0,Energy,Portland,Fortune 500,None,2.0,20.0,6,107832,142831,8.1
GRAD_007595,2023,20,Male,White,Top 50,Liberal Arts,3.36,0,Yes,1,Real Estate,Portland,Medium,None,1.0,0.0,1,68115,75338,3.2
GRAD_007596,2023,25,Female,Asian,Regional,Chemistry,3.63,4,Yes,1,Manufacturing,New York,Large,MBA,3.0,40.0,1,87777,115730,6.9
GRAD_007597,2018,20,Male,White,Regional,Engineering,2.93,2,No,1,Education,San Francisco,Large,None,3.0,20.0,6,94127,148048,10.0
GRAD_007598,2022,23,Female,White,Top 10,Chemistry,3.51,2,No,0,Transportation,Seattle,Startup,None,3.0,100.0,2,93142,104492,8.3
GRAD_007599,2017,23,Female,White,Top 100,Engineering,3.42,2,No,1,Transportation,San Francisco,Small,Masters,1.0,60.0,7,131031,226103,8.3
GRAD_007600,2022,23,Female,Asian,Top 100,Data Science,3.02,1,Yes,1,Healthcare,Washington DC,Medium,None,1.0,100.0,2,105713,113928,7.8
GRAD_007601,2016,21,Male,White,Regional,Psychology,3.1,3,Yes,1,Government,Chicago,Small,Masters,3.0,40.0,8,60024,119516,7.1
GRAD_007602,2022,21,Female,White,Top 50,Liberal Arts,3.26,1,Yes,1,Technology,Austin,Medium,None,4.0,60.0,2,103542,123163,9.3
GRAD_007603,2020,23,Female,Asian,Top 50,Business,3.37,2,No,0,Healthcare,Denver,Medium,None,0.0,80.0,4,84866,93004,5.7
GRAD_007604,2016,22,Male,Hispanic,Top 100,Chemistry,3.8,2,Yes,0,Government,Los Angeles,Medium,None,2.0,100.0,8,85214,133064,9.1
GRAD_007605,2020,21,Male,White,Regional,Engineering,3.93,0,Yes,1,Consulting,New York,Medium,None,0.0,0.0,4,137748,175451,7.5
GRAD_007606,2017,23,Female,White,Regional,Business,3.04,2,Yes,0,Transportation,Washington DC,Large,None,,100.0,7,82846,104763,6.4
GRAD_007607,2017,25,Female,White,Top 100,Engineering,4.0,4,No,0,Consulting,Atlanta,Startup,None,1.0,20.0,7,109812,142497,6.8
GRAD_007608,2019,21,Female,Hispanic,Top 50,Engineering,3.14,1,No,1,Technology,San Francisco,Small,Masters,3.0,80.0,5,186256,241657,8.8
GRAD_007609,2023,23,Female,Hispanic,Regional,Mathematics,3.94,1,No,1,Manufacturing,Atlanta,Large,MBA,,0.0,1,71952,98702,5.2
GRAD_007610,2023,22,Female,Asian,Top 50,Economics,3.8,2,No,2,Media,Denver,Medium,None,5.0,60.0,1,81340,95954,5.3
GRAD_007611,2022,21,Female,White,Top 100,Economics,2.95,1,No,1,Healthcare,San Francisco,Large,None,2.0,0.0,2,135186,146735,8.1
GRAD_007612,2022,23,Female,Hispanic,Regional,Economics,2.81,1,No,0,Non-profit,Dallas,Large,MD,2.0,20.0,2,62579,101774,5.6
GRAD_007613,2019,23,Male,Hispanic,Top 10,Liberal Arts,3.34,0,Yes,3,Healthcare,Boston,Large,None,0.0,60.0,5,80563,106995,8.3
GRAD_007614,2018,21,Male,Black,Top 100,Economics,3.62,2,No,2,Retail,Atlanta,Large,None,2.0,20.0,6,74371,113114,8.4
GRAD_007615,2023,24,Male,Hispanic,Top 100,Engineering,3.31,0,No,0,Government,Chicago,Startup,Masters,1.0,60.0,1,77739,96471,7.2
GRAD_007616,2016,22,Male,White,Regional,Computer Science,3.32,1,No,0,Manufacturing,Portland,Large,Masters,,40.0,8,108461,165982,9.1
GRAD_007617,2023,24,Female,White,Top 100,Business,3.46,5,No,1,Retail,New York,Large,None,1.0,0.0,1,103892,103696,6.5
GRAD_007618,2020,23,Female,White,Regional,Communications,2.75,0,,1,Government,Philadelphia,Medium,JD,4.0,40.0,4,60323,111345,8.1
GRAD_007619,2020,22,Female,White,Top 10,Finance,3.34,0,No,3,Retail,New York,Large,None,0.0,0.0,4,137118,164368,8.6
GRAD_007620,2018,22,Male,White,Top 100,Mathematics,3.02,2,No,1,Consulting,Portland,Small,Masters,2.0,100.0,6,104095,181768,4.7
GRAD_007621,2017,23,Male,White,Regional,Business,3.17,1,No,0,Manufacturing,Denver,Small,None,4.0,60.0,7,80485,130722,7.0
GRAD_007622,2021,20,Male,Hispanic,Top 50,Economics,2.85,2,No,3,Finance,Atlanta,Small,None,2.0,40.0,3,99882,118345,5.4
GRAD_007623,2018,23,Male,White,Regional,Business,2.84,3,Yes,2,Education,Austin,Fortune 500,None,0.0,80.0,6,60258,72570,7.9
GRAD_007624,2018,24,Male,White,Regional,Computer Science,3.41,3,Yes,2,Government,Seattle,Medium,JD,2.0,40.0,6,102177,195549,5.6
GRAD_007625,2016,23,Female,White,Regional,Business,3.25,3,No,1,Consulting,Boston,Startup,Masters,2.0,20.0,8,110312,184496,9.9
GRAD_007626,2020,20,Male,Black,Top 100,Liberal Arts,3.88,2,No,0,Real Estate,Portland,Medium,Masters,1.0,60.0,4,74314,105649,7.1
GRAD_007627,2020,20,Female,Other,Regional,Liberal Arts,3.17,0,No,2,Technology,Seattle,Medium,None,0.0,60.0,4,100859,117203,5.4
GRAD_007628,2019,22,Male,White,Top 50,Engineering,3.56,2,No,0,Transportation,Portland,Large,None,4.0,0.0,5,91511,121573,7.8
GRAD_007629,2015,21,Female,White,Top 50,Communications,3.71,1,No,0,Real Estate,Philadelphia,Medium,None,1.0,0.0,9,83392,125734,7.8
GRAD_007630,2019,23,Female,White,Top 100,Data Science,3.36,3,No,1,Non-profit,New York,Fortune 500,None,2.0,40.0,5,102432,136514,10.0
GRAD_007631,2018,21,Female,Black,Top 100,Communications,3.39,0,No,1,Media,Philadelphia,Large,PhD,2.0,80.0,6,58410,92731,8.4
GRAD_007632,2016,23,Female,White,Top 100,Psychology,3.73,0,No,0,Government,Los Angeles,Fortune 500,None,4.0,20.0,8,73835,112491,8.1
GRAD_007633,2020,25,Female,White,Top 50,Business,3.77,4,Yes,0,Education,Miami,Large,None,3.0,0.0,4,74709,91432,6.8
GRAD_007634,2021,22,Male,White,Top 50,Marketing,3.51,2,No,2,Real Estate,Dallas,Fortune 500,Masters,1.0,0.0,3,75093,100232,6.8
GRAD_007635,2020,20,Female,Black,Regional,Marketing,3.79,0,No,2,Retail,Miami,Small,PhD,6.0,20.0,4,56668,93593,6.3
GRAD_007636,2020,23,Female,Hispanic,Regional,Psychology,3.37,2,No,0,Technology,Phoenix,Small,None,5.0,0.0,4,82874,109292,6.4
GRAD_007637,2020,22,Female,Black,Top 50,Marketing,2.92,4,Yes,1,Retail,Boston,Medium,MBA,4.0,40.0,4,77693,132318,5.7
GRAD_007638,2016,22,Male,White,Top 10,Engineering,3.41,1,Yes,0,Technology,Atlanta,Medium,None,1.0,20.0,8,134541,212597,7.2
GRAD_007639,2017,24,Female,White,Top 100,Economics,3.07,2,Yes,1,Technology,San Francisco,Fortune 500,None,2.0,0.0,7,148741,226802,9.1
GRAD_007640,2015,20,Female,Asian,Regional,Mathematics,3.74,2,No,0,Energy,San Francisco,Large,None,1.0,0.0,9,136856,195371,5.4
GRAD_007641,2023,23,Male,White,Top 50,Economics,3.21,3,No,1,Government,Washington DC,Medium,None,1.0,20.0,1,89446,97104,2.5
GRAD_007642,2017,21,Other,White,Regional,Communications,3.62,1,No,2,Education,Philadelphia,Fortune 500,MBA,1.0,0.0,7,48770,84043,5.7
GRAD_007643,2022,24,Male,Black,Top 50,Psychology,3.02,3,No,1,Transportation,Los Angeles,Small,MD,2.0,0.0,2,81163,140652,7.3
GRAD_007644,2022,20,Male,Black,Top 100,Engineering,2.93,1,No,1,Consulting,Boston,Large,None,0.0,60.0,2,112496,124384,7.6
GRAD_007645,2021,25,Female,White,Regional,Communications,3.23,5,No,1,Energy,Denver,Small,None,1.0,40.0,3,70342,79880,7.5
GRAD_007646,2019,22,Male,White,Top 50,Mathematics,2.84,0,,2,Government,Washington DC,Fortune 500,None,3.0,20.0,5,89473,122961,6.3
GRAD_007647,2020,20,Male,Asian,Top 50,Economics,3.58,2,No,1,Consulting,Dallas,Large,None,0.0,0.0,4,102949,129393,7.6
GRAD_007648,2017,23,Male,Hispanic,Top 100,Economics,3.73,2,No,0,Transportation,Chicago,Large,None,1.0,0.0,7,86093,136388,7.9
GRAD_007649,2016,23,Female,White,Regional,Mathematics,3.5,3,No,1,Manufacturing,Chicago,Fortune 500,None,,0.0,8,80471,122204,6.2
GRAD_007650,2018,23,Male,Black,Regional,Chemistry,3.79,0,Yes,2,Transportation,Portland,Small,None,3.0,0.0,6,78283,120545,6.7
GRAD_007651,2022,23,Female,White,Top 100,Engineering,3.54,1,No,0,Non-profit,Chicago,Large,Masters,2.0,0.0,2,62440,84009,6.9
GRAD_007652,2020,22,Female,Asian,Top 100,Data Science,3.15,2,No,0,Non-profit,Miami,Startup,None,2.0,0.0,4,71486,93061,7.0
GRAD_007653,2022,22,Male,White,Regional,Political Science,3.34,0,No,1,Retail,Philadelphia,Medium,None,5.0,60.0,2,41713,61272,9.1
GRAD_007654,2023,20,Female,White,Top 50,Engineering,3.35,1,No,0,Education,Miami,Medium,Masters,2.0,,1,77946,97346,7.4
GRAD_007655,2020,22,Male,Asian,Top 50,Liberal Arts,3.72,2,No,0,Media,Phoenix,Large,Masters,4.0,40.0,4,55450,93627,6.0
GRAD_007656,2018,21,Male,Black,Regional,Computer Science,3.33,2,Yes,0,Healthcare,Los Angeles,Medium,None,0.0,40.0,6,108398,132234,8.4
GRAD_007657,2022,22,Male,White,Top 50,Engineering,2.92,0,Yes,1,Education,New York,Startup,Masters,0.0,20.0,2,109500,141353,9.1
GRAD_007658,2017,22,Female,Black,Top 50,Business,2.83,1,No,3,Transportation,Los Angeles,Small,None,4.0,0.0,7,98554,140411,6.2
GRAD_007659,2015,25,Female,White,Regional,Communications,3.24,1,Yes,2,Technology,Los Angeles,Large,None,2.0,20.0,9,90802,133764,7.8
GRAD_007660,2015,21,Female,White,Regional,Engineering,3.32,1,No,1,Media,Philadelphia,Medium,Masters,3.0,20.0,9,78145,147543,6.7
GRAD_007661,2020,22,Female,White,Regional,Biology,2.83,2,No,1,Government,Washington DC,Fortune 500,None,2.0,20.0,4,73653,95587,4.5
GRAD_007662,2023,21,Female,Black,Regional,Liberal Arts,3.69,2,No,0,Manufacturing,Dallas,Startup,Masters,2.0,100.0,1,51753,65363,6.8
GRAD_007663,2020,20,Male,White,Regional,Economics,3.23,0,No,1,Manufacturing,Seattle,Fortune 500,Masters,2.0,60.0,4,94063,146295,6.4
GRAD_007664,2019,26,Other,White,Regional,Psychology,3.61,2,Yes,1,Media,Miami,Startup,None,1.0,40.0,5,59092,80636,7.7
GRAD_007665,2020,21,Male,Hispanic,Top 100,Biology,3.0,2,Yes,2,Real Estate,New York,Startup,None,3.0,0.0,4,95432,124924,5.3
GRAD_007666,2021,23,Female,Asian,Regional,Data Science,3.62,0,No,2,Consulting,Atlanta,Medium,None,1.0,60.0,3,111312,119796,7.4
GRAD_007667,2022,25,Male,White,Top 50,Engineering,2.94,1,No,2,Technology,Washington DC,Small,Masters,1.0,40.0,2,161397,206861,8.2
GRAD_007668,2018,20,Female,Black,Top 100,Computer Science,3.11,1,No,0,Manufacturing,Dallas,Medium,Masters,4.0,60.0,6,86107,128770,5.9
GRAD_007669,2019,23,Male,Black,Top 100,Business,3.15,0,No,2,Non-profit,Austin,Startup,None,0.0,0.0,5,62107,77216,6.0
GRAD_007670,2015,20,Male,White,Regional,Mathematics,3.2,3,No,1,Media,Phoenix,Large,None,3.0,,9,59966,110130,7.8
GRAD_007671,2021,21,Male,Asian,Top 100,Computer Science,3.68,0,No,1,Government,Denver,Medium,None,2.0,0.0,3,97769,114642,7.4
GRAD_007672,2022,23,Female,White,Top 100,Data Science,3.43,3,No,0,Finance,Miami,Large,MBA,2.0,20.0,2,122993,172489,8.4
GRAD_007673,2020,22,Female,Asian,Regional,Data Science,2.95,2,No,0,Transportation,Dallas,Medium,None,3.0,80.0,4,94072,115008,8.3
GRAD_007674,2018,24,Female,Hispanic,Regional,Business,2.92,2,No,0,Manufacturing,Atlanta,Medium,MBA,0.0,0.0,6,61809,92754,3.7
GRAD_007675,2018,22,Male,Asian,Regional,Business,3.36,4,No,1,Healthcare,Boston,Fortune 500,MBA,,60.0,6,118142,218527,6.9
GRAD_007676,2021,23,Female,White,Top 100,Biology,3.22,0,No,0,Media,Miami,Large,None,2.0,20.0,3,60305,70471,5.6
GRAD_007677,2018,21,Male,Asian,Top 50,Mathematics,3.37,3,Yes,0,Real Estate,Boston,Small,None,3.0,,6,118473,180251,6.9
GRAD_007678,2020,20,Male,White,Regional,Liberal Arts,2.72,2,Yes,1,Consulting,Atlanta,Large,JD,1.0,80.0,4,76093,117408,7.7
GRAD_007679,2023,20,Male,White,Regional,Engineering,4.0,1,No,2,Energy,Philadelphia,Large,JD,1.0,0.0,1,112090,155703,5.7
GRAD_007680,2018,21,Male,White,Top 100,Engineering,2.7,2,No,1,Manufacturing,Seattle,Fortune 500,None,1.0,0.0,6,130620,196179,6.4
GRAD_007681,2015,21,Female,White,Regional,Engineering,3.23,2,No,0,Consulting,Seattle,Fortune 500,None,4.0,60.0,9,132295,216710,7.0
GRAD_007682,2022,24,Male,White,Top 10,Engineering,3.04,2,No,0,Retail,Dallas,Large,None,1.0,80.0,2,94204,105295,9.2
GRAD_007683,2018,23,Female,Hispanic,Regional,Computer Science,2.87,3,No,1,Transportation,Dallas,Startup,Masters,1.0,40.0,6,81698,138852,6.3
GRAD_007684,2023,20,Female,Asian,Top 100,Economics,3.52,2,No,1,Education,Boston,Medium,Masters,2.0,60.0,1,69502,89173,8.2
GRAD_007685,2022,21,Female,Other,Top 100,Chemistry,3.23,1,No,2,Real Estate,San Francisco,Large,None,3.0,0.0,2,108544,118682,4.5
GRAD_007686,2019,22,Female,Other,Top 100,Political Science,2.9,3,Yes,3,Transportation,Washington DC,Fortune 500,None,2.0,0.0,5,73586,102256,6.0
GRAD_007687,2021,26,Male,White,Top 100,Data Science,3.14,2,,0,Energy,Miami,Large,None,2.0,80.0,3,113188,142313,8.2
GRAD_007688,2018,22,Female,Hispanic,Regional,Chemistry,3.53,1,No,0,Technology,San Francisco,Medium,PhD,4.0,20.0,6,134053,218951,5.6
GRAD_007689,2016,23,Female,White,Top 10,Data Science,3.64,1,No,1,Finance,New York,Small,None,0.0,20.0,8,202629,253240,6.2
GRAD_007690,2020,21,Male,White,Regional,Marketing,3.85,2,No,0,Healthcare,New York,Medium,None,2.0,20.0,4,113955,146788,6.1
GRAD_007691,2019,23,Female,White,Top 100,Engineering,3.42,1,No,0,Retail,Portland,Large,MBA,2.0,20.0,5,73318,120295,6.2
GRAD_007692,2023,24,Female,White,Regional,Biology,3.12,1,No,4,Government,Seattle,Medium,None,2.0,20.0,1,72794,76057,3.7
GRAD_007693,2020,22,Female,White,Top 10,Business,3.08,1,,1,Government,Miami,Medium,None,2.0,20.0,4,98386,120883,7.5
GRAD_007694,2021,23,Male,Asian,Top 100,Finance,3.48,0,No,2,Finance,Austin,Large,Masters,3.0,20.0,3,119686,168297,6.2
GRAD_007695,2016,23,Female,White,Regional,Political Science,3.76,0,,0,Transportation,Phoenix,Large,None,2.0,60.0,8,54980,71896,3.9
GRAD_007696,2021,22,Male,White,Top 100,Computer Science,2.61,3,No,0,Real Estate,Chicago,Fortune 500,Masters,,80.0,3,99784,139424,9.7
GRAD_007697,2015,24,Female,Asian,Top 100,Biology,3.29,0,No,0,Retail,Portland,Large,None,2.0,20.0,9,62857,107029,7.0
GRAD_007698,2020,21,Female,Asian,Regional,Psychology,2.86,1,No,0,Transportation,Los Angeles,Small,MD,2.0,20.0,4,56576,95317,4.2
GRAD_007699,2022,21,Female,Black,Top 10,Communications,3.33,1,No,0,Healthcare,Washington DC,Small,None,1.0,80.0,2,99796,107485,8.8
GRAD_007700,2019,22,Male,Asian,Top 100,Economics,3.9,0,Yes,0,Healthcare,Miami,Large,None,6.0,0.0,5,99452,141346,4.0
GRAD_007701,2017,21,Male,White,Regional,Business,2.68,2,No,2,Energy,Miami,Large,None,2.0,0.0,7,77532,105563,7.9
GRAD_007702,2019,20,Female,White,Regional,Economics,2.72,2,No,1,Education,Chicago,Medium,MBA,1.0,20.0,5,64807,96604,5.0
GRAD_007703,2022,21,Female,White,Top 100,Business,3.83,1,Yes,0,Education,Washington DC,Small,None,0.0,40.0,2,67527,70271,7.0
GRAD_007704,2021,20,Female,Asian,Top 100,Communications,3.41,1,No,0,Education,Los Angeles,Small,None,4.0,20.0,3,60798,81456,4.4
GRAD_007705,2020,22,Male,Asian,Top 50,Engineering,3.29,2,,3,Consulting,Denver,Medium,None,1.0,0.0,4,135067,158554,7.9
GRAD_007706,2021,23,Female,Asian,Regional,Computer Science,3.62,1,No,1,Manufacturing,Portland,Medium,Masters,1.0,80.0,3,88546,113602,7.9
GRAD_007707,2022,22,Male,White,Regional,Business,3.92,0,,2,Consulting,Los Angeles,Medium,MBA,3.0,80.0,2,113486,160307,8.4
GRAD_007708,2016,22,Male,Other,Top 50,Liberal Arts,3.4,2,No,0,Energy,Los Angeles,Fortune 500,None,3.0,40.0,8,83694,128353,7.4
GRAD_007709,2022,22,Female,Asian,Top 10,Finance,3.3,1,Yes,1,Non-profit,Denver,Large,None,1.0,,2,71578,78251,7.5
GRAD_007710,2022,22,Female,White,Top 50,Marketing,2.64,2,No,1,Non-profit,Washington DC,Fortune 500,None,,,2,70705,72979,8.2
GRAD_007711,2019,26,Female,White,Top 100,Psychology,2.99,0,No,2,Government,New York,Large,None,2.0,60.0,5,67910,84715,6.1
GRAD_007712,2019,21,Male,Asian,Regional,Chemistry,2.65,2,No,0,Healthcare,Denver,Startup,None,2.0,0.0,5,73657,103376,6.9
GRAD_007713,2023,22,Female,Asian,Top 100,Computer Science,3.31,3,No,0,Real Estate,Denver,Small,MBA,2.0,,1,116558,152157,8.2
GRAD_007714,2022,21,Female,White,Top 10,Engineering,3.8,2,No,1,Retail,New York,Large,None,3.0,,2,127027,145640,6.8
GRAD_007715,2023,20,Male,White,Top 100,Computer Science,3.15,2,No,2,Real Estate,Los Angeles,Fortune 500,MBA,3.0,0.0,1,119132,163998,7.6
GRAD_007716,2021,22,Female,Other,Top 100,Business,3.46,0,No,1,Finance,Portland,Small,None,2.0,60.0,3,97515,113536,7.0
GRAD_007717,2015,24,Male,White,Top 50,Liberal Arts,3.61,0,No,0,Manufacturing,Boston,Large,None,2.0,0.0,9,66832,107047,5.0
GRAD_007718,2016,25,Male,Hispanic,Top 10,Business,3.44,1,No,3,Finance,Portland,Startup,None,3.0,80.0,8,137551,216177,7.5
GRAD_007719,2022,22,Female,White,Top 100,Liberal Arts,3.27,3,No,1,Real Estate,Washington DC,Medium,MD,3.0,60.0,2,82059,136301,7.9
GRAD_007720,2021,22,Male,White,Regional,Political Science,2.82,1,Yes,0,Technology,Washington DC,Small,Masters,,40.0,3,79182,104807,4.8
GRAD_007721,2017,23,Female,White,Top 50,Liberal Arts,3.55,2,No,0,Non-profit,Seattle,Startup,None,5.0,0.0,7,65672,92216,8.2
GRAD_007722,2015,25,Female,White,Top 50,Liberal Arts,3.72,2,Yes,2,Healthcare,Atlanta,Large,None,0.0,40.0,9,82560,105537,8.1
GRAD_007723,2017,20,Male,White,Regional,Psychology,3.31,2,No,2,Consulting,Seattle,Medium,None,2.0,0.0,7,91461,122634,5.0
GRAD_007724,2016,23,Other,White,Top 50,Computer Science,3.18,0,No,0,Education,Phoenix,Medium,None,3.0,20.0,8,77500,123211,9.7
GRAD_007725,2022,25,Male,Asian,Top 50,Business,3.58,0,Yes,1,Finance,Philadelphia,Fortune 500,Masters,,,2,101110,135504,4.6
GRAD_007726,2023,22,Female,White,Regional,Data Science,3.42,2,No,2,Healthcare,Atlanta,Medium,None,1.0,0.0,1,110557,110541,8.0
GRAD_007727,2022,20,Male,White,Top 100,Engineering,3.87,4,No,0,Retail,Boston,Medium,None,2.0,,2,107939,127243,6.4
GRAD_007728,2016,23,Male,White,Top 100,Business,3.14,1,Yes,0,Finance,Philadelphia,Medium,None,0.0,40.0,8,83607,113574,6.8
GRAD_007729,2016,20,Male,White,Regional,Business,3.56,1,No,1,Healthcare,Atlanta,Small,Masters,1.0,40.0,8,76610,137368,8.0
GRAD_007730,2016,24,Male,Other,Regional,Mathematics,3.45,3,No,0,Transportation,Austin,Medium,None,2.0,,8,69366,108498,9.0
GRAD_007731,2017,25,Male,White,Regional,Business,3.32,3,Yes,0,Manufacturing,Phoenix,Large,MBA,1.0,40.0,7,78543,146247,5.4
GRAD_007732,2015,21,Female,White,Top 100,Biology,3.09,3,No,0,Consulting,Seattle,Large,None,0.0,40.0,9,98361,151509,6.6
GRAD_007733,2023,24,Female,Hispanic,Regional,Computer Science,3.56,1,No,1,Real Estate,Seattle,Medium,None,5.0,0.0,1,141754,152983,5.1
GRAD_007734,2022,23,Male,White,Top 100,Economics,3.86,0,Yes,0,Manufacturing,Philadelphia,Large,Masters,3.0,40.0,2,87493,119477,5.9
GRAD_007735,2015,24,Male,White,Regional,Marketing,2.6,4,Yes,0,Government,Miami,Fortune 500,None,2.0,20.0,9,76768,127577,8.1
GRAD_007736,2016,21,Male,White,Top 100,Business,3.36,2,No,1,Transportation,Atlanta,Small,None,4.0,0.0,8,64288,109877,10.0
GRAD_007737,2017,23,Male,Black,Regional,Chemistry,3.51,1,Yes,2,Real Estate,Denver,Large,Masters,1.0,20.0,7,84848,145440,8.5
GRAD_007738,2022,22,Male,Asian,Top 50,Marketing,3.0,3,No,0,Manufacturing,Chicago,Small,None,1.0,20.0,2,72331,82151,6.3
GRAD_007739,2021,21,Female,Hispanic,Top 50,Engineering,3.46,2,No,2,Consulting,Austin,Medium,Masters,2.0,60.0,3,142104,183550,7.8
GRAD_007740,2021,21,Male,White,Top 10,Business,3.43,1,No,0,Real Estate,Washington DC,Startup,None,1.0,40.0,3,123140,153666,7.4
GRAD_007741,2023,23,Male,White,Top 100,Liberal Arts,3.55,0,Yes,0,Retail,Los Angeles,Small,PhD,1.0,0.0,1,57070,75845,6.0
GRAD_007742,2015,20,Male,Asian,Regional,Finance,3.18,1,No,0,Media,Seattle,Small,MD,1.0,40.0,9,104547,234403,5.5
GRAD_007743,2016,20,Male,White,Regional,Biology,2.84,1,No,0,Retail,Boston,Small,JD,4.0,60.0,8,71217,142215,9.9
GRAD_007744,2017,20,Male,Hispanic,Top 10,Marketing,3.31,0,No,0,Manufacturing,Washington DC,Small,None,2.0,40.0,7,98482,129422,5.9
GRAD_007745,2015,21,Female,White,Regional,Computer Science,3.76,1,No,2,Transportation,Miami,Medium,JD,6.0,20.0,9,93327,174676,5.5
GRAD_007746,2020,22,Female,White,Regional,Data Science,3.61,1,No,0,Non-profit,Portland,Medium,None,3.0,0.0,4,66423,83513,7.2
GRAD_007747,2017,21,Other,White,Regional,Computer Science,2.84,2,No,0,Transportation,Denver,Small,None,3.0,40.0,7,93222,141939,9.8
GRAD_007748,2019,24,Male,White,Top 10,Economics,3.24,0,No,1,Healthcare,Portland,Medium,MBA,3.0,40.0,5,120189,185684,5.9
GRAD_007749,2021,20,Male,White,Regional,Marketing,3.26,1,No,2,Real Estate,Denver,Startup,Masters,4.0,0.0,3,76605,115606,8.3
GRAD_007750,2020,23,Female,White,Top 100,Business,3.51,4,No,1,Transportation,Denver,Large,None,2.0,40.0,4,86179,103049,6.9
GRAD_007751,2018,21,Male,White,Regional,Computer Science,3.26,2,Yes,0,Media,Atlanta,Medium,None,3.0,60.0,6,74778,99244,4.7
GRAD_007752,2019,22,Male,White,Top 100,Computer Science,3.24,0,No,2,Consulting,San Francisco,Medium,MD,3.0,20.0,5,165865,332628,6.0
GRAD_007753,2018,23,Female,White,Regional,Business,3.1,0,No,0,Real Estate,San Francisco,Medium,Masters,,80.0,6,102092,143455,6.8
GRAD_007754,2022,20,Male,Hispanic,Top 50,Engineering,4.0,3,No,1,Retail,San Francisco,Large,None,4.0,80.0,2,148812,174788,7.1
GRAD_007755,2019,20,Female,White,Top 50,Business,2.68,1,No,1,Technology,Atlanta,Large,None,3.0,60.0,5,101952,133367,9.0
GRAD_007756,2015,22,Female,White,Regional,Computer Science,3.31,3,No,0,Retail,Chicago,Large,None,2.0,,9,98822,177558,7.3
GRAD_007757,2020,22,Male,White,Regional,Business,3.35,1,No,2,Real Estate,Philadelphia,Large,PhD,6.0,40.0,4,64530,114533,7.1
GRAD_007758,2017,20,Male,Asian,Regional,Business,3.53,1,,0,Retail,Atlanta,Medium,None,2.0,40.0,7,55765,88374,4.9
GRAD_007759,2018,25,Female,Black,Regional,Engineering,3.16,1,No,0,Government,Dallas,Fortune 500,None,2.0,0.0,6,72340,98437,4.8
GRAD_007760,2018,20,Female,Asian,Top 50,Liberal Arts,3.15,3,No,0,Government,Denver,Startup,None,,20.0,6,75635,104646,6.9
GRAD_007761,2015,21,Male,Hispanic,Regional,Liberal Arts,3.49,3,Yes,0,Retail,Seattle,Small,JD,2.0,0.0,9,66832,152640,9.8
GRAD_007762,2023,24,Female,White,Top 100,Computer Science,3.17,2,,1,Real Estate,Phoenix,Fortune 500,None,1.0,20.0,1,84908,89180,4.2
GRAD_007763,2020,21,Male,Hispanic,Top 50,Economics,3.06,0,No,2,Consulting,Phoenix,Medium,Masters,1.0,60.0,4,103977,153125,7.5
GRAD_007764,2016,21,Female,Asian,Regional,Marketing,3.69,1,No,2,Retail,Los Angeles,Medium,None,1.0,0.0,8,68719,104527,7.6
GRAD_007765,2020,23,Male,White,Regional,Economics,2.94,0,No,1,Government,Miami,Large,None,1.0,0.0,4,74530,95446,5.1
GRAD_007766,2019,21,Male,Black,Top 50,Business,3.05,1,No,2,Real Estate,Washington DC,Small,Masters,4.0,100.0,5,108034,165596,10.0
GRAD_007767,2018,23,Male,Asian,Top 100,Mathematics,3.42,4,No,1,Energy,Denver,Startup,None,2.0,80.0,6,106496,160636,9.2
GRAD_007768,2019,23,Male,White,Regional,Finance,3.56,0,No,0,Transportation,Atlanta,Small,MBA,0.0,,5,72107,117024,8.8
GRAD_007769,2021,23,Male,Asian,Top 50,Engineering,3.22,0,No,0,Manufacturing,Seattle,Medium,None,1.0,40.0,3,134516,166507,9.6
GRAD_007770,2017,24,Female,White,Regional,Engineering,3.46,1,Yes,2,Retail,Dallas,Fortune 500,None,1.0,40.0,7,66421,96800,4.0
GRAD_007771,2020,21,Female,White,Regional,Engineering,3.37,3,No,1,Media,Atlanta,Fortune 500,JD,,0.0,4,85075,147759,6.8
GRAD_007772,2022,21,Male,Hispanic,Regional,Business,3.2,1,No,0,Manufacturing,Boston,Small,None,0.0,40.0,2,83133,91600,6.9
GRAD_007773,2017,22,Male,Hispanic,Top 100,Communications,2.96,2,No,0,Transportation,Washington DC,Large,None,4.0,60.0,7,62263,96484,4.3
GRAD_007774,2020,20,Female,Hispanic,Top 100,Liberal Arts,3.65,0,No,1,Manufacturing,Portland,Small,None,5.0,20.0,4,55959,77661,7.3
GRAD_007775,2023,22,Male,Asian,Regional,Data Science,2.95,2,Yes,3,Media,Seattle,Large,Masters,1.0,40.0,1,95665,117435,10.0
GRAD_007776,2022,22,Female,White,Top 100,Biology,4.0,2,No,1,Government,Los Angeles,Large,None,2.0,20.0,2,89987,96144,5.8
GRAD_007777,2020,23,Female,White,Top 100,Business,3.12,2,No,1,Finance,Dallas,Fortune 500,None,3.0,80.0,4,105592,143889,7.2
GRAD_007778,2021,21,Male,White,Top 100,Psychology,3.86,2,Yes,0,Finance,San Francisco,Small,None,1.0,20.0,3,124623,153509,7.0
GRAD_007779,2020,24,Female,Black,Top 10,Mathematics,3.68,1,Yes,1,Media,New York,Medium,None,3.0,40.0,4,116874,148490,8.3
GRAD_007780,2023,22,Male,White,Top 100,Business,3.2,4,No,0,Consulting,Chicago,Medium,None,0.0,20.0,1,98553,102420,5.6
GRAD_007781,2016,23,Female,White,Top 100,Liberal Arts,3.66,2,Yes,1,Media,New York,Large,None,2.0,0.0,8,67436,95314,6.5
GRAD_007782,2021,21,Male,Asian,Top 10,Communications,3.64,5,No,1,Retail,Seattle,Small,Masters,5.0,0.0,3,93101,137887,5.7
GRAD_007783,2015,23,Male,Hispanic,Top 50,Finance,3.18,1,No,3,Transportation,Austin,Fortune 500,None,4.0,100.0,9,105292,168526,7.7
GRAD_007784,2016,20,Male,White,Top 100,Mathematics,2.7,1,Yes,1,Energy,Austin,Large,Masters,1.0,,8,94818,157984,9.2
GRAD_007785,2021,20,Female,White,Top 100,Computer Science,2.77,2,No,2,Education,San Francisco,Fortune 500,Masters,0.0,60.0,3,121333,150386,6.4
GRAD_007786,2022,22,Male,White,Top 100,Computer Science,3.51,2,Yes,1,Technology,Austin,Startup,Masters,3.0,60.0,2,150482,194148,6.8
GRAD_007787,2015,22,Female,Hispanic,Top 100,Biology,3.29,0,No,1,Technology,Miami,Startup,Masters,2.0,0.0,9,92744,169404,6.8
GRAD_007788,2018,22,Male,Black,Regional,Marketing,3.36,0,No,1,Energy,Denver,Fortune 500,None,1.0,0.0,6,86352,109911,8.8
GRAD_007789,2016,22,Female,Asian,Regional,Engineering,3.65,2,No,0,Government,New York,Medium,MBA,2.0,60.0,8,127150,223438,5.5
GRAD_007790,2023,21,Male,Asian,Top 50,Engineering,3.17,2,No,1,Consulting,Los Angeles,Startup,None,1.0,60.0,1,137219,145234,8.1
GRAD_007791,2019,23,Female,White,Top 100,Economics,3.56,1,Yes,1,Technology,Atlanta,Fortune 500,Masters,2.0,60.0,5,107967,164062,8.6
GRAD_007792,2019,25,Female,White,Top 100,Psychology,3.08,0,No,0,Energy,Washington DC,Large,None,0.0,20.0,5,77641,97547,6.5
GRAD_007793,2022,26,Female,Asian,Regional,Marketing,3.33,1,No,0,Media,Los Angeles,Medium,None,2.0,60.0,2,73381,83352,5.9
GRAD_007794,2021,24,Male,White,Top 100,Computer Science,3.36,2,No,0,Media,San Francisco,Small,None,3.0,20.0,3,115500,139797,8.3
GRAD_007795,2023,20,Male,Asian,Top 50,Liberal Arts,2.93,1,Yes,1,Finance,San Francisco,Large,JD,3.0,80.0,1,102399,150710,6.9
GRAD_007796,2023,24,Female,Hispanic,Regional,Computer Science,3.3,2,No,0,Transportation,San Francisco,Small,MBA,3.0,40.0,1,138404,181960,8.0
GRAD_007797,2018,24,Male,Asian,Regional,Data Science,3.6,2,No,0,Consulting,Boston,Medium,MBA,1.0,20.0,6,131909,209472,3.9
GRAD_007798,2021,22,Male,White,Regional,Computer Science,3.48,0,Yes,2,Energy,New York,Fortune 500,MD,2.0,0.0,3,153368,269178,5.5
GRAD_007799,2020,23,Female,Other,Top 100,Liberal Arts,3.81,0,No,0,Consulting,Washington DC,Large,None,4.0,40.0,4,87412,116797,6.1
GRAD_007800,2020,23,Female,White,Top 10,Computer Science,3.14,1,Yes,1,Retail,Miami,Large,Masters,1.0,40.0,4,102261,149312,7.6
GRAD_007801,2021,22,Female,White,Top 100,Business,3.83,4,Yes,2,Real Estate,Atlanta,Small,Masters,1.0,80.0,3,83210,106109,8.3
GRAD_007802,2015,22,Female,Asian,Top 100,Psychology,3.38,1,No,0,Technology,Phoenix,Startup,None,3.0,20.0,9,66743,109458,7.4
GRAD_007803,2023,21,Male,White,Regional,Liberal Arts,3.13,3,Yes,3,Healthcare,Chicago,Small,None,2.0,40.0,1,65515,75831,4.5
GRAD_007804,2016,20,Female,White,Top 100,Business,3.36,1,No,0,Consulting,Dallas,Large,Masters,0.0,0.0,8,88855,147382,7.9
GRAD_007805,2019,20,Female,Asian,Top 100,Biology,3.05,3,No,1,Non-profit,Denver,Fortune 500,None,5.0,0.0,5,47049,70775,8.6
GRAD_007806,2018,23,Male,White,Regional,Mathematics,3.41,2,No,0,Transportation,San Francisco,Medium,None,5.0,0.0,6,111360,181981,6.7
GRAD_007807,2020,20,Male,White,Regional,Economics,2.73,0,No,0,Finance,New York,Large,None,5.0,20.0,4,130709,172459,10.0
GRAD_007808,2023,20,Male,Asian,Top 100,Engineering,3.73,0,Yes,0,Education,Washington DC,Medium,None,3.0,80.0,1,100982,116097,7.5
GRAD_007809,2019,20,Male,Hispanic,Top 100,Psychology,3.07,1,Yes,0,Technology,Phoenix,Large,Masters,3.0,0.0,5,72831,124164,5.0
GRAD_007810,2020,21,Male,Asian,Top 100,Computer Science,3.31,3,No,2,Real Estate,Boston,Fortune 500,Masters,3.0,20.0,4,129239,180356,8.2
GRAD_007811,2016,24,Male,Asian,Regional,Engineering,3.72,2,Yes,1,Retail,Denver,Startup,None,0.0,60.0,8,90202,131313,8.5
GRAD_007812,2019,22,Male,Hispanic,Regional,Business,3.08,0,No,1,Education,Phoenix,Startup,None,4.0,60.0,5,42935,64034,6.1
GRAD_007813,2023,20,Female,White,Regional,Engineering,3.54,0,No,1,Government,Boston,Fortune 500,None,0.0,60.0,1,107000,104577,6.0
GRAD_007814,2023,24,Female,Asian,Regional,Marketing,3.71,2,No,2,Healthcare,Portland,Fortune 500,None,2.0,80.0,1,92812,102737,9.5
GRAD_007815,2020,22,Female,White,Regional,Computer Science,3.35,1,Yes,0,Real Estate,Boston,Small,None,1.0,40.0,4,139154,163119,6.4
GRAD_007816,2022,21,Male,Asian,Top 100,Chemistry,3.44,1,No,0,Real Estate,Los Angeles,Large,PhD,2.0,20.0,2,91143,128534,6.6
GRAD_007817,2015,23,Male,White,Top 10,Data Science,3.76,1,Yes,0,Manufacturing,Washington DC,Large,MD,1.0,20.0,9,147936,395687,7.8
GRAD_007818,2020,22,Male,Hispanic,Top 50,Psychology,2.9,0,No,0,Technology,Washington DC,Medium,None,2.0,100.0,4,104009,131813,6.4
GRAD_007819,2021,21,Male,Black,Top 10,Economics,3.72,0,Yes,0,Non-profit,Miami,Medium,None,2.0,20.0,3,91247,114904,8.7
GRAD_007820,2018,21,Female,Hispanic,Top 50,Computer Science,2.72,2,Yes,1,Manufacturing,Atlanta,Medium,None,1.0,60.0,6,116512,168078,8.3
GRAD_007821,2023,20,Male,White,Top 50,Engineering,3.12,3,Yes,1,Manufacturing,Miami,Large,None,1.0,40.0,1,101981,110298,8.7
GRAD_007822,2022,21,Female,Other,Top 50,Marketing,3.99,1,Yes,0,Energy,Philadelphia,Large,Masters,1.0,0.0,2,111151,132600,6.8
GRAD_007823,2022,23,Female,White,Top 10,Biology,3.64,1,No,1,Retail,Boston,Large,None,,,2,93504,104937,5.3
GRAD_007824,2015,23,Female,White,Top 50,Business,3.31,3,No,2,Energy,New York,Medium,MD,1.0,60.0,9,141713,349332,7.8
GRAD_007825,2017,22,Female,Asian,Top 50,Data Science,4.0,2,No,2,Retail,Los Angeles,Small,Masters,2.0,80.0,7,106512,147201,6.2
GRAD_007826,2021,22,Male,White,Top 10,Business,2.92,4,No,1,Government,Washington DC,Small,None,2.0,60.0,3,120308,139810,6.9
GRAD_007827,2020,20,Female,White,Top 100,Economics,3.48,0,No,1,Healthcare,Seattle,Fortune 500,MD,0.0,60.0,4,112226,190164,6.5
GRAD_007828,2020,23,Female,White,Top 50,Business,3.26,2,No,0,Government,Los Angeles,Large,None,1.0,20.0,4,98561,110235,5.1
GRAD_007829,2015,20,Male,White,Top 10,Economics,3.31,1,No,0,Non-profit,Los Angeles,Medium,MBA,2.0,0.0,9,91257,179554,9.2
GRAD_007830,2019,23,Female,White,Top 50,Psychology,3.56,2,No,3,Healthcare,Los Angeles,Fortune 500,None,1.0,0.0,5,89731,104838,7.5
GRAD_007831,2022,23,Male,Black,Regional,Economics,3.52,1,Yes,0,Retail,Boston,Medium,None,2.0,,2,75180,87999,5.9
GRAD_007832,2021,22,Male,White,Top 100,Liberal Arts,3.34,2,No,0,Transportation,Chicago,Large,None,2.0,20.0,3,56670,74882,5.2
GRAD_007833,2020,23,Female,White,Top 100,Engineering,3.56,4,No,1,Consulting,Boston,Medium,Masters,1.0,40.0,4,125280,167691,6.7
GRAD_007834,2021,21,Female,White,Top 50,Business,3.78,1,No,0,Finance,Seattle,Medium,Masters,3.0,0.0,3,134597,176411,5.8
GRAD_007835,2022,22,Female,Other,Top 100,Biology,3.42,7,No,1,Transportation,Austin,Medium,MBA,2.0,20.0,2,81236,110524,7.0
GRAD_007836,2022,22,Male,Asian,Regional,Engineering,3.59,1,No,1,Media,San Francisco,Small,None,1.0,20.0,2,125616,137629,5.3
GRAD_007837,2019,24,Female,White,Top 100,Liberal Arts,3.38,2,No,1,Government,Atlanta,Medium,None,,80.0,5,55768,71059,4.4
GRAD_007838,2018,23,Male,White,Top 100,Data Science,3.13,2,No,3,Transportation,Denver,Startup,None,2.0,20.0,6,87390,130691,6.7
GRAD_007839,2018,24,Male,White,Top 100,Biology,3.32,1,No,1,Energy,Portland,Medium,None,1.0,0.0,6,89911,119194,9.8
GRAD_007840,2020,23,Male,Asian,Regional,Political Science,3.54,1,Yes,2,Healthcare,Austin,Large,Masters,2.0,0.0,4,80931,118387,8.6
GRAD_007841,2016,22,Male,Black,Regional,Mathematics,2.68,3,No,1,Transportation,Boston,Fortune 500,Masters,2.0,0.0,8,97403,157922,5.3
GRAD_007842,2020,23,Female,White,Top 50,Marketing,3.41,2,No,1,Government,Philadelphia,Fortune 500,None,3.0,40.0,4,77858,96622,4.3
GRAD_007843,2019,23,Male,White,Regional,Engineering,3.54,1,No,1,Consulting,Washington DC,Small,None,3.0,20.0,5,105872,144901,8.9
GRAD_007844,2022,21,Female,Asian,Top 100,Business,3.33,3,No,0,Finance,Washington DC,Small,Masters,,0.0,2,104491,133666,5.7
GRAD_007845,2018,20,Male,Other,Regional,Business,2.96,0,No,0,Education,Washington DC,Medium,None,1.0,0.0,6,62820,78549,5.6
GRAD_007846,2015,21,Male,White,Top 50,Engineering,3.55,0,Yes,2,Manufacturing,Phoenix,Small,None,2.0,0.0,9,101168,177111,6.6
GRAD_007847,2023,21,Male,Hispanic,Top 10,Business,3.08,3,No,1,Healthcare,San Francisco,Medium,Masters,3.0,0.0,1,144010,181408,6.7
GRAD_007848,2015,23,Male,White,Top 50,Engineering,3.9,1,No,1,Real Estate,Washington DC,Fortune 500,MBA,0.0,0.0,9,151544,344953,7.5
GRAD_007849,2023,22,Male,Asian,Top 10,Political Science,3.67,1,No,1,Retail,New York,Fortune 500,None,4.0,40.0,1,93589,111455,6.8
GRAD_007850,2019,21,Female,White,Top 100,Engineering,3.39,4,Yes,1,Energy,Phoenix,Large,Masters,1.0,80.0,5,90777,118667,6.9
GRAD_007851,2015,22,Female,Asian,Top 100,Communications,3.21,5,,2,Healthcare,Seattle,Medium,MBA,2.0,0.0,9,90758,151631,5.5
GRAD_007852,2016,22,Male,White,Regional,Computer Science,2.79,1,No,0,Media,Chicago,Medium,Masters,0.0,60.0,8,80107,142264,3.7
GRAD_007853,2020,21,Female,White,Top 50,Liberal Arts,3.94,1,No,1,Media,Los Angeles,Fortune 500,PhD,2.0,20.0,4,81666,113237,6.7
GRAD_007854,2015,24,Male,White,Regional,Political Science,3.09,1,No,0,Media,Dallas,Small,None,1.0,40.0,9,49534,74548,5.0
GRAD_007855,2023,22,Male,Asian,Top 100,Economics,3.88,2,No,2,Real Estate,San Francisco,Startup,JD,1.0,60.0,1,129998,179797,8.7
GRAD_007856,2022,21,Female,White,Regional,Business,2.53,4,No,0,Manufacturing,Washington DC,Medium,PhD,0.0,20.0,2,91855,117256,2.8
GRAD_007857,2020,20,Male,Hispanic,Top 50,Computer Science,3.28,0,No,1,Finance,Atlanta,Medium,JD,1.0,20.0,4,135288,219689,7.4
GRAD_007858,2023,22,Male,Asian,Regional,Communications,3.1,1,Yes,1,Manufacturing,Denver,Fortune 500,MBA,1.0,40.0,1,69604,92966,6.0
GRAD_007859,2017,23,Male,White,Top 50,Business,2.96,2,No,1,Finance,Atlanta,Fortune 500,None,1.0,0.0,7,88702,135343,6.4
GRAD_007860,2022,21,Female,Asian,Top 10,Data Science,3.41,1,Yes,0,Media,Denver,Small,None,3.0,0.0,2,115749,129880,9.7
GRAD_007861,2022,22,Female,White,Top 10,Data Science,3.87,4,Yes,3,Healthcare,San Francisco,Small,PhD,1.0,20.0,2,218050,285370,8.9
GRAD_007862,2020,20,Female,Asian,Regional,Liberal Arts,3.16,2,Yes,0,Finance,Chicago,Large,None,,0.0,4,82230,95062,4.0
GRAD_007863,2018,22,Male,White,Top 100,Business,3.38,0,No,0,Media,Washington DC,Fortune 500,MD,3.0,20.0,6,72360,169894,3.5
GRAD_007864,2020,24,Male,White,Top 100,Engineering,3.03,2,Yes,2,Real Estate,Seattle,Large,None,1.0,60.0,4,106997,142290,6.8
GRAD_007865,2023,22,Female,Asian,Regional,Computer Science,2.98,0,No,1,Media,Seattle,Startup,None,3.0,0.0,1,100019,107975,5.9
GRAD_007866,2016,21,Male,Hispanic,Top 100,Data Science,2.54,0,Yes,1,Healthcare,Los Angeles,Large,Masters,2.0,80.0,8,104595,160686,7.3
GRAD_007867,2017,24,Male,White,Regional,Psychology,3.06,2,No,2,Retail,Boston,Fortune 500,None,2.0,40.0,7,58898,89363,7.1
GRAD_007868,2021,22,Female,White,Regional,Computer Science,3.22,2,No,1,Technology,Philadelphia,Medium,PhD,2.0,60.0,3,126116,164893,9.1
GRAD_007869,2021,21,Male,White,Top 100,Biology,2.8,2,No,0,Retail,Los Angeles,Medium,None,0.0,20.0,3,69840,77328,6.1
GRAD_007870,2016,21,Female,White,Top 10,Business,3.96,1,No,0,Technology,Portland,Medium,Masters,2.0,80.0,8,131429,223703,5.1
GRAD_007871,2022,20,Male,Other,Top 100,Finance,3.47,3,No,2,Government,Phoenix,Fortune 500,None,1.0,40.0,2,69500,80668,4.1
GRAD_007872,2023,23,Male,White,Top 100,Business,3.55,1,No,0,Finance,Atlanta,Small,None,2.0,60.0,1,102963,113739,9.1
GRAD_007873,2015,23,Male,Asian,Top 100,Communications,2.78,2,Yes,0,Manufacturing,Boston,Large,MBA,3.0,60.0,9,68631,162070,7.4
GRAD_007874,2023,22,Female,Other,Top 50,Liberal Arts,3.46,3,No,1,Education,Dallas,Medium,Masters,2.0,20.0,1,47721,59913,6.7
GRAD_007875,2018,22,Male,Asian,Regional,Political Science,3.84,1,No,1,Finance,Miami,Medium,None,2.0,80.0,6,70661,95452,7.4
GRAD_007876,2018,23,Female,White,Top 50,Engineering,3.27,0,Yes,1,Non-profit,Denver,Large,PhD,7.0,40.0,6,83969,137251,9.0
GRAD_007877,2015,20,Female,Hispanic,Regional,Psychology,3.42,0,No,0,Non-profit,Boston,Medium,None,2.0,0.0,9,47303,76503,4.9
GRAD_007878,2019,22,Female,Asian,Regional,Biology,3.21,0,Yes,0,Education,Phoenix,Small,None,5.0,20.0,5,45960,76423,5.3
GRAD_007879,2023,22,Female,Other,Top 50,Economics,3.45,0,No,1,Real Estate,Los Angeles,Fortune 500,None,2.0,60.0,1,113837,121999,10.0
GRAD_007880,2016,23,Male,Hispanic,Top 100,Computer Science,3.3,1,Yes,1,Education,Seattle,Small,None,1.0,20.0,8,94668,134621,8.7
GRAD_007881,2020,23,Female,Other,Top 100,Communications,3.2,2,No,1,Education,Chicago,Large,None,3.0,40.0,4,49452,68609,3.3
GRAD_007882,2018,21,Female,Black,Regional,Engineering,3.44,1,No,1,Finance,Washington DC,Fortune 500,None,3.0,0.0,6,108852,151923,9.7
GRAD_007883,2015,25,Female,White,Regional,Engineering,3.3,0,Yes,0,Consulting,Atlanta,Small,None,,60.0,9,93053,146245,6.1
GRAD_007884,2023,20,Female,Asian,Top 50,Liberal Arts,3.42,3,,1,Technology,Philadelphia,Medium,None,3.0,40.0,1,80669,88566,2.4
GRAD_007885,2021,21,Male,White,Top 100,Communications,3.28,1,No,3,Finance,Miami,Large,MBA,3.0,20.0,3,78461,125538,4.1
GRAD_007886,2021,23,Female,White,Top 10,Business,3.68,2,No,1,Healthcare,Philadelphia,Fortune 500,PhD,1.0,80.0,3,99768,129384,8.5
GRAD_007887,2021,21,Female,Asian,Top 100,Marketing,3.96,3,Yes,2,Real Estate,Atlanta,Fortune 500,MBA,5.0,0.0,3,84379,134393,4.9
GRAD_007888,2016,22,Female,White,Regional,Psychology,3.39,1,No,0,Manufacturing,Dallas,Fortune 500,None,2.0,100.0,8,56955,77680,5.1
GRAD_007889,2017,21,Male,Hispanic,Top 100,Business,3.48,2,Yes,1,Education,Austin,Large,MBA,1.0,60.0,7,67062,132942,8.0
GRAD_007890,2019,21,Male,White,Regional,Engineering,3.16,2,No,0,Energy,Phoenix,Startup,None,1.0,60.0,5,102545,130259,6.5
GRAD_007891,2023,20,Male,Hispanic,Top 50,Business,3.53,1,No,0,Healthcare,Los Angeles,Small,Masters,0.0,40.0,1,105713,129318,7.2
GRAD_007892,2021,23,Male,Asian,Regional,Liberal Arts,2.75,1,No,1,Transportation,Boston,Fortune 500,None,3.0,,3,55328,72887,5.9
GRAD_007893,2019,23,Male,Black,Top 10,Business,3.48,1,No,0,Consulting,Washington DC,Medium,None,2.0,20.0,5,128507,161209,8.5
GRAD_007894,2019,23,Other,White,Regional,Chemistry,2.98,0,No,4,Healthcare,Seattle,Medium,MBA,2.0,0.0,5,97278,165252,8.9
GRAD_007895,2023,21,Female,Asian,Top 100,Business,3.78,4,No,0,Transportation,Phoenix,Large,None,7.0,80.0,1,80533,100285,6.7
GRAD_007896,2017,22,Male,Hispanic,Top 50,Engineering,3.59,2,No,1,Healthcare,Atlanta,Fortune 500,None,0.0,80.0,7,108773,138619,8.8
GRAD_007897,2018,25,Male,White,Regional,Business,3.25,1,No,1,Healthcare,Miami,Large,MBA,2.0,,6,76124,121586,4.4
GRAD_007898,2018,22,Male,Hispanic,Regional,Engineering,3.52,0,No,2,Retail,Dallas,Small,PhD,0.0,20.0,6,77533,119040,6.1
GRAD_007899,2023,20,Female,White,Top 100,Business,3.97,0,No,0,Manufacturing,San Francisco,Small,Masters,4.0,20.0,1,99472,122799,7.4
GRAD_007900,2022,21,Female,Hispanic,Top 100,Business,3.27,1,No,3,Manufacturing,Philadelphia,Medium,None,2.0,,2,75316,83297,7.0
GRAD_007901,2020,21,Male,White,Top 50,Finance,3.42,1,Yes,0,Media,Austin,Small,None,6.0,60.0,4,96871,134144,6.1
GRAD_007902,2018,24,Female,Asian,Top 100,Business,3.47,1,No,2,Technology,San Francisco,Fortune 500,None,0.0,,6,154612,199608,8.8
GRAD_007903,2017,23,Female,White,Top 100,Data Science,3.5,2,No,2,Technology,Philadelphia,Small,None,2.0,60.0,7,136154,181083,7.2
GRAD_007904,2018,20,Male,Hispanic,Top 100,Chemistry,3.19,2,No,2,Transportation,Boston,Large,None,2.0,0.0,6,91225,128167,9.4
GRAD_007905,2023,24,Female,White,Top 100,Computer Science,3.6,2,Yes,0,Consulting,Dallas,Startup,None,1.0,20.0,1,130584,133665,7.4
GRAD_007906,2023,23,Female,White,Regional,Political Science,3.31,2,No,1,Government,Los Angeles,Small,PhD,4.0,40.0,1,66821,91551,4.5
GRAD_007907,2019,22,Male,White,Regional,Economics,3.37,1,No,0,Government,Denver,Large,PhD,4.0,40.0,5,86062,143166,7.0
GRAD_007908,2018,24,Female,Black,Regional,Computer Science,3.11,2,No,1,Finance,Los Angeles,Large,MBA,0.0,20.0,6,157738,259471,5.3
GRAD_007909,2023,22,Male,White,Regional,Data Science,3.67,0,No,1,Energy,Dallas,Fortune 500,None,1.0,20.0,1,97932,107265,4.9
GRAD_007910,2019,24,Other,White,Top 50,Mathematics,2.99,1,No,1,Consulting,Miami,Fortune 500,None,1.0,40.0,5,108153,129989,6.8
GRAD_007911,2015,20,Female,White,Top 50,Business,2.79,0,No,2,Retail,Los Angeles,Large,None,5.0,0.0,9,78268,114204,8.5
GRAD_007912,2018,21,Male,White,Top 100,Computer Science,2.57,2,Yes,0,Manufacturing,Dallas,Small,None,3.0,100.0,6,93145,127234,7.8
GRAD_007913,2020,23,Female,White,Regional,Chemistry,3.58,1,No,0,Consulting,Atlanta,Medium,Masters,1.0,0.0,4,76589,108026,4.3
GRAD_007914,2023,25,Female,Other,Top 100,Engineering,3.13,3,Yes,0,Transportation,Washington DC,Startup,Masters,1.0,60.0,1,100397,119094,9.3
GRAD_007915,2019,20,Female,White,Top 50,Biology,3.09,1,No,1,Manufacturing,New York,Large,None,3.0,20.0,5,85660,112499,6.0
GRAD_007916,2017,21,Female,Black,Regional,Computer Science,3.31,1,Yes,0,Technology,Chicago,Large,None,2.0,20.0,7,119077,153253,6.1
GRAD_007917,2019,22,Female,White,Regional,Engineering,2.87,4,No,2,Media,Austin,Small,None,4.0,40.0,5,90440,122325,7.8
GRAD_007918,2015,21,Female,White,Top 50,Computer Science,3.43,2,No,3,Consulting,Philadelphia,Fortune 500,Masters,3.0,20.0,9,125158,209510,7.8
GRAD_007919,2023,22,Male,Hispanic,Regional,Computer Science,4.0,3,No,0,Energy,Portland,Startup,None,8.0,40.0,1,142221,175470,8.6
GRAD_007920,2015,24,Male,White,Top 50,Chemistry,3.55,2,No,2,Healthcare,Austin,Startup,None,0.0,0.0,9,106761,175585,7.2
GRAD_007921,2015,20,Male,White,Top 100,Biology,3.44,2,No,1,Finance,Philadelphia,Small,Masters,2.0,0.0,9,81368,174545,5.9
GRAD_007922,2020,22,Male,White,Top 50,Liberal Arts,3.62,2,No,2,Manufacturing,San Francisco,Fortune 500,None,,80.0,4,103629,127542,6.1
GRAD_007923,2016,22,Male,White,Top 100,Data Science,4.0,1,No,2,Technology,Phoenix,Fortune 500,MD,2.0,0.0,8,112661,248103,6.7
GRAD_007924,2018,23,Male,White,Top 100,Political Science,3.16,4,,0,Government,Austin,Small,None,2.0,20.0,6,70273,99618,5.2
GRAD_007925,2019,21,Male,White,Top 50,Business,3.17,1,No,1,Real Estate,San Francisco,Medium,PhD,1.0,40.0,5,123112,190175,5.6
GRAD_007926,2022,22,Male,White,Top 10,Chemistry,3.11,2,Yes,2,Manufacturing,Boston,Medium,None,1.0,20.0,2,118309,130236,6.6
GRAD_007927,2019,22,Female,Black,Regional,Mathematics,2.78,1,No,0,Transportation,Phoenix,Large,MBA,1.0,0.0,5,59860,92551,6.1
GRAD_007928,2023,22,Male,Asian,Top 100,Liberal Arts,3.35,0,,1,Media,Los Angeles,Large,MBA,2.0,,1,58749,83714,7.3
GRAD_007929,2019,20,Female,White,Top 50,Business,3.31,1,No,2,Transportation,San Francisco,Medium,MBA,1.0,0.0,5,112725,160337,8.9
GRAD_007930,2023,24,Other,Hispanic,Top 10,Liberal Arts,3.41,0,No,3,Energy,Atlanta,Medium,None,1.0,20.0,1,81408,86878,7.3
GRAD_007931,2019,22,Female,White,Top 50,Political Science,2.94,1,Yes,1,Healthcare,Dallas,Fortune 500,MBA,2.0,20.0,5,62597,95079,5.1
GRAD_007932,2020,24,Female,Asian,Top 100,Engineering,2.64,5,Yes,0,Consulting,Dallas,Small,JD,3.0,60.0,4,126386,216110,6.4
GRAD_007933,2023,21,Female,Black,Top 100,Computer Science,2.61,3,No,1,Real Estate,Phoenix,Medium,None,4.0,60.0,1,114333,125729,8.2
GRAD_007934,2021,20,Male,Hispanic,Regional,Data Science,3.41,2,No,1,Government,Miami,Small,None,3.0,40.0,3,101209,123672,8.5
GRAD_007935,2016,21,Male,White,Top 50,Political Science,3.43,0,No,3,Transportation,Phoenix,Medium,None,4.0,,8,63719,106643,7.1
GRAD_007936,2020,23,Female,White,Top 50,Marketing,3.91,3,Yes,2,Non-profit,San Francisco,Large,None,1.0,0.0,4,90649,111116,7.5
GRAD_007937,2017,21,Male,Asian,Regional,Data Science,3.71,3,No,1,Technology,New York,Large,None,1.0,0.0,7,172575,277308,8.2
GRAD_007938,2018,20,Female,White,Top 100,Biology,2.84,2,Yes,0,Retail,San Francisco,Small,Masters,0.0,0.0,6,74296,96047,3.8
GRAD_007939,2022,22,Male,White,Regional,Computer Science,2.92,1,No,1,Retail,Los Angeles,Medium,Masters,1.0,80.0,2,84202,111570,7.5
GRAD_007940,2021,22,Male,White,Top 100,Economics,3.48,1,Yes,0,Transportation,Chicago,Small,MD,1.0,100.0,3,88743,151534,9.3
GRAD_007941,2018,22,Female,Other,Regional,Business,3.31,0,No,0,Technology,Phoenix,Large,MD,5.0,20.0,6,76465,159779,6.5
GRAD_007942,2015,20,Female,Hispanic,Top 100,Computer Science,3.64,0,Yes,2,Energy,Boston,Startup,Masters,1.0,0.0,9,158278,244427,7.9
GRAD_007943,2020,20,Female,Hispanic,Regional,Data Science,3.78,0,No,0,Media,Dallas,Medium,None,3.0,0.0,4,83211,115423,5.5
GRAD_007944,2017,21,Female,White,Top 100,Chemistry,3.43,2,No,2,Real Estate,Chicago,Large,None,3.0,20.0,7,84546,132152,4.0
GRAD_007945,2015,21,Female,Asian,Regional,Business,3.32,1,No,3,Transportation,New York,Fortune 500,PhD,3.0,0.0,9,83129,163209,6.5
GRAD_007946,2015,21,Female,White,Top 10,Psychology,2.94,0,No,2,Consulting,Boston,Large,None,0.0,0.0,9,100935,128285,6.6
GRAD_007947,2021,23,Male,Hispanic,Regional,Business,2.96,2,No,1,Real Estate,Boston,Fortune 500,None,,80.0,3,86396,120038,8.9
GRAD_007948,2019,20,Male,White,Top 50,Computer Science,3.53,1,No,1,Education,Denver,Large,Masters,1.0,20.0,5,105870,172995,6.2
GRAD_007949,2017,21,Female,White,Regional,Finance,2.87,3,No,1,Media,Portland,Large,None,2.0,40.0,7,73524,98747,6.0
GRAD_007950,2022,21,Female,Asian,Regional,Liberal Arts,3.17,1,Yes,4,Media,Chicago,Fortune 500,Masters,,60.0,2,46451,65313,6.5
GRAD_007951,2022,21,Male,White,Top 100,Marketing,2.9,0,No,1,Consulting,Denver,Large,None,,0.0,2,98887,115746,7.9
GRAD_007952,2019,22,Male,White,Top 100,Business,2.95,2,No,1,Education,Phoenix,Fortune 500,None,3.0,20.0,5,57373,78360,6.8
GRAD_007953,2018,24,Female,White,Top 100,Mathematics,3.24,3,No,1,Real Estate,Los Angeles,Small,MBA,1.0,0.0,6,110360,158799,7.2
GRAD_007954,2020,22,Male,White,Regional,Economics,3.2,0,No,0,Energy,Atlanta,Fortune 500,None,1.0,80.0,4,89559,119225,7.3
GRAD_007955,2022,22,Male,White,Top 100,Psychology,3.51,1,No,1,Media,Austin,Small,None,1.0,0.0,2,69698,77315,7.8
GRAD_007956,2015,20,Male,White,Regional,Finance,3.74,1,No,1,Retail,Atlanta,Large,Masters,0.0,0.0,9,75730,153927,8.9
GRAD_007957,2020,22,Female,White,Top 10,Computer Science,3.22,5,No,1,Energy,Miami,Large,None,2.0,40.0,4,142651,159655,7.4
GRAD_007958,2021,24,Male,White,Regional,Political Science,2.88,0,No,1,Government,Denver,Large,MBA,2.0,60.0,3,57263,86694,5.3
GRAD_007959,2022,22,Male,White,Top 10,Marketing,3.18,0,No,1,Non-profit,Atlanta,Small,None,1.0,0.0,2,68843,80167,6.2
GRAD_007960,2017,22,Male,Black,Regional,Computer Science,3.63,0,No,1,Retail,New York,Fortune 500,None,3.0,20.0,7,109023,180769,10.0
GRAD_007961,2017,22,Female,White,Top 10,Business,2.95,2,Yes,0,Non-profit,Miami,Startup,Masters,1.0,40.0,7,77242,125210,10.0
GRAD_007962,2017,24,Male,White,Regional,Data Science,2.93,0,,0,Education,Dallas,Small,None,1.0,40.0,7,62772,102898,7.6
GRAD_007963,2023,24,Female,White,Regional,Marketing,2.8,1,Yes,1,Finance,Phoenix,Large,Masters,1.0,60.0,1,69796,85422,5.5
GRAD_007964,2016,20,Male,Asian,Regional,Economics,3.79,1,No,3,Retail,Seattle,Fortune 500,MBA,5.0,20.0,8,85553,166916,6.5
GRAD_007965,2022,24,Male,Asian,Top 50,Political Science,2.5,3,No,1,Retail,Denver,Small,Masters,4.0,20.0,2,60782,87569,6.5
GRAD_007966,2023,24,Male,Black,Top 100,Engineering,2.92,2,No,0,Consulting,Portland,Fortune 500,None,4.0,60.0,1,107370,126394,3.2
GRAD_007967,2023,20,Male,White,Top 10,Data Science,2.91,2,No,0,Energy,New York,Large,None,1.0,20.0,1,195592,210244,6.8
GRAD_007968,2019,22,Male,Hispanic,Top 50,Mathematics,3.17,2,No,1,Media,San Francisco,Small,None,1.0,0.0,5,109984,150512,7.4
GRAD_007969,2022,23,Female,White,Regional,Psychology,3.08,0,No,0,Non-profit,Boston,Fortune 500,None,3.0,0.0,2,49152,57438,3.4
GRAD_007970,2021,20,Male,White,Regional,Computer Science,3.35,1,No,2,Media,Portland,Fortune 500,None,1.0,80.0,3,93557,113377,6.3
GRAD_007971,2022,21,Male,Black,Top 50,Engineering,3.11,4,No,1,Finance,Austin,Large,None,0.0,60.0,2,158611,169841,10.0
GRAD_007972,2016,21,Male,White,Top 100,Mathematics,2.95,0,No,1,Real Estate,Philadelphia,Large,None,5.0,0.0,8,75654,130893,5.8
GRAD_007973,2022,21,Female,White,Top 100,Psychology,3.14,1,No,2,Healthcare,Boston,Large,None,0.0,80.0,2,93777,101151,9.5
GRAD_007974,2020,24,Female,Black,Top 10,Political Science,2.87,0,Yes,0,Energy,Seattle,Small,None,3.0,80.0,4,118716,149989,3.5
GRAD_007975,2020,22,Female,Black,Regional,Communications,3.66,2,No,2,Finance,San Francisco,Small,Masters,0.0,60.0,4,119365,153601,6.4
GRAD_007976,2021,23,Male,White,Top 50,Engineering,3.77,1,No,1,Energy,Washington DC,Startup,Masters,4.0,60.0,3,160459,237284,7.1
GRAD_007977,2018,22,Female,White,Regional,Engineering,2.66,0,Yes,0,Energy,Washington DC,Large,Masters,3.0,40.0,6,121460,179843,6.5
GRAD_007978,2015,26,Female,White,Top 100,Marketing,3.46,5,No,1,Technology,Atlanta,Medium,MBA,,20.0,9,85453,171938,7.2
GRAD_007979,2020,23,Male,Asian,Regional,Liberal Arts,3.33,2,,1,Energy,Philadelphia,Medium,None,2.0,,4,58887,76703,7.1
GRAD_007980,2018,22,Female,Hispanic,Regional,Psychology,3.33,3,Yes,0,Finance,Washington DC,Fortune 500,None,5.0,80.0,6,81391,106085,6.6
GRAD_007981,2017,22,Male,Black,Regional,Liberal Arts,3.12,0,No,2,Education,Dallas,Small,MBA,2.0,60.0,7,39921,84557,5.6
GRAD_007982,2023,21,Male,Black,Top 100,Psychology,3.05,1,No,3,Media,Seattle,Fortune 500,None,3.0,60.0,1,70937,82770,3.9
GRAD_007983,2017,21,Female,Hispanic,Regional,Chemistry,3.63,0,No,0,Energy,Atlanta,Startup,Masters,2.0,0.0,7,79336,117871,6.6
GRAD_007984,2017,20,Female,Black,Top 100,Computer Science,3.64,1,,1,Energy,Dallas,Medium,None,1.0,60.0,7,111114,177242,7.0
GRAD_007985,2018,23,Male,Hispanic,Top 50,Computer Science,3.34,1,No,2,Finance,Los Angeles,Medium,JD,0.0,40.0,6,174785,277477,10.0
GRAD_007986,2019,21,Other,Hispanic,Regional,Communications,2.74,0,No,2,Media,New York,Fortune 500,JD,1.0,0.0,5,57888,101294,4.7
GRAD_007987,2022,23,Female,White,Top 100,Biology,3.32,1,Yes,1,Government,Philadelphia,Large,Masters,3.0,,2,62945,82943,6.4
GRAD_007988,2017,21,Female,White,Regional,Political Science,3.16,4,No,1,Transportation,Chicago,Fortune 500,Masters,0.0,0.0,7,60859,80940,6.5
GRAD_007989,2020,21,Female,White,Top 100,Political Science,3.28,1,No,0,Government,Phoenix,Startup,None,2.0,0.0,4,46113,63051,6.2
GRAD_007990,2018,22,Female,White,Top 10,Engineering,3.34,2,Yes,1,Media,Boston,Large,None,1.0,20.0,6,110252,128375,5.2
GRAD_007991,2022,25,Female,White,Regional,Communications,3.26,3,No,1,Finance,Phoenix,Fortune 500,Masters,,60.0,2,77457,101994,7.5
GRAD_007992,2020,27,Female,Black,Top 10,Marketing,3.65,2,No,3,Finance,Chicago,Medium,None,4.0,80.0,4,111287,147835,7.2
GRAD_007993,2022,21,Male,Other,Top 10,Liberal Arts,3.07,1,No,2,Manufacturing,Portland,Startup,Masters,3.0,80.0,2,88259,119640,4.6
GRAD_007994,2022,21,Male,White,Top 100,Economics,3.64,2,No,1,Retail,San Francisco,Large,Masters,3.0,0.0,2,88444,120841,6.5
GRAD_007995,2023,23,Male,Asian,Regional,Liberal Arts,3.18,1,No,3,Non-profit,Miami,Large,None,2.0,40.0,1,36477,44032,6.0
GRAD_007996,2023,22,Female,Other,Top 100,Engineering,3.58,3,Yes,1,Healthcare,Chicago,Startup,None,3.0,0.0,1,103528,113501,8.5
GRAD_007997,2020,21,Female,White,Top 100,Psychology,3.62,1,No,0,Real Estate,Chicago,Small,MBA,5.0,40.0,4,76098,131748,6.3
GRAD_007998,2021,23,Female,Hispanic,Top 100,Liberal Arts,3.45,1,No,1,Healthcare,Dallas,Small,None,4.0,40.0,3,54845,70037,5.9
GRAD_007999,2016,23,Female,White,Top 50,Communications,3.09,5,No,1,Non-profit,Austin,Medium,JD,3.0,20.0,8,55979,123532,10.0
GRAD_008000,2016,22,Male,White,Regional,Economics,2.66,0,No,0,Manufacturing,San Francisco,Startup,None,1.0,0.0,8,111856,187781,7.1
