campaign_id,campaign_date,platform,ad_type,target_audience,industry_vertical,campaign_duration_days,device_type,geographic_region,seasonality,creative_score,ad_spend,impressions,clicks,conversions,revenue_generated
CAMP_00001,2022-01-01 00:00:00.000000000,Facebook,Display,25-34,Finance,30,Mobile,Europe,Q1,50.9876170042702,5773.56,547758,12134,708,55668.21
CAMP_00002,2022-01-01 04:57:51.094218843,TikTok,Search,25-34,Entertainment,7,Mobile,Europe,Q1,62.1381385858251,2847.36,267056,7848,348,6681.57
CAMP_00003,2022-01-01 09:55:42.188437687,LinkedIn,Social,25-34,Healthcare,14,Desktop,Other,Q1,44.49241991726891,17959.59,1588181,35877,1770,47242.56
CAMP_00004,2022-01-01 14:53:33.282656531,Instagram,Display,35-44,Retail,30,Tablet,North America,Q1,64.2426347458623,885.0,95029,2198,64,3418.01
CAMP_00005,2022-01-01 19:51:24.376875375,Google,Social,35-44,Retail,14,Mobile,Europe,Q1,44.007968501076775,10194.7,1234179,21003,1254,111969.63
CAMP_00006,2022-01-02 00:49:15.471094218,Google,Video,45-54,Technology,30,Mobile,Asia,Q1,90.60188927346297,5481.18,721448,19663,1025,85146.43
CAMP_00007,2022-01-02 05:47:06.565313062,Google,Social,18-24,Technology,90,Mobile,Asia,Q1,37.62245971780446,36905.83,3856766,66968,2742,107649.57
CAMP_00008,2022-01-02 10:44:57.659531906,Twitter,Social,35-44,Healthcare,7,Mobile,Europe,Q1,12.975521173033613,34307.68,2767006,45338,1140,65552.92
CAMP_00009,2022-01-02 15:42:48.753750750,Instagram,Display,45-54,Finance,30,Mobile,Asia,Q1,34.03000299093357,2843.01,249990,4631,206,37826.72
CAMP_00010,2022-01-02 20:40:39.847969593,LinkedIn,Search,45-54,Technology,14,Mobile,North America,Q1,67.72989549627425,27134.82,2294634,63586,3851,120378.08
CAMP_00011,2022-01-03 01:38:30.942188437,Google,Display,45-54,Retail,14,Tablet,Europe,Q1,57.64151240902271,10391.34,1309398,30853,1961,32494.44
CAMP_00012,2022-01-03 06:36:22.036407281,TikTok,Social,45-54,Retail,7,Mobile,Latin America,Q1,75.04265815964233,1484.04,163232,3658,245,15532.99
CAMP_00013,2022-01-03 11:34:13.130626125,Twitter,Search,55+,Travel,7,Desktop,Latin America,Q1,70.03489233421934,65778.04,6148205,182248,9711,157774.93
CAMP_00014,2022-01-03 16:32:04.224844969,Google,Search,25-34,Finance,14,Mobile,Asia,Q1,47.274393005495924,33397.63,3959891,105831,5756,141187.15
CAMP_00015,2022-01-03 21:29:55.319063812,Google,Display,35-44,Education,14,Mobile,North America,Q1,50.218330124089064,7542.97,840775,15887,1367,54005.44
CAMP_00016,2022-01-04 02:27:46.413282656,Google,Display,18-24,Education,60,Desktop,Asia,Q1,52.29342448693548,5794.21,606105,10758,764,22822.14
CAMP_00017,2022-01-04 07:25:37.507501500,Facebook,Video,18-24,Finance,30,Desktop,North America,Q1,97.68692166993306,71857.02,9022738,250060,26326,1742228.32
CAMP_00018,2022-01-04 12:23:28.601720344,Instagram,Display,25-34,Entertainment,90,Mobile,North America,Q1,73.81644629374739,5856.86,639240,21296,1105,218841.48
CAMP_00019,2022-01-04 17:21:19.695939187,Facebook,Search,18-24,Retail,30,Desktop,Asia,Q1,97.8337379835701,76276.35,9439169,306451,25945,725334.84
CAMP_00020,2022-01-04 22:19:10.790158031,Facebook,Social,25-34,Entertainment,14,Desktop,North America,Q1,76.81558744683628,7519.01,700591,21880,946,23960.68
CAMP_00021,2022-01-05 03:17:01.884376875,Instagram,Search,25-34,Technology,14,Mobile,Other,Q1,58.728332101568974,23195.06,2391795,76763,6245,597341.51
CAMP_00022,2022-01-05 08:14:52.978595719,Google,Search,18-24,Education,14,Mobile,Europe,Q1,39.6127702602867,14544.47,1590820,30480,1197,40272.92
CAMP_00023,2022-01-05 13:12:44.072814562,Facebook,Native,55+,Retail,14,Desktop,Europe,Q1,64.03039342297488,201.06,23348,408,17,805.1
CAMP_00024,2022-01-05 18:10:35.167033406,Facebook,Social,18-24,Entertainment,30,Mobile,Asia,Q1,58.78261655567539,9846.69,932897,14615,1134,56703.01
CAMP_00025,2022-01-05 23:08:26.261252250,Facebook,Native,45-54,Retail,30,Mobile,Asia,Q1,58.12705429323572,4554.34,528326,13324,836,11947.25
CAMP_00026,2022-01-06 04:06:17.355471094,Twitter,Search,25-34,Education,14,Mobile,Europe,Q1,55.818018462015004,478.11,33283,1197,33,1555.67
CAMP_00027,2022-01-06 09:04:08.449689938,Google,Display,55+,Technology,7,Mobile,North America,Q1,18.950745848475556,41147.02,5097764,48760,2818,119173.64
CAMP_00028,2022-01-06 14:01:59.543908781,Instagram,Video,45-54,Entertainment,7,Tablet,Asia,Q1,85.21679633069311,1283.4,143959,4894,427,15609.39
CAMP_00029,2022-01-06 18:59:50.638127625,Instagram,Social,35-44,Finance,14,Mobile,North America,Q1,58.990930215653655,57543.17,4904749,140180,6648,298724.38
CAMP_00030,2022-01-06 23:57:41.732346469,Google,Video,35-44,Technology,7,Mobile,North America,Q1,31.714937679427166,1181.36,142859,3228,178,3245.83
CAMP_00031,2022-01-07 04:55:32.826565313,Instagram,Display,18-24,Healthcare,30,Mobile,Europe,Q1,69.6352541814729,3811.41,347957,8513,358,8136.87
CAMP_00032,2022-01-07 09:53:23.920784156,Google,Search,55+,Travel,7,Desktop,North America,Q1,42.883276627869435,2146.95,281322,6700,333,20379.82
CAMP_00033,2022-01-07 14:51:15.015003000,Google,Search,45-54,Retail,30,Desktop,Other,Q1,71.24281245941566,7818.07,860864,31529,1560,52224.65
CAMP_00034,2022-01-07 19:49:06.109221844,TikTok,Search,45-54,Travel,14,Tablet,Europe,Q1,77.63312921024921,15607.9,1750605,66103,2539,425539.24
CAMP_00035,2022-01-08 00:46:57.203440688,TikTok,Display,35-44,Healthcare,7,Desktop,Other,Q1,80.39272981338635,19766.3,1649533,42083,2874,59683.43
CAMP_00036,2022-01-08 05:44:48.297659531,Twitter,Display,25-34,Education,60,Desktop,North America,Q1,56.78166546690359,39196.99,3155134,57828,2331,127800.4
CAMP_00037,2022-01-08 10:42:39.391878375,Facebook,Search,45-54,Finance,30,Mobile,Other,Q1,51.724445439629655,3717.1,393799,12704,894,59066.07
CAMP_00038,2022-01-08 15:40:30.486097219,Google,Native,25-34,Finance,14,Mobile,North America,Q1,47.489232794706595,807.76,98916,2103,95,2166.51
CAMP_00039,2022-01-08 20:38:21.580316063,LinkedIn,Social,35-44,Education,60,Desktop,North America,Q1,45.548878230790066,4757.38,429730,7494,398,4548.31
CAMP_00040,2022-01-09 01:36:12.674534907,Facebook,Native,18-24,Finance,7,Desktop,North America,Q1,59.65539871578166,2758.59,349292,8293,559,11362.0
CAMP_00041,2022-01-09 06:34:03.768753750,Google,Social,55+,Healthcare,14,Tablet,Europe,Q1,55.81313875216521,2130.11,302722,5162,166,2100.07
CAMP_00042,2022-01-09 11:31:54.862972594,Instagram,Search,18-24,Retail,30,Desktop,North America,Q1,43.49392368355669,1383.92,123877,2636,101,6812.49
CAMP_00043,2022-01-09 16:29:45.957191438,Google,Display,25-34,Retail,30,Mobile,Europe,Q1,37.12430492394191,128435.63,14823829,317712,11016,908975.46
CAMP_00044,2022-01-09 21:27:37.051410282,TikTok,Search,35-44,Healthcare,14,Mobile,North America,Q1,57.82487815482835,16627.97,1478061,43727,3241,31541.71
CAMP_00045,2022-01-10 02:25:28.145629125,Facebook,Search,45-54,Entertainment,7,Mobile,North America,Q1,51.31604764112339,1219.54,132560,3590,181,14962.26
CAMP_00046,2022-01-10 07:23:19.239847969,LinkedIn,Search,35-44,Healthcare,60,Mobile,Europe,Q1,37.17266053436269,45948.57,3451235,101545,2504,435789.26
CAMP_00047,2022-01-10 12:21:10.334066813,Facebook,Search,25-34,Retail,14,Mobile,North America,Q1,76.61142026842815,1328.38,150210,5090,341,26575.42
CAMP_00048,2022-01-10 17:19:01.428285657,Instagram,Search,18-24,Finance,7,Mobile,Asia,Q1,95.44185501650497,7664.02,614066,17314,750,143899.96
CAMP_00049,2022-01-10 22:16:52.522504501,Instagram,Display,45-54,Technology,30,Mobile,Europe,Q1,79.2517642796845,35585.83,2930007,52604,2777,119567.28
CAMP_00050,2022-01-11 03:14:43.616723344,Google,Search,55+,Finance,60,Desktop,Latin America,Q1,45.596239766479115,14888.71,1789200,29797,1962,77850.58
CAMP_00051,2022-01-11 08:12:34.710942188,TikTok,Display,45-54,Education,7,Mobile,North America,Q1,58.99540630820127,809.05,85859,1659,72,1120.8
CAMP_00052,2022-01-11 13:10:25.805161032,Twitter,Social,35-44,Entertainment,30,Desktop,Other,Q1,90.80857903374921,41529.08,3808870,150419,8280,374427.79
CAMP_00053,2022-01-11 18:08:16.899379876,TikTok,Display,55+,Retail,30,Mobile,Europe,Q1,36.52600714445014,708.43,54875,843,44,1704.97
CAMP_00054,2022-01-11 23:06:07.993598719,Twitter,Video,25-34,Education,14,Mobile,Other,Q1,75.65190253370452,5072.12,446874,15546,683,43664.48
CAMP_00055,2022-01-12 04:03:59.087817563,Instagram,Search,35-44,Finance,30,Tablet,North America,Q1,31.038335837120204,10859.47,1193459,30154,1653,37557.92
CAMP_00056,2022-01-12 09:01:50.182036407,TikTok,Search,35-44,Entertainment,90,Mobile,Asia,Q1,93.68075254862657,12373.12,1301477,66942,3843,106460.94
CAMP_00057,2022-01-12 13:59:41.276255251,Google,Search,25-34,Retail,14,Tablet,Asia,Q1,51.39370950498021,10273.01,1266921,46808,3739,327888.02
CAMP_00058,2022-01-12 18:57:32.370474094,Google,Display,45-54,Entertainment,7,Mobile,North America,Q1,100.0,14363.24,1415197,29565,3528,133515.17
CAMP_00059,2022-01-12 23:55:23.464692938,Google,Search,35-44,Technology,60,Mobile,Europe,Q1,94.5612759728366,62629.05,6155437,210614,25464,1929580.51
CAMP_00060,2022-01-13 04:53:14.558911782,Facebook,Display,25-34,Finance,30,Mobile,Asia,Q1,57.87138980837224,3236.78,336294,8600,292,12762.97
CAMP_00061,2022-01-13 09:51:05.653130626,Facebook,Native,25-34,Retail,14,Mobile,Europe,Q1,45.61189253779179,10908.94,981694,25276,737,20121.75
CAMP_00062,2022-01-13 14:48:56.747349470,Facebook,Native,18-24,Retail,30,Mobile,North America,Q1,63.895509437818276,43163.56,4725060,68409,4549,193737.99
CAMP_00063,2022-01-13 19:46:47.841568313,Twitter,Search,35-44,Retail,30,Desktop,Asia,Q1,56.396820667068724,17615.36,1449943,49281,1350,32321.3
CAMP_00064,2022-01-14 00:44:38.935787157,Facebook,Display,25-34,Technology,30,Mobile,North America,Q1,51.96866072828814,47408.57,5541377,129867,8278,279673.58
CAMP_00065,2022-01-14 05:42:30.030006001,Facebook,Social,18-24,Retail,60,Desktop,Asia,Q1,26.837734908434058,19372.35,1769599,23214,1312,63152.23
CAMP_00066,2022-01-14 10:40:21.124224845,Instagram,Video,35-44,Entertainment,14,Mobile,North America,Q1,49.708928326908264,73520.55,7318643,189099,13047,591331.55
CAMP_00067,2022-01-14 15:38:12.218443688,Google,Search,35-44,Retail,14,Mobile,North America,Q1,37.790417564875206,623.39,87362,1546,50,1706.45
CAMP_00068,2022-01-14 20:36:03.312662532,Twitter,Display,45-54,Healthcare,30,Tablet,North America,Q1,71.03295412850473,3128.18,272594,7122,260,4195.58
CAMP_00069,2022-01-15 01:33:54.406881376,Google,Native,35-44,Retail,14,Desktop,Europe,Q1,79.82142633194849,3086.42,425000,13399,523,9738.38
CAMP_00070,2022-01-15 06:31:45.501100220,TikTok,Video,45-54,Travel,30,Mobile,Other,Q1,74.81368007847193,2336.92,235795,5120,170,6896.73
CAMP_00071,2022-01-15 11:29:36.595319063,Twitter,Search,55+,Travel,14,Mobile,North America,Q1,66.84750179255015,961.38,63595,1767,109,9274.38
CAMP_00072,2022-01-15 16:27:27.689537907,Google,Social,45-54,Technology,7,Mobile,North America,Q1,42.94185865718197,137150.88,16835434,332693,20002,1864437.65
CAMP_00073,2022-01-15 21:25:18.783756751,Google,Search,35-44,Healthcare,14,Tablet,North America,Q1,64.1080154520382,41438.24,5368562,184918,11226,747756.77
CAMP_00074,2022-01-16 02:23:09.877975595,Twitter,Video,25-34,Retail,30,Mobile,Asia,Q1,75.85530287288752,346.05,28624,782,39,2209.03
CAMP_00075,2022-01-16 07:21:00.972194439,LinkedIn,Native,55+,Travel,30,Desktop,Europe,Q1,48.2752885120054,28084.66,2177068,31729,857,23426.71
CAMP_00076,2022-01-16 12:18:52.066413282,LinkedIn,Search,25-34,Finance,14,Mobile,North America,Q1,62.379728427900126,39371.09,3921642,163455,11510,513091.94
CAMP_00077,2022-01-16 17:16:43.160632126,Twitter,Search,25-34,Retail,7,Tablet,Europe,Q1,57.09076821460154,673.04,46886,1219,35,602.29
CAMP_00078,2022-01-16 22:14:34.254850970,Google,Display,25-34,Technology,14,Mobile,North America,Q1,93.2473333922097,31623.19,4134396,103717,13151,613092.52
CAMP_00079,2022-01-17 03:12:25.349069814,Facebook,Search,18-24,Retail,30,Mobile,Europe,Q1,77.03096270529049,51412.88,5018143,178792,14453,231773.82
CAMP_00080,2022-01-17 08:10:16.443288657,Google,Search,55+,Finance,14,Desktop,North America,Q1,72.18319223496783,4640.1,618059,13058,1329,84756.47
CAMP_00081,2022-01-17 13:08:07.537507501,Twitter,Video,35-44,Entertainment,30,Tablet,Asia,Q1,25.6661253206913,39771.25,2947565,66134,2541,106174.18
CAMP_00082,2022-01-17 18:05:58.631726345,Instagram,Video,35-44,Finance,30,Tablet,Latin America,Q1,63.45674653535167,56308.0,5780289,201243,15941,452615.75
CAMP_00083,2022-01-17 23:03:49.725945189,Facebook,Social,35-44,Finance,14,Desktop,Asia,Q1,56.8997314215086,9912.54,894158,18956,1087,39459.27
CAMP_00084,2022-01-18 04:01:40.820164032,Google,Display,35-44,Retail,30,Desktop,Europe,Q1,56.726857788602544,14918.3,1654554,43780,1623,88219.95
CAMP_00085,2022-01-18 08:59:31.914382876,Facebook,Display,18-24,Technology,7,Desktop,Europe,Q1,28.731730545167192,1874.48,204383,2777,143,5753.44
CAMP_00086,2022-01-18 13:57:23.008601720,Facebook,Search,35-44,Retail,30,Desktop,North America,Q1,38.244627554048606,5052.75,473490,10139,452,12023.31
CAMP_00087,2022-01-18 18:55:14.102820564,LinkedIn,Social,45-54,Education,14,Desktop,Asia,Q1,58.63965024188435,85310.17,8308128,230947,7800,690406.39
CAMP_00088,2022-01-18 23:53:05.197039408,Instagram,Video,25-34,Retail,7,Mobile,Europe,Q1,82.28711556380922,3367.39,289554,10406,962,18764.69
CAMP_00089,2022-01-19 04:50:56.291258251,Twitter,Search,45-54,Healthcare,30,Desktop,Latin America,Q1,48.189508603211536,27416.27,2400540,79424,4277,215820.66
CAMP_00090,2022-01-19 09:48:47.385477095,Instagram,Video,25-34,Technology,14,Mobile,North America,Q1,52.00122545791465,7819.32,772933,17480,660,11749.74
CAMP_00091,2022-01-19 14:46:38.479695939,Google,Video,25-34,Technology,30,Desktop,Asia,Q1,95.62183990572416,8133.58,1153245,46402,3683,104802.38
CAMP_00092,2022-01-19 19:44:29.573914783,LinkedIn,Video,25-34,Healthcare,30,Desktop,Asia,Q1,54.063552216643274,1109.37,106169,3526,148,7921.52
CAMP_00093,2022-01-20 00:42:20.668133626,LinkedIn,Social,25-34,Finance,30,Mobile,North America,Q1,57.424209522928386,6286.25,617756,17691,473,24519.05
CAMP_00094,2022-01-20 05:40:11.762352470,Instagram,Video,45-54,Finance,14,Mobile,Asia,Q1,57.69510435896518,3819.61,347036,9773,278,8254.35
CAMP_00095,2022-01-20 10:38:02.856571314,Twitter,Video,45-54,Healthcare,30,Mobile,Latin America,Q1,33.08989707190979,6435.17,581237,12878,385,21432.7
CAMP_00096,2022-01-20 15:35:53.950790158,Instagram,Search,25-34,Finance,30,Mobile,Latin America,Q1,71.4359624683023,35861.51,4266224,197182,15279,601799.28
CAMP_00097,2022-01-20 20:33:45.045009002,Instagram,Social,35-44,Technology,14,Mobile,Asia,Q1,46.94247762831323,3012.35,329285,8225,484,18843.8
CAMP_00098,2022-01-21 01:31:36.139227845,Facebook,Display,45-54,Healthcare,30,Tablet,North America,Q1,59.39858765920523,21515.13,2409044,33510,1302,70696.55
CAMP_00099,2022-01-21 06:29:27.233446689,Google,Search,25-34,Entertainment,60,Desktop,Latin America,Q1,68.88745928835596,3188.02,358703,15033,1189,233982.18
CAMP_00100,2022-01-21 11:27:18.327665533,Google,Video,25-34,Retail,7,Desktop,Asia,Q1,98.85115178070785,2695.68,292771,12690,706,13236.2
CAMP_00101,2022-01-21 16:25:09.421884377,Google,Search,55+,Finance,60,Mobile,North America,Q1,33.64459910907513,12415.78,1243131,15487,670,10355.99
CAMP_00102,2022-01-21 21:23:00.516103220,Instagram,Search,35-44,Retail,7,Tablet,North America,Q1,77.29964370132447,98305.19,10634257,423262,20624,3862840.02
CAMP_00103,2022-01-22 02:20:51.610322064,Facebook,Search,55+,Retail,14,Desktop,North America,Q1,77.37446512347935,3040.92,358787,7889,539,117956.03
CAMP_00104,2022-01-22 07:18:42.704540908,Instagram,Display,25-34,Healthcare,14,Mobile,North America,Q1,47.23570454441453,4897.52,479491,13086,563,41673.3
CAMP_00105,2022-01-22 12:16:33.798759752,TikTok,Display,45-54,Education,30,Desktop,Asia,Q1,71.99007696103963,2664.73,210429,5883,199,9018.27
CAMP_00106,2022-01-22 17:14:24.892978595,Google,Video,25-34,Education,7,Tablet,North America,Q1,92.86872302583784,498.04,49279,1302,160,11145.7
CAMP_00107,2022-01-22 22:12:15.987197439,Facebook,Display,25-34,Retail,60,Mobile,North America,Q1,44.70057581575116,810.21,95535,2081,132,11483.09
CAMP_00108,2022-01-23 03:10:07.081416283,LinkedIn,Video,35-44,Finance,60,Desktop,North America,Q1,64.8293959427031,4715.96,350925,7292,533,15754.97
CAMP_00109,2022-01-23 08:07:58.175635127,Google,Social,25-34,Healthcare,30,Tablet,Europe,Q1,68.0960272787957,5310.1,515152,15924,838,25913.43
CAMP_00110,2022-01-23 13:05:49.269853971,Google,Native,25-34,Retail,14,Mobile,North America,Q1,70.683577099071,84477.03,10040565,201656,20196,739409.47
CAMP_00111,2022-01-23 18:03:40.364072814,Facebook,Native,25-34,Entertainment,60,Desktop,North America,Q1,75.38583521432025,35692.42,4105080,96407,4057,117940.77
CAMP_00112,2022-01-23 23:01:31.458291658,Google,Social,18-24,Entertainment,60,Mobile,North America,Q1,63.326096565043485,20158.2,1954618,43290,1921,163395.25
CAMP_00113,2022-01-24 03:59:22.552510502,TikTok,Search,45-54,Travel,14,Mobile,Asia,Q1,70.26872372696005,44220.72,4151456,152285,9974,1822229.53
CAMP_00114,2022-01-24 08:57:13.646729346,Twitter,Social,35-44,Retail,30,Desktop,North America,Q1,41.770526997525536,14061.56,1287327,33061,1494,29269.21
CAMP_00115,2022-01-24 13:55:04.740948189,Instagram,Display,18-24,Technology,30,Mobile,Europe,Q1,63.28006987279115,5050.79,448633,8483,568,27498.18
CAMP_00116,2022-01-24 18:52:55.835167033,Twitter,Search,25-34,Education,30,Desktop,North America,Q1,50.47317468638971,5292.26,396496,13894,831,9395.05
CAMP_00117,2022-01-24 23:50:46.929385877,Twitter,Search,18-24,Entertainment,14,Mobile,North America,Q1,35.403421896918246,83880.48,6823822,173276,3283,66842.58
CAMP_00118,2022-01-25 04:48:38.023604721,Google,Search,35-44,Education,14,Mobile,North America,Q1,49.81710901126199,6655.68,884179,25601,978,54673.51
CAMP_00119,2022-01-25 09:46:29.117823564,Twitter,Social,18-24,Retail,7,Mobile,North America,Q1,65.38912784396116,7976.61,589678,12732,568,33625.76
CAMP_00120,2022-01-25 14:44:20.212042408,Instagram,Display,45-54,Healthcare,14,Mobile,North America,Q1,68.71594552740386,1286.51,113238,2886,248,4453.18
CAMP_00121,2022-01-25 19:42:11.306261252,Twitter,Display,18-24,Healthcare,30,Mobile,North America,Q1,34.63081758154458,18665.02,1321609,17524,639,30694.44
CAMP_00122,2022-01-26 00:40:02.400480096,Twitter,Native,25-34,Retail,90,Desktop,North America,Q1,41.24646566550258,30813.41,2652302,67995,2648,113031.71
CAMP_00123,2022-01-26 05:37:53.494698940,Facebook,Video,45-54,Finance,90,Tablet,Asia,Q1,74.49312559386442,32307.57,3784830,124754,10836,253439.91
CAMP_00124,2022-01-26 10:35:44.588917783,Google,Search,45-54,Healthcare,30,Desktop,North America,Q1,70.16296185231727,2416.71,338627,9736,1027,24913.8
CAMP_00125,2022-01-26 15:33:35.683136627,Google,Native,18-24,Retail,30,Mobile,Latin America,Q1,77.74205324092705,11150.93,1491350,24551,2595,133668.14
CAMP_00126,2022-01-26 20:31:26.777355471,Facebook,Search,45-54,Technology,7,Desktop,Asia,Q1,87.35660854353121,12288.62,1575149,61857,2958,177537.61
CAMP_00127,2022-01-27 01:29:17.871574315,Twitter,Search,35-44,Healthcare,30,Tablet,Asia,Q1,70.75774219181197,5198.44,464821,18941,574,63007.5
CAMP_00128,2022-01-27 06:27:08.965793158,Twitter,Display,45-54,Finance,7,Mobile,North America,Q1,51.70384745658256,18101.57,1615806,30546,1632,72761.7
CAMP_00129,2022-01-27 11:25:00.060012002,Google,Display,35-44,Education,14,Mobile,Asia,Q1,62.296989161638336,32296.01,3940906,92365,6935,472303.48
CAMP_00130,2022-01-27 16:22:51.154230846,Instagram,Social,35-44,Technology,30,Mobile,North America,Q1,93.19794201854765,26470.3,2624233,87758,6680,215762.52
CAMP_00131,2022-01-27 21:20:42.248449690,Facebook,Search,55+,Technology,14,Mobile,North America,Q1,100.0,1046.5,127200,3804,212,10385.97
CAMP_00132,2022-01-28 02:18:33.342668534,Google,Search,25-34,Travel,7,Tablet,North America,Q1,69.26192731484718,743.82,75307,3088,273,18100.56
CAMP_00133,2022-01-28 07:16:24.436887377,Google,Video,35-44,Travel,60,Desktop,Latin America,Q1,70.71108277622614,4177.87,433527,11807,908,56141.68
CAMP_00134,2022-01-28 12:14:15.531106221,Facebook,Video,35-44,Retail,14,Desktop,North America,Q1,74.51416733994833,1569.13,172726,4635,204,5396.8
CAMP_00135,2022-01-28 17:12:06.625325065,TikTok,Native,18-24,Entertainment,7,Mobile,Latin America,Q1,60.47585691638726,30043.62,3105752,63731,2701,134342.47
CAMP_00136,2022-01-28 22:09:57.719543909,Facebook,Display,18-24,Retail,7,Mobile,North America,Q1,83.27707804685248,18948.61,1706574,45857,1949,98436.83
CAMP_00137,2022-01-29 03:07:48.813762752,Instagram,Search,18-24,Retail,14,Mobile,Latin America,Q1,80.16090585465702,9509.37,1019040,23374,1502,62932.0
CAMP_00138,2022-01-29 08:05:39.907981596,LinkedIn,Video,35-44,Technology,7,Tablet,Latin America,Q1,67.08752894297633,22245.88,1657437,38528,1886,63585.42
CAMP_00139,2022-01-29 13:03:31.002200440,Facebook,Search,35-44,Technology,30,Mobile,Latin America,Q1,53.63960187988769,1267.51,116624,4250,288,16617.07
CAMP_00140,2022-01-29 18:01:22.096419284,TikTok,Native,35-44,Education,14,Desktop,Europe,Q1,29.586072252457264,1463.5,133276,2646,143,8406.37
CAMP_00141,2022-01-29 22:59:13.190638127,TikTok,Search,18-24,Entertainment,60,Mobile,Latin America,Q1,74.648270952285,1495.34,165451,5310,272,15080.68
CAMP_00142,2022-01-30 03:57:04.284856971,Facebook,Video,35-44,Travel,7,Desktop,Other,Q1,64.25716630452209,24842.72,2340244,79594,2524,60345.56
CAMP_00143,2022-01-30 08:54:55.379075815,Instagram,Search,55+,Entertainment,14,Desktop,North America,Q1,45.24464538691798,152566.56,12633899,241772,9247,419077.35
CAMP_00144,2022-01-30 13:52:46.473294659,Facebook,Social,25-34,Finance,30,Desktop,Europe,Q1,37.40159470010745,1729.2,211913,3441,96,7616.55
CAMP_00145,2022-01-30 18:50:37.567513503,Facebook,Search,35-44,Entertainment,30,Mobile,Asia,Q1,73.22865698766503,10785.33,1370880,57165,3014,103045.8
CAMP_00146,2022-01-30 23:48:28.661732346,Google,Social,45-54,Travel,30,Mobile,North America,Q1,27.9752735676607,44060.05,4710092,78862,4002,111661.79
CAMP_00147,2022-01-31 04:46:19.755951190,Instagram,Search,45-54,Entertainment,60,Mobile,Asia,Q1,65.9928237488761,5031.45,497600,19481,883,50642.19
CAMP_00148,2022-01-31 09:44:10.850170034,Instagram,Social,35-44,Entertainment,14,Tablet,North America,Q1,76.87100818337788,65870.95,7589422,164396,12879,510069.23
CAMP_00149,2022-01-31 14:42:01.944388878,Google,Search,45-54,Travel,14,Mobile,Europe,Q1,70.99785772833246,35354.08,3811577,111585,11316,226072.07
CAMP_00150,2022-01-31 19:39:53.038607721,Facebook,Video,25-34,Retail,60,Mobile,North America,Q1,52.18520451283119,1383.39,141806,4117,227,15806.23
CAMP_00151,2022-02-01 00:37:44.132826565,TikTok,Display,45-54,Entertainment,7,Mobile,North America,Q1,35.01251031050172,13096.52,1450539,16335,505,10986.43
CAMP_00152,2022-02-01 05:35:35.227045409,Google,Display,25-34,Education,7,Mobile,North America,Q1,71.74038479590381,7949.69,882230,22152,892,17915.51
CAMP_00153,2022-02-01 10:33:26.321264253,Google,Native,25-34,Travel,14,Desktop,Asia,Q1,84.01046183906841,7801.32,873923,33678,1632,31448.37
CAMP_00154,2022-02-01 15:31:17.415483096,Instagram,Social,18-24,Technology,30,Tablet,North America,Q1,48.54533290513918,3195.27,334764,5039,329,63456.28
CAMP_00155,2022-02-01 20:29:08.509701940,TikTok,Search,45-54,Finance,14,Mobile,Asia,Q1,70.13816400585719,90475.23,10146098,303239,21757,1033081.79
CAMP_00156,2022-02-02 01:26:59.603920784,Google,Display,25-34,Entertainment,7,Tablet,Asia,Q1,91.63030237463619,5782.05,746832,16514,1321,68473.48
CAMP_00157,2022-02-02 06:24:50.698139628,LinkedIn,Display,25-34,Technology,14,Desktop,Europe,Q1,66.7769419288322,1011.87,74303,1605,50,3495.5
CAMP_00158,2022-02-02 11:22:41.792358472,LinkedIn,Social,25-34,Healthcare,30,Mobile,North America,Q1,52.06239710244425,2372.0,230409,6344,277,18343.47
CAMP_00159,2022-02-02 16:20:32.886577315,Google,Search,55+,Technology,14,Tablet,North America,Q1,80.81707080126316,5181.55,596235,14719,1357,28720.65
CAMP_00160,2022-02-02 21:18:23.980796159,LinkedIn,Display,45-54,Technology,14,Desktop,Europe,Q1,45.24878051684375,15025.03,1505231,24872,535,22217.96
CAMP_00161,2022-02-03 02:16:15.075015003,Facebook,Search,35-44,Finance,30,Mobile,North America,Q1,34.03615969893954,11426.4,1196192,29504,1323,141619.68
CAMP_00162,2022-02-03 07:14:06.169233847,Instagram,Video,35-44,Finance,60,Desktop,Europe,Q1,76.2464238229196,1687.21,143448,4353,386,29373.72
CAMP_00163,2022-02-03 12:11:57.263452690,Instagram,Display,35-44,Finance,30,Mobile,Other,Q1,51.876754730328734,2006.46,229990,5512,259,7396.11
CAMP_00164,2022-02-03 17:09:48.357671534,Instagram,Search,25-34,Finance,30,Mobile,North America,Q1,53.66957971992631,33209.79,3040428,126734,9123,267182.81
CAMP_00165,2022-02-03 22:07:39.451890378,Google,Video,55+,Technology,14,Desktop,Europe,Q1,47.46118728897857,9595.48,1240301,24440,1005,56527.62
CAMP_00166,2022-02-04 03:05:30.546109222,Twitter,Native,18-24,Retail,14,Desktop,Other,Q1,50.54365208891832,30373.21,2033742,32806,1453,68516.87
CAMP_00167,2022-02-04 08:03:21.640328065,Facebook,Display,25-34,Retail,14,Desktop,Latin America,Q1,88.06066855053732,12589.87,1463911,43973,2519,84531.02
CAMP_00168,2022-02-04 13:01:12.734546909,Google,Video,25-34,Retail,60,Mobile,Latin America,Q1,93.24997531567334,15050.67,2119632,99750,5622,399414.06
CAMP_00169,2022-02-04 17:59:03.828765753,Google,Display,35-44,Healthcare,14,Tablet,Asia,Q1,95.89957272289217,7703.77,1006608,29391,1464,120018.81
CAMP_00170,2022-02-04 22:56:54.922984597,Instagram,Social,35-44,Entertainment,60,Mobile,North America,Q1,81.80241242355025,15591.26,1432020,35522,2875,224243.16
CAMP_00171,2022-02-05 03:54:46.017203441,LinkedIn,Search,35-44,Retail,90,Mobile,Latin America,Q1,69.32542519546476,14592.12,1372572,46710,2929,58086.55
CAMP_00172,2022-02-05 08:52:37.111422284,Google,Search,18-24,Retail,7,Mobile,Latin America,Q1,31.354288161337735,6283.08,829884,17932,1310,91060.01
CAMP_00173,2022-02-05 13:50:28.205641128,Instagram,Video,35-44,Entertainment,7,Mobile,Europe,Q1,56.24950594199301,10921.39,1296227,39867,2684,182840.93
CAMP_00174,2022-02-05 18:48:19.299859972,Google,Video,25-34,Technology,7,Mobile,North America,Q1,100.0,9340.6,1010217,41535,3384,128798.42
CAMP_00175,2022-02-05 23:46:10.394078816,Instagram,Search,25-34,Travel,14,Desktop,Europe,Q1,51.28756842494692,14962.18,1510252,52436,3942,191490.7
CAMP_00176,2022-02-06 04:44:01.488297659,Google,Social,18-24,Entertainment,7,Desktop,North America,Q1,90.2828894954455,18213.4,2214915,70558,5057,190115.89
CAMP_00177,2022-02-06 09:41:52.582516503,LinkedIn,Social,45-54,Technology,60,Tablet,North America,Q1,61.1007163806109,7247.53,633028,15329,779,34593.91
CAMP_00178,2022-02-06 14:39:43.676735347,Facebook,Video,25-34,Technology,7,Desktop,Europe,Q1,6.4371522829370775,7034.63,878677,15754,599,33811.01
CAMP_00179,2022-02-06 19:37:34.770954191,TikTok,Search,35-44,Finance,14,Mobile,Europe,Q1,72.80971127337926,18204.39,2009505,84899,3626,193386.85
CAMP_00180,2022-02-07 00:35:25.865173034,Google,Native,45-54,Retail,7,Desktop,Europe,Q1,85.32509392356623,429.27,61557,1137,88,8279.51
CAMP_00181,2022-02-07 05:33:16.959391878,Facebook,Display,35-44,Retail,60,Desktop,North America,Q1,59.02008062718911,38216.28,3908343,106347,5309,353566.38
CAMP_00182,2022-02-07 10:31:08.053610722,Google,Social,35-44,Retail,30,Mobile,Asia,Q1,84.66102008970827,11691.52,1316230,35536,2785,57013.03
CAMP_00183,2022-02-07 15:28:59.147829566,TikTok,Video,25-34,Entertainment,60,Desktop,North America,Q1,26.643449711658256,71607.99,6960236,177660,7127,351960.07
CAMP_00184,2022-02-07 20:26:50.242048410,Twitter,Native,25-34,Finance,90,Mobile,North America,Q1,32.288714722012614,40757.87,3550197,52037,2388,279131.59
CAMP_00185,2022-02-08 01:24:41.336267253,Facebook,Social,35-44,Retail,14,Mobile,Europe,Q1,64.09728616171375,1207.87,108456,2132,103,7919.83
CAMP_00186,2022-02-08 06:22:32.430486097,LinkedIn,Native,35-44,Entertainment,14,Mobile,North America,Q1,69.54229455635064,17206.95,1278455,27902,2085,149590.02
CAMP_00187,2022-02-08 11:20:23.524704941,Twitter,Search,45-54,Finance,7,Desktop,North America,Q1,87.13157737184557,29766.58,2302322,64171,2658,71434.17
CAMP_00188,2022-02-08 16:18:14.618923785,Instagram,Display,45-54,Finance,14,Desktop,North America,Q1,72.77848933497121,2157.79,224766,4089,238,9256.99
CAMP_00189,2022-02-08 21:16:05.713142628,Instagram,Native,25-34,Technology,30,Mobile,Asia,Q1,36.12741821269914,6206.07,668493,16788,932,27111.07
CAMP_00190,2022-02-09 02:13:56.807361472,Google,Display,18-24,Healthcare,7,Desktop,Europe,Q1,64.26091244148772,996.6,99444,1438,74,2216.04
CAMP_00191,2022-02-09 07:11:47.901580316,Google,Display,35-44,Travel,7,Tablet,North America,Q1,72.01454890576298,2618.31,267141,5593,486,12847.13
CAMP_00192,2022-02-09 12:09:38.995799160,Twitter,Social,25-34,Retail,30,Tablet,North America,Q1,22.515320026057417,1761.74,116567,2028,78,8196.17
CAMP_00193,2022-02-09 17:07:30.090018004,TikTok,Social,18-24,Technology,30,Mobile,Europe,Q1,59.12733060523969,40156.8,4391133,105216,3039,164440.85
CAMP_00194,2022-02-09 22:05:21.184236847,Instagram,Native,45-54,Technology,30,Mobile,Latin America,Q1,53.288349121235505,109894.01,12978239,301256,10526,667891.23
CAMP_00195,2022-02-10 03:03:12.278455691,Facebook,Display,25-34,Technology,14,Desktop,Europe,Q1,46.9061385250851,366975.72,42127019,671902,48558,2284869.36
CAMP_00196,2022-02-10 08:01:03.372674535,Facebook,Social,55+,Technology,60,Mobile,Asia,Q1,69.97554103505345,812.88,93953,1976,89,1120.67
CAMP_00197,2022-02-10 12:58:54.466893379,LinkedIn,Social,45-54,Education,30,Mobile,Europe,Q1,37.00636946884153,5580.92,419070,7142,160,17759.92
CAMP_00198,2022-02-10 17:56:45.561112222,Twitter,Video,45-54,Travel,7,Mobile,Asia,Q1,68.33759024007298,21979.9,1764607,48149,2635,84972.99
CAMP_00199,2022-02-10 22:54:36.655331066,Twitter,Display,25-34,Technology,30,Desktop,Latin America,Q1,71.18982258417789,1035.74,80913,1982,79,979.1
CAMP_00200,2022-02-11 03:52:27.749549910,Twitter,Display,25-34,Healthcare,90,Desktop,Asia,Q1,81.67526620521947,36760.03,2947755,85715,3774,147902.41
CAMP_00201,2022-02-11 08:50:18.843768754,Instagram,Display,35-44,Healthcare,7,Mobile,Latin America,Q1,37.5316147441479,10486.84,918612,20454,1240,33497.43
CAMP_00202,2022-02-11 13:48:09.937987597,Google,Native,25-34,Finance,14,Mobile,Europe,Q1,29.895315632909053,33906.19,3617388,77993,2127,139895.63
CAMP_00203,2022-02-11 18:46:01.032206441,Google,Search,25-34,Finance,14,Desktop,Latin America,Q1,65.57807214678024,19160.64,2488190,81651,5568,311501.06
CAMP_00204,2022-02-11 23:43:52.126425285,Twitter,Social,25-34,Retail,7,Mobile,Europe,Q1,54.274575322645966,2135.25,178893,4242,114,4305.33
CAMP_00205,2022-02-12 04:41:43.220644129,Instagram,Native,25-34,Finance,60,Mobile,Latin America,Q1,100.0,52839.0,5539264,159083,16428,2313961.63
CAMP_00206,2022-02-12 09:39:34.314862973,Google,Display,25-34,Finance,14,Mobile,North America,Q1,69.16996952485864,1930.56,229618,5265,499,37823.18
CAMP_00207,2022-02-12 14:37:25.409081816,Google,Social,45-54,Entertainment,30,Mobile,Asia,Q1,61.16323423408363,20963.66,2359391,53432,5109,406604.25
CAMP_00208,2022-02-12 19:35:16.503300660,LinkedIn,Search,25-34,Entertainment,30,Mobile,Asia,Q1,56.54344088647169,6745.52,727104,31006,1890,77266.67
CAMP_00209,2022-02-13 00:33:07.597519504,Google,Social,18-24,Retail,30,Desktop,North America,Q1,35.63876309121102,4174.77,487215,5419,265,18000.33
CAMP_00210,2022-02-13 05:30:58.691738348,Google,Display,35-44,Retail,7,Desktop,Asia,Q1,71.27763105909195,739.84,89365,2611,164,9840.74
CAMP_00211,2022-02-13 10:28:49.785957191,Instagram,Native,55+,Travel,14,Mobile,Asia,Q1,58.41709947458404,4080.96,438485,6843,521,10817.91
CAMP_00212,2022-02-13 15:26:40.880176035,LinkedIn,Display,25-34,Healthcare,7,Mobile,North America,Q1,58.4337263314113,1194.43,106958,2903,161,9056.08
CAMP_00213,2022-02-13 20:24:31.974394879,LinkedIn,Display,18-24,Education,14,Mobile,Europe,Q1,61.888866509973106,1271.3,118437,2523,136,6761.24
CAMP_00214,2022-02-14 01:22:23.068613723,Google,Social,35-44,Retail,14,Desktop,Europe,Q1,64.42425059834491,23395.42,2407241,68713,5646,199983.2
CAMP_00215,2022-02-14 06:20:14.162832566,LinkedIn,Display,55+,Finance,60,Mobile,Europe,Q1,25.214887081649564,8747.58,648461,8787,377,13768.04
CAMP_00216,2022-02-14 11:18:05.257051410,Google,Search,45-54,Healthcare,14,Mobile,North America,Q1,76.74046012741863,70160.61,9968081,382675,30118,1071689.81
CAMP_00217,2022-02-14 16:15:56.351270254,Facebook,Search,35-44,Education,30,Desktop,North America,Q1,43.07111250368155,3160.79,318916,9710,318,16313.86
CAMP_00218,2022-02-14 21:13:47.445489098,LinkedIn,Social,25-34,Retail,14,Desktop,North America,Q1,57.23935605062745,2289.94,196579,4453,217,7824.04
CAMP_00219,2022-02-15 02:11:38.539707942,Instagram,Display,35-44,Technology,30,Mobile,North America,Q1,85.71809841330578,24283.07,2669178,80892,7218,574975.85
CAMP_00220,2022-02-15 07:09:29.633926785,Twitter,Video,18-24,Finance,90,Mobile,North America,Q1,95.58897184540228,64990.07,5148816,167857,11512,734070.83
CAMP_00221,2022-02-15 12:07:20.728145629,LinkedIn,Display,35-44,Education,14,Tablet,Asia,Q1,25.99011122747217,4515.93,345912,4211,174,28731.89
CAMP_00222,2022-02-15 17:05:11.822364473,Instagram,Search,45-54,Travel,60,Tablet,Europe,Q1,60.60489655349298,980.96,103322,2865,131,9760.73
CAMP_00223,2022-02-15 22:03:02.916583317,Google,Display,55+,Travel,30,Mobile,Asia,Q1,65.45826370332072,1908.68,189732,2824,133,9635.36
CAMP_00224,2022-02-16 03:00:54.010802160,Facebook,Display,25-34,Travel,60,Desktop,North America,Q1,29.849399476171072,52909.63,5815777,123529,3692,242629.98
CAMP_00225,2022-02-16 07:58:45.105021004,Facebook,Display,18-24,Retail,30,Desktop,Europe,Q1,76.0518272883633,6163.85,697459,13104,890,35035.81
CAMP_00226,2022-02-16 12:56:36.199239848,Google,Video,35-44,Retail,14,Tablet,North America,Q1,62.325253548283456,3201.76,323662,6894,477,41377.86
CAMP_00227,2022-02-16 17:54:27.293458692,TikTok,Search,45-54,Retail,14,Mobile,Asia,Q1,63.88319191389993,4073.6,438227,13234,471,25755.93
CAMP_00228,2022-02-16 22:52:18.387677535,Facebook,Social,45-54,Technology,7,Desktop,Asia,Q1,41.6489416331613,37136.14,3405058,55465,1412,52002.96
CAMP_00229,2022-02-17 03:50:09.481896379,Twitter,Display,25-34,Education,30,Desktop,Latin America,Q1,68.25773286762697,1355.19,88037,2000,125,3905.66
CAMP_00230,2022-02-17 08:48:00.576115223,Instagram,Search,25-34,Education,90,Mobile,North America,Q1,76.76447912779875,17565.76,1734813,78978,4905,397108.65
CAMP_00231,2022-02-17 13:45:51.670334067,Twitter,Search,35-44,Retail,30,Desktop,Asia,Q1,62.545957674518675,8534.35,554371,15527,773,36819.44
CAMP_00232,2022-02-17 18:43:42.764552911,Instagram,Search,25-34,Healthcare,14,Mobile,Europe,Q1,49.72128198073893,1034.69,98967,3964,289,22197.32
CAMP_00233,2022-02-17 23:41:33.858771754,Instagram,Social,45-54,Travel,60,Mobile,Asia,Q1,51.27861363907272,21614.94,2007300,46155,2042,157470.17
CAMP_00234,2022-02-18 04:39:24.952990598,Instagram,Search,35-44,Finance,30,Mobile,Europe,Q1,64.40791414251932,2554.59,225814,8535,573,24114.14
CAMP_00235,2022-02-18 09:37:16.047209442,Google,Search,45-54,Retail,14,Tablet,Europe,Q1,60.975947567612586,784.35,96566,2256,159,3675.71
CAMP_00236,2022-02-18 14:35:07.141428286,LinkedIn,Video,35-44,Finance,7,Mobile,North America,Q1,78.0964423823879,1633.58,125364,2802,203,4709.9
CAMP_00237,2022-02-18 19:32:58.235647129,Facebook,Search,45-54,Technology,7,Desktop,Asia,Q1,50.394834249516684,3831.7,409210,12250,726,16788.52
CAMP_00238,2022-02-19 00:30:49.329865973,Google,Search,25-34,Healthcare,60,Desktop,North America,Q1,35.632387945183496,14527.83,1520842,42645,1147,47531.16
CAMP_00239,2022-02-19 05:28:40.424084817,Instagram,Video,45-54,Finance,60,Mobile,North America,Q1,67.18772154641006,793.74,91332,2555,142,5200.87
CAMP_00240,2022-02-19 10:26:31.518303661,Google,Display,25-34,Retail,14,Mobile,North America,Q1,50.449402940025934,3633.92,430066,8534,468,8668.23
CAMP_00241,2022-02-19 15:24:22.612522504,TikTok,Native,35-44,Travel,14,Desktop,Other,Q1,75.67363898072733,16385.98,1625938,54449,2729,156545.24
CAMP_00242,2022-02-19 20:22:13.706741348,TikTok,Search,25-34,Healthcare,30,Tablet,North America,Q1,60.150772609152014,5177.62,507201,17722,997,60240.47
CAMP_00243,2022-02-20 01:20:04.800960192,TikTok,Search,35-44,Finance,60,Mobile,Latin America,Q1,73.09626408729645,12746.53,1427898,47914,1500,97582.59
CAMP_00244,2022-02-20 06:17:55.895179036,Facebook,Native,25-34,Travel,30,Mobile,Other,Q1,39.71365906538424,9571.08,873796,16515,450,11539.54
CAMP_00245,2022-02-20 11:15:46.989397880,Google,Social,25-34,Retail,30,Mobile,Latin America,Q1,62.86772526459642,1922.45,260935,8255,495,13661.43
CAMP_00246,2022-02-20 16:13:38.083616723,TikTok,Search,55+,Retail,14,Mobile,Latin America,Q1,46.01473585232167,8523.8,911446,18703,707,50841.67
CAMP_00247,2022-02-20 21:11:29.177835567,Facebook,Social,25-34,Education,30,Mobile,Latin America,Q1,35.5925269384756,12679.38,1248059,25574,731,149695.03
CAMP_00248,2022-02-21 02:09:20.272054411,TikTok,Social,45-54,Technology,14,Mobile,North America,Q1,42.7778424385797,37048.58,3460283,58874,3759,119762.12
CAMP_00249,2022-02-21 07:07:11.366273255,TikTok,Search,55+,Entertainment,60,Mobile,North America,Q1,49.11045816448282,16578.44,1611749,23581,1281,64641.36
CAMP_00250,2022-02-21 12:05:02.460492098,Twitter,Search,18-24,Technology,14,Mobile,Europe,Q1,84.89389054047703,666.65,61222,1673,62,1150.68
CAMP_00251,2022-02-21 17:02:53.554710942,Facebook,Display,35-44,Retail,60,Desktop,Europe,Q1,48.58119201014681,2861.54,346865,6784,259,17813.56
CAMP_00252,2022-02-21 22:00:44.648929786,Facebook,Native,25-34,Finance,14,Tablet,North America,Q1,34.569194994435534,4487.27,498145,8313,420,6289.92
CAMP_00253,2022-02-22 02:58:35.743148630,Twitter,Search,18-24,Retail,60,Mobile,Asia,Q1,62.629548449933374,2053.17,172913,4970,158,9476.83
CAMP_00254,2022-02-22 07:56:26.837367474,Facebook,Video,25-34,Entertainment,14,Desktop,Europe,Q1,60.58361321355349,1830.05,221942,8167,660,13455.35
CAMP_00255,2022-02-22 12:54:17.931586317,Google,Social,55+,Healthcare,14,Mobile,Latin America,Q1,50.15893975979604,915.61,106595,1632,140,13266.21
CAMP_00256,2022-02-22 17:52:09.025805161,Instagram,Search,18-24,Travel,30,Tablet,Europe,Q1,56.77553068307747,54637.79,5699689,175199,13262,164704.56
CAMP_00257,2022-02-22 22:50:00.120024005,TikTok,Video,35-44,Entertainment,7,Desktop,Europe,Q1,79.52454171993142,22313.59,2119743,75477,3571,463931.2
CAMP_00258,2022-02-23 03:47:51.214242849,LinkedIn,Search,35-44,Retail,60,Desktop,Europe,Q1,73.41411530798354,5816.05,593582,27114,2027,95978.12
CAMP_00259,2022-02-23 08:45:42.308461693,Instagram,Search,45-54,Education,30,Mobile,Europe,Q1,71.68460413747462,8649.05,1021297,37440,1485,51611.5
CAMP_00260,2022-02-23 13:43:33.402680536,Google,Social,18-24,Healthcare,30,Desktop,Other,Q1,36.326424309595396,20811.19,2261581,33862,1936,32407.34
CAMP_00261,2022-02-23 18:41:24.496899380,Instagram,Display,35-44,Entertainment,60,Mobile,North America,Q1,100.0,7401.12,844045,18660,1833,105504.45
CAMP_00262,2022-02-23 23:39:15.591118224,TikTok,Social,35-44,Education,60,Mobile,Europe,Q1,81.02504420548443,14408.72,1457422,52340,2673,179073.96
CAMP_00263,2022-02-24 04:37:06.685337068,Google,Search,35-44,Healthcare,30,Mobile,Asia,Q1,70.34057126381744,1452.15,173296,4698,270,9528.15
CAMP_00264,2022-02-24 09:34:57.779555911,Instagram,Video,55+,Finance,60,Desktop,Europe,Q1,36.71376451205581,2744.7,269008,3821,211,3600.64
CAMP_00265,2022-02-24 14:32:48.873774755,Twitter,Native,45-54,Healthcare,7,Desktop,North America,Q1,78.95460225468216,35524.37,3039410,66580,4137,76875.96
CAMP_00266,2022-02-24 19:30:39.967993599,LinkedIn,Search,18-24,Technology,7,Mobile,North America,Q1,49.97742979401344,3873.44,303134,7999,436,17696.89
CAMP_00267,2022-02-25 00:28:31.062212443,LinkedIn,Display,35-44,Retail,30,Desktop,North America,Q1,56.11458390728069,5319.63,549891,14012,776,50649.7
CAMP_00268,2022-02-25 05:26:22.156431286,LinkedIn,Search,25-34,Healthcare,14,Mobile,North America,Q1,26.384414478814342,1206.89,93206,2086,45,2606.05
CAMP_00269,2022-02-25 10:24:13.250650130,Facebook,Social,25-34,Technology,14,Mobile,Latin America,Q1,35.170338281189814,84887.16,7638728,118090,6200,485383.19
CAMP_00270,2022-02-25 15:22:04.344868974,Facebook,Display,35-44,Retail,14,Desktop,Europe,Q1,68.7709299765427,15547.23,1839054,35488,1611,31767.51
CAMP_00271,2022-02-25 20:19:55.439087818,Twitter,Display,25-34,Retail,14,Mobile,North America,Q1,80.1246935054098,13688.63,1060669,28744,2162,122021.33
CAMP_00272,2022-02-26 01:17:46.533306662,Twitter,Video,25-34,Healthcare,60,Mobile,North America,Q1,73.6980883959007,148994.88,11474361,286349,21221,782473.67
CAMP_00273,2022-02-26 06:15:37.627525505,Twitter,Display,55+,Technology,30,Mobile,North America,Q1,73.01637993485897,9123.79,672951,14759,1066,12718.04
CAMP_00274,2022-02-26 11:13:28.721744349,TikTok,Social,18-24,Entertainment,90,Desktop,Latin America,Q1,58.70467086080586,602.17,60943,1104,84,5415.94
CAMP_00275,2022-02-26 16:11:19.815963193,Instagram,Search,55+,Technology,30,Mobile,Europe,Q1,51.865859692675755,38193.45,3775187,69299,2858,73649.92
CAMP_00276,2022-02-26 21:09:10.910182037,Instagram,Display,35-44,Finance,14,Tablet,Other,Q1,65.77790287130787,26779.68,3053572,51733,2717,27897.57
CAMP_00277,2022-02-27 02:07:02.004400880,Twitter,Display,35-44,Finance,14,Mobile,North America,Q1,76.42816646200548,14118.81,936754,29007,1448,83106.32
CAMP_00278,2022-02-27 07:04:53.098619724,Instagram,Display,45-54,Entertainment,14,Desktop,Asia,Q1,60.09724509867183,22415.78,2583339,48392,1965,125005.27
CAMP_00279,2022-02-27 12:02:44.192838568,LinkedIn,Native,25-34,Technology,60,Mobile,North America,Q1,84.2050403982681,877.26,69112,1919,170,5080.51
CAMP_00280,2022-02-27 17:00:35.287057412,Twitter,Display,25-34,Travel,7,Mobile,North America,Q1,55.698614723679846,2623.52,248809,4998,286,15525.03
CAMP_00281,2022-02-27 21:58:26.381276255,Twitter,Native,25-34,Travel,14,Desktop,North America,Q1,40.39442129407898,1488.59,139797,2387,128,1095.83
CAMP_00282,2022-02-28 02:56:17.475495099,Facebook,Search,25-34,Education,60,Mobile,Europe,Q1,59.79275515917998,3588.43,453272,16333,908,136070.4
CAMP_00283,2022-02-28 07:54:08.569713943,Facebook,Display,55+,Travel,30,Mobile,North America,Q1,62.11944556519137,4598.72,532243,9314,838,31118.39
CAMP_00284,2022-02-28 12:51:59.663932787,Google,Social,45-54,Finance,14,Mobile,Europe,Q1,58.35939865447181,205.27,22953,490,24,1985.7
CAMP_00285,2022-02-28 17:49:50.758151631,Instagram,Search,18-24,Healthcare,14,Mobile,Asia,Q1,85.61311121764523,13650.67,1410300,42796,3296,203196.07
CAMP_00286,2022-02-28 22:47:41.852370474,Google,Social,18-24,Entertainment,60,Mobile,North America,Q1,76.10603961448078,35180.63,3437219,88841,8200,713765.11
CAMP_00287,2022-03-01 03:45:32.946589318,Facebook,Native,25-34,Entertainment,60,Desktop,North America,Q1,31.381180227565807,12568.64,1560417,23476,557,25537.28
CAMP_00288,2022-03-01 08:43:24.040808162,Instagram,Video,18-24,Education,14,Desktop,Asia,Q1,90.68734028396571,69038.32,6968155,235764,20170,312844.19
CAMP_00289,2022-03-01 13:41:15.135027006,Facebook,Video,35-44,Entertainment,14,Mobile,Europe,Q1,5.171658783416547,624.74,73769,767,14,559.22
CAMP_00290,2022-03-01 18:39:06.229245849,Instagram,Social,18-24,Travel,60,Mobile,Asia,Q1,100.0,12366.3,1399451,45437,2104,104130.22
CAMP_00291,2022-03-01 23:36:57.323464693,Google,Display,35-44,Technology,30,Mobile,North America,Q1,54.253889728862475,2048.69,269408,4091,199,30952.1
CAMP_00292,2022-03-02 04:34:48.417683537,Google,Display,18-24,Education,60,Mobile,North America,Q1,56.208645266969995,8201.51,1041354,22119,1739,132024.51
CAMP_00293,2022-03-02 09:32:39.511902381,Twitter,Video,25-34,Entertainment,30,Desktop,North America,Q1,58.7996752205272,15450.39,1215235,36286,1693,21417.22
CAMP_00294,2022-03-02 14:30:30.606121224,Facebook,Video,35-44,Entertainment,60,Desktop,Latin America,Q1,67.70410865680361,523.89,63315,1417,48,2677.14
CAMP_00295,2022-03-02 19:28:21.700340068,Google,Social,35-44,Technology,14,Mobile,Latin America,Q1,59.994735974663136,8320.95,1012321,17919,1432,112747.91
CAMP_00296,2022-03-03 00:26:12.794558912,Instagram,Video,55+,Entertainment,7,Mobile,Other,Q1,57.33209622325465,3630.43,335570,6254,467,30229.12
CAMP_00297,2022-03-03 05:24:03.888777756,LinkedIn,Search,45-54,Travel,30,Desktop,Europe,Q1,86.17836618712371,903.7,94642,3048,170,10059.45
CAMP_00298,2022-03-03 10:21:54.982996600,Google,Search,25-34,Technology,30,Mobile,Asia,Q1,71.311921595017,108829.69,11849197,567373,42946,2411501.76
CAMP_00299,2022-03-03 15:19:46.077215443,Instagram,Search,18-24,Healthcare,60,Mobile,Europe,Q1,40.82392291258478,9614.72,942018,15355,865,20294.84
CAMP_00300,2022-03-03 20:17:37.171434287,Google,Video,45-54,Finance,7,Desktop,Europe,Q1,74.81347828671448,68605.89,7002487,135355,11777,289190.34
CAMP_00301,2022-03-04 01:15:28.265653131,Google,Social,55+,Travel,60,Desktop,Asia,Q1,70.48214006366678,7979.13,958802,17010,1223,99190.05
CAMP_00302,2022-03-04 06:13:19.359871975,Instagram,Video,45-54,Finance,14,Mobile,North America,Q1,49.09452548837562,390.72,31720,844,31,1188.94
CAMP_00303,2022-03-04 11:11:10.454090818,Instagram,Social,18-24,Technology,30,Desktop,North America,Q1,75.84276852724322,28918.72,3202903,70371,4279,807016.82
CAMP_00304,2022-03-04 16:09:01.548309662,Instagram,Social,55+,Finance,7,Mobile,North America,Q1,56.848547975539205,838.45,95479,1532,103,6296.34
CAMP_00305,2022-03-04 21:06:52.642528506,LinkedIn,Search,25-34,Entertainment,30,Desktop,Asia,Q1,55.566530557497984,106.55,7888,332,21,592.4
CAMP_00306,2022-03-05 02:04:43.736747350,TikTok,Search,45-54,Retail,30,Mobile,North America,Q1,55.02173765134131,51164.13,4451505,126889,8521,233337.19
CAMP_00307,2022-03-05 07:02:34.830966193,Instagram,Search,55+,Healthcare,14,Desktop,North America,Q1,11.437638860952013,77867.06,6934504,83696,1767,124511.58
CAMP_00308,2022-03-05 12:00:25.925185037,Facebook,Display,25-34,Travel,14,Desktop,Other,Q1,49.46601334130797,23993.36,3037835,71927,3333,258469.28
CAMP_00309,2022-03-05 16:58:17.019403881,Twitter,Social,55+,Education,30,Mobile,North America,Q1,74.26346484251202,1264.47,118143,2821,193,5800.32
CAMP_00310,2022-03-05 21:56:08.113622725,Facebook,Social,25-34,Retail,60,Desktop,North America,Q1,59.55177514192474,118645.95,14928521,409074,13264,626560.28
CAMP_00311,2022-03-06 02:53:59.207841569,Facebook,Display,55+,Travel,14,Desktop,Europe,Q1,34.29627140288501,4544.66,483362,6680,221,15176.93
CAMP_00312,2022-03-06 07:51:50.302060412,Google,Search,25-34,Entertainment,14,Mobile,Asia,Q1,79.29262510384075,1633.0,218687,6738,510,17689.63
CAMP_00313,2022-03-06 12:49:41.396279256,Google,Native,55+,Retail,14,Desktop,North America,Q1,54.02799680913209,7538.1,1060300,16632,939,85165.66
CAMP_00314,2022-03-06 17:47:32.490498100,TikTok,Native,18-24,Retail,60,Tablet,Europe,Q1,35.56849018676954,1401.37,109116,1264,32,2897.6
CAMP_00315,2022-03-06 22:45:23.584716944,Twitter,Search,45-54,Retail,14,Desktop,North America,Q1,100.0,12217.31,909862,33466,2895,86136.7
CAMP_00316,2022-03-07 03:43:14.678935787,LinkedIn,Search,35-44,Education,7,Mobile,Europe,Q1,38.936548110244885,826.57,67163,1758,86,3565.88
CAMP_00317,2022-03-07 08:41:05.773154631,Facebook,Display,35-44,Retail,30,Mobile,North America,Q1,77.5898302257142,14405.95,1367242,29264,2406,96148.54
CAMP_00318,2022-03-07 13:38:56.867373475,Google,Native,25-34,Technology,30,Mobile,North America,Q1,44.613717982907914,16586.83,1775301,46778,1857,27626.44
CAMP_00319,2022-03-07 18:36:47.961592319,Google,Video,45-54,Entertainment,7,Mobile,Europe,Q1,62.716536691476435,7668.39,977826,19045,1627,92464.78
CAMP_00320,2022-03-07 23:34:39.055811162,Facebook,Search,25-34,Healthcare,90,Mobile,Latin America,Q1,41.95638073263649,4686.29,475963,15722,1036,89903.83
CAMP_00321,2022-03-08 04:32:30.150030006,Instagram,Display,35-44,Entertainment,30,Mobile,Asia,Q1,35.213916374526825,6032.52,597637,8075,514,5212.85
CAMP_00322,2022-03-08 09:30:21.244248850,LinkedIn,Display,25-34,Entertainment,30,Mobile,Latin America,Q1,70.44405089342818,31983.57,2936937,93473,4714,155085.28
CAMP_00323,2022-03-08 14:28:12.338467694,LinkedIn,Search,55+,Retail,14,Mobile,Asia,Q1,68.105810902688,111399.29,9046141,260110,17885,1180259.04
CAMP_00324,2022-03-08 19:26:03.432686538,Facebook,Native,18-24,Education,60,Mobile,North America,Q1,82.89298888438128,211.48,19688,524,40,847.5
CAMP_00325,2022-03-09 00:23:54.526905381,TikTok,Video,25-34,Technology,14,Desktop,North America,Q1,59.31236139408274,26377.41,2794147,87656,2686,80074.41
CAMP_00326,2022-03-09 05:21:45.621124225,LinkedIn,Search,25-34,Healthcare,14,Desktop,Latin America,Q1,100.0,4191.67,393396,21759,929,10251.19
CAMP_00327,2022-03-09 10:19:36.715343069,Instagram,Video,25-34,Healthcare,7,Mobile,Europe,Q1,65.36693334874072,12614.55,1087415,31996,1381,21274.88
CAMP_00328,2022-03-09 15:17:27.809561913,Instagram,Display,25-34,Retail,30,Mobile,Other,Q1,71.33549362474425,3678.09,405310,7939,644,25219.68
CAMP_00329,2022-03-09 20:15:18.903780756,Facebook,Search,35-44,Travel,30,Mobile,North America,Q1,32.831415097855434,5607.63,558748,10354,415,9710.63
CAMP_00330,2022-03-10 01:13:09.997999600,Google,Search,45-54,Finance,30,Mobile,North America,Q1,47.718313697549384,12454.4,1692389,46916,1418,132684.62
CAMP_00331,2022-03-10 06:11:01.092218444,Facebook,Display,45-54,Retail,14,Mobile,North America,Q1,70.39359401031955,8143.33,795575,16115,1188,77848.71
CAMP_00332,2022-03-10 11:08:52.186437288,LinkedIn,Display,35-44,Travel,30,Desktop,North America,Q1,58.31544475172834,27180.01,2735415,48435,2136,52840.0
CAMP_00333,2022-03-10 16:06:43.280656131,Google,Video,18-24,Healthcare,30,Mobile,North America,Q1,63.753662700692715,5305.76,593998,12342,505,82604.36
CAMP_00334,2022-03-10 21:04:34.374874975,Google,Display,35-44,Entertainment,14,Tablet,Europe,Q1,43.67012488571613,7044.26,778202,10257,783,20654.08
CAMP_00335,2022-03-11 02:02:25.469093819,Google,Native,25-34,Finance,60,Mobile,Europe,Q1,62.43893946943243,4461.77,477040,15125,693,55058.68
CAMP_00336,2022-03-11 07:00:16.563312663,Google,Native,45-54,Education,14,Mobile,North America,Q1,62.37091783183472,19622.99,2175587,33473,1314,114090.81
CAMP_00337,2022-03-11 11:58:07.657531507,Twitter,Display,25-34,Retail,30,Desktop,North America,Q1,36.39129960229522,4295.78,351436,5408,137,6942.23
CAMP_00338,2022-03-11 16:55:58.751750350,LinkedIn,Search,25-34,Technology,7,Desktop,Asia,Q1,72.8509968936118,7113.32,512316,18917,613,18878.88
CAMP_00339,2022-03-11 21:53:49.845969194,Instagram,Native,25-34,Finance,30,Desktop,Europe,Q1,25.998701061640624,7646.5,786238,11560,555,34662.11
CAMP_00340,2022-03-12 02:51:40.940188038,Google,Video,45-54,Retail,90,Tablet,Europe,Q1,63.684761611953675,4020.14,497664,15204,1085,87990.96
CAMP_00341,2022-03-12 07:49:32.034406882,Instagram,Social,18-24,Entertainment,90,Mobile,Europe,Q1,95.31185387651001,10730.17,1069441,30840,3316,192333.65
CAMP_00342,2022-03-12 12:47:23.128625725,Instagram,Native,35-44,Finance,14,Desktop,Latin America,Q1,73.61101075638165,2319.3,217755,4947,255,23641.33
CAMP_00343,2022-03-12 17:45:14.222844569,Google,Video,18-24,Technology,14,Mobile,Europe,Q1,73.48598492074208,6312.04,745575,21130,1569,49355.42
CAMP_00344,2022-03-12 22:43:05.317063413,Facebook,Display,45-54,Retail,7,Desktop,Latin America,Q1,42.0514665010263,1189.22,149258,1866,140,3544.94
CAMP_00345,2022-03-13 03:40:56.411282257,Facebook,Native,55+,Entertainment,60,Mobile,Europe,Q1,95.38124106305722,3934.12,442172,7598,714,39320.09
CAMP_00346,2022-03-13 08:38:47.505501100,Instagram,Search,25-34,Education,30,Mobile,North America,Q1,87.53436189204578,1875.52,172315,5714,202,10906.7
CAMP_00347,2022-03-13 13:36:38.599719944,Instagram,Video,35-44,Finance,14,Desktop,North America,Q1,43.12819954208865,1949.19,172076,4611,210,16799.59
CAMP_00348,2022-03-13 18:34:29.693938788,Google,Display,55+,Healthcare,7,Mobile,Europe,Q1,50.50473516370246,7443.5,1000658,12380,545,51715.02
CAMP_00349,2022-03-13 23:32:20.788157632,Facebook,Search,35-44,Technology,60,Mobile,Europe,Q1,85.09312089853375,52782.45,6872105,316429,25805,631454.67
CAMP_00350,2022-03-14 04:30:11.882376476,Instagram,Search,35-44,Healthcare,30,Mobile,Asia,Q1,95.92294756633515,1817.78,181227,9614,985,29688.28
CAMP_00351,2022-03-14 09:28:02.976595319,Instagram,Social,35-44,Retail,14,Desktop,North America,Q1,34.70627929819423,3094.86,262365,4505,277,13617.27
CAMP_00352,2022-03-14 14:25:54.070814163,Twitter,Native,35-44,Finance,14,Desktop,Asia,Q1,39.92578460550847,357702.03,30164426,472330,21100,1402767.3
CAMP_00353,2022-03-14 19:23:45.165033007,LinkedIn,Display,18-24,Healthcare,14,Desktop,Asia,Q1,57.12426487155661,48398.55,3942496,69253,4128,60179.73
CAMP_00354,2022-03-15 00:21:36.259251851,Google,Search,45-54,Travel,30,Desktop,Asia,Q1,16.5781194111497,27568.03,3626890,52218,1246,22760.88
CAMP_00355,2022-03-15 05:19:27.353470694,Google,Search,25-34,Finance,60,Mobile,Europe,Q1,60.38090320418846,70551.75,7642285,336548,29520,2210310.55
CAMP_00356,2022-03-15 10:17:18.447689538,Instagram,Search,18-24,Entertainment,60,Mobile,Other,Q1,83.71487028059968,59526.82,5602842,201635,17535,987727.94
CAMP_00357,2022-03-15 15:15:09.541908382,Google,Display,45-54,Healthcare,14,Mobile,Europe,Q1,31.227259675285012,4410.01,440365,4612,137,16282.49
CAMP_00358,2022-03-15 20:13:00.636127226,Instagram,Native,25-34,Travel,60,Desktop,North America,Q1,62.54213929950174,28264.94,2599615,51109,3310,241844.65
CAMP_00359,2022-03-16 01:10:51.730346069,TikTok,Social,18-24,Finance,14,Mobile,Asia,Q1,48.364585900093736,27884.93,3111980,68533,4433,128485.78
CAMP_00360,2022-03-16 06:08:42.824564913,Instagram,Search,35-44,Technology,14,Mobile,North America,Q1,92.79891897507835,2614.09,217865,8832,349,12243.51
CAMP_00361,2022-03-16 11:06:33.918783757,Facebook,Search,45-54,Education,90,Mobile,Asia,Q1,48.604162757338976,1914.99,188505,5334,384,8131.77
CAMP_00362,2022-03-16 16:04:25.013002601,Instagram,Display,45-54,Retail,14,Desktop,North America,Q1,90.37986175497167,5794.93,499742,9160,488,11652.45
CAMP_00363,2022-03-16 21:02:16.107221445,Facebook,Search,55+,Retail,14,Mobile,North America,Q1,48.05089858377546,359.08,36746,802,43,2753.79
CAMP_00364,2022-03-17 02:00:07.201440288,Instagram,Search,45-54,Retail,90,Desktop,North America,Q1,75.4235161066826,131055.48,11952093,423243,38678,1519580.07
CAMP_00365,2022-03-17 06:57:58.295659132,TikTok,Search,18-24,Education,7,Desktop,North America,Q1,65.03891236725399,25088.83,2217399,67037,3422,99726.01
CAMP_00366,2022-03-17 11:55:49.389877976,Facebook,Native,25-34,Retail,30,Desktop,North America,Q1,57.23454666971397,20025.24,2588490,66127,3327,125695.7
CAMP_00367,2022-03-17 16:53:40.484096820,TikTok,Search,45-54,Education,60,Tablet,North America,Q1,44.18942861892049,4108.29,368715,6396,308,7247.81
CAMP_00368,2022-03-17 21:51:31.578315663,TikTok,Display,25-34,Finance,30,Mobile,Asia,Q1,66.46190842635787,432.5,34854,887,29,1146.62
CAMP_00369,2022-03-18 02:49:22.672534507,Google,Social,35-44,Retail,7,Desktop,Asia,Q1,51.18929475030176,5994.65,674105,18253,1435,80975.02
CAMP_00370,2022-03-18 07:47:13.766753351,Google,Display,35-44,Finance,14,Desktop,Asia,Q1,46.20467550383724,1257.82,155490,3755,194,8505.58
CAMP_00371,2022-03-18 12:45:04.860972195,Google,Display,25-34,Retail,7,Desktop,Asia,Q1,89.45445482751441,2367.44,316342,12303,582,18801.93
CAMP_00372,2022-03-18 17:42:55.955191038,Google,Display,55+,Healthcare,14,Desktop,Europe,Q1,70.95060454986455,9270.56,977880,19007,750,9091.0
CAMP_00373,2022-03-18 22:40:47.049409882,Google,Search,35-44,Entertainment,30,Mobile,Latin America,Q1,72.87277903814406,707.31,98983,3938,181,16335.74
CAMP_00374,2022-03-19 03:38:38.143628726,LinkedIn,Social,35-44,Finance,14,Desktop,Europe,Q1,52.16802962775475,267821.08,26276469,624023,30384,1393643.96
CAMP_00375,2022-03-19 08:36:29.237847570,Google,Search,55+,Retail,14,Mobile,Europe,Q1,56.280433058333905,4061.76,579012,10798,652,103708.6
CAMP_00376,2022-03-19 13:34:20.332066414,Facebook,Social,35-44,Entertainment,30,Tablet,Asia,Q1,55.02846665297777,13409.59,1405354,27596,2368,101589.14
CAMP_00377,2022-03-19 18:32:11.426285257,Twitter,Search,25-34,Education,30,Desktop,North America,Q1,66.74477825001955,1768.69,135444,4449,200,3759.2
CAMP_00378,2022-03-19 23:30:02.520504101,Google,Display,35-44,Entertainment,60,Desktop,Asia,Q1,72.83606903685012,7000.24,876229,15399,927,16907.97
CAMP_00379,2022-03-20 04:27:53.614722945,Twitter,Social,45-54,Education,14,Desktop,Europe,Q1,59.394972593768564,474.29,45422,1071,34,349.53
CAMP_00380,2022-03-20 09:25:44.708941789,Facebook,Display,45-54,Technology,60,Mobile,North America,Q1,44.14710011638718,15645.1,1439255,27025,1896,79564.41
CAMP_00381,2022-03-20 14:23:35.803160632,Google,Display,45-54,Education,30,Mobile,North America,Q1,75.21140914053098,59456.02,6229119,178577,16482,581798.39
CAMP_00382,2022-03-20 19:21:26.897379476,LinkedIn,Search,45-54,Technology,14,Desktop,North America,Q1,60.66807736416673,1085.52,101124,3315,199,35774.04
CAMP_00383,2022-03-21 00:19:17.991598320,Instagram,Display,25-34,Retail,14,Mobile,Latin America,Q1,31.183272424580384,459.93,52964,1038,30,2812.84
CAMP_00384,2022-03-21 05:17:09.085817164,Twitter,Video,45-54,Education,14,Mobile,Other,Q1,17.29410499840624,15898.86,1036929,12047,368,12588.89
CAMP_00385,2022-03-21 10:15:00.180036008,LinkedIn,Search,45-54,Travel,30,Desktop,North America,Q1,65.95794350920947,1538.06,128281,4361,196,4159.42
CAMP_00386,2022-03-21 15:12:51.274254851,Twitter,Search,25-34,Entertainment,14,Mobile,North America,Q1,43.41052402244593,13151.45,1092022,37736,1366,75059.76
CAMP_00387,2022-03-21 20:10:42.368473695,Facebook,Search,18-24,Technology,60,Desktop,North America,Q1,68.62124258792906,7502.85,746438,26143,2110,131700.23
CAMP_00388,2022-03-22 01:08:33.462692539,Google,Native,55+,Technology,30,Mobile,Asia,Q1,44.487633822721314,2523.19,306746,3474,238,15537.11
CAMP_00389,2022-03-22 06:06:24.556911383,LinkedIn,Search,45-54,Finance,60,Desktop,North America,Q1,62.663715449900145,1665.14,133489,3302,189,19585.1
CAMP_00390,2022-03-22 11:04:15.651130226,Twitter,Social,45-54,Education,7,Desktop,Latin America,Q1,52.43196944075817,264499.07,21355472,387134,20946,3014002.35
CAMP_00391,2022-03-22 16:02:06.745349070,TikTok,Video,45-54,Retail,14,Mobile,Asia,Q1,95.03841620546609,4361.88,484734,17343,1709,67715.21
CAMP_00392,2022-03-22 20:59:57.839567914,Facebook,Search,35-44,Education,7,Mobile,Latin America,Q1,79.00631315637288,106169.03,11822205,322455,32225,1886905.78
CAMP_00393,2022-03-23 01:57:48.933786758,Facebook,Social,35-44,Technology,14,Mobile,Europe,Q1,86.9459380037566,17181.61,1950414,57387,6386,412853.3
CAMP_00394,2022-03-23 06:55:40.028005601,Twitter,Search,35-44,Education,60,Tablet,Asia,Q1,60.48095538238132,2933.51,223667,7771,354,11760.36
CAMP_00395,2022-03-23 11:53:31.122224445,Facebook,Social,18-24,Travel,7,Mobile,Europe,Q1,76.44721878229763,8129.51,973025,15989,1407,197473.61
CAMP_00396,2022-03-23 16:51:22.216443289,TikTok,Display,45-54,Finance,14,Mobile,Asia,Q1,61.833001552022836,871.6,85235,1984,132,1836.62
CAMP_00397,2022-03-23 21:49:13.310662133,Twitter,Video,35-44,Technology,7,Desktop,Asia,Q1,89.39182734867452,9561.95,713874,20250,699,23539.12
CAMP_00398,2022-03-24 02:47:04.404880977,Facebook,Search,35-44,Education,14,Mobile,Europe,Q1,58.54875869487453,149616.81,16310446,531494,27367,1345962.7
CAMP_00399,2022-03-24 07:44:55.499099820,LinkedIn,Display,35-44,Finance,60,Tablet,Europe,Q1,32.05021319278413,3382.02,316437,5458,218,12439.68
CAMP_00400,2022-03-24 12:42:46.593318664,LinkedIn,Social,35-44,Entertainment,30,Desktop,Latin America,Q1,20.027569494921224,6991.82,721742,8179,210,10582.71
CAMP_00401,2022-03-24 17:40:37.687537508,Google,Display,25-34,Healthcare,30,Mobile,Latin America,Q1,93.3662223912903,75435.81,8633830,222705,15152,433695.49
CAMP_00402,2022-03-24 22:38:28.781756352,TikTok,Native,25-34,Retail,14,Desktop,Asia,Q1,69.57008948301718,5360.62,451578,8736,603,6637.61
CAMP_00403,2022-03-25 03:36:19.875975195,Instagram,Native,25-34,Education,60,Mobile,North America,Q1,70.88513700083483,25483.58,2559819,91158,5729,138218.15
CAMP_00404,2022-03-25 08:34:10.970194039,Twitter,Display,25-34,Retail,30,Desktop,North America,Q1,89.79295684583164,5611.49,411198,13905,1156,45092.66
CAMP_00405,2022-03-25 13:32:02.064412883,Facebook,Display,55+,Travel,14,Desktop,Latin America,Q1,26.96530112548089,5746.31,527526,5184,166,12528.07
CAMP_00406,2022-03-25 18:29:53.158631727,Twitter,Social,25-34,Technology,14,Mobile,North America,Q1,52.82797569536384,2831.9,194869,4249,133,3749.92
CAMP_00407,2022-03-25 23:27:44.252850570,Facebook,Native,25-34,Entertainment,60,Mobile,North America,Q1,55.27860340769933,1932.58,209833,4083,169,3482.5
CAMP_00408,2022-03-26 04:25:35.347069414,Google,Search,35-44,Technology,30,Tablet,North America,Q1,74.8455046641403,6022.24,786587,33005,2210,98725.47
CAMP_00409,2022-03-26 09:23:26.441288258,TikTok,Display,35-44,Technology,30,Mobile,Europe,Q1,46.147195497982345,4809.33,467301,6446,339,22607.24
CAMP_00410,2022-03-26 14:21:17.535507102,Google,Search,25-34,Technology,14,Desktop,Europe,Q1,35.9725251297042,1474.09,148784,2793,82,6257.15
CAMP_00411,2022-03-26 19:19:08.629725946,Facebook,Search,45-54,Entertainment,14,Mobile,North America,Q1,35.79302698005786,8918.3,991497,19442,1231,50713.75
CAMP_00412,2022-03-27 00:16:59.723944789,TikTok,Display,45-54,Healthcare,30,Mobile,North America,Q1,82.98836152544041,53633.76,4747239,129892,4317,169120.6
CAMP_00413,2022-03-27 05:14:50.818163633,TikTok,Social,25-34,Education,30,Desktop,Asia,Q1,45.14935812393765,143328.82,14410061,282859,18450,820624.07
CAMP_00414,2022-03-27 10:12:41.912382477,Instagram,Video,25-34,Technology,30,Mobile,Latin America,Q1,48.95965031356377,2990.95,306438,8266,403,10934.47
CAMP_00415,2022-03-27 15:10:33.006601321,Instagram,Video,55+,Entertainment,30,Desktop,North America,Q1,72.68996301455809,22701.8,2001275,55146,4367,334376.55
CAMP_00416,2022-03-27 20:08:24.100820164,Facebook,Display,45-54,Entertainment,14,Mobile,North America,Q1,46.021091835302,2473.72,226876,3764,228,6747.28
CAMP_00417,2022-03-28 01:06:15.195039008,Facebook,Display,35-44,Retail,30,Mobile,Europe,Q1,25.901031544887168,7805.95,984422,14907,631,11970.01
CAMP_00418,2022-03-28 06:04:06.289257852,Facebook,Display,18-24,Finance,60,Tablet,Asia,Q1,28.36597652550202,8565.61,884587,10736,453,17263.56
CAMP_00419,2022-03-28 11:01:57.383476696,LinkedIn,Search,25-34,Finance,60,Desktop,Asia,Q1,58.863852065690836,28228.36,2797216,67809,4358,297238.99
CAMP_00420,2022-03-28 15:59:48.477695539,LinkedIn,Display,35-44,Technology,14,Tablet,Asia,Q1,69.94656860730443,6081.02,620837,15887,667,35232.49
CAMP_00421,2022-03-28 20:57:39.571914383,Twitter,Display,25-34,Technology,14,Tablet,Latin America,Q1,55.9550951229916,1894.88,145340,3607,121,7061.23
CAMP_00422,2022-03-29 01:55:30.666133227,Twitter,Display,25-34,Entertainment,60,Tablet,North America,Q1,68.60885407618139,2214.28,162623,5331,246,2726.22
CAMP_00423,2022-03-29 06:53:21.760352071,Google,Native,35-44,Technology,30,Desktop,North America,Q1,27.743249479847286,1287.8,175782,3263,210,10201.47
CAMP_00424,2022-03-29 11:51:12.854570915,Instagram,Search,25-34,Entertainment,30,Mobile,Europe,Q1,29.093929180637836,2368.46,215110,5573,246,18588.17
CAMP_00425,2022-03-29 16:49:03.948789758,Google,Search,45-54,Travel,60,Tablet,Asia,Q1,100.0,38262.42,4812599,167030,18589,1154659.2
CAMP_00426,2022-03-29 21:46:55.043008602,Instagram,Search,45-54,Healthcare,30,Mobile,Europe,Q1,84.6556854427336,15424.5,1482211,40991,2520,44995.98
CAMP_00427,2022-03-30 02:44:46.137227446,Facebook,Native,25-34,Healthcare,30,Mobile,Other,Q1,75.37943783797036,8033.26,829350,23778,2057,298705.28
CAMP_00428,2022-03-30 07:42:37.231446290,Twitter,Display,45-54,Retail,7,Mobile,Asia,Q1,46.80550658531122,58525.54,4642996,99984,4088,121684.47
CAMP_00429,2022-03-30 12:40:28.325665133,Facebook,Search,18-24,Education,7,Mobile,Asia,Q1,55.23987618539098,3936.62,499653,9113,279,46821.18
CAMP_00430,2022-03-30 17:38:19.419883977,Google,Social,45-54,Technology,7,Desktop,North America,Q1,59.966453657327996,9823.07,1157984,19398,1735,68378.48
CAMP_00431,2022-03-30 22:36:10.514102821,Google,Search,25-34,Healthcare,60,Mobile,North America,Q1,86.28692227433048,27260.78,2674603,115277,10137,395622.02
CAMP_00432,2022-03-31 03:34:01.608321665,LinkedIn,Video,18-24,Travel,14,Mobile,Asia,Q1,68.05565532890184,32794.1,3366967,56178,3358,171106.53
CAMP_00433,2022-03-31 08:31:52.702540508,Instagram,Search,35-44,Healthcare,14,Mobile,North America,Q1,70.51827602575602,3196.81,330786,14684,1304,22382.6
CAMP_00434,2022-03-31 13:29:43.796759352,Google,Video,35-44,Entertainment,60,Mobile,North America,Q1,56.646901297650004,2765.32,343829,8447,681,37379.61
CAMP_00435,2022-03-31 18:27:34.890978196,Google,Search,55+,Finance,30,Desktop,Latin America,Q1,75.85330133680169,2186.37,280956,7304,728,27127.28
CAMP_00436,2022-03-31 23:25:25.985197040,LinkedIn,Social,25-34,Retail,30,Mobile,Latin America,Q1,66.04645494862547,13542.35,1438318,41334,3085,207821.57
CAMP_00437,2022-04-01 04:23:17.079415884,Google,Display,25-34,Entertainment,14,Mobile,North America,Q2,60.880454654913606,3272.12,440125,12466,927,82366.07
CAMP_00438,2022-04-01 09:21:08.173634727,Twitter,Social,35-44,Retail,60,Mobile,Asia,Q2,45.138316556274575,5412.99,377003,8442,176,5717.76
CAMP_00439,2022-04-01 14:18:59.267853571,LinkedIn,Video,35-44,Entertainment,7,Mobile,North America,Q2,57.72856515796735,18898.4,2023382,38344,1638,18556.18
CAMP_00440,2022-04-01 19:16:50.362072415,Google,Social,25-34,Retail,7,Desktop,North America,Q2,38.40934592440089,26023.51,2828523,50814,2479,131485.36
CAMP_00441,2022-04-02 00:14:41.456291259,Google,Search,35-44,Education,7,Mobile,Europe,Q2,59.1972198802609,10285.5,1403194,51834,3021,227655.08
CAMP_00442,2022-04-02 05:12:32.550510102,TikTok,Display,45-54,Retail,14,Mobile,Asia,Q2,61.778227159297984,12132.98,1016920,24883,1265,176065.53
CAMP_00443,2022-04-02 10:10:23.644728946,Facebook,Video,45-54,Finance,14,Mobile,North America,Q2,11.909632307873721,18817.32,1831796,24683,756,56322.18
CAMP_00444,2022-04-02 15:08:14.738947790,Facebook,Native,55+,Healthcare,30,Mobile,North America,Q2,55.39320921798993,143942.18,17492369,226601,10915,534096.27
CAMP_00445,2022-04-02 20:06:05.833166634,Twitter,Video,25-34,Finance,14,Tablet,North America,Q2,36.48239590790815,9145.35,690029,16337,287,14650.0
CAMP_00446,2022-04-03 01:03:56.927385477,TikTok,Display,45-54,Technology,30,Mobile,Other,Q2,69.97278651033389,4397.73,417964,10590,723,7226.38
CAMP_00447,2022-04-03 06:01:48.021604321,TikTok,Display,25-34,Finance,7,Desktop,Asia,Q2,72.7431948710199,13488.6,1507468,44278,2469,104435.79
CAMP_00448,2022-04-03 10:59:39.115823165,LinkedIn,Search,35-44,Technology,7,Desktop,Europe,Q2,51.47320364669365,670.28,58903,1995,83,1216.14
CAMP_00449,2022-04-03 15:57:30.210042009,Facebook,Search,35-44,Finance,30,Mobile,North America,Q2,70.98044174243832,7195.11,742980,26560,2141,293051.14
CAMP_00450,2022-04-03 20:55:21.304260853,Google,Video,55+,Technology,60,Tablet,Europe,Q2,71.82133872670121,3342.65,459195,9580,715,31990.96
CAMP_00451,2022-04-04 01:53:12.398479696,Twitter,Display,45-54,Healthcare,60,Desktop,Europe,Q2,55.40568321176464,17307.12,1260142,30337,1675,80972.92
CAMP_00452,2022-04-04 06:51:03.492698540,Instagram,Display,55+,Technology,90,Desktop,Asia,Q2,90.68573950607316,3524.88,288706,6088,617,57783.58
CAMP_00453,2022-04-04 11:48:54.586917384,Facebook,Display,45-54,Travel,30,Mobile,North America,Q2,45.49850125986997,9352.55,870842,14783,947,65497.42
CAMP_00454,2022-04-04 16:46:45.681136228,TikTok,Search,55+,Finance,30,Desktop,Other,Q2,89.42731406506333,3222.16,252255,5777,298,19678.16
CAMP_00455,2022-04-04 21:44:36.775355071,Google,Social,45-54,Retail,30,Mobile,Europe,Q2,55.49601141633589,5866.72,801990,18437,767,65409.15
CAMP_00456,2022-04-05 02:42:27.869573915,Instagram,Display,35-44,Finance,30,Mobile,North America,Q2,43.133472935480654,6480.78,536483,7422,267,5996.98
CAMP_00457,2022-04-05 07:40:18.963792759,Google,Display,25-34,Education,7,Desktop,North America,Q2,52.969030483912356,19192.58,2359309,40386,3713,185554.0
CAMP_00458,2022-04-05 12:38:10.058011603,Facebook,Display,25-34,Retail,30,Desktop,Europe,Q2,38.01221544541353,24084.23,3174423,73522,3403,62564.23
CAMP_00459,2022-04-05 17:36:01.152230446,Google,Native,18-24,Entertainment,14,Mobile,Latin America,Q2,75.69115734778406,41029.89,5441014,97853,8218,643883.82
CAMP_00460,2022-04-05 22:33:52.246449290,Google,Native,35-44,Healthcare,14,Desktop,Asia,Q2,27.944620438494475,2400.46,248166,4452,171,14067.63
CAMP_00461,2022-04-06 03:31:43.340668134,Google,Social,35-44,Retail,30,Desktop,Europe,Q2,87.79217107537653,1305.24,164838,4741,467,17707.69
CAMP_00462,2022-04-06 08:29:34.434886978,Instagram,Display,35-44,Education,7,Mobile,North America,Q2,41.282655965070795,24038.83,2063318,33736,1747,37077.94
CAMP_00463,2022-04-06 13:27:25.529105822,LinkedIn,Video,55+,Technology,14,Mobile,North America,Q2,76.73306743691909,1757.82,140600,3195,143,9897.59
CAMP_00464,2022-04-06 18:25:16.623324665,Instagram,Display,55+,Technology,7,Mobile,Europe,Q2,60.48451722120936,17724.91,1523556,25264,1986,70859.61
CAMP_00465,2022-04-06 23:23:07.717543509,TikTok,Display,25-34,Education,90,Desktop,Asia,Q2,65.41630566099192,13278.53,1346807,36883,2107,25043.47
CAMP_00466,2022-04-07 04:20:58.811762353,Facebook,Search,25-34,Healthcare,7,Desktop,Asia,Q2,48.19913257445272,2189.03,284859,7272,244,18286.25
CAMP_00467,2022-04-07 09:18:49.905981197,Facebook,Social,25-34,Education,14,Mobile,North America,Q2,67.05616000666265,4651.14,574561,17197,1363,35399.8
CAMP_00468,2022-04-07 14:16:41.000200040,Twitter,Social,25-34,Healthcare,60,Desktop,North America,Q2,62.69948577101728,11754.7,942024,29352,1235,65915.24
CAMP_00469,2022-04-07 19:14:32.094418884,Google,Social,45-54,Entertainment,14,Desktop,North America,Q2,30.841778636613448,784.57,80509,1176,39,3405.73
CAMP_00470,2022-04-08 00:12:23.188637728,TikTok,Display,35-44,Education,7,Desktop,Latin America,Q2,40.74999994133484,24556.33,2690316,34187,1877,88259.93
CAMP_00471,2022-04-08 05:10:14.282856572,Google,Search,35-44,Retail,14,Mobile,Europe,Q2,49.181757779803874,13502.99,1604203,36582,2022,88128.18
CAMP_00472,2022-04-08 10:08:05.377075415,TikTok,Display,45-54,Entertainment,7,Mobile,North America,Q2,44.900069637471006,5465.35,518520,8112,423,13811.77
CAMP_00473,2022-04-08 15:05:56.471294259,Google,Video,45-54,Healthcare,14,Desktop,North America,Q2,85.05621890767303,57689.16,7007408,199317,21219,1307287.2
CAMP_00474,2022-04-08 20:03:47.565513103,Twitter,Social,18-24,Retail,7,Mobile,North America,Q2,60.140283676949984,2469.5,172675,3354,148,3359.04
CAMP_00475,2022-04-09 01:01:38.659731947,Instagram,Video,45-54,Finance,14,Mobile,Europe,Q2,44.42657304720236,167.97,14845,383,25,951.66
CAMP_00476,2022-04-09 05:59:29.753950791,TikTok,Search,25-34,Retail,60,Desktop,Asia,Q2,50.18460351993921,1088.9,98080,3463,182,3231.12
CAMP_00477,2022-04-09 10:57:20.848169634,Google,Display,25-34,Entertainment,30,Mobile,Other,Q2,49.91073832905867,27190.54,2722294,53079,3210,62689.16
CAMP_00478,2022-04-09 15:55:11.942388478,Instagram,Search,18-24,Healthcare,30,Desktop,Europe,Q2,54.23901055989869,11571.88,1329750,23493,1662,121373.36
CAMP_00479,2022-04-09 20:53:03.036607322,TikTok,Social,35-44,Travel,14,Mobile,North America,Q2,38.493411905608006,14521.9,1645710,24652,1063,74184.74
CAMP_00480,2022-04-10 01:50:54.130826166,Instagram,Display,25-34,Retail,14,Mobile,Asia,Q2,43.72137778805362,13180.32,1146421,17128,1118,60432.21
CAMP_00481,2022-04-10 06:48:45.225045009,Instagram,Social,25-34,Healthcare,60,Mobile,Asia,Q2,75.3321382232842,1329.84,159496,4358,383,29272.39
CAMP_00482,2022-04-10 11:46:36.319263853,LinkedIn,Display,35-44,Technology,7,Mobile,North America,Q2,63.70686206733827,17224.49,1706984,32754,1040,32949.76
CAMP_00483,2022-04-10 16:44:27.413482697,Facebook,Search,45-54,Healthcare,60,Mobile,Latin America,Q2,56.95324906919599,17783.46,1781273,35179,1525,26051.28
CAMP_00484,2022-04-10 21:42:18.507701541,Instagram,Social,25-34,Entertainment,14,Desktop,Asia,Q2,60.052456346301994,23437.75,2492156,72605,2674,140352.91
CAMP_00485,2022-04-11 02:40:09.601920384,Instagram,Search,18-24,Entertainment,60,Mobile,Europe,Q2,59.088784868491786,20603.53,1737423,41866,3157,125411.11
CAMP_00486,2022-04-11 07:38:00.696139228,TikTok,Native,45-54,Education,14,Tablet,Europe,Q2,55.817377905367124,7743.88,785185,17354,456,14445.41
CAMP_00487,2022-04-11 12:35:51.790358072,Google,Display,18-24,Education,14,Mobile,Asia,Q2,70.34209677414958,31442.98,4000848,85194,4643,200130.58
CAMP_00488,2022-04-11 17:33:42.884576916,Facebook,Search,55+,Retail,30,Mobile,Asia,Q2,68.86319971695852,181392.04,17893630,490917,35394,2798818.43
CAMP_00489,2022-04-11 22:31:33.978795760,TikTok,Search,35-44,Technology,30,Mobile,North America,Q2,28.56474053545569,1635.84,137562,3164,98,4155.19
CAMP_00490,2022-04-12 03:29:25.073014603,Twitter,Native,25-34,Entertainment,14,Desktop,North America,Q2,57.36875628181514,6844.68,638536,11897,597,14569.25
CAMP_00491,2022-04-12 08:27:16.167233447,Facebook,Display,25-34,Finance,90,Mobile,North America,Q2,29.883612013184695,6652.53,866816,16154,811,11403.98
CAMP_00492,2022-04-12 13:25:07.261452291,Instagram,Social,18-24,Retail,7,Mobile,Asia,Q2,72.71154406911413,1544.63,151104,2491,124,6936.42
CAMP_00493,2022-04-12 18:22:58.355671135,Facebook,Search,25-34,Healthcare,7,Desktop,Europe,Q2,75.35333113700567,52039.15,5073318,157193,10053,869341.79
CAMP_00494,2022-04-12 23:20:49.449889978,Google,Display,18-24,Finance,30,Mobile,Europe,Q2,47.784422047166075,4366.38,514796,9921,807,58173.08
CAMP_00495,2022-04-13 04:18:40.544108822,Facebook,Search,35-44,Finance,30,Mobile,Asia,Q2,57.66482089330568,3879.01,490644,13226,662,17491.86
CAMP_00496,2022-04-13 09:16:31.638327666,Facebook,Display,25-34,Education,90,Mobile,North America,Q2,17.77119405755508,5408.59,579358,8116,274,10182.08
CAMP_00497,2022-04-13 14:14:22.732546510,Instagram,Search,35-44,Finance,14,Desktop,Asia,Q2,79.45579628184053,21526.71,2541645,105080,4721,219305.48
CAMP_00498,2022-04-13 19:12:13.826765353,Google,Social,35-44,Retail,7,Mobile,Europe,Q2,74.19347480502805,87717.19,11221888,245099,20121,1471162.81
CAMP_00499,2022-04-14 00:10:04.920984197,TikTok,Search,25-34,Retail,30,Desktop,North America,Q2,83.00170523475052,42850.18,3426092,116907,3974,279080.61
CAMP_00500,2022-04-14 05:07:56.015203041,TikTok,Search,18-24,Education,14,Desktop,North America,Q2,89.73088280674199,20850.37,1760636,63166,4995,231447.07
CAMP_00501,2022-04-14 10:05:47.109421885,LinkedIn,Search,18-24,Travel,14,Desktop,Other,Q2,35.517814140464495,150.75,15830,223,4,119.29
CAMP_00502,2022-04-14 15:03:38.203640729,Instagram,Video,18-24,Entertainment,14,Mobile,Asia,Q2,77.76088403276883,4063.96,391477,12861,1047,37482.83
CAMP_00503,2022-04-14 20:01:29.297859572,Facebook,Display,45-54,Technology,7,Tablet,North America,Q2,89.5860888883692,25871.69,3196016,82705,8863,418941.53
CAMP_00504,2022-04-15 00:59:20.392078416,Twitter,Search,25-34,Travel,14,Mobile,Other,Q2,30.10844257941528,2622.3,186511,4709,224,9539.17
CAMP_00505,2022-04-15 05:57:11.486297260,LinkedIn,Display,45-54,Entertainment,14,Desktop,Asia,Q2,56.57577576308573,1792.33,167017,2847,184,11234.08
CAMP_00506,2022-04-15 10:55:02.580516104,Google,Display,25-34,Education,30,Mobile,North America,Q2,52.731960335411515,22540.34,2379916,38062,3168,85842.29
CAMP_00507,2022-04-15 15:52:53.674734948,TikTok,Search,35-44,Entertainment,30,Desktop,North America,Q2,77.10923728382997,8557.03,699150,26433,1958,136269.04
CAMP_00508,2022-04-15 20:50:44.768953792,Twitter,Display,35-44,Technology,7,Mobile,North America,Q2,12.1211786731184,2104.59,145170,1779,29,1745.96
CAMP_00509,2022-04-16 01:48:35.863172634,TikTok,Display,45-54,Finance,14,Mobile,Europe,Q2,96.31915392464389,715.55,61977,1984,163,2822.32
CAMP_00510,2022-04-16 06:46:26.957391478,LinkedIn,Search,25-34,Retail,14,Desktop,Europe,Q2,57.74925871610813,2322.89,207055,7696,521,14965.56
CAMP_00511,2022-04-16 11:44:18.051610322,Instagram,Video,18-24,Technology,7,Mobile,North America,Q2,78.32188804034291,127.29,10926,260,20,633.52
CAMP_00512,2022-04-16 16:42:09.145829166,Facebook,Native,35-44,Entertainment,30,Mobile,Europe,Q2,58.79525524616818,1044.78,127884,3760,287,23919.03
CAMP_00513,2022-04-16 21:40:00.240048010,TikTok,Social,25-34,Education,90,Desktop,North America,Q2,69.84250101959347,26643.66,2726905,97259,6549,156289.66
CAMP_00514,2022-04-17 02:37:51.334266854,Twitter,Social,25-34,Entertainment,30,Desktop,North America,Q2,13.571634827677002,50126.71,4672049,69024,1160,32431.29
CAMP_00515,2022-04-17 07:35:42.428485698,Google,Video,35-44,Finance,30,Mobile,Europe,Q2,52.3023525439858,3392.65,331385,6188,415,20615.77
CAMP_00516,2022-04-17 12:33:33.522704542,Google,Social,35-44,Retail,14,Mobile,North America,Q2,76.95522422687357,2622.08,330515,10946,714,29585.54
CAMP_00517,2022-04-17 17:31:24.616923386,Facebook,Social,35-44,Retail,14,Tablet,Europe,Q2,65.77464693427389,1324.54,173547,3296,210,12025.55
CAMP_00518,2022-04-17 22:29:15.711142228,Twitter,Social,35-44,Technology,60,Desktop,Latin America,Q2,27.26317814546485,20238.37,1572638,23630,547,28357.16
CAMP_00519,2022-04-18 03:27:06.805361072,TikTok,Video,45-54,Finance,90,Mobile,North America,Q2,61.22849787753226,23154.17,2186481,39771,1398,69322.98
CAMP_00520,2022-04-18 08:24:57.899579916,Google,Search,45-54,Healthcare,14,Desktop,North America,Q2,43.6251534827699,2789.63,292487,7990,593,34841.12
CAMP_00521,2022-04-18 13:22:48.993798760,Instagram,Social,35-44,Retail,14,Mobile,North America,Q2,41.891614976531244,4054.28,389131,9053,398,14176.96
CAMP_00522,2022-04-18 18:20:40.088017604,Facebook,Search,35-44,Travel,30,Mobile,Europe,Q2,29.586114533665647,5764.09,623630,12646,615,115754.71
CAMP_00523,2022-04-18 23:18:31.182236448,TikTok,Search,45-54,Technology,7,Mobile,Asia,Q2,72.3740524381426,15820.03,1472774,54549,4204,229254.27
CAMP_00524,2022-04-19 04:16:22.276455292,Twitter,Search,25-34,Education,30,Mobile,Europe,Q2,82.2602888787127,1574.05,110304,3524,266,5526.25
CAMP_00525,2022-04-19 09:14:13.370674136,Twitter,Search,25-34,Healthcare,60,Desktop,Europe,Q2,100.0,7105.66,663863,26670,1667,44703.15
CAMP_00526,2022-04-19 14:12:04.464892980,Facebook,Video,45-54,Retail,7,Mobile,North America,Q2,30.519032165141432,1580.5,178872,3280,124,1871.69
CAMP_00527,2022-04-19 19:09:55.559111822,Facebook,Search,35-44,Entertainment,90,Mobile,North America,Q2,75.34744322452951,25508.79,2921237,99688,7760,1397047.64
CAMP_00528,2022-04-20 00:07:46.653330666,Facebook,Video,18-24,Entertainment,90,Desktop,North America,Q2,76.66342740841816,20631.04,2306399,73694,5839,278936.96
CAMP_00529,2022-04-20 05:05:37.747549510,Google,Search,45-54,Finance,60,Mobile,Europe,Q2,48.38990645563983,250.14,35642,1152,98,7173.58
CAMP_00530,2022-04-20 10:03:28.841768354,Twitter,Display,18-24,Finance,14,Desktop,North America,Q2,41.648432291813386,8508.92,801984,12413,324,18557.24
CAMP_00531,2022-04-20 15:01:19.935987198,Twitter,Search,45-54,Retail,14,Mobile,Asia,Q2,38.285153580661394,1670.06,117074,2887,100,1425.52
CAMP_00532,2022-04-20 19:59:11.030206042,TikTok,Video,45-54,Entertainment,30,Desktop,Europe,Q2,49.452935130795694,38361.75,3113620,62520,2240,76028.84
CAMP_00533,2022-04-21 00:57:02.124424886,TikTok,Search,55+,Travel,14,Mobile,North America,Q2,64.052431917119,40973.16,3405376,101134,7052,493243.46
CAMP_00534,2022-04-21 05:54:53.218643730,Instagram,Social,18-24,Retail,14,Mobile,Europe,Q2,87.20224021013625,24568.47,2226757,52409,2106,95713.6
CAMP_00535,2022-04-21 10:52:44.312862572,LinkedIn,Display,35-44,Technology,14,Desktop,Other,Q2,82.10676676020233,3198.49,234029,5827,238,12169.03
CAMP_00536,2022-04-21 15:50:35.407081416,TikTok,Video,25-34,Travel,30,Desktop,North America,Q2,27.691661114626747,10378.39,917256,13686,344,25919.01
CAMP_00537,2022-04-21 20:48:26.501300260,Twitter,Video,25-34,Technology,7,Desktop,North America,Q2,44.22313502798976,38714.63,3551954,64402,3437,213085.63
CAMP_00538,2022-04-22 01:46:17.595519104,Google,Social,18-24,Entertainment,14,Desktop,Europe,Q2,85.9928074861894,3298.68,401945,8275,995,85697.53
CAMP_00539,2022-04-22 06:44:08.689737948,Facebook,Search,35-44,Healthcare,7,Mobile,Europe,Q2,45.37814334809864,17568.91,1864005,65246,2343,141195.69
CAMP_00540,2022-04-22 11:41:59.783956792,Google,Search,35-44,Healthcare,30,Mobile,North America,Q2,58.86171673179648,1905.66,272368,7482,438,14553.36
CAMP_00541,2022-04-22 16:39:50.878175636,TikTok,Video,18-24,Finance,30,Desktop,Latin America,Q2,25.89422130771829,12832.63,1093253,16357,784,13803.26
CAMP_00542,2022-04-22 21:37:41.972394480,Instagram,Search,35-44,Technology,7,Desktop,Europe,Q2,83.06066831025896,129956.8,10608643,471006,26022,1384378.28
CAMP_00543,2022-04-23 02:35:33.066613324,Google,Social,45-54,Retail,90,Desktop,Latin America,Q2,21.74503588297224,131700.28,15533042,277152,11429,710374.01
CAMP_00544,2022-04-23 07:33:24.160832166,LinkedIn,Social,45-54,Entertainment,7,Desktop,North America,Q2,27.143788384267616,514.97,48627,869,43,1340.78
CAMP_00545,2022-04-23 12:31:15.255051010,Instagram,Search,55+,Entertainment,30,Mobile,Asia,Q2,81.01634121673406,33334.27,3973421,138896,6639,186975.36
CAMP_00546,2022-04-23 17:29:06.349269854,Facebook,Video,25-34,Entertainment,30,Mobile,North America,Q2,98.40123359133113,7843.06,817177,23019,1241,48501.08
CAMP_00547,2022-04-23 22:26:57.443488698,Google,Video,55+,Healthcare,30,Mobile,North America,Q2,54.1877783055017,2013.95,265740,4272,322,25555.93
CAMP_00548,2022-04-24 03:24:48.537707542,LinkedIn,Video,45-54,Technology,7,Tablet,Latin America,Q2,59.0627437627435,2587.2,201854,3848,222,3997.81
CAMP_00549,2022-04-24 08:22:39.631926386,Instagram,Display,25-34,Retail,60,Desktop,North America,Q2,78.16559119565977,4953.57,580458,18989,1025,51007.48
CAMP_00550,2022-04-24 13:20:30.726145230,Twitter,Video,25-34,Education,60,Desktop,Latin America,Q2,65.78895629394765,3810.76,252698,8665,416,26486.65
CAMP_00551,2022-04-24 18:18:21.820364074,Instagram,Display,25-34,Finance,30,Mobile,Europe,Q2,52.535636412466715,15407.32,1515304,28967,1772,123959.65
CAMP_00552,2022-04-24 23:16:12.914582918,Twitter,Display,25-34,Technology,14,Mobile,Other,Q2,50.290927572286144,1950.61,179697,4037,133,3739.73
CAMP_00553,2022-04-25 04:14:04.008801760,Instagram,Native,35-44,Retail,7,Desktop,Europe,Q2,28.66404085030033,14750.6,1568244,27184,1555,56079.39
CAMP_00554,2022-04-25 09:11:55.103020604,Instagram,Search,35-44,Retail,30,Desktop,Asia,Q2,64.6588354424044,610.35,65127,2264,65,1804.62
CAMP_00555,2022-04-25 14:09:46.197239448,Twitter,Social,45-54,Technology,14,Mobile,North America,Q2,58.16166355861048,8566.57,626084,10310,314,6687.06
CAMP_00556,2022-04-25 19:07:37.291458292,Facebook,Social,35-44,Education,30,Desktop,Europe,Q2,51.24307641774639,8532.38,838941,18460,842,31573.62
CAMP_00557,2022-04-26 00:05:28.385677136,Google,Video,18-24,Travel,14,Mobile,Asia,Q2,39.96370408875222,3498.62,376100,5099,232,12896.48
CAMP_00558,2022-04-26 05:03:19.479895980,Google,Social,45-54,Education,30,Mobile,Asia,Q2,41.989382934131385,6774.26,729303,15569,542,37283.07
CAMP_00559,2022-04-26 10:01:10.574114824,LinkedIn,Display,25-34,Travel,7,Desktop,North America,Q2,72.36753841013399,20031.94,2146820,68024,2472,88018.67
CAMP_00560,2022-04-26 14:59:01.668333668,Instagram,Search,55+,Travel,7,Desktop,Europe,Q2,77.63327296818095,1749.5,209356,7106,284,6685.16
CAMP_00561,2022-04-26 19:56:52.762552510,LinkedIn,Display,18-24,Finance,7,Desktop,Europe,Q2,53.45767687418766,1549.37,127553,2590,100,7164.57
CAMP_00562,2022-04-27 00:54:43.856771354,Google,Native,55+,Technology,7,Mobile,North America,Q2,51.35040853507242,1056.15,144012,2013,148,11553.99
CAMP_00563,2022-04-27 05:52:34.950990198,Google,Display,18-24,Entertainment,30,Mobile,Europe,Q2,42.92703906771593,14760.28,1965124,34220,2792,341294.88
CAMP_00564,2022-04-27 10:50:26.045209042,Google,Display,25-34,Technology,30,Mobile,Asia,Q2,78.73640087148516,1797.16,213636,5262,329,26414.72
CAMP_00565,2022-04-27 15:48:17.139427886,Facebook,Native,18-24,Technology,30,Mobile,North America,Q2,60.61991539311814,4153.0,458471,10187,354,7964.59
CAMP_00566,2022-04-27 20:46:08.233646730,Instagram,Video,45-54,Technology,30,Mobile,Europe,Q2,67.3580195865453,3465.22,411870,13178,1120,49462.05
CAMP_00567,2022-04-28 01:43:59.327865574,Facebook,Search,45-54,Finance,30,Mobile,Other,Q2,67.16940260186925,13569.6,1333084,47205,3480,259407.87
CAMP_00568,2022-04-28 06:41:50.422084418,Facebook,Social,25-34,Technology,14,Mobile,North America,Q2,53.84596758932126,1451.23,159653,3429,219,12546.35
CAMP_00569,2022-04-28 11:39:41.516303262,TikTok,Social,55+,Retail,14,Mobile,Europe,Q2,36.69279800313157,19862.19,1898436,34175,928,21954.54
CAMP_00570,2022-04-28 16:37:32.610522104,Facebook,Native,35-44,Finance,14,Desktop,Asia,Q2,40.077336886281614,10586.24,1142745,17261,617,21991.37
CAMP_00571,2022-04-28 21:35:23.704740948,Instagram,Native,35-44,Education,30,Desktop,Asia,Q2,82.55771065294903,12135.81,1077987,28370,970,70556.86
CAMP_00572,2022-04-29 02:33:14.798959792,Twitter,Video,45-54,Healthcare,7,Desktop,Asia,Q2,45.48631370298857,5028.59,456541,11552,402,5644.92
CAMP_00573,2022-04-29 07:31:05.893178636,Facebook,Social,25-34,Education,7,Mobile,Asia,Q2,51.79275360503299,46221.92,5898150,125827,5783,408450.71
CAMP_00574,2022-04-29 12:28:56.987397480,Instagram,Search,25-34,Retail,30,Mobile,North America,Q2,37.312189292575795,14189.66,1291650,34783,2169,29697.19
CAMP_00575,2022-04-29 17:26:48.081616324,Twitter,Search,55+,Retail,60,Mobile,Europe,Q2,35.67866962147186,108757.78,7506254,163631,7140,193503.86
CAMP_00576,2022-04-29 22:24:39.175835168,TikTok,Video,55+,Healthcare,30,Mobile,Asia,Q2,44.61670005942555,15044.56,1301005,17137,1101,19195.49
CAMP_00577,2022-04-30 03:22:30.270054012,Google,Search,55+,Finance,30,Mobile,North America,Q2,93.76814368488917,19626.66,2722166,96588,8858,157528.38
CAMP_00578,2022-04-30 08:20:21.364272856,TikTok,Native,55+,Entertainment,30,Mobile,North America,Q2,73.16074782384858,2975.6,324200,5805,324,3798.35
CAMP_00579,2022-04-30 13:18:12.458491698,Instagram,Native,18-24,Entertainment,14,Desktop,Asia,Q2,49.46422257152754,1973.09,195993,2628,83,6182.72
CAMP_00580,2022-04-30 18:16:03.552710542,Facebook,Search,45-54,Entertainment,30,Tablet,Asia,Q2,81.65753589103991,3653.04,476449,18075,1663,102668.63
CAMP_00581,2022-04-30 23:13:54.646929386,Facebook,Video,25-34,Travel,60,Mobile,Europe,Q2,56.95402253407107,2024.47,199289,6776,476,6313.75
CAMP_00582,2022-05-01 04:11:45.741148230,TikTok,Display,55+,Finance,14,Desktop,Latin America,Q2,87.08680093983676,4083.89,351687,7895,520,15787.03
CAMP_00583,2022-05-01 09:09:36.835367074,Instagram,Social,35-44,Technology,14,Mobile,Asia,Q2,100.0,14961.34,1736187,41154,3027,138462.02
CAMP_00584,2022-05-01 14:07:27.929585918,Facebook,Social,35-44,Healthcare,14,Desktop,Other,Q2,80.56323478532383,9326.35,1069484,25190,2318,202557.19
CAMP_00585,2022-05-01 19:05:19.023804762,Instagram,Search,35-44,Retail,14,Desktop,Latin America,Q2,61.891019104451544,43400.3,4482709,184072,9425,694936.78
CAMP_00586,2022-05-02 00:03:10.118023606,Google,Video,25-34,Technology,60,Tablet,Europe,Q2,73.9861974703272,41377.86,5041694,150543,13651,515167.5
CAMP_00587,2022-05-02 05:01:01.212242448,Google,Search,18-24,Technology,14,Mobile,Asia,Q2,60.30142438564424,2387.41,237398,7754,350,23222.93
CAMP_00588,2022-05-02 09:58:52.306461292,Google,Search,45-54,Finance,14,Mobile,Asia,Q2,23.28003272049915,760.82,99487,2164,83,4788.76
CAMP_00589,2022-05-02 14:56:43.400680136,Google,Native,45-54,Retail,60,Mobile,Asia,Q2,46.907491715759114,59323.91,6388647,143051,8640,250002.31
CAMP_00590,2022-05-02 19:54:34.494898980,Google,Search,18-24,Retail,30,Mobile,Asia,Q2,40.968168086935655,5464.95,770181,18242,1113,102763.8
CAMP_00591,2022-05-03 00:52:25.589117824,Google,Display,45-54,Entertainment,30,Tablet,North America,Q2,46.464179163382546,7221.07,964098,14579,667,15208.07
CAMP_00592,2022-05-03 05:50:16.683336668,Instagram,Search,35-44,Healthcare,60,Desktop,North America,Q2,95.87342865278887,96.01,10841,486,36,2341.65
CAMP_00593,2022-05-03 10:48:07.777555512,Google,Video,25-34,Entertainment,14,Desktop,North America,Q2,82.44299485709317,7203.85,826138,24486,2440,71631.1
CAMP_00594,2022-05-03 15:45:58.871774356,Facebook,Native,25-34,Entertainment,30,Mobile,Asia,Q2,68.81769602883294,66362.83,8159747,271743,9931,761367.55
CAMP_00595,2022-05-03 20:43:49.965993200,Twitter,Display,45-54,Retail,7,Desktop,Asia,Q2,76.24685900902716,13714.83,919009,21181,1076,28540.24
CAMP_00596,2022-05-04 01:41:41.060212042,Instagram,Search,45-54,Technology,7,Mobile,Europe,Q2,22.157730281882884,7005.07,819850,13259,549,15738.26
CAMP_00597,2022-05-04 06:39:32.154430886,LinkedIn,Display,35-44,Retail,14,Mobile,Europe,Q2,74.5636742617906,176501.19,17682637,326536,22216,1236327.25
CAMP_00598,2022-05-04 11:37:23.248649730,Google,Search,35-44,Education,14,Desktop,Asia,Q2,78.79248632404335,49636.48,5101824,225414,20572,866947.14
CAMP_00599,2022-05-04 16:35:14.342868574,Google,Search,18-24,Entertainment,90,Mobile,North America,Q2,15.205056246254344,7234.7,776665,15379,653,44453.22
CAMP_00600,2022-05-04 21:33:05.437087418,Google,Social,35-44,Technology,90,Mobile,North America,Q2,75.30473507558798,1722.21,247304,7247,521,10283.69
CAMP_00601,2022-05-05 02:30:56.531306262,Google,Display,25-34,Technology,60,Mobile,Europe,Q2,31.518527146658293,12661.37,1673601,36151,2287,176031.83
CAMP_00602,2022-05-05 07:28:47.625525106,Facebook,Display,25-34,Travel,14,Desktop,Latin America,Q2,20.599892871079362,843.93,95862,1434,59,3904.35
CAMP_00603,2022-05-05 12:26:38.719743950,Google,Video,35-44,Healthcare,90,Desktop,Asia,Q2,86.52636433719157,1157.45,141424,4263,491,46302.22
CAMP_00604,2022-05-05 17:24:29.813962794,Google,Search,55+,Education,30,Mobile,North America,Q2,39.85901904775316,9453.35,1315424,31753,2064,136039.41
CAMP_00605,2022-05-05 22:22:20.908181636,Google,Video,25-34,Technology,14,Desktop,North America,Q2,45.681065212312454,5139.15,661740,21039,1256,70660.85
CAMP_00606,2022-05-06 03:20:12.002400480,Facebook,Search,25-34,Technology,30,Desktop,Europe,Q2,79.79209085514691,11878.96,1414847,66568,4864,400574.9
CAMP_00607,2022-05-06 08:18:03.096619324,Google,Social,35-44,Entertainment,7,Tablet,Asia,Q2,53.895234554951976,2648.04,357398,7423,375,32006.91
CAMP_00608,2022-05-06 13:15:54.190838168,Facebook,Social,45-54,Entertainment,7,Desktop,Asia,Q2,56.39669252541835,30776.8,3247973,48750,1958,157038.84
CAMP_00609,2022-05-06 18:13:45.285057012,Instagram,Search,45-54,Entertainment,60,Desktop,Europe,Q2,55.95826187124141,501.11,46157,1574,68,4159.61
CAMP_00610,2022-05-06 23:11:36.379275856,LinkedIn,Search,45-54,Healthcare,30,Desktop,North America,Q2,66.95197541949571,4175.99,332163,8608,388,23474.74
CAMP_00611,2022-05-07 04:09:27.473494700,Google,Video,35-44,Healthcare,14,Mobile,Latin America,Q2,55.473311672186476,1583.19,185898,3685,137,12648.09
CAMP_00612,2022-05-07 09:07:18.567713544,Twitter,Search,45-54,Entertainment,30,Mobile,North America,Q2,62.28252148718201,9974.19,905691,30794,1697,85119.42
CAMP_00613,2022-05-07 14:05:09.661932386,Instagram,Social,18-24,Technology,60,Mobile,North America,Q2,49.92883749174588,916.68,77035,1353,96,2199.87
CAMP_00614,2022-05-07 19:03:00.756151230,Google,Display,25-34,Technology,30,Mobile,Asia,Q2,67.03639179758724,62522.44,7949923,196808,19781,1420453.57
CAMP_00615,2022-05-08 00:00:51.850370074,Twitter,Search,25-34,Education,14,Mobile,Other,Q2,66.27686063809135,38904.58,2520660,70754,2783,92252.12
CAMP_00616,2022-05-08 04:58:42.944588918,TikTok,Social,35-44,Technology,7,Mobile,Asia,Q2,97.95771675368366,10658.08,892107,30592,2293,35591.9
CAMP_00617,2022-05-08 09:56:34.038807762,Google,Social,55+,Healthcare,14,Mobile,Europe,Q2,52.37498100652596,10226.4,1111319,20250,1017,41346.2
CAMP_00618,2022-05-08 14:54:25.133026606,Facebook,Display,45-54,Entertainment,90,Mobile,North America,Q2,56.3166896439004,23795.13,3015732,74817,2892,263716.31
CAMP_00619,2022-05-08 19:52:16.227245450,Twitter,Search,18-24,Travel,14,Mobile,North America,Q2,64.77648651874082,1328.66,119536,3034,154,9022.3
CAMP_00620,2022-05-09 00:50:07.321464294,LinkedIn,Display,25-34,Finance,14,Desktop,North America,Q2,79.2887128862944,13343.97,977644,31058,2081,73004.25
CAMP_00621,2022-05-09 05:47:58.415683138,Google,Video,25-34,Finance,14,Desktop,Europe,Q2,38.168296936455974,1314.46,164734,4491,277,6575.3
CAMP_00622,2022-05-09 10:45:49.509901980,Google,Native,25-34,Education,60,Mobile,North America,Q2,62.07153043550136,5915.21,793376,18130,636,20810.49
CAMP_00623,2022-05-09 15:43:40.604120824,Facebook,Social,35-44,Education,30,Mobile,Latin America,Q2,9.843479278898656,6341.42,679364,7619,298,21428.0
CAMP_00624,2022-05-09 20:41:31.698339668,Instagram,Social,55+,Entertainment,30,Mobile,North America,Q2,54.569361665552094,10244.17,1007457,11847,443,16999.75
CAMP_00625,2022-05-10 01:39:22.792558512,Instagram,Video,55+,Finance,14,Mobile,Europe,Q2,81.45454060198722,26397.45,2133467,54086,2802,72122.35
CAMP_00626,2022-05-10 06:37:13.886777356,Facebook,Social,35-44,Technology,7,Mobile,Europe,Q2,45.477151273053636,11506.62,1429122,27730,825,65605.13
CAMP_00627,2022-05-10 11:35:04.980996200,Facebook,Search,45-54,Healthcare,60,Desktop,Europe,Q2,63.53675230570624,6337.59,813151,28576,2387,76124.32
CAMP_00628,2022-05-10 16:32:56.075215044,LinkedIn,Display,35-44,Education,60,Mobile,North America,Q2,49.42188851232795,31293.07,2884046,53978,2436,429137.15
CAMP_00629,2022-05-10 21:30:47.169433888,Google,Search,25-34,Education,60,Desktop,Latin America,Q2,42.81195604532634,2115.75,213965,4908,153,5320.42
CAMP_00630,2022-05-11 02:28:38.263652732,Facebook,Video,35-44,Retail,60,Desktop,Europe,Q2,79.42971996536204,16229.98,1784313,53833,3731,107393.22
CAMP_00631,2022-05-11 07:26:29.357871574,LinkedIn,Social,35-44,Finance,60,Mobile,Asia,Q2,39.094826203086924,3511.68,374337,8187,213,6820.4
CAMP_00632,2022-05-11 12:24:20.452090418,Twitter,Search,45-54,Finance,30,Mobile,Europe,Q2,65.85930587726186,10455.86,998580,22920,701,6477.26
CAMP_00633,2022-05-11 17:22:11.546309262,Instagram,Display,25-34,Travel,60,Mobile,North America,Q2,66.16703241532318,37597.72,3636095,92892,4405,142167.33
CAMP_00634,2022-05-11 22:20:02.640528106,Instagram,Display,25-34,Entertainment,30,Mobile,Europe,Q2,42.96400965922753,5976.76,531494,7989,207,12741.5
CAMP_00635,2022-05-12 03:17:53.734746950,Google,Display,25-34,Finance,7,Mobile,Europe,Q2,63.11370513915257,3029.54,422464,11183,1077,18660.64
CAMP_00636,2022-05-12 08:15:44.828965794,Facebook,Video,55+,Retail,14,Tablet,Latin America,Q2,41.30104325064046,1914.99,248987,2923,209,10879.62
CAMP_00637,2022-05-12 13:13:35.923184638,Instagram,Search,25-34,Healthcare,90,Desktop,Latin America,Q2,70.43583749818316,21488.46,2249415,80740,2975,56467.12
CAMP_00638,2022-05-12 18:11:27.017403482,Google,Social,45-54,Retail,14,Tablet,North America,Q2,33.70108570714213,14023.38,1835177,31235,1389,106783.42
CAMP_00639,2022-05-12 23:09:18.111622324,Facebook,Video,45-54,Education,60,Mobile,North America,Q2,53.20788993616318,8017.49,1039658,30134,2247,144520.12
CAMP_00640,2022-05-13 04:07:09.205841168,Facebook,Video,25-34,Entertainment,7,Mobile,North America,Q2,54.944566806842005,8266.01,741629,21472,1545,84858.8
CAMP_00641,2022-05-13 09:05:00.300060012,Google,Search,35-44,Finance,14,Mobile,Other,Q2,82.2591067642134,21784.38,2384922,71523,7099,231101.49
CAMP_00642,2022-05-13 14:02:51.394278856,Facebook,Social,45-54,Finance,14,Mobile,North America,Q2,62.800861434237845,33489.83,3895993,103138,6925,188921.84
CAMP_00643,2022-05-13 19:00:42.488497700,Google,Display,35-44,Education,7,Mobile,Asia,Q2,79.10026980224119,24239.25,3291924,86134,3405,273560.85
CAMP_00644,2022-05-13 23:58:33.582716544,Facebook,Display,55+,Technology,7,Desktop,Europe,Q2,71.09382096979758,1117.85,111972,1430,96,11869.71
CAMP_00645,2022-05-14 04:56:24.676935388,Google,Search,25-34,Technology,7,Mobile,Europe,Q2,70.96606001791517,2137.79,216942,9794,384,30879.93
CAMP_00646,2022-05-14 09:54:15.771154232,Twitter,Display,18-24,Travel,60,Tablet,North America,Q2,53.36133619539864,5532.99,377256,5162,243,8427.17
CAMP_00647,2022-05-14 14:52:06.865373076,Instagram,Video,45-54,Education,7,Tablet,North America,Q2,80.41811767049774,6353.27,665734,24171,878,116959.57
CAMP_00648,2022-05-14 19:49:57.959591918,LinkedIn,Social,45-54,Education,14,Mobile,Europe,Q2,52.87659181395995,10155.73,1082222,18532,712,66859.2
CAMP_00649,2022-05-15 00:47:49.053810762,Twitter,Search,55+,Retail,7,Desktop,North America,Q2,25.403490401397846,6771.12,553712,11159,443,9203.8
CAMP_00650,2022-05-15 05:45:40.148029606,Instagram,Search,35-44,Retail,30,Mobile,North America,Q2,55.704256630662144,3874.55,323483,10384,560,9873.11
CAMP_00651,2022-05-15 10:43:31.242248450,Google,Social,55+,Retail,30,Mobile,North America,Q2,69.06952809288137,1348.08,156729,2201,213,48793.65
CAMP_00652,2022-05-15 15:41:22.336467294,Instagram,Search,45-54,Technology,30,Desktop,Europe,Q2,27.867485625743733,7852.85,899274,20965,1210,176949.87
CAMP_00653,2022-05-15 20:39:13.430686138,Instagram,Display,45-54,Entertainment,14,Mobile,North America,Q2,42.29795282559228,558.0,54367,1126,53,10100.87
CAMP_00654,2022-05-16 01:37:04.524904982,LinkedIn,Display,35-44,Technology,14,Desktop,North America,Q2,35.388231196452885,68754.92,5408784,112988,6386,329897.11
CAMP_00655,2022-05-16 06:34:55.619123826,Facebook,Video,25-34,Entertainment,30,Desktop,North America,Q2,75.73434209417927,29535.06,3197556,91773,4981,294899.14
CAMP_00656,2022-05-16 11:32:46.713342670,Google,Video,55+,Technology,60,Desktop,North America,Q2,93.45725274024991,39183.63,4861687,133989,14702,306585.19
CAMP_00657,2022-05-16 16:30:37.807561512,Facebook,Search,25-34,Finance,7,Tablet,Europe,Q2,55.806016915735675,1075.84,120152,2922,214,6826.16
CAMP_00658,2022-05-16 21:28:28.901780356,Facebook,Social,35-44,Travel,14,Mobile,North America,Q2,70.63060726136518,2510.74,307416,5963,459,26878.17
CAMP_00659,2022-05-17 02:26:19.995999200,Instagram,Native,25-34,Technology,14,Mobile,Asia,Q2,70.11038731799447,32268.72,2868361,82366,4002,93934.74
CAMP_00660,2022-05-17 07:24:11.090218044,Instagram,Search,35-44,Technology,7,Mobile,North America,Q2,91.07593892879923,22146.97,2290378,108742,10553,380994.22
CAMP_00661,2022-05-17 12:22:02.184436888,Facebook,Display,35-44,Technology,30,Mobile,Latin America,Q2,46.94894192094786,38785.95,3845473,64839,3572,233414.68
CAMP_00662,2022-05-17 17:19:53.278655732,TikTok,Video,18-24,Retail,30,Mobile,North America,Q2,55.60242070483351,23065.97,2195198,35203,1175,28930.84
CAMP_00663,2022-05-17 22:17:44.372874576,Instagram,Social,45-54,Finance,14,Desktop,Latin America,Q2,53.184627011518835,30851.72,3087956,81680,2612,129249.98
CAMP_00664,2022-05-18 03:15:35.467093420,Google,Search,25-34,Technology,14,Mobile,Asia,Q2,61.50734480080526,94680.56,9191557,302891,25995,2223180.52
CAMP_00665,2022-05-18 08:13:26.561312262,Google,Search,35-44,Entertainment,90,Tablet,Asia,Q2,100.0,52330.67,7044495,336570,37845,2204053.25
CAMP_00666,2022-05-18 13:11:17.655531106,Google,Social,18-24,Education,60,Desktop,Latin America,Q2,60.616222303946266,22361.23,2754759,44643,3933,224188.47
CAMP_00667,2022-05-18 18:09:08.749749950,Google,Social,18-24,Healthcare,60,Mobile,North America,Q2,42.9057869478588,28098.74,4012727,79262,4944,262728.04
CAMP_00668,2022-05-18 23:06:59.843968794,Google,Social,25-34,Retail,14,Mobile,North America,Q2,36.91005546213762,1652.34,174881,3315,156,7448.84
CAMP_00669,2022-05-19 04:04:50.938187638,Google,Video,45-54,Healthcare,30,Mobile,North America,Q2,85.05290014626094,25124.55,3037167,76781,5481,394830.83
CAMP_00670,2022-05-19 09:02:42.032406482,Facebook,Social,18-24,Retail,14,Mobile,North America,Q2,42.814909920438424,10207.61,1031267,19609,1390,29775.56
CAMP_00671,2022-05-19 14:00:33.126625326,Google,Social,55+,Healthcare,7,Mobile,North America,Q2,73.27173918398191,1037.76,126223,2689,180,8202.17
CAMP_00672,2022-05-19 18:58:24.220844170,Twitter,Display,25-34,Entertainment,14,Mobile,Europe,Q2,46.406173414827435,62721.02,4631068,118751,2913,175942.58
CAMP_00673,2022-05-19 23:56:15.315063014,Google,Search,25-34,Retail,30,Desktop,North America,Q2,34.666145268336564,4031.62,490599,9435,536,35265.91
CAMP_00674,2022-05-20 04:54:06.409281856,Instagram,Display,25-34,Education,14,Mobile,North America,Q2,72.10399200603642,4546.51,415358,13619,640,48740.11
CAMP_00675,2022-05-20 09:51:57.503500700,Facebook,Native,18-24,Travel,60,Desktop,North America,Q2,47.38510266472937,1480.22,134712,2866,193,12508.36
CAMP_00676,2022-05-20 14:49:48.597719544,TikTok,Video,45-54,Education,7,Desktop,Europe,Q2,68.50851278477788,4924.31,438328,8843,711,25502.04
CAMP_00677,2022-05-20 19:47:39.691938388,Google,Search,45-54,Technology,14,Mobile,Other,Q2,69.98565881692087,2034.53,225511,7617,329,18058.61
CAMP_00678,2022-05-21 00:45:30.786157232,Facebook,Display,35-44,Healthcare,7,Mobile,Europe,Q2,70.92530490024937,10649.29,1229269,23905,847,11110.04
CAMP_00679,2022-05-21 05:43:21.880376076,TikTok,Social,25-34,Travel,14,Desktop,Europe,Q2,54.63702632113627,14365.52,1579918,39226,2482,54839.98
CAMP_00680,2022-05-21 10:41:12.974594920,Twitter,Display,25-34,Technology,7,Tablet,North America,Q2,73.72367113009415,934.83,74437,2158,88,4179.79
CAMP_00681,2022-05-21 15:39:04.068813764,Twitter,Display,35-44,Education,14,Mobile,Asia,Q2,41.549073431038344,2358.47,151815,2536,54,1443.0
CAMP_00682,2022-05-21 20:36:55.163032608,Facebook,Search,55+,Retail,14,Mobile,North America,Q2,10.918194978717324,6397.41,750469,8632,374,28232.73
CAMP_00683,2022-05-22 01:34:46.257251450,Google,Native,25-34,Retail,14,Mobile,Other,Q2,74.13784346240216,2246.55,255751,6910,751,49439.14
CAMP_00684,2022-05-22 06:32:37.351470294,LinkedIn,Display,45-54,Entertainment,30,Mobile,Europe,Q2,63.3118100967494,7724.29,773604,16424,919,11679.2
CAMP_00685,2022-05-22 11:30:28.445689138,TikTok,Video,25-34,Entertainment,14,Mobile,North America,Q2,47.79843511972058,24516.9,2247121,59720,2239,52372.82
CAMP_00686,2022-05-22 16:28:19.539907982,Instagram,Social,25-34,Entertainment,30,Mobile,Other,Q2,30.5769447604991,16365.46,1806672,34768,1466,210165.41
CAMP_00687,2022-05-22 21:26:10.634126826,Instagram,Search,35-44,Travel,30,Desktop,Latin America,Q2,19.26843402329314,3892.29,375639,7212,181,7230.86
CAMP_00688,2022-05-23 02:24:01.728345670,Facebook,Native,18-24,Retail,14,Mobile,Europe,Q2,61.03486696417944,1249.15,143569,2912,196,14571.07
CAMP_00689,2022-05-23 07:21:52.822564514,LinkedIn,Video,45-54,Technology,60,Mobile,North America,Q2,92.97571931459905,4878.98,462968,11092,421,27665.11
CAMP_00690,2022-05-23 12:19:43.916783358,Google,Search,25-34,Travel,30,Mobile,Asia,Q2,57.228851671380404,54945.75,6989098,257563,10898,497672.86
CAMP_00691,2022-05-23 17:17:35.011002200,Facebook,Display,45-54,Retail,14,Desktop,North America,Q2,52.77329226616909,4080.53,455894,10515,827,32975.69
CAMP_00692,2022-05-23 22:15:26.105221044,Facebook,Display,18-24,Entertainment,60,Mobile,North America,Q2,59.512643150083136,13849.52,1792244,37620,3061,254519.39
CAMP_00693,2022-05-24 03:13:17.199439888,Instagram,Search,55+,Healthcare,60,Tablet,North America,Q2,100.0,3776.18,406449,13162,816,11701.26
CAMP_00694,2022-05-24 08:11:08.293658732,Google,Search,25-34,Retail,90,Mobile,Europe,Q2,75.03808453306266,4754.9,467244,16634,865,79263.27
CAMP_00695,2022-05-24 13:08:59.387877576,Google,Social,45-54,Technology,30,Mobile,Asia,Q2,41.32849496599222,52073.97,5015586,92288,6660,207350.58
CAMP_00696,2022-05-24 18:06:50.482096420,Instagram,Display,45-54,Finance,14,Mobile,North America,Q2,60.56207807804206,56538.1,6441894,163921,7059,237866.3
CAMP_00697,2022-05-24 23:04:41.576315264,Facebook,Search,55+,Education,14,Desktop,Latin America,Q2,66.64873822309882,10831.68,1317464,35200,1981,149360.77
CAMP_00698,2022-05-25 04:02:32.670534108,Instagram,Search,35-44,Entertainment,30,Mobile,North America,Q2,38.873222668423104,20633.68,2319149,44130,1887,118202.84
CAMP_00699,2022-05-25 09:00:23.764752952,Google,Native,45-54,Healthcare,90,Desktop,North America,Q2,75.18273244685119,302.22,39259,918,52,1117.79
CAMP_00700,2022-05-25 13:58:14.858971794,Instagram,Display,25-34,Finance,30,Desktop,Europe,Q2,43.64382405711292,8350.76,674103,10721,333,17895.61
CAMP_00701,2022-05-25 18:56:05.953190638,Instagram,Display,25-34,Technology,60,Desktop,Asia,Q2,29.781084653198583,981.67,83724,1435,60,1525.85
CAMP_00702,2022-05-25 23:53:57.047409482,Google,Display,25-34,Retail,14,Mobile,Other,Q2,61.52267107679557,5615.8,560841,9669,391,15990.95
CAMP_00703,2022-05-26 04:51:48.141628326,Facebook,Search,25-34,Finance,14,Desktop,Asia,Q2,58.35688281019289,8203.3,915381,29622,1078,69055.91
CAMP_00704,2022-05-26 09:49:39.235847170,Google,Display,55+,Retail,60,Mobile,North America,Q2,59.97956195594611,3978.25,457287,6724,291,18147.98
CAMP_00705,2022-05-26 14:47:30.330066014,Google,Native,18-24,Technology,30,Mobile,Other,Q2,44.70710764674425,5857.75,816399,12843,602,17487.91
CAMP_00706,2022-05-26 19:45:21.424284858,TikTok,Display,35-44,Finance,90,Mobile,Latin America,Q2,47.49774764257918,2691.29,258106,5489,344,12061.76
CAMP_00707,2022-05-27 00:43:12.518503702,Facebook,Social,35-44,Finance,30,Desktop,North America,Q2,82.56893320738222,13393.44,1460174,29925,3013,62450.64
CAMP_00708,2022-05-27 05:41:03.612722546,Twitter,Video,35-44,Retail,14,Mobile,Europe,Q2,68.82171230001497,11359.26,838832,22383,1382,14834.37
CAMP_00709,2022-05-27 10:38:54.706941388,Facebook,Search,35-44,Healthcare,30,Mobile,Europe,Q2,40.8650784684543,68649.68,8500595,207503,6077,123465.18
CAMP_00710,2022-05-27 15:36:45.801160232,LinkedIn,Native,18-24,Healthcare,60,Mobile,Europe,Q2,20.986062111597846,44211.88,3210433,45484,1312,66596.46
CAMP_00711,2022-05-27 20:34:36.895379076,LinkedIn,Display,35-44,Retail,30,Mobile,Other,Q2,41.7116719577558,3464.05,280930,4165,253,9474.26
CAMP_00712,2022-05-28 01:32:27.989597920,Instagram,Native,25-34,Travel,14,Mobile,North America,Q2,63.14598144320381,6718.52,554511,11007,817,9962.92
CAMP_00713,2022-05-28 06:30:19.083816764,Instagram,Search,55+,Retail,14,Mobile,Europe,Q2,47.361365632911166,5813.95,514798,7937,491,33520.41
CAMP_00714,2022-05-28 11:28:10.178035608,Facebook,Native,45-54,Education,30,Mobile,North America,Q2,45.80699589646358,25355.16,2483560,50052,1630,125527.89
CAMP_00715,2022-05-28 16:26:01.272254452,Facebook,Search,55+,Retail,7,Mobile,Europe,Q2,48.21679122138674,18386.09,1752238,33321,2274,186325.43
CAMP_00716,2022-05-28 21:23:52.366473296,TikTok,Display,18-24,Education,30,Desktop,Asia,Q2,58.54584874527424,41208.05,4563993,82802,4832,128957.15
CAMP_00717,2022-05-29 02:21:43.460692138,Twitter,Display,25-34,Retail,7,Mobile,North America,Q2,75.69255825916697,1967.1,184112,5669,155,4217.88
CAMP_00718,2022-05-29 07:19:34.554910982,TikTok,Display,25-34,Entertainment,14,Mobile,North America,Q2,59.991615921086144,4799.59,513464,11055,660,30793.78
CAMP_00719,2022-05-29 12:17:25.649129826,Google,Video,18-24,Technology,60,Mobile,Other,Q2,61.23874043035301,2318.96,291550,6955,688,38059.91
CAMP_00720,2022-05-29 17:15:16.743348670,LinkedIn,Video,25-34,Entertainment,14,Desktop,Asia,Q2,55.50279272234359,3753.64,393585,13121,653,44628.67
CAMP_00721,2022-05-29 22:13:07.837567514,TikTok,Video,35-44,Finance,60,Mobile,Europe,Q2,50.01286335690522,75358.15,5975434,163567,5941,392122.61
CAMP_00722,2022-05-30 03:10:58.931786358,Google,Search,25-34,Retail,14,Mobile,North America,Q2,77.8848174263986,27495.96,3551850,133859,9566,122466.65
CAMP_00723,2022-05-30 08:08:50.026005202,Google,Social,35-44,Entertainment,90,Mobile,Europe,Q2,74.84804135688393,1944.51,226035,7451,343,76275.79
CAMP_00724,2022-05-30 13:06:41.120224046,LinkedIn,Video,45-54,Retail,14,Tablet,Asia,Q2,100.0,4396.15,434449,10492,410,13255.99
CAMP_00725,2022-05-30 18:04:32.214442890,Instagram,Video,35-44,Travel,7,Desktop,Asia,Q2,72.21128596778506,2989.29,354862,11719,391,19335.9
CAMP_00726,2022-05-30 23:02:23.308661732,Twitter,Search,25-34,Retail,60,Mobile,North America,Q2,50.03171356385074,84093.72,5763779,126192,2925,126963.38
CAMP_00727,2022-05-31 04:00:14.402880576,Google,Display,25-34,Finance,30,Mobile,Asia,Q2,41.90697381779621,12156.94,1527178,38319,2832,263809.41
CAMP_00728,2022-05-31 08:58:05.497099420,Twitter,Video,35-44,Entertainment,14,Mobile,North America,Q2,79.05890521423233,2981.24,232852,7219,291,4784.05
CAMP_00729,2022-05-31 13:55:56.591318264,Google,Display,25-34,Finance,90,Mobile,North America,Q2,43.7002623137978,2734.49,385614,6141,480,31996.14
CAMP_00730,2022-05-31 18:53:47.685537108,Google,Native,35-44,Technology,30,Desktop,Europe,Q2,76.19473373044141,3029.76,337378,7915,897,26026.5
CAMP_00731,2022-05-31 23:51:38.779755952,Google,Social,25-34,Entertainment,90,Mobile,North America,Q2,44.80172012214772,80492.77,11523361,293868,17749,1100251.21
CAMP_00732,2022-06-01 04:49:29.873974796,Twitter,Display,45-54,Entertainment,30,Desktop,North America,Q2,66.9831676757456,18995.1,1580899,27650,1515,53687.77
CAMP_00733,2022-06-01 09:47:20.968193640,LinkedIn,Search,45-54,Travel,14,Mobile,Asia,Q2,38.804975702672756,2210.5,208007,3547,72,1413.25
CAMP_00734,2022-06-01 14:45:12.062412484,Instagram,Search,35-44,Technology,14,Desktop,Europe,Q2,75.59770708664162,1530.99,134596,5629,334,18404.53
CAMP_00735,2022-06-01 19:43:03.156631326,Facebook,Search,25-34,Finance,14,Mobile,Asia,Q2,35.32656688981502,13414.77,1181924,22951,845,51749.97
CAMP_00736,2022-06-02 00:40:54.250850170,Twitter,Search,25-34,Technology,30,Mobile,Asia,Q2,65.45914659013404,2294.07,179548,6229,277,15831.11
CAMP_00737,2022-06-02 05:38:45.345069014,Facebook,Search,45-54,Technology,14,Desktop,Asia,Q2,56.04320131545976,3074.83,333506,11599,827,36922.82
CAMP_00738,2022-06-02 10:36:36.439287858,Twitter,Display,35-44,Entertainment,7,Mobile,North America,Q2,62.0361287445252,487715.98,35714422,1023694,41994,3751972.41
CAMP_00739,2022-06-02 15:34:27.533506702,Facebook,Video,25-34,Technology,14,Desktop,North America,Q2,52.083923316767326,32240.97,3157920,61411,2054,77684.01
CAMP_00740,2022-06-02 20:32:18.627725546,Facebook,Search,25-34,Finance,14,Desktop,Europe,Q2,51.61480105258018,680.29,84842,2318,68,5297.65
CAMP_00741,2022-06-03 01:30:09.721944390,Facebook,Social,25-34,Finance,60,Mobile,North America,Q2,63.095624080195435,516.63,63015,1206,106,5612.93
CAMP_00742,2022-06-03 06:28:00.816163234,Facebook,Search,45-54,Entertainment,30,Desktop,Asia,Q2,39.957232438202965,7343.19,735887,12387,919,34077.13
CAMP_00743,2022-06-03 11:25:51.910382076,LinkedIn,Social,25-34,Travel,30,Mobile,Europe,Q2,39.83955876666647,6178.61,469145,12616,423,6063.91
CAMP_00744,2022-06-03 16:23:43.004600920,Instagram,Native,35-44,Entertainment,90,Mobile,North America,Q2,52.829010007231766,2552.72,217330,5173,357,14024.25
CAMP_00745,2022-06-03 21:21:34.098819764,Google,Display,35-44,Finance,30,Desktop,Europe,Q2,52.05059720561985,52182.05,6582944,100726,6431,546081.89
CAMP_00746,2022-06-04 02:19:25.193038608,Twitter,Search,35-44,Entertainment,90,Desktop,Latin America,Q2,39.89207072391251,17166.17,1419994,47364,1030,52949.13
CAMP_00747,2022-06-04 07:17:16.287257452,Facebook,Search,45-54,Healthcare,14,Mobile,North America,Q2,78.4842938582933,1089.89,106134,3094,235,6084.18
CAMP_00748,2022-06-04 12:15:07.381476296,Instagram,Native,45-54,Retail,7,Desktop,North America,Q2,53.3105316313679,1148.41,129042,1867,128,5723.29
CAMP_00749,2022-06-04 17:12:58.475695140,TikTok,Native,35-44,Retail,14,Tablet,Asia,Q2,55.466755940077775,45980.97,4885368,139301,5625,227753.45
CAMP_00750,2022-06-04 22:10:49.569913984,Instagram,Search,18-24,Retail,14,Mobile,North America,Q2,33.44943348060907,435.1,52193,1208,45,1224.76
CAMP_00751,2022-06-05 03:08:40.664132828,Google,Display,25-34,Finance,60,Desktop,North America,Q2,100.0,20778.12,2957129,99595,10493,662809.18
CAMP_00752,2022-06-05 08:06:31.758351670,TikTok,Social,35-44,Education,30,Desktop,North America,Q2,100.0,16256.6,1450941,54709,2037,304627.7
CAMP_00753,2022-06-05 13:04:22.852570514,Instagram,Video,35-44,Technology,14,Tablet,Europe,Q2,44.39202843191303,10767.01,1174261,32036,1302,98062.03
CAMP_00754,2022-06-05 18:02:13.946789358,Facebook,Social,35-44,Finance,30,Mobile,Europe,Q2,84.52172762338195,20448.48,2643929,75516,4006,262588.72
CAMP_00755,2022-06-05 23:00:05.041008202,Google,Native,25-34,Travel,30,Desktop,Europe,Q2,58.16373232524819,14576.29,1528310,31630,1750,139093.37
CAMP_00756,2022-06-06 03:57:56.135227046,Twitter,Display,35-44,Education,7,Mobile,Latin America,Q2,92.07539185626212,582.52,46606,1136,52,2388.21
CAMP_00757,2022-06-06 08:55:47.229445890,Instagram,Search,25-34,Entertainment,30,Desktop,Asia,Q2,66.72466172800773,3297.08,326515,14333,726,51628.31
CAMP_00758,2022-06-06 13:53:38.323664734,Instagram,Search,45-54,Technology,60,Desktop,Other,Q2,61.99524337534798,13442.81,1540465,55087,3306,222584.64
CAMP_00759,2022-06-06 18:51:29.417883578,Twitter,Search,25-34,Retail,60,Mobile,Europe,Q2,10.014609207628368,123452.64,8382094,161784,2963,44564.17
CAMP_00760,2022-06-06 23:49:20.512102422,Twitter,Display,45-54,Retail,30,Mobile,North America,Q2,42.427880531466336,1375.26,103780,1707,69,3613.25
CAMP_00761,2022-06-07 04:47:11.606321264,Google,Social,18-24,Retail,14,Desktop,Other,Q2,60.41041339149886,230927.89,25252171,596449,44422,1129915.0
CAMP_00762,2022-06-07 09:45:02.700540108,Facebook,Native,25-34,Technology,7,Desktop,North America,Q2,63.973325054079574,13475.08,1411503,28162,1263,100891.99
CAMP_00763,2022-06-07 14:42:53.794758952,Google,Native,45-54,Healthcare,14,Mobile,Asia,Q2,35.70332572125231,453.81,59835,693,31,1890.75
CAMP_00764,2022-06-07 19:40:44.888977796,LinkedIn,Display,25-34,Retail,30,Mobile,North America,Q2,45.42456942647442,21359.89,2005097,34174,1228,86402.64
CAMP_00765,2022-06-08 00:38:35.983196640,Google,Social,45-54,Retail,14,Desktop,Asia,Q2,71.06894034501639,39319.12,4230039,94345,8856,738285.37
CAMP_00766,2022-06-08 05:36:27.077415484,Instagram,Social,35-44,Retail,14,Mobile,Latin America,Q2,32.33578540533285,1038.49,109197,2130,46,3608.73
CAMP_00767,2022-06-08 10:34:18.171634328,LinkedIn,Display,35-44,Healthcare,60,Mobile,North America,Q2,62.67459447447079,1287.35,137967,2690,124,7435.41
CAMP_00768,2022-06-08 15:32:09.265853172,Twitter,Video,25-34,Healthcare,60,Tablet,North America,Q2,84.7590706297811,7007.04,497010,18196,1037,42199.42
CAMP_00769,2022-06-08 20:30:00.360072016,Facebook,Display,35-44,Healthcare,30,Mobile,North America,Q2,67.70939258223642,68115.08,8793084,176625,7206,93926.77
CAMP_00770,2022-06-09 01:27:51.454290858,Twitter,Native,35-44,Technology,7,Mobile,Europe,Q2,66.70973486331954,7835.61,722961,14880,728,28379.2
CAMP_00771,2022-06-09 06:25:42.548509702,Google,Search,35-44,Technology,7,Mobile,North America,Q2,19.596971016444726,7175.6,777794,14998,701,55713.99
CAMP_00772,2022-06-09 11:23:33.642728546,Twitter,Social,35-44,Retail,7,Desktop,Asia,Q2,43.56174447164207,10794.64,759436,10993,421,19829.68
CAMP_00773,2022-06-09 16:21:24.736947390,Google,Display,25-34,Technology,30,Mobile,North America,Q2,100.0,14773.53,1751810,59015,3646,237094.16
CAMP_00774,2022-06-09 21:19:15.831166234,Facebook,Social,25-34,Education,7,Desktop,North America,Q2,48.01676164908136,4318.83,428601,9392,495,35762.58
CAMP_00775,2022-06-10 02:17:06.925385078,Twitter,Video,25-34,Travel,60,Desktop,Europe,Q2,85.28952419094136,6923.3,646370,28386,1023,35533.58
CAMP_00776,2022-06-10 07:14:58.019603922,Google,Display,18-24,Healthcare,90,Mobile,Europe,Q2,47.783182212874344,22364.58,2711507,38858,1853,129710.48
CAMP_00777,2022-06-10 12:12:49.113822766,Google,Search,25-34,Travel,14,Desktop,North America,Q2,54.44358996981074,11618.03,1631862,61583,2669,395728.56
CAMP_00778,2022-06-10 17:10:40.208041608,LinkedIn,Video,45-54,Healthcare,14,Mobile,Asia,Q2,70.31173690707037,3979.39,423528,13356,768,41450.28
CAMP_00779,2022-06-10 22:08:31.302260452,LinkedIn,Social,45-54,Retail,30,Desktop,Latin America,Q2,62.013860319880195,12940.28,1220146,34604,1967,96535.52
CAMP_00780,2022-06-11 03:06:22.396479296,Instagram,Display,25-34,Travel,60,Mobile,North America,Q2,67.6302490200216,304973.18,35129794,928465,54755,3081020.52
CAMP_00781,2022-06-11 08:04:13.490698140,LinkedIn,Search,55+,Retail,60,Desktop,North America,Q2,43.63219490546025,8958.19,776422,19121,1184,82920.35
CAMP_00782,2022-06-11 13:02:04.584916984,Instagram,Search,35-44,Entertainment,7,Mobile,Asia,Q2,37.274596210624864,6651.57,614823,17028,427,30110.68
CAMP_00783,2022-06-11 17:59:55.679135828,Facebook,Search,55+,Technology,7,Mobile,North America,Q2,42.28256771218997,9137.35,940690,17525,1218,41052.7
CAMP_00784,2022-06-11 22:57:46.773354672,Facebook,Video,45-54,Finance,30,Tablet,North America,Q2,49.35363717075266,34562.98,4236021,116771,3783,229515.59
CAMP_00785,2022-06-12 03:55:37.867573516,Google,Video,45-54,Healthcare,30,Mobile,Europe,Q2,55.41437235885178,25006.12,3274301,59625,3779,106151.0
CAMP_00786,2022-06-12 08:53:28.961792360,TikTok,Native,18-24,Finance,7,Desktop,North America,Q2,80.74550761279642,2475.13,231635,4000,200,8617.45
CAMP_00787,2022-06-12 13:51:20.056011202,Instagram,Display,25-34,Technology,30,Mobile,North America,Q2,61.74682912050096,4949.86,450469,12478,836,161366.88
CAMP_00788,2022-06-12 18:49:11.150230046,Facebook,Social,18-24,Technology,30,Mobile,Other,Q2,69.6919420501717,1783.97,215443,4964,319,27139.0
CAMP_00789,2022-06-12 23:47:02.244448890,Facebook,Native,45-54,Technology,14,Desktop,North America,Q2,62.83202025160264,32721.01,3427548,74302,5728,366525.64
CAMP_00790,2022-06-13 04:44:53.338667734,TikTok,Display,25-34,Travel,60,Mobile,Latin America,Q2,37.69131492942448,8314.95,698817,10428,219,13672.14
CAMP_00791,2022-06-13 09:42:44.432886578,Google,Display,45-54,Entertainment,7,Desktop,North America,Q2,60.34539052011298,7260.93,794538,19226,1711,59790.07
CAMP_00792,2022-06-13 14:40:35.527105422,Instagram,Search,25-34,Finance,30,Mobile,Asia,Q2,62.615642203830724,18935.14,2202927,62466,1912,94560.13
CAMP_00793,2022-06-13 19:38:26.621324266,Instagram,Native,45-54,Retail,30,Mobile,Europe,Q2,75.19846442682615,26264.25,2906629,83435,4085,516776.29
CAMP_00794,2022-06-14 00:36:17.715543110,Instagram,Native,18-24,Education,14,Desktop,North America,Q2,38.628238607130704,1415.73,161737,2021,82,896.7
CAMP_00795,2022-06-14 05:34:08.809761954,Google,Search,25-34,Retail,30,Mobile,Asia,Q2,19.191782697032792,2858.66,312533,8532,409,31006.64
CAMP_00796,2022-06-14 10:31:59.903980796,Twitter,Social,25-34,Technology,30,Mobile,Latin America,Q2,63.525276303409946,49608.54,3716169,105118,3676,152779.02
CAMP_00797,2022-06-14 15:29:50.998199640,TikTok,Video,25-34,Technology,60,Desktop,North America,Q2,67.07700003176761,14350.18,1407349,43369,1289,93872.99
CAMP_00798,2022-06-14 20:27:42.092418484,Instagram,Native,25-34,Education,14,Mobile,Asia,Q2,56.41230387365904,5614.79,575538,13482,616,30933.71
CAMP_00799,2022-06-15 01:25:33.186637328,LinkedIn,Native,45-54,Retail,30,Mobile,Europe,Q2,60.56041801453582,18473.61,1534195,26931,1417,77629.51
CAMP_00800,2022-06-15 06:23:24.280856172,TikTok,Display,18-24,Retail,30,Desktop,Asia,Q2,77.5754475716561,2730.7,231789,4303,356,20254.32
CAMP_00801,2022-06-15 11:21:15.375075016,LinkedIn,Display,25-34,Finance,30,Desktop,Asia,Q2,50.82388846944983,29056.51,2466986,50547,1806,64085.54
CAMP_00802,2022-06-15 16:19:06.469293860,Google,Video,45-54,Technology,60,Mobile,North America,Q2,54.42718315682842,2949.44,285544,6386,490,9115.72
CAMP_00803,2022-06-15 21:16:57.563512704,Instagram,Display,18-24,Healthcare,7,Mobile,North America,Q2,61.58072889227664,7531.42,653844,9101,483,32561.22
CAMP_00804,2022-06-16 02:14:48.657731546,Instagram,Social,55+,Finance,14,Desktop,Europe,Q2,35.60370641661315,530.39,63600,1014,31,1475.62
CAMP_00805,2022-06-16 07:12:39.751950390,Facebook,Display,55+,Finance,30,Mobile,Latin America,Q2,56.962055499044915,23861.47,2836940,48459,1458,105098.67
CAMP_00806,2022-06-16 12:10:30.846169234,LinkedIn,Video,18-24,Retail,7,Mobile,North America,Q2,58.72513365331588,7172.96,593647,11185,302,40848.6
CAMP_00807,2022-06-16 17:08:21.940388078,TikTok,Display,25-34,Retail,60,Tablet,Europe,Q2,92.74084428640549,4222.21,381867,10553,423,47345.96
CAMP_00808,2022-06-16 22:06:13.034606922,TikTok,Native,25-34,Education,30,Mobile,North America,Q2,54.037686847430784,35492.66,3969340,117726,7620,506263.58
CAMP_00809,2022-06-17 03:04:04.128825766,Facebook,Search,45-54,Education,14,Desktop,Asia,Q2,64.00022479888935,1096.02,129444,4805,156,4904.44
CAMP_00810,2022-06-17 08:01:55.223044610,Google,Search,35-44,Technology,60,Desktop,Europe,Q2,78.37235210779485,8903.96,897108,27512,1873,157823.33
CAMP_00811,2022-06-17 12:59:46.317263454,TikTok,Display,35-44,Retail,14,Desktop,Asia,Q2,43.25030549379144,903.15,69347,961,51,1261.63
CAMP_00812,2022-06-17 17:57:37.411482298,Twitter,Native,45-54,Retail,30,Desktop,Latin America,Q2,87.51480773752333,14545.42,1106502,31638,1686,54481.75
CAMP_00813,2022-06-17 22:55:28.505701140,Google,Social,18-24,Healthcare,7,Mobile,North America,Q2,95.27740464114555,10437.97,1227951,37642,4708,210350.32
CAMP_00814,2022-06-18 03:53:19.599919984,TikTok,Display,45-54,Entertainment,14,Mobile,North America,Q2,59.422074247026494,984.57,82912,2039,93,7003.23
CAMP_00815,2022-06-18 08:51:10.694138828,Twitter,Video,45-54,Technology,7,Desktop,Other,Q2,49.2114787708124,2918.59,252153,4492,176,3026.63
CAMP_00816,2022-06-18 13:49:01.788357672,Instagram,Video,35-44,Entertainment,30,Mobile,North America,Q2,92.54238848780776,412717.41,43089951,1553916,139677,3551471.96
CAMP_00817,2022-06-18 18:46:52.882576516,Instagram,Video,45-54,Entertainment,14,Desktop,Asia,Q2,75.91261745536296,3327.67,349912,11729,558,24341.26
CAMP_00818,2022-06-18 23:44:43.976795360,Facebook,Search,45-54,Travel,14,Mobile,Asia,Q2,61.639384093276725,52948.23,6501269,211039,16452,1073253.37
CAMP_00819,2022-06-19 04:42:35.071014204,Google,Native,25-34,Retail,14,Desktop,Asia,Q2,88.53687639231404,2037.04,232549,6603,279,4730.21
CAMP_00820,2022-06-19 09:40:26.165233048,Facebook,Search,25-34,Retail,14,Mobile,North America,Q2,86.41984377098639,236194.8,29601758,1532153,154756,4339736.61
CAMP_00821,2022-06-19 14:38:17.259451892,Twitter,Social,35-44,Retail,60,Mobile,North America,Q2,53.27486092083554,31354.88,2769043,44108,1748,128791.46
CAMP_00822,2022-06-19 19:36:08.353670734,Google,Search,18-24,Education,7,Mobile,Asia,Q2,64.974597065983,7885.24,921915,30650,2440,129844.63
CAMP_00823,2022-06-20 00:33:59.447889578,Facebook,Social,55+,Entertainment,60,Desktop,North America,Q2,71.53584975851912,3437.25,395495,6593,431,84314.56
CAMP_00824,2022-06-20 05:31:50.542108422,Facebook,Social,18-24,Healthcare,30,Mobile,Asia,Q2,60.574600597757026,31526.48,2841398,47200,2392,158930.64
CAMP_00825,2022-06-20 10:29:41.636327266,Instagram,Display,35-44,Retail,30,Desktop,Europe,Q2,32.18258818191439,21313.19,2413975,43441,2233,114581.71
CAMP_00826,2022-06-20 15:27:32.730546110,TikTok,Display,35-44,Technology,14,Mobile,North America,Q2,41.23480992603507,31660.76,3375192,48976,1958,87954.01
CAMP_00827,2022-06-20 20:25:23.824764954,Facebook,Search,18-24,Technology,90,Mobile,North America,Q2,32.834744290795456,1420.47,127022,1766,116,3163.17
CAMP_00828,2022-06-21 01:23:14.918983798,Facebook,Video,55+,Healthcare,14,Desktop,Latin America,Q2,69.85848606048008,37313.58,3525704,52872,2548,75358.84
CAMP_00829,2022-06-21 06:21:06.013202642,LinkedIn,Display,45-54,Technology,30,Mobile,Europe,Q2,36.312953657525114,21379.19,1601654,27829,1103,61316.58
CAMP_00830,2022-06-21 11:18:57.107421484,Facebook,Search,35-44,Retail,90,Mobile,Europe,Q2,63.8483614163486,25762.92,2364675,62080,2523,163384.46
CAMP_00831,2022-06-21 16:16:48.201640328,Google,Native,25-34,Entertainment,60,Mobile,Latin America,Q2,96.63807652550315,50811.7,5404639,227433,23952,1886231.25
CAMP_00832,2022-06-21 21:14:39.295859172,Facebook,Search,18-24,Technology,30,Desktop,Asia,Q2,88.55540369824293,4887.9,568806,22725,2301,67773.91
CAMP_00833,2022-06-22 02:12:30.390078016,Google,Social,25-34,Finance,90,Tablet,Other,Q2,23.251667061320425,6380.1,708945,14494,853,52277.36
CAMP_00834,2022-06-22 07:10:21.484296860,Google,Search,25-34,Retail,30,Mobile,North America,Q2,34.42597058457987,7484.51,771074,24851,1220,105573.73
CAMP_00835,2022-06-22 12:08:12.578515704,Instagram,Social,35-44,Education,14,Mobile,Asia,Q2,44.469671516402826,11196.04,962431,20893,833,60272.11
CAMP_00836,2022-06-22 17:06:03.672734548,Facebook,Search,55+,Healthcare,14,Mobile,North America,Q2,36.619526215612645,7972.67,907829,18895,1056,75991.62
CAMP_00837,2022-06-22 22:03:54.766953392,TikTok,Social,35-44,Travel,14,Desktop,Asia,Q2,26.92371245356533,7354.65,604552,7434,198,3590.73
CAMP_00838,2022-06-23 03:01:45.861172236,Facebook,Search,45-54,Finance,14,Mobile,Latin America,Q2,59.78319320549519,74157.54,7259257,155430,9607,655131.92
CAMP_00839,2022-06-23 07:59:36.955391078,Instagram,Search,35-44,Travel,30,Desktop,North America,Q2,74.10201098833127,51139.16,5896384,157297,14533,199619.7
CAMP_00840,2022-06-23 12:57:28.049609922,Instagram,Search,35-44,Education,30,Mobile,Europe,Q2,79.08068077445775,1350.39,124992,5683,402,30485.52
CAMP_00841,2022-06-23 17:55:19.143828766,Google,Search,45-54,Healthcare,7,Desktop,Asia,Q2,50.51047658512381,22854.03,3168584,96207,4564,377680.3
CAMP_00842,2022-06-23 22:53:10.238047610,LinkedIn,Video,35-44,Travel,60,Mobile,North America,Q2,54.56192599368817,28696.69,2252992,45483,1410,21859.99
CAMP_00843,2022-06-24 03:51:01.332266454,Google,Video,45-54,Technology,14,Tablet,Asia,Q2,67.11354490249511,14219.26,1468361,42497,3365,104647.96
CAMP_00844,2022-06-24 08:48:52.426485298,TikTok,Video,25-34,Technology,90,Mobile,North America,Q2,57.83028876321702,14712.72,1258264,40775,1711,18812.43
CAMP_00845,2022-06-24 13:46:43.520704142,Google,Social,18-24,Retail,90,Mobile,Latin America,Q2,76.21213552191604,11137.13,1321906,38012,2284,85952.93
CAMP_00846,2022-06-24 18:44:34.614922986,Facebook,Display,45-54,Healthcare,60,Desktop,North America,Q2,68.60729725669027,13545.17,1379455,35541,2983,51507.44
CAMP_00847,2022-06-24 23:42:25.709141830,Google,Display,35-44,Entertainment,60,Desktop,Europe,Q2,52.473911529719416,54290.57,5473908,122533,10470,883931.46
CAMP_00848,2022-06-25 04:40:16.803360672,TikTok,Social,45-54,Entertainment,14,Mobile,North America,Q2,22.867273766931135,2859.34,222890,3573,159,3664.63
CAMP_00849,2022-06-25 09:38:07.897579516,Instagram,Display,55+,Retail,30,Tablet,North America,Q2,89.98063210963987,358.34,35276,726,52,2994.12
CAMP_00850,2022-06-25 14:35:58.991798360,Instagram,Search,18-24,Finance,14,Mobile,Europe,Q2,46.278354211113566,31278.41,2526229,40563,1910,55852.72
CAMP_00851,2022-06-25 19:33:50.086017204,Google,Display,35-44,Retail,14,Mobile,Europe,Q2,67.15117291460521,30677.07,3459225,87546,8971,699991.55
CAMP_00852,2022-06-26 00:31:41.180236048,LinkedIn,Native,25-34,Entertainment,30,Mobile,North America,Q2,21.66816662561805,579823.01,46915495,887104,32869,2145071.25
CAMP_00853,2022-06-26 05:29:32.274454892,Google,Social,35-44,Retail,7,Mobile,Latin America,Q2,59.773668332283904,3112.25,311185,8534,755,31689.96
CAMP_00854,2022-06-26 10:27:23.368673736,Twitter,Social,45-54,Travel,90,Desktop,North America,Q2,62.00523921724398,1164.89,99105,1654,58,2148.38
CAMP_00855,2022-06-26 15:25:14.462892580,Google,Search,25-34,Technology,60,Mobile,Asia,Q2,62.97204145095324,905.73,110461,4888,174,11218.75
CAMP_00856,2022-06-26 20:23:05.557111422,Google,Social,35-44,Technology,14,Mobile,Europe,Q2,100.0,6793.74,953654,34215,3463,119458.61
CAMP_00857,2022-06-27 01:20:56.651330266,Google,Video,45-54,Education,30,Mobile,Europe,Q2,47.37763252413134,17364.43,2032449,32555,1507,109765.48
CAMP_00858,2022-06-27 06:18:47.745549110,Instagram,Video,18-24,Finance,14,Mobile,North America,Q2,76.41328453913385,346972.99,40535551,850712,30897,1803901.98
CAMP_00859,2022-06-27 11:16:38.839767954,Instagram,Video,45-54,Retail,60,Tablet,Europe,Q2,70.46464904418754,18254.68,1570989,33176,1589,124384.84
CAMP_00860,2022-06-27 16:14:29.933986798,Google,Search,35-44,Finance,30,Desktop,Europe,Q2,46.427220146648274,17670.12,2004168,63936,4827,334690.6
CAMP_00861,2022-06-27 21:12:21.028205642,Twitter,Search,55+,Retail,14,Mobile,North America,Q2,76.1133880636186,5716.56,542809,11406,509,23039.22
CAMP_00862,2022-06-28 02:10:12.122424486,Facebook,Search,25-34,Travel,14,Mobile,North America,Q2,56.71358126138395,2147.46,248648,10033,311,24555.4
CAMP_00863,2022-06-28 07:08:03.216643330,Instagram,Video,18-24,Healthcare,14,Tablet,North America,Q2,77.50486435153438,8586.68,806663,14875,870,64667.93
CAMP_00864,2022-06-28 12:05:54.310862174,Facebook,Search,35-44,Technology,90,Mobile,North America,Q2,99.21925246843429,5035.87,580652,30084,1534,131483.05
CAMP_00865,2022-06-28 17:03:45.405081016,Facebook,Social,18-24,Healthcare,7,Mobile,North America,Q2,63.015977812681996,5289.27,609974,11385,685,46340.16
CAMP_00866,2022-06-28 22:01:36.499299860,Instagram,Search,55+,Retail,7,Mobile,North America,Q2,54.37749541863098,15125.29,1354283,26156,1077,47717.77
CAMP_00867,2022-06-29 02:59:27.593518704,Google,Social,18-24,Entertainment,60,Mobile,Asia,Q2,81.03112367620827,21181.27,2547933,51214,3476,183021.0
CAMP_00868,2022-06-29 07:57:18.687737548,Google,Display,45-54,Travel,60,Desktop,North America,Q2,87.93306331868683,3070.23,400790,9813,707,58864.29
CAMP_00869,2022-06-29 12:55:09.781956392,Twitter,Social,35-44,Education,60,Desktop,North America,Q2,42.334849212159014,6216.63,498895,9018,427,22492.95
CAMP_00870,2022-06-29 17:53:00.876175236,TikTok,Search,25-34,Technology,30,Tablet,North America,Q2,50.94085820923849,4849.7,482446,13273,537,14121.02
CAMP_00871,2022-06-29 22:50:51.970394080,Facebook,Display,18-24,Technology,30,Mobile,Europe,Q2,73.50846543682523,2349.33,277806,5605,245,16965.8
CAMP_00872,2022-06-30 03:48:43.064612924,Facebook,Display,35-44,Retail,30,Mobile,North America,Q2,57.359359791705614,70781.98,7155896,165629,6836,264808.95
CAMP_00873,2022-06-30 08:46:34.158831768,Instagram,Search,35-44,Entertainment,7,Tablet,Asia,Q2,40.91335974026426,64846.59,6381108,124228,6403,212675.8
CAMP_00874,2022-06-30 13:44:25.253050610,Facebook,Social,25-34,Healthcare,30,Desktop,Asia,Q2,70.8138965579079,3351.46,413226,9497,891,41424.81
CAMP_00875,2022-06-30 18:42:16.347269454,Google,Search,55+,Finance,7,Desktop,Europe,Q2,73.42979431413545,9957.74,1104287,28495,2623,47124.39
CAMP_00876,2022-06-30 23:40:07.441488298,Google,Display,25-34,Travel,14,Mobile,North America,Q2,53.312284882060496,2642.32,320880,5116,269,17795.04
CAMP_00877,2022-07-01 04:37:58.535707142,LinkedIn,Social,25-34,Retail,60,Desktop,Europe,Q3,61.22697530662474,1332.83,140693,4094,167,10788.6
CAMP_00878,2022-07-01 09:35:49.629925986,LinkedIn,Search,35-44,Retail,14,Mobile,North America,Q3,48.46853862107762,8368.14,645733,19881,933,22120.44
CAMP_00879,2022-07-01 14:33:40.724144830,Google,Search,18-24,Retail,60,Mobile,Latin America,Q3,38.09525148176055,502.1,68321,1068,79,5849.51
CAMP_00880,2022-07-01 19:31:31.818363674,Google,Search,55+,Technology,14,Desktop,Asia,Q3,50.05870786743627,21861.46,2374225,55785,3144,120272.37
CAMP_00881,2022-07-02 00:29:22.912582518,Google,Display,25-34,Retail,14,Desktop,Europe,Q3,61.478647003518134,31437.72,3993488,78389,4115,163257.37
CAMP_00882,2022-07-02 05:27:14.006801360,LinkedIn,Search,18-24,Finance,30,Desktop,Other,Q3,30.49821557061407,17851.89,1288495,17581,807,137418.34
CAMP_00883,2022-07-02 10:25:05.101020204,Google,Display,25-34,Technology,30,Desktop,Europe,Q3,51.51974137495682,83902.4,8560076,235742,7665,535212.0
CAMP_00884,2022-07-02 15:22:56.195239048,Google,Native,35-44,Retail,30,Mobile,North America,Q3,61.756602611854774,4825.08,487157,11288,975,72779.12
CAMP_00885,2022-07-02 20:20:47.289457892,Twitter,Search,35-44,Entertainment,60,Mobile,North America,Q3,83.89319820249735,11177.44,768775,23001,766,27121.85
CAMP_00886,2022-07-03 01:18:38.383676736,Google,Search,35-44,Technology,7,Desktop,Europe,Q3,53.74815290398938,10055.88,1188175,30116,2103,89905.29
CAMP_00887,2022-07-03 06:16:29.477895580,LinkedIn,Search,18-24,Entertainment,60,Mobile,Latin America,Q3,35.081952997815556,11084.82,1059599,24360,1309,31222.07
CAMP_00888,2022-07-03 11:14:20.572114424,Google,Native,25-34,Technology,7,Mobile,Latin America,Q3,55.80679974604542,2121.52,227663,6859,561,40647.79
CAMP_00889,2022-07-03 16:12:11.666333268,Google,Social,45-54,Finance,60,Mobile,Europe,Q3,48.6686139181982,23234.5,2389865,42916,2150,109497.91
CAMP_00890,2022-07-03 21:10:02.760552112,Google,Search,18-24,Travel,14,Mobile,North America,Q3,71.04357110114726,4000.31,472319,13808,918,62227.68
CAMP_00891,2022-07-04 02:07:53.854770954,LinkedIn,Social,45-54,Retail,60,Tablet,Asia,Q3,53.241893472755415,6912.6,659333,13903,361,3473.08
CAMP_00892,2022-07-04 07:05:44.948989798,Twitter,Search,18-24,Finance,30,Mobile,Asia,Q3,5.788667568414581,73034.38,6221078,81611,1141,66533.83
CAMP_00893,2022-07-04 12:03:36.043208642,Twitter,Search,45-54,Education,7,Mobile,Europe,Q3,100.0,4734.86,364022,18067,938,54708.03
CAMP_00894,2022-07-04 17:01:27.137427486,Facebook,Display,25-34,Healthcare,60,Desktop,Europe,Q3,62.847265831818596,53358.08,6363353,144216,6259,304361.77
CAMP_00895,2022-07-04 21:59:18.231646330,LinkedIn,Search,35-44,Technology,14,Mobile,Asia,Q3,61.78383020617158,1422.18,112265,2783,142,7829.02
CAMP_00896,2022-07-05 02:57:09.325865174,Google,Display,25-34,Finance,14,Tablet,Latin America,Q3,29.17180056005936,11385.8,1235804,25591,736,61339.39
CAMP_00897,2022-07-05 07:55:00.420084018,Facebook,Native,18-24,Entertainment,60,Mobile,Asia,Q3,30.708614680767763,27525.3,2433223,25392,1250,16465.57
CAMP_00898,2022-07-05 12:52:51.514302862,Twitter,Display,25-34,Education,7,Desktop,North America,Q3,58.16102084653935,1804.87,142480,2990,168,7124.49
CAMP_00899,2022-07-05 17:50:42.608521706,Google,Native,18-24,Retail,14,Mobile,North America,Q3,66.7234266462328,4872.21,631966,9354,545,25127.99
CAMP_00900,2022-07-05 22:48:33.702740548,Google,Search,25-34,Retail,30,Mobile,Latin America,Q3,74.04228278353504,521.31,65677,1926,183,15439.37
CAMP_00901,2022-07-06 03:46:24.796959392,Google,Search,35-44,Technology,60,Mobile,Asia,Q3,64.7487531463652,61122.56,8351446,193539,10202,455078.46
CAMP_00902,2022-07-06 08:44:15.891178236,Google,Search,35-44,Technology,7,Mobile,North America,Q3,36.28115593663731,888.5,115420,2232,136,25720.12
CAMP_00903,2022-07-06 13:42:06.985397080,Google,Video,45-54,Technology,30,Desktop,Europe,Q3,9.91066781839902,4546.69,472767,6709,201,13423.63
CAMP_00904,2022-07-06 18:39:58.079615924,Instagram,Display,35-44,Technology,30,Mobile,Latin America,Q3,57.9955530124359,411.1,35829,927,62,1176.97
CAMP_00905,2022-07-06 23:37:49.173834768,Facebook,Video,35-44,Retail,60,Desktop,Latin America,Q3,49.32050658781744,3219.32,299902,5757,460,13485.43
CAMP_00906,2022-07-07 04:35:40.268053612,Twitter,Search,25-34,Retail,60,Mobile,Asia,Q3,34.7485655177543,33931.35,3217740,66710,2789,150613.53
CAMP_00907,2022-07-07 09:33:31.362272456,Twitter,Search,35-44,Travel,30,Desktop,North America,Q3,76.56116448211252,1011.81,84977,2888,79,3467.55
CAMP_00908,2022-07-07 14:31:22.456491298,Facebook,Social,25-34,Retail,30,Desktop,Asia,Q3,28.488465016400234,660.31,70418,1169,41,2752.96
CAMP_00909,2022-07-07 19:29:13.550710142,Facebook,Display,45-54,Technology,14,Mobile,North America,Q3,72.33937678913165,18652.54,2263477,42420,1717,31925.19
CAMP_00910,2022-07-08 00:27:04.644928986,Facebook,Display,25-34,Technology,7,Mobile,Latin America,Q3,31.79724049965037,22340.7,2931388,63448,2949,152070.83
CAMP_00911,2022-07-08 05:24:55.739147830,Instagram,Search,18-24,Travel,30,Desktop,North America,Q3,62.68177371166662,30848.45,2558775,79809,5132,497671.5
CAMP_00912,2022-07-08 10:22:46.833366674,Facebook,Native,35-44,Entertainment,90,Mobile,Asia,Q3,78.67948644037244,27500.46,3037927,66429,3080,632650.03
CAMP_00913,2022-07-08 15:20:37.927585518,Instagram,Social,25-34,Entertainment,30,Mobile,Europe,Q3,53.241333687954516,6386.3,563468,15980,995,52910.7
CAMP_00914,2022-07-08 20:18:29.021804362,Facebook,Search,45-54,Retail,7,Desktop,Asia,Q3,93.79839669013643,3682.06,419875,14823,1332,84858.38
CAMP_00915,2022-07-09 01:16:20.116023206,Instagram,Search,45-54,Education,14,Tablet,Europe,Q3,98.35772651187008,1110642.67,114834125,5163162,374751,11311237.59
CAMP_00916,2022-07-09 06:14:11.210242050,Facebook,Video,18-24,Finance,30,Desktop,North America,Q3,64.74350000039311,20355.51,1905962,35256,1113,77800.7
CAMP_00917,2022-07-09 11:12:02.304460892,Facebook,Native,18-24,Technology,30,Desktop,Asia,Q3,70.82770741180546,157.43,19229,374,33,3807.1
CAMP_00918,2022-07-09 16:09:53.398679736,TikTok,Search,35-44,Healthcare,30,Mobile,North America,Q3,81.21417732633039,5679.51,633207,16800,932,41817.66
CAMP_00919,2022-07-09 21:07:44.492898580,LinkedIn,Display,35-44,Education,30,Tablet,North America,Q3,70.88852744970978,21851.57,2310518,66889,3269,180799.52
CAMP_00920,2022-07-10 02:05:35.587117424,Google,Search,25-34,Entertainment,14,Mobile,Other,Q3,68.74486435197088,4476.92,506202,14182,1179,26275.86
CAMP_00921,2022-07-10 07:03:26.681336268,Twitter,Video,45-54,Education,60,Mobile,Europe,Q3,49.518611944478245,12484.67,929355,17928,1001,60337.82
CAMP_00922,2022-07-10 12:01:17.775555112,Instagram,Native,35-44,Travel,30,Tablet,Asia,Q3,26.252876496445758,8468.74,941550,14022,311,33082.53
CAMP_00923,2022-07-10 16:59:08.869773956,Twitter,Display,25-34,Technology,14,Mobile,Europe,Q3,32.198091735010465,6826.94,598292,11709,413,20150.08
CAMP_00924,2022-07-10 21:56:59.963992800,Twitter,Search,18-24,Finance,14,Mobile,Asia,Q3,100.0,136198.46,12702908,376894,27444,1640069.4
CAMP_00925,2022-07-11 02:54:51.058211644,Facebook,Display,45-54,Retail,60,Desktop,Asia,Q3,66.44917915610002,538.81,56539,985,45,3587.75
CAMP_00926,2022-07-11 07:52:42.152430486,Google,Social,25-34,Education,60,Mobile,Asia,Q3,55.086330372173364,9214.95,969502,21339,1820,168973.76
CAMP_00927,2022-07-11 12:50:33.246649330,Facebook,Social,45-54,Retail,14,Mobile,Other,Q3,85.26654518235819,4326.84,398964,13980,1445,33401.71
CAMP_00928,2022-07-11 17:48:24.340868174,Instagram,Search,25-34,Education,7,Mobile,Europe,Q3,45.010840542763404,661.25,78539,2927,130,10331.37
CAMP_00929,2022-07-11 22:46:15.435087018,Instagram,Search,35-44,Technology,7,Mobile,Asia,Q3,71.66216534826376,1997.05,229083,7858,710,8565.04
CAMP_00930,2022-07-12 03:44:06.529305862,Facebook,Social,45-54,Technology,14,Tablet,Asia,Q3,61.54384067120076,5844.9,640811,16166,521,11971.61
CAMP_00931,2022-07-12 08:41:57.623524706,Google,Video,45-54,Retail,30,Mobile,North America,Q3,69.20055002207205,14618.44,1841632,53942,3458,199471.44
CAMP_00932,2022-07-12 13:39:48.717743550,Twitter,Display,25-34,Technology,30,Mobile,Europe,Q3,53.27180261412287,9746.02,860645,23309,1119,60855.86
CAMP_00933,2022-07-12 18:37:39.811962394,TikTok,Display,25-34,Education,30,Mobile,Other,Q3,40.706113854192395,8366.37,923003,22900,868,31943.51
CAMP_00934,2022-07-12 23:35:30.906181236,Instagram,Native,45-54,Retail,30,Desktop,North America,Q3,43.54257853720716,1626.9,138198,3023,202,2278.87
CAMP_00935,2022-07-13 04:33:22.000400080,Google,Display,25-34,Finance,7,Desktop,North America,Q3,44.32231595479405,6993.16,696528,11546,426,15826.07
CAMP_00936,2022-07-13 09:31:13.094618924,Facebook,Social,25-34,Retail,7,Mobile,Europe,Q3,59.94059375355689,61126.13,5722529,188830,16630,477749.31
CAMP_00937,2022-07-13 14:29:04.188837768,Google,Search,55+,Technology,14,Mobile,North America,Q3,28.877296390521142,1552.14,160820,2379,163,13481.76
CAMP_00938,2022-07-13 19:26:55.283056612,TikTok,Display,25-34,Retail,7,Desktop,Latin America,Q3,35.05142769955815,12526.52,1283180,26694,1045,54017.2
CAMP_00939,2022-07-14 00:24:46.377275456,Google,Display,18-24,Technology,7,Mobile,North America,Q3,62.710485950584044,4010.95,428347,9993,564,26756.47
CAMP_00940,2022-07-14 05:22:37.471494300,Instagram,Display,18-24,Education,30,Mobile,North America,Q3,57.4464991117217,12129.92,1111547,14602,555,14220.64
CAMP_00941,2022-07-14 10:20:28.565713144,Facebook,Search,35-44,Finance,60,Mobile,Asia,Q3,63.80463068513397,2634.01,236646,9373,739,9887.26
CAMP_00942,2022-07-14 15:18:19.659931988,Instagram,Display,35-44,Technology,30,Mobile,North America,Q3,59.099129313337826,12270.24,1099096,28191,991,50438.28
CAMP_00943,2022-07-14 20:16:10.754150830,LinkedIn,Video,25-34,Healthcare,60,Tablet,Asia,Q3,100.0,26247.79,2283862,79152,6265,74040.75
CAMP_00944,2022-07-15 01:14:01.848369674,Twitter,Social,25-34,Retail,30,Desktop,Asia,Q3,62.53476867981747,57240.53,4359271,107191,5112,308107.84
CAMP_00945,2022-07-15 06:11:52.942588518,Google,Native,25-34,Technology,30,Desktop,Asia,Q3,52.418407010254484,26589.9,3595304,68422,2658,151592.17
CAMP_00946,2022-07-15 11:09:44.036807362,Google,Display,35-44,Healthcare,14,Desktop,Asia,Q3,62.022635707230194,9283.86,900048,25164,1645,91123.49
CAMP_00947,2022-07-15 16:07:35.131026206,Google,Display,18-24,Technology,90,Desktop,North America,Q3,80.3991008502066,1004.11,136863,3374,237,10696.62
CAMP_00948,2022-07-15 21:05:26.225245050,TikTok,Video,55+,Entertainment,7,Tablet,North America,Q3,59.0074322124507,1593.6,155710,3867,207,12252.07
CAMP_00949,2022-07-16 02:03:17.319463894,Twitter,Search,25-34,Finance,14,Mobile,North America,Q3,73.69456717272492,11642.13,805182,31676,1744,34502.87
CAMP_00950,2022-07-16 07:01:08.413682738,Instagram,Social,55+,Entertainment,14,Mobile,North America,Q3,67.92091928804433,5092.92,585877,13935,484,13621.02
CAMP_00951,2022-07-16 11:58:59.507901582,Instagram,Video,25-34,Travel,90,Desktop,Europe,Q3,54.191688463147116,87988.44,8984933,204613,12466,1003067.2
CAMP_00952,2022-07-16 16:56:50.602120424,LinkedIn,Display,45-54,Retail,90,Desktop,North America,Q3,62.21751597763904,1001.8,106198,2728,135,4800.88
CAMP_00953,2022-07-16 21:54:41.696339268,Google,Social,25-34,Technology,30,Mobile,Europe,Q3,91.97844228384152,2478.03,254449,10659,899,78303.82
CAMP_00954,2022-07-17 02:52:32.790558112,TikTok,Search,18-24,Technology,30,Mobile,North America,Q3,64.86156590075929,6369.79,688706,13213,779,35018.8
CAMP_00955,2022-07-17 07:50:23.884776956,Facebook,Video,45-54,Retail,30,Mobile,Europe,Q3,40.27957951657859,1939.57,222045,4512,200,17129.13
CAMP_00956,2022-07-17 12:48:14.978995800,Facebook,Search,45-54,Education,90,Mobile,North America,Q3,53.609791457342496,1459.65,139663,4062,134,2452.56
CAMP_00957,2022-07-17 17:46:06.073214644,Instagram,Display,25-34,Entertainment,30,Mobile,North America,Q3,17.715055005343892,21972.35,2006457,29925,632,38782.25
CAMP_00958,2022-07-17 22:43:57.167433488,Google,Display,45-54,Finance,60,Mobile,Europe,Q3,62.7479741350576,1292.41,126251,1965,95,7330.98
CAMP_00959,2022-07-18 03:41:48.261652332,Google,Social,35-44,Healthcare,14,Desktop,Asia,Q3,86.24124687565627,3856.86,530602,11763,1308,26766.88
CAMP_00960,2022-07-18 08:39:39.355871174,LinkedIn,Social,45-54,Retail,14,Desktop,Asia,Q3,33.17188463732292,5438.87,396531,4815,196,9427.83
CAMP_00961,2022-07-18 13:37:30.450090018,Google,Search,25-34,Healthcare,60,Desktop,Latin America,Q3,62.994654690160985,1173.07,159966,5055,509,17353.04
CAMP_00962,2022-07-18 18:35:21.544308862,Instagram,Native,35-44,Entertainment,7,Desktop,Asia,Q3,79.70863611738574,10367.22,1200212,33852,2682,193329.52
CAMP_00963,2022-07-18 23:33:12.638527706,Google,Search,35-44,Healthcare,60,Mobile,Asia,Q3,81.82277266392968,6739.33,724847,29748,3422,315353.33
CAMP_00964,2022-07-19 04:31:03.732746550,Facebook,Social,25-34,Technology,30,Mobile,North America,Q3,85.59602344551662,27376.42,2823262,114759,5242,257247.4
CAMP_00965,2022-07-19 09:28:54.826965394,Facebook,Search,45-54,Entertainment,60,Mobile,North America,Q3,22.634923373089933,1134.18,145930,3423,177,3014.03
CAMP_00966,2022-07-19 14:26:45.921184238,Facebook,Social,25-34,Technology,14,Tablet,Asia,Q3,70.0986190922362,34978.07,3844712,128461,5288,273098.05
CAMP_00967,2022-07-19 19:24:37.015403082,LinkedIn,Native,18-24,Healthcare,30,Mobile,North America,Q3,29.888696298107895,3957.57,383721,4171,107,3183.32
CAMP_00968,2022-07-20 00:22:28.109621926,Facebook,Video,35-44,Finance,14,Desktop,North America,Q3,40.033357268550574,99305.75,13045027,206837,10199,894343.25
CAMP_00969,2022-07-20 05:20:19.203840768,Instagram,Native,35-44,Finance,30,Mobile,North America,Q3,76.42244519217013,31440.65,3634129,105453,9096,1328737.06
CAMP_00970,2022-07-20 10:18:10.298059612,Instagram,Social,25-34,Entertainment,30,Tablet,North America,Q3,63.16094243703234,2289.47,247278,5467,395,28778.77
CAMP_00971,2022-07-20 15:16:01.392278456,LinkedIn,Social,25-34,Education,90,Mobile,Asia,Q3,74.52672148478747,2493.24,224356,5330,434,24724.83
CAMP_00972,2022-07-20 20:13:52.486497300,TikTok,Display,55+,Retail,30,Desktop,North America,Q3,41.417667903966034,1468.7,130676,1796,42,1640.18
CAMP_00973,2022-07-21 01:11:43.580716144,LinkedIn,Social,25-34,Travel,14,Mobile,Europe,Q3,89.47206220325754,41529.58,3035191,80414,6206,148348.26
CAMP_00974,2022-07-21 06:09:34.674934988,Google,Social,35-44,Finance,60,Mobile,North America,Q3,73.76667867682102,22999.39,2461472,50455,2436,404789.2
CAMP_00975,2022-07-21 11:07:25.769153832,Google,Display,45-54,Entertainment,14,Desktop,Asia,Q3,77.7859623858692,15962.24,2252532,61079,6334,507684.25
CAMP_00976,2022-07-21 16:05:16.863372676,Facebook,Native,25-34,Education,14,Tablet,Asia,Q3,38.396664477697286,81992.2,8481129,141089,9689,174248.17
CAMP_00977,2022-07-21 21:03:07.957591520,Instagram,Video,55+,Finance,7,Mobile,North America,Q3,83.42802480425237,4678.62,430110,10847,773,21521.4
CAMP_00978,2022-07-22 02:00:59.051810362,Google,Video,45-54,Education,60,Tablet,Asia,Q3,53.67676846719194,30752.74,4369014,126565,3969,62813.74
CAMP_00979,2022-07-22 06:58:50.146029206,Instagram,Search,35-44,Retail,14,Desktop,North America,Q3,47.775474597092185,52007.58,5623808,157222,6639,186954.5
CAMP_00980,2022-07-22 11:56:41.240248050,Instagram,Search,35-44,Retail,14,Desktop,Asia,Q3,72.50927080091323,8956.65,917900,25731,1063,150945.16
CAMP_00981,2022-07-22 16:54:32.334466894,Facebook,Search,35-44,Entertainment,60,Mobile,Asia,Q3,71.66423549575877,34291.77,3646639,111515,6481,1034213.4
CAMP_00982,2022-07-22 21:52:23.428685738,Twitter,Video,35-44,Education,60,Mobile,Other,Q3,43.063623044853244,22908.87,1594358,41570,1067,65736.93
CAMP_00983,2022-07-23 02:50:14.522904582,Google,Native,45-54,Education,7,Mobile,North America,Q3,100.0,8068.47,798850,17171,1751,49416.9
CAMP_00984,2022-07-23 07:48:05.617123426,Google,Video,25-34,Healthcare,30,Tablet,North America,Q3,96.2870115277955,1882.56,259566,11240,789,59459.01
CAMP_00985,2022-07-23 12:45:56.711342270,LinkedIn,Video,25-34,Finance,60,Tablet,North America,Q3,72.10070281623538,2892.22,244597,6544,285,20089.51
CAMP_00986,2022-07-23 17:43:47.805561112,Instagram,Video,25-34,Technology,7,Desktop,North America,Q3,68.60806845463377,16080.79,1769022,64700,2982,175113.63
CAMP_00987,2022-07-23 22:41:38.899779956,LinkedIn,Search,18-24,Travel,60,Mobile,North America,Q3,66.59572452520592,583.0,46025,916,66,1040.46
CAMP_00988,2022-07-24 03:39:29.993998800,Facebook,Native,18-24,Technology,30,Mobile,North America,Q3,29.00006747962657,15525.3,1889767,29447,1010,74413.37
CAMP_00989,2022-07-24 08:37:21.088217644,Google,Search,45-54,Entertainment,30,Tablet,Europe,Q3,62.25614775842926,31677.68,3107430,90656,4149,397332.95
CAMP_00990,2022-07-24 13:35:12.182436488,Twitter,Social,35-44,Healthcare,14,Mobile,Latin America,Q3,61.99083163791496,4151.32,320483,6002,219,11143.29
CAMP_00991,2022-07-24 18:33:03.276655332,Twitter,Video,35-44,Healthcare,30,Desktop,North America,Q3,48.47976627523238,1546.51,127300,2945,153,8720.81
CAMP_00992,2022-07-24 23:30:54.370874176,LinkedIn,Search,35-44,Finance,7,Mobile,Other,Q3,53.81301655996831,14907.91,1509141,49501,1754,76414.78
CAMP_00993,2022-07-25 04:28:45.465093020,Facebook,Search,45-54,Travel,30,Mobile,Asia,Q3,12.374152105690541,7072.21,928359,17910,890,39303.0
CAMP_00994,2022-07-25 09:26:36.559311864,Instagram,Search,35-44,Healthcare,7,Desktop,Latin America,Q3,38.054541397500174,9848.4,826333,16277,561,31810.62
CAMP_00995,2022-07-25 14:24:27.653530706,Facebook,Video,45-54,Travel,14,Mobile,Latin America,Q3,78.4365258301458,11803.58,1422899,50023,5043,149884.39
CAMP_00996,2022-07-25 19:22:18.747749550,Google,Search,25-34,Retail,7,Mobile,Asia,Q3,94.62393803278721,6950.78,999773,40378,4105,109655.57
CAMP_00997,2022-07-26 00:20:09.841968394,TikTok,Search,55+,Healthcare,60,Tablet,Asia,Q3,41.13238629408458,754.38,64335,862,51,3462.63
CAMP_00998,2022-07-26 05:18:00.936187238,Google,Social,35-44,Entertainment,14,Desktop,Europe,Q3,63.65697309951878,64464.94,8047360,215835,19556,821584.79
CAMP_00999,2022-07-26 10:15:52.030406082,TikTok,Search,25-34,Entertainment,14,Desktop,Europe,Q3,81.96764658794635,11134.8,1080301,38979,2687,169463.06
CAMP_01000,2022-07-26 15:13:43.124624926,Facebook,Video,35-44,Travel,14,Desktop,Latin America,Q3,49.59569948210492,1587.16,178741,5429,302,15426.29
CAMP_01001,2022-07-26 20:11:34.218843770,Google,Search,35-44,Retail,30,Mobile,North America,Q3,73.52496354469231,380.89,43881,1953,104,8500.72
CAMP_01002,2022-07-27 01:09:25.313062614,Instagram,Display,18-24,Retail,14,Mobile,North America,Q3,59.32420608839679,30706.26,3165091,48812,2487,127955.7
CAMP_01003,2022-07-27 06:07:16.407281458,Twitter,Social,35-44,Finance,30,Mobile,Asia,Q3,83.80803976850697,4506.08,385937,13643,981,27085.11
CAMP_01004,2022-07-27 11:05:07.501500300,LinkedIn,Search,25-34,Retail,7,Mobile,Europe,Q3,34.350985206627534,48207.51,4503382,145950,7149,507401.84
CAMP_01005,2022-07-27 16:02:58.595719144,Twitter,Display,18-24,Travel,7,Mobile,Asia,Q3,37.908467424646936,48007.36,4329757,76756,4015,76105.37
CAMP_01006,2022-07-27 21:00:49.689937988,LinkedIn,Native,55+,Technology,30,Desktop,North America,Q3,65.59078337885622,5901.87,522859,11137,774,9272.77
CAMP_01007,2022-07-28 01:58:40.784156832,LinkedIn,Search,35-44,Finance,60,Mobile,Europe,Q3,61.92412199800873,68.73,5160,194,7,107.76
CAMP_01008,2022-07-28 06:56:31.878375676,Twitter,Video,45-54,Retail,7,Desktop,North America,Q3,58.8735220701334,49642.82,4544428,124475,4815,89065.07
CAMP_01009,2022-07-28 11:54:22.972594520,Google,Search,35-44,Finance,7,Mobile,Latin America,Q3,71.51668320408966,3873.74,375176,13706,643,30189.1
CAMP_01010,2022-07-28 16:52:14.066813364,Instagram,Display,25-34,Technology,7,Mobile,North America,Q3,41.38700870884527,14991.11,1402325,20600,1408,27050.19
CAMP_01011,2022-07-28 21:50:05.161032208,Google,Social,35-44,Retail,30,Mobile,Asia,Q3,32.611287767571426,1682.8,185522,4250,257,21962.82
CAMP_01012,2022-07-29 02:47:56.255251052,TikTok,Social,35-44,Technology,14,Desktop,North America,Q3,49.997837839425486,730.57,76470,1881,122,2690.08
CAMP_01013,2022-07-29 07:45:47.349469896,TikTok,Native,55+,Finance,60,Mobile,North America,Q3,52.23442882603803,11301.69,1280616,20019,523,36874.58
CAMP_01014,2022-07-29 12:43:38.443688740,Google,Search,25-34,Travel,7,Desktop,North America,Q3,54.32505637884178,216459.16,30778999,1139189,39708,5810356.51
CAMP_01015,2022-07-29 17:41:29.537907584,LinkedIn,Search,45-54,Technology,7,Desktop,North America,Q3,85.38091422707754,10572.7,1088232,34160,1097,24968.96
CAMP_01016,2022-07-29 22:39:20.632126428,TikTok,Social,55+,Healthcare,14,Mobile,Europe,Q3,75.40834493598419,20591.64,2134992,46925,1839,57713.93
CAMP_01017,2022-07-30 03:37:11.726345268,Google,Video,35-44,Travel,30,Mobile,North America,Q3,70.66479738310858,106441.01,11094410,249988,16111,1071768.74
CAMP_01018,2022-07-30 08:35:02.820564112,Instagram,Search,55+,Entertainment,30,Tablet,Europe,Q3,64.43999189258622,1901.71,225890,3778,303,17113.6
CAMP_01019,2022-07-30 13:32:53.914782956,TikTok,Search,25-34,Travel,7,Mobile,North America,Q3,51.316230885688896,11547.62,920320,22818,1415,66987.52
CAMP_01020,2022-07-30 18:30:45.009001800,Google,Video,55+,Travel,60,Mobile,Latin America,Q3,42.921096864331105,44034.7,5132150,74043,5312,352042.95
CAMP_01021,2022-07-30 23:28:36.103220644,LinkedIn,Search,45-54,Finance,14,Desktop,North America,Q3,36.05685158615958,1172.62,106206,2828,117,1166.79
CAMP_01022,2022-07-31 04:26:27.197439488,Facebook,Social,18-24,Entertainment,30,Desktop,North America,Q3,46.10986299058649,3295.07,434709,8384,590,29583.95
CAMP_01023,2022-07-31 09:24:18.291658332,TikTok,Social,55+,Retail,30,Mobile,Europe,Q3,59.141560232780236,21163.13,1877028,29324,1767,68346.27
CAMP_01024,2022-07-31 14:22:09.385877176,TikTok,Video,35-44,Finance,14,Mobile,Latin America,Q3,36.90031599634667,24194.04,2163232,56265,2747,36559.46
CAMP_01025,2022-07-31 19:20:00.480096020,TikTok,Video,35-44,Education,60,Mobile,Latin America,Q3,63.39039515473218,2166.72,170481,4993,221,9141.62
CAMP_01026,2022-08-01 00:17:51.574314864,Instagram,Display,35-44,Finance,60,Mobile,Latin America,Q3,56.1112374552871,59034.98,6417043,116728,3597,49799.67
CAMP_01027,2022-08-01 05:15:42.668533708,Twitter,Social,18-24,Entertainment,14,Mobile,North America,Q3,52.054031769135946,8538.94,726495,11546,321,6551.66
CAMP_01028,2022-08-01 10:13:33.762752552,Twitter,Video,35-44,Entertainment,30,Mobile,Asia,Q3,83.23065802423274,8287.51,613628,15004,1116,47377.8
CAMP_01029,2022-08-01 15:11:24.856971396,Facebook,Social,45-54,Technology,14,Mobile,Asia,Q3,10.78762755554537,2739.46,283728,2756,56,2182.04
CAMP_01030,2022-08-01 20:09:15.951190240,Twitter,Video,18-24,Education,30,Desktop,Latin America,Q3,52.325409094301406,510.46,36240,728,15,328.73
CAMP_01031,2022-08-02 01:07:07.045409084,Google,Search,25-34,Finance,14,Desktop,North America,Q3,12.95125108741044,97871.26,13197231,217198,7904,577612.36
CAMP_01032,2022-08-02 06:04:58.139627928,Instagram,Display,18-24,Technology,60,Desktop,Latin America,Q3,64.77125345858884,69125.28,8226859,192183,12249,771499.48
CAMP_01033,2022-08-02 11:02:49.233846772,Google,Social,25-34,Education,14,Mobile,Europe,Q3,75.24363166397852,24872.97,3220945,103414,7921,124799.34
CAMP_01034,2022-08-02 16:00:40.328065612,Google,Display,45-54,Finance,7,Mobile,Europe,Q3,32.97787591572397,98685.55,13574495,247216,13465,193397.9
CAMP_01035,2022-08-02 20:58:31.422284456,Google,Search,45-54,Entertainment,14,Mobile,Europe,Q3,35.53884832217219,1497.51,162813,4054,303,15487.57
CAMP_01036,2022-08-03 01:56:22.516503300,LinkedIn,Display,55+,Healthcare,7,Desktop,Europe,Q3,26.034003365790888,3792.53,408429,5630,164,3978.11
CAMP_01037,2022-08-03 06:54:13.610722144,Facebook,Social,35-44,Finance,30,Mobile,Europe,Q3,61.27283985426335,6575.64,677351,19017,857,28441.51
CAMP_01038,2022-08-03 11:52:04.704940988,LinkedIn,Social,25-34,Education,14,Mobile,North America,Q3,53.18423447591945,1337.06,124798,3347,182,4879.57
CAMP_01039,2022-08-03 16:49:55.799159832,Google,Video,55+,Healthcare,30,Mobile,Asia,Q3,54.42690539216813,16102.08,1604344,29809,1097,76442.59
CAMP_01040,2022-08-03 21:47:46.893378676,Facebook,Social,45-54,Finance,14,Mobile,Europe,Q3,52.64056721028237,821.26,87179,1553,97,2968.49
CAMP_01041,2022-08-04 02:45:37.987597520,Instagram,Search,35-44,Retail,30,Mobile,Asia,Q3,40.52801871264122,34649.21,4109705,88137,4604,194922.65
CAMP_01042,2022-08-04 07:43:29.081816364,Twitter,Video,35-44,Education,30,Mobile,North America,Q3,82.63748047792073,1014.73,75230,2656,74,1661.04
CAMP_01043,2022-08-04 12:41:20.176035208,Facebook,Search,55+,Retail,90,Mobile,Other,Q3,65.44681360263255,3183.02,383333,11718,658,114242.26
CAMP_01044,2022-08-04 17:39:11.270254052,Instagram,Display,45-54,Education,90,Desktop,Asia,Q3,36.30672926444792,3628.18,368362,6490,321,6365.69
CAMP_01045,2022-08-04 22:37:02.364472896,Twitter,Social,25-34,Technology,60,Mobile,North America,Q3,45.98906368334997,3939.73,314092,9084,490,10026.14
CAMP_01046,2022-08-05 03:34:53.458691740,Instagram,Social,45-54,Healthcare,30,Desktop,Asia,Q3,42.55862451065049,1797.43,196256,3379,223,4435.04
CAMP_01047,2022-08-05 08:32:44.552910584,Google,Video,18-24,Travel,14,Mobile,North America,Q3,88.11855806946123,16909.83,2290067,49774,5712,381168.09
CAMP_01048,2022-08-05 13:30:35.647129428,Google,Search,25-34,Retail,30,Mobile,North America,Q3,74.2243854536573,25879.64,3208144,144102,9834,563470.98
CAMP_01049,2022-08-05 18:28:26.741348272,Twitter,Social,25-34,Healthcare,90,Mobile,Europe,Q3,57.47021086154894,3054.2,217363,6267,207,11965.83
CAMP_01050,2022-08-05 23:26:17.835567116,Google,Native,25-34,Entertainment,7,Mobile,Europe,Q3,94.14442369907718,16300.32,1690717,50369,4044,171263.54
CAMP_01051,2022-08-06 04:24:08.929785960,Twitter,Search,18-24,Entertainment,30,Mobile,North America,Q3,89.04087190398369,11826.75,892964,26572,1482,224074.16
CAMP_01052,2022-08-06 09:22:00.024004800,Instagram,Native,18-24,Finance,14,Mobile,North America,Q3,55.3857821171646,21663.38,1926575,38834,2614,56449.23
CAMP_01053,2022-08-06 14:19:51.118223644,TikTok,Search,35-44,Healthcare,30,Desktop,Latin America,Q3,51.78869355752381,2286.3,243678,7036,224,7061.11
CAMP_01054,2022-08-06 19:17:42.212442488,Twitter,Display,45-54,Entertainment,14,Mobile,North America,Q3,52.752720882053026,9059.04,612972,11072,334,9430.91
CAMP_01055,2022-08-07 00:15:33.306661332,TikTok,Social,55+,Education,30,Mobile,North America,Q3,40.94506808062138,20296.18,1846169,24577,703,44112.92
CAMP_01056,2022-08-07 05:13:24.400880176,Facebook,Search,25-34,Entertainment,30,Mobile,Other,Q3,94.67948896934325,9399.15,918527,37299,4199,226064.67
CAMP_01057,2022-08-07 10:11:15.495099020,LinkedIn,Search,35-44,Technology,90,Mobile,North America,Q3,39.871749938822454,52045.79,5507187,167221,9701,115687.78
CAMP_01058,2022-08-07 15:09:06.589317864,Facebook,Search,55+,Travel,30,Mobile,Asia,Q3,77.3660863085488,23178.66,2159590,70424,2603,198968.03
CAMP_01059,2022-08-07 20:06:57.683536708,Instagram,Social,25-34,Finance,60,Tablet,North America,Q3,73.81086261817659,540.48,47441,1028,79,15144.34
CAMP_01060,2022-08-08 01:04:48.777755552,Instagram,Social,45-54,Retail,14,Mobile,Europe,Q3,53.90268043552868,1674.17,153805,3760,109,3753.63
CAMP_01061,2022-08-08 06:02:39.871974396,Twitter,Search,45-54,Technology,14,Mobile,North America,Q3,96.200902073289,8894.66,837709,22495,1013,57528.48
CAMP_01062,2022-08-08 11:00:30.966193240,TikTok,Display,18-24,Retail,14,Desktop,Other,Q3,28.818073578369436,6116.99,509236,4827,91,1296.08
CAMP_01063,2022-08-08 15:58:22.060412084,LinkedIn,Search,45-54,Retail,14,Desktop,Europe,Q3,58.406173980422196,2254.05,201235,4454,209,16160.27
CAMP_01064,2022-08-08 20:56:13.154630928,Facebook,Search,45-54,Technology,14,Tablet,Europe,Q3,50.219196701189915,401.41,41842,840,60,4147.59
CAMP_01065,2022-08-09 01:54:04.248849772,Facebook,Display,18-24,Retail,30,Desktop,Latin America,Q3,79.21186300541706,391.01,45508,692,28,1206.67
CAMP_01066,2022-08-09 06:51:55.343068616,LinkedIn,Social,18-24,Entertainment,30,Desktop,Other,Q3,67.07131728750336,162.93,14252,332,8,159.94
CAMP_01067,2022-08-09 11:49:46.437287460,Google,Search,18-24,Retail,30,Tablet,North America,Q3,25.454096426670148,14057.51,1353226,30936,750,24126.72
CAMP_01068,2022-08-09 16:47:37.531506304,Google,Display,25-34,Technology,14,Mobile,Asia,Q3,84.78958887492905,5759.46,674193,19846,970,63762.59
CAMP_01069,2022-08-09 21:45:28.625725144,Facebook,Video,35-44,Retail,14,Desktop,North America,Q3,69.70923445849135,12418.27,1305819,43821,1991,291594.22
CAMP_01070,2022-08-10 02:43:19.719943988,Facebook,Display,35-44,Retail,30,Desktop,Europe,Q3,39.29016276074138,6333.7,786468,17228,885,17197.68
CAMP_01071,2022-08-10 07:41:10.814162832,Facebook,Native,25-34,Technology,7,Desktop,North America,Q3,53.00641790427215,1292.96,161793,4039,310,21831.49
CAMP_01072,2022-08-10 12:39:01.908381676,Google,Display,55+,Healthcare,14,Tablet,Europe,Q3,34.002301700558355,32952.38,3628935,43977,1151,65416.06
CAMP_01073,2022-08-10 17:36:53.002600520,Google,Display,25-34,Travel,7,Mobile,North America,Q3,56.5832394876704,27724.71,3496795,59090,5301,1084521.94
CAMP_01074,2022-08-10 22:34:44.096819364,Google,Search,18-24,Education,7,Mobile,Europe,Q3,63.00235934719646,31936.96,3800773,119677,7830,332886.99
CAMP_01075,2022-08-11 03:32:35.191038208,TikTok,Display,25-34,Education,14,Tablet,Europe,Q3,53.30705682732103,2225.86,230010,4188,251,7035.28
CAMP_01076,2022-08-11 08:30:26.285257052,Facebook,Video,35-44,Retail,7,Mobile,North America,Q3,50.99071000254291,29167.96,3608244,104782,6934,159668.62
CAMP_01077,2022-08-11 13:28:17.379475896,Facebook,Display,25-34,Technology,14,Desktop,Europe,Q3,27.745192618976425,2028.44,205749,3098,158,5216.53
CAMP_01078,2022-08-11 18:26:08.473694740,LinkedIn,Search,25-34,Retail,30,Mobile,Other,Q3,66.74482923006416,1718.14,158987,4725,214,37149.09
CAMP_01079,2022-08-11 23:23:59.567913584,Google,Search,18-24,Entertainment,7,Desktop,Asia,Q3,21.510908062740945,29504.42,3582939,50178,1492,138829.08
CAMP_01080,2022-08-12 04:21:50.662132428,TikTok,Display,45-54,Retail,14,Tablet,Europe,Q3,60.62159036474524,4127.93,342439,5245,244,15400.26
CAMP_01081,2022-08-12 09:19:41.756351272,Twitter,Search,55+,Healthcare,60,Mobile,Latin America,Q3,24.016883519350777,2744.19,256476,3648,126,1405.55
CAMP_01082,2022-08-12 14:17:32.850570116,Google,Native,25-34,Technology,30,Mobile,Europe,Q3,61.010097809725735,7502.65,721552,13748,1333,30777.68
CAMP_01083,2022-08-12 19:15:23.944788960,Facebook,Display,25-34,Technology,14,Mobile,North America,Q3,59.87761990824503,75565.1,6651588,151146,11068,846918.88
CAMP_01084,2022-08-13 00:13:15.039007804,Twitter,Display,35-44,Travel,60,Desktop,Europe,Q3,68.06689935357082,80057.32,6815260,112187,7178,1051946.35
CAMP_01085,2022-08-13 05:11:06.133226648,TikTok,Display,45-54,Entertainment,14,Desktop,North America,Q3,77.24571433603185,52335.3,5543479,110305,5709,275453.47
CAMP_01086,2022-08-13 10:08:57.227445488,Facebook,Search,25-34,Education,7,Mobile,Asia,Q3,80.95176844501876,1700.26,171470,9075,808,48733.13
CAMP_01087,2022-08-13 15:06:48.321664332,Instagram,Social,55+,Healthcare,90,Mobile,Other,Q3,27.799148012481403,42139.94,3925672,39714,843,29627.67
CAMP_01088,2022-08-13 20:04:39.415883176,Google,Display,35-44,Education,60,Desktop,North America,Q3,58.83587893733839,6028.65,642563,13778,712,45408.72
CAMP_01089,2022-08-14 01:02:30.510102020,TikTok,Social,35-44,Healthcare,14,Desktop,Europe,Q3,100.0,8312.62,754140,25372,1483,22157.4
CAMP_01090,2022-08-14 06:00:21.604320864,Google,Video,35-44,Travel,30,Mobile,Europe,Q3,62.38201136995414,2423.63,276428,6333,400,26007.77
CAMP_01091,2022-08-14 10:58:12.698539708,TikTok,Search,55+,Technology,30,Mobile,North America,Q3,43.37303719397373,1324.14,109773,2236,145,2043.4
CAMP_01092,2022-08-14 15:56:03.792758552,Instagram,Social,45-54,Healthcare,7,Desktop,Asia,Q3,58.405977471213276,119638.61,10837157,222686,9730,433101.15
CAMP_01093,2022-08-14 20:53:54.886977396,Instagram,Display,18-24,Entertainment,14,Mobile,Europe,Q3,52.32668119371878,6104.34,671880,9886,622,16561.56
CAMP_01094,2022-08-15 01:51:45.981196240,Instagram,Search,25-34,Finance,14,Tablet,North America,Q3,36.47083685735692,6833.09,688328,18788,1113,108539.82
CAMP_01095,2022-08-15 06:49:37.075415084,Google,Display,35-44,Education,60,Mobile,Asia,Q3,77.38208376414016,5100.6,523169,13797,849,68668.03
CAMP_01096,2022-08-15 11:47:28.169633928,Google,Social,25-34,Travel,7,Desktop,North America,Q3,71.68705116550724,15877.98,1921131,56641,3218,238596.77
CAMP_01097,2022-08-15 16:45:19.263852772,Google,Video,45-54,Finance,30,Mobile,Other,Q3,33.30981855775744,2645.76,354146,5936,268,6854.67
CAMP_01098,2022-08-15 21:43:10.358071616,Google,Social,45-54,Finance,7,Tablet,North America,Q3,58.13450832366196,1551.0,174274,4454,286,7188.18
CAMP_01099,2022-08-16 02:41:01.452290460,Twitter,Display,45-54,Finance,14,Mobile,Europe,Q3,48.670727016357546,8003.41,617026,9481,557,29061.71
CAMP_01100,2022-08-16 07:38:52.546509304,Facebook,Social,55+,Education,30,Mobile,North America,Q3,27.968149709500658,4905.54,477132,5048,231,13369.17
CAMP_01101,2022-08-16 12:36:43.640728148,Google,Display,25-34,Healthcare,30,Mobile,North America,Q3,31.703610850480292,4533.71,550105,10793,429,34798.82
CAMP_01102,2022-08-16 17:34:34.734946992,TikTok,Social,45-54,Retail,7,Desktop,Asia,Q3,34.68080352399336,3826.16,314455,5895,339,5181.0
CAMP_01103,2022-08-16 22:32:25.829165836,Twitter,Display,45-54,Healthcare,14,Mobile,Europe,Q3,58.83140493114406,6677.82,476754,12101,286,11070.32
CAMP_01104,2022-08-17 03:30:16.923384676,TikTok,Native,25-34,Retail,30,Mobile,Latin America,Q3,50.84093999593287,558.71,52376,1219,86,2580.99
CAMP_01105,2022-08-17 08:28:08.017603520,TikTok,Video,45-54,Entertainment,7,Mobile,Europe,Q3,40.81624075808173,1417.36,146032,2429,130,9238.79
CAMP_01106,2022-08-17 13:25:59.111822364,Google,Display,18-24,Technology,7,Mobile,Latin America,Q3,52.16233940758098,5069.23,595025,11853,819,60924.35
CAMP_01107,2022-08-17 18:23:50.206041208,Facebook,Search,45-54,Finance,30,Mobile,Other,Q3,74.95069943690955,1992.68,219620,6236,222,6473.39
CAMP_01108,2022-08-17 23:21:41.300260052,LinkedIn,Video,35-44,Entertainment,30,Mobile,Europe,Q3,67.13392194544112,31521.8,2720447,67150,2476,224363.08
CAMP_01109,2022-08-18 04:19:32.394478896,LinkedIn,Display,25-34,Retail,7,Desktop,Europe,Q3,80.03737615243806,9136.56,664286,23584,2023,51368.55
CAMP_01110,2022-08-18 09:17:23.488697740,Google,Native,35-44,Retail,30,Desktop,Asia,Q3,55.433742705615025,2332.66,235624,6453,443,38652.61
CAMP_01111,2022-08-18 14:15:14.582916584,Twitter,Native,35-44,Finance,60,Desktop,North America,Q3,92.05114381363288,15450.24,1421901,38887,3255,93521.78
CAMP_01112,2022-08-18 19:13:05.677135428,Google,Display,25-34,Technology,7,Tablet,Latin America,Q3,66.96159767396983,12936.4,1516383,42610,2574,62901.72
CAMP_01113,2022-08-19 00:10:56.771354272,Google,Native,18-24,Technology,30,Mobile,Europe,Q3,50.221651533172185,5372.64,555156,11558,513,18922.63
CAMP_01114,2022-08-19 05:08:47.865573116,Instagram,Search,25-34,Travel,7,Desktop,Asia,Q3,61.859036193807384,18816.66,2208221,64077,2041,44072.95
CAMP_01115,2022-08-19 10:06:38.959791960,Instagram,Display,35-44,Education,7,Mobile,North America,Q3,35.038480948203656,6897.13,572020,8647,313,24511.87
CAMP_01116,2022-08-19 15:04:30.054010804,Instagram,Social,45-54,Education,7,Mobile,Asia,Q3,53.876297275044614,2373.46,205993,3840,216,12905.93
CAMP_01117,2022-08-19 20:02:21.148229648,Google,Search,55+,Travel,14,Mobile,North America,Q3,68.59948460453215,18948.56,2391949,54158,4699,372350.17
CAMP_01118,2022-08-20 01:00:12.242448492,Twitter,Native,35-44,Technology,60,Mobile,Asia,Q3,72.23339016197178,6754.48,489081,11872,552,14025.42
CAMP_01119,2022-08-20 05:58:03.336667336,Facebook,Display,45-54,Technology,14,Mobile,Europe,Q3,51.796755543376065,2611.67,244624,3882,274,13871.42
CAMP_01120,2022-08-20 10:55:54.430886180,Google,Search,25-34,Technology,30,Mobile,North America,Q3,100.0,4220.61,473850,26556,1355,165534.84
CAMP_01121,2022-08-20 15:53:45.525105020,Twitter,Video,45-54,Education,14,Desktop,Other,Q3,56.55584513689423,65975.05,6175822,147492,6259,208212.94
CAMP_01122,2022-08-20 20:51:36.619323864,TikTok,Video,25-34,Entertainment,14,Mobile,Asia,Q3,26.43211915713693,5635.0,626039,11820,304,13291.04
CAMP_01123,2022-08-21 01:49:27.713542708,Twitter,Video,25-34,Technology,30,Desktop,Other,Q3,84.26534384016996,1065.3,94037,3502,219,12368.8
CAMP_01124,2022-08-21 06:47:18.807761552,Twitter,Native,35-44,Technology,30,Mobile,North America,Q3,72.14254607699354,156420.84,11029587,302398,17974,992076.92
CAMP_01125,2022-08-21 11:45:09.901980396,LinkedIn,Social,18-24,Finance,60,Mobile,Europe,Q3,64.633776419105,17111.15,1331465,31459,1051,18961.63
CAMP_01126,2022-08-21 16:43:00.996199240,Instagram,Social,45-54,Finance,60,Mobile,Europe,Q3,50.70158217816444,3648.01,331343,8613,263,15092.09
CAMP_01127,2022-08-21 21:40:52.090418084,Google,Search,45-54,Education,14,Mobile,Asia,Q3,67.86693032052882,14432.72,2015502,73846,7745,718457.9
CAMP_01128,2022-08-22 02:38:43.184636928,Facebook,Display,25-34,Finance,30,Mobile,North America,Q3,92.38032491995261,1958.0,198574,5819,408,78295.76
CAMP_01129,2022-08-22 07:36:34.278855772,Facebook,Display,25-34,Travel,14,Desktop,North America,Q3,64.03265874680292,1935.25,252446,6818,446,18337.31
CAMP_01130,2022-08-22 12:34:25.373074616,Facebook,Display,45-54,Finance,30,Desktop,Latin America,Q3,30.59932826378148,1147.27,102765,1724,50,3242.66
CAMP_01131,2022-08-22 17:32:16.467293460,LinkedIn,Display,45-54,Entertainment,60,Mobile,Europe,Q3,1.0,65518.4,6519891,48508,1225,38580.19
CAMP_01132,2022-08-22 22:30:07.561512304,Instagram,Social,25-34,Travel,7,Mobile,Other,Q3,67.6911912127677,988.08,85468,2104,177,3104.41
CAMP_01133,2022-08-23 03:27:58.655731148,Google,Search,25-34,Travel,14,Desktop,North America,Q3,40.281729174797846,7929.51,893516,30324,2268,196491.08
CAMP_01134,2022-08-23 08:25:49.749949992,Google,Video,35-44,Retail,30,Mobile,Other,Q3,58.00574565208392,1591.8,187230,5310,227,20161.08
CAMP_01135,2022-08-23 13:23:40.844168836,LinkedIn,Video,35-44,Technology,30,Mobile,Asia,Q3,43.81844753973202,28537.76,2232971,39462,2378,92309.8
CAMP_01136,2022-08-23 18:21:31.938387680,Google,Video,25-34,Finance,7,Mobile,Asia,Q3,42.381820316068044,2333.67,234670,6931,233,15863.76
CAMP_01137,2022-08-23 23:19:23.032606524,Twitter,Search,25-34,Finance,90,Desktop,North America,Q3,44.69451733427466,26655.9,1749224,61544,2456,155372.04
CAMP_01138,2022-08-24 04:17:14.126825364,Instagram,Native,45-54,Healthcare,30,Desktop,Latin America,Q3,46.50249280166868,6068.28,626889,13542,427,27018.47
CAMP_01139,2022-08-24 09:15:05.221044208,Instagram,Search,35-44,Travel,7,Desktop,Europe,Q3,75.52471976965671,6179.39,719647,28017,1694,58651.41
CAMP_01140,2022-08-24 14:12:56.315263052,Instagram,Social,55+,Retail,7,Mobile,Asia,Q3,71.4728758627317,888.43,94714,2146,123,17832.03
CAMP_01141,2022-08-24 19:10:47.409481896,Twitter,Search,45-54,Finance,30,Mobile,North America,Q3,35.84022354377653,8018.07,751369,15301,728,45032.28
CAMP_01142,2022-08-25 00:08:38.503700740,Facebook,Display,55+,Retail,7,Mobile,Europe,Q3,38.56530547265983,27969.66,3434812,39113,2668,62642.87
CAMP_01143,2022-08-25 05:06:29.597919584,LinkedIn,Video,25-34,Education,7,Desktop,Latin America,Q3,67.58243808938745,6643.5,666522,22157,1204,124966.28
CAMP_01144,2022-08-25 10:04:20.692138428,Instagram,Social,45-54,Travel,30,Desktop,North America,Q3,81.05004730871043,4137.44,357098,9104,889,28220.54
CAMP_01145,2022-08-25 15:02:11.786357272,Facebook,Social,18-24,Finance,30,Mobile,Asia,Q3,80.74282719828251,8839.73,828477,25227,1678,102131.72
CAMP_01146,2022-08-25 20:00:02.880576116,Twitter,Display,35-44,Retail,30,Mobile,North America,Q3,39.94182318439537,393644.96,27606095,409686,10207,195789.75
CAMP_01147,2022-08-26 00:57:53.974794960,Twitter,Search,35-44,Entertainment,14,Mobile,Latin America,Q3,79.7862286380045,10838.84,1005094,45108,2817,119603.78
CAMP_01148,2022-08-26 05:55:45.069013804,LinkedIn,Search,25-34,Entertainment,30,Mobile,Other,Q3,24.474607313622997,14454.39,1137658,20605,782,14754.15
CAMP_01149,2022-08-26 10:53:36.163232648,Twitter,Search,45-54,Technology,90,Mobile,North America,Q3,55.942311659799216,3498.8,304058,10825,568,19695.53
CAMP_01150,2022-08-26 15:51:27.257451492,Twitter,Native,45-54,Education,14,Mobile,North America,Q3,69.74052885217306,6089.07,408325,10552,382,18096.7
CAMP_01151,2022-08-26 20:49:18.351670336,LinkedIn,Search,18-24,Travel,30,Tablet,Asia,Q3,18.42389973916697,7732.98,824473,13358,256,16184.2
CAMP_01152,2022-08-27 01:47:09.445889180,Twitter,Search,35-44,Healthcare,60,Mobile,North America,Q3,100.0,32086.53,2605985,128415,8074,193344.93
CAMP_01153,2022-08-27 06:45:00.540108024,LinkedIn,Video,25-34,Healthcare,30,Mobile,Europe,Q3,86.53390365953231,3065.57,269371,11513,940,41200.07
CAMP_01154,2022-08-27 11:42:51.634326868,LinkedIn,Video,25-34,Technology,30,Mobile,North America,Q3,72.94007944721179,2178.85,189509,6412,407,27233.29
CAMP_01155,2022-08-27 16:40:42.728545712,Instagram,Display,45-54,Healthcare,14,Mobile,Europe,Q3,40.69943584870157,1615.15,172489,3400,211,36446.92
CAMP_01156,2022-08-27 21:38:33.822764552,LinkedIn,Video,25-34,Finance,30,Mobile,North America,Q3,58.637927508457345,48586.24,4990550,151338,7249,174669.53
CAMP_01157,2022-08-28 02:36:24.916983396,Google,Social,55+,Technology,30,Desktop,North America,Q3,75.80840339526044,43517.11,5855246,117574,11410,691871.47
CAMP_01158,2022-08-28 07:34:16.011202240,Twitter,Social,25-34,Retail,30,Mobile,North America,Q3,37.54676866000372,7755.76,551050,10522,244,12117.78
CAMP_01159,2022-08-28 12:32:07.105421084,Twitter,Video,35-44,Technology,90,Tablet,Europe,Q3,56.39051537523966,10545.58,943277,27937,921,33089.56
CAMP_01160,2022-08-28 17:29:58.199639928,Google,Social,35-44,Retail,7,Mobile,Europe,Q3,78.20767699621965,7674.71,966579,26213,2078,82418.22
CAMP_01161,2022-08-28 22:27:49.293858772,Twitter,Display,25-34,Healthcare,7,Mobile,North America,Q3,30.108099964539,5442.57,439641,5715,239,7442.09
CAMP_01162,2022-08-29 03:25:40.388077616,Google,Display,25-34,Healthcare,7,Mobile,Europe,Q3,66.6484942204091,905.94,115620,3390,352,14441.39
CAMP_01163,2022-08-29 08:23:31.482296460,Facebook,Display,45-54,Healthcare,30,Desktop,Latin America,Q3,24.904607407576393,45883.01,6026729,83705,2131,29379.19
CAMP_01164,2022-08-29 13:21:22.576515304,LinkedIn,Display,45-54,Finance,7,Mobile,North America,Q3,41.12306488842693,10286.27,1055112,12300,550,5211.88
CAMP_01165,2022-08-29 18:19:13.670734148,Google,Display,25-34,Finance,30,Mobile,Asia,Q3,49.90814788647811,13636.92,1358294,31332,2201,192722.01
CAMP_01166,2022-08-29 23:17:04.764952992,Twitter,Search,35-44,Education,14,Mobile,Asia,Q3,70.27111225437557,700.67,57550,2328,96,2936.43
CAMP_01167,2022-08-30 04:14:55.859171836,Twitter,Search,18-24,Finance,14,Tablet,North America,Q3,45.98421794987593,51934.63,3816855,79583,2649,46470.48
CAMP_01168,2022-08-30 09:12:46.953390680,Instagram,Native,25-34,Travel,14,Mobile,North America,Q3,62.51096782658302,2143.33,204171,6456,187,13636.61
CAMP_01169,2022-08-30 14:10:38.047609524,Google,Video,35-44,Finance,60,Mobile,Europe,Q3,46.255437243835345,122756.85,17624348,424073,14619,340165.65
CAMP_01170,2022-08-30 19:08:29.141828368,Facebook,Video,18-24,Healthcare,30,Mobile,Asia,Q3,49.38766455769696,1883.45,187063,4506,186,8457.58
CAMP_01171,2022-08-31 00:06:20.236047212,Instagram,Video,45-54,Retail,60,Mobile,North America,Q3,85.01323015572298,2526.13,244485,6469,327,10663.29
CAMP_01172,2022-08-31 05:04:11.330266056,TikTok,Search,45-54,Entertainment,30,Mobile,Other,Q3,36.99543643515523,25113.48,2820353,65064,2586,195870.65
CAMP_01173,2022-08-31 10:02:02.424484896,Instagram,Video,55+,Education,7,Mobile,Asia,Q3,75.1830794789437,57825.1,5351416,115890,4962,169276.73
CAMP_01174,2022-08-31 14:59:53.518703740,Facebook,Social,35-44,Travel,7,Desktop,North America,Q3,59.97872229050036,35713.76,4318675,86508,4727,112608.73
CAMP_01175,2022-08-31 19:57:44.612922584,Instagram,Search,55+,Travel,90,Mobile,North America,Q3,48.48892622184019,5982.6,609002,13618,620,29774.58
CAMP_01176,2022-09-01 00:55:35.707141428,Instagram,Search,35-44,Technology,30,Desktop,North America,Q3,35.64954335179764,3968.63,398753,7366,285,13498.03
CAMP_01177,2022-09-01 05:53:26.801360272,Twitter,Search,35-44,Healthcare,7,Desktop,Europe,Q3,37.07527385801818,16205.25,1152166,23661,442,14250.19
CAMP_01178,2022-09-01 10:51:17.895579116,Google,Display,55+,Finance,30,Mobile,Europe,Q3,45.227099504841064,76905.17,8255689,131157,6643,436882.93
CAMP_01179,2022-09-01 15:49:08.989797960,LinkedIn,Display,35-44,Healthcare,14,Desktop,Asia,Q3,56.998911855577155,26972.89,1957477,30722,1807,128569.7
CAMP_01180,2022-09-01 20:47:00.084016804,Instagram,Display,18-24,Retail,14,Desktop,Asia,Q3,72.07019272312803,11033.31,978174,15669,1040,35187.89
CAMP_01181,2022-09-02 01:44:51.178235648,TikTok,Search,45-54,Education,7,Desktop,North America,Q3,53.99521480155275,373.14,33264,763,23,4329.67
CAMP_01182,2022-09-02 06:42:42.272454492,Facebook,Display,55+,Travel,60,Desktop,Europe,Q3,55.33378296235562,14512.76,1698806,30053,983,151428.82
CAMP_01183,2022-09-02 11:40:33.366673336,Instagram,Video,45-54,Finance,7,Desktop,North America,Q3,58.3201955335539,2778.97,265420,5886,208,5213.21
CAMP_01184,2022-09-02 16:38:24.460892180,TikTok,Native,35-44,Technology,14,Mobile,North America,Q3,69.53555382877457,79094.1,6986191,192470,5465,378668.76
CAMP_01185,2022-09-02 21:36:15.555111024,Google,Video,35-44,Retail,14,Desktop,Asia,Q3,72.8960563839302,9688.4,1120037,24885,2169,143118.14
CAMP_01186,2022-09-03 02:34:06.649329868,TikTok,Social,55+,Entertainment,7,Mobile,North America,Q3,32.26069048856304,3379.78,361341,4147,190,3937.98
CAMP_01187,2022-09-03 07:31:57.743548712,LinkedIn,Social,18-24,Technology,30,Desktop,Asia,Q3,54.35850580513377,6786.96,663042,14353,676,17823.93
CAMP_01188,2022-09-03 12:29:48.837767556,Google,Display,35-44,Travel,7,Mobile,Other,Q3,84.54808034695843,13443.62,1441745,38838,2386,86395.55
CAMP_01189,2022-09-03 17:27:39.931986400,Facebook,Video,25-34,Entertainment,14,Desktop,Europe,Q3,33.67760092560091,62172.71,5548792,104802,7164,507527.99
CAMP_01190,2022-09-03 22:25:31.026205240,LinkedIn,Video,35-44,Healthcare,60,Mobile,North America,Q3,61.486257808979175,17952.85,1621814,33836,1940,125848.24
CAMP_01191,2022-09-04 03:23:22.120424084,Google,Search,35-44,Healthcare,14,Desktop,North America,Q3,56.583119924064384,9775.75,1088314,30327,1641,48820.15
CAMP_01192,2022-09-04 08:21:13.214642928,Instagram,Search,25-34,Retail,14,Desktop,North America,Q3,48.66648820126777,153205.78,14573116,430304,19294,1748924.63
CAMP_01193,2022-09-04 13:19:04.308861772,Facebook,Social,25-34,Travel,14,Desktop,Europe,Q3,91.81565302086716,91344.04,10327069,327207,29736,894762.2
CAMP_01194,2022-09-04 18:16:55.403080616,Instagram,Native,35-44,Healthcare,30,Desktop,Asia,Q3,60.73671617735749,7995.94,672865,18405,1049,29733.88
CAMP_01195,2022-09-04 23:14:46.497299460,Google,Search,18-24,Travel,60,Mobile,Europe,Q3,90.22290143888628,23006.11,3252328,104471,4853,162150.88
CAMP_01196,2022-09-05 04:12:37.591518304,Twitter,Display,25-34,Healthcare,7,Desktop,Asia,Q3,60.1125441048882,49706.06,3696308,71912,2562,103238.21
CAMP_01197,2022-09-05 09:10:28.685737148,TikTok,Display,45-54,Entertainment,60,Desktop,Asia,Q3,69.20511778635463,11004.0,1101229,29084,2239,382879.03
CAMP_01198,2022-09-05 14:08:19.779955992,TikTok,Social,25-34,Retail,30,Desktop,Latin America,Q3,48.45556982146039,2036.41,158705,2971,84,5285.02
CAMP_01199,2022-09-05 19:06:10.874174836,LinkedIn,Display,35-44,Healthcare,30,Tablet,North America,Q3,48.678126494044925,44358.73,4666387,85256,1905,121326.95
CAMP_01200,2022-09-06 00:04:01.968393680,Google,Video,55+,Entertainment,7,Mobile,Latin America,Q3,68.1869506049772,44019.96,6288713,120128,11262,271783.35
CAMP_01201,2022-09-06 05:01:53.062612524,LinkedIn,Social,25-34,Entertainment,7,Mobile,Asia,Q3,68.55394915267182,1561.29,137516,4803,330,19783.06
CAMP_01202,2022-09-06 09:59:44.156831368,Google,Search,25-34,Entertainment,30,Mobile,North America,Q3,71.9597413318371,15716.93,1624120,50487,2618,227350.01
CAMP_01203,2022-09-06 14:57:35.251050212,Google,Native,35-44,Technology,60,Desktop,Other,Q3,67.53356573909151,18631.42,2439699,62219,4877,95468.15
CAMP_01204,2022-09-06 19:55:26.345269056,Facebook,Search,45-54,Travel,30,Mobile,Other,Q3,33.27158145991831,9083.71,866520,16130,1030,39577.89
CAMP_01205,2022-09-07 00:53:17.439487900,Instagram,Video,55+,Travel,14,Desktop,Europe,Q3,43.87262646575169,9241.65,914284,18121,889,9883.41
CAMP_01206,2022-09-07 05:51:08.533706744,Twitter,Native,55+,Retail,7,Mobile,Asia,Q3,76.9988577229739,26622.93,1714855,35637,1038,44479.46
CAMP_01207,2022-09-07 10:48:59.627925588,LinkedIn,Display,45-54,Travel,30,Desktop,North America,Q3,20.83069269193325,121668.0,13109796,141706,4774,48041.33
CAMP_01208,2022-09-07 15:46:50.722144428,Facebook,Display,25-34,Technology,30,Desktop,Europe,Q3,65.85214483011207,4694.7,455172,11533,773,94480.6
CAMP_01209,2022-09-07 20:44:41.816363272,Facebook,Search,18-24,Entertainment,7,Mobile,North America,Q3,57.76239801861637,157.61,18728,549,31,2024.7
CAMP_01210,2022-09-08 01:42:32.910582116,TikTok,Video,25-34,Technology,7,Desktop,Europe,Q3,76.99163734944719,22292.69,2164652,88701,5249,94826.05
CAMP_01211,2022-09-08 06:40:24.004800960,Facebook,Search,18-24,Travel,14,Desktop,Europe,Q3,68.3324237214151,5366.92,642092,17027,555,12408.51
CAMP_01212,2022-09-08 11:38:15.099019804,Facebook,Video,45-54,Retail,30,Mobile,North America,Q3,46.72039440583076,48116.68,5078189,96473,3605,241892.67
CAMP_01213,2022-09-08 16:36:06.193238648,Google,Search,35-44,Finance,30,Mobile,Asia,Q3,45.812999233966735,2366.78,283466,7600,373,10304.75
CAMP_01214,2022-09-08 21:33:57.287457492,Twitter,Display,18-24,Finance,60,Mobile,North America,Q3,49.544330540061615,30782.82,2829943,54762,1999,71777.29
CAMP_01215,2022-09-09 02:31:48.381676336,LinkedIn,Social,45-54,Technology,30,Desktop,North America,Q3,71.60126094741256,23583.15,2145744,58151,3090,34197.62
CAMP_01216,2022-09-09 07:29:39.475895180,Google,Social,25-34,Healthcare,7,Mobile,North America,Q3,13.95572640889511,1900.62,186186,3537,169,8509.69
CAMP_01217,2022-09-09 12:27:30.570114024,Google,Display,25-34,Retail,30,Mobile,Europe,Q3,63.147588887141225,147100.75,15842129,441424,39840,2208364.8
CAMP_01218,2022-09-09 17:25:21.664332868,LinkedIn,Display,35-44,Entertainment,90,Mobile,North America,Q3,42.33930825545265,259.79,22581,494,25,1257.78
CAMP_01219,2022-09-09 22:23:12.758551712,LinkedIn,Display,25-34,Travel,60,Mobile,North America,Q3,63.81670595614514,3279.44,324535,8593,227,4134.95
CAMP_01220,2022-09-10 03:21:03.852770556,Facebook,Display,25-34,Education,60,Desktop,North America,Q3,66.88995573006738,12028.11,1133842,22623,1430,29565.95
CAMP_01221,2022-09-10 08:18:54.946989400,TikTok,Social,18-24,Education,14,Desktop,North America,Q3,26.753468341426256,25704.89,2541176,44998,1016,36082.34
CAMP_01222,2022-09-10 13:16:46.041208244,Google,Social,25-34,Technology,30,Mobile,Europe,Q3,55.46267145998738,910.53,104326,2401,94,7345.14
CAMP_01223,2022-09-10 18:14:37.135427088,Facebook,Display,45-54,Technology,60,Desktop,Latin America,Q3,63.111407136004935,18393.09,2021244,50409,3887,247043.68
CAMP_01224,2022-09-10 23:12:28.229645932,TikTok,Display,55+,Finance,30,Desktop,North America,Q3,61.759001905502956,54171.38,5004323,85165,6321,454638.97
CAMP_01225,2022-09-11 04:10:19.323864772,Facebook,Video,25-34,Retail,14,Mobile,Asia,Q3,57.5559809376807,4663.43,552250,15455,1139,33498.0
CAMP_01226,2022-09-11 09:08:10.418083616,Instagram,Search,25-34,Travel,90,Mobile,North America,Q3,35.58224960371977,17118.5,1535545,42193,1425,48842.72
CAMP_01227,2022-09-11 14:06:01.512302460,Facebook,Video,45-54,Retail,14,Desktop,North America,Q3,38.62743938706916,15062.19,1727703,28475,1846,179668.65
CAMP_01228,2022-09-11 19:03:52.606521304,Facebook,Native,55+,Travel,7,Desktop,North America,Q3,32.43905354492299,10120.69,1063174,10892,545,23053.63
CAMP_01229,2022-09-12 00:01:43.700740148,TikTok,Social,25-34,Retail,7,Desktop,Latin America,Q3,71.08091141679508,3494.35,304237,7362,360,18942.48
CAMP_01230,2022-09-12 04:59:34.794958992,Facebook,Display,25-34,Education,30,Mobile,Europe,Q3,57.688583163867975,591.86,59827,1765,79,1364.64
CAMP_01231,2022-09-12 09:57:25.889177836,Twitter,Search,45-54,Retail,14,Desktop,Asia,Q3,58.96493521414574,3880.08,318987,7324,298,15185.11
CAMP_01232,2022-09-12 14:55:16.983396680,Google,Native,35-44,Retail,7,Desktop,Europe,Q3,25.890131123102115,167854.91,18028067,260654,5979,495129.74
CAMP_01233,2022-09-12 19:53:08.077615524,Google,Search,18-24,Entertainment,30,Desktop,North America,Q3,59.32794405477589,36537.6,4402489,132401,10898,588364.02
CAMP_01234,2022-09-13 00:50:59.171834368,Google,Display,35-44,Technology,30,Tablet,Latin America,Q3,72.67274143965366,2440.95,343450,8688,628,11304.54
CAMP_01235,2022-09-13 05:48:50.266053212,LinkedIn,Display,25-34,Entertainment,30,Tablet,North America,Q3,23.163208508514415,2481.15,251869,4679,154,8881.98
CAMP_01236,2022-09-13 10:46:41.360272056,Facebook,Social,35-44,Healthcare,14,Desktop,North America,Q3,49.29187482510059,13058.49,1426840,38759,1983,110792.77
CAMP_01237,2022-09-13 15:44:32.454490900,Twitter,Search,35-44,Retail,30,Mobile,North America,Q3,28.59301736910389,24056.79,1869664,40045,1245,44230.95
CAMP_01238,2022-09-13 20:42:23.548709744,Instagram,Search,45-54,Travel,7,Desktop,North America,Q3,51.594358505402255,4426.36,420638,13840,748,43444.73
CAMP_01239,2022-09-14 01:40:14.642928588,TikTok,Social,35-44,Finance,14,Mobile,North America,Q3,41.98016204858154,15075.97,1195770,23451,757,22296.15
CAMP_01240,2022-09-14 06:38:05.737147432,Google,Social,25-34,Entertainment,14,Desktop,Europe,Q3,67.61817667283206,4987.49,651843,23224,1981,123626.04
CAMP_01241,2022-09-14 11:35:56.831366276,Twitter,Native,25-34,Finance,60,Mobile,North America,Q3,63.384791268527835,4973.16,337093,6783,306,13710.77
CAMP_01242,2022-09-14 16:33:47.925585116,Twitter,Video,45-54,Healthcare,14,Desktop,Europe,Q3,85.83008811268088,18486.05,1451607,49345,3040,58772.56
CAMP_01243,2022-09-14 21:31:39.019803960,Twitter,Search,25-34,Technology,7,Mobile,North America,Q3,58.91844301399013,1595.61,143384,5676,186,24576.93
CAMP_01244,2022-09-15 02:29:30.114022804,Twitter,Social,25-34,Technology,14,Desktop,Other,Q3,66.76975604208546,1144.17,88233,2057,59,5388.33
CAMP_01245,2022-09-15 07:27:21.208241648,LinkedIn,Social,25-34,Healthcare,14,Mobile,North America,Q3,48.845850367030444,55044.28,5898542,115312,3811,146167.36
CAMP_01246,2022-09-15 12:25:12.302460492,Instagram,Search,45-54,Finance,60,Mobile,Asia,Q3,37.938706975428424,1698.41,183271,3818,101,6628.12
CAMP_01247,2022-09-15 17:23:03.396679336,Google,Display,35-44,Finance,60,Desktop,Asia,Q3,76.69524869380173,3419.44,414895,8586,570,17354.79
CAMP_01248,2022-09-15 22:20:54.490898180,Google,Social,25-34,Entertainment,7,Desktop,North America,Q3,84.86510107094159,4449.83,599393,21426,1247,79286.68
CAMP_01249,2022-09-16 03:18:45.585117024,TikTok,Social,25-34,Entertainment,7,Mobile,North America,Q3,74.11311398476505,4355.59,418939,13930,792,142039.51
CAMP_01250,2022-09-16 08:16:36.679335868,Instagram,Video,45-54,Retail,7,Mobile,North America,Q3,62.62456246259065,4797.98,517216,13747,885,69833.61
CAMP_01251,2022-09-16 13:14:27.773554712,Twitter,Search,35-44,Technology,30,Mobile,North America,Q3,40.51812891029448,14676.14,1136931,36163,1593,96393.77
CAMP_01252,2022-09-16 18:12:18.867773556,Instagram,Display,45-54,Finance,7,Desktop,North America,Q3,82.83256346853892,3254.03,379087,6629,304,22656.74
CAMP_01253,2022-09-16 23:10:09.961992400,Google,Display,45-54,Retail,7,Tablet,Asia,Q3,71.59018631274024,3729.09,473140,8458,649,38209.4
CAMP_01254,2022-09-17 04:08:01.056211244,Google,Video,55+,Technology,30,Desktop,Europe,Q3,100.0,7207.58,1014517,26555,1277,50266.07
CAMP_01255,2022-09-17 09:05:52.150430088,LinkedIn,Search,25-34,Retail,14,Mobile,Europe,Q3,36.91152099520187,6337.65,625458,21120,712,13128.01
CAMP_01256,2022-09-17 14:03:43.244648932,Facebook,Search,55+,Travel,7,Mobile,North America,Q3,77.2513300249476,78656.6,9150357,174588,8712,126818.53
CAMP_01257,2022-09-17 19:01:34.338867776,Google,Search,18-24,Entertainment,14,Tablet,Latin America,Q3,70.98213009749597,5146.92,636316,12782,911,41734.65
CAMP_01258,2022-09-17 23:59:25.433086620,Instagram,Search,25-34,Retail,14,Mobile,North America,Q3,53.15945599503888,3412.61,282241,9688,552,32303.14
CAMP_01259,2022-09-18 04:57:16.527305464,Google,Social,45-54,Retail,30,Desktop,North America,Q3,87.27669760406208,21213.4,2200886,56535,2642,151153.07
CAMP_01260,2022-09-18 09:55:07.621524304,Instagram,Display,25-34,Entertainment,90,Mobile,North America,Q3,68.04690296849095,1677.34,199338,6431,568,29797.64
CAMP_01261,2022-09-18 14:52:58.715743148,Facebook,Video,25-34,Finance,7,Desktop,North America,Q3,41.26213943076692,29028.43,2948875,51782,3139,163207.28
CAMP_01262,2022-09-18 19:50:49.809961992,Twitter,Social,25-34,Entertainment,14,Desktop,Asia,Q3,57.63321967451181,219.08,16331,532,19,1062.46
CAMP_01263,2022-09-19 00:48:40.904180836,Facebook,Display,35-44,Travel,60,Mobile,Asia,Q3,41.02282385793775,162712.95,19332571,377917,12501,140608.65
CAMP_01264,2022-09-19 05:46:31.998399680,Facebook,Native,25-34,Healthcare,60,Desktop,Asia,Q3,50.629685692289726,13186.33,1572359,37262,1566,66095.35
CAMP_01265,2022-09-19 10:44:23.092618524,Google,Social,45-54,Retail,14,Mobile,Europe,Q3,74.07652307079465,3973.15,457958,9096,525,8329.52
CAMP_01266,2022-09-19 15:42:14.186837368,Google,Search,45-54,Entertainment,30,Mobile,Other,Q3,79.78548090468432,7931.04,936685,32036,2671,227142.53
CAMP_01267,2022-09-19 20:40:05.281056212,Facebook,Native,35-44,Travel,7,Mobile,Europe,Q3,64.4242466757873,9496.02,1197541,20752,1301,33435.37
CAMP_01268,2022-09-20 01:37:56.375275056,Instagram,Video,25-34,Healthcare,30,Mobile,Europe,Q3,44.99850246820936,4253.98,383283,11259,570,36213.73
CAMP_01269,2022-09-20 06:35:47.469493900,Instagram,Display,55+,Entertainment,90,Mobile,North America,Q3,67.63216840790714,2511.37,249996,4652,230,6342.29
CAMP_01270,2022-09-20 11:33:38.563712744,Facebook,Search,25-34,Technology,30,Desktop,North America,Q3,74.46799275915274,52543.82,5298987,182404,17931,977558.32
CAMP_01271,2022-09-20 16:31:29.657931588,LinkedIn,Display,18-24,Finance,14,Mobile,Europe,Q3,20.557765095205646,3041.94,290147,2974,105,1245.97
CAMP_01272,2022-09-20 21:29:20.752150432,Twitter,Native,18-24,Entertainment,7,Mobile,North America,Q3,62.32957550061835,9329.99,778364,15527,493,19261.89
CAMP_01273,2022-09-21 02:27:11.846369276,Twitter,Video,35-44,Travel,30,Mobile,Europe,Q3,56.19620403201338,4490.3,351121,11719,592,15274.06
CAMP_01274,2022-09-21 07:25:02.940588120,Google,Search,18-24,Healthcare,30,Mobile,North America,Q3,79.07422510819144,12152.28,1221385,46839,2196,49554.06
CAMP_01275,2022-09-21 12:22:54.034806964,Instagram,Search,18-24,Entertainment,30,Mobile,Asia,Q3,67.71378329722998,3685.91,370416,11980,1037,11851.79
CAMP_01276,2022-09-21 17:20:45.129025808,Google,Search,25-34,Retail,7,Mobile,Other,Q3,69.68703402945572,2094.84,263113,11067,713,26883.89
CAMP_01277,2022-09-21 22:18:36.223244648,Google,Display,25-34,Technology,30,Desktop,North America,Q3,50.36178067238076,7180.8,945599,17032,1376,54644.94
CAMP_01278,2022-09-22 03:16:27.317463492,TikTok,Display,35-44,Healthcare,30,Tablet,Asia,Q3,60.03303434264872,206132.17,20296987,505045,20224,1141774.24
CAMP_01279,2022-09-22 08:14:18.411682336,Google,Social,45-54,Retail,14,Desktop,Latin America,Q3,78.87369939607777,23554.58,3048527,90487,9906,411697.96
CAMP_01280,2022-09-22 13:12:09.505901180,Instagram,Display,45-54,Healthcare,14,Mobile,Other,Q3,58.70240534059447,2133.67,238161,5207,304,22639.93
CAMP_01281,2022-09-22 18:10:00.600120024,Instagram,Social,25-34,Technology,14,Tablet,North America,Q3,63.49339111463148,262316.88,25343620,806631,38497,675849.48
CAMP_01282,2022-09-22 23:07:51.694338868,LinkedIn,Search,25-34,Entertainment,30,Mobile,Asia,Q3,29.280854031158682,11455.46,1117166,27250,1165,20342.41
CAMP_01283,2022-09-23 04:05:42.788557712,Instagram,Social,55+,Education,30,Mobile,North America,Q3,58.62919927345569,18135.78,1998447,30570,2397,85120.58
CAMP_01284,2022-09-23 09:03:33.882776556,Google,Social,18-24,Finance,60,Mobile,Europe,Q3,19.76000063787781,7786.12,973044,11680,291,8162.71
CAMP_01285,2022-09-23 14:01:24.976995400,Facebook,Display,45-54,Retail,14,Mobile,Asia,Q3,49.677102612834865,127927.1,16504821,218434,10696,759488.91
CAMP_01286,2022-09-23 18:59:16.071214244,Instagram,Search,25-34,Healthcare,60,Desktop,Asia,Q3,61.270311154537985,4576.23,534673,12998,815,136991.96
CAMP_01287,2022-09-23 23:57:07.165433088,Google,Social,55+,Travel,30,Mobile,North America,Q3,75.3406158896914,16054.14,1764134,36594,3050,113126.14
CAMP_01288,2022-09-24 04:54:58.259651932,Facebook,Search,25-34,Healthcare,14,Desktop,Asia,Q3,40.01680113096048,3320.71,307930,6081,222,14640.23
CAMP_01289,2022-09-24 09:52:49.353870776,Google,Native,25-34,Retail,7,Mobile,Europe,Q3,67.47368286940204,31328.23,3730618,80867,5085,82656.14
CAMP_01290,2022-09-24 14:50:40.448089620,Google,Search,45-54,Retail,14,Desktop,North America,Q3,89.36986808724257,2594.35,344151,10912,1318,95116.51
CAMP_01291,2022-09-24 19:48:31.542308464,Facebook,Video,35-44,Technology,90,Desktop,Europe,Q3,47.18512268568755,1348.05,146818,3151,235,15694.24
CAMP_01292,2022-09-25 00:46:22.636527308,Google,Display,25-34,Retail,14,Mobile,Latin America,Q3,29.058941565546853,1972.58,247209,4997,247,22938.94
CAMP_01293,2022-09-25 05:44:13.730746152,Instagram,Native,35-44,Education,14,Desktop,Other,Q3,65.79679914114178,3239.14,285027,5170,156,6856.83
CAMP_01294,2022-09-25 10:42:04.824964996,LinkedIn,Display,45-54,Education,7,Desktop,Asia,Q3,36.16005986927414,226.39,23173,329,15,713.41
CAMP_01295,2022-09-25 15:39:55.919183836,Twitter,Social,18-24,Technology,60,Desktop,North America,Q3,43.62002853052961,2868.99,270591,5479,166,4121.34
CAMP_01296,2022-09-25 20:37:47.013402680,Google,Social,18-24,Technology,14,Desktop,North America,Q3,78.46673883404972,5873.56,688754,18364,1145,53181.7
CAMP_01297,2022-09-26 01:35:38.107621524,Google,Display,35-44,Technology,14,Desktop,North America,Q3,97.53798550753362,1663.62,161104,5889,444,33642.06
CAMP_01298,2022-09-26 06:33:29.201840368,Google,Video,18-24,Travel,14,Mobile,North America,Q3,39.986197673170295,7094.18,781515,11264,889,18564.68
CAMP_01299,2022-09-26 11:31:20.296059212,Instagram,Social,35-44,Finance,14,Desktop,North America,Q3,45.25160519969173,16920.38,1500796,24305,1280,74502.49
CAMP_01300,2022-09-26 16:29:11.390278056,LinkedIn,Display,25-34,Entertainment,14,Mobile,North America,Q3,51.202620751823616,225694.9,17719038,338534,16132,218619.49
CAMP_01301,2022-09-26 21:27:02.484496900,Google,Social,25-34,Finance,30,Mobile,North America,Q3,49.043838929491464,70927.93,7426521,149651,6749,311731.95
CAMP_01302,2022-09-27 02:24:53.578715744,TikTok,Search,25-34,Healthcare,60,Desktop,Latin America,Q3,98.66585027624069,23086.37,2220024,116832,7189,381106.18
CAMP_01303,2022-09-27 07:22:44.672934588,Google,Search,35-44,Finance,60,Mobile,Europe,Q3,49.38864340624427,1335.25,130442,4075,292,53953.71
CAMP_01304,2022-09-27 12:20:35.767153432,Instagram,Social,18-24,Technology,30,Mobile,Asia,Q3,52.24496170947742,28555.42,3356893,49873,2603,67952.77
CAMP_01305,2022-09-27 17:18:26.861372276,LinkedIn,Display,18-24,Healthcare,7,Mobile,North America,Q3,92.3235494634965,18745.84,1899400,37458,3128,80662.35
CAMP_01306,2022-09-27 22:16:17.955591120,Twitter,Search,18-24,Healthcare,30,Mobile,Europe,Q3,71.53352623078602,14374.05,997201,35318,1591,26942.82
CAMP_01307,2022-09-28 03:14:09.049809964,LinkedIn,Display,55+,Technology,7,Mobile,North America,Q3,79.71798465898489,4503.51,327100,7924,265,17049.64
CAMP_01308,2022-09-28 08:12:00.144028808,Twitter,Display,18-24,Retail,7,Tablet,Europe,Q3,41.87774253955217,12114.25,1092949,15986,652,9225.93
CAMP_01309,2022-09-28 13:09:51.238247652,Facebook,Search,45-54,Technology,60,Mobile,Europe,Q3,49.396406336485285,1827.58,191233,4271,175,7035.08
CAMP_01310,2022-09-28 18:07:42.332466496,Twitter,Social,18-24,Finance,60,Desktop,Europe,Q3,39.20563284642079,1620.39,128969,1665,76,1664.19
CAMP_01311,2022-09-28 23:05:33.426685340,Google,Display,18-24,Healthcare,30,Mobile,Asia,Q3,76.02523092071631,14152.07,1986437,29243,1137,79047.16
CAMP_01312,2022-09-29 04:03:24.520904180,Twitter,Search,35-44,Travel,60,Desktop,Latin America,Q3,84.50486415566887,3149.95,298844,13223,763,15961.28
CAMP_01313,2022-09-29 09:01:15.615123024,Instagram,Search,35-44,Retail,90,Tablet,Europe,Q3,48.00451261636974,1525.9,135647,3201,183,9282.89
CAMP_01314,2022-09-29 13:59:06.709341868,Twitter,Display,55+,Technology,30,Mobile,North America,Q3,52.715173541914474,47246.75,3120334,33359,982,30117.86
CAMP_01315,2022-09-29 18:56:57.803560712,Facebook,Display,55+,Retail,30,Desktop,Latin America,Q3,53.59019869922684,10763.63,1284164,17393,1053,45249.34
CAMP_01316,2022-09-29 23:54:48.897779556,Instagram,Native,45-54,Finance,30,Tablet,Asia,Q3,29.055520134436485,4747.47,542647,8936,213,12279.18
CAMP_01317,2022-09-30 04:52:39.991998400,Instagram,Social,35-44,Finance,14,Desktop,Europe,Q3,46.52355844480692,134163.46,11660523,255114,13764,202088.83
CAMP_01318,2022-09-30 09:50:31.086217244,LinkedIn,Search,35-44,Entertainment,7,Mobile,Asia,Q3,75.46532429527203,4080.86,348881,15799,639,5815.63
CAMP_01319,2022-09-30 14:48:22.180436088,Google,Search,25-34,Technology,30,Desktop,North America,Q3,42.491629911098116,4804.75,549552,12351,495,19209.79
CAMP_01320,2022-09-30 19:46:13.274654932,Google,Video,55+,Healthcare,14,Desktop,North America,Q3,61.859637244099765,11550.68,1226356,22600,1821,95212.68
CAMP_01321,2022-10-01 00:44:04.368873776,Google,Search,35-44,Education,7,Mobile,North America,Q4,33.83962051071687,2528.53,342451,10328,463,31873.33
CAMP_01322,2022-10-01 05:41:55.463092620,Google,Search,35-44,Travel,14,Mobile,North America,Q4,57.119981777422645,933.08,127308,4834,360,33677.87
CAMP_01323,2022-10-01 10:39:46.557311464,Twitter,Search,25-34,Travel,14,Mobile,Europe,Q4,48.733576908279844,851540.14,72694273,2069797,113987,1138098.51
CAMP_01324,2022-10-01 15:37:37.651530308,Google,Display,18-24,Entertainment,90,Mobile,North America,Q4,35.56657032432466,16585.57,2271078,39800,1290,57286.72
CAMP_01325,2022-10-01 20:35:28.745749152,TikTok,Video,55+,Travel,30,Desktop,Latin America,Q4,75.80772192310224,8101.18,785407,17340,1682,62133.71
CAMP_01326,2022-10-02 01:33:19.839967996,Facebook,Display,25-34,Technology,30,Mobile,Europe,Q4,76.93254722402037,435867.04,51561771,1808151,87904,6858706.13
CAMP_01327,2022-10-02 06:31:10.934186840,Google,Native,25-34,Retail,90,Mobile,North America,Q4,40.6092257552805,10164.72,995236,25035,2109,131116.68
CAMP_01328,2022-10-02 11:29:02.028405684,Twitter,Search,18-24,Retail,60,Desktop,North America,Q4,55.676330716125456,9178.25,602656,15252,702,34718.52
CAMP_01329,2022-10-02 16:26:53.122624524,LinkedIn,Search,45-54,Entertainment,30,Mobile,Europe,Q4,60.886373661448985,728.48,68173,1473,44,2494.92
CAMP_01330,2022-10-02 21:24:44.216843368,Instagram,Video,18-24,Travel,60,Mobile,North America,Q4,23.70476425744301,24696.61,2788380,41909,2535,196430.58
CAMP_01331,2022-10-03 02:22:35.311062212,Instagram,Video,45-54,Retail,14,Mobile,Asia,Q4,32.058145472119364,10509.58,865452,15194,508,11835.16
CAMP_01332,2022-10-03 07:20:26.405281056,LinkedIn,Social,18-24,Healthcare,14,Mobile,Asia,Q4,85.72568872733562,24469.57,2186226,43977,2197,23814.11
CAMP_01333,2022-10-03 12:18:17.499499900,Google,Search,45-54,Entertainment,14,Mobile,Europe,Q4,38.697462069948585,1851.36,239768,6038,218,12996.35
CAMP_01334,2022-10-03 17:16:08.593718744,TikTok,Search,45-54,Travel,30,Mobile,North America,Q4,85.16366216503391,42226.27,4682861,154823,11985,754086.0
CAMP_01335,2022-10-03 22:13:59.687937588,TikTok,Display,25-34,Healthcare,30,Mobile,Asia,Q4,33.09172651233338,8037.52,670054,13933,412,21125.78
CAMP_01336,2022-10-04 03:11:50.782156432,LinkedIn,Social,35-44,Travel,30,Desktop,North America,Q4,73.17655554280806,27550.38,2669819,82464,3804,76994.37
CAMP_01337,2022-10-04 08:09:41.876375276,Google,Display,25-34,Technology,30,Desktop,North America,Q4,53.77393784979329,12306.57,1718981,39904,3266,50919.71
CAMP_01338,2022-10-04 13:07:32.970594120,LinkedIn,Display,25-34,Technology,7,Mobile,Europe,Q4,56.584674616912665,2895.96,279538,5888,486,13624.18
CAMP_01339,2022-10-04 18:05:24.064812964,Google,Search,45-54,Healthcare,7,Desktop,Latin America,Q4,97.11871827067928,47.39,5460,185,12,596.36
CAMP_01340,2022-10-04 23:03:15.159031808,Google,Display,25-34,Finance,30,Desktop,North America,Q4,34.91626731362636,24398.07,3013207,56811,3735,242281.99
CAMP_01341,2022-10-05 04:01:06.253250652,Facebook,Display,25-34,Retail,7,Mobile,Latin America,Q4,71.89596392522142,14867.28,1468271,40719,3052,537480.51
CAMP_01342,2022-10-05 08:58:57.347469496,Facebook,Search,25-34,Entertainment,30,Tablet,North America,Q4,71.06979327115644,629.62,63015,2980,185,8629.74
CAMP_01343,2022-10-05 13:56:48.441688340,Twitter,Search,25-34,Entertainment,30,Tablet,North America,Q4,100.0,2142.44,144745,6522,406,7701.18
CAMP_01344,2022-10-05 18:54:39.535907184,LinkedIn,Social,45-54,Entertainment,30,Mobile,Asia,Q4,38.45738359536228,1392.61,146090,2609,140,16866.78
CAMP_01345,2022-10-05 23:52:30.630126028,LinkedIn,Search,25-34,Technology,14,Mobile,North America,Q4,47.48030412993127,21706.82,2254972,74246,4955,49891.85
CAMP_01346,2022-10-06 04:50:21.724344872,Facebook,Video,55+,Finance,30,Mobile,North America,Q4,76.31844571665108,5964.54,709408,12715,1253,133193.43
CAMP_01347,2022-10-06 09:48:12.818563712,Facebook,Display,55+,Technology,60,Mobile,North America,Q4,55.99472281596274,357.92,42426,656,66,4394.49
CAMP_01348,2022-10-06 14:46:03.912782556,Facebook,Native,18-24,Retail,90,Tablet,North America,Q4,50.73898086536501,11120.56,1387590,20369,1698,35508.56
CAMP_01349,2022-10-06 19:43:55.007001400,TikTok,Search,25-34,Healthcare,60,Tablet,North America,Q4,79.15022976646331,310.72,31783,978,45,1984.82
CAMP_01350,2022-10-07 00:41:46.101220244,Google,Social,45-54,Retail,30,Mobile,Asia,Q4,54.668631273925584,7636.01,1035147,22782,2408,149494.51
CAMP_01351,2022-10-07 05:39:37.195439088,Twitter,Video,25-34,Retail,7,Desktop,Asia,Q4,42.16281859237165,55113.79,5270907,125786,4837,86583.71
CAMP_01352,2022-10-07 10:37:28.289657932,Instagram,Search,18-24,Entertainment,30,Desktop,Other,Q4,74.52420309523963,30273.33,2466705,69443,3876,306304.12
CAMP_01353,2022-10-07 15:35:19.383876776,Facebook,Video,25-34,Retail,60,Mobile,Asia,Q4,67.50576016055722,58474.69,5790028,158430,9131,259415.01
CAMP_01354,2022-10-07 20:33:10.478095620,LinkedIn,Search,35-44,Travel,14,Desktop,Asia,Q4,53.743068087880474,1920.13,187905,6178,318,15282.41
CAMP_01355,2022-10-08 01:31:01.572314464,Instagram,Native,45-54,Finance,14,Tablet,Asia,Q4,52.79396962479957,51475.93,5351177,100477,8565,301142.92
CAMP_01356,2022-10-08 06:28:52.666533308,Twitter,Native,18-24,Travel,7,Mobile,Latin America,Q4,41.701867901188734,9689.71,795427,10913,719,7834.54
CAMP_01357,2022-10-08 11:26:43.760752152,TikTok,Search,18-24,Retail,30,Mobile,North America,Q4,74.50193710230684,9858.4,955300,35915,2803,66466.32
CAMP_01358,2022-10-08 16:24:34.854970996,Facebook,Search,55+,Healthcare,14,Mobile,North America,Q4,52.797843654912505,1146.64,106295,2411,223,10056.03
CAMP_01359,2022-10-08 21:22:25.949189840,Facebook,Native,45-54,Technology,7,Mobile,Asia,Q4,44.603081928526606,1835.73,173004,3559,229,12387.11
CAMP_01360,2022-10-09 02:20:17.043408684,Instagram,Search,35-44,Education,60,Mobile,North America,Q4,34.288896656162905,333852.42,29929561,690313,39186,2446368.5
CAMP_01361,2022-10-09 07:18:08.137627528,TikTok,Video,45-54,Technology,30,Mobile,Latin America,Q4,67.84308715817671,44343.63,4797758,123974,5791,216248.08
CAMP_01362,2022-10-09 12:15:59.231846372,Google,Search,25-34,Technology,14,Mobile,Europe,Q4,49.82834042174005,8943.96,1113900,26518,2156,86395.1
CAMP_01363,2022-10-09 17:13:50.326065216,Instagram,Display,45-54,Education,14,Desktop,North America,Q4,19.746493720218574,7526.16,806214,10897,275,8970.81
CAMP_01364,2022-10-09 22:11:41.420284056,Instagram,Search,25-34,Technology,14,Mobile,Asia,Q4,35.93462420711907,13692.32,1532958,43755,1843,112801.77
CAMP_01365,2022-10-10 03:09:32.514502900,LinkedIn,Search,25-34,Retail,14,Mobile,North America,Q4,55.32806128682035,153466.06,11924230,459330,21433,347746.76
CAMP_01366,2022-10-10 08:07:23.608721744,Google,Search,45-54,Finance,14,Desktop,Other,Q4,55.889246701656646,19430.1,2165060,64930,3832,258825.49
CAMP_01367,2022-10-10 13:05:14.702940588,LinkedIn,Display,25-34,Entertainment,30,Desktop,Other,Q4,55.12915499258699,5337.7,390844,9280,442,22944.2
CAMP_01368,2022-10-10 18:03:05.797159432,TikTok,Display,55+,Technology,30,Mobile,Asia,Q4,52.34487776864877,35511.76,3644404,38485,2849,132536.81
CAMP_01369,2022-10-10 23:00:56.891378276,Google,Search,25-34,Finance,30,Mobile,North America,Q4,30.482925545271776,2980.39,387742,11352,583,19632.91
CAMP_01370,2022-10-11 03:58:47.985597120,Google,Social,55+,Retail,14,Desktop,North America,Q4,42.50902951701897,631.34,85822,1353,114,3561.95
CAMP_01371,2022-10-11 08:56:39.079815964,TikTok,Search,55+,Healthcare,30,Mobile,Europe,Q4,83.67553972968203,436.08,38655,889,85,14788.08
CAMP_01372,2022-10-11 13:54:30.174034808,Google,Display,25-34,Entertainment,60,Mobile,Latin America,Q4,80.72456253706132,1415.27,147756,5373,752,71422.68
CAMP_01373,2022-10-11 18:52:21.268253652,Twitter,Native,45-54,Finance,7,Mobile,North America,Q4,71.55903564688103,13340.74,888274,16351,1386,73036.17
CAMP_01374,2022-10-11 23:50:12.362472496,Instagram,Native,25-34,Finance,7,Mobile,North America,Q4,69.79005208081337,1243.03,125059,4235,186,6437.22
CAMP_01375,2022-10-12 04:48:03.456691340,Google,Display,55+,Retail,30,Mobile,North America,Q4,78.09511816130983,14800.81,2103093,47281,6052,496175.14
CAMP_01376,2022-10-12 09:45:54.550910184,Twitter,Video,35-44,Technology,30,Mobile,Europe,Q4,37.58410525015799,29537.11,2606005,44021,2125,120465.28
CAMP_01377,2022-10-12 14:43:45.645129028,Facebook,Social,45-54,Retail,14,Desktop,Latin America,Q4,60.658567335138976,1399.48,180769,2909,206,7290.3
CAMP_01378,2022-10-12 19:41:36.739347872,Instagram,Social,35-44,Finance,30,Desktop,North America,Q4,37.594656987060795,4770.27,482529,10416,794,16678.66
CAMP_01379,2022-10-13 00:39:27.833566716,Facebook,Native,25-34,Finance,30,Tablet,North America,Q4,37.941710604694535,146.94,15586,274,16,374.26
CAMP_01380,2022-10-13 05:37:18.927785560,Instagram,Social,25-34,Travel,60,Mobile,Asia,Q4,67.36129875493883,12535.67,1110803,34494,1350,43216.11
CAMP_01381,2022-10-13 10:35:10.022004400,Google,Search,25-34,Retail,7,Mobile,Asia,Q4,78.9350087827175,1449.04,163422,7919,1063,64713.09
CAMP_01382,2022-10-13 15:33:01.116223244,Facebook,Search,45-54,Healthcare,30,Desktop,Asia,Q4,56.12301731154924,607.54,55347,1722,130,11406.23
CAMP_01383,2022-10-13 20:30:52.210442088,TikTok,Video,35-44,Finance,7,Mobile,Asia,Q4,92.98000864419004,3764.66,380337,16543,1702,61900.74
CAMP_01384,2022-10-14 01:28:43.304660932,Facebook,Display,35-44,Finance,30,Mobile,North America,Q4,64.23568654091073,4046.39,424887,10194,660,37896.48
CAMP_01385,2022-10-14 06:26:34.398879776,LinkedIn,Search,25-34,Education,30,Mobile,North America,Q4,44.46428935166977,6737.54,490494,12497,645,6782.48
CAMP_01386,2022-10-14 11:24:25.493098620,Facebook,Search,35-44,Technology,14,Mobile,Other,Q4,38.265428962526556,7773.58,760401,14547,1227,14892.11
CAMP_01387,2022-10-14 16:22:16.587317464,Twitter,Search,18-24,Retail,60,Mobile,Other,Q4,80.36262968369432,1385.31,113783,2743,254,11362.71
CAMP_01388,2022-10-14 21:20:07.681536308,Google,Social,45-54,Entertainment,7,Mobile,Europe,Q4,62.5691823147963,23388.57,3039245,65382,7748,248829.44
CAMP_01389,2022-10-15 02:17:58.775755152,TikTok,Display,55+,Technology,30,Tablet,Asia,Q4,73.52094756338964,5773.25,564301,8502,690,47249.16
CAMP_01390,2022-10-15 07:15:49.869973996,Facebook,Search,25-34,Retail,14,Mobile,Other,Q4,6.840734790935166,5183.66,583540,11109,440,6988.65
CAMP_01391,2022-10-15 12:13:40.964192840,Google,Video,18-24,Technology,30,Tablet,Europe,Q4,64.89344068693876,10644.74,1414284,30891,2177,68987.32
CAMP_01392,2022-10-15 17:11:32.058411684,Google,Search,25-34,Technology,7,Desktop,North America,Q4,49.76451623007526,4513.86,630920,17224,1420,19660.17
CAMP_01393,2022-10-15 22:09:23.152630528,Google,Social,35-44,Healthcare,60,Mobile,Asia,Q4,32.12480928166271,7328.9,948424,14676,435,8513.38
CAMP_01394,2022-10-16 03:07:14.246849372,Instagram,Search,35-44,Retail,60,Desktop,Other,Q4,58.74635314103149,6121.01,543402,15209,623,17390.68
CAMP_01395,2022-10-16 08:05:05.341068216,Facebook,Native,45-54,Finance,60,Desktop,Asia,Q4,81.83627067308912,38147.82,4864381,91721,5703,423756.41
CAMP_01396,2022-10-16 13:02:56.435287060,Twitter,Display,25-34,Finance,7,Mobile,Asia,Q4,100.0,100719.26,7065191,175035,17092,970520.4
CAMP_01397,2022-10-16 18:00:47.529505904,Facebook,Search,45-54,Finance,30,Mobile,Europe,Q4,64.8430481464502,5469.17,671101,18925,818,18489.27
CAMP_01398,2022-10-16 22:58:38.623724748,Google,Display,35-44,Travel,7,Mobile,North America,Q4,45.817068200769555,46947.52,6595995,118961,4776,403340.27
CAMP_01399,2022-10-17 03:56:29.717943588,Instagram,Search,25-34,Retail,60,Desktop,North America,Q4,44.609948869630664,29013.12,2520992,72996,5711,546209.05
CAMP_01400,2022-10-17 08:54:20.812162432,LinkedIn,Social,35-44,Travel,30,Mobile,Other,Q4,79.26264724130398,4270.82,447388,13459,1142,47948.67
CAMP_01401,2022-10-17 13:52:11.906381276,Google,Search,18-24,Healthcare,30,Mobile,Europe,Q4,40.06251761694216,14878.36,1917987,32001,2986,99590.46
CAMP_01402,2022-10-17 18:50:03.000600120,Google,Social,35-44,Entertainment,30,Mobile,North America,Q4,72.44854759055525,36768.26,4553371,113570,11618,184060.46
CAMP_01403,2022-10-17 23:47:54.094818964,Google,Display,45-54,Finance,7,Mobile,Other,Q4,65.87362379919236,1154.65,125740,2727,303,5427.95
CAMP_01404,2022-10-18 04:45:45.189037808,LinkedIn,Social,25-34,Finance,30,Mobile,Europe,Q4,63.66202783765759,112.95,10703,336,29,1907.78
CAMP_01405,2022-10-18 09:43:36.283256652,LinkedIn,Video,45-54,Education,14,Mobile,Asia,Q4,28.637628202384153,745.44,79508,1159,60,2167.36
CAMP_01406,2022-10-18 14:41:27.377475496,Instagram,Social,35-44,Education,90,Desktop,Europe,Q4,52.860835955473505,6895.2,741919,17519,748,56070.93
CAMP_01407,2022-10-18 19:39:18.471694340,Twitter,Display,25-34,Technology,60,Desktop,North America,Q4,30.836844172847748,11127.02,864512,14911,679,39727.6
CAMP_01408,2022-10-19 00:37:09.565913184,Twitter,Display,35-44,Retail,30,Desktop,Europe,Q4,48.23505197366469,8044.23,721090,17159,897,41332.38
CAMP_01409,2022-10-19 05:35:00.660132028,Instagram,Search,35-44,Finance,60,Desktop,Other,Q4,78.34277323041024,25516.95,2490167,91435,4714,120083.01
CAMP_01410,2022-10-19 10:32:51.754350872,Twitter,Native,25-34,Travel,14,Desktop,North America,Q4,84.62115806711131,8355.81,588627,13743,846,41863.24
CAMP_01411,2022-10-19 15:30:42.848569716,Google,Video,18-24,Technology,60,Desktop,Asia,Q4,64.2789729898177,42346.83,4463616,84635,9095,194533.08
CAMP_01412,2022-10-19 20:28:33.942788560,Google,Display,25-34,Entertainment,14,Mobile,North America,Q4,48.593189751320295,1916.52,272428,4678,215,4307.15
CAMP_01413,2022-10-20 01:26:25.037007404,Facebook,Social,18-24,Entertainment,30,Tablet,North America,Q4,91.76198664720836,11211.25,1071193,20961,2706,62512.78
CAMP_01414,2022-10-20 06:24:16.131226248,Google,Display,18-24,Entertainment,30,Mobile,North America,Q4,48.328187324876396,5867.94,727112,8396,551,50911.34
CAMP_01415,2022-10-20 11:22:07.225445092,Instagram,Display,25-34,Healthcare,7,Mobile,Latin America,Q4,37.286270163819914,44155.21,3766792,68188,2582,101230.49
CAMP_01416,2022-10-20 16:19:58.319663932,TikTok,Search,25-34,Finance,14,Mobile,Europe,Q4,73.92965935833567,2670.28,302360,14619,1117,51982.54
CAMP_01417,2022-10-20 21:17:49.413882776,Google,Display,55+,Travel,7,Mobile,Europe,Q4,69.15468085139413,3519.91,379129,4913,615,15134.37
CAMP_01418,2022-10-21 02:15:40.508101620,Google,Native,25-34,Healthcare,90,Desktop,Asia,Q4,49.148481781483184,7184.83,1024978,23392,2100,119196.63
CAMP_01419,2022-10-21 07:13:31.602320464,Facebook,Social,45-54,Entertainment,7,Mobile,North America,Q4,62.004504591391346,24810.12,2626301,68994,5108,128802.45
CAMP_01420,2022-10-21 12:11:22.696539308,TikTok,Search,35-44,Technology,30,Desktop,North America,Q4,68.84319977703547,584167.37,63520609,1981328,131814,9070362.19
CAMP_01421,2022-10-21 17:09:13.790758152,Facebook,Native,45-54,Entertainment,30,Mobile,North America,Q4,64.07357682103633,6111.39,740207,12220,487,10276.05
CAMP_01422,2022-10-21 22:07:04.884976996,Instagram,Search,25-34,Technology,14,Mobile,Asia,Q4,69.17877909929162,12209.95,1052391,41634,3920,70534.35
CAMP_01423,2022-10-22 03:04:55.979195840,Google,Video,55+,Technology,14,Mobile,Europe,Q4,49.88570276880051,10947.76,1534946,29053,1113,97785.38
CAMP_01424,2022-10-22 08:02:47.073414684,Google,Display,35-44,Entertainment,30,Desktop,Latin America,Q4,70.52490088479198,2325.7,259275,5495,357,11419.43
CAMP_01425,2022-10-22 13:00:38.167633528,TikTok,Search,45-54,Finance,7,Desktop,Europe,Q4,60.35115675166564,29520.24,2693113,87586,3297,163509.42
CAMP_01426,2022-10-22 17:58:29.261852372,TikTok,Display,25-34,Entertainment,30,Mobile,North America,Q4,50.563789569272934,59708.09,5967414,95765,6137,256587.09
CAMP_01427,2022-10-22 22:56:20.356071216,Google,Native,18-24,Technology,14,Mobile,Asia,Q4,55.082304755334505,503.49,58553,1122,67,3605.51
CAMP_01428,2022-10-23 03:54:11.450290060,TikTok,Social,35-44,Healthcare,14,Tablet,North America,Q4,58.04196328151164,925.79,91198,2255,191,2477.39
CAMP_01429,2022-10-23 08:52:02.544508904,Instagram,Display,18-24,Finance,30,Mobile,Latin America,Q4,31.09243325877442,412.97,39002,653,30,2330.88
CAMP_01430,2022-10-23 13:49:53.638727748,Twitter,Search,35-44,Healthcare,14,Mobile,North America,Q4,47.26681506860143,80737.56,5557328,113282,4303,232412.57
CAMP_01431,2022-10-23 18:47:44.732946592,Facebook,Social,25-34,Technology,60,Mobile,North America,Q4,61.298110311855716,40718.46,3834932,108290,5205,195664.11
CAMP_01432,2022-10-23 23:45:35.827165436,Instagram,Native,35-44,Entertainment,60,Mobile,Europe,Q4,32.98017929222296,27466.83,2871888,37246,1119,61017.1
CAMP_01433,2022-10-24 04:43:26.921384276,Instagram,Social,55+,Education,14,Mobile,North America,Q4,47.60152676370839,2043.07,235858,2695,192,10486.31
CAMP_01434,2022-10-24 09:41:18.015603120,LinkedIn,Search,35-44,Technology,14,Mobile,North America,Q4,100.0,4338.46,416021,21105,1530,236372.25
CAMP_01435,2022-10-24 14:39:09.109821964,Google,Social,45-54,Technology,14,Desktop,Europe,Q4,37.414832703576124,46992.02,6261558,109359,10320,727625.93
CAMP_01436,2022-10-24 19:37:00.204040808,Google,Search,35-44,Entertainment,14,Desktop,North America,Q4,52.32372174699141,6104.3,782269,23140,1850,111028.7
CAMP_01437,2022-10-25 00:34:51.298259652,Facebook,Search,35-44,Entertainment,30,Desktop,North America,Q4,43.32565442942538,159808.48,14312830,292446,11265,880097.2
CAMP_01438,2022-10-25 05:32:42.392478496,LinkedIn,Video,55+,Entertainment,60,Mobile,North America,Q4,57.66259992093326,3238.64,308184,7495,235,6766.75
CAMP_01439,2022-10-25 10:30:33.486697340,Google,Video,45-54,Entertainment,14,Desktop,Europe,Q4,43.701633137300405,4105.2,461187,11151,846,22125.53
CAMP_01440,2022-10-25 15:28:24.580916184,LinkedIn,Search,45-54,Finance,7,Desktop,North America,Q4,55.13513753415134,3633.0,275903,5957,462,32331.38
CAMP_01441,2022-10-25 20:26:15.675135028,TikTok,Display,25-34,Finance,14,Tablet,North America,Q4,45.629059297002144,6650.49,587130,12740,769,43446.43
CAMP_01442,2022-10-26 01:24:06.769353872,Google,Video,35-44,Technology,7,Mobile,Europe,Q4,81.1025563273965,48878.27,6332222,151141,11206,689874.36
CAMP_01443,2022-10-26 06:21:57.863572716,LinkedIn,Social,25-34,Retail,30,Mobile,Asia,Q4,61.63274075439094,31011.1,2510829,63604,2976,163329.39
CAMP_01444,2022-10-26 11:19:48.957791560,Facebook,Video,25-34,Entertainment,30,Desktop,Asia,Q4,39.9405468607356,4202.04,454870,13602,1152,91795.4
CAMP_01445,2022-10-26 16:17:40.052010404,Twitter,Search,35-44,Retail,14,Tablet,North America,Q4,76.81593047665386,28149.81,2180626,68340,2330,34579.84
CAMP_01446,2022-10-26 21:15:31.146229248,Google,Search,45-54,Travel,14,Tablet,North America,Q4,40.83466767939774,68249.2,7896211,156792,9789,799705.34
CAMP_01447,2022-10-27 02:13:22.240448092,LinkedIn,Native,45-54,Education,60,Desktop,Europe,Q4,28.718396221766977,10953.72,946686,14350,461,9368.29
CAMP_01448,2022-10-27 07:11:13.334666936,Twitter,Search,25-34,Education,7,Mobile,Latin America,Q4,59.939150251343854,8751.35,731049,29581,1709,193755.53
CAMP_01449,2022-10-27 12:09:04.428885780,TikTok,Video,18-24,Travel,60,Mobile,Europe,Q4,98.14528848679959,2950.42,306856,11045,1386,15486.19
CAMP_01450,2022-10-27 17:06:55.523104624,LinkedIn,Search,45-54,Finance,14,Tablet,North America,Q4,23.44671742168225,19232.6,1674906,35059,1934,128230.53
CAMP_01451,2022-10-27 22:04:46.617323464,Instagram,Social,25-34,Education,60,Mobile,North America,Q4,33.38024156861806,56151.71,4497491,82641,5816,248659.9
CAMP_01452,2022-10-28 03:02:37.711542308,Instagram,Native,35-44,Retail,30,Mobile,Latin America,Q4,75.05051326321689,43273.6,3642343,80705,6387,106706.74
CAMP_01453,2022-10-28 08:00:28.805761152,Twitter,Search,18-24,Retail,7,Tablet,Asia,Q4,47.15357200776079,15430.99,1132832,20649,653,26570.36
CAMP_01454,2022-10-28 12:58:19.899979996,Instagram,Display,25-34,Entertainment,60,Mobile,North America,Q4,72.23897134493086,1922.07,223294,6001,524,31409.72
CAMP_01455,2022-10-28 17:56:10.994198840,Google,Native,55+,Retail,30,Desktop,North America,Q4,43.25022186116106,1376.48,176368,2067,151,10606.46
CAMP_01456,2022-10-28 22:54:02.088417684,TikTok,Display,18-24,Travel,7,Desktop,Latin America,Q4,62.839243548183525,20511.36,2267574,52589,4431,47789.98
CAMP_01457,2022-10-29 03:51:53.182636528,LinkedIn,Search,25-34,Entertainment,7,Mobile,North America,Q4,94.88947850770977,4555.36,364859,15323,1639,81750.45
CAMP_01458,2022-10-29 08:49:44.276855372,LinkedIn,Search,25-34,Entertainment,30,Mobile,Europe,Q4,36.10820705956258,6823.71,580433,16556,1012,68544.96
CAMP_01459,2022-10-29 13:47:35.371074216,Google,Video,55+,Technology,30,Mobile,Asia,Q4,80.47521620274608,8630.22,1236609,30267,2999,108867.87
CAMP_01460,2022-10-29 18:45:26.465293060,LinkedIn,Display,45-54,Entertainment,30,Desktop,North America,Q4,73.59413593264173,4042.51,298907,5656,255,15986.59
CAMP_01461,2022-10-29 23:43:17.559511904,Facebook,Display,25-34,Retail,30,Mobile,North America,Q4,30.215114978021823,31762.56,3091040,43903,2946,47103.69
CAMP_01462,2022-10-30 04:41:08.653730748,LinkedIn,Search,18-24,Education,30,Mobile,North America,Q4,71.17801047483546,3862.42,378206,13874,967,31420.79
CAMP_01463,2022-10-30 09:38:59.747949592,Google,Native,35-44,Retail,30,Tablet,Latin America,Q4,61.456122577252124,60340.22,8359771,242504,26491,1318923.29
CAMP_01464,2022-10-30 14:36:50.842168436,LinkedIn,Display,25-34,Entertainment,30,Mobile,Europe,Q4,61.82188019827459,35668.94,3440447,91403,3962,87629.65
CAMP_01465,2022-10-30 19:34:41.936387280,TikTok,Social,35-44,Technology,14,Mobile,Asia,Q4,66.73035132903405,5178.93,552105,13133,1104,66558.97
CAMP_01466,2022-10-31 00:32:33.030606124,Google,Video,18-24,Retail,60,Mobile,Europe,Q4,52.9926831116839,22266.35,2329450,47241,2149,173940.07
CAMP_01467,2022-10-31 05:30:24.124824968,TikTok,Search,18-24,Finance,7,Mobile,Latin America,Q4,61.40197917884795,47792.11,4812853,92279,4837,101486.66
CAMP_01468,2022-10-31 10:28:15.219043808,Facebook,Video,35-44,Retail,14,Tablet,Latin America,Q4,64.82904850080577,7789.94,919245,27611,1469,107974.92
CAMP_01469,2022-10-31 15:26:06.313262652,Twitter,Native,25-34,Entertainment,30,Mobile,Europe,Q4,74.92115877771057,1060.92,91704,1939,154,9552.32
CAMP_01470,2022-10-31 20:23:57.407481496,Twitter,Social,45-54,Technology,14,Mobile,North America,Q4,29.456779332438376,2963.6,230690,3936,203,1938.92
CAMP_01471,2022-11-01 01:21:48.501700340,Instagram,Search,18-24,Technology,7,Desktop,Europe,Q4,85.8177179298221,31167.18,3123041,101054,9811,135522.92
CAMP_01472,2022-11-01 06:19:39.595919184,LinkedIn,Social,25-34,Healthcare,7,Desktop,Asia,Q4,36.89419313881574,5406.92,498468,11318,606,25303.52
CAMP_01473,2022-11-01 11:17:30.690138028,Twitter,Search,55+,Technology,30,Mobile,Europe,Q4,75.23256928292774,7151.46,576278,17535,1405,21183.04
CAMP_01474,2022-11-01 16:15:21.784356872,Facebook,Native,25-34,Technology,90,Desktop,Asia,Q4,61.5889019854556,32807.89,3366283,60987,3572,260765.88
CAMP_01475,2022-11-01 21:13:12.878575716,Facebook,Social,45-54,Education,30,Desktop,North America,Q4,34.37687314402605,3795.67,377291,6665,448,38307.89
CAMP_01476,2022-11-02 02:11:03.972794560,LinkedIn,Native,25-34,Retail,30,Mobile,North America,Q4,70.5629093940801,9331.72,971472,26180,2125,27670.35
CAMP_01477,2022-11-02 07:08:55.067013404,Twitter,Search,35-44,Retail,14,Desktop,Asia,Q4,41.091867216096574,63938.45,6015121,203147,12765,418064.73
CAMP_01478,2022-11-02 12:06:46.161232248,LinkedIn,Video,45-54,Technology,14,Tablet,North America,Q4,81.3759111031528,7578.21,708770,24375,2416,132948.03
CAMP_01479,2022-11-02 17:04:37.255451092,Twitter,Search,25-34,Finance,7,Mobile,Europe,Q4,45.78330322997512,17027.97,1612140,47528,2509,80921.35
CAMP_01480,2022-11-02 22:02:28.349669936,Facebook,Video,45-54,Healthcare,14,Desktop,Other,Q4,30.100278047892452,8633.0,1074744,14523,753,47980.1
CAMP_01481,2022-11-03 03:00:19.443888780,Twitter,Search,35-44,Technology,14,Tablet,Europe,Q4,90.6769021007259,5188.38,386334,18125,1119,34109.64
CAMP_01482,2022-11-03 07:58:10.538107624,Google,Search,25-34,Entertainment,7,Desktop,Latin America,Q4,63.62647342473818,20130.55,2667475,96001,11276,478846.73
CAMP_01483,2022-11-03 12:56:01.632326468,Instagram,Search,35-44,Retail,7,Mobile,Asia,Q4,77.34382251522631,2658.64,269271,8709,505,39967.34
CAMP_01484,2022-11-03 17:53:52.726545312,Google,Video,35-44,Finance,30,Mobile,Asia,Q4,42.97056242493265,35912.31,3817546,72621,3612,198228.34
CAMP_01485,2022-11-03 22:51:43.820764152,Facebook,Display,25-34,Finance,60,Desktop,Europe,Q4,22.163789265835987,40637.35,4108013,59892,1636,35220.29
CAMP_01486,2022-11-04 03:49:34.914982996,Facebook,Search,25-34,Healthcare,60,Mobile,North America,Q4,93.50404848175555,4719.87,487406,22138,1049,25726.78
CAMP_01487,2022-11-04 08:47:26.009201840,Facebook,Native,25-34,Travel,30,Tablet,Europe,Q4,59.87146375642103,2862.09,276436,8935,709,52529.41
CAMP_01488,2022-11-04 13:45:17.103420684,LinkedIn,Display,25-34,Finance,7,Mobile,North America,Q4,69.82703788327093,3756.64,360774,10481,767,51766.61
CAMP_01489,2022-11-04 18:43:08.197639528,Facebook,Search,45-54,Travel,30,Mobile,Other,Q4,73.13191561196538,3340.39,307661,11843,913,38984.21
CAMP_01490,2022-11-04 23:40:59.291858372,Facebook,Social,35-44,Technology,7,Desktop,North America,Q4,53.29217893968621,2353.77,252971,5570,422,16056.89
CAMP_01491,2022-11-05 04:38:50.386077216,Google,Search,55+,Retail,30,Mobile,North America,Q4,64.52459095231033,1322.31,162108,3969,454,24028.28
CAMP_01492,2022-11-05 09:36:41.480296060,Facebook,Display,25-34,Retail,30,Mobile,Europe,Q4,91.8790518501089,17981.79,1601860,59240,2777,34778.71
CAMP_01493,2022-11-05 14:34:32.574514904,Google,Search,25-34,Finance,30,Mobile,Europe,Q4,59.3511754224134,56806.57,6465590,277091,24887,1081407.64
CAMP_01494,2022-11-05 19:32:23.668733748,Google,Display,45-54,Technology,90,Desktop,North America,Q4,78.8420263283915,993.3,97194,2576,290,13620.29
CAMP_01495,2022-11-06 00:30:14.762952592,Instagram,Native,35-44,Retail,30,Desktop,North America,Q4,20.17506039938757,95771.73,10392326,166879,9863,108647.61
CAMP_01496,2022-11-06 05:28:05.857171436,LinkedIn,Video,35-44,Finance,30,Desktop,Asia,Q4,82.47521260638429,11889.54,1120592,38351,1562,78129.78
CAMP_01497,2022-11-06 10:25:56.951390280,Instagram,Display,18-24,Technology,14,Mobile,Europe,Q4,29.55991403988053,20441.23,2323253,23054,1220,38140.07
CAMP_01498,2022-11-06 15:23:48.045609124,Facebook,Video,25-34,Retail,60,Mobile,North America,Q4,80.18817648067001,13113.96,1260260,35505,2067,46355.09
CAMP_01499,2022-11-06 20:21:39.139827968,Facebook,Display,25-34,Technology,7,Desktop,Europe,Q4,67.81262440902542,2259.55,269712,5456,222,7657.28
CAMP_01500,2022-11-07 01:19:30.234046812,Twitter,Social,55+,Education,60,Tablet,North America,Q4,58.08158647852244,2790.04,214070,4265,113,7986.54
CAMP_01501,2022-11-07 06:17:21.328265656,Instagram,Display,25-34,Technology,14,Mobile,North America,Q4,58.008235575841404,93648.21,9435301,228839,16027,228440.74
CAMP_01502,2022-11-07 11:15:12.422484500,Instagram,Video,45-54,Entertainment,7,Desktop,Other,Q4,54.94537813285331,5254.86,549973,14350,732,14721.37
CAMP_01503,2022-11-07 16:13:03.516703340,Google,Search,35-44,Healthcare,60,Mobile,North America,Q4,43.586609611128736,12058.81,1542166,50589,4539,323408.58
CAMP_01504,2022-11-07 21:10:54.610922184,Facebook,Video,25-34,Finance,7,Mobile,North America,Q4,55.88047442739907,20429.83,1843312,50412,5065,75203.86
CAMP_01505,2022-11-08 02:08:45.705141028,Facebook,Video,35-44,Technology,60,Desktop,Other,Q4,100.0,530.19,55513,2114,234,11719.02
CAMP_01506,2022-11-08 07:06:36.799359872,Facebook,Social,45-54,Technology,14,Mobile,Asia,Q4,86.0461342156946,38595.13,5083103,176243,19105,739686.88
CAMP_01507,2022-11-08 12:04:27.893578716,Instagram,Social,45-54,Healthcare,60,Mobile,North America,Q4,42.579936429551324,6053.39,715599,13157,995,114548.93
CAMP_01508,2022-11-08 17:02:18.987797560,Instagram,Native,25-34,Technology,30,Mobile,Europe,Q4,65.35374804654576,34948.61,3774816,120936,9287,668715.93
CAMP_01509,2022-11-08 22:00:10.082016404,Instagram,Social,25-34,Technology,30,Mobile,Latin America,Q4,61.91958326472863,1999.48,197056,5924,378,14990.95
CAMP_01510,2022-11-09 02:58:01.176235248,LinkedIn,Search,25-34,Retail,14,Desktop,North America,Q4,57.154131139806566,10583.79,984338,27205,1594,36959.74
CAMP_01511,2022-11-09 07:55:52.270454092,Twitter,Video,18-24,Education,7,Mobile,Europe,Q4,39.944448867250415,5429.3,370245,5143,325,9947.94
CAMP_01512,2022-11-09 12:53:43.364672936,LinkedIn,Social,35-44,Finance,60,Desktop,Europe,Q4,68.91795969613304,1363.16,111286,2933,206,6964.85
CAMP_01513,2022-11-09 17:51:34.458891780,TikTok,Social,45-54,Healthcare,7,Mobile,Europe,Q4,76.92143259829274,11371.4,1243544,24343,2029,279424.91
CAMP_01514,2022-11-09 22:49:25.553110624,Google,Social,25-34,Finance,14,Desktop,Europe,Q4,43.3220262986644,9423.85,1114737,24833,1815,132993.14
CAMP_01515,2022-11-10 03:47:16.647329468,Google,Search,45-54,Education,30,Mobile,Europe,Q4,99.11082834578414,39490.27,4725766,204636,22020,1995897.6
CAMP_01516,2022-11-10 08:45:07.741548312,Google,Display,35-44,Healthcare,14,Desktop,North America,Q4,90.44006498471109,3102.22,339677,8798,828,38040.22
CAMP_01517,2022-11-10 13:42:58.835767156,Instagram,Social,25-34,Finance,7,Desktop,Asia,Q4,70.96331117902464,18421.16,2126637,43756,4092,99972.23
CAMP_01518,2022-11-10 18:40:49.929986000,Twitter,Social,18-24,Travel,7,Tablet,North America,Q4,35.36560594662373,15532.43,1241970,23025,881,37472.68
CAMP_01519,2022-11-10 23:38:41.024204844,Google,Native,45-54,Entertainment,7,Tablet,Europe,Q4,68.02817251969124,479.92,46326,1107,101,5773.88
CAMP_01520,2022-11-11 04:36:32.118423684,TikTok,Display,45-54,Retail,60,Mobile,Europe,Q4,65.6395600312893,7037.06,760381,14088,975,22866.63
CAMP_01521,2022-11-11 09:34:23.212642528,Google,Display,35-44,Retail,7,Mobile,Asia,Q4,70.26310552436993,10319.09,1017030,29522,3655,174719.48
CAMP_01522,2022-11-11 14:32:14.306861372,TikTok,Display,18-24,Entertainment,90,Desktop,Europe,Q4,91.80928544579473,12495.35,1421799,25302,2120,82079.39
CAMP_01523,2022-11-11 19:30:05.401080216,Facebook,Social,25-34,Education,7,Desktop,Asia,Q4,56.480518907667594,3199.04,413020,9720,368,14323.98
CAMP_01524,2022-11-12 00:27:56.495299060,Google,Display,18-24,Healthcare,7,Mobile,North America,Q4,100.0,48720.61,5036678,154310,18952,1155507.41
CAMP_01525,2022-11-12 05:25:47.589517904,Instagram,Video,35-44,Healthcare,30,Mobile,Asia,Q4,68.130086919875,828.61,89080,2217,84,2668.11
CAMP_01526,2022-11-12 10:23:38.683736748,Facebook,Native,45-54,Healthcare,7,Desktop,Asia,Q4,54.1907364867747,29732.44,3337024,76915,6361,436254.25
CAMP_01527,2022-11-12 15:21:29.777955592,Facebook,Video,18-24,Finance,30,Tablet,Latin America,Q4,100.0,10605.38,1261554,45694,6078,530979.83
CAMP_01528,2022-11-12 20:19:20.872174436,Facebook,Social,45-54,Entertainment,60,Tablet,Europe,Q4,76.5978380004018,22963.79,2049677,67052,4179,330325.01
CAMP_01529,2022-11-13 01:17:11.966393280,Twitter,Display,35-44,Retail,7,Mobile,North America,Q4,50.90532226085055,2501.55,211580,4748,116,4105.25
CAMP_01530,2022-11-13 06:15:03.060612124,Instagram,Social,35-44,Travel,30,Mobile,North America,Q4,61.68433177892885,2719.34,247115,6239,273,16360.0
CAMP_01531,2022-11-13 11:12:54.154830968,Facebook,Search,55+,Entertainment,14,Mobile,North America,Q4,72.70466043709068,11589.79,1058068,29900,3384,165864.33
CAMP_01532,2022-11-13 16:10:45.249049812,Instagram,Native,18-24,Healthcare,7,Mobile,Europe,Q4,56.982779464293166,36194.76,4330939,85709,7185,182959.54
CAMP_01533,2022-11-13 21:08:36.343268656,LinkedIn,Native,55+,Technology,7,Desktop,North America,Q4,62.67815738089901,33669.18,2976980,48060,1527,98832.57
CAMP_01534,2022-11-14 02:06:27.437487500,Facebook,Video,18-24,Retail,60,Desktop,Other,Q4,43.655927926745576,1266.52,137141,2849,119,5330.33
CAMP_01535,2022-11-14 07:04:18.531706344,Facebook,Video,25-34,Finance,7,Mobile,Latin America,Q4,26.296109383841838,4402.33,483953,8553,236,2818.27
CAMP_01536,2022-11-14 12:02:09.625925188,Google,Display,45-54,Entertainment,60,Mobile,North America,Q4,62.12838645489424,188697.06,20663002,403934,26711,1356264.2
CAMP_01537,2022-11-14 17:00:00.720144032,Google,Search,55+,Healthcare,30,Mobile,Europe,Q4,62.800556444517746,4753.7,487737,11349,1240,85417.82
CAMP_01538,2022-11-14 21:57:51.814362872,LinkedIn,Social,35-44,Finance,7,Tablet,Asia,Q4,70.54239183115709,5904.42,593483,13630,1036,55520.22
CAMP_01539,2022-11-15 02:55:42.908581716,Google,Search,35-44,Healthcare,14,Mobile,North America,Q4,48.47620585787607,5718.21,615834,17800,709,61109.36
CAMP_01540,2022-11-15 07:53:34.002800560,Instagram,Search,45-54,Education,60,Mobile,Europe,Q4,33.1889141091867,31024.47,3142230,65381,2498,66353.98
CAMP_01541,2022-11-15 12:51:25.097019404,LinkedIn,Display,45-54,Retail,30,Desktop,Europe,Q4,40.69351060505303,2357.45,233475,4673,327,13385.25
CAMP_01542,2022-11-15 17:49:16.191238248,Google,Social,18-24,Finance,14,Desktop,North America,Q4,81.1126751367965,8975.51,1128987,18858,2056,149369.53
CAMP_01543,2022-11-15 22:47:07.285457092,Instagram,Native,45-54,Entertainment,60,Tablet,Europe,Q4,46.66777375584857,116621.77,12309812,173937,14107,859759.66
CAMP_01544,2022-11-16 03:44:58.379675936,Facebook,Display,35-44,Healthcare,7,Mobile,Other,Q4,51.158380283924764,18784.33,1936421,48541,3249,273949.24
CAMP_01545,2022-11-16 08:42:49.473894780,TikTok,Search,35-44,Entertainment,60,Mobile,North America,Q4,53.75172872337776,11507.85,947074,35699,3133,123580.55
CAMP_01546,2022-11-16 13:40:40.568113624,Instagram,Video,25-34,Finance,60,Mobile,Europe,Q4,47.61447661426419,22203.12,2263168,44047,1779,137723.53
CAMP_01547,2022-11-16 18:38:31.662332468,Twitter,Search,35-44,Travel,30,Tablet,North America,Q4,46.135783449343336,6212.63,477844,16666,785,57216.44
CAMP_01548,2022-11-16 23:36:22.756551312,Instagram,Search,55+,Retail,60,Desktop,Latin America,Q4,42.57752870732379,233.94,23039,564,33,534.48
CAMP_01549,2022-11-17 04:34:13.850770156,Google,Video,35-44,Finance,30,Desktop,Latin America,Q4,88.01313149136399,9529.69,1336243,43169,5075,121672.45
CAMP_01550,2022-11-17 09:32:04.944989000,Instagram,Search,55+,Retail,30,Mobile,North America,Q4,73.6020136668586,38880.12,3533502,67256,4689,126883.35
CAMP_01551,2022-11-17 14:29:56.039207844,TikTok,Display,25-34,Retail,30,Desktop,Latin America,Q4,84.95641546300476,81.94,7888,186,14,399.3
CAMP_01552,2022-11-17 19:27:47.133426688,Instagram,Search,45-54,Finance,14,Mobile,North America,Q4,88.98679512921676,2761.97,285696,8143,951,53486.79
CAMP_01553,2022-11-18 00:25:38.227645532,Twitter,Search,45-54,Retail,30,Mobile,North America,Q4,13.002404051340378,33204.83,2764260,42325,1007,20314.71
CAMP_01554,2022-11-18 05:23:29.321864376,Twitter,Video,35-44,Travel,14,Mobile,Asia,Q4,66.86909284056154,894.81,75966,2645,131,1141.95
CAMP_01555,2022-11-18 10:21:20.416083216,Google,Social,35-44,Travel,14,Desktop,North America,Q4,48.27642732203362,961.36,107174,1958,161,14270.01
CAMP_01556,2022-11-18 15:19:11.510302060,Google,Social,35-44,Technology,14,Mobile,Europe,Q4,82.33619288706697,3827.6,496010,11537,1375,81018.4
CAMP_01557,2022-11-18 20:17:02.604520904,Instagram,Display,45-54,Healthcare,7,Desktop,Asia,Q4,45.170575935148776,1923.97,177518,2746,199,8875.6
CAMP_01558,2022-11-19 01:14:53.698739748,Facebook,Video,45-54,Healthcare,14,Desktop,North America,Q4,38.917004872725805,7113.84,867844,13970,1069,93153.95
CAMP_01559,2022-11-19 06:12:44.792958592,Twitter,Social,18-24,Education,60,Mobile,North America,Q4,31.319082786937958,365.6,31610,340,7,341.97
CAMP_01560,2022-11-19 11:10:35.887177436,TikTok,Native,45-54,Healthcare,14,Desktop,Europe,Q4,53.94650178042396,2121.16,170594,3643,166,6621.56
CAMP_01561,2022-11-19 16:08:26.981396280,Facebook,Display,25-34,Retail,30,Mobile,North America,Q4,78.29890525056622,5049.41,493162,10916,895,55197.19
CAMP_01562,2022-11-19 21:06:18.075615124,Google,Display,25-34,Entertainment,7,Mobile,North America,Q4,65.12334433722623,3943.15,536774,17200,1483,133375.27
CAMP_01563,2022-11-20 02:04:09.169833968,Twitter,Display,45-54,Entertainment,14,Desktop,North America,Q4,35.94703469727712,48752.92,4509662,80618,3534,191221.67
CAMP_01564,2022-11-20 07:02:00.264052812,Facebook,Search,25-34,Finance,7,Desktop,Asia,Q4,100.0,21699.49,2646629,113935,11260,148457.55
CAMP_01565,2022-11-20 11:59:51.358271656,Twitter,Display,45-54,Travel,7,Mobile,Latin America,Q4,72.99077278983135,2358.41,217595,4330,267,6018.94
CAMP_01566,2022-11-20 16:57:42.452490500,Facebook,Display,25-34,Travel,30,Desktop,North America,Q4,75.54820231515373,2327.78,217520,7485,747,55365.99
CAMP_01567,2022-11-20 21:55:33.546709344,LinkedIn,Search,18-24,Finance,30,Desktop,North America,Q4,85.70057654695316,17924.73,1468817,45201,3953,53002.8
CAMP_01568,2022-11-21 02:53:24.640928188,Google,Search,35-44,Healthcare,14,Mobile,Asia,Q4,27.19568822748441,15920.39,1632629,38145,1855,367352.73
CAMP_01569,2022-11-21 07:51:15.735147032,Instagram,Display,18-24,Travel,14,Mobile,Other,Q4,41.77131722824235,606.15,65792,951,62,3187.61
CAMP_01570,2022-11-21 12:49:06.829365876,Facebook,Search,45-54,Technology,60,Desktop,North America,Q4,76.46022713848545,2540.9,286196,12132,782,18974.32
CAMP_01571,2022-11-21 17:46:57.923584720,Instagram,Search,25-34,Technology,7,Mobile,Latin America,Q4,43.78523343957046,3755.3,432729,11221,461,11045.93
CAMP_01572,2022-11-21 22:44:49.017803560,Google,Video,25-34,Retail,7,Desktop,Europe,Q4,54.49973055489904,5747.35,618031,12995,1430,136759.08
CAMP_01573,2022-11-22 03:42:40.112022404,LinkedIn,Video,18-24,Education,30,Desktop,Other,Q4,58.445186943374,10668.26,903076,19546,870,41618.64
CAMP_01574,2022-11-22 08:40:31.206241248,Twitter,Social,25-34,Entertainment,7,Mobile,North America,Q4,34.45189222740165,31572.52,2101660,53093,2067,52116.3
CAMP_01575,2022-11-22 13:38:22.300460092,Google,Video,45-54,Retail,90,Tablet,Other,Q4,52.7836563573272,5077.31,624377,17911,1526,50174.55
CAMP_01576,2022-11-22 18:36:13.394678936,Google,Social,25-34,Travel,30,Mobile,Europe,Q4,78.29006434703665,35085.0,4493622,129541,16883,607683.15
CAMP_01577,2022-11-22 23:34:04.488897780,Google,Native,35-44,Entertainment,14,Tablet,Other,Q4,74.58907779635682,6263.07,645859,20300,2594,53644.2
CAMP_01578,2022-11-23 04:31:55.583116624,Instagram,Display,55+,Education,14,Mobile,Europe,Q4,82.26029323934935,3169.63,296883,7230,365,12667.35
CAMP_01579,2022-11-23 09:29:46.677335468,Instagram,Display,35-44,Retail,30,Desktop,Europe,Q4,80.19751747581593,9119.3,848728,23948,1131,41017.08
CAMP_01580,2022-11-23 14:27:37.771554312,Instagram,Search,45-54,Finance,7,Mobile,Asia,Q4,68.11747851405168,6221.31,631280,23498,2452,156143.56
CAMP_01581,2022-11-23 19:25:28.865773156,Google,Social,18-24,Entertainment,60,Desktop,Asia,Q4,66.533569966194,2029.37,259797,4297,268,18006.22
CAMP_01582,2022-11-24 00:23:19.959992000,Facebook,Native,25-34,Healthcare,30,Mobile,Europe,Q4,65.06661520213235,8950.9,911473,27815,3040,192072.89
CAMP_01583,2022-11-24 05:21:11.054210844,Instagram,Social,45-54,Entertainment,7,Mobile,Europe,Q4,47.459056654920786,19008.89,2226222,49111,3766,280070.92
CAMP_01584,2022-11-24 10:19:02.148429688,Instagram,Video,45-54,Education,30,Mobile,Asia,Q4,39.401105525587724,4924.31,540225,9520,273,18794.83
CAMP_01585,2022-11-24 15:16:53.242648532,TikTok,Search,35-44,Technology,7,Desktop,Latin America,Q4,46.208053077601996,10445.67,879111,23117,1412,44830.71
CAMP_01586,2022-11-24 20:14:44.336867376,Google,Search,35-44,Education,7,Mobile,North America,Q4,53.479413668850626,10649.87,1376462,42958,3414,213999.44
CAMP_01587,2022-11-25 01:12:35.431086220,LinkedIn,Search,25-34,Retail,30,Desktop,Europe,Q4,46.883481105144476,26816.51,2101138,69646,5085,901349.23
CAMP_01588,2022-11-25 06:10:26.525305064,Facebook,Video,18-24,Technology,30,Desktop,Latin America,Q4,68.27663476967831,2275.8,203242,3364,356,6816.48
CAMP_01589,2022-11-25 11:08:17.619523908,Facebook,Display,45-54,Retail,30,Tablet,Asia,Q4,64.03790432128503,10646.94,988950,24691,1822,135790.31
CAMP_01590,2022-11-25 16:06:08.713742748,LinkedIn,Social,35-44,Technology,7,Mobile,Asia,Q4,66.18646997440436,16229.94,1600013,43917,3853,89728.18
CAMP_01591,2022-11-25 21:03:59.807961592,LinkedIn,Search,35-44,Technology,30,Desktop,Latin America,Q4,67.0281613183156,5168.98,452512,19437,1547,77070.51
CAMP_01592,2022-11-26 02:01:50.902180436,TikTok,Display,45-54,Education,7,Mobile,Asia,Q4,83.91327875569065,31306.61,3020910,56066,5938,363510.93
CAMP_01593,2022-11-26 06:59:41.996399280,Google,Display,25-34,Entertainment,30,Desktop,Asia,Q4,59.82854215225799,899.73,124547,2693,110,9277.09
CAMP_01594,2022-11-26 11:57:33.090618124,Google,Social,25-34,Finance,30,Desktop,Other,Q4,80.16738867669223,12909.6,1625172,35917,2449,158595.12
CAMP_01595,2022-11-26 16:55:24.184836968,LinkedIn,Social,45-54,Entertainment,30,Mobile,Latin America,Q4,70.33170715958335,33525.44,3084467,81188,6917,478332.52
CAMP_01596,2022-11-26 21:53:15.279055812,Instagram,Display,45-54,Retail,60,Mobile,Asia,Q4,82.59267073270172,22592.87,2597860,49702,5723,454340.19
CAMP_01597,2022-11-27 02:51:06.373274656,Facebook,Video,35-44,Retail,60,Mobile,North America,Q4,92.29259668773145,32270.19,3300278,88627,5211,230836.99
CAMP_01598,2022-11-27 07:48:57.467493500,Google,Display,18-24,Healthcare,90,Mobile,North America,Q4,71.53299159958141,71793.93,8821527,218682,14454,744656.2
CAMP_01599,2022-11-27 12:46:48.561712344,Google,Native,25-34,Healthcare,90,Tablet,Europe,Q4,62.075364993439976,16546.12,2128452,41169,3460,60973.93
CAMP_01600,2022-11-27 17:44:39.655931188,Twitter,Search,35-44,Entertainment,30,Mobile,Asia,Q4,61.94615634886616,4532.5,350456,13275,968,24315.9
CAMP_01601,2022-11-27 22:42:30.750150032,Google,Search,25-34,Finance,90,Tablet,North America,Q4,50.59667840876323,104722.05,10820323,358965,31729,678379.5
CAMP_01602,2022-11-28 03:40:21.844368876,Facebook,Search,45-54,Entertainment,60,Mobile,North America,Q4,49.924557068478876,8721.07,893959,23805,1885,57494.3
CAMP_01603,2022-11-28 08:38:12.938587720,Google,Display,55+,Entertainment,30,Tablet,North America,Q4,78.0423432662307,11435.59,1335558,24995,1180,71981.32
CAMP_01604,2022-11-28 13:36:04.032806564,Facebook,Social,45-54,Travel,7,Desktop,Asia,Q4,40.726594151048886,8851.47,931131,12278,634,68798.7
CAMP_01605,2022-11-28 18:33:55.127025408,Google,Search,25-34,Technology,7,Desktop,Latin America,Q4,92.29545271124452,1089.38,145543,6703,482,37527.55
CAMP_01606,2022-11-28 23:31:46.221244252,Instagram,Video,45-54,Healthcare,60,Mobile,Latin America,Q4,56.96553494191961,10837.57,1279397,21086,1295,86484.18
CAMP_01607,2022-11-29 04:29:37.315463092,Google,Video,25-34,Healthcare,14,Desktop,North America,Q4,100.0,14891.04,1939099,90855,5811,467752.26
CAMP_01608,2022-11-29 09:27:28.409681936,Twitter,Search,25-34,Travel,60,Mobile,North America,Q4,46.137691463407656,42797.41,2795000,73627,2799,144707.4
CAMP_01609,2022-11-29 14:25:19.503900780,Google,Native,18-24,Technology,14,Mobile,Europe,Q4,65.00377839960669,41833.67,4926526,118675,7214,233063.42
CAMP_01610,2022-11-29 19:23:10.598119624,Instagram,Display,25-34,Finance,14,Desktop,North America,Q4,52.963014595031616,18818.54,1535488,29726,1823,83165.18
CAMP_01611,2022-11-30 00:21:01.692338468,Twitter,Social,55+,Technology,30,Desktop,Asia,Q4,44.138318169134564,9003.03,602687,10142,616,13173.94
CAMP_01612,2022-11-30 05:18:52.786557312,LinkedIn,Social,25-34,Finance,60,Mobile,North America,Q4,81.27600701757437,23926.39,2414213,78120,3863,265504.72
CAMP_01613,2022-11-30 10:16:43.880776156,Instagram,Display,25-34,Technology,7,Mobile,North America,Q4,37.88891611204387,3385.24,356234,6021,179,14296.4
CAMP_01614,2022-11-30 15:14:34.974995000,Facebook,Video,55+,Retail,60,Desktop,Europe,Q4,46.4785098605153,6209.57,642180,12505,450,8718.25
CAMP_01615,2022-11-30 20:12:26.069213844,Facebook,Video,18-24,Healthcare,30,Mobile,North America,Q4,71.72639417829822,9737.01,1200470,28117,2313,156594.31
CAMP_01616,2022-12-01 01:10:17.163432688,LinkedIn,Social,45-54,Technology,14,Mobile,North America,Q4,74.8992162189881,3229.6,274511,5077,227,8276.49
CAMP_01617,2022-12-01 06:08:08.257651532,TikTok,Display,25-34,Retail,14,Desktop,Europe,Q4,32.162291575449586,5863.99,553849,9941,691,98587.21
CAMP_01618,2022-12-01 11:05:59.351870376,LinkedIn,Display,18-24,Technology,7,Mobile,North America,Q4,71.63353770430749,13690.42,1156122,22805,1074,26146.12
CAMP_01619,2022-12-01 16:03:50.446089220,Instagram,Search,55+,Retail,7,Desktop,Europe,Q4,62.57799826832678,6258.6,673512,17204,1225,84362.44
CAMP_01620,2022-12-01 21:01:41.540308064,LinkedIn,Social,18-24,Travel,14,Desktop,North America,Q4,41.6455328427694,4919.57,503484,7168,500,9380.2
CAMP_01621,2022-12-02 01:59:32.634526908,Facebook,Video,35-44,Healthcare,7,Desktop,Europe,Q4,44.22236929328892,11940.66,1381924,38178,2148,134073.55
CAMP_01622,2022-12-02 06:57:23.728745752,Google,Search,25-34,Education,7,Mobile,Other,Q4,19.330971441031977,27106.76,3606085,85501,2475,225109.55
CAMP_01623,2022-12-02 11:55:14.822964596,Instagram,Search,18-24,Finance,60,Desktop,Europe,Q4,94.34888855595156,6442.02,607334,15422,909,38570.96
CAMP_01624,2022-12-02 16:53:05.917183436,TikTok,Search,18-24,Travel,30,Mobile,Europe,Q4,80.30840829954013,822.84,89880,2766,236,15896.76
CAMP_01625,2022-12-02 21:50:57.011402280,Google,Social,18-24,Finance,30,Mobile,Latin America,Q4,34.21709979643562,3003.36,357160,6477,484,15064.06
CAMP_01626,2022-12-03 02:48:48.105621124,LinkedIn,Display,18-24,Healthcare,7,Mobile,North America,Q4,75.97815345583592,12019.36,1288213,22900,857,13670.3
CAMP_01627,2022-12-03 07:46:39.199839968,Google,Social,45-54,Finance,60,Desktop,North America,Q4,48.519553121006666,21589.04,3027311,63480,4661,282791.08
CAMP_01628,2022-12-03 12:44:30.294058812,Instagram,Search,35-44,Entertainment,60,Desktop,North America,Q4,78.29621072699399,12626.69,1478564,67813,4121,477521.95
CAMP_01629,2022-12-03 17:42:21.388277656,Google,Search,25-34,Healthcare,30,Mobile,Europe,Q4,50.07852861681835,10230.55,1278574,31698,1387,65740.2
CAMP_01630,2022-12-03 22:40:12.482496500,Facebook,Search,25-34,Technology,60,Mobile,Europe,Q4,52.73291809784083,10411.19,1213102,48351,4491,218122.03
CAMP_01631,2022-12-04 03:38:03.576715344,LinkedIn,Search,55+,Retail,60,Mobile,North America,Q4,54.2330546448467,2360.91,223138,3453,257,17770.65
CAMP_01632,2022-12-04 08:35:54.670934188,Facebook,Video,55+,Healthcare,30,Mobile,Latin America,Q4,46.85289316677374,55803.12,5794338,100614,4735,218831.1
CAMP_01633,2022-12-04 13:33:45.765153032,LinkedIn,Search,45-54,Finance,30,Desktop,North America,Q4,87.98542750466609,43535.57,3471813,93053,7207,355904.32
CAMP_01634,2022-12-04 18:31:36.859371876,Twitter,Search,45-54,Retail,7,Desktop,Latin America,Q4,77.97053986162958,343.35,25892,725,32,1989.18
CAMP_01635,2022-12-04 23:29:27.953590720,TikTok,Search,25-34,Finance,14,Tablet,Latin America,Q4,62.19897076666558,543.78,45002,1207,111,6752.27
CAMP_01636,2022-12-05 04:27:19.047809564,Google,Display,25-34,Finance,7,Tablet,Other,Q4,80.49136327971621,2217.32,239686,6041,661,37394.3
CAMP_01637,2022-12-05 09:25:10.142028408,Facebook,Native,35-44,Education,7,Desktop,Asia,Q4,27.45856569509081,12228.41,1298467,19102,1247,80568.12
CAMP_01638,2022-12-05 14:23:01.236247252,Google,Search,35-44,Retail,7,Mobile,North America,Q4,35.43082442897935,207548.49,23657310,673653,60402,2794410.17
CAMP_01639,2022-12-05 19:20:52.330466096,TikTok,Video,35-44,Technology,60,Mobile,Asia,Q4,69.49109524715925,16366.27,1789679,58371,5048,78846.53
CAMP_01640,2022-12-06 00:18:43.424684940,TikTok,Search,25-34,Education,14,Mobile,North America,Q4,74.71073111615777,54547.25,5151139,147094,9907,371646.13
CAMP_01641,2022-12-06 05:16:34.518903784,Instagram,Social,55+,Healthcare,90,Mobile,Latin America,Q4,65.58815092511503,20621.55,1674739,22280,2168,123372.89
CAMP_01642,2022-12-06 10:14:25.613122624,Twitter,Social,45-54,Technology,30,Desktop,North America,Q4,22.346106498433628,19246.92,1721724,24132,876,52316.12
CAMP_01643,2022-12-06 15:12:16.707341468,Instagram,Search,25-34,Education,14,Tablet,North America,Q4,38.75330951324504,1814.58,183302,4133,261,5310.39
CAMP_01644,2022-12-06 20:10:07.801560312,Instagram,Social,45-54,Finance,14,Desktop,Latin America,Q4,68.33183733008337,2832.72,234237,4336,195,13324.14
CAMP_01645,2022-12-07 01:07:58.895779156,Google,Display,25-34,Finance,14,Mobile,North America,Q4,100.0,17009.7,2255799,91558,9018,269956.59
CAMP_01646,2022-12-07 06:05:49.989998000,LinkedIn,Search,18-24,Travel,90,Mobile,North America,Q4,84.35825330116856,522.97,43062,1586,136,8410.37
CAMP_01647,2022-12-07 11:03:41.084216844,Google,Social,25-34,Travel,60,Desktop,Europe,Q4,91.54608596941546,2999.41,302909,9673,916,31594.22
CAMP_01648,2022-12-07 16:01:32.178435688,Twitter,Social,25-34,Technology,7,Desktop,Asia,Q4,66.79450844380598,4400.62,369918,12162,524,23827.69
CAMP_01649,2022-12-07 20:59:23.272654532,Twitter,Search,18-24,Retail,60,Mobile,Europe,Q4,66.64981961578755,12766.8,1099911,23150,1697,50706.7
CAMP_01650,2022-12-08 01:57:14.366873376,LinkedIn,Social,45-54,Technology,30,Desktop,Asia,Q4,39.33029065487848,13279.43,1106067,20027,1407,197963.33
CAMP_01651,2022-12-08 06:55:05.461092220,Google,Video,25-34,Retail,7,Desktop,Latin America,Q4,79.03644106103235,18130.55,2233778,95296,5617,212234.58
CAMP_01652,2022-12-08 11:52:56.555311064,Facebook,Social,35-44,Retail,30,Mobile,North America,Q4,58.536365949179945,19489.78,1722541,37939,1795,77097.7
CAMP_01653,2022-12-08 16:50:47.649529908,Facebook,Display,18-24,Finance,30,Mobile,Europe,Q4,73.85464750927439,1685.12,158071,2471,142,3973.46
CAMP_01654,2022-12-08 21:48:38.743748752,Facebook,Display,25-34,Travel,14,Desktop,Asia,Q4,60.613727057618696,38408.85,4358540,88912,5471,1106315.53
CAMP_01655,2022-12-09 02:46:29.837967596,Google,Display,45-54,Education,30,Desktop,Europe,Q4,65.58236849501479,4580.72,523187,12662,1036,72989.8
CAMP_01656,2022-12-09 07:44:20.932186440,TikTok,Search,35-44,Finance,7,Mobile,Europe,Q4,58.24543767402756,2071.87,204465,4727,237,9869.1
CAMP_01657,2022-12-09 12:42:12.026405284,Instagram,Display,55+,Healthcare,14,Desktop,North America,Q4,64.49249395645786,1490.21,169232,2176,90,3650.88
CAMP_01658,2022-12-09 17:40:03.120624128,Facebook,Display,55+,Retail,7,Desktop,North America,Q4,80.00153115090461,5615.72,736695,10709,903,58727.35
CAMP_01659,2022-12-09 22:37:54.214842968,Facebook,Video,25-34,Technology,90,Desktop,North America,Q4,34.67540941861552,91551.49,9419741,218726,11846,620604.94
CAMP_01660,2022-12-10 03:35:45.309061812,Facebook,Display,25-34,Retail,30,Mobile,North America,Q4,30.141551473697803,1381.77,144929,2969,156,4392.32
CAMP_01661,2022-12-10 08:33:36.403280656,Instagram,Search,45-54,Entertainment,7,Tablet,North America,Q4,68.51729155277798,5419.23,473349,13650,686,34130.78
CAMP_01662,2022-12-10 13:31:27.497499500,Instagram,Search,55+,Retail,14,Mobile,Europe,Q4,88.81148595815233,2184.42,218231,7388,387,16962.71
CAMP_01663,2022-12-10 18:29:18.591718344,TikTok,Display,35-44,Education,7,Desktop,North America,Q4,93.85489233602163,11587.56,1083546,32799,3748,258133.97
CAMP_01664,2022-12-10 23:27:09.685937188,Instagram,Social,45-54,Healthcare,30,Desktop,Asia,Q4,35.511795645798564,5393.05,521382,10252,385,13059.42
CAMP_01665,2022-12-11 04:25:00.780156032,TikTok,Social,45-54,Technology,7,Mobile,Latin America,Q4,51.94252329195253,35084.59,3740652,96973,4865,340755.76
CAMP_01666,2022-12-11 09:22:51.874374876,Twitter,Social,25-34,Retail,60,Mobile,North America,Q4,30.415694911101813,7078.91,564761,13446,639,28540.61
CAMP_01667,2022-12-11 14:20:42.968593720,Google,Display,35-44,Healthcare,60,Desktop,Europe,Q4,48.9877674722576,5999.21,854756,13546,506,36331.12
CAMP_01668,2022-12-11 19:18:34.062812564,TikTok,Social,45-54,Travel,30,Desktop,Other,Q4,82.45696190098724,10376.87,1071141,25638,2427,121509.65
CAMP_01669,2022-12-12 00:16:25.157031408,Google,Display,35-44,Entertainment,14,Mobile,Europe,Q4,59.742164328832004,77214.66,10608295,285894,12006,148624.44
CAMP_01670,2022-12-12 05:14:16.251250252,Twitter,Video,18-24,Technology,14,Mobile,Other,Q4,52.522518407524245,843.07,67241,1312,67,1908.42
CAMP_01671,2022-12-12 10:12:07.345469096,Facebook,Display,25-34,Healthcare,14,Mobile,North America,Q4,70.9017151282242,4005.49,354070,11074,780,28083.02
CAMP_01672,2022-12-12 15:09:58.439687940,Twitter,Social,18-24,Technology,30,Mobile,Latin America,Q4,44.098958203810575,1150.34,96253,1669,53,749.36
CAMP_01673,2022-12-12 20:07:49.533906784,Twitter,Display,25-34,Travel,30,Tablet,Europe,Q4,91.85956729763714,120942.12,9865249,346954,18265,853275.87
CAMP_01674,2022-12-13 01:05:40.628125628,Twitter,Video,55+,Entertainment,30,Desktop,North America,Q4,60.14569944482947,6421.96,466229,8537,468,25748.49
CAMP_01675,2022-12-13 06:03:31.722344472,Twitter,Video,18-24,Healthcare,14,Tablet,Other,Q4,51.964115140802015,4721.57,342141,6608,250,13454.9
CAMP_01676,2022-12-13 11:01:22.816563312,Facebook,Social,25-34,Finance,60,Mobile,Other,Q4,71.73698469591223,139148.41,15417686,327708,37908,3086366.86
CAMP_01677,2022-12-13 15:59:13.910782156,Google,Search,25-34,Healthcare,7,Desktop,North America,Q4,78.78572320422093,4785.33,472416,24081,2588,147042.5
CAMP_01678,2022-12-13 20:57:05.005001000,Facebook,Display,35-44,Technology,14,Mobile,Other,Q4,91.91950480298517,54068.87,6269626,147283,8188,120080.34
CAMP_01679,2022-12-14 01:54:56.099219844,Google,Search,35-44,Retail,30,Desktop,North America,Q4,55.800621874836715,3941.94,555800,17583,1235,15412.52
CAMP_01680,2022-12-14 06:52:47.193438688,LinkedIn,Search,25-34,Finance,7,Mobile,Asia,Q4,81.72113045387434,3051.63,318013,13322,901,49569.15
CAMP_01681,2022-12-14 11:50:38.287657532,Facebook,Search,25-34,Travel,30,Mobile,North America,Q4,62.02423223799994,17187.6,2156836,95943,4229,223299.57
CAMP_01682,2022-12-14 16:48:29.381876376,TikTok,Display,25-34,Healthcare,60,Desktop,North America,Q4,47.772399580526105,6122.41,621694,10862,387,41672.01
CAMP_01683,2022-12-14 21:46:20.476095220,Instagram,Social,35-44,Retail,30,Mobile,Asia,Q4,44.46376941991531,102153.42,10670775,178920,11494,306004.29
CAMP_01684,2022-12-15 02:44:11.570314064,Twitter,Display,25-34,Education,7,Desktop,North America,Q4,38.06033112733992,9758.93,724547,12816,597,29631.96
CAMP_01685,2022-12-15 07:42:02.664532908,Google,Search,55+,Technology,7,Desktop,North America,Q4,45.16612002221772,58131.59,8183684,197942,16785,1233600.94
CAMP_01686,2022-12-15 12:39:53.758751752,Twitter,Video,35-44,Technology,14,Desktop,Europe,Q4,82.31413243520169,1665.53,140479,5233,454,20012.79
CAMP_01687,2022-12-15 17:37:44.852970596,TikTok,Display,18-24,Technology,14,Tablet,North America,Q4,74.13419203572074,2165.75,207445,4006,311,15467.22
CAMP_01688,2022-12-15 22:35:35.947189440,Instagram,Display,45-54,Healthcare,90,Mobile,Asia,Q4,35.17576688116101,1175.92,139689,2447,185,8427.55
CAMP_01689,2022-12-16 03:33:27.041408284,Instagram,Search,25-34,Healthcare,30,Mobile,North America,Q4,25.072181595701288,82766.4,8896144,229469,12628,327611.0
CAMP_01690,2022-12-16 08:31:18.135627128,LinkedIn,Video,35-44,Finance,14,Desktop,Asia,Q4,37.754136884071784,3369.28,311106,7016,263,15382.58
CAMP_01691,2022-12-16 13:29:09.229845972,Google,Social,25-34,Entertainment,60,Desktop,North America,Q4,44.46527583505703,1555.31,202931,3252,213,17835.82
CAMP_01692,2022-12-16 18:27:00.324064816,Instagram,Display,35-44,Technology,30,Mobile,North America,Q4,53.93468578845983,1008.35,112584,2083,177,8614.97
CAMP_01693,2022-12-16 23:24:51.418283660,Facebook,Search,45-54,Entertainment,14,Desktop,North America,Q4,83.45727046017429,16251.93,1658528,58491,2810,113187.84
CAMP_01694,2022-12-17 04:22:42.512502500,Google,Social,55+,Retail,14,Mobile,Europe,Q4,49.04566282200666,3370.1,434510,4988,400,5229.35
CAMP_01695,2022-12-17 09:20:33.606721344,Facebook,Search,25-34,Entertainment,7,Mobile,North America,Q4,93.60999920354547,3507.51,416392,18156,1810,54120.65
CAMP_01696,2022-12-17 14:18:24.700940188,Google,Social,25-34,Entertainment,90,Mobile,Europe,Q4,26.396002153572645,14271.19,1418702,31703,1936,161535.89
CAMP_01697,2022-12-17 19:16:15.795159032,Google,Search,35-44,Entertainment,30,Mobile,North America,Q4,53.02734958475388,12059.52,1204568,44297,2030,170471.04
CAMP_01698,2022-12-18 00:14:06.889377876,Google,Display,55+,Finance,60,Mobile,Latin America,Q4,75.71097338272803,36388.02,4318369,62491,4938,473948.11
CAMP_01699,2022-12-18 05:11:57.983596720,TikTok,Social,55+,Entertainment,14,Mobile,North America,Q4,76.94410504732868,20520.54,1594032,28024,1762,178344.39
CAMP_01700,2022-12-18 10:09:49.077815564,Instagram,Display,18-24,Retail,60,Mobile,Asia,Q4,53.28572087223214,13425.58,1124006,19003,594,41960.06
CAMP_01701,2022-12-18 15:07:40.172034408,TikTok,Search,18-24,Education,7,Mobile,North America,Q4,80.03506867568393,23094.88,2270530,72656,2695,73205.9
CAMP_01702,2022-12-18 20:05:31.266253252,Facebook,Social,35-44,Retail,90,Mobile,North America,Q4,76.24392885013766,3640.1,374177,11007,1260,88392.9
CAMP_01703,2022-12-19 01:03:22.360472096,Facebook,Display,18-24,Retail,60,Desktop,North America,Q4,46.357706813749786,6643.0,648570,12648,545,12910.13
CAMP_01704,2022-12-19 06:01:13.454690940,Instagram,Display,25-34,Healthcare,14,Mobile,North America,Q4,66.29856936888844,4830.71,477947,11382,429,27716.78
CAMP_01705,2022-12-19 10:59:04.548909784,Facebook,Search,18-24,Entertainment,30,Mobile,Europe,Q4,74.0722656815369,25371.26,2637531,88944,8685,1687417.75
CAMP_01706,2022-12-19 15:56:55.643128628,Google,Social,35-44,Retail,30,Mobile,Other,Q4,47.78930464854351,876.39,91681,1586,137,3052.54
CAMP_01707,2022-12-19 20:54:46.737347472,Instagram,Native,55+,Travel,60,Mobile,North America,Q4,93.88650900538326,34112.15,2970224,58688,3983,238976.12
CAMP_01708,2022-12-20 01:52:37.831566316,Google,Search,55+,Travel,14,Mobile,Europe,Q4,43.29276106764714,4032.96,465654,10443,799,38598.27
CAMP_01709,2022-12-20 06:50:28.925785160,Instagram,Search,25-34,Healthcare,14,Mobile,North America,Q4,62.881857665890244,13024.31,1494326,66307,5468,283010.42
CAMP_01710,2022-12-20 11:48:20.020004004,LinkedIn,Native,35-44,Finance,60,Desktop,North America,Q4,35.00445367160984,130665.62,9595287,170965,5728,228400.64
CAMP_01711,2022-12-20 16:46:11.114222844,Google,Video,45-54,Entertainment,30,Desktop,North America,Q4,62.0672039732512,1709.57,197107,4236,228,10305.1
CAMP_01712,2022-12-20 21:44:02.208441688,Google,Display,18-24,Technology,14,Tablet,Latin America,Q4,38.65853567858356,1517.63,206282,3643,290,21051.41
CAMP_01713,2022-12-21 02:41:53.302660532,Twitter,Social,35-44,Finance,60,Mobile,North America,Q4,54.11741717341475,15733.37,1211359,30338,1902,83647.68
CAMP_01714,2022-12-21 07:39:44.396879376,Facebook,Social,25-34,Travel,7,Mobile,Asia,Q4,28.268048773578066,1958.75,190772,3782,187,7965.14
CAMP_01715,2022-12-21 12:37:35.491098220,Google,Social,25-34,Travel,30,Mobile,North America,Q4,75.99626800651444,1506.76,195255,6109,293,47648.08
CAMP_01716,2022-12-21 17:35:26.585317064,TikTok,Search,25-34,Travel,14,Desktop,North America,Q4,67.12560099483215,1581.33,171034,4540,305,2987.72
CAMP_01717,2022-12-21 22:33:17.679535908,Google,Video,18-24,Technology,14,Mobile,Europe,Q4,81.74821107273398,14568.39,1455535,40406,3861,60111.56
CAMP_01718,2022-12-22 03:31:08.773754752,LinkedIn,Search,35-44,Technology,14,Mobile,North America,Q4,53.04389670720328,5924.16,533726,17948,676,29353.37
CAMP_01719,2022-12-22 08:28:59.867973596,TikTok,Display,25-34,Technology,14,Mobile,North America,Q4,82.67694733761996,64305.13,5356303,149535,11866,426390.96
CAMP_01720,2022-12-22 13:26:50.962192440,Google,Display,25-34,Finance,30,Desktop,North America,Q4,60.785592907896714,1351.86,177855,4654,423,40377.07
CAMP_01721,2022-12-22 18:24:42.056411284,Google,Social,18-24,Technology,30,Tablet,North America,Q4,62.263349188574736,454.55,60630,962,78,7379.68
CAMP_01722,2022-12-22 23:22:33.150630128,Google,Video,45-54,Technology,14,Tablet,Asia,Q4,100.0,29024.79,4167040,162199,17044,662300.81
CAMP_01723,2022-12-23 04:20:24.244848972,Facebook,Social,35-44,Healthcare,7,Mobile,North America,Q4,50.306480701227926,17876.01,2179849,37675,2241,46161.61
CAMP_01724,2022-12-23 09:18:15.339067816,Google,Search,35-44,Entertainment,30,Mobile,Asia,Q4,84.549180623097,23354.37,2655249,76883,10865,696911.98
CAMP_01725,2022-12-23 14:16:06.433286660,LinkedIn,Search,35-44,Entertainment,14,Desktop,North America,Q4,69.59369881095226,3236.41,249855,8731,744,43856.32
CAMP_01726,2022-12-23 19:13:57.527505504,Google,Video,25-34,Education,30,Mobile,Latin America,Q4,48.56190215509034,1582.81,169375,4973,491,27542.94
CAMP_01727,2022-12-24 00:11:48.621724348,Instagram,Display,25-34,Retail,30,Mobile,Europe,Q4,33.68618219073054,12144.05,1022839,16799,681,22518.65
CAMP_01728,2022-12-24 05:09:39.715943188,TikTok,Video,45-54,Retail,60,Desktop,North America,Q4,39.338298990890195,4329.66,455604,7190,492,20736.11
CAMP_01729,2022-12-24 10:07:30.810162032,Twitter,Native,18-24,Entertainment,30,Desktop,Other,Q4,82.61349595709022,10561.65,953397,18889,1608,101763.57
CAMP_01730,2022-12-24 15:05:21.904380876,Instagram,Social,18-24,Healthcare,7,Tablet,North America,Q4,94.68799053673914,2030.4,229411,4904,404,6010.28
CAMP_01731,2022-12-24 20:03:12.998599720,Facebook,Search,45-54,Healthcare,60,Desktop,Europe,Q4,61.82879806420452,17326.15,2266906,56834,2943,77890.1
CAMP_01732,2022-12-25 01:01:04.092818564,Instagram,Display,25-34,Retail,90,Mobile,Europe,Q4,62.877635252422465,11839.88,1087330,31874,2828,123744.93
CAMP_01733,2022-12-25 05:58:55.187037408,Instagram,Native,25-34,Technology,14,Mobile,North America,Q4,75.52906866312973,75816.22,6790905,232037,9045,581716.12
CAMP_01734,2022-12-25 10:56:46.281256252,Facebook,Display,35-44,Healthcare,90,Desktop,Other,Q4,61.4660405870637,13760.87,1393678,34965,1836,119239.35
CAMP_01735,2022-12-25 15:54:37.375475096,Google,Display,25-34,Education,30,Desktop,Asia,Q4,81.99400075940645,7176.75,992149,29330,3836,302313.32
CAMP_01736,2022-12-25 20:52:28.469693940,Twitter,Search,45-54,Travel,14,Desktop,Asia,Q4,65.8324450132637,1085.19,99665,3625,276,8992.94
CAMP_01737,2022-12-26 01:50:19.563912784,Facebook,Native,35-44,Finance,14,Tablet,Other,Q4,62.71082627304885,4282.68,468800,14091,1144,95138.66
CAMP_01738,2022-12-26 06:48:10.658131628,Google,Video,35-44,Healthcare,30,Desktop,Europe,Q4,46.015743050117635,4231.95,423853,7851,429,7372.47
CAMP_01739,2022-12-26 11:46:01.752350472,Facebook,Display,45-54,Education,14,Mobile,North America,Q4,41.09465841053435,4632.31,521318,10504,924,17780.01
CAMP_01740,2022-12-26 16:43:52.846569316,Facebook,Native,25-34,Healthcare,7,Desktop,Asia,Q4,1.0,1612.18,186648,2094,44,1692.36
CAMP_01741,2022-12-26 21:41:43.940788160,Twitter,Display,25-34,Finance,7,Desktop,North America,Q4,84.68233599883743,2818.51,268670,8875,447,27308.52
CAMP_01742,2022-12-27 02:39:35.035007004,LinkedIn,Video,25-34,Travel,14,Mobile,North America,Q4,57.06785889555349,5423.21,548684,16991,860,32392.51
CAMP_01743,2022-12-27 07:37:26.129225848,LinkedIn,Search,25-34,Entertainment,14,Mobile,Europe,Q4,51.99205310528438,30088.57,2809682,106152,3480,103925.68
CAMP_01744,2022-12-27 12:35:17.223444692,Google,Social,55+,Travel,30,Desktop,Latin America,Q4,20.965854072291336,907.64,92781,1199,50,1282.24
CAMP_01745,2022-12-27 17:33:08.317663536,Facebook,Search,45-54,Technology,14,Mobile,North America,Q4,47.19774468455296,36600.3,3439519,94923,3407,294165.89
CAMP_01746,2022-12-27 22:30:59.411882376,Instagram,Native,25-34,Finance,90,Desktop,Asia,Q4,44.56627083434209,2160.78,183313,4183,135,3983.36
CAMP_01747,2022-12-28 03:28:50.506101220,Google,Search,18-24,Education,14,Mobile,Europe,Q4,44.104538255384504,1599.9,169344,4717,449,9402.7
CAMP_01748,2022-12-28 08:26:41.600320064,Facebook,Video,18-24,Retail,14,Tablet,North America,Q4,66.65672286305255,1211.2,119026,2934,332,12014.03
CAMP_01749,2022-12-28 13:24:32.694538908,LinkedIn,Native,25-34,Entertainment,7,Mobile,Asia,Q4,62.44497106392007,5345.4,554545,18266,1627,70978.32
CAMP_01750,2022-12-28 18:22:23.788757752,Google,Search,18-24,Retail,14,Mobile,Other,Q4,32.7740813276059,11639.84,1444226,22852,1425,56476.72
CAMP_01751,2022-12-28 23:20:14.882976596,Instagram,Display,35-44,Education,7,Mobile,North America,Q4,34.04317800185335,4434.97,524537,10318,655,94088.37
CAMP_01752,2022-12-29 04:18:05.977195440,Google,Search,45-54,Healthcare,30,Mobile,North America,Q4,34.00642895339268,6294.16,658810,15785,1070,35798.42
CAMP_01753,2022-12-29 09:15:57.071414284,Google,Display,45-54,Retail,30,Mobile,North America,Q4,96.21052175134353,7025.98,700828,18421,1985,143389.49
CAMP_01754,2022-12-29 14:13:48.165633128,Google,Video,25-34,Finance,7,Mobile,Asia,Q4,89.85445257383259,30345.94,3016344,125089,8007,1054916.51
CAMP_01755,2022-12-29 19:11:39.259851972,TikTok,Video,25-34,Entertainment,14,Desktop,North America,Q4,42.954020018008045,286458.51,28050261,885813,66447,2324808.01
CAMP_01756,2022-12-30 00:09:30.354070816,Twitter,Search,35-44,Healthcare,7,Mobile,North America,Q4,20.46811360008539,1788.37,122759,2610,83,1118.07
CAMP_01757,2022-12-30 05:07:21.448289660,TikTok,Social,45-54,Finance,60,Desktop,Asia,Q4,62.560884860250404,149912.11,14955954,392027,24311,1101861.5
CAMP_01758,2022-12-30 10:05:12.542508504,Instagram,Search,45-54,Education,30,Desktop,Europe,Q4,60.93880232475343,2354.38,280172,5875,402,6984.56
CAMP_01759,2022-12-30 15:03:03.636727348,Google,Native,55+,Finance,7,Desktop,North America,Q4,66.33833973976796,153578.03,18636993,236465,21374,869580.47
CAMP_01760,2022-12-30 20:00:54.730946192,Instagram,Display,35-44,Finance,14,Mobile,Latin America,Q4,74.82747784954667,2076.6,192060,5768,236,8882.37
CAMP_01761,2022-12-31 00:58:45.825165036,Facebook,Display,35-44,Retail,90,Desktop,Latin America,Q4,69.03407906791884,54311.54,6518322,176914,9623,412725.16
CAMP_01762,2022-12-31 05:56:36.919383880,Twitter,Display,18-24,Travel,14,Mobile,Latin America,Q4,37.67120936999493,17718.83,1140303,17828,828,51131.14
CAMP_01763,2022-12-31 10:54:28.013602720,Google,Display,35-44,Retail,30,Desktop,North America,Q4,65.88082174328035,1227.66,141315,2677,324,19335.9
CAMP_01764,2022-12-31 15:52:19.107821564,Instagram,Display,25-34,Finance,14,Desktop,Latin America,Q4,77.07647150671309,355025.65,37365742,1235122,106954,6290035.45
CAMP_01765,2022-12-31 20:50:10.202040408,Google,Social,25-34,Education,30,Mobile,Asia,Q4,45.51996553993254,16788.64,2202980,45775,2000,138131.52
CAMP_01766,2023-01-01 01:48:01.296259252,Facebook,Native,35-44,Technology,90,Mobile,North America,Q1,65.99912937511718,8967.21,859059,22694,1919,125398.01
CAMP_01767,2023-01-01 06:45:52.390478096,LinkedIn,Native,25-34,Finance,90,Mobile,Europe,Q1,48.94438565064384,9314.49,997032,26154,878,112602.01
CAMP_01768,2023-01-01 11:43:43.484696940,Instagram,Display,18-24,Technology,30,Mobile,North America,Q1,99.92339441882459,4938.59,395724,11298,629,21435.39
CAMP_01769,2023-01-01 16:41:34.578915784,Facebook,Social,18-24,Entertainment,14,Desktop,Asia,Q1,33.4634572226596,2495.38,250827,3860,170,5317.86
CAMP_01770,2023-01-01 21:39:25.673134628,Facebook,Display,18-24,Healthcare,14,Desktop,Asia,Q1,83.11897873057202,30488.13,2806225,62005,3107,78962.05
CAMP_01771,2023-01-02 02:37:16.767353472,Facebook,Video,18-24,Education,14,Mobile,Asia,Q1,26.583744771494615,4802.7,586382,11284,684,59310.08
CAMP_01772,2023-01-02 07:35:07.861572316,Twitter,Social,18-24,Education,90,Desktop,North America,Q1,95.86105370433216,25715.88,2185592,44591,3612,59781.78
CAMP_01773,2023-01-02 12:32:58.955791160,Twitter,Search,25-34,Healthcare,30,Tablet,Europe,Q1,37.169018651511806,17952.32,1655704,53873,1540,75605.37
CAMP_01774,2023-01-02 17:30:50.050010004,TikTok,Display,25-34,Entertainment,14,Desktop,North America,Q1,63.79343087978672,52231.9,5107542,93141,3431,167163.44
CAMP_01775,2023-01-02 22:28:41.144228848,Twitter,Search,55+,Healthcare,7,Mobile,Latin America,Q1,27.4161362660639,1578.66,113576,2275,84,4799.08
CAMP_01776,2023-01-03 03:26:32.238447692,Facebook,Display,25-34,Finance,30,Desktop,Asia,Q1,33.000377659565785,9919.6,982164,18549,735,29114.99
CAMP_01777,2023-01-03 08:24:23.332666536,LinkedIn,Social,18-24,Healthcare,90,Mobile,North America,Q1,77.95494095249244,20314.83,2007760,47251,3309,195605.27
CAMP_01778,2023-01-03 13:22:14.426885380,Facebook,Search,35-44,Travel,30,Desktop,North America,Q1,80.56324622938942,950.41,108100,3300,329,28037.79
CAMP_01779,2023-01-03 18:20:05.521104224,Facebook,Native,45-54,Finance,7,Mobile,Asia,Q1,64.78717864735293,127483.76,16062633,256277,22848,351684.72
CAMP_01780,2023-01-03 23:17:56.615323064,Twitter,Video,35-44,Technology,7,Mobile,Europe,Q1,74.82163330980482,23911.21,1712124,54397,1487,173567.88
CAMP_01781,2023-01-04 04:15:47.709541908,Google,Display,25-34,Finance,14,Desktop,Asia,Q1,80.89757485307945,48699.92,5277234,129575,5877,251159.29
CAMP_01782,2023-01-04 09:13:38.803760752,TikTok,Search,35-44,Finance,60,Mobile,North America,Q1,46.31646272401372,6356.41,565141,15171,936,41482.56
CAMP_01783,2023-01-04 14:11:29.897979596,Facebook,Search,45-54,Retail,90,Desktop,Asia,Q1,32.02077131366371,3387.2,336336,6997,313,24943.79
CAMP_01784,2023-01-04 19:09:20.992198440,Instagram,Display,45-54,Finance,60,Mobile,North America,Q1,59.72593227594411,3227.19,333906,5729,414,27264.69
CAMP_01785,2023-01-05 00:07:12.086417284,LinkedIn,Social,35-44,Finance,30,Desktop,Europe,Q1,48.45597628205583,13016.48,1289214,32551,1451,85484.69
CAMP_01786,2023-01-05 05:05:03.180636128,Twitter,Social,45-54,Healthcare,30,Mobile,Other,Q1,67.7724296040199,39802.34,3714168,109603,5316,224828.68
CAMP_01787,2023-01-05 10:02:54.274854972,Instagram,Native,45-54,Technology,30,Mobile,Europe,Q1,70.96057224175853,6200.09,589636,13306,616,39992.83
CAMP_01788,2023-01-05 15:00:45.369073816,Instagram,Social,35-44,Healthcare,30,Desktop,North America,Q1,46.36698418861438,16687.44,1506769,36603,2067,67758.22
CAMP_01789,2023-01-05 19:58:36.463292660,Google,Social,25-34,Education,30,Mobile,Other,Q1,74.08217085932887,5505.33,627518,20272,2143,155808.99
CAMP_01790,2023-01-06 00:56:27.557511504,Instagram,Search,35-44,Travel,14,Mobile,North America,Q1,73.08276751902616,35679.23,3506387,102606,3939,45270.14
CAMP_01791,2023-01-06 05:54:18.651730348,Google,Social,45-54,Healthcare,30,Desktop,Asia,Q1,74.46635157778039,1619.77,222804,7153,531,21897.42
CAMP_01792,2023-01-06 10:52:09.745949192,LinkedIn,Display,18-24,Retail,7,Desktop,Europe,Q1,51.844152459788134,10207.53,969398,17030,658,32651.7
CAMP_01793,2023-01-06 15:50:00.840168036,Instagram,Display,55+,Travel,14,Mobile,North America,Q1,75.5984432965715,109001.73,12824674,270859,13681,567784.99
CAMP_01794,2023-01-06 20:47:51.934386880,LinkedIn,Display,25-34,Entertainment,60,Desktop,North America,Q1,70.40004561350386,15501.28,1550059,49661,2017,73127.08
CAMP_01795,2023-01-07 01:45:43.028605724,Google,Search,35-44,Technology,60,Mobile,North America,Q1,72.80369289513122,9873.91,1303214,41526,2953,53692.09
CAMP_01796,2023-01-07 06:43:34.122824568,Google,Display,45-54,Retail,30,Mobile,Latin America,Q1,93.55577126177053,5027.29,654262,17177,1663,114326.15
CAMP_01797,2023-01-07 11:41:25.217043412,LinkedIn,Native,25-34,Retail,7,Mobile,Latin America,Q1,66.55548379850823,9850.04,925526,27766,1108,67636.55
CAMP_01798,2023-01-07 16:39:16.311262252,Google,Display,35-44,Retail,60,Mobile,Europe,Q1,47.86075552005066,6126.78,702978,14236,879,15680.08
CAMP_01799,2023-01-07 21:37:07.405481096,Google,Video,18-24,Retail,30,Tablet,North America,Q1,37.79090938001072,4445.72,529252,11419,534,19292.72
CAMP_01800,2023-01-08 02:34:58.499699940,Google,Search,25-34,Travel,14,Mobile,Latin America,Q1,82.55872319987644,6164.0,845089,33263,2262,124571.99
CAMP_01801,2023-01-08 07:32:49.593918784,TikTok,Video,25-34,Healthcare,30,Desktop,Europe,Q1,67.14615352070896,4066.83,334831,12047,952,45094.18
CAMP_01802,2023-01-08 12:30:40.688137628,LinkedIn,Video,25-34,Entertainment,14,Desktop,Europe,Q1,93.40043976640449,6286.86,460388,15241,933,10989.62
CAMP_01803,2023-01-08 17:28:31.782356472,Facebook,Display,25-34,Education,14,Tablet,Europe,Q1,19.408956175990603,3055.64,371014,5981,191,5576.6
CAMP_01804,2023-01-08 22:26:22.876575316,Facebook,Search,55+,Entertainment,60,Mobile,North America,Q1,78.21334175572883,20381.43,1990614,39127,2464,306072.29
CAMP_01805,2023-01-09 03:24:13.970794160,Facebook,Search,55+,Education,7,Desktop,Europe,Q1,54.777253291587435,26281.17,3085756,54213,2721,184704.95
CAMP_01806,2023-01-09 08:22:05.065013004,Twitter,Social,18-24,Travel,7,Tablet,Europe,Q1,52.929580102376576,1954.53,172645,3321,159,7868.92
CAMP_01807,2023-01-09 13:19:56.159231848,LinkedIn,Social,45-54,Finance,7,Mobile,Europe,Q1,44.70384319702818,66134.07,4921929,88212,5258,306432.51
CAMP_01808,2023-01-09 18:17:47.253450692,Google,Search,18-24,Travel,14,Mobile,Latin America,Q1,77.99142027770286,68264.8,7049748,195268,10235,787523.21
CAMP_01809,2023-01-09 23:15:38.347669536,Google,Display,18-24,Entertainment,7,Mobile,North America,Q1,72.2707235456645,237.71,29127,610,33,2113.79
CAMP_01810,2023-01-10 04:13:29.441888380,Google,Display,18-24,Retail,14,Desktop,Europe,Q1,37.15235949921119,1097.76,116253,2132,87,5093.8
CAMP_01811,2023-01-10 09:11:20.536107224,LinkedIn,Social,55+,Entertainment,7,Desktop,North America,Q1,63.29842875850142,762.4,70409,963,43,723.4
CAMP_01812,2023-01-10 14:09:11.630326068,LinkedIn,Video,55+,Entertainment,14,Mobile,Asia,Q1,74.1222866136094,5199.63,547611,13397,500,11303.75
CAMP_01813,2023-01-10 19:07:02.724544912,Facebook,Video,25-34,Travel,14,Desktop,North America,Q1,63.56021051851813,3743.26,449286,14042,489,69872.63
CAMP_01814,2023-01-11 00:04:53.818763756,Google,Social,25-34,Technology,7,Mobile,North America,Q1,82.15680600053878,4643.55,591000,22376,1735,127742.98
CAMP_01815,2023-01-11 05:02:44.912982596,Google,Search,25-34,Healthcare,30,Desktop,Asia,Q1,54.19922912221635,758.23,77590,2745,217,11624.43
CAMP_01816,2023-01-11 10:00:36.007201440,TikTok,Video,35-44,Retail,30,Mobile,North America,Q1,14.91284653791051,49625.65,4520664,58475,1343,50173.01
CAMP_01817,2023-01-11 14:58:27.101420284,Facebook,Display,35-44,Technology,7,Desktop,Europe,Q1,63.73435121536473,39289.79,3618639,85462,2789,138514.64
CAMP_01818,2023-01-11 19:56:18.195639128,LinkedIn,Native,25-34,Retail,30,Mobile,Other,Q1,63.6125153881016,333.01,32211,970,26,814.57
CAMP_01819,2023-01-12 00:54:09.289857972,Instagram,Social,45-54,Finance,90,Mobile,Europe,Q1,66.22372993408709,1573.62,172703,4260,319,23478.72
CAMP_01820,2023-01-12 05:52:00.384076816,Facebook,Social,25-34,Education,60,Desktop,North America,Q1,82.13958195935402,35501.62,4050904,158819,7538,1077685.14
CAMP_01821,2023-01-12 10:49:51.478295660,Google,Search,55+,Technology,7,Mobile,North America,Q1,20.95073493413387,40079.99,3924454,56895,1785,187396.21
CAMP_01822,2023-01-12 15:47:42.572514504,Google,Search,35-44,Finance,30,Mobile,Asia,Q1,55.23033391334679,1279.56,167210,5186,171,12856.19
CAMP_01823,2023-01-12 20:45:33.666733348,Instagram,Native,25-34,Technology,14,Tablet,North America,Q1,41.54684383996897,4441.12,470004,7768,503,19794.68
CAMP_01824,2023-01-13 01:43:24.760952192,Twitter,Native,45-54,Retail,7,Mobile,Asia,Q1,35.83939223763031,1072.45,88678,1482,55,1056.37
CAMP_01825,2023-01-13 06:41:15.855171036,Instagram,Display,45-54,Finance,14,Desktop,Asia,Q1,58.55402000874215,2909.49,286196,6047,168,2753.3
CAMP_01826,2023-01-13 11:39:06.949389880,Instagram,Social,25-34,Retail,14,Mobile,Europe,Q1,74.0364406056135,13080.13,1242451,39693,3682,71862.21
CAMP_01827,2023-01-13 16:36:58.043608724,Google,Display,25-34,Healthcare,30,Mobile,Asia,Q1,66.01893209718318,1568.18,152392,3965,380,7777.17
CAMP_01828,2023-01-13 21:34:49.137827568,TikTok,Display,55+,Retail,30,Mobile,North America,Q1,46.24955155008479,5456.6,445281,6138,243,10306.5
CAMP_01829,2023-01-14 02:32:40.232046412,Twitter,Search,25-34,Retail,30,Tablet,Europe,Q1,57.09056800912563,8435.7,755285,23756,1197,58947.3
CAMP_01830,2023-01-14 07:30:31.326265256,Facebook,Search,18-24,Healthcare,14,Mobile,Asia,Q1,78.59792889259232,32970.85,4042541,91732,4433,266346.29
CAMP_01831,2023-01-14 12:28:22.420484100,TikTok,Native,35-44,Healthcare,14,Desktop,North America,Q1,73.66258490120045,67553.49,6967992,180714,11409,812784.01
CAMP_01832,2023-01-14 17:26:13.514702944,Instagram,Video,45-54,Retail,14,Tablet,North America,Q1,48.94459973546741,45865.46,4583911,114485,7413,326529.24
CAMP_01833,2023-01-14 22:24:04.608921784,Instagram,Search,45-54,Healthcare,14,Mobile,Asia,Q1,47.65007248672045,4205.59,338010,9086,254,13669.86
CAMP_01834,2023-01-15 03:21:55.703140628,LinkedIn,Native,55+,Education,90,Desktop,Asia,Q1,25.670316788020052,605.05,43854,526,20,265.72
CAMP_01835,2023-01-15 08:19:46.797359472,Twitter,Native,35-44,Entertainment,30,Desktop,Europe,Q1,51.411773328352716,20724.31,1449022,32287,798,45801.69
CAMP_01836,2023-01-15 13:17:37.891578316,LinkedIn,Display,18-24,Retail,90,Mobile,Asia,Q1,25.28422139122967,4869.92,457287,6211,152,7338.47
CAMP_01837,2023-01-15 18:15:28.985797160,Google,Display,35-44,Healthcare,30,Mobile,Europe,Q1,100.0,5634.5,621570,17536,1435,28288.95
CAMP_01838,2023-01-15 23:13:20.080016004,Facebook,Search,45-54,Entertainment,14,Mobile,Latin America,Q1,42.8976368626658,23295.68,2161362,55311,2534,118357.38
CAMP_01839,2023-01-16 04:11:11.174234848,TikTok,Display,18-24,Retail,14,Desktop,Asia,Q1,82.17961710626435,26386.36,2508349,53775,2914,103689.27
CAMP_01840,2023-01-16 09:09:02.268453692,Google,Native,25-34,Education,14,Desktop,North America,Q1,96.36212415783982,8181.46,1016460,32849,2967,138717.85
CAMP_01841,2023-01-16 14:06:53.362672536,Facebook,Native,18-24,Travel,14,Mobile,North America,Q1,64.32402817055977,14440.61,1866455,40718,2069,77358.26
CAMP_01842,2023-01-16 19:04:44.456891380,Facebook,Display,35-44,Education,60,Mobile,Asia,Q1,57.99971487226187,881.95,115767,2018,179,30910.54
CAMP_01843,2023-01-17 00:02:35.551110224,Facebook,Video,45-54,Education,14,Tablet,Latin America,Q1,33.55269487889835,29220.39,3571161,64534,1643,99332.85
CAMP_01844,2023-01-17 05:00:26.645329068,Instagram,Video,35-44,Entertainment,14,Mobile,North America,Q1,49.90799756702449,45132.93,4777315,94380,3550,216559.71
CAMP_01845,2023-01-17 09:58:17.739547912,TikTok,Native,55+,Healthcare,30,Desktop,Europe,Q1,92.07930095738053,8143.12,800562,17846,1343,38998.25
CAMP_01846,2023-01-17 14:56:08.833766756,Google,Display,18-24,Entertainment,60,Mobile,North America,Q1,67.02505259244538,5550.42,558337,8732,760,62088.71
CAMP_01847,2023-01-17 19:53:59.927985600,Google,Search,55+,Education,14,Desktop,North America,Q1,60.56696414917675,799.36,110062,2097,95,5454.02
CAMP_01848,2023-01-18 00:51:51.022204444,Google,Search,45-54,Entertainment,30,Tablet,Asia,Q1,86.24246418351325,593.62,62416,1767,196,4245.99
CAMP_01849,2023-01-18 05:49:42.116423288,Twitter,Search,25-34,Technology,7,Mobile,North America,Q1,73.92581096911432,6545.26,626115,21038,1072,34972.43
CAMP_01850,2023-01-18 10:47:33.210642128,Instagram,Video,55+,Technology,30,Mobile,Asia,Q1,57.042537044404746,35334.5,3076274,51252,2111,164421.23
CAMP_01851,2023-01-18 15:45:24.304860972,Facebook,Display,25-34,Education,7,Mobile,Latin America,Q1,64.32511671347194,8056.47,932027,25235,1990,168301.72
CAMP_01852,2023-01-18 20:43:15.399079816,Twitter,Native,45-54,Retail,7,Mobile,Other,Q1,44.63869925137385,3468.79,305882,6568,256,8902.39
CAMP_01853,2023-01-19 01:41:06.493298660,Twitter,Native,45-54,Entertainment,30,Mobile,North America,Q1,48.77918707272828,1971.82,148945,2528,103,3803.99
CAMP_01854,2023-01-19 06:38:57.587517504,Twitter,Social,45-54,Travel,14,Desktop,Asia,Q1,55.87402741482683,1490.34,139078,2778,85,4853.98
CAMP_01855,2023-01-19 11:36:48.681736348,TikTok,Video,35-44,Entertainment,30,Mobile,Latin America,Q1,71.1494212474738,2446.53,276574,7251,266,19578.8
CAMP_01856,2023-01-19 16:34:39.775955192,Facebook,Display,18-24,Travel,60,Mobile,North America,Q1,35.05274054619909,836.58,88927,1544,43,782.06
CAMP_01857,2023-01-19 21:32:30.870174036,LinkedIn,Search,35-44,Entertainment,7,Desktop,Europe,Q1,61.52480660845457,16448.8,1441592,50579,3740,265052.31
CAMP_01858,2023-01-20 02:30:21.964392880,Facebook,Display,25-34,Retail,30,Desktop,Latin America,Q1,52.20275679873871,1280.86,148797,4066,296,20246.86
CAMP_01859,2023-01-20 07:28:13.058611724,Twitter,Native,45-54,Education,30,Mobile,North America,Q1,41.98141563067591,56908.75,4431495,80664,2736,157384.0
CAMP_01860,2023-01-20 12:26:04.152830568,LinkedIn,Search,45-54,Technology,7,Desktop,Latin America,Q1,52.31016901016691,12527.57,1117622,20943,1253,68933.52
CAMP_01861,2023-01-20 17:23:55.247049412,Twitter,Video,55+,Finance,30,Desktop,Europe,Q1,13.571934738995559,5240.42,419748,4985,107,5035.82
CAMP_01862,2023-01-20 22:21:46.341268256,LinkedIn,Native,18-24,Technology,30,Desktop,North America,Q1,44.848226519432416,18355.66,1806246,34709,1123,64853.06
CAMP_01863,2023-01-21 03:19:37.435487100,Google,Native,45-54,Technology,30,Mobile,Europe,Q1,38.01026235848088,7618.09,915702,11620,829,51342.06
CAMP_01864,2023-01-21 08:17:28.529705944,Instagram,Video,55+,Finance,60,Mobile,North America,Q1,54.401679147984716,51207.35,4345334,84722,2396,168792.5
CAMP_01865,2023-01-21 13:15:19.623924788,TikTok,Search,45-54,Technology,30,Desktop,North America,Q1,14.40420354072134,14595.08,1443491,28572,1098,36048.33
CAMP_01866,2023-01-21 18:13:10.718143632,TikTok,Display,18-24,Healthcare,90,Desktop,Europe,Q1,63.817854870189386,1190.78,96138,1850,126,3176.17
CAMP_01867,2023-01-21 23:11:01.812362472,Google,Display,18-24,Education,30,Desktop,Europe,Q1,78.18846592813726,20685.49,2187756,55498,2709,112404.56
CAMP_01868,2023-01-22 04:08:52.906581316,Google,Display,18-24,Technology,7,Mobile,Europe,Q1,57.654072555402024,24765.16,3431301,66859,3863,277873.42
CAMP_01869,2023-01-22 09:06:44.000800160,Google,Search,35-44,Technology,14,Desktop,North America,Q1,69.97583746808753,9910.82,1315630,34366,3038,281924.09
CAMP_01870,2023-01-22 14:04:35.095019004,LinkedIn,Native,35-44,Entertainment,7,Desktop,Asia,Q1,49.74538887197514,8441.72,613661,10784,483,44169.62
CAMP_01871,2023-01-22 19:02:26.189237848,Twitter,Search,55+,Entertainment,30,Mobile,Europe,Q1,28.907577524482527,91.32,7190,144,4,65.09
CAMP_01872,2023-01-23 00:00:17.283456692,Google,Video,25-34,Travel,30,Mobile,Asia,Q1,60.03382642571305,6414.26,702055,22309,1153,101102.38
CAMP_01873,2023-01-23 04:58:08.377675536,Instagram,Search,25-34,Retail,14,Desktop,Asia,Q1,73.60756753970438,389.01,43206,1237,81,6198.74
CAMP_01874,2023-01-23 09:55:59.471894380,Twitter,Display,35-44,Education,7,Desktop,North America,Q1,33.512237487846846,16450.74,1085720,22279,407,8383.68
CAMP_01875,2023-01-23 14:53:50.566113224,LinkedIn,Social,45-54,Finance,14,Mobile,North America,Q1,50.695454473563295,6654.34,586927,13579,868,9153.97
CAMP_01876,2023-01-23 19:51:41.660332068,Instagram,Search,55+,Healthcare,7,Desktop,Latin America,Q1,55.05767198191167,218.2,25258,710,34,683.09
CAMP_01877,2023-01-24 00:49:32.754550912,Instagram,Display,45-54,Retail,30,Desktop,Asia,Q1,100.0,462.21,55361,1212,79,2698.53
CAMP_01878,2023-01-24 05:47:23.848769756,Instagram,Display,25-34,Finance,30,Desktop,North America,Q1,64.46742389439784,5673.32,561527,17827,1028,13380.24
CAMP_01879,2023-01-24 10:45:14.942988600,Facebook,Social,35-44,Technology,90,Desktop,Asia,Q1,21.888528422724455,14403.31,1550144,23144,1060,87727.33
CAMP_01880,2023-01-24 15:43:06.037207444,Instagram,Display,45-54,Technology,7,Desktop,North America,Q1,16.942981963155802,3285.25,296577,3998,112,2234.19
CAMP_01881,2023-01-24 20:40:57.131426288,LinkedIn,Social,35-44,Finance,30,Mobile,North America,Q1,74.609976605275,1105.61,92994,2879,118,4748.82
CAMP_01882,2023-01-25 01:38:48.225645132,Twitter,Display,25-34,Education,30,Mobile,Europe,Q1,100.0,6202.39,415220,12538,1030,29519.37
CAMP_01883,2023-01-25 06:36:39.319863976,Instagram,Display,25-34,Entertainment,60,Desktop,North America,Q1,54.38051030798562,20493.5,1873115,39477,2701,169904.04
CAMP_01884,2023-01-25 11:34:30.414082820,LinkedIn,Search,18-24,Healthcare,30,Mobile,Other,Q1,53.18360815882981,45080.4,3724876,102068,4580,213978.45
CAMP_01885,2023-01-25 16:32:21.508301660,Google,Native,45-54,Healthcare,7,Desktop,Latin America,Q1,68.61548352395192,685.46,74546,2169,217,3235.22
CAMP_01886,2023-01-25 21:30:12.602520504,Facebook,Native,18-24,Finance,14,Desktop,Europe,Q1,44.034071833097826,220.34,21022,409,30,2026.74
CAMP_01887,2023-01-26 02:28:03.696739348,Google,Display,25-34,Travel,30,Mobile,North America,Q1,9.11690759142654,872.2,101988,1440,30,443.95
CAMP_01888,2023-01-26 07:25:54.790958192,Google,Display,25-34,Healthcare,30,Desktop,North America,Q1,80.74528778551372,32685.49,4553274,134290,10781,1024425.92
CAMP_01889,2023-01-26 12:23:45.885177036,LinkedIn,Video,35-44,Technology,60,Mobile,North America,Q1,47.73635743196341,6096.19,503621,14798,593,12918.19
CAMP_01890,2023-01-26 17:21:36.979395880,TikTok,Search,25-34,Technology,7,Mobile,Europe,Q1,81.00235731642742,6284.06,595458,18898,1073,49397.92
CAMP_01891,2023-01-26 22:19:28.073614724,Google,Search,35-44,Healthcare,90,Mobile,North America,Q1,44.780264193786394,35236.28,4880521,102518,6330,220792.61
CAMP_01892,2023-01-27 03:17:19.167833568,Facebook,Native,18-24,Finance,7,Tablet,Europe,Q1,62.435582549210764,2193.47,195198,3205,214,7088.87
CAMP_01893,2023-01-27 08:15:10.262052412,Twitter,Native,18-24,Retail,90,Mobile,Europe,Q1,77.09663894977389,2548.63,168448,3439,262,5987.84
CAMP_01894,2023-01-27 13:13:01.356271256,Google,Display,35-44,Education,60,Desktop,Latin America,Q1,81.40701902143743,86264.92,8984883,201742,17095,1077778.26
CAMP_01895,2023-01-27 18:10:52.450490100,Instagram,Search,25-34,Entertainment,30,Mobile,Latin America,Q1,64.65977334962848,600.01,48582,1219,90,1109.22
CAMP_01896,2023-01-27 23:08:43.544708944,LinkedIn,Social,25-34,Entertainment,30,Mobile,Europe,Q1,63.664781915979994,966.53,79542,1983,130,7634.37
CAMP_01897,2023-01-28 04:06:34.638927788,Instagram,Social,18-24,Retail,7,Mobile,Europe,Q1,72.39412360358223,4952.71,588121,10480,497,11574.53
CAMP_01898,2023-01-28 09:04:25.733146632,Google,Video,45-54,Technology,7,Desktop,North America,Q1,69.28339068788304,9330.31,1075338,34399,2799,185014.39
CAMP_01899,2023-01-28 14:02:16.827365476,Facebook,Display,35-44,Travel,7,Mobile,North America,Q1,34.17638931657373,4562.63,516278,11123,754,13875.77
CAMP_01900,2023-01-28 19:00:07.921584320,Twitter,Search,18-24,Education,7,Mobile,Latin America,Q1,34.55835291392316,52480.76,4535483,77283,3056,147453.44
CAMP_01901,2023-01-28 23:57:59.015803164,Instagram,Display,18-24,Technology,30,Desktop,Asia,Q1,17.81881793958241,18431.84,1575312,12825,557,23722.79
CAMP_01902,2023-01-29 04:55:50.110022004,Google,Display,55+,Retail,14,Mobile,North America,Q1,75.33016001679293,6328.73,891232,16952,1478,267063.65
CAMP_01903,2023-01-29 09:53:41.204240848,LinkedIn,Video,35-44,Finance,60,Mobile,Europe,Q1,52.08540452578,2420.63,244701,6131,418,22948.73
CAMP_01904,2023-01-29 14:51:32.298459692,Google,Search,25-34,Technology,14,Mobile,Latin America,Q1,76.40394490752604,273.0,33922,1267,53,3626.08
CAMP_01905,2023-01-29 19:49:23.392678536,LinkedIn,Display,45-54,Entertainment,30,Mobile,North America,Q1,68.07421146908982,7048.62,685280,15388,876,24567.1
CAMP_01906,2023-01-30 00:47:14.486897380,Google,Video,45-54,Travel,30,Desktop,North America,Q1,39.95146636858061,11635.68,1612165,39928,2466,42016.71
CAMP_01907,2023-01-30 05:45:05.581116224,TikTok,Display,45-54,Technology,14,Mobile,Latin America,Q1,57.59555132930442,9922.92,1073334,18485,990,186213.83
CAMP_01908,2023-01-30 10:42:56.675335068,Facebook,Social,35-44,Retail,14,Mobile,Europe,Q1,50.90355896671816,2057.63,250510,5098,419,55135.79
CAMP_01909,2023-01-30 15:40:47.769553912,Facebook,Social,25-34,Education,14,Desktop,Europe,Q1,47.81553039472875,6267.26,612010,12785,995,35834.21
CAMP_01910,2023-01-30 20:38:38.863772756,Google,Search,18-24,Retail,30,Desktop,North America,Q1,78.30574650986563,4077.64,516869,17225,1967,147948.59
CAMP_01911,2023-01-31 01:36:29.957991600,Facebook,Search,55+,Travel,30,Desktop,Latin America,Q1,100.0,1494.37,159766,4741,360,15212.72
CAMP_01912,2023-01-31 06:34:21.052210444,Twitter,Native,35-44,Entertainment,14,Desktop,Asia,Q1,82.32407283487096,4422.47,418070,14910,807,24877.45
CAMP_01913,2023-01-31 11:32:12.146429288,TikTok,Display,25-34,Travel,60,Desktop,Europe,Q1,59.460872652851926,6987.9,571267,15340,553,19024.74
CAMP_01914,2023-01-31 16:30:03.240648132,Facebook,Display,55+,Retail,7,Desktop,North America,Q1,85.19015519912249,3803.13,488148,12277,1160,26149.22
CAMP_01915,2023-01-31 21:27:54.334866976,Facebook,Display,55+,Retail,30,Desktop,Europe,Q1,94.25805300621607,5399.59,491239,11178,554,34741.14
CAMP_01916,2023-02-01 02:25:45.429085820,LinkedIn,Display,55+,Finance,14,Desktop,North America,Q1,32.152584353794055,527.69,44160,663,31,2072.97
CAMP_01917,2023-02-01 07:23:36.523304664,Twitter,Display,45-54,Finance,30,Desktop,North America,Q1,84.49709522725061,15625.36,1076507,26015,1909,73589.36
CAMP_01918,2023-02-01 12:21:27.617523508,Instagram,Native,55+,Technology,60,Mobile,North America,Q1,75.3936403748641,27326.77,3230268,43709,1403,17814.74
CAMP_01919,2023-02-01 17:19:18.711742348,Facebook,Search,25-34,Travel,30,Desktop,North America,Q1,83.76238113312999,18919.28,2240244,101805,8665,449289.66
CAMP_01920,2023-02-01 22:17:09.805961192,Facebook,Search,45-54,Education,14,Desktop,Other,Q1,76.26574912033801,5797.21,670846,19455,1750,28877.1
CAMP_01921,2023-02-02 03:15:00.900180036,LinkedIn,Native,45-54,Entertainment,7,Desktop,North America,Q1,55.44541984931718,4430.76,463856,8823,246,10652.16
CAMP_01922,2023-02-02 08:12:51.994398880,Google,Video,25-34,Retail,60,Mobile,Europe,Q1,100.0,1132.59,118387,3461,378,31545.31
CAMP_01923,2023-02-02 13:10:43.088617724,Instagram,Display,18-24,Entertainment,14,Mobile,North America,Q1,66.79197217164298,4634.81,506950,10072,307,4206.37
CAMP_01924,2023-02-02 18:08:34.182836568,Facebook,Search,55+,Entertainment,7,Mobile,Asia,Q1,51.31345958611493,39788.61,3647328,56385,4590,205682.7
CAMP_01925,2023-02-02 23:06:25.277055412,Twitter,Search,25-34,Finance,30,Mobile,North America,Q1,70.11956030080748,6483.1,504374,20040,1248,112500.21
CAMP_01926,2023-02-03 04:04:16.371274256,Google,Video,45-54,Travel,14,Mobile,Europe,Q1,79.4479180345572,7104.86,1015207,22332,1561,36307.78
CAMP_01927,2023-02-03 09:02:07.465493100,Instagram,Search,18-24,Retail,7,Mobile,Asia,Q1,61.89522151723992,17044.98,1644196,39668,2946,212185.63
CAMP_01928,2023-02-03 13:59:58.559711944,Instagram,Search,18-24,Technology,60,Mobile,Other,Q1,67.8627276704445,29104.9,3383793,111086,8345,254284.7
CAMP_01929,2023-02-03 18:57:49.653930788,Instagram,Search,35-44,Retail,14,Mobile,Asia,Q1,61.76734164207303,7935.03,723871,21272,614,14218.35
CAMP_01930,2023-02-03 23:55:40.748149632,Google,Search,25-34,Entertainment,14,Desktop,North America,Q1,46.79848533798713,24849.87,2547278,55334,2335,36873.83
CAMP_01931,2023-02-04 04:53:31.842368476,Instagram,Display,35-44,Healthcare,30,Desktop,North America,Q1,43.56351082744458,5012.72,484421,9424,362,27447.81
CAMP_01932,2023-02-04 09:51:22.936587320,Instagram,Video,35-44,Technology,60,Mobile,Asia,Q1,31.943674268568255,4512.94,453975,10309,504,24791.93
CAMP_01933,2023-02-04 14:49:14.030806164,Instagram,Search,18-24,Retail,7,Desktop,North America,Q1,90.3604006809349,667.44,71302,2750,166,16998.46
CAMP_01934,2023-02-04 19:47:05.125025008,Instagram,Video,25-34,Retail,30,Mobile,Europe,Q1,55.53165503740678,45294.23,3835181,84770,3873,292187.74
CAMP_01935,2023-02-05 00:44:56.219243852,LinkedIn,Native,25-34,Retail,30,Mobile,Other,Q1,1.0,11951.03,864658,7663,226,2681.73
CAMP_01936,2023-02-05 05:42:47.313462696,Twitter,Search,25-34,Finance,14,Desktop,Asia,Q1,67.93066158559017,205500.65,18580935,602718,25198,223473.84
CAMP_01937,2023-02-05 10:40:38.407681536,Facebook,Display,45-54,Technology,14,Desktop,Asia,Q1,67.51654209014605,35640.7,3619815,98744,7320,534759.38
CAMP_01938,2023-02-05 15:38:29.501900380,Twitter,Social,25-34,Technology,7,Desktop,Latin America,Q1,22.66864634339209,5835.87,455027,6786,150,6385.76
CAMP_01939,2023-02-05 20:36:20.596119224,Instagram,Search,18-24,Education,30,Mobile,Europe,Q1,43.35207583333475,8084.16,777194,19970,736,12811.08
CAMP_01940,2023-02-06 01:34:11.690338068,Google,Display,35-44,Finance,60,Desktop,Asia,Q1,42.474219308781414,52811.28,5356935,106562,3445,222019.92
CAMP_01941,2023-02-06 06:32:02.784556912,Google,Social,18-24,Entertainment,7,Mobile,North America,Q1,45.15464618415447,132377.77,18915890,349640,21775,1415238.21
CAMP_01942,2023-02-06 11:29:53.878775756,Facebook,Social,18-24,Retail,60,Mobile,Other,Q1,84.2555172340714,484.83,42942,1073,45,2446.21
CAMP_01943,2023-02-06 16:27:44.972994600,Twitter,Search,25-34,Technology,30,Mobile,North America,Q1,57.02244903866327,1622.61,125602,4189,225,21070.84
CAMP_01944,2023-02-06 21:25:36.067213444,LinkedIn,Video,45-54,Finance,14,Desktop,Europe,Q1,51.45530230367698,84502.95,6127634,121928,5677,627330.22
CAMP_01945,2023-02-07 02:23:27.161432288,Twitter,Search,55+,Retail,30,Mobile,North America,Q1,82.44779884441186,11288.64,1005050,29024,2147,71254.67
CAMP_01946,2023-02-07 07:21:18.255651132,Instagram,Social,45-54,Retail,7,Mobile,North America,Q1,69.9069549036741,17318.04,1799021,52810,2558,501782.69
CAMP_01947,2023-02-07 12:19:09.349869976,Facebook,Video,25-34,Education,60,Desktop,Europe,Q1,25.18043484046902,6699.62,835552,16064,695,38103.53
CAMP_01948,2023-02-07 17:17:00.444088820,Google,Display,25-34,Travel,30,Mobile,North America,Q1,47.66752721664194,136.43,15378,246,20,3640.36
CAMP_01949,2023-02-07 22:14:51.538307664,Facebook,Social,35-44,Retail,30,Mobile,Europe,Q1,66.43924174267892,4328.93,437042,12935,694,53525.87
CAMP_01950,2023-02-08 03:12:42.632526508,Facebook,Video,45-54,Technology,30,Mobile,Europe,Q1,41.32219731975934,855.25,108955,1615,54,3388.03
CAMP_01951,2023-02-08 08:10:33.726745352,Google,Social,55+,Travel,30,Mobile,Europe,Q1,100.0,219170.26,26693216,654223,41091,2176173.87
CAMP_01952,2023-02-08 13:08:24.820964196,Google,Search,18-24,Retail,60,Desktop,North America,Q1,62.25757527305167,84077.74,10807061,245039,21557,754621.54
CAMP_01953,2023-02-08 18:06:15.915183040,Instagram,Search,18-24,Healthcare,30,Desktop,Europe,Q1,44.9324732084495,422.08,36985,972,68,5030.39
CAMP_01954,2023-02-08 23:04:07.009401880,LinkedIn,Video,35-44,Travel,60,Mobile,Asia,Q1,37.541127133279005,26232.71,2495205,54945,2121,30347.44
CAMP_01955,2023-02-09 04:01:58.103620724,TikTok,Social,45-54,Travel,30,Mobile,North America,Q1,78.55055176071406,149796.64,14284470,410349,17341,643961.91
CAMP_01956,2023-02-09 08:59:49.197839568,TikTok,Display,45-54,Finance,7,Desktop,Europe,Q1,47.04276126012086,521.35,43318,941,51,7602.76
CAMP_01957,2023-02-09 13:57:40.292058412,Instagram,Search,35-44,Retail,60,Mobile,Europe,Q1,67.59848356583414,60431.68,7227110,260309,21378,365548.93
CAMP_01958,2023-02-09 18:55:31.386277256,Facebook,Search,55+,Technology,30,Desktop,Latin America,Q1,36.96961286251134,447174.72,39515908,687066,41714,2988267.55
CAMP_01959,2023-02-09 23:53:22.480496100,Instagram,Social,35-44,Education,30,Mobile,Asia,Q1,61.40395583049006,89815.66,9767548,212649,7920,454576.7
CAMP_01960,2023-02-10 04:51:13.574714944,Twitter,Native,55+,Travel,90,Mobile,North America,Q1,47.28228204233078,4879.16,400945,4908,148,9162.21
CAMP_01961,2023-02-10 09:49:04.668933788,Google,Search,55+,Healthcare,7,Tablet,Latin America,Q1,53.69211173049892,8476.86,1174510,18179,1539,119500.73
CAMP_01962,2023-02-10 14:46:55.763152632,Facebook,Display,45-54,Entertainment,14,Desktop,Asia,Q1,44.07438399229086,22481.53,1983896,41022,2324,87745.4
CAMP_01963,2023-02-10 19:44:46.857371476,Twitter,Native,25-34,Entertainment,14,Mobile,Asia,Q1,80.51252555616541,4865.62,362781,11018,756,16693.71
CAMP_01964,2023-02-11 00:42:37.951590320,Facebook,Search,25-34,Entertainment,30,Mobile,Europe,Q1,50.17992049751348,1075.27,99663,2920,103,5107.42
CAMP_01965,2023-02-11 05:40:29.045809164,Instagram,Display,35-44,Education,60,Mobile,Asia,Q1,57.13085610160596,1700.87,187069,5095,268,3331.27
CAMP_01966,2023-02-11 10:38:20.140028008,Instagram,Video,35-44,Entertainment,90,Mobile,Europe,Q1,58.09715438402512,13849.52,1127751,37644,2442,86620.76
CAMP_01967,2023-02-11 15:36:11.234246852,Google,Social,45-54,Healthcare,14,Tablet,Asia,Q1,92.24540243267256,139783.24,19068848,406648,40140,2496718.88
CAMP_01968,2023-02-11 20:34:02.328465696,Facebook,Display,18-24,Technology,30,Desktop,Latin America,Q1,77.80617174782799,9035.9,997340,20038,993,25424.22
CAMP_01969,2023-02-12 01:31:53.422684540,Facebook,Search,25-34,Entertainment,60,Mobile,Latin America,Q1,75.81361516555918,6698.49,596822,24306,962,83185.1
CAMP_01970,2023-02-12 06:29:44.516903384,Google,Search,45-54,Finance,30,Mobile,Europe,Q1,28.442267539473967,4076.33,393261,7379,407,24054.36
CAMP_01971,2023-02-12 11:27:35.611122224,Google,Display,18-24,Technology,14,Desktop,Latin America,Q1,46.87215224794922,2315.97,321824,4151,211,7563.63
CAMP_01972,2023-02-12 16:25:26.705341068,Twitter,Search,25-34,Education,30,Mobile,North America,Q1,83.77237431657831,2717.87,199435,7458,455,16651.86
CAMP_01973,2023-02-12 21:23:17.799559912,Facebook,Video,25-34,Entertainment,90,Desktop,North America,Q1,36.581383691567005,49475.74,6529840,145360,9943,708080.61
CAMP_01974,2023-02-13 02:21:08.893778756,Instagram,Search,35-44,Travel,90,Desktop,Europe,Q1,61.68027096243459,15337.22,1578643,62041,3286,140121.83
CAMP_01975,2023-02-13 07:18:59.987997600,Facebook,Search,25-34,Retail,30,Desktop,Asia,Q1,38.69476991478422,6356.48,582096,12638,881,36494.49
CAMP_01976,2023-02-13 12:16:51.082216444,TikTok,Search,45-54,Healthcare,60,Desktop,North America,Q1,40.70185489181186,714.51,72534,1772,60,2925.06
CAMP_01977,2023-02-13 17:14:42.176435288,Facebook,Social,25-34,Technology,14,Desktop,Europe,Q1,93.61571305728407,4942.39,504168,21145,896,52698.23
CAMP_01978,2023-02-13 22:12:33.270654132,Facebook,Social,55+,Travel,14,Tablet,North America,Q1,74.38541283152777,5286.28,474583,10023,634,51261.63
CAMP_01979,2023-02-14 03:10:24.364872976,Twitter,Social,35-44,Retail,90,Mobile,Europe,Q1,79.66280455589174,32895.87,2431454,60854,2186,49522.49
CAMP_01980,2023-02-14 08:08:15.459091820,Twitter,Video,25-34,Entertainment,7,Desktop,Latin America,Q1,75.67482960327558,2827.94,223054,8786,570,9701.18
CAMP_01981,2023-02-14 13:06:06.553310664,Google,Display,18-24,Entertainment,7,Mobile,Asia,Q1,57.21423275540995,26731.86,2620214,53552,2570,185713.4
CAMP_01982,2023-02-14 18:03:57.647529508,Twitter,Search,18-24,Technology,14,Mobile,North America,Q1,46.16806584192206,10404.72,974076,22035,1142,103311.18
CAMP_01983,2023-02-14 23:01:48.741748352,Facebook,Native,35-44,Travel,30,Mobile,Other,Q1,51.95819481165014,75875.03,8283958,226089,7334,627676.11
CAMP_01984,2023-02-15 03:59:39.835967196,Instagram,Social,18-24,Education,30,Desktop,Asia,Q1,56.16347091226507,236.45,23127,460,14,178.86
CAMP_01985,2023-02-15 08:57:30.930186040,Google,Social,25-34,Technology,14,Mobile,Asia,Q1,95.52572138655833,13713.57,1819158,77644,5094,304771.29
CAMP_01986,2023-02-15 13:55:22.024404884,Google,Display,35-44,Retail,60,Desktop,Asia,Q1,33.27287137940941,1937.93,193825,3783,185,4043.09
CAMP_01987,2023-02-15 18:53:13.118623728,LinkedIn,Search,25-34,Technology,60,Desktop,Other,Q1,48.92677102762411,4671.83,371146,12806,824,64026.37
CAMP_01988,2023-02-15 23:51:04.212842572,Instagram,Search,25-34,Technology,14,Mobile,Asia,Q1,41.74073267389235,2135.28,191141,5500,240,14708.2
CAMP_01989,2023-02-16 04:48:55.307061412,Facebook,Display,45-54,Education,14,Desktop,Europe,Q1,81.1324639504096,137055.68,17140446,379561,14025,192463.43
CAMP_01990,2023-02-16 09:46:46.401280256,LinkedIn,Video,55+,Travel,30,Desktop,North America,Q1,97.07576518678194,77694.98,6694654,158511,6280,275332.95
CAMP_01991,2023-02-16 14:44:37.495499100,LinkedIn,Native,18-24,Retail,30,Desktop,Asia,Q1,66.17572719652792,24172.42,2321652,37587,2913,167838.66
CAMP_01992,2023-02-16 19:42:28.589717944,Google,Display,25-34,Finance,14,Mobile,Europe,Q1,67.82031669687169,2547.93,363023,10488,864,29900.54
CAMP_01993,2023-02-17 00:40:19.683936788,Instagram,Display,55+,Healthcare,14,Desktop,Europe,Q1,61.82641846083871,29253.08,3372455,58131,4800,325495.55
CAMP_01994,2023-02-17 05:38:10.778155632,Google,Video,18-24,Retail,14,Desktop,North America,Q1,68.7495797856225,1067.86,150043,3373,351,32305.36
CAMP_01995,2023-02-17 10:36:01.872374476,LinkedIn,Native,55+,Technology,14,Mobile,Europe,Q1,75.46310324715255,406328.71,30089065,415277,11842,452605.78
CAMP_01996,2023-02-17 15:33:52.966593320,LinkedIn,Search,18-24,Technology,14,Mobile,Europe,Q1,68.51281025773643,146646.18,15523460,389764,24075,3239957.89
CAMP_01997,2023-02-17 20:31:44.060812164,TikTok,Search,45-54,Healthcare,30,Mobile,Asia,Q1,69.9766865655659,5647.4,496599,16662,786,21742.53
CAMP_01998,2023-02-18 01:29:35.155031008,Google,Native,25-34,Entertainment,30,Desktop,Asia,Q1,75.5082872698775,22648.96,2549246,80801,8654,111141.68
CAMP_01999,2023-02-18 06:27:26.249249852,Google,Display,55+,Entertainment,30,Mobile,North America,Q1,24.434437974898657,48599.05,5971810,57751,1685,151540.33
CAMP_02000,2023-02-18 11:25:17.343468696,Facebook,Search,25-34,Retail,14,Mobile,North America,Q1,60.04017860291451,1696.96,209905,6474,410,19229.13
CAMP_02001,2023-02-18 16:23:08.437687540,Facebook,Video,35-44,Education,30,Desktop,North America,Q1,66.10418084169035,11951.87,1146972,27760,1892,94837.02
CAMP_02002,2023-02-18 21:20:59.531906384,Google,Display,18-24,Entertainment,7,Mobile,North America,Q1,68.32296361038583,85865.32,10799289,242945,18030,573133.43
CAMP_02003,2023-02-19 02:18:50.626125228,TikTok,Social,25-34,Education,14,Tablet,North America,Q1,56.58227476432093,6483.77,623755,15533,686,18939.12
CAMP_02004,2023-02-19 07:16:41.720344072,Google,Social,45-54,Finance,30,Mobile,Asia,Q1,63.21502999594304,11740.43,1507397,40359,1910,110623.0
CAMP_02005,2023-02-19 12:14:32.814562916,Facebook,Display,35-44,Education,30,Mobile,Latin America,Q1,45.60187190638465,11777.61,1372972,23581,1575,231068.85
CAMP_02006,2023-02-19 17:12:23.908781756,LinkedIn,Display,55+,Education,14,Mobile,North America,Q1,24.503105286045404,20864.72,1526400,14478,289,14039.74
CAMP_02007,2023-02-19 22:10:15.003000600,Facebook,Search,25-34,Finance,30,Tablet,Europe,Q1,79.66274202611314,31314.82,3765714,117990,9403,258459.54
CAMP_02008,2023-02-20 03:08:06.097219444,Twitter,Video,45-54,Finance,60,Desktop,Asia,Q1,37.312567933609934,15502.66,1299601,25916,807,22562.45
CAMP_02009,2023-02-20 08:05:57.191438288,Google,Display,25-34,Travel,30,Tablet,Other,Q1,56.79092273772476,2205.37,241410,6998,346,10399.45
CAMP_02010,2023-02-20 13:03:48.285657132,Instagram,Display,55+,Entertainment,30,Desktop,Latin America,Q1,45.01740734195989,53816.55,6447684,102486,5198,385409.65
CAMP_02011,2023-02-20 18:01:39.379875976,Google,Display,55+,Travel,90,Mobile,North America,Q1,91.74018559752159,5036.43,578220,13984,1498,34712.88
CAMP_02012,2023-02-20 22:59:30.474094820,Google,Social,25-34,Entertainment,30,Mobile,North America,Q1,58.4071057098257,41115.58,5310448,150405,12703,2651439.27
CAMP_02013,2023-02-21 03:57:21.568313664,TikTok,Display,45-54,Healthcare,30,Mobile,North America,Q1,53.79087074235868,49197.99,4891719,88109,5412,167832.0
CAMP_02014,2023-02-21 08:55:12.662532508,Google,Display,45-54,Retail,7,Desktop,Europe,Q1,74.95731737451965,1520.79,200629,4010,404,20094.28
CAMP_02015,2023-02-21 13:53:03.756751352,Instagram,Search,25-34,Technology,14,Tablet,Asia,Q1,100.0,7840.18,710835,43158,3626,200375.42
CAMP_02016,2023-02-21 18:50:54.850970196,Facebook,Social,35-44,Travel,30,Mobile,North America,Q1,68.11379054116176,84221.18,10684955,224985,8172,445355.2
CAMP_02017,2023-02-21 23:48:45.945189040,Facebook,Display,18-24,Technology,30,Desktop,Latin America,Q1,52.45161076736329,35763.46,3263497,63612,4366,148360.94
CAMP_02018,2023-02-22 04:46:37.039407880,Twitter,Video,45-54,Retail,14,Tablet,Europe,Q1,73.93187962709379,1507.93,135448,4298,279,17380.58
CAMP_02019,2023-02-22 09:44:28.133626728,Google,Display,25-34,Entertainment,90,Mobile,Other,Q1,28.54641862836869,5084.89,604752,11273,355,26747.52
CAMP_02020,2023-02-22 14:42:19.227845568,LinkedIn,Social,18-24,Entertainment,14,Desktop,North America,Q1,60.92858520128794,10206.46,764785,19056,860,50168.8
CAMP_02021,2023-02-22 19:40:10.322064416,TikTok,Search,25-34,Technology,30,Mobile,North America,Q1,99.87915309912825,2241.32,192452,9090,698,34716.22
CAMP_02022,2023-02-23 00:38:01.416283256,Instagram,Social,35-44,Technology,14,Desktop,North America,Q1,63.154947933715434,156742.86,16409745,402558,24185,509970.81
CAMP_02023,2023-02-23 05:35:52.510502104,TikTok,Native,45-54,Finance,14,Mobile,North America,Q1,62.15555312315297,3709.79,291136,5263,194,6633.0
CAMP_02024,2023-02-23 10:33:43.604720944,Google,Social,55+,Retail,60,Mobile,Asia,Q1,60.41273080715011,9744.19,990098,14830,495,39055.77
CAMP_02025,2023-02-23 15:31:34.698939792,Facebook,Search,25-34,Entertainment,14,Mobile,North America,Q1,52.090474391476015,27308.46,2521204,56806,3184,81978.38
CAMP_02026,2023-02-23 20:29:25.793158632,Facebook,Search,18-24,Technology,7,Tablet,Asia,Q1,66.2898134472974,1116.64,112345,2196,182,5077.46
CAMP_02027,2023-02-24 01:27:16.887377480,LinkedIn,Video,45-54,Education,30,Desktop,North America,Q1,75.50546023320607,1842.68,150117,2930,237,8321.8
CAMP_02028,2023-02-24 06:25:07.981596320,TikTok,Native,35-44,Education,30,Mobile,North America,Q1,53.3635989501845,2110.96,196163,4299,206,8647.86
CAMP_02029,2023-02-24 11:22:59.075815168,Facebook,Display,25-34,Entertainment,30,Tablet,Asia,Q1,10.184965233983583,6208.12,797147,7554,349,14714.63
CAMP_02030,2023-02-24 16:20:50.170034008,LinkedIn,Display,25-34,Technology,90,Desktop,Other,Q1,69.31235010557508,6526.23,513865,11737,648,34060.67
CAMP_02031,2023-02-24 21:18:41.264252856,Google,Search,35-44,Finance,7,Desktop,Europe,Q1,100.0,346.31,46017,2478,315,5870.88
CAMP_02032,2023-02-25 02:16:32.358471696,Instagram,Display,25-34,Finance,30,Mobile,Other,Q1,52.47477183887739,2167.87,179784,3747,236,12724.03
CAMP_02033,2023-02-25 07:14:23.452690536,Facebook,Search,45-54,Technology,30,Mobile,Europe,Q1,30.576732344867928,5789.54,521398,13121,833,60765.43
CAMP_02034,2023-02-25 12:12:14.546909384,TikTok,Search,35-44,Education,90,Desktop,Europe,Q1,73.54825969464959,18818.34,2053263,73525,5093,132953.19
CAMP_02035,2023-02-25 17:10:05.641128224,Instagram,Search,45-54,Finance,60,Mobile,Asia,Q1,94.87664528368006,73786.94,7075106,250560,26394,2086179.1
CAMP_02036,2023-02-25 22:07:56.735347072,Facebook,Social,35-44,Education,30,Mobile,North America,Q1,70.58747139430471,22600.87,2846920,81855,2764,119290.29
CAMP_02037,2023-02-26 03:05:47.829565912,Google,Display,25-34,Retail,30,Mobile,North America,Q1,94.4940010833302,1498.53,203404,6968,511,19141.85
CAMP_02038,2023-02-26 08:03:38.923784760,Google,Search,45-54,Retail,7,Mobile,Asia,Q1,75.87337091251426,95666.8,9472329,249096,9457,611651.46
CAMP_02039,2023-02-26 13:01:30.018003600,Google,Search,35-44,Travel,14,Mobile,North America,Q1,74.13701971355385,133896.47,17054757,629294,62920,5008683.27
CAMP_02040,2023-02-26 17:59:21.112222448,Facebook,Search,25-34,Healthcare,30,Tablet,North America,Q1,49.63998634515775,27486.58,3370181,85881,4488,336491.61
CAMP_02041,2023-02-26 22:57:12.206441288,Twitter,Social,35-44,Finance,30,Mobile,North America,Q1,65.70813781506433,3418.08,247264,5381,177,9474.56
CAMP_02042,2023-02-27 03:55:03.300660136,Instagram,Display,25-34,Finance,30,Mobile,Asia,Q1,59.41058086564447,7008.63,629126,15600,902,33897.12
CAMP_02043,2023-02-27 08:52:54.394878976,Instagram,Search,45-54,Technology,30,Mobile,Asia,Q1,58.725285588666964,13416.77,1520360,46111,1487,115084.42
CAMP_02044,2023-02-27 13:50:45.489097824,Google,Display,35-44,Entertainment,14,Desktop,Europe,Q1,54.92269744097865,5675.81,598449,9719,466,35123.74
CAMP_02045,2023-02-27 18:48:36.583316664,Twitter,Native,45-54,Retail,30,Desktop,Latin America,Q1,64.51226934917108,3356.24,319740,8009,243,3135.34
CAMP_02046,2023-02-27 23:46:27.677535512,LinkedIn,Display,18-24,Healthcare,7,Desktop,Europe,Q1,34.07310031726547,12923.53,1270956,14571,315,16899.12
CAMP_02047,2023-02-28 04:44:18.771754352,Google,Social,25-34,Healthcare,7,Mobile,Asia,Q1,76.2343679856315,6268.99,659801,19139,1245,63644.12
CAMP_02048,2023-02-28 09:42:09.865973200,LinkedIn,Video,55+,Travel,7,Mobile,Latin America,Q1,42.44509414439607,450.28,33916,417,13,324.03
CAMP_02049,2023-02-28 14:40:00.960192040,Instagram,Display,45-54,Finance,60,Desktop,Asia,Q1,54.99457549990584,7693.22,681130,15901,1133,49040.72
CAMP_02050,2023-02-28 19:37:52.054410880,Google,Search,25-34,Retail,7,Tablet,Europe,Q1,66.6111978607033,6868.22,974449,35965,3393,308994.65
CAMP_02051,2023-03-01 00:35:43.148629728,Facebook,Social,25-34,Healthcare,60,Desktop,Asia,Q1,41.45453163208976,6362.91,589039,13481,698,21045.34
CAMP_02052,2023-03-01 05:33:34.242848568,Instagram,Search,25-34,Retail,14,Mobile,Europe,Q1,20.670738753894945,7310.83,792313,15798,616,24721.67
CAMP_02053,2023-03-01 10:31:25.337067416,Google,Native,35-44,Technology,14,Mobile,Europe,Q1,52.339066446049856,13820.45,1388810,35577,2920,189437.89
CAMP_02054,2023-03-01 15:29:16.431286256,TikTok,Search,45-54,Retail,60,Mobile,North America,Q1,31.378050148326004,5147.59,461247,11759,347,3337.92
CAMP_02055,2023-03-01 20:27:07.525505104,Twitter,Search,45-54,Finance,30,Desktop,Europe,Q1,74.24621865340941,3224.92,224827,7229,463,17380.93
CAMP_02056,2023-03-02 01:24:58.619723944,LinkedIn,Video,35-44,Retail,14,Mobile,North America,Q1,36.92992854915748,101274.0,10388685,194043,10323,94476.83
CAMP_02057,2023-03-02 06:22:49.713942792,Facebook,Social,45-54,Finance,14,Mobile,North America,Q1,89.70311127418324,19664.23,2149533,58428,5860,504137.84
CAMP_02058,2023-03-02 11:20:40.808161632,Facebook,Display,25-34,Travel,60,Mobile,Europe,Q1,59.8841422152955,13963.74,1441178,36149,2890,134566.22
CAMP_02059,2023-03-02 16:18:31.902380480,LinkedIn,Social,18-24,Entertainment,14,Mobile,Latin America,Q1,61.183483891884585,464.14,36627,542,30,1938.78
CAMP_02060,2023-03-02 21:16:22.996599320,Instagram,Native,35-44,Retail,30,Mobile,North America,Q1,20.387373429106724,34105.5,3032605,39545,2046,70121.97
CAMP_02061,2023-03-03 02:14:14.090818168,Google,Native,55+,Technology,14,Mobile,North America,Q1,62.89725257701046,15130.28,1868753,39555,1591,127417.16
CAMP_02062,2023-03-03 07:12:05.185037008,Instagram,Search,45-54,Entertainment,14,Desktop,Europe,Q1,58.396401662534934,20455.05,1952182,69105,2443,97236.24
CAMP_02063,2023-03-03 12:09:56.279255856,Twitter,Search,35-44,Education,14,Mobile,Asia,Q1,34.01821930149061,1842.17,118480,3660,172,6032.89
CAMP_02064,2023-03-03 17:07:47.373474696,Facebook,Social,35-44,Retail,30,Mobile,North America,Q1,61.74536677593617,20111.84,2202497,66141,4459,362175.81
CAMP_02065,2023-03-03 22:05:38.467693544,Google,Video,55+,Education,30,Mobile,North America,Q1,52.041539783851526,622.35,74643,1622,107,9332.18
CAMP_02066,2023-03-04 03:03:29.561912384,Twitter,Search,25-34,Healthcare,14,Mobile,Europe,Q1,55.664243642092806,17837.62,1354722,43271,2154,73389.37
CAMP_02067,2023-03-04 08:01:20.656131224,Google,Video,25-34,Healthcare,30,Desktop,Asia,Q1,60.517635243880925,10227.35,1444649,33084,2560,194166.49
CAMP_02068,2023-03-04 12:59:11.750350072,Facebook,Search,55+,Travel,60,Mobile,North America,Q1,50.57091573683597,6408.63,760155,13202,577,47272.51
CAMP_02069,2023-03-04 17:57:02.844568912,Google,Display,45-54,Entertainment,60,Desktop,North America,Q1,64.92913253897736,15603.12,1834418,39149,3480,109329.65
CAMP_02070,2023-03-04 22:54:53.938787760,Facebook,Display,25-34,Education,7,Desktop,Asia,Q1,58.26889035298073,8350.11,840726,14916,1159,20000.78
CAMP_02071,2023-03-05 03:52:45.033006600,LinkedIn,Display,35-44,Technology,14,Desktop,North America,Q1,69.4553693677315,4871.26,445739,10685,851,13727.34
CAMP_02072,2023-03-05 08:50:36.127225448,Instagram,Search,25-34,Healthcare,60,Mobile,North America,Q1,49.42650812056017,690.72,63366,1783,72,2537.23
CAMP_02073,2023-03-05 13:48:27.221444288,Google,Search,18-24,Healthcare,7,Mobile,Europe,Q1,38.70160494132081,974335.45,106183405,1969498,134167,2027897.8
CAMP_02074,2023-03-05 18:46:18.315663136,Twitter,Video,55+,Technology,7,Desktop,Other,Q1,45.82262943123723,2740.13,228430,4160,197,11255.75
CAMP_02075,2023-03-05 23:44:09.409881976,Twitter,Search,25-34,Healthcare,60,Mobile,North America,Q1,88.85313537703557,6099.22,542994,28415,1206,21856.15
CAMP_02076,2023-03-06 04:42:00.504100824,Twitter,Display,45-54,Technology,14,Mobile,Europe,Q1,79.11933052413494,2771.79,252866,6689,249,9093.96
CAMP_02077,2023-03-06 09:39:51.598319664,Google,Search,25-34,Retail,14,Desktop,North America,Q1,84.26758265198218,16759.55,1727846,70968,6190,152367.55
CAMP_02078,2023-03-06 14:37:42.692538512,Facebook,Search,35-44,Technology,14,Mobile,Latin America,Q1,85.6542791634044,5188.34,595640,16267,1605,106749.32
CAMP_02079,2023-03-06 19:35:33.786757352,TikTok,Search,18-24,Entertainment,60,Mobile,North America,Q1,50.67363885653595,3530.29,292882,5938,393,27607.45
CAMP_02080,2023-03-07 00:33:24.880976200,Twitter,Social,45-54,Travel,14,Desktop,Europe,Q1,65.91623870816926,9780.61,640809,10457,702,36409.75
CAMP_02081,2023-03-07 05:31:15.975195040,Google,Display,35-44,Finance,60,Tablet,Asia,Q1,61.51678005695925,16803.79,1899944,44299,4016,70259.49
CAMP_02082,2023-03-07 10:29:07.069413888,Google,Social,35-44,Healthcare,30,Desktop,Other,Q1,73.19077051182843,3970.53,466109,9354,676,8186.28
CAMP_02083,2023-03-07 15:26:58.163632728,Facebook,Search,18-24,Retail,30,Mobile,Asia,Q1,54.21663509538065,17525.13,2159154,63593,5395,379109.04
CAMP_02084,2023-03-07 20:24:49.257851568,TikTok,Search,25-34,Travel,14,Mobile,North America,Q1,61.859483141820085,33476.55,3478141,105927,5023,352778.69
CAMP_02085,2023-03-08 01:22:40.352070416,Instagram,Search,18-24,Healthcare,14,Mobile,Europe,Q1,61.44542955239371,12293.55,1235073,27046,1943,232029.18
CAMP_02086,2023-03-08 06:20:31.446289256,Instagram,Video,25-34,Entertainment,30,Mobile,North America,Q1,70.64524799831395,32421.55,3709739,126556,8665,805894.47
CAMP_02087,2023-03-08 11:18:22.540508104,Google,Search,35-44,Entertainment,14,Desktop,Europe,Q1,73.11434442143198,4798.2,536846,17246,1272,63785.55
CAMP_02088,2023-03-08 16:16:13.634726944,LinkedIn,Search,35-44,Technology,60,Mobile,Asia,Q1,61.873420646804,9919.74,909560,22612,774,29385.2
CAMP_02089,2023-03-08 21:14:04.728945792,Twitter,Display,35-44,Finance,14,Mobile,Asia,Q1,62.47981568131616,2137.51,148758,2795,127,4397.44
CAMP_02090,2023-03-09 02:11:55.823164632,Facebook,Video,35-44,Travel,30,Tablet,Europe,Q1,64.51796041497408,437.3,41362,910,50,3950.83
CAMP_02091,2023-03-09 07:09:46.917383480,Twitter,Video,25-34,Retail,14,Desktop,Asia,Q1,92.93102841246085,8790.33,764760,36393,1562,22198.8
CAMP_02092,2023-03-09 12:07:38.011602320,TikTok,Native,25-34,Entertainment,30,Desktop,Latin America,Q1,25.400044173661364,19528.09,1902546,26024,1333,94188.67
CAMP_02093,2023-03-09 17:05:29.105821168,Google,Search,18-24,Travel,14,Desktop,Latin America,Q1,40.60640677564384,21437.95,2724429,54286,4126,118284.85
CAMP_02094,2023-03-09 22:03:20.200040008,Instagram,Video,45-54,Technology,14,Desktop,Asia,Q1,73.47359192891884,1847.04,219944,5764,251,13289.36
CAMP_02095,2023-03-10 03:01:11.294258856,Facebook,Display,35-44,Education,60,Mobile,Europe,Q1,65.39568797678183,245972.04,28808668,509489,26350,1609412.63
CAMP_02096,2023-03-10 07:59:02.388477696,Twitter,Search,25-34,Travel,30,Mobile,Europe,Q1,65.25499100301754,10979.75,733745,23458,1547,70475.13
CAMP_02097,2023-03-10 12:56:53.482696544,Instagram,Social,25-34,Entertainment,30,Mobile,North America,Q1,73.34990997426712,10508.73,845821,27460,2085,21405.58
CAMP_02098,2023-03-10 17:54:44.576915384,Instagram,Video,45-54,Technology,30,Mobile,North America,Q1,64.27985786247527,2872.07,306347,9179,569,9287.5
CAMP_02099,2023-03-10 22:52:35.671134232,Twitter,Display,45-54,Technology,30,Desktop,Europe,Q1,48.81435043101553,26674.75,1989739,39326,1780,32476.0
CAMP_02100,2023-03-11 03:50:26.765353072,Facebook,Social,35-44,Retail,14,Mobile,North America,Q1,72.57618280216518,76621.77,7741385,270308,17004,3457523.24
CAMP_02101,2023-03-11 08:48:17.859571920,TikTok,Video,25-34,Education,7,Mobile,Europe,Q1,60.417743259981556,4792.93,414894,15460,712,35096.24
CAMP_02102,2023-03-11 13:46:08.953790760,Instagram,Display,25-34,Education,60,Mobile,Europe,Q1,51.04845642220893,1366.35,111656,2267,101,6750.34
CAMP_02103,2023-03-11 18:44:00.048009600,Google,Native,55+,Healthcare,7,Mobile,Europe,Q1,73.80721249155823,4240.65,474081,9005,756,61196.2
CAMP_02104,2023-03-11 23:41:51.142228448,LinkedIn,Search,45-54,Technology,30,Desktop,North America,Q1,73.02067716564,27957.63,2891804,66113,4743,201678.72
CAMP_02105,2023-03-12 04:39:42.236447288,Twitter,Display,25-34,Retail,7,Desktop,North America,Q1,64.29532983201584,30357.12,2472566,48669,2084,111725.51
CAMP_02106,2023-03-12 09:37:33.330666136,Facebook,Video,45-54,Entertainment,14,Desktop,North America,Q1,94.34238307989115,12635.32,1224792,43890,2634,124078.88
CAMP_02107,2023-03-12 14:35:24.424884976,Twitter,Video,45-54,Entertainment,7,Mobile,North America,Q1,86.53653469540569,4096.42,363632,13192,742,16238.32
CAMP_02108,2023-03-12 19:33:15.519103824,TikTok,Display,25-34,Travel,30,Desktop,Other,Q1,80.03714388107603,7437.67,600968,13532,1150,19414.75
CAMP_02109,2023-03-13 00:31:06.613322664,Facebook,Social,25-34,Entertainment,30,Desktop,North America,Q1,100.0,889711.06,98872143,2729951,331145,56462321.79
CAMP_02110,2023-03-13 05:28:57.707541512,TikTok,Search,25-34,Education,7,Desktop,North America,Q1,57.07073196004568,131224.32,10261093,331181,23575,748646.65
CAMP_02111,2023-03-13 10:26:48.801760352,Google,Social,18-24,Entertainment,14,Tablet,North America,Q1,50.70399341367813,1272.77,180598,3683,194,6216.86
CAMP_02112,2023-03-13 15:24:39.895979200,Google,Native,45-54,Healthcare,60,Tablet,Europe,Q1,77.20726198606718,10763.93,1439706,33431,2118,52141.58
CAMP_02113,2023-03-13 20:22:30.990198040,Google,Search,25-34,Finance,14,Tablet,Asia,Q1,54.94731404011438,2334.01,253176,8714,604,51953.2
CAMP_02114,2023-03-14 01:20:22.084416888,Twitter,Display,45-54,Travel,60,Desktop,North America,Q1,60.23855431295645,1219.81,85817,1263,34,930.06
CAMP_02115,2023-03-14 06:18:13.178635728,LinkedIn,Search,55+,Entertainment,60,Tablet,Latin America,Q1,40.281600684993904,3117.72,299678,4134,194,9137.96
CAMP_02116,2023-03-14 11:16:04.272854576,Google,Native,18-24,Finance,90,Mobile,Asia,Q1,72.13318915426255,21727.61,2295887,43070,4119,137738.17
CAMP_02117,2023-03-14 16:13:55.367073416,Facebook,Social,35-44,Retail,60,Desktop,North America,Q1,30.579855089247804,10743.79,1326336,16804,625,35144.66
CAMP_02118,2023-03-14 21:11:46.461292264,Instagram,Video,45-54,Technology,14,Tablet,Europe,Q1,58.07123557681261,19704.69,1726108,40988,2625,153302.5
CAMP_02119,2023-03-15 02:09:37.555511104,Google,Search,45-54,Healthcare,90,Tablet,Europe,Q1,59.69288524968487,3067.27,314229,9775,465,27197.5
CAMP_02120,2023-03-15 07:07:28.649729944,Twitter,Search,45-54,Technology,60,Desktop,North America,Q1,51.27922315160337,242.15,19839,651,17,499.86
CAMP_02121,2023-03-15 12:05:19.743948792,Twitter,Native,25-34,Technology,60,Mobile,Asia,Q1,24.85570482677,2657.27,190245,2329,79,2012.47
CAMP_02122,2023-03-15 17:03:10.838167632,Instagram,Video,35-44,Finance,7,Mobile,North America,Q1,24.70737812451099,21382.54,2255456,48818,1154,14308.43
CAMP_02123,2023-03-15 22:01:01.932386480,TikTok,Search,35-44,Retail,90,Mobile,Europe,Q1,45.076551866564,23836.6,2229742,76132,2543,192332.49
CAMP_02124,2023-03-16 02:58:53.026605320,Facebook,Social,55+,Education,30,Desktop,Europe,Q1,70.78100657524128,7959.15,832103,11270,422,20625.33
CAMP_02125,2023-03-16 07:56:44.120824168,TikTok,Search,25-34,Finance,30,Mobile,Europe,Q1,65.77849722883887,67280.85,7188286,256143,19130,1040460.07
CAMP_02126,2023-03-16 12:54:35.215043008,LinkedIn,Search,55+,Healthcare,7,Mobile,Latin America,Q1,59.67129282337717,10504.5,768940,13730,915,27531.31
CAMP_02127,2023-03-16 17:52:26.309261856,Instagram,Video,25-34,Retail,14,Desktop,North America,Q1,42.308230279650445,35143.47,2927013,82703,4264,202475.12
CAMP_02128,2023-03-16 22:50:17.403480696,Google,Display,55+,Technology,90,Desktop,North America,Q1,66.82264442522215,107390.67,12445246,193197,6830,571111.33
CAMP_02129,2023-03-17 03:48:08.497699544,Twitter,Display,35-44,Finance,30,Tablet,Europe,Q1,24.019414439221634,1090.77,74909,937,39,2068.03
CAMP_02130,2023-03-17 08:45:59.591918384,Facebook,Native,35-44,Education,14,Desktop,North America,Q1,12.069010352560447,7961.87,878172,12140,460,59095.88
CAMP_02131,2023-03-17 13:43:50.686137232,Google,Display,35-44,Entertainment,60,Desktop,North America,Q1,55.138568975699904,7703.68,900530,19045,1058,24724.36
CAMP_02132,2023-03-17 18:41:41.780356072,Google,Search,25-34,Technology,7,Desktop,Europe,Q1,49.07897239805942,43826.03,6243519,139054,8127,137361.64
CAMP_02133,2023-03-17 23:39:32.874574920,Instagram,Search,25-34,Healthcare,14,Desktop,North America,Q1,80.26342595294916,2309.12,230301,6831,459,77658.74
CAMP_02134,2023-03-18 04:37:23.968793760,Instagram,Display,18-24,Technology,14,Mobile,North America,Q1,63.15967555545669,28966.16,2382995,30824,2374,38123.55
CAMP_02135,2023-03-18 09:35:15.063012608,LinkedIn,Search,18-24,Travel,14,Mobile,North America,Q1,93.01470619999702,34186.83,3125616,132794,7599,362211.36
CAMP_02136,2023-03-18 14:33:06.157231448,Twitter,Social,25-34,Travel,14,Tablet,North America,Q1,49.035698626090806,2171.53,178228,4877,249,5186.22
CAMP_02137,2023-03-18 19:30:57.251450288,Google,Social,45-54,Healthcare,14,Desktop,Europe,Q1,69.73544583044323,24697.67,3362371,76245,6167,383518.44
CAMP_02138,2023-03-19 00:28:48.345669136,LinkedIn,Search,35-44,Entertainment,7,Desktop,North America,Q1,54.9544574116874,18256.54,1499832,49969,2855,105488.95
CAMP_02139,2023-03-19 05:26:39.439887976,Google,Search,18-24,Education,30,Mobile,Other,Q1,87.63439448262275,81591.63,10443087,331531,31554,994494.43
CAMP_02140,2023-03-19 10:24:30.534106824,Twitter,Video,45-54,Entertainment,60,Mobile,North America,Q1,55.918991057518404,3933.89,281971,4715,237,5997.47
CAMP_02141,2023-03-19 15:22:21.628325664,Twitter,Native,35-44,Entertainment,30,Desktop,Asia,Q1,77.0881356029153,10419.97,741879,13934,866,18045.87
CAMP_02142,2023-03-19 20:20:12.722544512,Instagram,Video,55+,Travel,14,Mobile,Asia,Q1,38.4476207095168,22349.57,2085397,40215,1168,25515.71
CAMP_02143,2023-03-20 01:18:03.816763352,LinkedIn,Social,35-44,Healthcare,7,Mobile,North America,Q1,51.695747137359106,5952.36,529731,10343,356,9386.88
CAMP_02144,2023-03-20 06:15:54.910982200,Facebook,Display,25-34,Healthcare,60,Mobile,Asia,Q1,58.31913176145067,34.91,4008,113,9,552.73
CAMP_02145,2023-03-20 11:13:46.005201040,Instagram,Native,35-44,Education,90,Mobile,Asia,Q1,85.26835079925601,795.17,76064,1873,131,9356.71
CAMP_02146,2023-03-20 16:11:37.099419888,Twitter,Social,35-44,Entertainment,14,Desktop,North America,Q1,16.056261179839225,24078.58,2097975,30185,1162,40435.99
CAMP_02147,2023-03-20 21:09:28.193638728,Facebook,Social,18-24,Entertainment,14,Tablet,Other,Q1,53.34711107108442,5224.15,496015,10791,840,152102.33
CAMP_02148,2023-03-21 02:07:19.287857576,Facebook,Display,18-24,Technology,30,Desktop,North America,Q1,52.67039747145399,13313.98,1420286,26510,950,74915.65
CAMP_02149,2023-03-21 07:05:10.382076416,Instagram,Search,18-24,Technology,30,Desktop,North America,Q1,18.46052955211239,31063.25,3597032,56283,2787,70246.03
CAMP_02150,2023-03-21 12:03:01.476295264,Twitter,Search,25-34,Retail,14,Desktop,Asia,Q1,50.7192847850637,5876.91,388659,10976,437,24856.19
CAMP_02151,2023-03-21 17:00:52.570514104,Facebook,Social,25-34,Finance,30,Desktop,North America,Q1,29.186657376174125,77329.05,7431087,145604,4501,83629.3
CAMP_02152,2023-03-21 21:58:43.664732952,Google,Video,35-44,Finance,30,Mobile,Asia,Q1,13.386730439252155,1875.79,232274,4524,107,7459.37
CAMP_02153,2023-03-22 02:56:34.758951792,LinkedIn,Native,18-24,Travel,90,Mobile,Latin America,Q1,54.753743430093536,30380.7,2369288,30323,1262,31592.84
CAMP_02154,2023-03-22 07:54:25.853170632,Twitter,Social,35-44,Healthcare,7,Desktop,Other,Q1,54.077097583922836,7996.17,554853,15028,430,26423.91
CAMP_02155,2023-03-22 12:52:16.947389480,Google,Display,35-44,Entertainment,90,Mobile,Europe,Q1,55.100928340813354,7525.52,852581,17959,1397,93022.33
CAMP_02156,2023-03-22 17:50:08.041608320,Google,Social,25-34,Technology,14,Desktop,Other,Q1,65.05716491796703,315138.5,42208143,877698,31166,1059118.6
CAMP_02157,2023-03-22 22:47:59.135827168,Google,Search,18-24,Education,30,Mobile,Europe,Q1,42.41206353572602,9404.64,1118861,28155,1937,135496.4
CAMP_02158,2023-03-23 03:45:50.230046008,Facebook,Search,18-24,Healthcare,30,Desktop,North America,Q1,95.81712026891842,38919.34,4307491,184585,20586,1501985.02
CAMP_02159,2023-03-23 08:43:41.324264856,Facebook,Display,25-34,Entertainment,14,Tablet,Europe,Q1,59.33411983736993,11969.52,1345918,35063,1398,266074.06
CAMP_02160,2023-03-23 13:41:32.418483696,LinkedIn,Search,25-34,Technology,30,Mobile,Europe,Q1,85.72860926122968,29444.23,2727706,89347,5000,320775.56
CAMP_02161,2023-03-23 18:39:23.512702544,LinkedIn,Social,25-34,Healthcare,14,Mobile,Europe,Q1,26.40201517022576,476228.66,38322337,828787,40749,1632002.59
CAMP_02162,2023-03-23 23:37:14.606921384,Instagram,Search,35-44,Healthcare,7,Desktop,Europe,Q1,43.309406998162515,11842.56,1342988,29129,833,18915.27
CAMP_02163,2023-03-24 04:35:05.701140232,Facebook,Search,35-44,Healthcare,14,Mobile,Europe,Q1,73.72629610088461,18384.23,1944532,83914,4143,160223.45
CAMP_02164,2023-03-24 09:32:56.795359072,Twitter,Search,25-34,Travel,30,Mobile,Europe,Q1,55.468714486441336,797.85,64221,1647,74,3697.5
CAMP_02165,2023-03-24 14:30:47.889577920,Instagram,Social,25-34,Education,14,Desktop,Other,Q1,38.53641225254067,4782.95,464028,7481,458,20425.96
CAMP_02166,2023-03-24 19:28:38.983796760,TikTok,Video,35-44,Travel,60,Tablet,Europe,Q1,23.227402027118373,771.86,67203,942,45,4701.73
CAMP_02167,2023-03-25 00:26:30.078015608,Instagram,Social,45-54,Entertainment,14,Desktop,North America,Q1,74.6640734448073,2059.44,201498,5218,486,37761.27
CAMP_02168,2023-03-25 05:24:21.172234448,Google,Search,45-54,Travel,14,Mobile,Asia,Q1,73.0320450989771,42330.6,5472118,150788,8765,420088.34
CAMP_02169,2023-03-25 10:22:12.266453296,LinkedIn,Display,35-44,Education,7,Mobile,North America,Q1,64.86641382838457,17881.21,1295965,29916,1971,63381.81
CAMP_02170,2023-03-25 15:20:03.360672136,Facebook,Display,25-34,Technology,30,Mobile,Asia,Q1,50.08187618428167,6433.16,717738,10913,621,48660.9
CAMP_02171,2023-03-25 20:17:54.454890976,LinkedIn,Search,25-34,Finance,14,Mobile,North America,Q1,37.7381994474039,18678.12,1827660,55014,1942,103519.2
CAMP_02172,2023-03-26 01:15:45.549109824,Google,Social,45-54,Technology,14,Mobile,North America,Q1,58.940369202065966,3854.72,553271,11370,1054,89511.91
CAMP_02173,2023-03-26 06:13:36.643328664,Google,Display,18-24,Retail,14,Mobile,North America,Q1,33.693627927091995,22909.38,3117445,50691,3270,182609.29
CAMP_02174,2023-03-26 11:11:27.737547512,Twitter,Social,55+,Retail,7,Tablet,North America,Q1,44.9683183887082,2641.61,194397,2675,81,3793.36
CAMP_02175,2023-03-26 16:09:18.831766352,Google,Video,35-44,Retail,30,Desktop,Asia,Q1,85.22501162799098,1460.88,188734,5401,307,13041.64
CAMP_02176,2023-03-26 21:07:09.925985200,Twitter,Search,35-44,Entertainment,30,Desktop,North America,Q1,22.98328473737162,19350.69,1590998,27234,885,15350.42
CAMP_02177,2023-03-27 02:05:01.020204040,Facebook,Native,18-24,Finance,14,Tablet,Latin America,Q1,73.55055653800734,55386.77,5304252,86313,3118,102008.27
CAMP_02178,2023-03-27 07:02:52.114422888,Instagram,Social,35-44,Technology,7,Mobile,Europe,Q1,89.88391902898326,3820.29,350260,13895,674,53276.85
CAMP_02179,2023-03-27 12:00:43.208641728,LinkedIn,Display,35-44,Entertainment,60,Mobile,North America,Q1,76.32519438765307,25432.29,2666064,62171,2549,177956.64
CAMP_02180,2023-03-27 16:58:34.302860576,Instagram,Search,18-24,Education,7,Desktop,Asia,Q1,67.96425756852967,5635.86,514305,18296,1423,93028.43
CAMP_02181,2023-03-27 21:56:25.397079416,Facebook,Display,25-34,Travel,60,Tablet,Europe,Q1,50.72854307657752,8958.25,929179,19330,1041,64067.04
CAMP_02182,2023-03-28 02:54:16.491298264,Google,Search,45-54,Healthcare,14,Desktop,Asia,Q1,47.08223891131975,3166.02,409825,13297,978,43977.28
CAMP_02183,2023-03-28 07:52:07.585517104,Google,Social,35-44,Finance,14,Mobile,Europe,Q1,15.037382678733586,178295.72,22680583,412696,14211,1230408.29
CAMP_02184,2023-03-28 12:49:58.679735952,Facebook,Social,25-34,Technology,30,Desktop,North America,Q1,60.74013360534629,5377.75,568855,14916,1292,93760.4
CAMP_02185,2023-03-28 17:47:49.773954792,LinkedIn,Display,18-24,Technology,60,Mobile,Asia,Q1,51.95519102541813,9609.91,729687,14378,869,37828.82
CAMP_02186,2023-03-28 22:45:40.868173640,TikTok,Native,45-54,Technology,14,Mobile,North America,Q1,46.03931182636186,23053.31,2178750,48037,1697,84372.47
CAMP_02187,2023-03-29 03:43:31.962392480,Twitter,Search,45-54,Finance,14,Mobile,Europe,Q1,59.59837942241974,20267.26,1920140,40978,1433,129175.27
CAMP_02188,2023-03-29 08:41:23.056611320,LinkedIn,Display,35-44,Travel,14,Tablet,Latin America,Q1,61.24738960409311,8389.57,804030,17405,494,9839.17
CAMP_02189,2023-03-29 13:39:14.150830168,Twitter,Search,35-44,Retail,60,Mobile,North America,Q1,47.28885405265893,169845.42,12589352,272625,13777,323529.97
CAMP_02190,2023-03-29 18:37:05.245049008,LinkedIn,Search,25-34,Retail,30,Desktop,Europe,Q1,92.26161566953573,9804.18,854404,28410,1323,42345.88
CAMP_02191,2023-03-29 23:34:56.339267856,Facebook,Search,35-44,Retail,14,Mobile,North America,Q1,74.61205558224849,19184.67,2299092,79649,4732,327562.22
CAMP_02192,2023-03-30 04:32:47.433486696,TikTok,Search,25-34,Entertainment,7,Mobile,North America,Q1,77.92557116746556,9919.2,796235,23416,860,44035.19
CAMP_02193,2023-03-30 09:30:38.527705544,LinkedIn,Search,55+,Technology,14,Tablet,Europe,Q1,57.93394432721182,2901.8,237939,4162,124,8199.32
CAMP_02194,2023-03-30 14:28:29.621924384,Instagram,Display,35-44,Finance,14,Mobile,Europe,Q1,70.22471464522286,15858.59,1702785,47845,2899,219233.74
CAMP_02195,2023-03-30 19:26:20.716143232,Google,Social,25-34,Retail,14,Desktop,Europe,Q1,42.08590798802874,5003.35,560194,9358,683,37743.49
CAMP_02196,2023-03-31 00:24:11.810362072,Facebook,Search,25-34,Finance,30,Mobile,North America,Q1,73.32517080500612,112654.27,13072433,576655,22816,3912747.82
CAMP_02197,2023-03-31 05:22:02.904580920,Facebook,Video,45-54,Retail,7,Desktop,Asia,Q1,55.911947853725216,1130.84,148376,4061,255,5848.89
CAMP_02198,2023-03-31 10:19:53.998799760,Twitter,Social,25-34,Healthcare,14,Mobile,North America,Q1,39.56032929971349,6113.92,579545,16166,665,31554.04
CAMP_02199,2023-03-31 15:17:45.093018608,Instagram,Native,25-34,Retail,30,Mobile,North America,Q1,59.54466657561541,2798.39,284392,6177,320,9654.35
CAMP_02200,2023-03-31 20:15:36.187237448,Facebook,Native,35-44,Entertainment,14,Desktop,Asia,Q1,54.15891939500221,142626.18,17488110,360069,21694,1032036.76
CAMP_02201,2023-04-01 01:13:27.281456296,TikTok,Display,25-34,Healthcare,7,Mobile,Latin America,Q2,100.0,4950.37,481147,17475,1106,16813.24
CAMP_02202,2023-04-01 06:11:18.375675136,Google,Video,45-54,Entertainment,7,Mobile,Europe,Q2,68.70788496959824,82662.63,10245956,300807,23165,788450.83
CAMP_02203,2023-04-01 11:09:09.469893984,Facebook,Search,18-24,Finance,7,Desktop,Latin America,Q2,91.59434934896444,1379.32,163304,6909,308,18986.39
CAMP_02204,2023-04-01 16:07:00.564112824,Google,Video,45-54,Finance,60,Mobile,North America,Q2,82.62574212717453,5533.7,759740,17578,1967,173418.56
CAMP_02205,2023-04-01 21:04:51.658331672,LinkedIn,Native,18-24,Retail,30,Mobile,North America,Q2,60.755611995949984,7419.96,593198,14019,509,6199.64
CAMP_02206,2023-04-02 02:02:42.752550512,TikTok,Display,18-24,Finance,7,Desktop,Asia,Q2,51.125615941399104,8615.97,860456,14631,1027,44310.19
CAMP_02207,2023-04-02 07:00:33.846769352,Facebook,Display,45-54,Finance,14,Tablet,Latin America,Q2,25.195468375993542,985.43,92461,1527,66,1073.94
CAMP_02208,2023-04-02 11:58:24.940988200,Twitter,Search,35-44,Finance,14,Mobile,North America,Q2,42.5811289867052,115136.51,9820253,244369,6820,124692.67
CAMP_02209,2023-04-02 16:56:16.035207040,Facebook,Display,25-34,Entertainment,30,Desktop,North America,Q2,73.25506915508429,70855.37,8882379,281696,26670,2224686.24
CAMP_02210,2023-04-02 21:54:07.129425888,TikTok,Social,25-34,Education,30,Desktop,North America,Q2,53.95739229758594,9046.39,691239,14720,424,15981.29
CAMP_02211,2023-04-03 02:51:58.223644728,LinkedIn,Search,35-44,Entertainment,14,Mobile,North America,Q2,67.51640651476883,2060.3,159898,5741,166,9595.28
CAMP_02212,2023-04-03 07:49:49.317863576,Twitter,Display,35-44,Retail,14,Mobile,Asia,Q2,19.394496973053272,3790.05,315455,5183,110,13917.08
CAMP_02213,2023-04-03 12:47:40.412082416,Google,Display,55+,Healthcare,7,Mobile,Europe,Q2,69.07029698194746,8184.09,1108041,18518,924,27849.23
CAMP_02214,2023-04-03 17:45:31.506301264,TikTok,Search,55+,Retail,30,Desktop,Europe,Q2,81.92963114398572,56779.76,5333731,115413,4958,85300.25
CAMP_02215,2023-04-03 22:43:22.600520104,LinkedIn,Video,35-44,Entertainment,60,Mobile,Europe,Q2,24.484834203874932,123659.05,12665030,231622,5603,316934.14
CAMP_02216,2023-04-04 03:41:13.694738952,Facebook,Search,25-34,Finance,60,Desktop,Latin America,Q2,67.43127812713598,90585.68,11448919,362391,17834,1014901.26
CAMP_02217,2023-04-04 08:39:04.788957792,Twitter,Search,35-44,Retail,7,Desktop,North America,Q2,86.87069307216922,18718.57,1783809,77331,6224,333914.74
CAMP_02218,2023-04-04 13:36:55.883176640,Facebook,Social,35-44,Education,30,Mobile,Asia,Q2,93.60173298678932,5055.77,595830,16149,1043,75050.67
CAMP_02219,2023-04-04 18:34:46.977395480,Twitter,Native,18-24,Healthcare,30,Mobile,Latin America,Q2,49.93001858284081,13248.26,1153797,16922,839,17185.72
CAMP_02220,2023-04-04 23:32:38.071614328,Google,Native,25-34,Technology,60,Tablet,North America,Q2,75.59860689223068,31766.13,4498369,129811,12663,1144313.32
CAMP_02221,2023-04-05 04:30:29.165833168,LinkedIn,Native,18-24,Retail,14,Mobile,Asia,Q2,88.5957964001083,10075.54,734563,14248,694,42105.59
CAMP_02222,2023-04-05 09:28:20.260052016,Instagram,Display,18-24,Healthcare,30,Mobile,Asia,Q2,68.02762781560757,1490.27,147039,2914,244,3297.47
CAMP_02223,2023-04-05 14:26:11.354270856,Google,Video,25-34,Travel,7,Desktop,North America,Q2,85.70155177993621,5984.53,783597,23766,1726,106297.0
CAMP_02224,2023-04-05 19:24:02.448489696,Google,Display,35-44,Healthcare,30,Mobile,North America,Q2,59.282766933233994,3602.99,500311,13964,1011,70039.61
CAMP_02225,2023-04-06 00:21:53.542708544,Google,Social,45-54,Travel,14,Mobile,Europe,Q2,67.88628287541594,12580.91,1652803,38764,4103,573512.47
CAMP_02226,2023-04-06 05:19:44.636927384,Facebook,Native,35-44,Retail,30,Mobile,Europe,Q2,47.56781547075595,177564.12,18727522,443820,16452,1065130.93
CAMP_02227,2023-04-06 10:17:35.731146232,Facebook,Social,25-34,Healthcare,60,Mobile,Europe,Q2,56.70799684652482,35149.96,3765896,111027,7470,503783.63
CAMP_02228,2023-04-06 15:15:26.825365072,Instagram,Video,18-24,Entertainment,14,Mobile,North America,Q2,68.67432339752727,232312.24,19889715,500879,16184,628515.99
CAMP_02229,2023-04-06 20:13:17.919583920,Facebook,Native,35-44,Finance,30,Desktop,Asia,Q2,46.06761349908464,5272.16,613235,10040,768,50328.93
CAMP_02230,2023-04-07 01:11:09.013802760,Facebook,Search,25-34,Retail,7,Tablet,North America,Q2,55.52827253718492,13058.73,1520663,44168,3592,180657.8
CAMP_02231,2023-04-07 06:09:00.108021608,LinkedIn,Video,35-44,Healthcare,14,Mobile,North America,Q2,75.21747361893607,35532.29,2633948,74502,5632,739422.26
CAMP_02232,2023-04-07 11:06:51.202240448,Google,Search,55+,Healthcare,14,Mobile,North America,Q2,100.0,9020.94,1040625,26712,2671,136906.17
CAMP_02233,2023-04-07 16:04:42.296459296,TikTok,Video,18-24,Entertainment,7,Mobile,Asia,Q2,19.01123016702853,4144.72,469560,4918,106,7224.93
CAMP_02234,2023-04-07 21:02:33.390678136,Twitter,Search,25-34,Entertainment,60,Mobile,North America,Q2,99.53153334647234,2388.14,206880,7630,337,14603.38
CAMP_02235,2023-04-08 02:00:24.484896984,LinkedIn,Display,35-44,Entertainment,7,Mobile,North America,Q2,54.80256471154465,3614.46,298144,7525,459,6604.66
CAMP_02236,2023-04-08 06:58:15.579115824,Instagram,Search,55+,Entertainment,30,Mobile,North America,Q2,79.2979973805477,6764.62,780039,21412,1376,14611.86
CAMP_02237,2023-04-08 11:56:06.673334672,Twitter,Search,45-54,Technology,60,Tablet,North America,Q2,83.2218539998348,68143.32,4500054,142513,11220,423510.66
CAMP_02238,2023-04-08 16:53:57.767553512,Google,Social,45-54,Finance,60,Mobile,North America,Q2,91.28993547881095,12193.76,1607276,42430,3265,307617.86
CAMP_02239,2023-04-08 21:51:48.861772360,Google,Search,25-34,Entertainment,30,Mobile,Europe,Q2,45.44076270540418,9591.79,1061068,29353,1580,105747.16
CAMP_02240,2023-04-09 02:49:39.955991200,Google,Search,55+,Travel,7,Mobile,Asia,Q2,55.49457383764403,9913.65,957815,25811,1308,65620.28
CAMP_02241,2023-04-09 07:47:31.050210040,Twitter,Social,18-24,Retail,60,Mobile,Asia,Q2,58.928078020941925,20082.56,1478904,31438,1516,51992.5
CAMP_02242,2023-04-09 12:45:22.144428888,Google,Native,18-24,Healthcare,14,Desktop,Europe,Q2,52.851323150053105,17498.06,1936155,30174,1951,444944.26
CAMP_02243,2023-04-09 17:43:13.238647728,Instagram,Video,45-54,Technology,60,Mobile,North America,Q2,86.37521949678279,2620.13,216088,6988,246,3708.87
CAMP_02244,2023-04-09 22:41:04.332866576,TikTok,Search,55+,Technology,30,Tablet,Other,Q2,58.46344597977068,161780.29,16328789,347582,20819,360292.85
CAMP_02245,2023-04-10 03:38:55.427085416,Twitter,Display,18-24,Finance,30,Mobile,North America,Q2,27.62904670383262,3698.98,266685,2512,64,2601.78
CAMP_02246,2023-04-10 08:36:46.521304264,Instagram,Video,18-24,Healthcare,7,Desktop,Asia,Q2,47.339723553724724,864.08,102422,1898,76,2951.62
CAMP_02247,2023-04-10 13:34:37.615523104,Google,Search,18-24,Retail,30,Tablet,Latin America,Q2,28.4319994660624,18372.13,2203941,40404,2424,134200.98
CAMP_02248,2023-04-10 18:32:28.709741952,Twitter,Social,18-24,Entertainment,60,Mobile,Asia,Q2,55.43322426613318,10066.87,665128,16264,601,37842.94
CAMP_02249,2023-04-10 23:30:19.803960792,Instagram,Display,25-34,Education,60,Mobile,North America,Q2,73.45099349135873,4637.79,428218,12932,665,52253.68
CAMP_02250,2023-04-11 04:28:10.898179640,Google,Social,55+,Travel,7,Desktop,North America,Q2,46.91046655392623,27530.58,3390503,60852,4292,377201.38
CAMP_02251,2023-04-11 09:26:01.992398480,Google,Social,35-44,Retail,60,Mobile,North America,Q2,51.93934070730846,96119.09,12903706,366893,27222,543982.68
CAMP_02252,2023-04-11 14:23:53.086617328,TikTok,Native,45-54,Healthcare,7,Desktop,Europe,Q2,54.504694153236116,8164.09,659590,10412,333,21633.93
CAMP_02253,2023-04-11 19:21:44.180836168,LinkedIn,Display,45-54,Finance,30,Mobile,Europe,Q2,62.8148498767049,58861.07,4488684,81161,2716,474489.83
CAMP_02254,2023-04-12 00:19:35.275055016,Twitter,Native,35-44,Technology,30,Mobile,Asia,Q2,70.32165557271048,7077.35,647346,19983,1316,68379.13
CAMP_02255,2023-04-12 05:17:26.369273856,Twitter,Display,45-54,Healthcare,7,Mobile,North America,Q2,76.14510855870736,13328.92,946597,20385,817,36383.77
CAMP_02256,2023-04-12 10:15:17.463492704,Instagram,Search,35-44,Entertainment,7,Tablet,Asia,Q2,100.0,10578.57,915657,38452,3306,92530.34
CAMP_02257,2023-04-12 15:13:08.557711544,Instagram,Video,25-34,Retail,30,Mobile,Asia,Q2,62.46991862000145,29334.37,2363139,49372,1815,90565.16
CAMP_02258,2023-04-12 20:10:59.651930384,Facebook,Video,35-44,Travel,14,Mobile,North America,Q2,74.71586107959429,15360.2,1428534,32050,2920,255272.45
CAMP_02259,2023-04-13 01:08:50.746149232,Facebook,Social,35-44,Education,7,Desktop,North America,Q2,28.248865046434503,21969.07,2710830,57100,1981,56278.79
CAMP_02260,2023-04-13 06:06:41.840368072,Facebook,Search,45-54,Entertainment,30,Mobile,Europe,Q2,52.41634028868933,1294.83,151930,4099,253,30236.18
CAMP_02261,2023-04-13 11:04:32.934586920,Twitter,Display,55+,Entertainment,60,Mobile,Europe,Q2,54.591662130758536,26431.25,2348159,33871,1602,186585.22
CAMP_02262,2023-04-13 16:02:24.028805760,Instagram,Display,25-34,Finance,30,Mobile,North America,Q2,39.65370222025792,4372.0,366759,8014,385,13844.14
CAMP_02263,2023-04-13 21:00:15.123024608,Twitter,Search,45-54,Entertainment,7,Desktop,North America,Q2,49.28014537264928,5430.65,515580,13198,510,17915.72
CAMP_02264,2023-04-14 01:58:06.217243448,Facebook,Video,18-24,Finance,7,Desktop,Asia,Q2,57.85030564688745,3210.97,332792,5569,373,30615.43
CAMP_02265,2023-04-14 06:55:57.311462296,Instagram,Social,45-54,Education,30,Mobile,North America,Q2,49.90673251670384,11965.44,1415707,27113,1241,24816.68
CAMP_02266,2023-04-14 11:53:48.405681136,Instagram,Video,25-34,Retail,30,Mobile,North America,Q2,100.0,26555.25,2526608,70916,5368,174372.89
CAMP_02267,2023-04-14 16:51:39.499899984,Instagram,Display,18-24,Technology,30,Desktop,Asia,Q2,70.2455068315546,9188.73,1032513,17124,1381,45898.22
CAMP_02268,2023-04-14 21:49:30.594118824,LinkedIn,Display,25-34,Healthcare,60,Desktop,Europe,Q2,100.0,1594.69,164515,5720,430,11312.64
CAMP_02269,2023-04-15 02:47:21.688337672,Google,Search,35-44,Technology,14,Mobile,Europe,Q2,89.8530235766801,3551.91,382536,13261,621,21549.48
CAMP_02270,2023-04-15 07:45:12.782556512,Instagram,Display,18-24,Finance,7,Mobile,Europe,Q2,47.21507733099228,5482.33,587103,7494,372,25438.35
CAMP_02271,2023-04-15 12:43:03.876775360,Google,Display,55+,Finance,60,Mobile,Europe,Q2,60.75120934839623,24783.62,3126425,35665,2089,108440.49
CAMP_02272,2023-04-15 17:40:54.970994200,Facebook,Native,18-24,Education,30,Desktop,Europe,Q2,51.30350757850846,10858.01,1155873,22083,966,41356.45
CAMP_02273,2023-04-15 22:38:46.065213048,Instagram,Search,55+,Finance,30,Tablet,Other,Q2,56.76354481427337,8500.14,947078,21430,1555,63623.98
CAMP_02274,2023-04-16 03:36:37.159431888,LinkedIn,Video,45-54,Technology,60,Mobile,North America,Q2,40.47132661622538,8209.23,849197,12106,447,24132.38
CAMP_02275,2023-04-16 08:34:28.253650728,TikTok,Search,25-34,Technology,60,Mobile,North America,Q2,51.16929341659554,2739.45,310249,8102,330,17662.4
CAMP_02276,2023-04-16 13:32:19.347869576,Instagram,Social,25-34,Finance,30,Mobile,North America,Q2,67.19037763066477,5354.19,595924,20387,968,54622.34
CAMP_02277,2023-04-16 18:30:10.442088416,LinkedIn,Display,45-54,Finance,14,Mobile,Asia,Q2,66.66244113884407,68223.15,6802542,108348,3801,148355.15
CAMP_02278,2023-04-16 23:28:01.536307264,Instagram,Video,35-44,Entertainment,90,Mobile,Europe,Q2,65.06807330432534,29067.71,2821932,76479,3837,125212.01
CAMP_02279,2023-04-17 04:25:52.630526104,Instagram,Social,35-44,Retail,30,Tablet,North America,Q2,58.80650350232882,1374.86,151656,4243,248,2729.92
CAMP_02280,2023-04-17 09:23:43.724744952,Google,Search,25-34,Technology,14,Mobile,North America,Q2,77.21484850473881,18327.58,1866362,55396,2157,199111.82
CAMP_02281,2023-04-17 14:21:34.818963792,Facebook,Search,35-44,Technology,30,Desktop,North America,Q2,54.859139478429235,15222.16,1610615,62583,3875,237516.5
CAMP_02282,2023-04-17 19:19:25.913182640,Facebook,Video,55+,Technology,14,Mobile,North America,Q2,87.83104679523231,27075.88,2647990,63777,3463,46300.84
CAMP_02283,2023-04-18 00:17:17.007401480,Instagram,Video,25-34,Finance,60,Desktop,Other,Q2,23.04804885964876,841.92,77174,1112,51,3415.88
CAMP_02284,2023-04-18 05:15:08.101620328,Google,Search,25-34,Entertainment,14,Mobile,Asia,Q2,73.13622047951512,1000.68,136206,4333,294,15863.56
CAMP_02285,2023-04-18 10:12:59.195839168,Google,Display,25-34,Technology,60,Mobile,North America,Q2,69.76742224494714,11345.42,1432017,43425,1941,37220.83
CAMP_02286,2023-04-18 15:10:50.290058016,Facebook,Search,45-54,Finance,60,Tablet,North America,Q2,46.508668854969,43035.84,4280527,88884,5034,106853.4
CAMP_02287,2023-04-18 20:08:41.384276856,TikTok,Search,45-54,Healthcare,60,Mobile,North America,Q2,52.89537946289446,3619.4,301161,10072,250,5958.62
CAMP_02288,2023-04-19 01:06:32.478495704,Facebook,Display,25-34,Technology,30,Desktop,Asia,Q2,69.29581878218073,14853.99,1491381,35280,1396,58282.97
CAMP_02289,2023-04-19 06:04:23.572714544,Instagram,Native,18-24,Entertainment,60,Desktop,Europe,Q2,78.31870494297499,33830.9,3109357,70130,3920,678792.31
CAMP_02290,2023-04-19 11:02:14.666933392,Google,Social,18-24,Healthcare,14,Mobile,Other,Q2,25.010736633377874,13171.59,1665447,15770,532,42649.72
CAMP_02291,2023-04-19 16:00:05.761152232,Instagram,Social,25-34,Finance,7,Desktop,Asia,Q2,72.56492135308511,3485.19,300749,8241,661,11971.31
CAMP_02292,2023-04-19 20:57:56.855371072,Facebook,Video,25-34,Education,60,Desktop,Europe,Q2,50.846976288848865,67374.64,6043241,144803,5207,169041.48
CAMP_02293,2023-04-20 01:55:47.949589920,Google,Video,55+,Technology,14,Tablet,Asia,Q2,82.50579548597106,12478.73,1433754,35644,2253,209508.54
CAMP_02294,2023-04-20 06:53:39.043808760,Instagram,Search,35-44,Education,7,Desktop,Asia,Q2,23.214495723676457,32494.31,3331526,49138,1457,40902.12
CAMP_02295,2023-04-20 11:51:30.138027608,Google,Display,25-34,Healthcare,7,Mobile,North America,Q2,100.0,34029.71,3834290,125905,6139,978227.22
CAMP_02296,2023-04-20 16:49:21.232246448,Google,Native,45-54,Healthcare,7,Desktop,Europe,Q2,42.27720133971805,18382.35,2506391,33080,1682,124566.52
CAMP_02297,2023-04-20 21:47:12.326465296,Google,Display,35-44,Education,30,Desktop,Europe,Q2,88.59922373579356,3135.76,443710,10138,793,42158.47
CAMP_02298,2023-04-21 02:45:03.420684136,Google,Search,35-44,Education,30,Desktop,Europe,Q2,58.61630760534334,2129.47,228611,7818,374,15727.68
CAMP_02299,2023-04-21 07:42:54.514902984,Google,Display,18-24,Healthcare,14,Desktop,North America,Q2,43.626665255997395,28422.1,4045360,74956,2471,173863.3
CAMP_02300,2023-04-21 12:40:45.609121824,Facebook,Search,25-34,Entertainment,60,Mobile,North America,Q2,65.30228010762822,1637.04,184584,7542,705,49601.85
CAMP_02301,2023-04-21 17:38:36.703340672,Twitter,Video,55+,Finance,14,Mobile,North America,Q2,80.58250889912736,9623.39,868733,21961,1206,18445.59
CAMP_02302,2023-04-21 22:36:27.797559512,Instagram,Search,35-44,Healthcare,30,Desktop,North America,Q2,28.945903985104753,79490.55,9516506,170317,6589,191304.73
CAMP_02303,2023-04-22 03:34:18.891778360,Instagram,Display,25-34,Retail,14,Tablet,Latin America,Q2,74.03177698574018,4783.75,562712,13082,626,39775.12
CAMP_02304,2023-04-22 08:32:09.985997200,Facebook,Social,35-44,Retail,30,Mobile,Asia,Q2,59.756430026858204,9408.06,1105971,21038,1612,141097.43
CAMP_02305,2023-04-22 13:30:01.080216048,TikTok,Video,55+,Education,14,Tablet,Asia,Q2,71.54088165132669,33524.0,3482601,78709,5526,71311.41
CAMP_02306,2023-04-22 18:27:52.174434888,Facebook,Native,25-34,Retail,14,Tablet,Europe,Q2,60.2195071467796,16713.5,1724883,38571,2838,164625.68
CAMP_02307,2023-04-22 23:25:43.268653736,Google,Social,35-44,Retail,60,Tablet,Asia,Q2,48.56262322490692,9241.16,983973,15094,588,60370.95
CAMP_02308,2023-04-23 04:23:34.362872576,Instagram,Display,55+,Entertainment,7,Tablet,Other,Q2,37.73753497256242,49114.54,5176667,51724,1320,105314.02
CAMP_02309,2023-04-23 09:21:25.457091424,Google,Social,25-34,Retail,90,Desktop,North America,Q2,73.4529022409405,2381.68,322558,9781,494,7562.2
CAMP_02310,2023-04-23 14:19:16.551310264,Facebook,Video,45-54,Technology,30,Desktop,Asia,Q2,73.34543984397669,12439.36,1626928,52782,2724,112873.94
CAMP_02311,2023-04-23 19:17:07.645529104,Instagram,Native,35-44,Healthcare,14,Desktop,North America,Q2,73.24544495381616,4633.27,379553,8103,357,26662.13
CAMP_02312,2023-04-24 00:14:58.739747952,Twitter,Search,35-44,Healthcare,30,Mobile,Latin America,Q2,68.55192638881147,32535.04,2395196,56982,2748,63319.08
CAMP_02313,2023-04-24 05:12:49.833966792,Instagram,Display,25-34,Entertainment,7,Mobile,Latin America,Q2,78.8939774367894,1234.72,114947,3697,221,14424.36
CAMP_02314,2023-04-24 10:10:40.928185640,LinkedIn,Display,25-34,Finance,30,Mobile,Latin America,Q2,88.12138559539284,5707.37,567695,13757,782,29539.64
CAMP_02315,2023-04-24 15:08:32.022404480,TikTok,Video,35-44,Finance,90,Mobile,North America,Q2,22.47164305186964,1207.19,94478,1323,41,2831.46
CAMP_02316,2023-04-24 20:06:23.116623328,Google,Native,25-34,Entertainment,14,Mobile,North America,Q2,13.164051122618233,39626.83,4841997,75051,3380,259077.8
CAMP_02317,2023-04-25 01:04:14.210842168,Facebook,Video,25-34,Finance,30,Tablet,North America,Q2,94.3589471975929,3189.5,292574,14403,1306,90460.86
CAMP_02318,2023-04-25 06:02:05.305061016,Facebook,Search,25-34,Healthcare,14,Desktop,Europe,Q2,33.17906970829622,47864.51,5503001,140319,9530,725522.28
CAMP_02319,2023-04-25 10:59:56.399279856,Facebook,Search,18-24,Education,30,Mobile,Europe,Q2,38.27513426420761,30574.96,3675558,87135,2483,91403.42
CAMP_02320,2023-04-25 15:57:47.493498704,Facebook,Native,55+,Finance,14,Desktop,North America,Q2,54.24771376250151,6648.16,780733,12877,451,20631.85
CAMP_02321,2023-04-25 20:55:38.587717544,TikTok,Display,25-34,Finance,14,Mobile,Asia,Q2,26.920568425737954,8283.64,781016,14685,627,20631.34
CAMP_02322,2023-04-26 01:53:29.681936392,LinkedIn,Search,55+,Retail,90,Mobile,North America,Q2,52.36826605384725,81570.66,7894476,134534,8084,442410.67
CAMP_02323,2023-04-26 06:51:20.776155232,Instagram,Search,18-24,Healthcare,7,Desktop,Latin America,Q2,41.0378931175467,6374.99,657214,17267,781,40789.29
CAMP_02324,2023-04-26 11:49:11.870374080,Facebook,Social,35-44,Retail,30,Mobile,North America,Q2,55.33318260605985,18347.2,2138681,51805,2718,212278.75
CAMP_02325,2023-04-26 16:47:02.964592920,Twitter,Video,25-34,Finance,30,Desktop,North America,Q2,65.59682609814203,14091.26,1088570,38920,1597,63522.23
CAMP_02326,2023-04-26 21:44:54.058811768,TikTok,Display,45-54,Education,30,Mobile,Europe,Q2,53.12923549140871,16969.73,1483170,26754,1743,40354.19
CAMP_02327,2023-04-27 02:42:45.153030608,Twitter,Display,45-54,Healthcare,30,Mobile,Europe,Q2,52.11905429205706,271.42,21618,511,21,948.79
CAMP_02328,2023-04-27 07:40:36.247249448,Google,Social,18-24,Technology,30,Desktop,North America,Q2,65.15991593583293,865.74,87565,2028,160,2920.59
CAMP_02329,2023-04-27 12:38:27.341468296,Instagram,Display,55+,Entertainment,7,Mobile,Asia,Q2,80.88583595899897,26079.58,2472986,58098,3869,599019.45
CAMP_02330,2023-04-27 17:36:18.435687136,Google,Search,25-34,Technology,60,Tablet,Europe,Q2,92.05928693843332,2636.18,318045,12549,556,14219.08
CAMP_02331,2023-04-27 22:34:09.529905984,Facebook,Display,35-44,Entertainment,60,Mobile,Latin America,Q2,55.62923491995569,70976.66,6978615,163270,13277,939014.06
CAMP_02332,2023-04-28 03:32:00.624124824,Google,Social,55+,Healthcare,7,Mobile,Latin America,Q2,96.49778303846475,15788.49,1670471,29169,2218,154444.4
CAMP_02333,2023-04-28 08:29:51.718343672,Instagram,Native,45-54,Retail,14,Tablet,Europe,Q2,77.53413669522493,9829.01,948021,27067,1127,40138.25
CAMP_02334,2023-04-28 13:27:42.812562512,LinkedIn,Search,55+,Travel,30,Tablet,Latin America,Q2,35.359830920536474,15931.55,1235401,17487,996,19898.75
CAMP_02335,2023-04-28 18:25:33.906781360,Google,Display,25-34,Technology,90,Mobile,Asia,Q2,34.7758348877265,2544.6,251109,3517,225,21377.63
CAMP_02336,2023-04-28 23:23:25.001000200,Facebook,Display,18-24,Travel,90,Mobile,Other,Q2,48.4542429879466,996.67,90671,1783,78,1622.46
CAMP_02337,2023-04-29 04:21:16.095219048,Facebook,Video,25-34,Retail,60,Desktop,Latin America,Q2,88.89207966719452,14928.02,1398249,43941,3991,304524.09
CAMP_02338,2023-04-29 09:19:07.189437888,Facebook,Display,35-44,Technology,7,Mobile,Asia,Q2,49.97265368868927,38204.28,4276148,86402,5625,135759.97
CAMP_02339,2023-04-29 14:16:58.283656736,Google,Search,45-54,Retail,60,Mobile,Europe,Q2,22.152863509874535,2368.71,271028,3796,178,39936.86
CAMP_02340,2023-04-29 19:14:49.377875576,Facebook,Search,25-34,Retail,60,Desktop,North America,Q2,55.422315822245785,52221.22,6022291,256353,11083,944948.87
CAMP_02341,2023-04-30 00:12:40.472094424,LinkedIn,Native,35-44,Entertainment,14,Desktop,Latin America,Q2,20.388560648791866,3426.11,324874,4395,107,6046.45
CAMP_02342,2023-04-30 05:10:31.566313264,Google,Display,25-34,Entertainment,14,Mobile,Asia,Q2,38.90028706126256,5273.66,629141,8819,325,17200.47
CAMP_02343,2023-04-30 10:08:22.660532112,Google,Search,25-34,Entertainment,14,Mobile,North America,Q2,48.25943187414828,4123.3,582544,18317,561,10094.37
CAMP_02344,2023-04-30 15:06:13.754750952,Facebook,Search,35-44,Technology,30,Tablet,North America,Q2,62.99337821849383,8071.47,966408,35006,3230,71425.64
CAMP_02345,2023-04-30 20:04:04.848969792,TikTok,Search,35-44,Finance,14,Desktop,Asia,Q2,80.48324653213757,20066.13,2269174,74986,6056,1067690.27
CAMP_02346,2023-05-01 01:01:55.943188640,LinkedIn,Display,45-54,Entertainment,7,Desktop,Europe,Q2,73.88271886743529,29366.77,2169202,56725,2553,136290.41
CAMP_02347,2023-05-01 05:59:47.037407480,LinkedIn,Search,25-34,Finance,7,Mobile,North America,Q2,36.413504031050294,11731.79,976924,24024,643,10125.26
CAMP_02348,2023-05-01 10:57:38.131626328,Facebook,Search,45-54,Entertainment,14,Mobile,North America,Q2,52.56575475668695,14110.16,1802452,50982,3131,195374.59
CAMP_02349,2023-05-01 15:55:29.225845168,Instagram,Social,18-24,Healthcare,14,Mobile,Asia,Q2,61.527511774051334,1744.49,151635,2978,101,2206.45
CAMP_02350,2023-05-01 20:53:20.320064016,Google,Native,25-34,Retail,30,Mobile,North America,Q2,54.75585751107001,1099.0,151077,4042,353,71917.28
CAMP_02351,2023-05-02 01:51:11.414282856,Instagram,Display,35-44,Entertainment,7,Mobile,Europe,Q2,54.61409548263411,4420.97,355204,9061,364,19528.3
CAMP_02352,2023-05-02 06:49:02.508501704,TikTok,Video,45-54,Entertainment,60,Mobile,Asia,Q2,25.545133506914567,1040.46,110353,1559,68,3830.55
CAMP_02353,2023-05-02 11:46:53.602720544,Instagram,Search,25-34,Entertainment,60,Desktop,Asia,Q2,36.94531697720719,10133.53,829490,18281,548,15011.96
CAMP_02354,2023-05-02 16:44:44.696939392,Twitter,Search,25-34,Retail,60,Desktop,North America,Q2,51.941203017214534,1812.29,143563,4624,232,8400.68
CAMP_02355,2023-05-02 21:42:35.791158232,LinkedIn,Display,35-44,Technology,30,Mobile,North America,Q2,1.0,1154.06,109459,1399,40,2611.13
CAMP_02356,2023-05-03 02:40:26.885377080,Google,Social,25-34,Finance,7,Desktop,Europe,Q2,72.81288640019709,2512.1,329850,7552,674,35908.91
CAMP_02357,2023-05-03 07:38:17.979595920,TikTok,Native,45-54,Technology,14,Desktop,Asia,Q2,32.546418005778605,3765.94,396199,7439,213,8113.64
CAMP_02358,2023-05-03 12:36:09.073814768,Google,Native,45-54,Technology,7,Mobile,North America,Q2,73.73676266530276,5608.2,756829,13280,1290,76324.59
CAMP_02359,2023-05-03 17:34:00.168033608,Instagram,Display,18-24,Education,90,Mobile,North America,Q2,71.9783200894182,7192.16,607417,10269,821,76002.88
CAMP_02360,2023-05-03 22:31:51.262252456,Google,Social,35-44,Healthcare,14,Desktop,Latin America,Q2,49.12613913775232,6454.35,779773,20821,928,56626.38
CAMP_02361,2023-05-04 03:29:42.356471296,Google,Social,45-54,Healthcare,30,Mobile,Latin America,Q2,80.01096651403076,28456.34,2767889,73255,7127,164963.76
CAMP_02362,2023-05-04 08:27:33.450690136,Facebook,Search,25-34,Technology,30,Mobile,Europe,Q2,74.86394689849867,14948.8,1540083,44826,4109,198202.01
CAMP_02363,2023-05-04 13:25:24.544908984,Facebook,Search,35-44,Travel,60,Mobile,North America,Q2,53.82077058330719,9559.69,1194101,41794,2190,163205.17
CAMP_02364,2023-05-04 18:23:15.639127824,Instagram,Social,18-24,Retail,30,Mobile,North America,Q2,51.564807696166035,8455.7,789983,16595,785,61154.46
CAMP_02365,2023-05-04 23:21:06.733346672,Instagram,Search,35-44,Entertainment,30,Tablet,North America,Q2,81.94465571328713,25335.65,2625152,125808,5265,66342.79
CAMP_02366,2023-05-05 04:18:57.827565512,Google,Display,25-34,Travel,14,Desktop,North America,Q2,64.64027678815329,3041.85,328016,7249,464,8202.83
CAMP_02367,2023-05-05 09:16:48.921784360,Google,Search,45-54,Entertainment,30,Mobile,Europe,Q2,80.89394336736285,4081.09,474842,11900,1369,109952.74
CAMP_02368,2023-05-05 14:14:40.016003200,Instagram,Search,25-34,Travel,7,Tablet,Europe,Q2,12.220518512945262,3772.3,418347,8904,389,7369.23
CAMP_02369,2023-05-05 19:12:31.110222048,Facebook,Display,25-34,Entertainment,60,Desktop,North America,Q2,61.96970194038924,8802.93,878489,22629,1088,80365.9
CAMP_02370,2023-05-06 00:10:22.204440888,LinkedIn,Native,45-54,Technology,30,Desktop,Latin America,Q2,28.45181826061254,32651.8,2388777,28836,1482,41658.17
CAMP_02371,2023-05-06 05:08:13.298659736,LinkedIn,Search,18-24,Technology,7,Mobile,Europe,Q2,59.48422985026474,6687.6,701272,14514,771,42716.19
CAMP_02372,2023-05-06 10:06:04.392878576,Twitter,Search,25-34,Technology,60,Desktop,Europe,Q2,74.27640416691767,4288.68,296194,12146,301,5141.46
CAMP_02373,2023-05-06 15:03:55.487097424,LinkedIn,Video,25-34,Retail,14,Mobile,Other,Q2,94.78280291498206,15529.96,1629600,71818,5100,134167.98
CAMP_02374,2023-05-06 20:01:46.581316264,Facebook,Search,25-34,Entertainment,60,Mobile,Europe,Q2,41.236665431256284,4799.56,487803,16193,611,44192.22
CAMP_02375,2023-05-07 00:59:37.675535112,LinkedIn,Video,55+,Technology,60,Mobile,Latin America,Q2,49.48590389396034,734.69,68865,1548,36,961.98
CAMP_02376,2023-05-07 05:57:28.769753952,Facebook,Video,45-54,Education,60,Mobile,North America,Q2,58.08934185848925,21514.81,2823265,52338,4083,315478.83
CAMP_02377,2023-05-07 10:55:19.863972800,Facebook,Search,18-24,Technology,7,Mobile,North America,Q2,40.50937797076219,708.19,84436,2154,104,2598.11
CAMP_02378,2023-05-07 15:53:10.958191640,Twitter,Search,45-54,Finance,14,Mobile,Europe,Q2,79.57119457578514,7216.8,678405,17320,648,10727.1
CAMP_02379,2023-05-07 20:51:02.052410480,Facebook,Search,35-44,Travel,60,Desktop,Europe,Q2,58.59810909268753,1705.6,189011,4253,182,13361.81
CAMP_02380,2023-05-08 01:48:53.146629328,Twitter,Video,55+,Technology,60,Mobile,North America,Q2,62.43914046752092,259.61,19356,374,11,677.32
CAMP_02381,2023-05-08 06:46:44.240848168,Twitter,Search,25-34,Entertainment,14,Desktop,Asia,Q2,72.40346253548317,34060.1,2563923,68695,3698,186646.79
CAMP_02382,2023-05-08 11:44:35.335067016,Twitter,Display,35-44,Entertainment,14,Desktop,North America,Q2,58.56576967249181,2800.02,246290,6711,273,8305.4
CAMP_02383,2023-05-08 16:42:26.429285856,TikTok,Native,35-44,Technology,7,Mobile,Asia,Q2,43.6492174364827,33568.88,3607492,56111,3698,226973.56
CAMP_02384,2023-05-08 21:40:17.523504704,Facebook,Search,35-44,Finance,90,Mobile,Europe,Q2,58.73959523403066,998.39,131737,4106,140,10926.86
CAMP_02385,2023-05-09 02:38:08.617723544,Facebook,Search,35-44,Technology,14,Tablet,Asia,Q2,42.87637280973222,4442.11,571559,10649,709,52076.78
CAMP_02386,2023-05-09 07:35:59.711942392,Instagram,Display,25-34,Entertainment,7,Mobile,Europe,Q2,62.159617782329725,2336.53,194605,5221,425,5192.53
CAMP_02387,2023-05-09 12:33:50.806161232,Facebook,Video,45-54,Healthcare,30,Desktop,Other,Q2,79.93875441603593,13496.94,1571626,57446,5212,232245.5
CAMP_02388,2023-05-09 17:31:41.900380080,Instagram,Native,35-44,Finance,14,Desktop,North America,Q2,36.50043415455336,30195.53,2590405,41324,1689,125173.65
CAMP_02389,2023-05-09 22:29:32.994598920,LinkedIn,Display,55+,Entertainment,60,Mobile,Other,Q2,29.352579971158153,8499.94,848105,11040,450,30088.83
CAMP_02390,2023-05-10 03:27:24.088817768,LinkedIn,Search,25-34,Technology,7,Mobile,North America,Q2,60.984998718393484,6196.63,519538,20690,1474,101213.84
CAMP_02391,2023-05-10 08:25:15.183036608,Facebook,Search,35-44,Entertainment,7,Mobile,Asia,Q2,44.64400766512188,18680.83,1950830,65613,1858,128686.59
CAMP_02392,2023-05-10 13:23:06.277255456,Google,Video,55+,Education,30,Desktop,Europe,Q2,60.634905488239376,58540.62,7899162,126334,4592,217839.66
CAMP_02393,2023-05-10 18:20:57.371474296,Facebook,Social,35-44,Education,14,Desktop,Asia,Q2,66.40807041219401,40566.63,5094178,93793,8217,372764.82
CAMP_02394,2023-05-10 23:18:48.465693144,Google,Search,45-54,Entertainment,7,Tablet,Asia,Q2,17.126275421429213,124898.81,12449912,275528,6347,339089.4
CAMP_02395,2023-05-11 04:16:39.559911984,Twitter,Display,45-54,Finance,14,Mobile,Asia,Q2,73.79698855317085,8223.6,649762,17785,1289,43135.79
CAMP_02396,2023-05-11 09:14:30.654130832,Facebook,Video,25-34,Travel,14,Mobile,North America,Q2,36.60662994089502,54055.04,6733537,184541,7202,164688.19
CAMP_02397,2023-05-11 14:12:21.748349672,Google,Display,35-44,Technology,60,Mobile,Asia,Q2,59.5530409887062,39745.8,4173337,80914,5047,370626.85
CAMP_02398,2023-05-11 19:10:12.842568512,Google,Social,25-34,Healthcare,7,Tablet,North America,Q2,46.812353291231396,15450.11,1718203,33767,2345,145058.31
CAMP_02399,2023-05-12 00:08:03.936787360,Instagram,Search,35-44,Retail,90,Mobile,North America,Q2,48.96085970431411,26267.14,2745517,95772,6483,330988.07
CAMP_02400,2023-05-12 05:05:55.031006200,Instagram,Display,25-34,Travel,30,Mobile,North America,Q2,93.87915879235976,159512.33,15563949,421449,34295,2203223.44
CAMP_02401,2023-05-12 10:03:46.125225048,Facebook,Video,45-54,Entertainment,7,Tablet,Europe,Q2,66.38535041591322,5342.84,476231,13993,1265,74011.86
CAMP_02402,2023-05-12 15:01:37.219443888,Google,Search,35-44,Entertainment,7,Mobile,Asia,Q2,78.09376805907182,3435.25,337438,12390,977,196210.6
CAMP_02403,2023-05-12 19:59:28.313662736,Facebook,Search,25-34,Retail,30,Desktop,North America,Q2,63.018827084054855,34505.09,3648178,166898,7388,1600864.39
CAMP_02404,2023-05-13 00:57:19.407881576,Facebook,Search,25-34,Entertainment,14,Mobile,North America,Q2,72.40027149309908,1924.84,190037,7846,461,26229.29
CAMP_02405,2023-05-13 05:55:10.502100424,LinkedIn,Display,55+,Entertainment,14,Mobile,Europe,Q2,68.34756724286903,7191.15,652083,10519,834,23867.23
CAMP_02406,2023-05-13 10:53:01.596319264,Instagram,Display,18-24,Entertainment,14,Tablet,Other,Q2,65.08912289373652,53181.76,5920345,106208,8373,865022.79
CAMP_02407,2023-05-13 15:50:52.690538112,Facebook,Search,18-24,Technology,30,Desktop,Europe,Q2,82.1431181832936,86853.39,8339768,224810,19996,1763357.43
CAMP_02408,2023-05-13 20:48:43.784756952,Google,Native,25-34,Finance,30,Mobile,Asia,Q2,63.130109076885404,4098.82,541706,17120,1427,28998.28
CAMP_02409,2023-05-14 01:46:34.878975800,TikTok,Display,55+,Retail,7,Mobile,Europe,Q2,100.0,7134.71,646640,10200,879,61403.35
CAMP_02410,2023-05-14 06:44:25.973194640,Facebook,Search,55+,Finance,30,Mobile,Asia,Q2,79.21063145624876,9052.3,851864,27278,1959,118626.56
CAMP_02411,2023-05-14 11:42:17.067413488,LinkedIn,Search,35-44,Technology,30,Desktop,Other,Q2,37.2091860452062,5235.49,420834,13114,418,23968.73
CAMP_02412,2023-05-14 16:40:08.161632328,Google,Search,45-54,Technology,7,Mobile,Europe,Q2,56.46900582034036,67796.1,8746735,171290,10379,452686.49
CAMP_02413,2023-05-14 21:37:59.255851176,Instagram,Display,25-34,Retail,60,Desktop,Europe,Q2,67.94155198981336,4574.56,379683,8459,291,16581.47
CAMP_02414,2023-05-15 02:35:50.350070016,Google,Social,55+,Technology,30,Mobile,Latin America,Q2,60.88993671424074,1790.43,252659,4159,355,23526.8
CAMP_02415,2023-05-15 07:33:41.444288856,Instagram,Search,18-24,Retail,90,Desktop,Other,Q2,73.73746837944336,75366.36,6155898,133376,4917,252630.62
CAMP_02416,2023-05-15 12:31:32.538507704,TikTok,Search,18-24,Travel,7,Mobile,North America,Q2,75.94033409667747,11838.97,1190212,39549,1847,32001.83
CAMP_02417,2023-05-15 17:29:23.632726544,Facebook,Display,18-24,Healthcare,90,Desktop,Europe,Q2,32.808260284020704,27970.31,2779976,46858,2935,255825.64
CAMP_02418,2023-05-15 22:27:14.726945392,Google,Display,35-44,Finance,30,Mobile,Asia,Q2,85.62155089432989,72183.31,7964254,212727,24717,1274524.47
CAMP_02419,2023-05-16 03:25:05.821164232,Google,Video,45-54,Healthcare,30,Mobile,Europe,Q2,50.06365069027911,11361.71,1264417,20770,1259,93000.12
CAMP_02420,2023-05-16 08:22:56.915383080,Facebook,Social,25-34,Healthcare,30,Tablet,Europe,Q2,48.081909882704856,1377.64,171999,4004,192,2309.58
CAMP_02421,2023-05-16 13:20:48.009601920,Google,Display,55+,Travel,7,Mobile,Asia,Q2,48.01755214588919,1299.79,153034,1895,69,2614.34
CAMP_02422,2023-05-16 18:18:39.103820768,Google,Search,25-34,Retail,60,Mobile,North America,Q2,76.17152811981165,108099.2,15359349,765534,66293,4979073.74
CAMP_02423,2023-05-16 23:16:30.198039608,LinkedIn,Display,25-34,Technology,30,Mobile,North America,Q2,54.65864603704428,42972.58,3434868,86371,2216,101367.55
CAMP_02424,2023-05-17 04:14:21.292258456,Facebook,Search,35-44,Travel,7,Mobile,Other,Q2,46.72896711324585,682.32,61798,2090,153,10805.05
CAMP_02425,2023-05-17 09:12:12.386477296,Facebook,Search,35-44,Technology,7,Desktop,Europe,Q2,51.520816851129254,1963.17,184536,4678,221,12053.94
CAMP_02426,2023-05-17 14:10:03.480696144,TikTok,Display,45-54,Retail,7,Mobile,Latin America,Q2,24.106166821682457,93600.47,7854815,85266,3652,251281.41
CAMP_02427,2023-05-17 19:07:54.574914984,Google,Video,35-44,Retail,30,Desktop,Asia,Q2,43.15672472097026,1461.45,207629,5158,268,11887.31
CAMP_02428,2023-05-18 00:05:45.669133832,TikTok,Display,35-44,Retail,30,Desktop,Asia,Q2,35.20832902693801,5898.96,594160,12843,505,11358.14
CAMP_02429,2023-05-18 05:03:36.763352672,Facebook,Search,25-34,Travel,14,Desktop,Asia,Q2,54.61661339008218,1086.97,105129,3450,141,11727.66
CAMP_02430,2023-05-18 10:01:27.857571520,Twitter,Search,35-44,Technology,14,Mobile,North America,Q2,73.28386540547184,20989.47,1607693,50647,1688,66405.09
CAMP_02431,2023-05-18 14:59:18.951790360,Instagram,Display,55+,Travel,30,Mobile,Europe,Q2,71.07751801866453,68050.81,7247202,95866,6951,82283.51
CAMP_02432,2023-05-18 19:57:10.046009200,Twitter,Search,18-24,Travel,30,Desktop,Europe,Q2,85.13500995093166,901.1,73568,2471,161,8669.49
CAMP_02433,2023-05-19 00:55:01.140228048,TikTok,Display,45-54,Healthcare,7,Mobile,Europe,Q2,80.67951634593241,246.58,25479,753,61,1658.26
CAMP_02434,2023-05-19 05:52:52.234446888,Facebook,Display,35-44,Retail,14,Desktop,North America,Q2,49.428065701632455,37423.18,3488385,70090,2086,61495.52
CAMP_02435,2023-05-19 10:50:43.328665736,TikTok,Video,25-34,Retail,7,Mobile,North America,Q2,60.38142801507426,171947.35,16224543,397921,28799,1424724.57
CAMP_02436,2023-05-19 15:48:34.422884576,Facebook,Social,55+,Finance,60,Mobile,North America,Q2,59.34887811557163,3306.09,392550,6519,343,24996.65
CAMP_02437,2023-05-19 20:46:25.517103424,Facebook,Display,35-44,Finance,30,Desktop,Europe,Q2,16.978946345562264,78644.31,7958603,124289,2771,202795.06
CAMP_02438,2023-05-20 01:44:16.611322264,Facebook,Display,25-34,Healthcare,90,Desktop,Other,Q2,35.65480926180511,1986.84,232561,4809,232,3729.12
CAMP_02439,2023-05-20 06:42:07.705541112,Instagram,Display,25-34,Finance,14,Desktop,Other,Q2,56.65426645697775,28818.54,3395309,80179,5240,418974.17
CAMP_02440,2023-05-20 11:39:58.799759952,Google,Video,25-34,Travel,60,Desktop,North America,Q2,56.54207129718383,1949.51,261546,7919,311,10281.26
CAMP_02441,2023-05-20 16:37:49.893978800,Instagram,Search,45-54,Healthcare,30,Desktop,North America,Q2,70.24650108410334,6240.59,632870,25304,2033,40569.28
CAMP_02442,2023-05-20 21:35:40.988197640,Instagram,Video,35-44,Entertainment,14,Mobile,North America,Q2,69.27283259071696,45073.12,3646899,81614,6036,109993.25
CAMP_02443,2023-05-21 02:33:32.082416488,LinkedIn,Video,55+,Education,14,Tablet,North America,Q2,24.586149958005294,2463.18,229582,3450,128,4653.09
CAMP_02444,2023-05-21 07:31:23.176635328,Twitter,Search,25-34,Retail,30,Desktop,Asia,Q2,70.3719346891506,20576.76,1522222,46919,2267,138348.78
CAMP_02445,2023-05-21 12:29:14.270854176,Facebook,Display,18-24,Technology,60,Desktop,Latin America,Q2,63.57174412907528,8491.28,973367,18784,1133,18173.68
CAMP_02446,2023-05-21 17:27:05.365073016,Facebook,Social,18-24,Retail,14,Mobile,North America,Q2,72.46746363289259,16382.67,1756419,31428,2935,172041.82
CAMP_02447,2023-05-21 22:24:56.459291864,Facebook,Search,35-44,Retail,7,Tablet,North America,Q2,81.3373117528318,9882.75,1139748,41250,3449,239239.84
CAMP_02448,2023-05-22 03:22:47.553510704,Google,Display,55+,Finance,30,Mobile,North America,Q2,57.14234054424057,3885.18,461267,6101,383,30976.61
CAMP_02449,2023-05-22 08:20:38.647729544,Google,Search,35-44,Technology,90,Mobile,North America,Q2,84.9117647396016,12058.68,1624458,64984,4754,178885.51
CAMP_02450,2023-05-22 13:18:29.741948392,Facebook,Video,25-34,Finance,30,Mobile,Asia,Q2,42.211990922139066,1284.71,160392,4666,313,22697.72
CAMP_02451,2023-05-22 18:16:20.836167232,Facebook,Search,45-54,Travel,14,Mobile,Europe,Q2,41.08523759255563,176.31,16383,281,15,183.44
CAMP_02452,2023-05-22 23:14:11.930386080,TikTok,Search,45-54,Retail,14,Mobile,Asia,Q2,68.57544380271082,14695.51,1357482,36998,2243,67229.69
CAMP_02453,2023-05-23 04:12:03.024604920,Instagram,Display,18-24,Healthcare,14,Desktop,Europe,Q2,52.6246490938964,11840.32,1301786,20640,832,64011.36
CAMP_02454,2023-05-23 09:09:54.118823768,Facebook,Search,45-54,Retail,60,Desktop,North America,Q2,65.23265129237939,3892.3,512053,16578,1302,94411.89
CAMP_02455,2023-05-23 14:07:45.213042608,Instagram,Social,25-34,Technology,30,Mobile,North America,Q2,99.85964239688983,1452.18,150909,6666,402,39829.09
CAMP_02456,2023-05-23 19:05:36.307261456,Google,Native,18-24,Finance,30,Desktop,North America,Q2,67.86990147007951,77489.37,11010545,261082,12687,2289261.24
CAMP_02457,2023-05-24 00:03:27.401480296,Facebook,Search,25-34,Travel,14,Mobile,Asia,Q2,64.24339077728239,2457.48,320709,12239,885,32704.18
CAMP_02458,2023-05-24 05:01:18.495699144,Instagram,Search,35-44,Finance,60,Mobile,Asia,Q2,42.615592426963055,10158.32,1039501,28793,1956,123470.38
CAMP_02459,2023-05-24 09:59:09.589917984,Instagram,Display,25-34,Retail,30,Mobile,Asia,Q2,26.00040386751307,45541.9,5158898,59893,1721,72832.28
CAMP_02460,2023-05-24 14:57:00.684136832,Facebook,Display,25-34,Finance,90,Desktop,North America,Q2,58.54906769452979,11797.53,1508109,24858,1466,120678.71
CAMP_02461,2023-05-24 19:54:51.778355672,TikTok,Search,25-34,Retail,30,Mobile,Asia,Q2,81.33740493216393,36926.91,3261184,116472,3989,158813.37
CAMP_02462,2023-05-25 00:52:42.872574520,Twitter,Display,45-54,Technology,60,Mobile,North America,Q2,53.54123985878652,16705.53,1267971,18149,549,33413.36
CAMP_02463,2023-05-25 05:50:33.966793360,Instagram,Native,55+,Healthcare,60,Mobile,North America,Q2,68.02924998410738,23888.28,2640916,40099,1421,112150.79
CAMP_02464,2023-05-25 10:48:25.061012208,Instagram,Display,45-54,Retail,14,Desktop,Europe,Q2,88.52994545437164,283.78,30180,899,89,3073.03
CAMP_02465,2023-05-25 15:46:16.155231048,Instagram,Display,25-34,Finance,90,Desktop,Europe,Q2,88.0303262646072,2918.86,244333,6662,257,3828.24
CAMP_02466,2023-05-25 20:44:07.249449888,Google,Display,25-34,Healthcare,7,Mobile,Asia,Q2,68.57631775203565,15824.44,2185503,65371,6322,577443.65
CAMP_02467,2023-05-26 01:41:58.343668736,Facebook,Social,25-34,Finance,30,Mobile,Asia,Q2,63.40212957314686,1217.74,142297,3470,118,14739.75
CAMP_02468,2023-05-26 06:39:49.437887576,Google,Search,18-24,Retail,90,Desktop,North America,Q2,29.627339019938486,9341.1,1267317,20936,1266,165683.76
CAMP_02469,2023-05-26 11:37:40.532106424,Instagram,Search,35-44,Travel,14,Desktop,North America,Q2,47.39610711646119,7808.51,933542,29940,730,49922.54
CAMP_02470,2023-05-26 16:35:31.626325264,Instagram,Display,35-44,Technology,30,Mobile,North America,Q2,54.38488383963854,8949.63,907090,19309,955,11381.47
CAMP_02471,2023-05-26 21:33:22.720544112,Google,Social,45-54,Entertainment,30,Desktop,North America,Q2,42.953367771316955,59513.13,7970506,159258,7472,1653107.66
CAMP_02472,2023-05-27 02:31:13.814762952,TikTok,Video,35-44,Technology,30,Tablet,North America,Q2,64.96906525905528,20131.35,1858199,54838,2080,31768.63
CAMP_02473,2023-05-27 07:29:04.908981800,TikTok,Social,25-34,Finance,60,Mobile,Asia,Q2,98.23296366972201,18820.93,1874641,83474,3871,85547.93
CAMP_02474,2023-05-27 12:26:56.003200640,LinkedIn,Search,25-34,Finance,30,Desktop,North America,Q2,90.35523185323234,45210.06,3944184,211500,18454,931244.25
CAMP_02475,2023-05-27 17:24:47.097419488,Instagram,Display,35-44,Technology,60,Mobile,Asia,Q2,64.87759723662414,11869.78,1058688,27041,1972,57483.53
CAMP_02476,2023-05-27 22:22:38.191638328,Twitter,Search,25-34,Retail,14,Desktop,Europe,Q2,75.58868144049657,27512.78,2112909,81330,2636,44883.32
CAMP_02477,2023-05-28 03:20:29.285857176,Google,Search,25-34,Technology,14,Mobile,North America,Q2,45.427913692877624,3034.88,429525,10842,600,56813.92
CAMP_02478,2023-05-28 08:18:20.380076016,Twitter,Video,25-34,Education,14,Mobile,Europe,Q2,89.28178701337603,8093.38,697518,19674,1236,118410.18
CAMP_02479,2023-05-28 13:16:11.474294864,Google,Social,25-34,Entertainment,30,Desktop,Asia,Q2,28.76066808109639,13813.06,1652816,37625,2316,197966.18
CAMP_02480,2023-05-28 18:14:02.568513704,Twitter,Search,18-24,Retail,7,Desktop,Europe,Q2,78.25656322172324,10688.68,903076,20666,1525,52368.82
CAMP_02481,2023-05-28 23:11:53.662732552,Facebook,Display,45-54,Healthcare,30,Mobile,North America,Q2,69.9117942039955,234654.06,27515088,498715,28037,580455.94
CAMP_02482,2023-05-29 04:09:44.756951392,Twitter,Video,45-54,Education,14,Mobile,Latin America,Q2,44.88281226491151,3281.43,296648,7123,254,23873.61
CAMP_02483,2023-05-29 09:07:35.851170232,TikTok,Search,25-34,Entertainment,30,Mobile,North America,Q2,55.82426486524125,35081.5,2795023,89591,4914,75965.23
CAMP_02484,2023-05-29 14:05:26.945389080,Google,Search,18-24,Retail,7,Desktop,Latin America,Q2,37.314945936878814,2741.32,278161,7347,348,27078.55
CAMP_02485,2023-05-29 19:03:18.039607920,Facebook,Search,45-54,Education,30,Desktop,North America,Q2,38.16719904395536,1704.26,170678,4533,294,13222.51
CAMP_02486,2023-05-30 00:01:09.133826768,TikTok,Search,25-34,Technology,30,Mobile,Asia,Q2,28.1789199875214,2945.46,253242,5899,309,9580.4
CAMP_02487,2023-05-30 04:59:00.228045608,Instagram,Search,25-34,Finance,60,Desktop,Europe,Q2,75.35027804401423,42440.51,4119401,168136,9719,225672.88
CAMP_02488,2023-05-30 09:56:51.322264456,Twitter,Native,18-24,Finance,30,Desktop,Europe,Q2,84.10689938853362,2928.91,200528,3250,136,3052.55
CAMP_02489,2023-05-30 14:54:42.416483296,Instagram,Search,25-34,Education,30,Mobile,North America,Q2,16.76384272373148,5822.77,586925,15486,437,45602.99
CAMP_02490,2023-05-30 19:52:33.510702144,Facebook,Social,45-54,Travel,60,Desktop,North America,Q2,96.76611032303012,3345.03,414642,11003,703,23822.32
CAMP_02491,2023-05-31 00:50:24.604920984,Facebook,Video,45-54,Travel,30,Mobile,Asia,Q2,59.759835267263206,30324.5,2968475,81589,4172,79323.47
CAMP_02492,2023-05-31 05:48:15.699139832,Google,Display,25-34,Retail,14,Desktop,Latin America,Q2,65.79706409753676,96082.02,10589718,269499,18125,936013.36
CAMP_02493,2023-05-31 10:46:06.793358672,LinkedIn,Display,25-34,Travel,60,Mobile,Europe,Q2,30.551743288298475,5371.11,484590,9449,459,31549.39
CAMP_02494,2023-05-31 15:43:57.887577520,Facebook,Search,18-24,Retail,30,Mobile,North America,Q2,86.41651500329729,96389.77,9981323,271314,24287,1950185.98
CAMP_02495,2023-05-31 20:41:48.981796360,Instagram,Social,18-24,Technology,14,Mobile,North America,Q2,64.00500186333669,81239.02,8351967,125566,8654,681702.15
CAMP_02496,2023-06-01 01:39:40.076015208,Instagram,Video,55+,Finance,30,Desktop,Asia,Q2,82.77652479542598,2165.63,209297,4899,447,10388.27
CAMP_02497,2023-06-01 06:37:31.170234048,Instagram,Video,35-44,Finance,60,Mobile,North America,Q2,84.41716641295487,31695.21,3105709,85300,8102,401995.94
CAMP_02498,2023-06-01 11:35:22.264452896,Twitter,Social,35-44,Healthcare,90,Mobile,North America,Q2,86.69748845442541,2399.81,170673,4591,313,11372.44
CAMP_02499,2023-06-01 16:33:13.358671736,TikTok,Display,45-54,Finance,90,Tablet,Asia,Q2,47.03438448295594,30023.8,2485100,43279,1052,34340.75
CAMP_02500,2023-06-01 21:31:04.452890584,Facebook,Search,45-54,Travel,14,Tablet,Europe,Q2,55.84075984213591,26726.06,3426344,122166,7948,356760.67
CAMP_02501,2023-06-02 02:28:55.547109424,Twitter,Search,45-54,Technology,14,Tablet,North America,Q2,47.765958505409706,46417.12,4172406,133298,4636,290249.68
CAMP_02502,2023-06-02 07:26:46.641328264,LinkedIn,Social,18-24,Technology,7,Mobile,North America,Q2,77.90192925482566,60412.94,5794767,161533,6708,225865.94
CAMP_02503,2023-06-02 12:24:37.735547112,Instagram,Video,25-34,Travel,14,Desktop,Asia,Q2,66.65778458727482,24025.1,2413571,94564,4530,320312.73
CAMP_02504,2023-06-02 17:22:28.829765952,TikTok,Video,35-44,Retail,60,Mobile,North America,Q2,81.38289728026476,4828.01,406753,14018,595,37123.97
CAMP_02505,2023-06-02 22:20:19.923984800,Google,Search,25-34,Healthcare,14,Mobile,Latin America,Q2,82.25477606114464,133139.06,18602955,842225,96652,3934991.58
CAMP_02506,2023-06-03 03:18:11.018203640,Google,Native,55+,Entertainment,30,Mobile,North America,Q2,25.454810181221845,14255.06,1942776,26440,1394,18801.93
CAMP_02507,2023-06-03 08:16:02.112422488,Twitter,Search,35-44,Finance,30,Mobile,North America,Q2,87.01540261107745,2563.46,168259,7685,265,16625.46
CAMP_02508,2023-06-03 13:13:53.206641328,Facebook,Display,55+,Entertainment,30,Mobile,Asia,Q2,79.01721915531434,3867.75,409991,5978,504,16377.28
CAMP_02509,2023-06-03 18:11:44.300860176,Twitter,Search,25-34,Retail,7,Mobile,Europe,Q2,52.61550233629005,3251.62,280223,6951,264,12834.59
CAMP_02510,2023-06-03 23:09:35.395079016,Twitter,Native,45-54,Education,14,Desktop,North America,Q2,66.99585533059258,27897.35,2365723,63737,2041,30929.33
CAMP_02511,2023-06-04 04:07:26.489297864,Google,Social,25-34,Retail,14,Mobile,Europe,Q2,57.52660856834592,324998.12,31625126,605743,52338,2149845.77
CAMP_02512,2023-06-04 09:05:17.583516704,Twitter,Native,55+,Finance,14,Mobile,North America,Q2,72.32111357262352,300.33,25376,392,13,146.95
CAMP_02513,2023-06-04 14:03:08.677735552,Facebook,Video,25-34,Retail,90,Mobile,Asia,Q2,52.57207238590247,950.48,103321,2126,107,18352.36
CAMP_02514,2023-06-04 19:00:59.771954392,Instagram,Video,35-44,Healthcare,60,Tablet,North America,Q2,69.57854482338215,5531.49,503523,14751,452,4623.4
CAMP_02515,2023-06-04 23:58:50.866173240,Instagram,Search,45-54,Entertainment,14,Mobile,Asia,Q2,61.34610609318704,8129.78,682922,17885,543,10080.27
CAMP_02516,2023-06-05 04:56:41.960392080,TikTok,Social,25-34,Travel,60,Mobile,Europe,Q2,51.35612193009389,27111.34,2547872,54745,3325,219131.87
CAMP_02517,2023-06-05 09:54:33.054610928,Google,Display,35-44,Entertainment,14,Mobile,Asia,Q2,63.80272489804118,29267.41,3425144,73759,6890,359217.49
CAMP_02518,2023-06-05 14:52:24.148829768,Instagram,Display,55+,Healthcare,30,Desktop,Asia,Q2,100.0,2563.25,265848,4247,434,24294.18
CAMP_02519,2023-06-05 19:50:15.243048608,LinkedIn,Social,25-34,Travel,14,Mobile,Europe,Q2,46.28926740348636,10596.53,1100941,18871,811,42504.06
CAMP_02520,2023-06-06 00:48:06.337267456,LinkedIn,Video,35-44,Finance,30,Mobile,Europe,Q2,55.00112817476862,13665.24,1041385,28951,883,95680.2
CAMP_02521,2023-06-06 05:45:57.431486296,LinkedIn,Display,18-24,Healthcare,14,Mobile,North America,Q2,46.63775200733939,17010.33,1652562,27290,848,40074.96
CAMP_02522,2023-06-06 10:43:48.525705144,Google,Search,45-54,Healthcare,7,Desktop,North America,Q2,48.735672289448324,9532.69,1017152,29348,1068,82171.16
CAMP_02523,2023-06-06 15:41:39.619923984,Facebook,Search,35-44,Finance,14,Mobile,Asia,Q2,76.31548706770715,3978.16,386262,17790,1558,43860.62
CAMP_02524,2023-06-06 20:39:30.714142832,Facebook,Social,25-34,Education,14,Desktop,Asia,Q2,74.31764919272136,37114.72,3959224,87524,3646,125236.7
CAMP_02525,2023-06-07 01:37:21.808361672,Twitter,Display,18-24,Retail,30,Mobile,North America,Q2,59.882729933573806,19386.25,1393364,19516,637,28842.35
CAMP_02526,2023-06-07 06:35:12.902580520,Facebook,Search,35-44,Healthcare,7,Tablet,Latin America,Q2,80.52593170538223,12416.51,1339229,59601,3152,172338.59
CAMP_02527,2023-06-07 11:33:03.996799360,Google,Search,18-24,Entertainment,30,Desktop,Europe,Q2,75.86886590988621,2926.34,310431,9000,431,26073.69
CAMP_02528,2023-06-07 16:30:55.091018208,TikTok,Search,18-24,Travel,30,Desktop,Europe,Q2,56.75331627947572,27686.01,2643365,80780,5048,189091.6
CAMP_02529,2023-06-07 21:28:46.185237048,Google,Search,35-44,Education,30,Mobile,North America,Q2,29.32270516411588,37642.44,4912856,109582,6903,548777.25
CAMP_02530,2023-06-08 02:26:37.279455896,TikTok,Display,25-34,Finance,30,Mobile,North America,Q2,76.59566015898005,3265.74,252176,5383,406,22317.86
CAMP_02531,2023-06-08 07:24:28.373674736,LinkedIn,Video,25-34,Healthcare,7,Mobile,Europe,Q2,63.3932924200395,31479.37,3193782,96274,6863,281355.53
CAMP_02532,2023-06-08 12:22:19.467893584,Twitter,Video,35-44,Finance,30,Desktop,North America,Q2,60.44446927401184,52608.91,4224516,140828,4626,99859.08
CAMP_02533,2023-06-08 17:20:10.562112424,Facebook,Display,18-24,Finance,60,Tablet,Europe,Q2,50.67903959980569,14527.88,1549843,30390,2142,100720.89
CAMP_02534,2023-06-08 22:18:01.656331272,Google,Search,25-34,Travel,30,Mobile,Other,Q2,74.89297898232633,2537.59,246962,9216,828,66275.44
CAMP_02535,2023-06-09 03:15:52.750550112,LinkedIn,Social,18-24,Travel,30,Desktop,Asia,Q2,66.96992504857002,1882.23,203060,5556,298,20081.9
CAMP_02536,2023-06-09 08:13:43.844768952,Twitter,Social,35-44,Education,30,Mobile,Europe,Q2,55.263439143954066,7170.11,635511,11785,641,20572.18
CAMP_02537,2023-06-09 13:11:34.938987800,LinkedIn,Social,35-44,Retail,14,Tablet,Europe,Q2,35.49090905562177,119677.27,9263668,129924,6828,286541.91
CAMP_02538,2023-06-09 18:09:26.033206640,Google,Display,45-54,Education,30,Mobile,North America,Q2,81.35858203760152,12129.14,1550025,41472,3191,167326.35
CAMP_02539,2023-06-09 23:07:17.127425488,LinkedIn,Search,25-34,Travel,60,Mobile,Other,Q2,72.09810446311754,820.15,85317,3519,174,9806.83
CAMP_02540,2023-06-10 04:05:08.221644328,LinkedIn,Display,18-24,Technology,7,Mobile,Latin America,Q2,65.10805799891192,6078.03,506974,10056,557,23878.66
CAMP_02541,2023-06-10 09:02:59.315863176,LinkedIn,Display,18-24,Finance,60,Desktop,Asia,Q2,6.864520097720046,2865.92,274985,2068,47,2456.84
CAMP_02542,2023-06-10 14:00:50.410082016,LinkedIn,Video,25-34,Entertainment,14,Desktop,North America,Q2,59.2421148576788,11202.73,1106016,35819,1047,27935.95
CAMP_02543,2023-06-10 18:58:41.504300864,Twitter,Search,55+,Healthcare,14,Mobile,North America,Q2,55.175925930486734,99073.69,6952343,152285,8872,431360.6
CAMP_02544,2023-06-10 23:56:32.598519704,Instagram,Native,25-34,Travel,60,Mobile,North America,Q2,47.630086298913184,1434.37,163444,3418,210,12277.45
CAMP_02545,2023-06-11 04:54:23.692738552,Google,Display,25-34,Finance,60,Mobile,Europe,Q2,75.08470557128568,1656.71,200279,4382,485,45848.42
CAMP_02546,2023-06-11 09:52:14.786957392,Instagram,Video,18-24,Entertainment,60,Mobile,North America,Q2,74.29720068334555,3358.47,377191,11795,636,17035.62
CAMP_02547,2023-06-11 14:50:05.881176240,Google,Social,35-44,Entertainment,60,Mobile,Asia,Q2,68.73649434384775,50097.25,6008644,137781,9891,1877326.65
CAMP_02548,2023-06-11 19:47:56.975395080,Facebook,Display,35-44,Finance,14,Desktop,Europe,Q2,80.75781829535485,19117.21,2062186,66147,6770,593732.7
CAMP_02549,2023-06-12 00:45:48.069613928,Facebook,Social,35-44,Education,30,Desktop,North America,Q2,39.554029719323154,9214.83,1145585,16048,1162,94176.52
CAMP_02550,2023-06-12 05:43:39.163832768,Google,Social,45-54,Healthcare,14,Desktop,Asia,Q2,50.92691886461387,13031.67,1491944,35322,1963,179671.76
CAMP_02551,2023-06-12 10:41:30.258051616,Facebook,Native,35-44,Finance,14,Desktop,North America,Q2,61.49584526371611,28656.56,3206891,93486,7108,1290341.37
CAMP_02552,2023-06-12 15:39:21.352270456,Google,Search,18-24,Retail,14,Mobile,Asia,Q2,47.5599596154417,16975.82,1644924,44966,2189,164060.45
CAMP_02553,2023-06-12 20:37:12.446489296,Twitter,Search,25-34,Finance,30,Desktop,North America,Q2,74.54338443407084,67998.19,6294273,226085,11793,403113.19
CAMP_02554,2023-06-13 01:35:03.540708144,TikTok,Search,35-44,Entertainment,30,Mobile,North America,Q2,49.5559830373661,43927.54,3588941,110378,4302,139160.72
CAMP_02555,2023-06-13 06:32:54.634926984,Google,Search,35-44,Travel,60,Desktop,North America,Q2,85.9674000889351,7235.24,755473,24156,2528,74153.12
CAMP_02556,2023-06-13 11:30:45.729145832,TikTok,Search,35-44,Technology,30,Mobile,Other,Q2,41.37681196499621,509.63,39342,1007,54,1403.44
CAMP_02557,2023-06-13 16:28:36.823364672,Instagram,Display,35-44,Technology,7,Desktop,Europe,Q2,100.0,16637.49,1612613,40987,3286,37996.88
CAMP_02558,2023-06-13 21:26:27.917583520,Facebook,Search,35-44,Retail,30,Mobile,Europe,Q2,100.0,6888.69,775366,39975,2360,130938.85
CAMP_02559,2023-06-14 02:24:19.011802360,Google,Search,45-54,Entertainment,14,Mobile,North America,Q2,58.10493707369311,18397.52,1880654,60476,5172,64877.34
CAMP_02560,2023-06-14 07:22:10.106021208,Instagram,Social,35-44,Travel,14,Desktop,Asia,Q2,82.92340901851497,8346.35,842760,19521,1378,65007.15
CAMP_02561,2023-06-14 12:20:01.200240048,Twitter,Social,45-54,Healthcare,60,Mobile,North America,Q2,51.99143878982786,2409.27,161675,3992,89,5385.48
CAMP_02562,2023-06-14 17:17:52.294458896,LinkedIn,Search,25-34,Healthcare,30,Mobile,Other,Q2,80.2657299646269,12095.43,1070677,48072,2033,83489.28
CAMP_02563,2023-06-14 22:15:43.388677736,Google,Video,35-44,Healthcare,60,Desktop,Other,Q2,56.48043337086458,14324.94,1770163,34556,1913,63836.24
CAMP_02564,2023-06-15 03:13:34.482896584,Google,Social,55+,Retail,30,Desktop,Asia,Q2,34.291202029830316,9613.08,1156055,13876,553,33762.05
CAMP_02565,2023-06-15 08:11:25.577115424,Facebook,Search,25-34,Entertainment,30,Mobile,Other,Q2,1.0,2123.45,262639,5148,170,11878.27
CAMP_02566,2023-06-15 13:09:16.671334272,Facebook,Social,45-54,Healthcare,30,Mobile,North America,Q2,54.62573107858779,1951.99,252284,4221,330,12942.81
CAMP_02567,2023-06-15 18:07:07.765553112,Google,Native,45-54,Entertainment,7,Mobile,North America,Q2,65.58125017370585,18353.34,2001800,34606,3487,180171.58
CAMP_02568,2023-06-15 23:04:58.859771960,Facebook,Video,18-24,Education,7,Desktop,North America,Q2,86.60632852072433,597.97,55938,1516,141,5556.02
CAMP_02569,2023-06-16 04:02:49.953990800,Twitter,Social,35-44,Entertainment,7,Mobile,North America,Q2,60.73250064302781,3903.57,357414,7333,171,6917.22
CAMP_02570,2023-06-16 09:00:41.048209640,TikTok,Video,18-24,Entertainment,14,Desktop,Other,Q2,80.05820269435178,1606.6,142182,3972,131,2503.94
CAMP_02571,2023-06-16 13:58:32.142428488,Facebook,Display,55+,Travel,14,Mobile,North America,Q2,50.921169055569464,3395.23,372490,4091,136,5728.07
CAMP_02572,2023-06-16 18:56:23.236647328,TikTok,Search,45-54,Travel,90,Mobile,Latin America,Q2,53.254420609371095,1095.67,90620,2045,122,14639.5
CAMP_02573,2023-06-16 23:54:14.330866176,Facebook,Video,18-24,Healthcare,30,Mobile,Asia,Q2,81.08071365057171,44036.13,5406082,156237,9966,600634.41
CAMP_02574,2023-06-17 04:52:05.425085016,Instagram,Social,18-24,Retail,30,Mobile,North America,Q2,10.706510306614561,3789.89,353550,4744,213,14076.3
CAMP_02575,2023-06-17 09:49:56.519303864,Google,Video,35-44,Finance,14,Desktop,North America,Q2,60.25967657805832,63.09,7226,168,15,735.29
CAMP_02576,2023-06-17 14:47:47.613522704,Instagram,Display,25-34,Entertainment,14,Mobile,North America,Q2,52.0007730088827,9148.37,1006892,25093,982,67307.21
CAMP_02577,2023-06-17 19:45:38.707741552,TikTok,Search,18-24,Retail,14,Tablet,North America,Q2,87.21222409704569,8498.46,872369,29396,2319,22264.29
CAMP_02578,2023-06-18 00:43:29.801960392,Instagram,Social,35-44,Retail,30,Mobile,Europe,Q2,49.4350741004036,4596.04,384786,7811,321,5086.84
CAMP_02579,2023-06-18 05:41:20.896179240,Facebook,Native,25-34,Retail,14,Mobile,Europe,Q2,70.33169939140188,18841.86,2075012,44372,2323,27697.57
CAMP_02580,2023-06-18 10:39:11.990398080,Instagram,Social,18-24,Entertainment,30,Mobile,Europe,Q2,78.43033938669389,7291.02,865619,20815,1609,123981.0
CAMP_02581,2023-06-18 15:37:03.084616928,Google,Search,45-54,Finance,30,Desktop,Asia,Q2,30.148080117391792,111378.81,15294560,387855,9851,322036.31
CAMP_02582,2023-06-18 20:34:54.178835768,Twitter,Display,55+,Technology,30,Desktop,North America,Q2,57.212593834521975,34320.03,2203779,41714,1461,19838.71
CAMP_02583,2023-06-19 01:32:45.273054616,Instagram,Video,45-54,Retail,7,Mobile,North America,Q2,51.36727131828124,73126.83,8123259,198190,6770,337641.69
CAMP_02584,2023-06-19 06:30:36.367273456,Facebook,Video,45-54,Entertainment,30,Tablet,Asia,Q2,78.92586493659189,14492.33,1737039,50553,5220,288005.12
CAMP_02585,2023-06-19 11:28:27.461492304,Instagram,Search,25-34,Technology,30,Mobile,North America,Q2,73.50163681624387,4614.62,427460,16502,1105,63824.48
CAMP_02586,2023-06-19 16:26:18.555711144,Instagram,Search,25-34,Technology,30,Desktop,North America,Q2,55.33595939881636,40059.56,4490475,154425,8320,612941.15
CAMP_02587,2023-06-19 21:24:09.649929992,Google,Search,25-34,Entertainment,14,Desktop,Asia,Q2,39.05183899167896,6701.14,855314,21438,641,11971.96
CAMP_02588,2023-06-20 02:22:00.744148832,LinkedIn,Social,45-54,Healthcare,14,Desktop,Latin America,Q2,80.76293392040179,94136.64,8500004,238577,12360,177766.44
CAMP_02589,2023-06-20 07:19:51.838367672,Google,Search,55+,Technology,14,Tablet,Latin America,Q2,58.646944468024365,1877.83,196839,4509,376,16125.72
CAMP_02590,2023-06-20 12:17:42.932586520,LinkedIn,Video,45-54,Healthcare,90,Desktop,North America,Q2,27.632468686650753,154629.91,11926384,215251,9986,193733.56
CAMP_02591,2023-06-20 17:15:34.026805360,Twitter,Display,45-54,Technology,14,Tablet,Europe,Q2,29.352392020601524,6443.81,585211,10472,364,4634.56
CAMP_02592,2023-06-20 22:13:25.121024208,Twitter,Social,35-44,Entertainment,90,Mobile,North America,Q2,68.75266860145953,8765.88,625068,14539,879,24179.06
CAMP_02593,2023-06-21 03:11:16.215243048,Instagram,Social,25-34,Technology,14,Mobile,Other,Q2,34.48387614468963,14291.15,1155024,21132,663,14614.45
CAMP_02594,2023-06-21 08:09:07.309461896,Instagram,Social,25-34,Retail,14,Desktop,North America,Q2,97.19294987207226,4339.25,432848,14612,1095,79347.0
CAMP_02595,2023-06-21 13:06:58.403680736,Google,Video,18-24,Entertainment,30,Desktop,North America,Q2,41.258594312813386,17077.87,1721356,35134,2031,85433.53
CAMP_02596,2023-06-21 18:04:49.497899584,Twitter,Native,18-24,Entertainment,7,Mobile,Latin America,Q2,59.99278549285447,449.15,34510,768,25,218.89
CAMP_02597,2023-06-21 23:02:40.592118424,Facebook,Display,35-44,Retail,60,Mobile,Other,Q2,63.18223932320611,45646.56,4072915,97506,8166,286648.37
CAMP_02598,2023-06-22 04:00:31.686337272,Instagram,Video,25-34,Retail,60,Desktop,Asia,Q2,45.41244521526309,10637.03,1274990,23730,804,24772.43
CAMP_02599,2023-06-22 08:58:22.780556112,Facebook,Native,35-44,Education,30,Tablet,North America,Q2,15.203459388440628,3667.89,453817,6873,238,5873.79
CAMP_02600,2023-06-22 13:56:13.874774960,Google,Display,35-44,Entertainment,30,Mobile,Europe,Q2,63.81790195232455,37045.85,3762466,95827,8825,782606.61
CAMP_02601,2023-06-22 18:54:04.968993800,Instagram,Search,25-34,Technology,30,Mobile,Asia,Q2,44.935200197954835,11612.34,1346161,31911,1865,38751.64
CAMP_02602,2023-06-22 23:51:56.063212648,Google,Display,35-44,Entertainment,90,Mobile,Europe,Q2,62.33076855232886,13420.65,1874327,29401,1851,285432.37
CAMP_02603,2023-06-23 04:49:47.157431488,LinkedIn,Search,35-44,Retail,14,Mobile,North America,Q2,57.553378955225824,117049.47,11657189,416361,24629,869369.89
CAMP_02604,2023-06-23 09:47:38.251650336,Facebook,Native,25-34,Finance,30,Desktop,North America,Q2,65.26582496143607,1204.54,149244,4285,320,11529.47
CAMP_02605,2023-06-23 14:45:29.345869176,Google,Display,45-54,Retail,30,Tablet,Latin America,Q2,91.2374024131212,10385.32,1241506,30495,2508,233847.3
CAMP_02606,2023-06-23 19:43:20.440088016,Instagram,Search,35-44,Finance,90,Mobile,Europe,Q2,49.07633974545755,1260.86,145015,5033,300,34820.72
CAMP_02607,2023-06-24 00:41:11.534306864,Google,Display,35-44,Retail,60,Desktop,Asia,Q2,50.62310691315008,51178.5,7180160,138894,6712,406798.41
CAMP_02608,2023-06-24 05:39:02.628525704,Facebook,Search,45-54,Finance,90,Desktop,North America,Q2,26.684053944922198,8603.07,861156,21400,829,16109.69
CAMP_02609,2023-06-24 10:36:53.722744552,LinkedIn,Display,45-54,Finance,30,Mobile,Europe,Q2,56.096320978014106,8746.13,903116,15735,1004,62989.45
CAMP_02610,2023-06-24 15:34:44.816963392,Google,Display,45-54,Finance,14,Desktop,Other,Q2,68.19739978549933,1036.46,113302,2369,130,6158.91
CAMP_02611,2023-06-24 20:32:35.911182240,Twitter,Display,25-34,Retail,30,Desktop,North America,Q2,50.33010244857946,42953.83,3776690,74899,4485,266403.06
CAMP_02612,2023-06-25 01:30:27.005401080,Google,Display,18-24,Technology,30,Desktop,Asia,Q2,68.32861000810982,3102.31,385158,6994,403,70011.26
CAMP_02613,2023-06-25 06:28:18.099619928,Google,Native,25-34,Entertainment,30,Mobile,North America,Q2,56.44982949021618,185272.58,22908183,435137,33222,1839461.14
CAMP_02614,2023-06-25 11:26:09.193838768,LinkedIn,Display,25-34,Technology,7,Desktop,North America,Q2,33.954675240620205,29175.1,2484654,32134,1671,76326.1
CAMP_02615,2023-06-25 16:24:00.288057616,Facebook,Display,55+,Entertainment,30,Mobile,Asia,Q2,66.2397014236621,5379.08,570874,8854,333,15957.31
CAMP_02616,2023-06-25 21:21:51.382276456,Google,Search,35-44,Technology,14,Mobile,Asia,Q2,55.88335732869966,14232.95,1384534,41629,1570,104582.8
CAMP_02617,2023-06-26 02:19:42.476495304,Facebook,Display,18-24,Finance,60,Mobile,Asia,Q2,62.45515642818716,1250.45,124010,2391,86,13634.41
CAMP_02618,2023-06-26 07:17:33.570714144,Facebook,Social,18-24,Healthcare,7,Mobile,North America,Q2,48.66100233579167,3157.05,414218,7282,360,10640.26
CAMP_02619,2023-06-26 12:15:24.664932992,Twitter,Native,25-34,Travel,30,Mobile,North America,Q2,46.891949540182104,13308.7,1127270,18235,829,19350.01
CAMP_02620,2023-06-26 17:13:15.759151832,Facebook,Search,35-44,Retail,14,Mobile,Latin America,Q2,63.1482161510593,5897.14,618299,16378,1155,18800.23
CAMP_02621,2023-06-26 22:11:06.853370680,Twitter,Social,45-54,Retail,14,Desktop,North America,Q2,55.388001759157305,45242.38,2946378,64165,3013,176181.44
CAMP_02622,2023-06-27 03:08:57.947589520,Twitter,Search,45-54,Healthcare,60,Desktop,Asia,Q2,94.4855649833853,55754.89,4154175,115529,7824,495942.05
CAMP_02623,2023-06-27 08:06:49.041808360,Facebook,Display,55+,Travel,14,Mobile,North America,Q2,75.9746102432233,3615.79,391560,8643,547,12627.27
CAMP_02624,2023-06-27 13:04:40.136027208,TikTok,Search,25-34,Travel,7,Mobile,Latin America,Q2,70.90008518935376,1017.71,93193,2787,232,8669.45
CAMP_02625,2023-06-27 18:02:31.230246048,Facebook,Search,25-34,Finance,7,Desktop,Latin America,Q2,56.45038396997171,14823.84,1332069,35613,1834,66707.83
CAMP_02626,2023-06-27 23:00:22.324464896,TikTok,Search,25-34,Finance,30,Mobile,North America,Q2,19.479531030469815,9525.37,981600,17003,617,26714.88
CAMP_02627,2023-06-28 03:58:13.418683736,Google,Social,25-34,Healthcare,30,Mobile,Asia,Q2,43.84810144764642,2963.5,415937,10976,582,8574.6
CAMP_02628,2023-06-28 08:56:04.512902584,LinkedIn,Search,55+,Healthcare,14,Desktop,North America,Q2,47.05413094831364,9500.96,854384,16485,629,12870.12
CAMP_02629,2023-06-28 13:53:55.607121424,Instagram,Native,35-44,Healthcare,30,Mobile,North America,Q2,54.50031227420172,9245.09,993715,15484,846,53282.52
CAMP_02630,2023-06-28 18:51:46.701340272,Facebook,Social,45-54,Education,7,Mobile,Europe,Q2,59.33281001220092,1131.47,122912,3226,174,11513.76
CAMP_02631,2023-06-28 23:49:37.795559112,Instagram,Search,35-44,Entertainment,60,Mobile,Europe,Q2,73.1214993097099,15500.36,1541582,49987,3893,63291.46
CAMP_02632,2023-06-29 04:47:28.889777960,LinkedIn,Search,18-24,Finance,60,Mobile,North America,Q2,65.4629112214013,16018.47,1648595,41794,1373,89321.5
CAMP_02633,2023-06-29 09:45:19.983996800,Google,Display,18-24,Finance,90,Tablet,Europe,Q2,83.1840638293981,10414.57,1043825,25178,2230,195449.2
CAMP_02634,2023-06-29 14:43:11.078215648,Google,Native,35-44,Healthcare,60,Mobile,North America,Q2,53.76196052961501,42778.68,4284714,85841,3177,47566.89
CAMP_02635,2023-06-29 19:41:02.172434488,LinkedIn,Search,45-54,Finance,14,Mobile,North America,Q2,65.14325888340323,40844.84,3310464,75618,2456,88417.61
CAMP_02636,2023-06-30 00:38:53.266653336,LinkedIn,Video,25-34,Finance,14,Desktop,Europe,Q2,66.87688455557601,5814.38,568941,14794,935,59323.7
CAMP_02637,2023-06-30 05:36:44.360872176,TikTok,Display,45-54,Retail,30,Mobile,Europe,Q2,64.91452568717177,18477.14,2100151,45272,1911,125436.04
CAMP_02638,2023-06-30 10:34:35.455091024,LinkedIn,Search,45-54,Retail,7,Mobile,Asia,Q2,85.63780495880285,10446.62,783976,34886,1844,56474.29
CAMP_02639,2023-06-30 15:32:26.549309864,TikTok,Video,25-34,Finance,14,Desktop,Europe,Q2,76.07548645494386,10597.98,1038935,33036,1805,17510.9
CAMP_02640,2023-06-30 20:30:17.643528704,LinkedIn,Video,45-54,Education,7,Desktop,Latin America,Q2,33.61193560997155,397.56,42175,875,39,2723.94
CAMP_02641,2023-07-01 01:28:08.737747552,Facebook,Search,25-34,Technology,14,Mobile,Europe,Q3,57.7133780188132,20736.95,2072443,73607,4500,255861.99
CAMP_02642,2023-07-01 06:25:59.831966392,Google,Display,35-44,Finance,30,Mobile,North America,Q3,59.7205263554041,26822.13,3854321,108218,10555,408688.41
CAMP_02643,2023-07-01 11:23:50.926185240,Twitter,Search,45-54,Technology,14,Desktop,Europe,Q3,100.0,174308.75,12892923,542881,36546,778641.9
CAMP_02644,2023-07-01 16:21:42.020404080,Instagram,Display,55+,Retail,7,Mobile,Asia,Q3,53.4041763750906,36440.01,3932037,56819,1850,25917.38
CAMP_02645,2023-07-01 21:19:33.114622928,Google,Display,25-34,Travel,30,Mobile,Europe,Q3,40.35032193327636,3946.97,554238,8231,587,30103.9
CAMP_02646,2023-07-02 02:17:24.208841768,Facebook,Search,25-34,Education,7,Mobile,Asia,Q3,68.76650858953288,5993.76,541672,21225,1018,55624.35
CAMP_02647,2023-07-02 07:15:15.303060616,TikTok,Search,25-34,Retail,90,Mobile,North America,Q3,69.93971439247558,59251.01,5834301,261468,8317,392602.44
CAMP_02648,2023-07-02 12:13:06.397279456,Instagram,Display,25-34,Entertainment,14,Mobile,North America,Q3,58.52454272540616,2344.26,270098,7522,481,26071.23
CAMP_02649,2023-07-02 17:10:57.491498304,Facebook,Display,35-44,Technology,30,Mobile,Asia,Q3,55.5947799405822,15872.5,1741617,33888,2731,46177.51
CAMP_02650,2023-07-02 22:08:48.585717144,Facebook,Search,55+,Travel,14,Desktop,North America,Q3,78.9780791212417,1071.95,140823,3165,160,7239.97
CAMP_02651,2023-07-03 03:06:39.679935992,Google,Video,25-34,Technology,7,Mobile,Europe,Q3,42.92803691480359,3192.81,440327,12956,736,68432.08
CAMP_02652,2023-07-03 08:04:30.774154832,Facebook,Video,25-34,Technology,14,Mobile,Europe,Q3,53.18093314262928,31032.44,3348089,90884,6306,536102.63
CAMP_02653,2023-07-03 13:02:21.868373680,Facebook,Video,25-34,Healthcare,30,Mobile,Europe,Q3,49.55700275773225,6942.65,829018,20865,867,68386.18
CAMP_02654,2023-07-03 18:00:12.962592520,Google,Social,35-44,Education,60,Desktop,Europe,Q3,81.87789195241176,3884.93,474957,12416,1150,67939.16
CAMP_02655,2023-07-03 22:58:04.056811368,LinkedIn,Social,25-34,Retail,30,Mobile,North America,Q3,65.70988406572687,2903.78,273960,7241,350,8649.71
CAMP_02656,2023-07-04 03:55:55.151030208,Facebook,Social,25-34,Entertainment,7,Mobile,Other,Q3,38.70011805357459,6241.04,765452,16093,478,44013.31
CAMP_02657,2023-07-04 08:53:46.245249048,Twitter,Social,45-54,Retail,14,Mobile,Asia,Q3,40.70987213474462,292211.82,20045064,349225,7254,1041687.11
CAMP_02658,2023-07-04 13:51:37.339467896,Twitter,Search,18-24,Travel,14,Mobile,Europe,Q3,97.46830247224302,5519.26,469505,18933,761,25000.61
CAMP_02659,2023-07-04 18:49:28.433686736,Google,Search,35-44,Retail,7,Tablet,North America,Q3,81.6643549621408,16091.51,1970726,58934,4538,248658.4
CAMP_02660,2023-07-04 23:47:19.527905584,LinkedIn,Search,45-54,Travel,14,Desktop,North America,Q3,76.83100563046959,181965.89,14410006,450493,32262,1470153.31
CAMP_02661,2023-07-05 04:45:10.622124424,Instagram,Video,25-34,Finance,90,Mobile,Asia,Q3,60.244938819466846,6979.9,570576,17932,540,7229.42
CAMP_02662,2023-07-05 09:43:01.716343272,Twitter,Search,35-44,Finance,30,Desktop,North America,Q3,90.16946480240819,14472.96,1005303,48883,3384,197083.21
CAMP_02663,2023-07-05 14:40:52.810562112,Google,Social,35-44,Travel,30,Mobile,North America,Q3,37.93190428043483,3192.27,316928,6979,322,11661.21
CAMP_02664,2023-07-05 19:38:43.904780960,LinkedIn,Search,35-44,Travel,30,Mobile,North America,Q3,75.05935024408981,153995.48,11130413,456059,16562,165837.43
CAMP_02665,2023-07-06 00:36:34.998999800,Instagram,Display,25-34,Entertainment,60,Mobile,Europe,Q3,51.13452986948873,944.0,99336,1636,63,3479.17
CAMP_02666,2023-07-06 05:34:26.093218648,Facebook,Display,25-34,Retail,14,Desktop,Asia,Q3,55.02213360689541,66612.22,6180038,150042,5500,236837.22
CAMP_02667,2023-07-06 10:32:17.187437488,Google,Search,45-54,Finance,30,Mobile,Europe,Q3,74.51578529664773,24173.74,2487553,94585,6482,553825.15
CAMP_02668,2023-07-06 15:30:08.281656336,LinkedIn,Search,45-54,Finance,60,Mobile,Latin America,Q3,57.128849826369844,5032.29,543091,11207,700,61247.91
CAMP_02669,2023-07-06 20:27:59.375875176,LinkedIn,Social,25-34,Finance,7,Mobile,North America,Q3,51.30600281077484,2698.32,249188,7753,466,21807.17
CAMP_02670,2023-07-07 01:25:50.470094024,Facebook,Display,18-24,Healthcare,14,Mobile,Europe,Q3,50.09684703824149,171193.0,15430181,243139,14836,1193064.11
CAMP_02671,2023-07-07 06:23:41.564312864,Instagram,Social,18-24,Retail,90,Desktop,North America,Q3,20.27308508977751,17894.32,1905043,17990,556,19278.8
CAMP_02672,2023-07-07 11:21:32.658531712,Facebook,Search,18-24,Entertainment,30,Desktop,Europe,Q3,75.26407238551312,5285.09,492048,14869,647,50223.04
CAMP_02673,2023-07-07 16:19:23.752750552,LinkedIn,Social,35-44,Entertainment,14,Desktop,Europe,Q3,39.867398544024134,2600.88,238967,4986,279,38623.13
CAMP_02674,2023-07-07 21:17:14.846969392,Google,Search,18-24,Retail,30,Desktop,North America,Q3,97.16818811318555,7591.93,933918,25885,1421,57614.38
CAMP_02675,2023-07-08 02:15:05.941188240,Twitter,Search,25-34,Healthcare,14,Tablet,North America,Q3,54.24774900370014,152586.8,10541363,423914,16950,964374.13
CAMP_02676,2023-07-08 07:12:57.035407080,Facebook,Search,45-54,Healthcare,14,Mobile,Asia,Q3,86.18879594891915,31606.39,2790054,98458,8309,135097.12
CAMP_02677,2023-07-08 12:10:48.129625928,Facebook,Social,25-34,Entertainment,14,Mobile,North America,Q3,23.81937934634638,277604.36,28463058,619918,20162,511652.24
CAMP_02678,2023-07-08 17:08:39.223844768,Google,Native,45-54,Retail,14,Mobile,Europe,Q3,74.62966042397198,108822.75,10505279,237720,18255,907216.0
CAMP_02679,2023-07-08 22:06:30.318063616,Google,Video,45-54,Healthcare,30,Mobile,Latin America,Q3,79.77111465023623,23886.94,2730191,65478,7190,207360.25
CAMP_02680,2023-07-09 03:04:21.412282456,Instagram,Video,25-34,Technology,30,Mobile,Europe,Q3,86.07127268728867,816.58,87240,3703,317,14700.4
CAMP_02681,2023-07-09 08:02:12.506501304,Facebook,Native,45-54,Finance,60,Mobile,Asia,Q3,29.43922454426773,24088.23,2725462,45029,1315,274358.26
CAMP_02682,2023-07-09 13:00:03.600720144,Twitter,Search,45-54,Entertainment,7,Mobile,Asia,Q3,45.94562725826142,34604.34,3250355,95092,3183,89157.74
CAMP_02683,2023-07-09 17:57:54.694938992,Google,Search,25-34,Entertainment,60,Mobile,North America,Q3,71.5301990551216,2110.19,283195,11852,976,84957.84
CAMP_02684,2023-07-09 22:55:45.789157832,Facebook,Search,25-34,Retail,14,Tablet,North America,Q3,62.96883957688219,51380.98,6130433,177083,15832,628354.71
CAMP_02685,2023-07-10 03:53:36.883376680,Facebook,Video,35-44,Healthcare,14,Mobile,Asia,Q3,65.8671928512767,3914.05,454415,12419,889,65113.96
CAMP_02686,2023-07-10 08:51:27.977595520,Google,Social,55+,Travel,60,Mobile,Asia,Q3,52.794267883813355,18328.0,2019735,24394,2207,58575.62
CAMP_02687,2023-07-10 13:49:19.071814368,Google,Social,35-44,Retail,14,Desktop,North America,Q3,91.01597230111382,4216.27,442712,14827,1132,75913.68
CAMP_02688,2023-07-10 18:47:10.166033208,Facebook,Display,25-34,Education,7,Mobile,North America,Q3,100.0,9714.69,1225233,43951,3493,225526.32
CAMP_02689,2023-07-10 23:45:01.260252056,Instagram,Display,35-44,Entertainment,7,Mobile,North America,Q3,62.07959848018179,2734.47,231273,5692,198,5177.52
CAMP_02690,2023-07-11 04:42:52.354470896,Facebook,Social,25-34,Entertainment,14,Mobile,Asia,Q3,69.06842491010504,38121.03,3911642,109810,10040,243128.9
CAMP_02691,2023-07-11 09:40:43.448689744,Instagram,Video,35-44,Technology,30,Desktop,Europe,Q3,61.12487491245635,8121.38,716063,19573,751,49856.39
CAMP_02692,2023-07-11 14:38:34.542908584,Instagram,Social,45-54,Technology,90,Desktop,Latin America,Q3,85.68106798094874,39173.6,4165901,111550,5497,431385.59
CAMP_02693,2023-07-11 19:36:25.637127424,Google,Display,35-44,Travel,30,Desktop,Other,Q3,76.58232568513623,45666.78,5479461,98037,10756,1920670.89
CAMP_02694,2023-07-12 00:34:16.731346272,Facebook,Search,45-54,Technology,60,Mobile,Asia,Q3,38.67238858726313,781.6,96672,2561,163,7385.38
CAMP_02695,2023-07-12 05:32:07.825565112,TikTok,Native,45-54,Retail,30,Mobile,Asia,Q3,47.745959790107094,2962.05,279778,4506,128,8401.01
CAMP_02696,2023-07-12 10:29:58.919783960,Instagram,Search,35-44,Healthcare,60,Mobile,North America,Q3,39.81406413988226,125.51,12767,396,22,505.38
CAMP_02697,2023-07-12 15:27:50.014002800,LinkedIn,Search,25-34,Retail,7,Tablet,North America,Q3,100.0,23168.15,2368223,128377,10954,215576.49
CAMP_02698,2023-07-12 20:25:41.108221648,Facebook,Search,45-54,Entertainment,60,Desktop,Europe,Q3,72.70623567164138,9528.27,958200,31998,1762,70017.81
CAMP_02699,2023-07-13 01:23:32.202440488,Twitter,Display,55+,Healthcare,14,Mobile,North America,Q3,48.08627547780436,11753.76,1014821,12210,709,32689.01
CAMP_02700,2023-07-13 06:21:23.296659336,Twitter,Display,18-24,Education,60,Desktop,North America,Q3,46.4889591875032,4874.39,453973,5631,299,5197.67
CAMP_02701,2023-07-13 11:19:14.390878176,Instagram,Native,35-44,Entertainment,7,Mobile,Asia,Q3,76.10462545933821,27730.86,3104764,94623,3945,190701.9
CAMP_02702,2023-07-13 16:17:05.485097024,TikTok,Social,25-34,Retail,30,Tablet,Europe,Q3,78.09840299318267,13909.73,1363786,53087,3129,69421.24
CAMP_02703,2023-07-13 21:14:56.579315864,Google,Search,45-54,Finance,30,Desktop,Asia,Q3,75.9621542616882,1248.42,170881,5920,610,37847.61
CAMP_02704,2023-07-14 02:12:47.673534712,Google,Display,45-54,Entertainment,90,Mobile,North America,Q3,51.48885282700561,12437.76,1507711,35585,2810,176898.56
CAMP_02705,2023-07-14 07:10:38.767753552,Twitter,Video,18-24,Finance,30,Desktop,North America,Q3,66.11687288828355,28382.38,2709116,48436,2558,142283.7
CAMP_02706,2023-07-14 12:08:29.861972400,Twitter,Video,45-54,Travel,14,Mobile,Europe,Q3,62.21830195266769,2118.92,135614,2618,63,3001.6
CAMP_02707,2023-07-14 17:06:20.956191240,Google,Search,25-34,Entertainment,30,Mobile,Other,Q3,41.274792551231464,13412.66,1846572,37902,1093,74930.68
CAMP_02708,2023-07-14 22:04:12.050410088,Facebook,Social,45-54,Retail,14,Desktop,Asia,Q3,41.470123142479565,1836.46,172976,2797,208,14345.27
CAMP_02709,2023-07-15 03:02:03.144628928,Google,Search,35-44,Education,7,Mobile,North America,Q3,68.23930089086271,3500.51,484029,11736,672,43371.93
CAMP_02710,2023-07-15 07:59:54.238847768,Facebook,Social,25-34,Retail,14,Mobile,North America,Q3,63.92902162087317,953.78,85118,2202,116,13181.74
CAMP_02711,2023-07-15 12:57:45.333066616,Twitter,Video,25-34,Retail,14,Desktop,Latin America,Q3,71.06703421684423,6466.92,535066,15029,441,15153.87
CAMP_02712,2023-07-15 17:55:36.427285456,Instagram,Display,25-34,Entertainment,30,Desktop,North America,Q3,75.82046077387436,12481.71,1146423,33477,3051,480687.05
CAMP_02713,2023-07-15 22:53:27.521504304,Facebook,Display,35-44,Education,60,Mobile,North America,Q3,89.98765244995057,7399.57,666791,20945,853,53789.83
CAMP_02714,2023-07-16 03:51:18.615723144,Facebook,Search,35-44,Healthcare,60,Mobile,North America,Q3,44.481912277679065,1538.88,151505,4288,169,12508.7
CAMP_02715,2023-07-16 08:49:09.709941992,Google,Video,18-24,Technology,7,Desktop,Europe,Q3,72.60472397450764,38010.34,4044742,89697,3976,175158.39
CAMP_02716,2023-07-16 13:47:00.804160832,Facebook,Native,18-24,Technology,7,Mobile,Europe,Q3,74.98397633057371,3559.91,314204,6573,259,12694.72
CAMP_02717,2023-07-16 18:44:51.898379680,Instagram,Display,18-24,Technology,14,Desktop,North America,Q3,53.757391749491106,32746.43,2686750,40749,1110,61799.1
CAMP_02718,2023-07-16 23:42:42.992598520,TikTok,Native,45-54,Technology,14,Mobile,Europe,Q3,62.437263671385374,18517.81,1743645,36147,1083,27896.63
CAMP_02719,2023-07-17 04:40:34.086817368,Twitter,Search,45-54,Technology,7,Mobile,North America,Q3,54.26882886607852,33938.7,2929118,71740,3854,143579.04
CAMP_02720,2023-07-17 09:38:25.181036208,Google,Native,18-24,Healthcare,14,Mobile,Europe,Q3,100.0,1022.99,105353,2269,250,17797.72
CAMP_02721,2023-07-17 14:36:16.275255056,Twitter,Search,35-44,Travel,30,Mobile,Europe,Q3,62.097053808822125,99857.48,6921105,255281,12085,474066.83
CAMP_02722,2023-07-17 19:34:07.369473896,Twitter,Native,18-24,Technology,30,Desktop,Europe,Q3,69.03010217422786,4511.91,375755,6495,377,21410.69
CAMP_02723,2023-07-18 00:31:58.463692744,Twitter,Video,55+,Retail,30,Mobile,North America,Q3,54.72031406165577,9189.17,879084,17047,479,10921.76
CAMP_02724,2023-07-18 05:29:49.557911584,Facebook,Social,55+,Education,14,Mobile,Europe,Q3,50.4073086749842,5039.11,453421,6980,231,10781.52
CAMP_02725,2023-07-18 10:27:40.652130432,Facebook,Native,35-44,Entertainment,30,Desktop,Europe,Q3,33.95994676596646,26920.03,3204321,67786,2854,161675.39
CAMP_02726,2023-07-18 15:25:31.746349272,Facebook,Video,55+,Travel,60,Mobile,Europe,Q3,81.99737249450666,11313.23,1341771,32447,1800,81935.03
CAMP_02727,2023-07-18 20:23:22.840568112,Google,Video,45-54,Retail,14,Mobile,Europe,Q3,75.36874994793202,97325.23,10146324,289357,31040,1274251.62
CAMP_02728,2023-07-19 01:21:13.934786960,Google,Search,45-54,Retail,7,Mobile,Europe,Q3,53.9780711112043,9072.37,1040051,26148,1795,123173.94
CAMP_02729,2023-07-19 06:19:05.029005800,Google,Native,35-44,Healthcare,14,Mobile,North America,Q3,41.99260193872115,1284.57,181807,2949,172,38760.53
CAMP_02730,2023-07-19 11:16:56.123224648,Instagram,Search,25-34,Healthcare,7,Mobile,North America,Q3,63.59817052840286,7457.25,873391,28439,1003,28442.76
CAMP_02731,2023-07-19 16:14:47.217443488,LinkedIn,Search,25-34,Finance,14,Mobile,North America,Q3,50.046063874060614,17482.13,1630183,61914,2019,46999.51
CAMP_02732,2023-07-19 21:12:38.311662336,Instagram,Video,25-34,Healthcare,7,Mobile,Asia,Q3,55.55914862735757,11749.65,1046094,35796,1993,131885.21
CAMP_02733,2023-07-20 02:10:29.405881176,Google,Video,35-44,Retail,14,Desktop,Europe,Q3,34.72880110794232,1541.89,199244,3015,107,9443.39
CAMP_02734,2023-07-20 07:08:20.500100024,TikTok,Social,25-34,Finance,14,Mobile,Asia,Q3,64.34139161296059,17751.9,1869706,46150,3317,104733.27
CAMP_02735,2023-07-20 12:06:11.594318864,TikTok,Video,25-34,Entertainment,30,Desktop,Asia,Q3,64.74006403977499,3732.45,340445,7542,406,18178.88
CAMP_02736,2023-07-20 17:04:02.688537712,Twitter,Search,35-44,Finance,7,Desktop,Latin America,Q3,81.89445768479368,3631.6,345153,12720,344,20665.25
CAMP_02737,2023-07-20 22:01:53.782756552,TikTok,Native,25-34,Entertainment,30,Mobile,North America,Q3,56.98516862734787,6365.18,656831,14042,902,56319.49
CAMP_02738,2023-07-21 02:59:44.876975400,Instagram,Display,35-44,Finance,7,Mobile,North America,Q3,53.32875045592328,5697.83,581527,8916,408,27215.92
CAMP_02739,2023-07-21 07:57:35.971194240,TikTok,Search,55+,Technology,7,Mobile,Asia,Q3,28.864782677655498,55731.75,5023753,91889,1945,172062.82
CAMP_02740,2023-07-21 12:55:27.065413088,Google,Video,45-54,Technology,60,Mobile,North America,Q3,82.01921896725258,19304.06,2570095,76173,5483,294866.83
CAMP_02741,2023-07-21 17:53:18.159631928,Facebook,Search,35-44,Finance,30,Tablet,Europe,Q3,77.85646233113918,9302.32,1032420,44174,2838,546848.24
CAMP_02742,2023-07-21 22:51:09.253850776,Google,Display,35-44,Retail,7,Desktop,North America,Q3,60.57476882813604,8368.36,1182711,24874,1656,158545.59
CAMP_02743,2023-07-22 03:49:00.348069616,Google,Social,35-44,Entertainment,30,Desktop,Latin America,Q3,33.41537890939256,16926.87,1645407,29193,949,12400.29
CAMP_02744,2023-07-22 08:46:51.442288456,Google,Display,25-34,Education,30,Desktop,Europe,Q3,35.70945937823716,62215.34,8580059,200859,5918,343876.9
CAMP_02745,2023-07-22 13:44:42.536507304,Instagram,Search,45-54,Technology,14,Mobile,North America,Q3,49.05788142471421,16379.61,1415427,33741,2244,169380.07
CAMP_02746,2023-07-22 18:42:33.630726144,Twitter,Search,25-34,Retail,14,Mobile,Asia,Q3,79.30451417733326,11176.41,981791,38166,1655,21921.66
CAMP_02747,2023-07-22 23:40:24.724944992,Instagram,Display,18-24,Travel,60,Mobile,North America,Q3,65.80675270483275,46087.26,4667442,84997,4031,319686.32
CAMP_02748,2023-07-23 04:38:15.819163832,Google,Social,45-54,Technology,14,Desktop,Latin America,Q3,30.13285622236449,5502.16,535003,7606,464,17800.81
CAMP_02749,2023-07-23 09:36:06.913382680,Twitter,Display,25-34,Retail,14,Desktop,North America,Q3,68.08423829200441,26776.05,1842333,45963,2908,85644.16
CAMP_02750,2023-07-23 14:33:58.007601520,Instagram,Search,25-34,Technology,14,Mobile,Asia,Q3,43.217068416582855,4009.15,342879,10372,698,36401.52
CAMP_02751,2023-07-23 19:31:49.101820368,Facebook,Display,18-24,Entertainment,30,Mobile,North America,Q3,49.55575546975709,30633.77,3888216,58025,2357,94200.95
CAMP_02752,2023-07-24 00:29:40.196039208,LinkedIn,Search,18-24,Technology,60,Mobile,Asia,Q3,79.43476025043411,746.25,66354,1522,74,2532.3
CAMP_02753,2023-07-24 05:27:31.290258056,Facebook,Video,25-34,Healthcare,60,Desktop,Latin America,Q3,75.31008167561663,1099.82,129950,3789,372,4915.24
CAMP_02754,2023-07-24 10:25:22.384476896,Facebook,Search,18-24,Finance,30,Tablet,Asia,Q3,81.86199765650846,2759.15,269637,8852,857,48012.28
CAMP_02755,2023-07-24 15:23:13.478695744,TikTok,Display,35-44,Retail,90,Mobile,Asia,Q3,59.53732961831575,10924.72,837826,18801,999,145596.17
CAMP_02756,2023-07-24 20:21:04.572914584,Facebook,Social,45-54,Technology,30,Mobile,North America,Q3,77.66049115732375,1505.88,170434,4672,337,17330.33
CAMP_02757,2023-07-25 01:18:55.667133432,Facebook,Display,25-34,Entertainment,30,Mobile,Latin America,Q3,48.27727472473886,15574.28,2003145,36450,2943,36574.19
CAMP_02758,2023-07-25 06:16:46.761352272,Twitter,Social,45-54,Healthcare,90,Mobile,Europe,Q3,54.848681307894125,11610.72,1100594,19253,875,9423.07
CAMP_02759,2023-07-25 11:14:37.855571120,LinkedIn,Social,25-34,Retail,7,Desktop,Latin America,Q3,53.47413551190418,23157.66,2303078,67741,4364,141011.1
CAMP_02760,2023-07-25 16:12:28.949789960,Google,Display,25-34,Retail,30,Mobile,Asia,Q3,60.47730036448988,874.81,113974,3071,164,6385.16
CAMP_02761,2023-07-25 21:10:20.044008800,Google,Search,25-34,Healthcare,30,Desktop,North America,Q3,34.27017827375843,11080.33,1565873,44340,1223,59282.88
CAMP_02762,2023-07-26 02:08:11.138227648,Google,Video,35-44,Education,60,Mobile,Europe,Q3,55.49990193753277,7554.98,1073062,20734,1694,92593.18
CAMP_02763,2023-07-26 07:06:02.232446488,Instagram,Display,25-34,Technology,60,Mobile,North America,Q3,89.03314603037478,25199.64,2797913,99834,5591,375167.21
CAMP_02764,2023-07-26 12:03:53.326665336,Facebook,Social,35-44,Healthcare,60,Mobile,Asia,Q3,38.14943676377132,39087.19,3506132,68583,4722,344382.09
CAMP_02765,2023-07-26 17:01:44.420884176,Google,Search,45-54,Retail,60,Desktop,Europe,Q3,33.413574361699354,11915.31,1314828,28343,1791,73146.04
CAMP_02766,2023-07-26 21:59:35.515103024,TikTok,Search,35-44,Technology,30,Desktop,North America,Q3,35.02623344675544,21371.45,1889034,52446,2512,94067.67
CAMP_02767,2023-07-27 02:57:26.609321864,Instagram,Display,35-44,Retail,7,Mobile,Other,Q3,100.0,5819.85,483208,14980,797,51060.19
CAMP_02768,2023-07-27 07:55:17.703540712,Google,Display,55+,Entertainment,7,Mobile,Latin America,Q3,69.29703961740755,9056.58,1178062,25138,1153,38271.69
CAMP_02769,2023-07-27 12:53:08.797759552,Instagram,Video,25-34,Finance,30,Mobile,Latin America,Q3,54.594692313172345,9609.27,865862,18693,1361,63962.58
CAMP_02770,2023-07-27 17:50:59.891978400,LinkedIn,Social,25-34,Education,14,Mobile,Asia,Q3,61.36640826016273,77302.76,8252606,266841,9068,359300.96
CAMP_02771,2023-07-27 22:48:50.986197240,Google,Search,45-54,Entertainment,14,Desktop,Asia,Q3,64.55278798493634,6132.09,721659,23254,2309,131251.0
CAMP_02772,2023-07-28 03:46:42.080416088,Facebook,Social,35-44,Education,14,Mobile,Asia,Q3,47.191000485412395,10651.4,1221669,31644,2104,168291.93
CAMP_02773,2023-07-28 08:44:33.174634928,Twitter,Display,25-34,Technology,60,Mobile,North America,Q3,49.65566502581794,2293.36,196525,3740,122,7502.84
CAMP_02774,2023-07-28 13:42:24.268853776,Facebook,Display,25-34,Retail,14,Desktop,Latin America,Q3,56.8463373559594,683.05,73246,1325,39,3248.25
CAMP_02775,2023-07-28 18:40:15.363072616,Instagram,Display,35-44,Travel,60,Mobile,Latin America,Q3,45.50489823530188,8586.76,908947,20239,537,29512.08
CAMP_02776,2023-07-28 23:38:06.457291464,Facebook,Video,25-34,Entertainment,60,Mobile,Asia,Q3,52.06130785957623,20122.23,2566050,78549,3748,233034.51
CAMP_02777,2023-07-29 04:35:57.551510304,Google,Display,25-34,Education,14,Mobile,Latin America,Q3,67.06183154660691,4500.63,432526,8745,876,146543.47
CAMP_02778,2023-07-29 09:33:48.645729144,Google,Social,55+,Retail,14,Desktop,Europe,Q3,40.05693640759801,44182.0,5109123,70507,3431,281408.87
CAMP_02779,2023-07-29 14:31:39.739947992,Facebook,Social,45-54,Technology,30,Desktop,Europe,Q3,100.0,11822.33,1099772,28271,2698,218780.09
CAMP_02780,2023-07-29 19:29:30.834166832,Google,Search,35-44,Entertainment,30,Mobile,Other,Q3,75.06313221772399,3655.05,434656,19866,1032,171570.67
CAMP_02781,2023-07-30 00:27:21.928385680,Google,Search,35-44,Retail,14,Desktop,Europe,Q3,34.59830522974697,25892.34,3074331,72471,4970,268227.58
CAMP_02782,2023-07-30 05:25:13.022604520,Twitter,Video,45-54,Healthcare,7,Mobile,Europe,Q3,10.441929817987763,518.86,40114,589,7,243.59
CAMP_02783,2023-07-30 10:23:04.116823368,TikTok,Social,18-24,Finance,14,Desktop,North America,Q3,46.24993429724443,8507.99,899991,15822,619,20987.67
CAMP_02784,2023-07-30 15:20:55.211042208,Twitter,Video,25-34,Retail,7,Tablet,Europe,Q3,73.68721299214495,1305.36,84376,3136,172,7444.39
CAMP_02785,2023-07-30 20:18:46.305261056,Twitter,Native,35-44,Technology,14,Desktop,Asia,Q3,69.8093978890021,1625.28,142564,4231,228,6493.26
CAMP_02786,2023-07-31 01:16:37.399479896,Google,Search,45-54,Technology,14,Desktop,Europe,Q3,57.783029793027744,2446.83,243328,7248,354,14896.69
CAMP_02787,2023-07-31 06:14:28.493698744,TikTok,Display,18-24,Retail,30,Mobile,Europe,Q3,47.97115077713829,19939.25,2134784,40637,1074,72402.06
CAMP_02788,2023-07-31 11:12:19.587917584,Google,Native,55+,Healthcare,90,Desktop,North America,Q3,41.91737252016139,148301.0,17112675,241221,9090,311129.38
CAMP_02789,2023-07-31 16:10:10.682136432,TikTok,Video,35-44,Technology,30,Desktop,Europe,Q3,51.94833857780986,4073.29,365269,6822,359,7544.34
CAMP_02790,2023-07-31 21:08:01.776355272,TikTok,Search,25-34,Technology,60,Mobile,Latin America,Q3,39.75240052344795,17247.68,1323759,35344,1881,24283.82
CAMP_02791,2023-08-01 02:05:52.870574120,LinkedIn,Search,25-34,Education,30,Desktop,North America,Q3,52.02244487583101,3456.52,267999,6955,454,13002.08
CAMP_02792,2023-08-01 07:03:43.964792960,TikTok,Display,25-34,Finance,30,Desktop,North America,Q3,86.61901871645644,51802.19,5787715,130341,6957,528463.24
CAMP_02793,2023-08-01 12:01:35.059011808,Instagram,Search,45-54,Finance,14,Mobile,North America,Q3,44.575204015012005,62535.36,7293788,126581,4722,303738.95
CAMP_02794,2023-08-01 16:59:26.153230648,Facebook,Search,55+,Entertainment,14,Mobile,Latin America,Q3,72.21762566103976,6464.2,730133,14056,869,56247.64
CAMP_02795,2023-08-01 21:57:17.247449496,Facebook,Social,25-34,Travel,60,Desktop,Asia,Q3,75.26847625968406,6912.65,756634,18122,1564,104273.56
CAMP_02796,2023-08-02 02:55:08.341668336,Instagram,Video,55+,Retail,60,Desktop,Other,Q3,38.40797362928168,9024.98,749071,11727,694,48803.72
CAMP_02797,2023-08-02 07:52:59.435887176,Google,Native,45-54,Finance,14,Desktop,Europe,Q3,43.132562508809926,2991.67,350567,6289,264,18403.86
CAMP_02798,2023-08-02 12:50:50.530106024,Instagram,Display,35-44,Healthcare,7,Desktop,Europe,Q3,81.3788687397358,2050.42,216965,4324,422,18504.43
CAMP_02799,2023-08-02 17:48:41.624324864,TikTok,Display,35-44,Technology,30,Desktop,Asia,Q3,41.48471920698604,63947.95,5829389,120564,7330,187333.49
CAMP_02800,2023-08-02 22:46:32.718543712,Google,Display,25-34,Entertainment,14,Desktop,North America,Q3,58.85028501578393,10891.45,1234141,27596,1101,93971.62
CAMP_02801,2023-08-03 03:44:23.812762552,Twitter,Video,35-44,Travel,7,Mobile,North America,Q3,100.0,692.45,65225,2757,142,5875.81
CAMP_02802,2023-08-03 08:42:14.906981400,TikTok,Video,18-24,Travel,60,Desktop,Europe,Q3,79.59664514122727,16407.29,1673298,38337,1674,25224.4
CAMP_02803,2023-08-03 13:40:06.001200240,TikTok,Native,35-44,Technology,30,Mobile,North America,Q3,61.70460903471132,209.02,15905,450,28,2066.59
CAMP_02804,2023-08-03 18:37:57.095419088,TikTok,Display,18-24,Technology,30,Mobile,North America,Q3,76.81461149062508,2618.25,292564,4550,305,6405.4
CAMP_02805,2023-08-03 23:35:48.189637928,Instagram,Video,45-54,Travel,60,Mobile,North America,Q3,58.881558293719635,4596.59,419148,12841,895,150335.13
CAMP_02806,2023-08-04 04:33:39.283856776,TikTok,Video,45-54,Finance,30,Mobile,North America,Q3,80.36463666406948,3367.68,277653,7281,369,11081.96
CAMP_02807,2023-08-04 09:31:30.378075616,LinkedIn,Social,25-34,Technology,30,Mobile,North America,Q3,19.07469137307058,2355.6,237505,2971,101,1413.57
CAMP_02808,2023-08-04 14:29:21.472294464,Google,Social,25-34,Entertainment,14,Mobile,Asia,Q3,57.214680072501096,31110.27,3934659,101950,5456,375507.92
CAMP_02809,2023-08-04 19:27:12.566513304,Instagram,Display,35-44,Technology,14,Mobile,North America,Q3,18.27320186814356,1613.07,175346,3003,85,6541.82
CAMP_02810,2023-08-05 00:25:03.660732152,LinkedIn,Video,35-44,Technology,30,Mobile,North America,Q3,63.22710376463658,1199.76,90607,2526,65,1759.82
CAMP_02811,2023-08-05 05:22:54.754950992,Google,Display,25-34,Education,14,Mobile,North America,Q3,55.27644203454603,51907.53,6949412,148545,10936,945961.73
CAMP_02812,2023-08-05 10:20:45.849169840,Instagram,Video,35-44,Retail,7,Desktop,Europe,Q3,87.2145969328466,1543.26,166751,7009,661,49051.05
CAMP_02813,2023-08-05 15:18:36.943388680,LinkedIn,Video,25-34,Retail,7,Desktop,Europe,Q3,74.23654737195335,8220.3,740502,17129,507,22282.87
CAMP_02814,2023-08-05 20:16:28.037607520,Google,Search,18-24,Technology,14,Desktop,Latin America,Q3,49.478246249198676,61226.57,8114111,239838,13635,2355864.84
CAMP_02815,2023-08-06 01:14:19.131826368,Instagram,Display,18-24,Healthcare,14,Mobile,Asia,Q3,51.8756748683827,11703.61,1183346,22016,954,25314.14
CAMP_02816,2023-08-06 06:12:10.226045208,Twitter,Search,18-24,Retail,30,Desktop,North America,Q3,67.61393060459561,2408.72,206851,5618,275,15085.21
CAMP_02817,2023-08-06 11:10:01.320264056,Instagram,Display,45-54,Finance,14,Mobile,North America,Q3,48.54878814893454,2408.36,264190,4491,244,16986.3
CAMP_02818,2023-08-06 16:07:52.414482896,Google,Native,55+,Healthcare,7,Mobile,North America,Q3,59.3525442723091,18153.12,1893735,39571,1457,86381.77
CAMP_02819,2023-08-06 21:05:43.508701744,Google,Native,25-34,Education,30,Desktop,Other,Q3,86.33396129029738,11510.45,1224406,46258,4147,245481.08
CAMP_02820,2023-08-07 02:03:34.602920584,Facebook,Search,35-44,Technology,60,Desktop,Asia,Q3,43.41739632939243,41505.45,4885738,144673,9098,677903.79
CAMP_02821,2023-08-07 07:01:25.697139432,TikTok,Display,18-24,Education,7,Desktop,North America,Q3,51.046512680872084,4493.48,469486,9875,381,23094.82
CAMP_02822,2023-08-07 11:59:16.791358272,Google,Display,35-44,Technology,30,Desktop,North America,Q3,53.85135309101367,9281.07,1175691,30304,1837,27945.26
CAMP_02823,2023-08-07 16:57:07.885577120,Instagram,Search,18-24,Entertainment,30,Mobile,Europe,Q3,100.0,5379.4,640884,18474,1043,58653.11
CAMP_02824,2023-08-07 21:54:58.979795960,Google,Social,35-44,Finance,30,Desktop,North America,Q3,72.16485325014334,16150.71,1892085,46330,3532,327783.61
CAMP_02825,2023-08-08 02:52:50.074014808,Facebook,Search,55+,Retail,7,Desktop,Asia,Q3,82.64136678095684,49599.11,5940194,178972,8003,558372.3
CAMP_02826,2023-08-08 07:50:41.168233648,Twitter,Social,25-34,Entertainment,60,Desktop,Europe,Q3,75.3625142375677,1437.65,101248,2768,97,5439.54
CAMP_02827,2023-08-08 12:48:32.262452496,LinkedIn,Native,45-54,Technology,30,Desktop,Europe,Q3,76.70787731970599,17489.24,1488389,39834,2256,145559.25
CAMP_02828,2023-08-08 17:46:23.356671336,Google,Display,18-24,Retail,60,Mobile,Europe,Q3,69.47147074664576,3051.04,386183,6289,275,6843.22
CAMP_02829,2023-08-08 22:44:14.450890184,Facebook,Search,25-34,Technology,14,Mobile,North America,Q3,67.30538400118184,7736.24,728466,31086,2816,45523.0
CAMP_02830,2023-08-09 03:42:05.545109024,Google,Video,18-24,Entertainment,30,Mobile,Europe,Q3,30.98510691062927,110510.78,15117078,242541,13842,645645.88
CAMP_02831,2023-08-09 08:39:56.639327864,Instagram,Display,25-34,Technology,30,Mobile,Asia,Q3,67.1572911268588,18720.14,1617276,46261,2843,211721.02
CAMP_02832,2023-08-09 13:37:47.733546712,LinkedIn,Search,25-34,Retail,14,Mobile,North America,Q3,57.833128152140844,563.5,58840,2099,83,4159.11
CAMP_02833,2023-08-09 18:35:38.827765552,Google,Display,25-34,Retail,14,Mobile,Europe,Q3,70.9091380569899,2430.41,349740,6982,560,34520.08
CAMP_02834,2023-08-09 23:33:29.921984400,Facebook,Social,25-34,Finance,30,Tablet,Asia,Q3,58.58281666719106,17215.69,1919302,36749,3283,168664.45
CAMP_02835,2023-08-10 04:31:21.016203240,Facebook,Display,25-34,Finance,7,Desktop,North America,Q3,75.26328585455984,3455.79,312784,9030,608,31276.39
CAMP_02836,2023-08-10 09:29:12.110422088,TikTok,Search,35-44,Technology,30,Desktop,Europe,Q3,78.79865142298361,3700.03,403926,11046,705,52205.82
CAMP_02837,2023-08-10 14:27:03.204640928,TikTok,Search,55+,Retail,7,Mobile,North America,Q3,1.7567995070847147,13352.05,1403797,19619,669,86577.29
CAMP_02838,2023-08-10 19:24:54.298859776,Google,Search,25-34,Finance,7,Mobile,Asia,Q3,51.322143636680835,97537.03,13045652,454935,25360,1639990.99
CAMP_02839,2023-08-11 00:22:45.393078616,LinkedIn,Display,25-34,Entertainment,30,Desktop,North America,Q3,22.852261882237464,581.03,59336,830,31,1493.32
CAMP_02840,2023-08-11 05:20:36.487297464,Facebook,Social,25-34,Entertainment,7,Mobile,Asia,Q3,64.77889109283988,955.14,104761,2081,155,11353.62
CAMP_02841,2023-08-11 10:18:27.581516304,Facebook,Search,45-54,Education,90,Desktop,North America,Q3,53.98583244291999,3784.36,370376,11167,432,16527.08
CAMP_02842,2023-08-11 15:16:18.675735152,LinkedIn,Search,35-44,Retail,60,Tablet,North America,Q3,87.11656941173212,223684.08,19324664,628709,38081,1069127.42
CAMP_02843,2023-08-11 20:14:09.769953992,TikTok,Video,35-44,Travel,30,Mobile,Asia,Q3,64.14489323601754,30837.74,2780045,68168,5031,752217.83
CAMP_02844,2023-08-12 01:12:00.864172840,TikTok,Search,18-24,Technology,60,Desktop,Europe,Q3,50.28940047072574,75894.76,6971362,184970,8877,1663926.72
CAMP_02845,2023-08-12 06:09:51.958391680,Instagram,Social,25-34,Travel,60,Mobile,Latin America,Q3,78.77143079691169,20767.95,1904896,61296,4031,236794.12
CAMP_02846,2023-08-12 11:07:43.052610528,Facebook,Search,25-34,Technology,14,Desktop,Europe,Q3,53.63595084345114,6845.64,753461,25507,1032,20138.42
CAMP_02847,2023-08-12 16:05:34.146829368,Twitter,Social,55+,Finance,60,Mobile,Europe,Q3,50.04004888212663,22992.37,1533330,17603,586,28229.1
CAMP_02848,2023-08-12 21:03:25.241048208,Facebook,Search,45-54,Technology,7,Mobile,Asia,Q3,67.87250829283711,13551.05,1682700,48397,4686,342145.98
CAMP_02849,2023-08-13 02:01:16.335267056,Instagram,Video,18-24,Technology,14,Desktop,North America,Q3,92.25942779878943,1367.44,127810,2936,131,2656.1
CAMP_02850,2023-08-13 06:59:07.429485896,Facebook,Video,35-44,Education,30,Desktop,North America,Q3,77.07103816479645,3156.33,347519,7707,501,19354.16
CAMP_02851,2023-08-13 11:56:58.523704744,LinkedIn,Display,25-34,Entertainment,30,Desktop,North America,Q3,71.33861930562952,4327.1,434813,10121,488,12402.67
CAMP_02852,2023-08-13 16:54:49.617923584,Google,Search,25-34,Travel,7,Mobile,North America,Q3,100.0,2522.63,300086,10363,628,31990.86
CAMP_02853,2023-08-13 21:52:40.712142432,Google,Social,45-54,Healthcare,14,Desktop,North America,Q3,45.35179927281015,3895.17,445075,7474,350,30642.46
CAMP_02854,2023-08-14 02:50:31.806361272,TikTok,Display,35-44,Finance,30,Desktop,Latin America,Q3,44.90564326115786,40784.55,3137404,63362,3963,209189.95
CAMP_02855,2023-08-14 07:48:22.900580120,Google,Search,25-34,Retail,14,Tablet,Asia,Q3,62.911389608794856,567.8,58254,1706,64,3632.37
CAMP_02856,2023-08-14 12:46:13.994798960,Instagram,Search,25-34,Travel,30,Desktop,Latin America,Q3,90.30052768209428,33255.59,3705515,141785,12976,239970.05
CAMP_02857,2023-08-14 17:44:05.089017808,Google,Search,45-54,Healthcare,30,Desktop,Other,Q3,41.16628047410795,22149.05,2566873,61404,3195,95868.67
CAMP_02858,2023-08-14 22:41:56.183236648,Google,Display,35-44,Entertainment,14,Desktop,Europe,Q3,95.0914519512612,8745.99,1016975,29161,3160,189649.2
CAMP_02859,2023-08-15 03:39:47.277455496,Google,Video,35-44,Finance,7,Desktop,North America,Q3,31.21755021183224,1507.97,184514,4085,192,15604.81
CAMP_02860,2023-08-15 08:37:38.371674336,Google,Display,25-34,Healthcare,30,Mobile,Europe,Q3,57.57563898557643,83021.75,11910567,229703,20599,1022236.79
CAMP_02861,2023-08-15 13:35:29.465893184,Twitter,Video,25-34,Travel,14,Mobile,Latin America,Q3,63.46931331337299,2314.06,211184,6291,225,4534.68
CAMP_02862,2023-08-15 18:33:20.560112024,Facebook,Display,55+,Retail,7,Desktop,Europe,Q3,42.347361673641956,1083.85,124485,1583,76,2340.77
CAMP_02863,2023-08-15 23:31:11.654330872,TikTok,Video,35-44,Technology,14,Desktop,Europe,Q3,47.57531270135598,17514.88,1795525,49879,2772,206725.69
CAMP_02864,2023-08-16 04:29:02.748549712,Instagram,Search,25-34,Retail,14,Desktop,North America,Q3,75.93260958671331,2897.88,253682,9073,689,15113.51
CAMP_02865,2023-08-16 09:26:53.842768552,Facebook,Display,35-44,Entertainment,7,Mobile,Europe,Q3,88.83111485022468,4738.27,555731,18564,2088,42731.89
CAMP_02866,2023-08-16 14:24:44.936987400,Instagram,Native,45-54,Retail,30,Mobile,North America,Q3,17.70779275007957,26979.82,2957783,30931,1131,55639.13
CAMP_02867,2023-08-16 19:22:36.031206240,Instagram,Display,25-34,Retail,30,Mobile,North America,Q3,63.60472770918629,34023.44,3091802,78383,3725,42574.4
CAMP_02868,2023-08-17 00:20:27.125425088,LinkedIn,Display,25-34,Technology,30,Mobile,Latin America,Q3,57.73382192768394,14950.59,1399053,41786,2555,138266.03
CAMP_02869,2023-08-17 05:18:18.219643928,Facebook,Display,35-44,Finance,60,Mobile,North America,Q3,62.14792711247901,37794.55,4747638,94943,2940,78941.77
CAMP_02870,2023-08-17 10:16:09.313862776,Facebook,Video,35-44,Finance,7,Tablet,Other,Q3,53.66467048767596,2367.12,272737,5980,182,14259.85
CAMP_02871,2023-08-17 15:14:00.408081616,Twitter,Social,45-54,Retail,14,Mobile,North America,Q3,34.19026060887345,325.93,22721,356,9,87.36
CAMP_02872,2023-08-17 20:11:51.502300464,TikTok,Video,45-54,Travel,30,Mobile,Latin America,Q3,90.84593956089242,2289.24,194760,4472,406,25355.49
CAMP_02873,2023-08-18 01:09:42.596519304,Twitter,Native,25-34,Travel,30,Mobile,Europe,Q3,83.186591966614,16159.68,1046508,26198,1677,78652.93
CAMP_02874,2023-08-18 06:07:33.690738152,Facebook,Social,18-24,Technology,30,Tablet,Asia,Q3,57.92021622206235,11046.64,1251817,25499,2168,30191.01
CAMP_02875,2023-08-18 11:05:24.784956992,Twitter,Search,55+,Entertainment,30,Desktop,North America,Q3,50.23373575053314,13123.82,990230,15065,587,7069.73
CAMP_02876,2023-08-18 16:03:15.879175840,Instagram,Search,25-34,Healthcare,30,Mobile,Asia,Q3,47.81118741988241,157.9,17789,443,23,791.9
CAMP_02877,2023-08-18 21:01:06.973394680,Instagram,Search,35-44,Technology,7,Tablet,Latin America,Q3,8.286935503710396,85544.47,8747482,108804,1715,64513.84
CAMP_02878,2023-08-19 01:58:58.067613528,Google,Display,35-44,Technology,30,Mobile,North America,Q3,67.07640149204823,1209.73,133993,4011,164,13771.3
CAMP_02879,2023-08-19 06:56:49.161832368,Instagram,Search,35-44,Finance,30,Mobile,North America,Q3,75.60647180605689,101237.99,8294963,373127,14925,313062.85
CAMP_02880,2023-08-19 11:54:40.256051216,Google,Video,25-34,Finance,90,Desktop,North America,Q3,62.75804232219537,634.07,76012,2692,139,6454.24
CAMP_02881,2023-08-19 16:52:31.350270056,Facebook,Video,45-54,Technology,30,Mobile,North America,Q3,58.27327130800495,183519.35,22663853,619600,21194,361648.43
CAMP_02882,2023-08-19 21:50:22.444488904,Twitter,Search,45-54,Education,30,Desktop,North America,Q3,62.66767016973169,8722.4,731245,15984,395,23926.96
CAMP_02883,2023-08-20 02:48:13.538707744,Google,Search,35-44,Finance,30,Tablet,Asia,Q3,42.93548038484847,37953.71,5027704,158017,12423,1049224.32
CAMP_02884,2023-08-20 07:46:04.632926584,Google,Social,35-44,Entertainment,60,Desktop,North America,Q3,50.00889545259337,1462.28,191452,4307,375,32774.53
CAMP_02885,2023-08-20 12:43:55.727145432,Google,Video,18-24,Retail,90,Mobile,Asia,Q3,56.67333943535684,3313.28,461367,9147,759,57712.82
CAMP_02886,2023-08-20 17:41:46.821364272,TikTok,Social,18-24,Healthcare,30,Mobile,Latin America,Q3,73.93353149529791,3256.37,250735,5358,428,23708.59
CAMP_02887,2023-08-20 22:39:37.915583120,Instagram,Display,25-34,Technology,30,Mobile,Asia,Q3,87.57716746590224,3862.83,333091,11231,428,31785.78
CAMP_02888,2023-08-21 03:37:29.009801960,Facebook,Display,25-34,Finance,7,Mobile,North America,Q3,55.417043140540876,13359.72,1513277,42943,2015,66654.57
CAMP_02889,2023-08-21 08:35:20.104020808,Twitter,Display,55+,Entertainment,30,Mobile,Europe,Q3,39.104289248691686,4104.56,373274,5658,298,15285.93
CAMP_02890,2023-08-21 13:33:11.198239648,Twitter,Search,45-54,Entertainment,30,Mobile,North America,Q3,60.7129358152686,3996.23,313140,9510,226,10709.41
CAMP_02891,2023-08-21 18:31:02.292458496,Facebook,Display,35-44,Technology,30,Desktop,North America,Q3,100.0,3101.95,400131,10135,1159,56484.29
CAMP_02892,2023-08-21 23:28:53.386677336,LinkedIn,Search,35-44,Entertainment,7,Desktop,North America,Q3,40.843871297325315,12021.06,1043798,23509,1256,60531.47
CAMP_02893,2023-08-22 04:26:44.480896184,Twitter,Social,25-34,Travel,30,Mobile,Latin America,Q3,77.71681494265626,777.3,74198,2746,73,2051.48
CAMP_02894,2023-08-22 09:24:35.575115024,LinkedIn,Search,55+,Healthcare,14,Mobile,Asia,Q3,86.7192111224121,15164.71,1573810,38431,3542,86299.87
CAMP_02895,2023-08-22 14:22:26.669333872,Google,Search,25-34,Retail,30,Mobile,North America,Q3,52.79970280349028,1942.02,269284,6615,605,49931.34
CAMP_02896,2023-08-22 19:20:17.763552712,Twitter,Social,18-24,Entertainment,14,Mobile,Europe,Q3,45.98550844561919,16317.14,1256925,21894,803,7990.05
CAMP_02897,2023-08-23 00:18:08.857771560,Instagram,Social,35-44,Retail,30,Mobile,North America,Q3,71.49913365666505,13897.22,1317117,33059,2272,69560.81
CAMP_02898,2023-08-23 05:15:59.951990400,Facebook,Search,45-54,Education,14,Mobile,Other,Q3,67.0643354560833,7071.05,917076,24271,2055,34153.57
CAMP_02899,2023-08-23 10:13:51.046209248,Facebook,Display,45-54,Finance,7,Desktop,Other,Q3,73.89548342641774,5881.17,618657,13216,1001,29299.41
CAMP_02900,2023-08-23 15:11:42.140428088,Google,Social,18-24,Finance,30,Desktop,North America,Q3,100.0,60165.76,7172064,139692,14368,1050344.05
CAMP_02901,2023-08-23 20:09:33.234646928,Google,Search,45-54,Retail,7,Mobile,North America,Q3,63.34093106753127,354065.94,34435276,1265825,91080,3339076.21
CAMP_02902,2023-08-24 01:07:24.328865776,LinkedIn,Display,25-34,Finance,30,Desktop,Europe,Q3,36.15550302087796,1375.78,131727,2575,68,3508.76
CAMP_02903,2023-08-24 06:05:15.423084616,Google,Display,18-24,Travel,60,Mobile,Europe,Q3,61.332800043368486,9233.56,999387,13392,794,23790.97
CAMP_02904,2023-08-24 11:03:06.517303464,Facebook,Social,45-54,Retail,90,Desktop,North America,Q3,64.83113588410762,469.32,56880,1439,91,7191.09
CAMP_02905,2023-08-24 16:00:57.611522304,Instagram,Video,45-54,Finance,14,Mobile,Asia,Q3,85.34337274176498,119330.49,10872302,405346,38290,725662.3
CAMP_02906,2023-08-24 20:58:48.705741152,Google,Native,35-44,Travel,60,Mobile,North America,Q3,56.06471209144594,153407.32,19908436,375947,16479,1526244.88
CAMP_02907,2023-08-25 01:56:39.799959992,TikTok,Video,35-44,Finance,14,Mobile,Asia,Q3,51.8186433260923,40355.1,3841443,96788,3698,227013.99
CAMP_02908,2023-08-25 06:54:30.894178840,Google,Social,45-54,Finance,60,Mobile,North America,Q3,32.5761200766682,47503.36,5633577,79419,4457,236475.99
CAMP_02909,2023-08-25 11:52:21.988397680,Facebook,Display,45-54,Healthcare,30,Desktop,Asia,Q3,70.9482558412826,19706.76,2012361,42277,3529,147431.55
CAMP_02910,2023-08-25 16:50:13.082616528,Facebook,Search,45-54,Finance,7,Tablet,Asia,Q3,100.0,2806.77,255767,12498,523,43825.36
CAMP_02911,2023-08-25 21:48:04.176835368,Google,Social,35-44,Retail,14,Desktop,Europe,Q3,55.54818031992123,3948.3,426329,8791,529,38578.77
CAMP_02912,2023-08-26 02:45:55.271054216,Google,Search,55+,Retail,14,Mobile,Asia,Q3,69.03909909043898,5840.72,813285,19711,1754,69489.6
CAMP_02913,2023-08-26 07:43:46.365273056,LinkedIn,Search,55+,Healthcare,30,Desktop,Europe,Q3,49.043342933700735,13812.72,1445850,36739,1353,35536.77
CAMP_02914,2023-08-26 12:41:37.459491904,TikTok,Video,18-24,Travel,14,Desktop,North America,Q3,34.374301600083186,2800.78,243440,3047,77,773.33
CAMP_02915,2023-08-26 17:39:28.553710744,Google,Video,45-54,Retail,30,Desktop,North America,Q3,68.68471878401061,9209.25,1157855,38312,2460,43516.79
CAMP_02916,2023-08-26 22:37:19.647929592,LinkedIn,Display,35-44,Technology,30,Desktop,North America,Q3,60.56376566874384,6052.31,468939,11446,418,22345.38
CAMP_02917,2023-08-27 03:35:10.742148432,LinkedIn,Search,25-34,Technology,90,Desktop,North America,Q3,12.28891713868353,28478.65,2775980,55463,1831,40251.94
CAMP_02918,2023-08-27 08:33:01.836367272,Twitter,Video,35-44,Education,60,Desktop,Asia,Q3,92.20057431480238,41386.84,2936952,95325,2786,64141.82
CAMP_02919,2023-08-27 13:30:52.930586120,Facebook,Video,18-24,Technology,14,Desktop,North America,Q3,68.31928752674231,6950.15,861028,18929,939,51858.43
CAMP_02920,2023-08-27 18:28:44.024804960,Facebook,Search,35-44,Education,30,Mobile,North America,Q3,61.477911002072084,3259.2,395681,14884,1100,60877.24
CAMP_02921,2023-08-27 23:26:35.119023808,Facebook,Search,45-54,Retail,60,Mobile,Asia,Q3,51.56046271815383,35280.94,4007553,103508,3564,609792.65
CAMP_02922,2023-08-28 04:24:26.213242648,LinkedIn,Social,25-34,Travel,60,Desktop,Asia,Q3,68.10588220986185,2041.27,156128,4255,279,17866.02
CAMP_02923,2023-08-28 09:22:17.307461496,Twitter,Display,25-34,Healthcare,7,Desktop,Europe,Q3,69.0279190483207,4721.19,442231,12622,833,37274.23
CAMP_02924,2023-08-28 14:20:08.401680336,Google,Video,55+,Entertainment,14,Mobile,North America,Q3,68.02642747453424,32522.78,3792905,94295,6066,192419.38
CAMP_02925,2023-08-28 19:17:59.495899184,Facebook,Native,25-34,Technology,14,Tablet,North America,Q3,81.35986089006978,1894.67,237196,8485,505,18976.48
CAMP_02926,2023-08-29 00:15:50.590118024,TikTok,Display,25-34,Entertainment,14,Mobile,Europe,Q3,85.90542467666691,172891.36,17225565,412370,20343,618847.02
CAMP_02927,2023-08-29 05:13:41.684336872,Twitter,Social,25-34,Retail,7,Mobile,Latin America,Q3,100.0,7495.61,602372,17244,697,30418.53
CAMP_02928,2023-08-29 10:11:32.778555712,TikTok,Social,35-44,Retail,14,Mobile,North America,Q3,43.263156351025565,1579.91,141604,2289,143,1985.76
CAMP_02929,2023-08-29 15:09:23.872774560,LinkedIn,Social,35-44,Finance,30,Tablet,Europe,Q3,48.531569724655654,1212.94,90028,2247,105,11359.17
CAMP_02930,2023-08-29 20:07:14.966993400,Facebook,Display,45-54,Education,14,Mobile,Other,Q3,67.22364334083277,4483.66,402222,7745,431,29142.9
CAMP_02931,2023-08-30 01:05:06.061212248,Instagram,Social,35-44,Entertainment,30,Mobile,Europe,Q3,44.4181828252443,4495.87,508126,9709,260,7821.81
CAMP_02932,2023-08-30 06:02:57.155431088,LinkedIn,Social,45-54,Finance,7,Mobile,Europe,Q3,47.639698552555586,8446.05,841024,12744,591,32854.22
CAMP_02933,2023-08-30 11:00:48.249649936,Google,Search,35-44,Healthcare,60,Mobile,Asia,Q3,69.5045916301326,1172.58,114442,4656,396,18224.55
CAMP_02934,2023-08-30 15:58:39.343868776,Instagram,Display,25-34,Retail,60,Desktop,Asia,Q3,78.016847099597,928.01,107478,2551,136,1975.23
CAMP_02935,2023-08-30 20:56:30.438087616,LinkedIn,Display,35-44,Education,30,Mobile,Europe,Q3,85.51855905557727,23756.5,2481793,50233,4504,408017.2
CAMP_02936,2023-08-31 01:54:21.532306464,Google,Video,45-54,Entertainment,60,Desktop,Latin America,Q3,56.14771172484799,32343.27,3236644,55229,5152,280670.38
CAMP_02937,2023-08-31 06:52:12.626525304,Twitter,Search,35-44,Entertainment,7,Tablet,Europe,Q3,69.26305927075941,8934.98,663348,19525,1041,34168.22
CAMP_02938,2023-08-31 11:50:03.720744152,Instagram,Search,18-24,Finance,30,Mobile,Asia,Q3,64.85515471787541,1860.45,185546,5439,195,13374.21
CAMP_02939,2023-08-31 16:47:54.814962992,TikTok,Display,25-34,Travel,7,Desktop,Other,Q3,60.353148903599724,1073.89,102050,1857,122,3682.91
CAMP_02940,2023-08-31 21:45:45.909181840,Google,Search,25-34,Education,14,Mobile,Europe,Q3,43.67981669583965,10567.11,1493792,41613,3016,116293.22
CAMP_02941,2023-09-01 02:43:37.003400680,Facebook,Display,25-34,Healthcare,14,Mobile,Europe,Q3,41.13577821594957,11829.06,1437824,22685,851,73815.38
CAMP_02942,2023-09-01 07:41:28.097619528,Instagram,Search,35-44,Technology,30,Desktop,Europe,Q3,73.33349559911913,5024.01,571459,22384,1953,20849.55
CAMP_02943,2023-09-01 12:39:19.191838368,Facebook,Native,18-24,Healthcare,14,Desktop,Asia,Q3,43.343612402315955,2335.24,286574,4224,306,53889.48
CAMP_02944,2023-09-01 17:37:10.286057216,LinkedIn,Display,45-54,Healthcare,30,Mobile,Asia,Q3,24.461623503459464,8150.12,703984,8123,276,8549.12
CAMP_02945,2023-09-01 22:35:01.380276056,LinkedIn,Display,25-34,Finance,14,Mobile,North America,Q3,59.364773534196246,59900.45,4479174,111868,6665,892994.27
CAMP_02946,2023-09-02 03:32:52.474494904,Google,Video,25-34,Technology,60,Tablet,Asia,Q3,89.104806042995,51324.82,6907854,304206,13752,1085665.83
CAMP_02947,2023-09-02 08:30:43.568713744,Instagram,Search,35-44,Finance,30,Desktop,Asia,Q3,4.1029912319551585,33134.4,3002130,41164,1115,40068.84
CAMP_02948,2023-09-02 13:28:34.662932592,Instagram,Social,25-34,Healthcare,14,Mobile,Asia,Q3,54.23339453692976,272.65,25099,529,27,727.88
CAMP_02949,2023-09-02 18:26:25.757151432,Facebook,Native,45-54,Finance,14,Mobile,Asia,Q3,73.50429730652465,1289.32,121520,3610,277,16540.66
CAMP_02950,2023-09-02 23:24:16.851370280,TikTok,Display,18-24,Technology,60,Mobile,North America,Q3,23.530071335703973,26754.24,2212607,32488,848,19289.02
CAMP_02951,2023-09-03 04:22:07.945589120,Twitter,Native,25-34,Entertainment,14,Mobile,Europe,Q3,55.73334167597836,28863.98,2120696,38283,1704,83133.56
CAMP_02952,2023-09-03 09:19:59.039807960,LinkedIn,Video,45-54,Healthcare,30,Mobile,Asia,Q3,37.21085510894916,9697.15,904449,15753,745,49746.11
CAMP_02953,2023-09-03 14:17:50.134026808,LinkedIn,Search,35-44,Retail,30,Mobile,Latin America,Q3,39.856437719862285,50362.11,4094776,118795,2553,37917.38
CAMP_02954,2023-09-03 19:15:41.228245648,Facebook,Video,25-34,Technology,14,Mobile,North America,Q3,51.951635845959586,2796.83,301648,7802,375,11173.11
CAMP_02955,2023-09-04 00:13:32.322464496,TikTok,Social,25-34,Education,14,Desktop,Europe,Q3,37.5370421973566,5506.76,488575,8438,397,25232.96
CAMP_02956,2023-09-04 05:11:23.416683336,LinkedIn,Search,45-54,Entertainment,14,Mobile,Asia,Q3,35.87398593696375,68820.29,7354462,137321,3336,128195.95
CAMP_02957,2023-09-04 10:09:14.510902184,LinkedIn,Search,55+,Technology,14,Desktop,Asia,Q3,58.815364969159916,897.93,77819,1785,108,4123.48
CAMP_02958,2023-09-04 15:07:05.605121024,Twitter,Social,45-54,Travel,14,Mobile,Europe,Q3,100.0,1943.66,142380,3807,273,9621.52
CAMP_02959,2023-09-04 20:04:56.699339872,Facebook,Display,25-34,Retail,7,Mobile,North America,Q3,75.15486634895713,13211.55,1616630,34279,2046,94083.42
CAMP_02960,2023-09-05 01:02:47.793558712,Twitter,Video,55+,Travel,14,Mobile,Asia,Q3,80.2106553407671,5502.78,422225,10946,316,7167.57
CAMP_02961,2023-09-05 06:00:38.887777560,Google,Social,18-24,Technology,14,Desktop,Asia,Q3,75.9452487683769,7275.31,758274,14696,1118,77675.76
CAMP_02962,2023-09-05 10:58:29.981996400,Facebook,Display,18-24,Retail,90,Mobile,Asia,Q3,46.049727746415655,2264.77,227164,3285,157,3669.15
CAMP_02963,2023-09-05 15:56:21.076215248,Facebook,Video,45-54,Finance,30,Mobile,Asia,Q3,66.21664458232321,9037.89,1063435,28669,2708,235483.7
CAMP_02964,2023-09-05 20:54:12.170434088,TikTok,Search,25-34,Technology,30,Mobile,Europe,Q3,81.95388521884668,1377.49,129117,4418,399,13006.83
CAMP_02965,2023-09-06 01:52:03.264652936,Twitter,Search,18-24,Healthcare,7,Mobile,Other,Q3,76.56674935563582,2852.65,271957,7107,531,11129.46
CAMP_02966,2023-09-06 06:49:54.358871776,LinkedIn,Video,25-34,Entertainment,7,Mobile,Asia,Q3,63.891020147367705,2236.89,175822,5006,189,4555.96
CAMP_02967,2023-09-06 11:47:45.453090624,LinkedIn,Display,25-34,Education,60,Desktop,Europe,Q3,70.40092988387788,13299.67,1094282,32787,2411,77342.33
CAMP_02968,2023-09-06 16:45:36.547309464,Instagram,Video,45-54,Finance,30,Mobile,Latin America,Q3,100.0,13327.04,1301234,50315,2993,63615.93
CAMP_02969,2023-09-06 21:43:27.641528304,TikTok,Search,35-44,Finance,7,Desktop,Latin America,Q3,76.78886434312692,2516.08,221916,7436,338,14936.51
CAMP_02970,2023-09-07 02:41:18.735747152,Instagram,Social,25-34,Retail,14,Tablet,Asia,Q3,53.696812856047025,6090.4,697979,15657,598,42058.6
CAMP_02971,2023-09-07 07:39:09.829965992,Facebook,Native,35-44,Retail,30,Mobile,Europe,Q3,58.51925987470806,1572.37,187435,3369,112,2681.61
CAMP_02972,2023-09-07 12:37:00.924184840,Google,Search,55+,Healthcare,60,Desktop,Europe,Q3,38.91697206817106,9168.18,1146387,21005,1371,64706.4
CAMP_02973,2023-09-07 17:34:52.018403680,Twitter,Display,45-54,Retail,7,Desktop,North America,Q3,100.0,164.45,10719,320,28,888.41
CAMP_02974,2023-09-07 22:32:43.112622528,LinkedIn,Native,25-34,Entertainment,30,Tablet,North America,Q3,92.07739450887087,38551.3,2839213,113514,10371,162822.26
CAMP_02975,2023-09-08 03:30:34.206841368,Facebook,Search,55+,Healthcare,30,Mobile,Europe,Q3,61.66426072544228,8519.05,1062291,28386,2261,107753.52
CAMP_02976,2023-09-08 08:28:25.301060216,Google,Display,45-54,Retail,90,Desktop,Europe,Q3,100.0,94.73,12642,252,21,4719.89
CAMP_02977,2023-09-08 13:26:16.395279056,Twitter,Native,18-24,Healthcare,60,Tablet,North America,Q3,72.64800089909954,404.19,30298,616,18,725.99
CAMP_02978,2023-09-08 18:24:07.489497904,Google,Social,18-24,Retail,14,Mobile,Latin America,Q3,51.38307164768364,14177.44,1373797,26571,1323,82555.92
CAMP_02979,2023-09-08 23:21:58.583716744,LinkedIn,Social,25-34,Finance,30,Mobile,Europe,Q3,78.12905081039595,3104.47,253234,10107,544,34844.77
CAMP_02980,2023-09-09 04:19:49.677935592,TikTok,Social,45-54,Entertainment,30,Tablet,Europe,Q3,67.97286943593303,13599.4,1050646,25306,1007,22944.67
CAMP_02981,2023-09-09 09:17:40.772154432,Facebook,Display,25-34,Finance,30,Desktop,Europe,Q3,76.75713556552799,7090.89,870228,30287,2373,166771.73
CAMP_02982,2023-09-09 14:15:31.866373280,Google,Display,35-44,Retail,60,Mobile,North America,Q3,32.61816280687566,3871.23,465518,7010,235,12698.41
CAMP_02983,2023-09-09 19:13:22.960592120,LinkedIn,Search,18-24,Entertainment,60,Desktop,Latin America,Q3,43.7937168560546,84503.6,7463535,122514,5257,330627.47
CAMP_02984,2023-09-10 00:11:14.054810968,Twitter,Display,55+,Retail,7,Mobile,North America,Q3,89.76941660246351,3719.7,306499,5724,163,10338.97
CAMP_02985,2023-09-10 05:09:05.149029808,Instagram,Search,25-34,Entertainment,7,Mobile,Europe,Q3,93.86274983128112,33430.66,3692193,177668,13877,570003.04
CAMP_02986,2023-09-10 10:06:56.243248656,TikTok,Social,55+,Finance,30,Mobile,Europe,Q3,88.30225453936109,35426.44,3864749,80053,7048,428269.82
CAMP_02987,2023-09-10 15:04:47.337467496,Google,Social,55+,Finance,14,Desktop,Europe,Q3,100.0,29531.93,4072939,70862,5259,173411.49
CAMP_02988,2023-09-10 20:02:38.431686336,Instagram,Search,18-24,Education,7,Desktop,Europe,Q3,71.54736596427726,4066.3,484052,13679,1194,39003.11
CAMP_02989,2023-09-11 01:00:29.525905184,LinkedIn,Social,35-44,Entertainment,14,Mobile,North America,Q3,70.14166725660861,28916.97,2426273,70645,3704,70523.78
CAMP_02990,2023-09-11 05:58:20.620124024,Twitter,Social,18-24,Retail,60,Desktop,North America,Q3,41.73586197552375,5138.54,399352,5109,202,2305.32
CAMP_02991,2023-09-11 10:56:11.714342872,Google,Search,55+,Technology,7,Mobile,Europe,Q3,48.3893711830739,4681.68,560370,10831,632,130686.68
CAMP_02992,2023-09-11 15:54:02.808561712,Twitter,Display,35-44,Education,30,Desktop,Asia,Q3,20.234781553808965,37861.3,2825734,44588,707,41636.89
CAMP_02993,2023-09-11 20:51:53.902780560,Instagram,Display,18-24,Retail,7,Mobile,Europe,Q3,53.57027975264587,1207.35,101373,2067,79,2160.46
CAMP_02994,2023-09-12 01:49:44.996999400,Facebook,Display,18-24,Healthcare,7,Mobile,North America,Q3,18.829478223335045,4273.22,466480,5070,107,6718.89
CAMP_02995,2023-09-12 06:47:36.091218248,Google,Video,25-34,Entertainment,14,Desktop,North America,Q3,81.61932341727388,10266.16,1385973,55443,3038,72841.75
CAMP_02996,2023-09-12 11:45:27.185437088,Twitter,Display,55+,Healthcare,7,Mobile,Asia,Q3,67.76797737100905,102328.34,6985910,133549,6482,317633.04
CAMP_02997,2023-09-12 16:43:18.279655936,Google,Display,35-44,Entertainment,60,Desktop,Europe,Q3,19.476615072078197,2893.13,362007,3774,209,14073.07
CAMP_02998,2023-09-12 21:41:09.373874776,Facebook,Search,45-54,Entertainment,60,Mobile,North America,Q3,56.20272615673036,791.59,104335,2838,118,1846.58
CAMP_02999,2023-09-13 02:39:00.468093624,Facebook,Native,25-34,Entertainment,30,Mobile,Asia,Q3,99.35311244697,2565.65,245275,9423,626,27026.06
CAMP_03000,2023-09-13 07:36:51.562312464,Twitter,Video,18-24,Education,14,Mobile,North America,Q3,57.48667698328513,35844.0,2677291,56617,1980,23938.71
CAMP_03001,2023-09-13 12:34:42.656531312,LinkedIn,Social,55+,Healthcare,30,Desktop,Europe,Q3,40.03258112724015,7178.3,561503,9271,320,10125.13
CAMP_03002,2023-09-13 17:32:33.750750152,Twitter,Search,18-24,Finance,7,Mobile,North America,Q3,24.289954613895183,4410.5,313249,4790,152,4372.84
CAMP_03003,2023-09-13 22:30:24.844969000,Facebook,Video,55+,Finance,14,Desktop,Latin America,Q3,24.887067751122224,40439.64,3598592,41797,1639,37724.43
CAMP_03004,2023-09-14 03:28:15.939187840,Instagram,Native,25-34,Entertainment,30,Desktop,North America,Q3,70.71159935712004,2913.07,283482,8112,494,27845.73
CAMP_03005,2023-09-14 08:26:07.033406680,Instagram,Search,18-24,Education,30,Mobile,Europe,Q3,51.3225475535051,3257.66,267852,7717,460,34507.51
CAMP_03006,2023-09-14 13:23:58.127625528,Twitter,Display,35-44,Technology,7,Mobile,Other,Q3,52.980117168011226,6298.71,554396,12608,600,36965.08
CAMP_03007,2023-09-14 18:21:49.221844368,TikTok,Social,55+,Technology,14,Mobile,North America,Q3,51.40506673112061,853.11,71638,1382,49,5318.89
CAMP_03008,2023-09-14 23:19:40.316063216,Google,Display,55+,Travel,60,Tablet,Europe,Q3,57.19520101070513,11390.61,1540384,22556,1891,158933.64
CAMP_03009,2023-09-15 04:17:31.410282056,LinkedIn,Search,25-34,Healthcare,14,Mobile,North America,Q3,35.45674002593904,98119.37,7989558,161857,6428,693417.99
CAMP_03010,2023-09-15 09:15:22.504500904,Google,Video,25-34,Retail,60,Mobile,North America,Q3,66.32209987378756,24624.46,2484620,58373,5584,369659.02
CAMP_03011,2023-09-15 14:13:13.598719744,Instagram,Social,35-44,Entertainment,90,Mobile,Europe,Q3,31.54587512486611,774.89,71386,1230,54,1529.16
CAMP_03012,2023-09-15 19:11:04.692938592,Facebook,Search,35-44,Travel,30,Desktop,Latin America,Q3,44.883150839174924,611.07,67076,1694,116,4277.08
CAMP_03013,2023-09-16 00:08:55.787157432,Facebook,Search,45-54,Education,14,Desktop,Europe,Q3,80.21655395330248,15007.7,1867092,52428,2929,488676.76
CAMP_03014,2023-09-16 05:06:46.881376280,Facebook,Display,25-34,Entertainment,30,Tablet,Europe,Q3,67.52409999450377,7603.54,775130,20108,1648,59415.43
CAMP_03015,2023-09-16 10:04:37.975595120,Instagram,Search,55+,Technology,7,Desktop,Europe,Q3,73.71363692402765,19593.96,1866340,57303,2303,100914.69
CAMP_03016,2023-09-16 15:02:29.069813968,Facebook,Social,35-44,Education,14,Mobile,Europe,Q3,100.0,4164.48,397648,13398,1514,37412.05
CAMP_03017,2023-09-16 20:00:20.164032808,LinkedIn,Search,45-54,Finance,30,Mobile,Europe,Q3,58.806919793910055,48750.59,3723020,76343,2079,19667.39
CAMP_03018,2023-09-17 00:58:11.258251656,Facebook,Search,35-44,Education,14,Desktop,North America,Q3,60.42920520049955,12218.87,1305728,46131,3391,114640.93
CAMP_03019,2023-09-17 05:56:02.352470496,Google,Search,25-34,Technology,14,Tablet,North America,Q3,54.71358088299319,17582.06,2414660,77847,3326,82038.7
CAMP_03020,2023-09-17 10:53:53.446689344,Twitter,Social,55+,Retail,30,Mobile,Europe,Q3,51.13171705215706,88386.87,8380899,152152,7732,104098.51
CAMP_03021,2023-09-17 15:51:44.540908184,Facebook,Search,35-44,Finance,30,Mobile,Latin America,Q3,39.78818345212427,191306.31,18765553,533788,34792,917446.05
CAMP_03022,2023-09-17 20:49:35.635127024,Facebook,Social,45-54,Technology,7,Desktop,North America,Q3,61.681296223917045,3926.26,498081,7822,363,22783.33
CAMP_03023,2023-09-18 01:47:26.729345872,LinkedIn,Social,55+,Entertainment,14,Mobile,Europe,Q3,67.10097213192313,6509.59,631684,9459,478,13938.31
CAMP_03024,2023-09-18 06:45:17.823564712,Facebook,Search,35-44,Travel,14,Mobile,North America,Q3,68.21540678385793,16943.83,1569488,53786,3285,265205.84
CAMP_03025,2023-09-18 11:43:08.917783560,Google,Display,35-44,Entertainment,14,Tablet,North America,Q3,61.28727653734156,665.02,95639,1649,148,4753.55
CAMP_03026,2023-09-18 16:41:00.012002400,Facebook,Search,18-24,Education,30,Desktop,Europe,Q3,78.52341609639964,42768.58,4701085,155120,13053,1335733.88
CAMP_03027,2023-09-18 21:38:51.106221248,TikTok,Social,18-24,Finance,30,Mobile,Asia,Q3,60.58873381484774,25490.23,2586132,44248,2342,43327.16
CAMP_03028,2023-09-19 02:36:42.200440088,Instagram,Display,25-34,Entertainment,30,Mobile,Europe,Q3,51.813962235320766,12994.36,1322777,28595,1217,66369.27
CAMP_03029,2023-09-19 07:34:33.294658936,LinkedIn,Search,25-34,Education,7,Mobile,North America,Q3,41.46023636050964,7345.83,669392,15176,654,42662.69
CAMP_03030,2023-09-19 12:32:24.388877776,Instagram,Social,25-34,Entertainment,7,Tablet,Latin America,Q3,29.020495768441425,15447.37,1341601,27468,1158,49224.22
CAMP_03031,2023-09-19 17:30:15.483096624,Google,Display,25-34,Finance,14,Tablet,North America,Q3,89.20830355872971,1258.47,165677,3498,270,20726.51
CAMP_03032,2023-09-19 22:28:06.577315464,Facebook,Search,25-34,Healthcare,14,Desktop,Asia,Q3,46.01890749025338,7056.06,829998,27949,957,61438.27
CAMP_03033,2023-09-20 03:25:57.671534312,LinkedIn,Display,25-34,Entertainment,7,Mobile,Asia,Q3,41.486657134254145,11949.39,951600,16149,384,4255.13
CAMP_03034,2023-09-20 08:23:48.765753152,Google,Video,18-24,Technology,14,Mobile,Asia,Q3,51.64923543346054,3348.35,457346,6588,225,20030.04
CAMP_03035,2023-09-20 13:21:39.859972000,Facebook,Social,18-24,Education,7,Desktop,Latin America,Q3,54.432224269324074,10662.9,950825,18180,989,80963.74
CAMP_03036,2023-09-20 18:19:30.954190840,Facebook,Video,35-44,Travel,30,Mobile,Asia,Q3,92.77024871805547,512.49,51291,1920,140,8517.59
CAMP_03037,2023-09-20 23:17:22.048409688,Facebook,Display,35-44,Finance,30,Desktop,North America,Q3,53.43705793817658,3335.2,355717,8540,348,17358.74
CAMP_03038,2023-09-21 04:15:13.142628528,TikTok,Social,25-34,Entertainment,30,Desktop,North America,Q3,100.0,202849.45,20421956,597307,50889,1093081.32
CAMP_03039,2023-09-21 09:13:04.236847368,Google,Display,35-44,Entertainment,7,Mobile,North America,Q3,61.27394409306365,143551.42,19993412,340620,11569,1100200.26
CAMP_03040,2023-09-21 14:10:55.331066216,Instagram,Native,45-54,Entertainment,60,Tablet,North America,Q3,100.0,3602.14,398881,12148,576,34598.43
CAMP_03041,2023-09-21 19:08:46.425285056,Google,Native,25-34,Healthcare,90,Mobile,Latin America,Q3,77.87858562861442,5570.06,802005,18328,1247,83041.36
CAMP_03042,2023-09-22 00:06:37.519503904,TikTok,Display,35-44,Education,14,Desktop,North America,Q3,67.22074839689523,28443.83,3038225,87770,4922,273818.29
CAMP_03043,2023-09-22 05:04:28.613722744,Google,Video,55+,Finance,30,Mobile,Asia,Q3,91.55696266474975,75001.87,9042395,267335,31834,2370583.53
CAMP_03044,2023-09-22 10:02:19.707941592,Facebook,Social,45-54,Retail,60,Desktop,Asia,Q3,82.44459587880598,13603.73,1548598,40322,4325,327434.72
CAMP_03045,2023-09-22 15:00:10.802160432,LinkedIn,Search,25-34,Education,30,Desktop,Asia,Q3,72.69358168372177,682351.13,65412911,2847413,149092,3590650.49
CAMP_03046,2023-09-22 19:58:01.896379280,LinkedIn,Video,35-44,Entertainment,14,Mobile,Europe,Q3,100.0,12545.62,1094620,32850,2032,143368.62
CAMP_03047,2023-09-23 00:55:52.990598120,Facebook,Social,25-34,Education,14,Mobile,Asia,Q3,50.03214576092754,1534.95,163951,4177,200,5693.09
CAMP_03048,2023-09-23 05:53:44.084816968,Facebook,Video,35-44,Retail,30,Mobile,North America,Q3,40.10172648076536,11641.99,1267263,22930,851,60410.49
CAMP_03049,2023-09-23 10:51:35.179035808,Facebook,Social,55+,Retail,14,Mobile,Asia,Q3,46.47538516376092,6443.7,717860,8159,512,21290.36
CAMP_03050,2023-09-23 15:49:26.273254656,Facebook,Video,35-44,Travel,60,Desktop,North America,Q3,95.04546380167109,4597.89,458292,14483,1573,130644.63
CAMP_03051,2023-09-23 20:47:17.367473496,Google,Video,55+,Retail,30,Mobile,Latin America,Q3,89.01520042172191,22202.49,2407733,64806,7600,1062120.08
CAMP_03052,2023-09-24 01:45:08.461692344,Instagram,Display,25-34,Education,14,Mobile,North America,Q3,49.49476201039229,106488.34,9155274,233423,12937,186512.84
CAMP_03053,2023-09-24 06:42:59.555911184,Facebook,Native,55+,Education,30,Mobile,North America,Q3,12.90697424812268,2496.19,235632,1809,61,4890.21
CAMP_03054,2023-09-24 11:40:50.650130032,Facebook,Search,35-44,Entertainment,30,Desktop,Europe,Q3,55.88309927242556,3915.29,442202,10641,358,25036.47
CAMP_03055,2023-09-24 16:38:41.744348872,LinkedIn,Social,18-24,Retail,7,Desktop,Asia,Q3,39.73471382817456,53572.28,3950076,60416,2562,23834.05
CAMP_03056,2023-09-24 21:36:32.838567712,TikTok,Display,35-44,Entertainment,14,Mobile,Asia,Q3,50.12128057021092,125700.35,10506423,264488,12687,380539.18
CAMP_03057,2023-09-25 02:34:23.932786560,Instagram,Display,25-34,Education,60,Desktop,North America,Q3,38.911819045081636,544.55,50032,909,38,1066.25
CAMP_03058,2023-09-25 07:32:15.027005400,Google,Display,18-24,Finance,30,Desktop,North America,Q3,27.80923846041953,40374.88,5084949,59509,1949,141876.08
CAMP_03059,2023-09-25 12:30:06.121224248,Google,Search,45-54,Finance,14,Mobile,North America,Q3,97.66408736661802,9994.65,1093544,51146,3535,98955.31
CAMP_03060,2023-09-25 17:27:57.215443088,TikTok,Search,25-34,Finance,7,Desktop,Europe,Q3,46.32663592113163,35420.8,3538843,128107,6095,460574.46
CAMP_03061,2023-09-25 22:25:48.309661936,Facebook,Search,45-54,Retail,30,Mobile,Europe,Q3,88.25335606518334,11373.56,1272158,49506,3094,310635.72
CAMP_03062,2023-09-26 03:23:39.403880776,Google,Display,25-34,Education,30,Mobile,Europe,Q3,55.57258180306285,21915.82,2457899,55372,3135,89256.07
CAMP_03063,2023-09-26 08:21:30.498099624,Instagram,Native,25-34,Education,14,Mobile,Asia,Q3,37.383915908951124,3773.61,373393,6732,316,7078.98
CAMP_03064,2023-09-26 13:19:21.592318464,Instagram,Display,55+,Travel,30,Mobile,Europe,Q3,70.18136779858006,1590.36,182117,2585,227,13342.21
CAMP_03065,2023-09-26 18:17:12.686537312,Instagram,Native,25-34,Healthcare,7,Desktop,Latin America,Q3,52.178862861341415,71404.84,8206422,215225,6619,521479.23
CAMP_03066,2023-09-26 23:15:03.780756152,Facebook,Video,35-44,Entertainment,7,Mobile,North America,Q3,55.85797788673506,8223.41,791876,16421,965,64339.15
CAMP_03067,2023-09-27 04:12:54.874975000,Google,Search,35-44,Technology,30,Mobile,Europe,Q3,62.898118686795364,5994.44,767188,22999,1948,129792.74
CAMP_03068,2023-09-27 09:10:45.969193840,TikTok,Display,35-44,Entertainment,7,Mobile,Europe,Q3,43.75574328502622,185033.18,14256368,321516,12551,749880.04
CAMP_03069,2023-09-27 14:08:37.063412688,Facebook,Search,55+,Healthcare,60,Desktop,North America,Q3,27.577272917592815,3756.2,459767,7129,381,7122.83
CAMP_03070,2023-09-27 19:06:28.157631528,LinkedIn,Search,35-44,Travel,7,Desktop,Europe,Q3,58.97460770531325,7925.02,745555,21286,1092,135850.02
CAMP_03071,2023-09-28 00:04:19.251850376,LinkedIn,Search,25-34,Education,30,Mobile,North America,Q3,79.27835405267672,2135.22,181861,5219,275,5842.13
CAMP_03072,2023-09-28 05:02:10.346069216,Instagram,Search,45-54,Travel,14,Desktop,North America,Q3,41.96817482176489,4044.04,400799,10001,312,23024.05
CAMP_03073,2023-09-28 10:00:01.440288064,Facebook,Social,25-34,Education,14,Tablet,Europe,Q3,63.079245325312705,32841.13,3087916,92344,4474,91988.66
CAMP_03074,2023-09-28 14:57:52.534506904,Facebook,Search,35-44,Education,30,Mobile,North America,Q3,90.11014297098393,980.6,88312,4532,319,26109.15
CAMP_03075,2023-09-28 19:55:43.628725744,Instagram,Social,55+,Retail,14,Desktop,North America,Q3,58.20470225452304,13967.23,1512943,27418,1941,55225.38
CAMP_03076,2023-09-29 00:53:34.722944592,Twitter,Display,35-44,Education,30,Mobile,Europe,Q3,61.72188743591718,5241.05,357406,9784,261,3694.17
CAMP_03077,2023-09-29 05:51:25.817163432,TikTok,Search,45-54,Healthcare,30,Mobile,Europe,Q3,61.10424707200772,52707.91,5870995,151598,6656,496373.03
CAMP_03078,2023-09-29 10:49:16.911382280,Google,Search,35-44,Finance,30,Mobile,North America,Q3,46.3531114821388,53529.45,5216266,155415,6681,513825.0
CAMP_03079,2023-09-29 15:47:08.005601120,Google,Display,45-54,Retail,30,Mobile,North America,Q3,40.13290963133248,4622.9,478814,8163,569,28462.59
CAMP_03080,2023-09-29 20:44:59.099819968,TikTok,Search,55+,Entertainment,30,Tablet,Europe,Q3,40.21475261357851,79591.8,6792018,98301,5466,296985.5
CAMP_03081,2023-09-30 01:42:50.194038808,LinkedIn,Display,25-34,Technology,30,Mobile,Asia,Q3,67.36366394014547,1882.35,198487,4149,285,46518.05
CAMP_03082,2023-09-30 06:40:41.288257656,Twitter,Video,25-34,Finance,30,Desktop,Latin America,Q3,75.15744723865488,268.94,22283,726,43,2729.01
CAMP_03083,2023-09-30 11:38:32.382476496,Google,Display,35-44,Entertainment,60,Mobile,North America,Q3,76.10164476875704,107258.67,11041026,255741,14722,1313487.86
CAMP_03084,2023-09-30 16:36:23.476695344,Instagram,Video,45-54,Travel,14,Desktop,North America,Q3,52.42914292489075,1055.33,91432,1676,94,5665.13
CAMP_03085,2023-09-30 21:34:14.570914184,LinkedIn,Search,25-34,Education,30,Mobile,North America,Q3,81.86617081861293,14284.76,1227429,43871,3200,95116.61
CAMP_03086,2023-10-01 02:32:05.665133032,LinkedIn,Search,18-24,Finance,7,Desktop,Europe,Q4,66.14727639020853,553.82,52295,1147,92,1818.85
CAMP_03087,2023-10-01 07:29:56.759351872,Facebook,Native,25-34,Finance,14,Mobile,Europe,Q4,61.414844435820385,6804.22,791426,23834,2078,82318.38
CAMP_03088,2023-10-01 12:27:47.853570720,Google,Social,55+,Technology,14,Desktop,Europe,Q4,1.0,21841.49,3059754,19477,989,59338.51
CAMP_03089,2023-10-01 17:25:38.947789560,Instagram,Video,35-44,Technology,60,Desktop,Asia,Q4,43.65180776787234,2196.15,214621,5692,398,31631.04
CAMP_03090,2023-10-01 22:23:30.042008408,Facebook,Social,25-34,Retail,30,Desktop,Asia,Q4,29.578041955254484,4245.41,555282,9968,362,27523.73
CAMP_03091,2023-10-02 03:21:21.136227248,Facebook,Social,25-34,Travel,30,Mobile,Other,Q4,72.54147014128219,392.33,47320,1517,180,15389.16
CAMP_03092,2023-10-02 08:19:12.230446088,TikTok,Search,25-34,Healthcare,7,Mobile,North America,Q4,61.900666638600654,3770.81,328270,13969,758,53877.19
CAMP_03093,2023-10-02 13:17:03.324664936,Facebook,Search,25-34,Retail,14,Desktop,North America,Q4,38.56027227229782,68719.85,8945959,228668,13520,849148.26
CAMP_03094,2023-10-02 18:14:54.418883776,Twitter,Native,18-24,Technology,60,Mobile,North America,Q4,66.08725116935324,25650.03,2358645,50143,3463,279674.57
CAMP_03095,2023-10-02 23:12:45.513102624,Google,Search,55+,Healthcare,14,Mobile,North America,Q4,31.53015267587305,3835.92,435056,9376,579,29915.22
CAMP_03096,2023-10-03 04:10:36.607321464,LinkedIn,Native,55+,Healthcare,7,Mobile,Latin America,Q4,39.12473803464832,66618.73,6040464,105825,6204,224680.45
CAMP_03097,2023-10-03 09:08:27.701540312,TikTok,Video,25-34,Retail,14,Mobile,North America,Q4,45.79557338270119,11547.9,1033898,25592,1087,61066.95
CAMP_03098,2023-10-03 14:06:18.795759152,Google,Display,18-24,Travel,30,Mobile,Europe,Q4,70.8027264368973,22216.17,2551089,40435,2381,122087.28
CAMP_03099,2023-10-03 19:04:09.889978000,Google,Search,25-34,Technology,14,Desktop,North America,Q4,87.98883358407807,42840.99,6126296,240778,19008,946267.8
CAMP_03100,2023-10-04 00:02:00.984196840,Facebook,Search,35-44,Retail,14,Mobile,North America,Q4,48.279831033121305,5490.96,535769,12176,616,129566.94
CAMP_03101,2023-10-04 04:59:52.078415688,Google,Social,25-34,Retail,30,Mobile,North America,Q4,86.44917283216554,2415.08,250969,7347,759,28735.36
CAMP_03102,2023-10-04 09:57:43.172634528,LinkedIn,Native,25-34,Healthcare,14,Mobile,North America,Q4,60.94807101222921,6618.29,704677,20609,1636,53988.91
CAMP_03103,2023-10-04 14:55:34.266853376,TikTok,Display,25-34,Retail,30,Mobile,Europe,Q4,64.72276321850447,267.43,22966,738,65,4474.89
CAMP_03104,2023-10-04 19:53:25.361072216,Facebook,Video,45-54,Retail,7,Desktop,Other,Q4,58.72390884545112,119121.19,13558729,229464,13932,968025.14
CAMP_03105,2023-10-05 00:51:16.455291064,Facebook,Social,45-54,Technology,14,Mobile,Europe,Q4,56.05372493227869,7355.42,770677,12903,807,34363.68
CAMP_03106,2023-10-05 05:49:07.549509904,Facebook,Search,35-44,Healthcare,30,Desktop,Europe,Q4,68.7860007347785,1105.49,105664,3825,163,13024.71
CAMP_03107,2023-10-05 10:46:58.643728752,LinkedIn,Display,25-34,Retail,60,Mobile,North America,Q4,74.80642372364089,850.98,63353,1815,175,5910.6
CAMP_03108,2023-10-05 15:44:49.737947592,Google,Search,55+,Technology,30,Mobile,Asia,Q4,42.30777392728293,375.21,46613,676,65,1408.43
CAMP_03109,2023-10-05 20:42:40.832166432,Instagram,Social,55+,Finance,30,Mobile,North America,Q4,56.213990608609876,1465.15,137452,2606,140,4556.47
CAMP_03110,2023-10-06 01:40:31.926385280,Instagram,Social,25-34,Retail,14,Mobile,Latin America,Q4,93.3855019444653,868.19,96468,2938,129,3802.48
CAMP_03111,2023-10-06 06:38:23.020604120,Instagram,Search,25-34,Finance,7,Desktop,Europe,Q4,63.543773086370464,7538.24,673790,30766,1565,86808.27
CAMP_03112,2023-10-06 11:36:14.114822968,Google,Display,35-44,Retail,14,Mobile,North America,Q4,65.73387708858297,30873.59,3648855,78890,9021,392684.13
CAMP_03113,2023-10-06 16:34:05.209041808,LinkedIn,Native,18-24,Retail,60,Desktop,Europe,Q4,83.34537077934854,1107.73,96065,1690,68,2558.06
CAMP_03114,2023-10-06 21:31:56.303260656,Google,Search,25-34,Finance,60,Tablet,Other,Q4,49.975110014306765,2221.59,231762,5523,255,12730.8
CAMP_03115,2023-10-07 02:29:47.397479496,Google,Search,35-44,Technology,90,Desktop,North America,Q4,59.32078756197496,20158.0,2122225,51388,6045,158866.16
CAMP_03116,2023-10-07 07:27:38.491698344,Twitter,Display,35-44,Retail,7,Mobile,North America,Q4,76.33689793197159,2715.49,251524,5276,456,25144.58
CAMP_03117,2023-10-07 12:25:29.585917184,LinkedIn,Social,25-34,Finance,30,Mobile,North America,Q4,84.77804462556685,1144.94,117256,3543,317,17118.18
CAMP_03118,2023-10-07 17:23:20.680136032,Google,Display,35-44,Travel,30,Tablet,Europe,Q4,12.69713412989173,12945.94,1456396,22840,1092,78637.24
CAMP_03119,2023-10-07 22:21:11.774354872,Google,Display,55+,Entertainment,30,Desktop,North America,Q4,45.266624182092535,22282.82,2882804,34267,1706,48671.29
CAMP_03120,2023-10-08 03:19:02.868573720,Google,Search,25-34,Education,30,Desktop,Asia,Q4,40.03269387301451,16132.36,1842263,55745,2836,119916.01
CAMP_03121,2023-10-08 08:16:53.962792560,Facebook,Display,35-44,Education,30,Mobile,Latin America,Q4,57.523497932159046,157524.21,19284643,451229,16848,939301.89
CAMP_03122,2023-10-08 13:14:45.057011408,Google,Search,18-24,Travel,14,Desktop,Latin America,Q4,41.54654446813064,4138.84,580149,15886,1013,43247.39
CAMP_03123,2023-10-08 18:12:36.151230248,Google,Video,18-24,Entertainment,7,Desktop,North America,Q4,73.28210999019817,5494.82,646673,17572,2303,169721.63
CAMP_03124,2023-10-08 23:10:27.245449096,Facebook,Search,35-44,Healthcare,14,Mobile,Europe,Q4,63.44820682097802,6513.91,830071,27630,1379,76136.49
CAMP_03125,2023-10-09 04:08:18.339667936,LinkedIn,Display,18-24,Technology,7,Desktop,North America,Q4,77.78380338708328,24559.7,1822264,30233,1640,101465.91
CAMP_03126,2023-10-09 09:06:09.433886776,Instagram,Video,18-24,Retail,14,Mobile,Europe,Q4,79.06015914747135,49453.62,5139693,98507,6767,186804.38
CAMP_03127,2023-10-09 14:04:00.528105624,LinkedIn,Video,25-34,Entertainment,7,Mobile,Asia,Q4,73.58172036831698,6840.59,606095,24576,2309,89367.9
CAMP_03128,2023-10-09 19:01:51.622324464,Google,Native,35-44,Travel,14,Desktop,Europe,Q4,53.28418897779951,4226.29,535657,9884,577,42743.09
CAMP_03129,2023-10-09 23:59:42.716543312,TikTok,Social,45-54,Finance,30,Mobile,Latin America,Q4,62.08555077513246,16568.13,1393064,24184,1724,23219.29
CAMP_03130,2023-10-10 04:57:33.810762152,Twitter,Display,25-34,Entertainment,60,Mobile,Asia,Q4,50.782521893603956,1578.49,140063,3243,140,1199.96
CAMP_03131,2023-10-10 09:55:24.904981000,Twitter,Social,35-44,Finance,60,Mobile,North America,Q4,32.70529372060418,1307.37,97449,1382,64,4046.9
CAMP_03132,2023-10-10 14:53:15.999199840,Twitter,Search,25-34,Finance,14,Mobile,Europe,Q4,79.0757569417543,10305.54,875178,44070,2022,57243.24
CAMP_03133,2023-10-10 19:51:07.093418688,TikTok,Native,35-44,Finance,7,Mobile,North America,Q4,58.31870745461406,4162.13,466056,7661,657,29218.25
CAMP_03134,2023-10-11 00:48:58.187637528,Instagram,Display,25-34,Finance,7,Tablet,North America,Q4,29.947760717507744,17715.41,2124004,44822,3018,232216.76
CAMP_03135,2023-10-11 05:46:49.281856376,Google,Search,35-44,Technology,90,Mobile,North America,Q4,70.73899142175202,33391.07,4361035,175974,17408,846356.63
CAMP_03136,2023-10-11 10:44:40.376075216,Instagram,Video,55+,Entertainment,30,Mobile,Latin America,Q4,55.52102164754504,18635.36,2017738,32454,2332,169997.28
CAMP_03137,2023-10-11 15:42:31.470294064,LinkedIn,Display,55+,Education,7,Desktop,Europe,Q4,18.803920547582422,33030.97,2750510,33183,683,34243.97
CAMP_03138,2023-10-11 20:40:22.564512904,LinkedIn,Native,18-24,Education,60,Mobile,Asia,Q4,32.52541455070643,100636.13,7932313,139006,5118,148965.54
CAMP_03139,2023-10-12 01:38:13.658731752,Instagram,Search,45-54,Technology,14,Mobile,Asia,Q4,45.987776826778074,5638.6,469681,12163,688,33015.24
CAMP_03140,2023-10-12 06:36:04.752950592,Google,Display,18-24,Education,60,Mobile,Asia,Q4,64.21024116887772,17178.75,1976078,25695,2044,182831.9
CAMP_03141,2023-10-12 11:33:55.847169440,Facebook,Video,55+,Technology,14,Mobile,Asia,Q4,75.76039970101122,6090.03,686868,17277,2014,46241.89
CAMP_03142,2023-10-12 16:31:46.941388280,TikTok,Social,25-34,Technology,14,Mobile,North America,Q4,75.07537861395113,6141.69,699096,16664,1592,86932.83
CAMP_03143,2023-10-12 21:29:38.035607120,Instagram,Search,25-34,Entertainment,30,Mobile,Asia,Q4,72.05725909860605,35724.11,3768318,173525,8315,661098.48
CAMP_03144,2023-10-13 02:27:29.129825968,Instagram,Display,18-24,Technology,60,Mobile,Europe,Q4,59.31275256616042,12298.74,1309327,29813,1407,30719.44
CAMP_03145,2023-10-13 07:25:20.224044808,Facebook,Native,18-24,Retail,60,Desktop,Europe,Q4,94.44464621196434,188269.24,22037203,600121,46966,540324.13
CAMP_03146,2023-10-13 12:23:11.318263656,Facebook,Video,45-54,Technology,30,Mobile,North America,Q4,73.99742487999772,11000.85,1268660,42210,4805,265526.89
CAMP_03147,2023-10-13 17:21:02.412482496,Twitter,Display,55+,Entertainment,14,Tablet,North America,Q4,64.4421073848458,311.26,24154,445,30,1484.56
CAMP_03148,2023-10-13 22:18:53.506701344,LinkedIn,Native,35-44,Technology,14,Desktop,Latin America,Q4,71.3317621146072,515.65,46936,902,79,2037.18
CAMP_03149,2023-10-14 03:16:44.600920184,Twitter,Display,45-54,Healthcare,90,Mobile,North America,Q4,52.01929993688794,8841.42,600941,10359,292,5544.81
CAMP_03150,2023-10-14 08:14:35.695139032,Facebook,Display,45-54,Entertainment,30,Tablet,Europe,Q4,58.85512797930092,75807.34,7219378,116718,6088,366328.81
CAMP_03151,2023-10-14 13:12:26.789357872,Instagram,Search,25-34,Entertainment,30,Mobile,North America,Q4,18.360919208968767,14587.08,1370635,28487,730,26524.95
CAMP_03152,2023-10-14 18:10:17.883576720,Google,Social,18-24,Education,14,Mobile,North America,Q4,52.26504675044796,3068.69,387704,6825,275,16062.94
CAMP_03153,2023-10-14 23:08:08.977795560,LinkedIn,Video,18-24,Finance,30,Mobile,North America,Q4,95.19776031533547,1037.28,97998,2437,177,26525.36
CAMP_03154,2023-10-15 04:06:00.072014408,Facebook,Native,25-34,Retail,14,Desktop,Europe,Q4,62.96750554574192,5151.76,473763,15064,1535,124258.21
CAMP_03155,2023-10-15 09:03:51.166233248,Facebook,Social,25-34,Technology,30,Mobile,Latin America,Q4,62.13479554723224,6409.87,585547,16186,1233,105626.79
CAMP_03156,2023-10-15 14:01:42.260452096,Instagram,Display,18-24,Finance,60,Mobile,North America,Q4,79.97208190298562,1886.5,170512,3767,283,13363.53
CAMP_03157,2023-10-15 18:59:33.354670936,TikTok,Social,25-34,Entertainment,30,Mobile,North America,Q4,67.15650831244754,4844.78,506790,15822,1195,38127.89
CAMP_03158,2023-10-15 23:57:24.448889784,Google,Display,18-24,Retail,14,Desktop,Europe,Q4,44.2703239148681,2315.13,279510,5495,445,11124.45
CAMP_03159,2023-10-16 04:55:15.543108624,Twitter,Search,55+,Technology,14,Mobile,North America,Q4,60.47315024380647,3010.13,237424,5446,404,8850.73
CAMP_03160,2023-10-16 09:53:06.637327464,Facebook,Social,18-24,Entertainment,7,Mobile,Latin America,Q4,37.29561750642971,1045.74,98634,1768,149,9937.43
CAMP_03161,2023-10-16 14:50:57.731546312,Facebook,Native,35-44,Entertainment,60,Mobile,North America,Q4,63.67224341240568,14279.28,1388266,32318,1425,114540.35
CAMP_03162,2023-10-16 19:48:48.825765152,Google,Video,35-44,Entertainment,14,Desktop,Europe,Q4,43.245000951921185,31128.32,3046170,73434,3614,63131.32
CAMP_03163,2023-10-17 00:46:39.919984000,Facebook,Search,35-44,Education,60,Mobile,Europe,Q4,78.56589224067487,973.28,123440,3509,276,20025.78
CAMP_03164,2023-10-17 05:44:31.014202840,Instagram,Search,18-24,Entertainment,30,Mobile,Asia,Q4,49.79518756457343,22478.49,2114276,40092,2942,124645.73
CAMP_03165,2023-10-17 10:42:22.108421688,Google,Display,25-34,Entertainment,30,Desktop,Europe,Q4,43.5059218173091,76079.14,9682366,214418,11198,335148.49
CAMP_03166,2023-10-17 15:40:13.202640528,Instagram,Display,18-24,Finance,60,Mobile,North America,Q4,57.74336023377043,1039.8,98746,1499,138,9216.89
CAMP_03167,2023-10-17 20:38:04.296859376,TikTok,Video,25-34,Travel,30,Desktop,North America,Q4,67.30783638259426,353929.38,31693083,1003142,83826,4371021.45
CAMP_03168,2023-10-18 01:35:55.391078216,Google,Search,25-34,Healthcare,60,Tablet,Latin America,Q4,35.85336006320317,48777.55,5788845,175194,15156,1202073.52
CAMP_03169,2023-10-18 06:33:46.485297064,LinkedIn,Search,35-44,Technology,7,Desktop,Asia,Q4,49.57466805352827,1833.25,150579,3461,199,8159.3
CAMP_03170,2023-10-18 11:31:37.579515904,Facebook,Display,35-44,Technology,30,Mobile,North America,Q4,62.10324611386806,77307.83,10063677,257992,24737,891112.94
CAMP_03171,2023-10-18 16:29:28.673734752,LinkedIn,Social,35-44,Entertainment,30,Mobile,Asia,Q4,86.76737099073054,618.37,56543,1373,56,1546.55
CAMP_03172,2023-10-18 21:27:19.767953592,Facebook,Social,25-34,Travel,14,Mobile,Europe,Q4,9.4256847141245,6207.33,742063,10421,323,5326.73
CAMP_03173,2023-10-19 02:25:10.862172440,Google,Search,25-34,Retail,30,Tablet,Europe,Q4,72.30326407366476,2058.24,225223,7470,635,24937.32
CAMP_03174,2023-10-19 07:23:01.956391280,Google,Display,45-54,Retail,30,Tablet,North America,Q4,52.32868871187785,15226.49,1667353,24608,1617,38116.93
CAMP_03175,2023-10-19 12:20:53.050610128,Google,Search,25-34,Education,60,Mobile,Asia,Q4,50.10779306208664,2047.56,197716,7268,629,11739.61
CAMP_03176,2023-10-19 17:18:44.144828968,Google,Display,45-54,Travel,14,Desktop,North America,Q4,46.37746079728483,21483.87,2434384,34156,3395,315608.93
CAMP_03177,2023-10-19 22:16:35.239047816,LinkedIn,Display,45-54,Technology,30,Desktop,Asia,Q4,52.72208832731488,25332.39,1997318,43764,1313,44214.73
CAMP_03178,2023-10-20 03:14:26.333266656,Twitter,Social,25-34,Technology,14,Mobile,North America,Q4,72.41634401823988,402.79,33233,1030,73,2756.31
CAMP_03179,2023-10-20 08:12:17.427485496,Twitter,Video,25-34,Entertainment,30,Mobile,Asia,Q4,49.264270576894496,659.77,52691,1755,121,6959.39
CAMP_03180,2023-10-20 13:10:08.521704344,LinkedIn,Video,35-44,Technology,14,Mobile,North America,Q4,93.17184031627245,3493.22,361769,10651,904,37465.98
CAMP_03181,2023-10-20 18:07:59.615923184,Google,Video,18-24,Education,30,Mobile,North America,Q4,72.47733568584809,71526.99,7458577,144163,16941,3467033.19
CAMP_03182,2023-10-20 23:05:50.710142032,Facebook,Display,18-24,Retail,14,Desktop,North America,Q4,63.95944250305741,1235.28,124493,2275,178,14072.16
CAMP_03183,2023-10-21 04:03:41.804360872,Facebook,Video,18-24,Retail,7,Tablet,North America,Q4,56.67887764366753,13036.07,1346790,28900,1078,42251.09
CAMP_03184,2023-10-21 09:01:32.898579720,Google,Native,25-34,Technology,7,Mobile,Europe,Q4,83.79708407656204,59843.96,6663518,153897,8165,149282.16
CAMP_03185,2023-10-21 13:59:23.992798560,Instagram,Display,35-44,Technology,7,Mobile,North America,Q4,86.72039373516631,5871.93,519069,10506,803,59496.68
CAMP_03186,2023-10-21 18:57:15.087017408,Instagram,Video,45-54,Retail,30,Mobile,Other,Q4,36.77235705491511,525.79,44751,913,38,1425.77
CAMP_03187,2023-10-21 23:55:06.181236248,Facebook,Display,25-34,Retail,60,Desktop,Europe,Q4,45.9620378920182,456.52,55555,1385,56,2432.29
CAMP_03188,2023-10-22 04:52:57.275455096,Facebook,Native,55+,Entertainment,7,Desktop,Europe,Q4,72.69260412784055,1773.6,181063,4024,487,33951.64
CAMP_03189,2023-10-22 09:50:48.369673936,Twitter,Search,55+,Retail,7,Mobile,North America,Q4,78.73361888888044,92523.19,6704427,136134,8775,543442.25
CAMP_03190,2023-10-22 14:48:39.463892784,Twitter,Display,55+,Travel,14,Desktop,Europe,Q4,53.99318903381463,49431.75,4231723,61228,4566,78093.56
CAMP_03191,2023-10-22 19:46:30.558111624,Facebook,Social,45-54,Technology,30,Mobile,North America,Q4,45.15110280574994,940.06,120869,2200,89,5430.98
CAMP_03192,2023-10-23 00:44:21.652330472,TikTok,Display,25-34,Entertainment,7,Mobile,Asia,Q4,61.57225251933089,24033.79,2160735,47815,3382,64836.25
CAMP_03193,2023-10-23 05:42:12.746549312,TikTok,Display,18-24,Technology,14,Tablet,North America,Q4,89.53386861491968,937.44,79019,2145,185,4846.64
CAMP_03194,2023-10-23 10:40:03.840768160,Facebook,Display,35-44,Technology,14,Mobile,Asia,Q4,60.82068520104284,5487.33,534279,12106,1089,39843.4
CAMP_03195,2023-10-23 15:37:54.934987000,Facebook,Display,35-44,Healthcare,14,Mobile,North America,Q4,34.72118460349738,34504.18,3351122,52241,4001,94072.07
CAMP_03196,2023-10-23 20:35:46.029205840,Instagram,Display,45-54,Healthcare,14,Mobile,Other,Q4,62.19166455154841,31118.8,2969932,77008,5315,87391.63
CAMP_03197,2023-10-24 01:33:37.123424688,TikTok,Search,55+,Entertainment,14,Mobile,North America,Q4,75.65496142459708,13925.27,1151241,27926,1166,68834.17
CAMP_03198,2023-10-24 06:31:28.217643528,Twitter,Display,35-44,Entertainment,30,Desktop,North America,Q4,57.97245377300484,45170.34,3599506,74736,3731,314110.64
CAMP_03199,2023-10-24 11:29:19.311862376,Google,Search,25-34,Entertainment,30,Desktop,Europe,Q4,85.16333624967821,5928.06,842861,30463,2916,136274.23
CAMP_03200,2023-10-24 16:27:10.406081216,Facebook,Video,25-34,Finance,7,Desktop,Other,Q4,77.31698071034971,5606.26,623748,16798,1108,43319.94
CAMP_03201,2023-10-24 21:25:01.500300064,Instagram,Display,18-24,Education,30,Mobile,Europe,Q4,58.7648215260729,6971.15,784980,10645,360,20909.13
CAMP_03202,2023-10-25 02:22:52.594518904,Instagram,Search,35-44,Healthcare,14,Mobile,North America,Q4,60.86288039280923,4021.57,449554,10394,959,44372.16
CAMP_03203,2023-10-25 07:20:43.688737752,Google,Native,35-44,Travel,60,Mobile,Europe,Q4,23.164805896335523,2801.44,396277,7555,447,13269.53
CAMP_03204,2023-10-25 12:18:34.782956592,Twitter,Display,45-54,Education,14,Desktop,Latin America,Q4,84.20453449824326,1053.79,99588,2774,157,3118.8
CAMP_03205,2023-10-25 17:16:25.877175440,LinkedIn,Search,35-44,Retail,30,Mobile,North America,Q4,53.40965302659378,21171.46,1950634,59623,3574,110873.42
CAMP_03206,2023-10-25 22:14:16.971394280,Twitter,Display,55+,Technology,30,Desktop,North America,Q4,52.00086521447302,3144.53,258916,3227,158,9606.02
CAMP_03207,2023-10-26 03:12:08.065613128,Twitter,Video,35-44,Healthcare,14,Mobile,Asia,Q4,49.00292786945165,4625.53,441314,8586,522,29024.56
CAMP_03208,2023-10-26 08:09:59.159831968,LinkedIn,Video,45-54,Entertainment,60,Mobile,Latin America,Q4,69.13395124980192,772.51,69191,2327,100,5280.26
CAMP_03209,2023-10-26 13:07:50.254050816,Facebook,Display,18-24,Healthcare,14,Mobile,Asia,Q4,37.42613998474681,3616.81,364200,4656,221,3364.04
CAMP_03210,2023-10-26 18:05:41.348269656,Instagram,Display,45-54,Entertainment,30,Tablet,Other,Q4,40.31654436574912,12612.74,1377351,22748,829,13952.59
CAMP_03211,2023-10-26 23:03:32.442488504,Google,Display,35-44,Technology,7,Mobile,North America,Q4,58.949497966012935,257424.5,31891461,878817,54871,3991234.98
CAMP_03212,2023-10-27 04:01:23.536707344,LinkedIn,Social,25-34,Retail,14,Mobile,Europe,Q4,47.46973336830264,1823.11,135289,3981,299,10558.8
CAMP_03213,2023-10-27 08:59:14.630926184,Google,Video,25-34,Retail,30,Mobile,Asia,Q4,66.70467146746164,7854.19,1055301,23464,1479,209656.61
CAMP_03214,2023-10-27 13:57:05.725145032,LinkedIn,Search,55+,Healthcare,14,Mobile,Asia,Q4,48.20221441267634,60261.95,6191899,131771,7129,92729.91
CAMP_03215,2023-10-27 18:54:56.819363872,Google,Display,18-24,Entertainment,14,Mobile,Asia,Q4,91.90072528751173,14681.26,2065452,45542,4194,100057.22
CAMP_03216,2023-10-27 23:52:47.913582720,Google,Search,35-44,Technology,14,Mobile,Latin America,Q4,73.86915013568809,75920.02,8207967,288715,26355,785833.2
CAMP_03217,2023-10-28 04:50:39.007801560,Google,Search,25-34,Healthcare,30,Mobile,North America,Q4,73.61772424757896,10991.74,1191560,40281,4948,290618.42
CAMP_03218,2023-10-28 09:48:30.102020408,Google,Display,35-44,Retail,14,Mobile,North America,Q4,47.90076492357384,15360.11,1563359,25790,1666,59207.2
CAMP_03219,2023-10-28 14:46:21.196239248,LinkedIn,Display,45-54,Retail,7,Mobile,North America,Q4,100.0,3275.58,334117,11311,629,11778.06
CAMP_03220,2023-10-28 19:44:12.290458096,LinkedIn,Social,25-34,Entertainment,30,Mobile,Asia,Q4,51.21977971451344,52350.3,5099427,148573,7223,157764.09
CAMP_03221,2023-10-29 00:42:03.384676936,Instagram,Social,25-34,Technology,14,Desktop,North America,Q4,45.72379445419767,1595.12,137535,2799,226,6601.6
CAMP_03222,2023-10-29 05:39:54.478895784,Google,Display,55+,Entertainment,14,Mobile,Asia,Q4,74.13485193910697,1358.99,155554,3548,401,30160.95
CAMP_03223,2023-10-29 10:37:45.573114624,Google,Video,45-54,Education,7,Mobile,North America,Q4,63.904562658806626,125700.01,17940119,337662,24043,1123108.93
CAMP_03224,2023-10-29 15:35:36.667333472,Google,Social,45-54,Education,14,Mobile,North America,Q4,43.632313815176445,4387.46,517182,8924,884,65309.42
CAMP_03225,2023-10-29 20:33:27.761552312,Google,Display,25-34,Retail,14,Mobile,Europe,Q4,100.0,34276.25,3444087,87714,13774,349783.2
CAMP_03226,2023-10-30 01:31:18.855771160,Twitter,Search,25-34,Finance,60,Desktop,Asia,Q4,79.51198996385676,5781.62,545627,28329,2432,57384.65
CAMP_03227,2023-10-30 06:29:09.949990000,Google,Display,25-34,Entertainment,14,Desktop,North America,Q4,60.08010602535878,81642.14,11725828,355112,39998,7851205.11
CAMP_03228,2023-10-30 11:27:01.044208848,Facebook,Video,45-54,Entertainment,7,Desktop,Asia,Q4,100.0,539.56,68298,2028,144,2591.21
CAMP_03229,2023-10-30 16:24:52.138427688,Google,Search,18-24,Entertainment,7,Mobile,Europe,Q4,76.21560288576505,13732.31,1969688,67806,8251,741798.55
CAMP_03230,2023-10-30 21:22:43.232646528,Google,Search,25-34,Technology,7,Mobile,North America,Q4,59.76198060414213,7735.73,973628,38036,3287,282647.94
CAMP_03231,2023-10-31 02:20:34.326865376,Instagram,Display,18-24,Retail,30,Mobile,North America,Q4,100.0,21184.46,1776029,45138,3369,178245.64
CAMP_03232,2023-10-31 07:18:25.421084216,Instagram,Search,25-34,Healthcare,7,Mobile,Asia,Q4,73.17969466948414,15301.94,1741824,48139,2362,183548.54
CAMP_03233,2023-10-31 12:16:16.515303064,Google,Social,45-54,Entertainment,14,Mobile,North America,Q4,72.3049052464074,6381.91,615643,17385,1809,126810.07
CAMP_03234,2023-10-31 17:14:07.609521904,Google,Search,18-24,Technology,14,Mobile,Latin America,Q4,52.27304745678995,4310.99,525138,10598,978,81910.39
CAMP_03235,2023-10-31 22:11:58.703740752,Facebook,Video,35-44,Retail,60,Desktop,Europe,Q4,60.98826971399294,2418.76,315966,7551,307,17767.11
CAMP_03236,2023-11-01 03:09:49.797959592,Google,Search,55+,Entertainment,14,Mobile,North America,Q4,51.7861400827157,4395.82,429618,10914,521,32630.83
CAMP_03237,2023-11-01 08:07:40.892178440,Google,Social,25-34,Technology,14,Tablet,North America,Q4,88.79471492082905,18466.43,2175645,78477,10740,459044.7
CAMP_03238,2023-11-01 13:05:31.986397280,TikTok,Social,35-44,Retail,30,Mobile,North America,Q4,27.811717131650738,2827.33,322022,5539,260,9663.11
CAMP_03239,2023-11-01 18:03:23.080616128,Instagram,Search,55+,Retail,14,Desktop,Europe,Q4,87.31740866129697,627.2,56150,1700,95,5646.32
CAMP_03240,2023-11-01 23:01:14.174834968,Instagram,Display,55+,Technology,30,Mobile,Europe,Q4,42.45314942604113,8237.38,724315,11065,527,41388.14
CAMP_03241,2023-11-02 03:59:05.269053816,Facebook,Social,25-34,Healthcare,30,Desktop,Asia,Q4,58.841575936729754,3372.58,435862,14792,1022,11713.14
CAMP_03242,2023-11-02 08:56:56.363272656,Facebook,Search,18-24,Technology,14,Mobile,North America,Q4,54.0956722435154,42794.41,3847879,93761,7145,133132.76
CAMP_03243,2023-11-02 13:54:47.457491504,Instagram,Video,18-24,Retail,30,Mobile,North America,Q4,49.59695027009586,4424.14,468755,10077,630,33469.19
CAMP_03244,2023-11-02 18:52:38.551710344,LinkedIn,Search,45-54,Retail,90,Mobile,North America,Q4,73.79568296270986,66349.1,5546454,212705,9856,362102.3
CAMP_03245,2023-11-02 23:50:29.645929192,LinkedIn,Display,45-54,Technology,30,Tablet,North America,Q4,59.89621573342382,30568.64,2571921,51204,2231,47727.16
CAMP_03246,2023-11-03 04:48:20.740148032,Google,Search,35-44,Entertainment,60,Tablet,Europe,Q4,46.64602479702228,34323.54,4644958,162043,16819,515043.45
CAMP_03247,2023-11-03 09:46:11.834366872,Instagram,Display,25-34,Retail,7,Mobile,Other,Q4,63.079910603555874,2365.26,204788,3650,282,20921.83
CAMP_03248,2023-11-03 14:44:02.928585720,Facebook,Search,25-34,Healthcare,14,Desktop,Asia,Q4,46.07826546666981,6310.52,683886,22250,1272,104724.94
CAMP_03249,2023-11-03 19:41:54.022804560,Twitter,Native,35-44,Retail,60,Mobile,Asia,Q4,49.244490019971565,2411.35,166945,3921,154,7697.93
CAMP_03250,2023-11-04 00:39:45.117023408,Instagram,Social,35-44,Technology,14,Mobile,North America,Q4,30.054738219223893,6645.62,716211,14992,904,9307.5
CAMP_03251,2023-11-04 05:37:36.211242248,Instagram,Native,45-54,Retail,90,Mobile,North America,Q4,50.99382013030474,360883.99,42737988,894137,58270,1004021.79
CAMP_03252,2023-11-04 10:35:27.305461096,Google,Native,25-34,Retail,7,Tablet,North America,Q4,69.88409052789069,15135.77,1763707,37632,1795,118859.77
CAMP_03253,2023-11-04 15:33:18.399679936,Instagram,Video,25-34,Entertainment,60,Mobile,North America,Q4,60.74249835916075,11927.93,1094836,23289,1396,50239.97
CAMP_03254,2023-11-04 20:31:09.493898784,Google,Search,25-34,Finance,14,Mobile,Europe,Q4,96.30127337946286,12796.64,1571897,51534,4727,227848.74
CAMP_03255,2023-11-05 01:29:00.588117624,Facebook,Search,25-34,Education,7,Mobile,North America,Q4,100.0,1727.79,163739,6779,403,7129.73
CAMP_03256,2023-11-05 06:26:51.682336472,Google,Social,25-34,Retail,60,Mobile,Latin America,Q4,50.71563207358554,18460.53,2128405,57974,3306,529859.69
CAMP_03257,2023-11-05 11:24:42.776555312,LinkedIn,Display,18-24,Retail,14,Mobile,Other,Q4,43.33364484591423,2127.67,175941,2645,80,4415.82
CAMP_03258,2023-11-05 16:22:33.870774160,Google,Native,25-34,Technology,7,Mobile,North America,Q4,82.59633092717888,85956.64,11159086,302680,38799,1433787.35
CAMP_03259,2023-11-05 21:20:24.964993000,Facebook,Search,18-24,Entertainment,7,Mobile,Asia,Q4,66.7041648406509,30914.85,3683949,101232,11098,530010.14
CAMP_03260,2023-11-06 02:18:16.059211848,Twitter,Social,25-34,Technology,30,Mobile,Asia,Q4,82.71748554029946,1708.5,111268,2592,91,3729.36
CAMP_03261,2023-11-06 07:16:07.153430688,Google,Video,45-54,Finance,90,Mobile,North America,Q4,67.97661462409019,805.78,77938,1605,150,9952.97
CAMP_03262,2023-11-06 12:13:58.247649536,Instagram,Display,25-34,Technology,7,Mobile,Latin America,Q4,56.11284306648451,7434.82,640334,18297,1061,22974.54
CAMP_03263,2023-11-06 17:11:49.341868376,Facebook,Social,35-44,Retail,14,Desktop,North America,Q4,56.22629903562442,142255.39,17340310,434785,27412,2355175.16
CAMP_03264,2023-11-06 22:09:40.436087216,Google,Video,45-54,Travel,7,Mobile,Asia,Q4,68.65553556732101,161.01,17655,358,24,545.76
CAMP_03265,2023-11-07 03:07:31.530306064,Twitter,Social,35-44,Healthcare,30,Desktop,North America,Q4,55.777722085702806,29072.33,2155181,64988,3811,149399.69
CAMP_03266,2023-11-07 08:05:22.624524904,Google,Video,55+,Entertainment,7,Mobile,North America,Q4,84.3900248639574,75469.09,9243121,155663,19142,426295.67
CAMP_03267,2023-11-07 13:03:13.718743752,Instagram,Search,18-24,Entertainment,14,Mobile,Europe,Q4,33.953255209976085,10395.09,950239,23381,609,43870.83
CAMP_03268,2023-11-07 18:01:04.812962592,Instagram,Display,45-54,Finance,7,Mobile,Latin America,Q4,84.28287272122193,69317.17,6879075,176142,17736,444504.19
CAMP_03269,2023-11-07 22:58:55.907181440,Instagram,Search,55+,Retail,30,Desktop,North America,Q4,22.53198504167927,502.74,57340,1104,30,2004.31
CAMP_03270,2023-11-08 03:56:47.001400280,LinkedIn,Search,45-54,Healthcare,60,Desktop,North America,Q4,62.90204572722444,13924.44,1415127,40056,1771,99747.36
CAMP_03271,2023-11-08 08:54:38.095619128,Facebook,Display,25-34,Retail,30,Mobile,Europe,Q4,53.37914538752902,8320.37,803627,13012,1281,84773.55
CAMP_03272,2023-11-08 13:52:29.189837968,Google,Video,25-34,Finance,7,Mobile,North America,Q4,29.67288592697638,10308.1,1316227,34177,1501,133204.97
CAMP_03273,2023-11-08 18:50:20.284056816,LinkedIn,Video,25-34,Healthcare,30,Desktop,Asia,Q4,18.79961166642525,2755.23,217667,3330,184,11737.38
CAMP_03274,2023-11-08 23:48:11.378275656,Instagram,Search,35-44,Entertainment,30,Mobile,Asia,Q4,38.04970659789663,10050.4,835427,17020,1233,27537.5
CAMP_03275,2023-11-09 04:46:02.472494504,Twitter,Search,45-54,Entertainment,7,Desktop,Latin America,Q4,60.913686531206785,10543.69,692571,25308,1161,16117.82
CAMP_03276,2023-11-09 09:43:53.566713344,Twitter,Social,25-34,Entertainment,7,Mobile,Asia,Q4,47.95631742440563,790.89,51440,1185,34,1784.69
CAMP_03277,2023-11-09 14:41:44.660932192,Twitter,Search,35-44,Retail,7,Desktop,Latin America,Q4,39.18102197657644,9278.13,835960,20546,1283,33469.79
CAMP_03278,2023-11-09 19:39:35.755151032,Instagram,Search,35-44,Technology,30,Mobile,Asia,Q4,87.04562165844771,4604.93,410773,20893,1364,94570.42
CAMP_03279,2023-11-10 00:37:26.849369880,Facebook,Display,25-34,Retail,30,Mobile,Latin America,Q4,35.35630644142877,148542.88,15353920,301280,13624,472142.16
CAMP_03280,2023-11-10 05:35:17.943588720,Twitter,Video,45-54,Entertainment,30,Desktop,North America,Q4,73.58234663098892,22835.0,2104043,44968,2859,65094.22
CAMP_03281,2023-11-10 10:33:09.037807568,Facebook,Display,45-54,Travel,14,Mobile,Europe,Q4,42.22005983235591,5215.03,565651,9266,450,36429.2
CAMP_03282,2023-11-10 15:31:00.132026408,Google,Native,18-24,Technology,14,Mobile,Other,Q4,37.543881336828775,2120.29,205473,3352,121,10263.1
CAMP_03283,2023-11-10 20:28:51.226245248,Twitter,Social,35-44,Retail,90,Mobile,Asia,Q4,47.923227461542176,4168.48,394557,9757,343,17339.69
CAMP_03284,2023-11-11 01:26:42.320464096,Twitter,Display,25-34,Finance,14,Mobile,Latin America,Q4,72.39832094408223,198537.39,12829100,250440,20002,2428676.06
CAMP_03285,2023-11-11 06:24:33.414682936,Facebook,Search,35-44,Education,60,Mobile,North America,Q4,32.5706848680384,33544.94,4202618,126240,4097,226133.14
CAMP_03286,2023-11-11 11:22:24.508901784,Google,Social,55+,Healthcare,30,Tablet,Latin America,Q4,65.74910521013403,3679.63,515040,8202,390,20915.15
CAMP_03287,2023-11-11 16:20:15.603120624,Facebook,Search,45-54,Retail,7,Desktop,Asia,Q4,40.78480004657227,46353.99,4231432,115544,8032,441548.3
CAMP_03288,2023-11-11 21:18:06.697339472,Twitter,Video,25-34,Travel,14,Mobile,North America,Q4,44.384662595078964,42448.31,3759549,80306,5239,306609.74
CAMP_03289,2023-11-12 02:15:57.791558312,TikTok,Video,25-34,Education,60,Desktop,North America,Q4,68.0128317808213,27724.51,2194408,85555,4577,312788.95
CAMP_03290,2023-11-12 07:13:48.885777160,Google,Search,25-34,Retail,14,Mobile,North America,Q4,100.0,51314.13,5527845,323058,38795,3445736.3
CAMP_03291,2023-11-12 12:11:39.979996000,Google,Native,35-44,Travel,60,Desktop,Latin America,Q4,41.77966020024802,163.11,20615,408,15,197.09
CAMP_03292,2023-11-12 17:09:31.074214848,Twitter,Search,18-24,Finance,14,Mobile,Asia,Q4,74.39761167314002,47063.57,3174965,105165,3169,105090.37
CAMP_03293,2023-11-12 22:07:22.168433688,Facebook,Video,35-44,Technology,30,Desktop,Latin America,Q4,53.7457524553408,6181.57,756981,17964,736,92994.76
CAMP_03294,2023-11-13 03:05:13.262652536,Instagram,Display,18-24,Finance,60,Desktop,Europe,Q4,50.50513090406407,16075.0,1323218,22470,1346,30949.26
CAMP_03295,2023-11-13 08:03:04.356871376,TikTok,Social,25-34,Education,60,Desktop,Latin America,Q4,81.42752019500307,1337.01,138306,3857,322,13513.56
CAMP_03296,2023-11-13 13:00:55.451090224,Google,Social,25-34,Entertainment,14,Mobile,Europe,Q4,43.129543782802195,13554.14,1426302,39265,2260,87886.96
CAMP_03297,2023-11-13 17:58:46.545309064,Instagram,Search,55+,Retail,30,Mobile,North America,Q4,36.917735464104894,34581.72,2982758,65798,3045,291758.11
CAMP_03298,2023-11-13 22:56:37.639527912,Google,Search,45-54,Travel,7,Mobile,North America,Q4,69.20351590438172,1031.12,137838,5193,475,26761.38
CAMP_03299,2023-11-14 03:54:28.733746752,Facebook,Video,25-34,Retail,14,Mobile,Other,Q4,91.89567592973495,3859.21,405060,15535,2018,54458.49
CAMP_03300,2023-11-14 08:52:19.827965592,Twitter,Social,18-24,Entertainment,14,Mobile,North America,Q4,74.99989410582303,31456.11,2102882,35817,3116,158566.58
CAMP_03301,2023-11-14 13:50:10.922184440,Facebook,Social,35-44,Healthcare,7,Desktop,North America,Q4,31.85965238526933,178701.95,16726955,323088,22880,2376427.07
CAMP_03302,2023-11-14 18:48:02.016403280,TikTok,Display,25-34,Retail,14,Desktop,North America,Q4,47.693339120621644,7591.77,608788,10998,779,43128.54
CAMP_03303,2023-11-14 23:45:53.110622128,Instagram,Social,35-44,Retail,14,Mobile,North America,Q4,79.59196483153617,21150.26,2430905,73365,4453,201541.02
CAMP_03304,2023-11-15 04:43:44.204840968,Facebook,Display,45-54,Education,90,Mobile,Latin America,Q4,91.622204358172,18547.68,1716708,54546,4805,315274.4
CAMP_03305,2023-11-15 09:41:35.299059816,Google,Video,35-44,Finance,30,Desktop,Europe,Q4,64.57422650548843,6028.82,699339,20696,2418,143463.88
CAMP_03306,2023-11-15 14:39:26.393278656,Facebook,Display,35-44,Entertainment,14,Desktop,Europe,Q4,48.41654931784414,14890.99,1517926,25660,1440,90111.09
CAMP_03307,2023-11-15 19:37:17.487497504,Facebook,Display,35-44,Finance,90,Mobile,Latin America,Q4,92.92037678737238,81518.41,7511179,199787,13943,656084.89
CAMP_03308,2023-11-16 00:35:08.581716344,Google,Display,55+,Entertainment,7,Mobile,Europe,Q4,58.508128296896636,10246.63,1204790,16742,1604,46497.52
CAMP_03309,2023-11-16 05:32:59.675935192,Facebook,Search,55+,Finance,14,Desktop,Asia,Q4,47.883828516912786,227984.16,20277072,339463,16281,478517.02
CAMP_03310,2023-11-16 10:30:50.770154032,Facebook,Search,35-44,Technology,30,Desktop,North America,Q4,44.50134923649934,41682.72,4166279,96572,8336,316198.89
CAMP_03311,2023-11-16 15:28:41.864372880,LinkedIn,Search,25-34,Technology,7,Mobile,Other,Q4,36.0996330602229,255646.37,25175426,608815,41575,1573294.45
CAMP_03312,2023-11-16 20:26:32.958591720,LinkedIn,Display,35-44,Education,30,Desktop,North America,Q4,100.0,24541.46,1895479,66103,3251,50724.69
CAMP_03313,2023-11-17 01:24:24.052810568,LinkedIn,Video,25-34,Finance,7,Desktop,Asia,Q4,88.4191573092118,588.41,61500,1644,141,9165.83
CAMP_03314,2023-11-17 06:22:15.147029408,Google,Search,35-44,Technology,7,Mobile,Asia,Q4,46.87413367899445,4605.02,636095,22668,1191,54038.75
CAMP_03315,2023-11-17 11:20:06.241248256,Google,Display,35-44,Travel,7,Desktop,North America,Q4,94.63651853443832,306.52,40317,814,43,3705.83
CAMP_03316,2023-11-17 16:17:57.335467096,LinkedIn,Display,18-24,Entertainment,60,Mobile,North America,Q4,70.66604346806302,20459.58,2045051,30792,2879,160546.27
CAMP_03317,2023-11-17 21:15:48.429685936,Instagram,Social,25-34,Retail,30,Desktop,North America,Q4,69.48216002638296,11408.61,1063309,39176,2736,142890.98
CAMP_03318,2023-11-18 02:13:39.523904784,Google,Social,35-44,Travel,30,Mobile,North America,Q4,45.641659397679426,996.18,100142,2161,154,6012.2
CAMP_03319,2023-11-18 07:11:30.618123624,Twitter,Social,45-54,Entertainment,30,Mobile,Europe,Q4,49.71745643708108,13407.87,874983,19615,1320,38649.4
CAMP_03320,2023-11-18 12:09:21.712342472,Twitter,Search,35-44,Retail,14,Desktop,Other,Q4,59.15151930833518,35645.86,2955068,74061,4273,40443.22
CAMP_03321,2023-11-18 17:07:12.806561312,Instagram,Video,35-44,Technology,30,Desktop,Europe,Q4,20.689020111197543,1786.93,170876,2470,139,8591.32
CAMP_03322,2023-11-18 22:05:03.900780160,Google,Search,25-34,Entertainment,14,Tablet,Europe,Q4,50.26359713201861,3387.74,383904,8431,437,27372.93
CAMP_03323,2023-11-19 03:02:54.994999000,LinkedIn,Display,35-44,Entertainment,7,Mobile,North America,Q4,60.08979262466854,568.97,42517,1085,34,2883.75
CAMP_03324,2023-11-19 08:00:46.089217848,Instagram,Search,25-34,Technology,30,Mobile,North America,Q4,86.19037812934474,12924.45,1330150,73212,3533,184149.61
CAMP_03325,2023-11-19 12:58:37.183436688,Twitter,Video,35-44,Technology,7,Tablet,Europe,Q4,47.669049078628575,18320.72,1646075,39430,1726,100882.57
CAMP_03326,2023-11-19 17:56:28.277655536,LinkedIn,Social,18-24,Technology,7,Desktop,Other,Q4,76.24276222228946,32536.45,2987838,72196,4124,200216.65
CAMP_03327,2023-11-19 22:54:19.371874376,Twitter,Video,35-44,Healthcare,60,Tablet,Latin America,Q4,18.790123598576628,15641.26,1099918,19210,506,70360.3
CAMP_03328,2023-11-20 03:52:10.466093224,Instagram,Native,25-34,Retail,30,Mobile,North America,Q4,83.3406035094547,81567.77,6740995,221131,26333,2186159.78
CAMP_03329,2023-11-20 08:50:01.560312064,Google,Social,25-34,Retail,30,Mobile,Europe,Q4,41.993060657764715,4878.65,663354,10254,944,213302.82
CAMP_03330,2023-11-20 13:47:52.654530912,LinkedIn,Search,55+,Entertainment,14,Mobile,Europe,Q4,62.6054593814952,11251.6,1160307,27821,2161,136672.36
CAMP_03331,2023-11-20 18:45:43.748749752,Instagram,Social,25-34,Entertainment,14,Desktop,Asia,Q4,68.12686238358438,20807.62,2387228,69412,5732,409435.44
CAMP_03332,2023-11-20 23:43:34.842968600,LinkedIn,Search,25-34,Finance,30,Desktop,Asia,Q4,64.2035911471172,301.6,30149,1381,44,2975.2
CAMP_03333,2023-11-21 04:41:25.937187440,Google,Social,35-44,Technology,30,Mobile,Asia,Q4,57.8644048269207,2954.01,421725,12228,536,41752.77
CAMP_03334,2023-11-21 09:39:17.031406280,Google,Search,45-54,Finance,30,Mobile,North America,Q4,35.169674292534204,28782.63,3068670,74853,6748,542244.15
CAMP_03335,2023-11-21 14:37:08.125625128,Twitter,Social,25-34,Finance,90,Mobile,Latin America,Q4,42.20918163421014,12380.73,873486,14364,668,25796.63
CAMP_03336,2023-11-21 19:34:59.219843968,LinkedIn,Search,45-54,Travel,90,Desktop,North America,Q4,79.92863886443207,3840.7,405337,15300,662,12334.35
CAMP_03337,2023-11-22 00:32:50.314062816,TikTok,Native,45-54,Entertainment,14,Mobile,Europe,Q4,48.052450824131725,3315.46,377783,6329,352,5729.21
CAMP_03338,2023-11-22 05:30:41.408281656,LinkedIn,Search,25-34,Technology,60,Desktop,Latin America,Q4,57.93408813273015,15625.61,1402938,37309,2831,169598.65
CAMP_03339,2023-11-22 10:28:32.502500504,Instagram,Search,25-34,Finance,30,Mobile,Europe,Q4,30.15827485818836,8031.57,860819,25655,1356,60429.41
CAMP_03340,2023-11-22 15:26:23.596719344,LinkedIn,Social,25-34,Healthcare,30,Mobile,North America,Q4,77.17146723049851,3542.94,331622,8482,489,22935.76
CAMP_03341,2023-11-22 20:24:14.690938192,Twitter,Social,45-54,Healthcare,7,Mobile,North America,Q4,33.6103391971982,2270.86,170232,2068,89,2605.16
CAMP_03342,2023-11-23 01:22:05.785157032,Instagram,Search,18-24,Finance,30,Desktop,Europe,Q4,78.31925617204215,5285.14,544388,17143,1436,63426.07
CAMP_03343,2023-11-23 06:19:56.879375880,Instagram,Display,25-34,Education,60,Mobile,North America,Q4,38.74576478713129,6638.26,673393,16689,605,26089.48
CAMP_03344,2023-11-23 11:17:47.973594720,Google,Search,35-44,Entertainment,30,Tablet,Europe,Q4,80.2901606065555,58341.01,7926560,278359,20968,1787897.77
CAMP_03345,2023-11-23 16:15:39.067813568,Instagram,Native,35-44,Finance,30,Desktop,North America,Q4,60.20385830612652,4492.23,487584,8097,364,15450.24
CAMP_03346,2023-11-23 21:13:30.162032408,LinkedIn,Social,25-34,Education,7,Mobile,Asia,Q4,48.82485207105819,10986.24,1123424,28370,2217,67471.21
CAMP_03347,2023-11-24 02:11:21.256251256,Facebook,Social,35-44,Entertainment,14,Mobile,North America,Q4,92.00803510896247,9152.24,1195903,26435,3406,484125.84
CAMP_03348,2023-11-24 07:09:12.350470096,Google,Video,25-34,Entertainment,14,Tablet,Asia,Q4,58.62290014363534,9045.08,1048359,37637,2664,186793.84
CAMP_03349,2023-11-24 12:07:03.444688944,Facebook,Search,25-34,Travel,14,Mobile,Europe,Q4,52.763754134880415,8788.74,973719,32980,1287,108487.43
CAMP_03350,2023-11-24 17:04:54.538907784,Google,Search,35-44,Technology,30,Mobile,Europe,Q4,78.18235855196019,5273.02,726285,24332,2097,150998.87
CAMP_03351,2023-11-24 22:02:45.633126624,Google,Social,55+,Technology,14,Tablet,North America,Q4,30.39085776960008,6090.75,695273,10165,832,171299.9
CAMP_03352,2023-11-25 03:00:36.727345472,Facebook,Video,25-34,Education,30,Desktop,Europe,Q4,9.456687919668134,6911.29,628319,8860,181,11841.52
CAMP_03353,2023-11-25 07:58:27.821564312,TikTok,Social,45-54,Entertainment,14,Mobile,Asia,Q4,83.15959947273754,1015.69,101887,2045,100,2295.38
CAMP_03354,2023-11-25 12:56:18.915783160,Instagram,Search,35-44,Travel,14,Mobile,North America,Q4,43.27395842695937,882.1,96207,2144,70,5118.2
CAMP_03355,2023-11-25 17:54:10.010002000,Google,Display,18-24,Retail,7,Desktop,Asia,Q4,77.29244850772999,2333.95,285985,5572,642,51869.93
CAMP_03356,2023-11-25 22:52:01.104220848,Google,Display,45-54,Healthcare,60,Mobile,Latin America,Q4,60.92324743556041,255900.1,30989618,730616,38261,6758788.38
CAMP_03357,2023-11-26 03:49:52.198439688,LinkedIn,Display,18-24,Retail,7,Mobile,North America,Q4,36.720210717450435,9728.14,952973,12641,321,3763.54
CAMP_03358,2023-11-26 08:47:43.292658536,Facebook,Search,55+,Finance,7,Mobile,Europe,Q4,72.14564839348392,1952.49,249546,4638,461,37266.08
CAMP_03359,2023-11-26 13:45:34.386877376,Twitter,Video,45-54,Retail,60,Mobile,Europe,Q4,51.79659619537845,610721.74,51197389,1418969,92780,4253086.75
CAMP_03360,2023-11-26 18:43:25.481096224,LinkedIn,Display,25-34,Retail,90,Tablet,North America,Q4,38.453193273869765,17675.47,1666121,39901,1320,93582.17
CAMP_03361,2023-11-26 23:41:16.575315064,Twitter,Social,25-34,Retail,30,Desktop,North America,Q4,38.974072556064954,2150.33,196151,5067,146,7670.08
CAMP_03362,2023-11-27 04:39:07.669533912,Facebook,Video,25-34,Healthcare,7,Desktop,Other,Q4,25.343224916565433,563373.32,69051444,1147005,76515,3610678.72
CAMP_03363,2023-11-27 09:36:58.763752752,LinkedIn,Display,25-34,Technology,14,Tablet,Europe,Q4,68.06049764365476,8266.21,635949,14078,748,19174.5
CAMP_03364,2023-11-27 14:34:49.857971600,Facebook,Search,25-34,Retail,90,Mobile,Latin America,Q4,41.291985111096146,13410.89,1434129,46966,2190,59083.69
CAMP_03365,2023-11-27 19:32:40.952190440,TikTok,Search,25-34,Technology,60,Mobile,Asia,Q4,59.3055574459029,64835.34,6997185,216700,11572,577044.6
CAMP_03366,2023-11-28 00:30:32.046409288,Instagram,Social,35-44,Retail,30,Desktop,North America,Q4,56.36555010975254,2473.54,233675,6286,547,6402.6
CAMP_03367,2023-11-28 05:28:23.140628128,Facebook,Search,25-34,Travel,14,Mobile,North America,Q4,41.168866376406584,31996.71,4104252,142175,6178,453627.94
CAMP_03368,2023-11-28 10:26:14.234846976,Facebook,Social,45-54,Technology,7,Mobile,Asia,Q4,29.542005717223585,1369.69,164791,2917,200,14814.32
CAMP_03369,2023-11-28 15:24:05.329065816,Google,Search,45-54,Technology,7,Mobile,Europe,Q4,100.0,14046.75,1915732,60624,4673,191079.22
CAMP_03370,2023-11-28 20:21:56.423284656,LinkedIn,Video,35-44,Education,30,Mobile,North America,Q4,59.02934948043503,3176.52,274417,6706,281,16795.14
CAMP_03371,2023-11-29 01:19:47.517503504,Google,Display,45-54,Healthcare,7,Mobile,Europe,Q4,96.46765905520596,4146.74,472252,11817,631,52693.45
CAMP_03372,2023-11-29 06:17:38.611722344,Instagram,Search,25-34,Entertainment,90,Mobile,Asia,Q4,83.2987356745358,5301.5,604405,29748,2933,226486.99
CAMP_03373,2023-11-29 11:15:29.705941192,Facebook,Display,18-24,Healthcare,7,Mobile,Asia,Q4,53.576693970191826,30152.08,3699910,52630,5278,854966.44
CAMP_03374,2023-11-29 16:13:20.800160032,LinkedIn,Social,35-44,Travel,30,Mobile,North America,Q4,63.61929274679618,68602.79,5129800,155407,13993,881578.25
CAMP_03375,2023-11-29 21:11:11.894378880,Twitter,Search,35-44,Technology,7,Mobile,North America,Q4,63.03831563934296,1942.8,141538,4031,247,4814.56
CAMP_03376,2023-11-30 02:09:02.988597720,Twitter,Display,35-44,Travel,30,Mobile,Other,Q4,96.8840137786488,4069.12,271909,6587,369,7497.06
CAMP_03377,2023-11-30 07:06:54.082816568,LinkedIn,Display,45-54,Education,7,Tablet,Latin America,Q4,76.59667383286825,45660.43,3452501,95762,6526,393962.41
CAMP_03378,2023-11-30 12:04:45.177035408,Google,Display,55+,Healthcare,30,Tablet,North America,Q4,43.85454507947458,6869.63,759833,13067,515,17202.79
CAMP_03379,2023-11-30 17:02:36.271254256,Google,Search,35-44,Entertainment,30,Desktop,Asia,Q4,67.0323767310945,1315.19,183990,5942,599,32070.9
CAMP_03380,2023-11-30 22:00:27.365473096,LinkedIn,Search,45-54,Healthcare,7,Tablet,North America,Q4,76.08628682840506,306.99,26615,1120,101,3436.54
CAMP_03381,2023-12-01 02:58:18.459691944,Facebook,Search,18-24,Retail,60,Tablet,North America,Q4,36.49361902189851,1657.06,208949,5327,233,6164.38
CAMP_03382,2023-12-01 07:56:09.553910784,Facebook,Display,25-34,Technology,30,Mobile,North America,Q4,69.88298689610703,28126.95,3258356,72841,6562,535435.11
CAMP_03383,2023-12-01 12:54:00.648129632,Google,Search,45-54,Travel,60,Mobile,North America,Q4,86.90977912410241,6433.96,725152,19200,1880,173060.09
CAMP_03384,2023-12-01 17:51:51.742348472,Facebook,Social,25-34,Healthcare,60,Tablet,Latin America,Q4,42.85054696749708,81.64,7459,195,9,336.02
CAMP_03385,2023-12-01 22:49:42.836567320,Google,Display,25-34,Technology,60,Desktop,Europe,Q4,45.61362864830981,11992.35,1665826,27830,999,70547.07
CAMP_03386,2023-12-02 03:47:33.930786160,Twitter,Search,25-34,Entertainment,7,Mobile,North America,Q4,83.20945010694679,2102.04,188928,5778,513,29890.75
CAMP_03387,2023-12-02 08:45:25.025005000,Google,Native,35-44,Finance,7,Desktop,Asia,Q4,52.91527374187015,19964.22,1975768,47301,3847,277769.6
CAMP_03388,2023-12-02 13:43:16.119223848,Instagram,Display,25-34,Retail,90,Mobile,Asia,Q4,40.35983173161802,144456.34,14120516,226766,17445,433249.91
CAMP_03389,2023-12-02 18:41:07.213442688,Google,Search,35-44,Entertainment,14,Mobile,North America,Q4,77.64546086068151,1332.58,183015,5070,694,9663.71
CAMP_03390,2023-12-02 23:38:58.307661536,LinkedIn,Video,25-34,Entertainment,14,Mobile,Europe,Q4,71.5370847345168,17921.33,1859311,66260,5206,157315.8
CAMP_03391,2023-12-03 04:36:49.401880376,Facebook,Search,18-24,Retail,30,Mobile,Asia,Q4,61.887878149921555,11433.0,1014633,23813,1931,35855.61
CAMP_03392,2023-12-03 09:34:40.496099224,Twitter,Video,25-34,Travel,14,Mobile,Asia,Q4,82.49165256897408,23321.3,1536881,57968,3025,34370.84
CAMP_03393,2023-12-03 14:32:31.590318064,Twitter,Native,25-34,Technology,30,Desktop,Asia,Q4,83.91270486389111,29628.01,2682577,89357,7313,259843.14
CAMP_03394,2023-12-03 19:30:22.684536912,Facebook,Social,45-54,Finance,60,Mobile,North America,Q4,58.343541823544406,25765.85,2561943,40637,2300,189442.46
CAMP_03395,2023-12-04 00:28:13.778755752,TikTok,Social,18-24,Retail,30,Mobile,North America,Q4,99.48652775105407,27923.68,2629664,76172,3255,77898.35
CAMP_03396,2023-12-04 05:26:04.872974600,TikTok,Social,25-34,Healthcare,14,Mobile,Asia,Q4,91.66779906853995,1372.23,150877,3715,320,16916.05
CAMP_03397,2023-12-04 10:23:55.967193440,Twitter,Search,35-44,Technology,14,Desktop,Latin America,Q4,20.314031002187818,220.83,18544,368,14,556.85
CAMP_03398,2023-12-04 15:21:47.061412288,Twitter,Search,35-44,Technology,14,Tablet,North America,Q4,39.39765153133637,4950.18,468375,14387,684,33201.94
CAMP_03399,2023-12-04 20:19:38.155631128,Google,Social,18-24,Education,14,Mobile,North America,Q4,14.894163607155228,3183.07,407476,3717,161,6344.87
CAMP_03400,2023-12-05 01:17:29.249849976,Instagram,Native,18-24,Retail,7,Mobile,Latin America,Q4,53.505700105504914,32430.72,2794535,38960,2162,86230.19
CAMP_03401,2023-12-05 06:15:20.344068816,Google,Search,55+,Entertainment,14,Mobile,North America,Q4,35.77563603399874,19666.89,1992020,41263,1537,147106.33
CAMP_03402,2023-12-05 11:13:11.438287664,Google,Native,35-44,Healthcare,30,Desktop,North America,Q4,43.71363202520651,13359.87,1326589,18544,1043,14271.6
CAMP_03403,2023-12-05 16:11:02.532506504,TikTok,Search,25-34,Travel,30,Mobile,North America,Q4,81.81136293565744,17287.8,1467433,44192,1834,85952.14
CAMP_03404,2023-12-05 21:08:53.626725344,Facebook,Search,35-44,Healthcare,60,Mobile,Europe,Q4,24.903418805298394,1057.05,125878,2100,103,2896.66
CAMP_03405,2023-12-06 02:06:44.720944192,LinkedIn,Search,25-34,Retail,30,Mobile,North America,Q4,62.594714820616254,120354.04,12958550,481564,39855,2719578.24
CAMP_03406,2023-12-06 07:04:35.815163032,Twitter,Display,25-34,Retail,14,Mobile,Europe,Q4,62.473528849608286,14964.41,1303965,26225,1129,41960.5
CAMP_03407,2023-12-06 12:02:26.909381880,Twitter,Video,35-44,Education,30,Tablet,North America,Q4,58.35221424895711,25992.05,2417498,57977,3305,49940.47
CAMP_03408,2023-12-06 17:00:18.003600720,TikTok,Display,45-54,Education,30,Mobile,Other,Q4,62.615573639595475,1273.93,101187,2530,232,8323.59
CAMP_03409,2023-12-06 21:58:09.097819568,Google,Search,25-34,Technology,14,Mobile,Latin America,Q4,15.35436579168477,11777.04,1629642,39605,1554,116604.86
CAMP_03410,2023-12-07 02:56:00.192038408,Google,Display,45-54,Healthcare,30,Desktop,Latin America,Q4,43.80890968404616,6771.03,837274,15003,1273,40934.19
CAMP_03411,2023-12-07 07:53:51.286257256,Facebook,Search,18-24,Finance,7,Desktop,Latin America,Q4,90.86001730514779,59125.06,5883161,242270,30156,1022049.98
CAMP_03412,2023-12-07 12:51:42.380476096,Google,Native,25-34,Travel,14,Mobile,Asia,Q4,36.06257828980638,3741.68,378080,5640,369,12596.12
CAMP_03413,2023-12-07 17:49:33.474694944,Google,Display,18-24,Travel,60,Tablet,North America,Q4,93.33221627128398,13251.3,1620747,35879,2363,113297.87
CAMP_03414,2023-12-07 22:47:24.568913784,Facebook,Search,18-24,Travel,60,Desktop,North America,Q4,31.863551764431875,899.0,84002,1162,40,2380.69
CAMP_03415,2023-12-08 03:45:15.663132632,Twitter,Video,55+,Education,30,Mobile,North America,Q4,29.459187351753577,935.27,74554,1290,25,1260.63
CAMP_03416,2023-12-08 08:43:06.757351472,Instagram,Video,35-44,Travel,30,Mobile,North America,Q4,40.964423654718075,3137.32,326423,7174,412,23791.05
CAMP_03417,2023-12-08 13:40:57.851570320,Facebook,Social,18-24,Technology,60,Mobile,Europe,Q4,82.58165936573837,12094.32,1209880,37258,2240,71006.47
CAMP_03418,2023-12-08 18:38:48.945789160,LinkedIn,Search,55+,Education,90,Mobile,Other,Q4,49.07758340501245,294.42,30950,698,35,2299.82
CAMP_03419,2023-12-08 23:36:40.040008008,Google,Social,45-54,Entertainment,14,Mobile,Europe,Q4,66.90813976878286,57656.93,8040717,167632,12805,905129.91
CAMP_03420,2023-12-09 04:34:31.134226848,Google,Video,45-54,Travel,30,Desktop,Europe,Q4,61.47273844034408,389.85,38336,724,78,17595.81
CAMP_03421,2023-12-09 09:32:22.228445688,LinkedIn,Search,55+,Healthcare,14,Desktop,Asia,Q4,58.91075634539361,21867.82,2018944,42889,1340,63976.06
CAMP_03422,2023-12-09 14:30:13.322664536,Instagram,Display,25-34,Retail,7,Mobile,North America,Q4,85.48236185215148,809.72,79235,2198,106,4966.11
CAMP_03423,2023-12-09 19:28:04.416883376,LinkedIn,Display,45-54,Healthcare,14,Mobile,Latin America,Q4,75.43035881974077,595160.8,48371749,977941,85902,2533199.06
CAMP_03424,2023-12-10 00:25:55.511102224,Google,Video,35-44,Entertainment,30,Mobile,Europe,Q4,37.14193605675248,4480.57,506636,12801,1183,92573.34
CAMP_03425,2023-12-10 05:23:46.605321064,Twitter,Video,45-54,Technology,60,Desktop,North America,Q4,54.488584328166716,613.07,52611,1182,45,2544.73
CAMP_03426,2023-12-10 10:21:37.699539912,Instagram,Display,45-54,Finance,60,Desktop,Latin America,Q4,94.86879640061665,6490.65,747376,14518,1468,81095.85
CAMP_03427,2023-12-10 15:19:28.793758752,Instagram,Video,25-34,Healthcare,7,Mobile,Europe,Q4,66.39123578335871,5659.16,531492,19223,1658,115062.49
CAMP_03428,2023-12-10 20:17:19.887977600,Instagram,Native,45-54,Technology,30,Desktop,Europe,Q4,29.843080718173603,14916.46,1742592,25684,663,40958.66
CAMP_03429,2023-12-11 01:15:10.982196440,Twitter,Display,25-34,Technology,7,Mobile,Europe,Q4,31.259221952464195,5587.95,408628,5070,240,11645.84
CAMP_03430,2023-12-11 06:13:02.076415288,Instagram,Video,25-34,Retail,14,Desktop,Asia,Q4,77.80290617132448,6249.52,558594,24411,1931,320356.44
CAMP_03431,2023-12-11 11:10:53.170634128,Instagram,Display,18-24,Travel,60,Mobile,North America,Q4,74.04874634352127,108505.06,12808863,260072,25248,1515295.91
CAMP_03432,2023-12-11 16:08:44.264852976,TikTok,Search,55+,Entertainment,14,Mobile,Latin America,Q4,41.57268849725337,921.85,73539,1731,63,4612.93
CAMP_03433,2023-12-11 21:06:35.359071816,LinkedIn,Video,25-34,Retail,30,Mobile,Other,Q4,74.95260357948693,3983.04,369970,15724,1264,70950.07
CAMP_03434,2023-12-12 02:04:26.453290664,Facebook,Social,35-44,Entertainment,7,Desktop,Europe,Q4,91.98784273438498,2989.74,319165,12914,1365,73586.35
CAMP_03435,2023-12-12 07:02:17.547509504,LinkedIn,Native,25-34,Entertainment,14,Desktop,Asia,Q4,89.15717679321202,59873.35,4479699,110635,6654,190286.08
CAMP_03436,2023-12-12 12:00:08.641728352,Facebook,Display,55+,Retail,30,Tablet,Latin America,Q4,92.08556073644914,27481.03,2676895,68737,3433,277584.34
CAMP_03437,2023-12-12 16:57:59.735947192,Google,Search,25-34,Technology,7,Mobile,North America,Q4,71.1097755012561,49593.03,5521987,200587,13708,1001895.81
CAMP_03438,2023-12-12 21:55:50.830166032,Instagram,Video,45-54,Healthcare,14,Mobile,Other,Q4,56.446803617402246,11898.86,962114,22899,1635,110902.7
CAMP_03439,2023-12-13 02:53:41.924384880,TikTok,Search,45-54,Finance,7,Mobile,Asia,Q4,51.95039839066328,6581.92,678553,18066,1037,34087.95
CAMP_03440,2023-12-13 07:51:33.018603720,TikTok,Search,25-34,Entertainment,30,Desktop,Europe,Q4,59.65226222774314,4837.73,543944,16828,1147,64919.32
CAMP_03441,2023-12-13 12:49:24.112822568,Facebook,Display,25-34,Finance,90,Desktop,Asia,Q4,42.479533910862685,136714.98,14270720,230164,17363,1084098.65
CAMP_03442,2023-12-13 17:47:15.207041408,Instagram,Display,45-54,Retail,60,Desktop,Europe,Q4,52.81402550961939,1037.14,122661,2229,96,4356.8
CAMP_03443,2023-12-13 22:45:06.301260256,Google,Search,55+,Travel,90,Desktop,North America,Q4,85.50239496595202,10928.89,1275065,38468,2514,155579.36
CAMP_03444,2023-12-14 03:42:57.395479096,TikTok,Search,45-54,Technology,60,Desktop,Asia,Q4,27.818579831250133,14385.65,1415858,30145,1662,23929.8
CAMP_03445,2023-12-14 08:40:48.489697944,TikTok,Display,25-34,Entertainment,60,Tablet,Europe,Q4,29.186605486171633,14339.2,1125117,16071,547,19805.97
CAMP_03446,2023-12-14 13:38:39.583916784,Instagram,Search,45-54,Retail,30,Mobile,Asia,Q4,76.61061208836857,4076.27,358547,11445,1030,19231.98
CAMP_03447,2023-12-14 18:36:30.678135632,Twitter,Search,25-34,Technology,30,Desktop,North America,Q4,52.9965415063305,31192.08,2464091,61931,3871,570849.53
CAMP_03448,2023-12-14 23:34:21.772354472,LinkedIn,Social,35-44,Finance,14,Tablet,Europe,Q4,21.487139508833323,52999.15,5291677,95255,4612,823902.1
CAMP_03449,2023-12-15 04:32:12.866573320,Instagram,Video,45-54,Retail,60,Mobile,Asia,Q4,58.77331687319119,8418.96,915781,25060,2174,78358.98
CAMP_03450,2023-12-15 09:30:03.960792160,Google,Social,25-34,Finance,7,Desktop,Other,Q4,55.91756830372785,45641.32,6133504,181078,14121,1318183.71
CAMP_03451,2023-12-15 14:27:55.055011008,Facebook,Search,45-54,Retail,7,Mobile,Latin America,Q4,51.37831047017332,72577.15,7704519,179907,13734,1188898.38
CAMP_03452,2023-12-15 19:25:46.149229848,LinkedIn,Video,35-44,Healthcare,60,Mobile,Latin America,Q4,73.71412052962968,4000.81,309504,11357,777,45878.63
CAMP_03453,2023-12-16 00:23:37.243448696,LinkedIn,Search,45-54,Entertainment,7,Desktop,North America,Q4,33.336088624168056,28358.46,2202909,53776,1937,23566.3
CAMP_03454,2023-12-16 05:21:28.337667536,Facebook,Search,25-34,Retail,90,Mobile,Asia,Q4,60.25970829719189,4568.6,498909,16045,655,31780.56
CAMP_03455,2023-12-16 10:19:19.431886376,TikTok,Native,25-34,Education,30,Mobile,North America,Q4,55.78055010775125,184.26,20689,637,26,1666.35
CAMP_03456,2023-12-16 15:17:10.526105224,Google,Video,45-54,Retail,14,Desktop,North America,Q4,60.756504558234084,14764.08,2000066,54143,4194,334423.78
CAMP_03457,2023-12-16 20:15:01.620324064,Instagram,Search,18-24,Technology,30,Mobile,North America,Q4,25.35627683726559,4579.61,470209,9941,392,11580.26
CAMP_03458,2023-12-17 01:12:52.714542912,LinkedIn,Display,18-24,Entertainment,60,Mobile,Latin America,Q4,49.547022237199826,909.76,92912,1755,124,13730.67
CAMP_03459,2023-12-17 06:10:43.808761752,LinkedIn,Native,55+,Finance,14,Desktop,North America,Q4,60.395383820744556,14739.59,1226482,23971,807,13550.26
CAMP_03460,2023-12-17 11:08:34.902980600,Instagram,Display,25-34,Finance,30,Mobile,North America,Q4,70.82319272595792,2312.61,236617,6572,458,5616.43
CAMP_03461,2023-12-17 16:06:25.997199440,Facebook,Native,55+,Retail,60,Mobile,North America,Q4,96.92793010825,28748.07,3457832,95434,13229,856516.04
CAMP_03462,2023-12-17 21:04:17.091418288,Google,Native,25-34,Education,14,Mobile,Europe,Q4,76.11896777478042,14103.44,1622941,58415,5638,74531.72
CAMP_03463,2023-12-18 02:02:08.185637128,Instagram,Display,25-34,Healthcare,7,Mobile,Latin America,Q4,69.2231040126683,85825.71,7748366,141397,12578,503312.1
CAMP_03464,2023-12-18 06:59:59.279855976,Instagram,Social,45-54,Retail,14,Mobile,Europe,Q4,85.42949584560755,16929.47,1734967,36003,1765,59520.66
CAMP_03465,2023-12-18 11:57:50.374074816,Google,Native,35-44,Technology,14,Desktop,Europe,Q4,53.92355106913532,5452.98,613021,12712,1145,61171.46
CAMP_03466,2023-12-18 16:55:41.468293664,LinkedIn,Display,35-44,Education,7,Mobile,North America,Q4,91.0785632726971,1250.23,126690,4297,357,12348.38
CAMP_03467,2023-12-18 21:53:32.562512504,Facebook,Search,35-44,Healthcare,30,Mobile,North America,Q4,82.3854558012423,3442.4,305946,14699,1579,71488.81
CAMP_03468,2023-12-19 02:51:23.656731352,LinkedIn,Search,45-54,Retail,14,Tablet,North America,Q4,51.082444187150756,10544.1,832647,15453,752,51970.81
CAMP_03469,2023-12-19 07:49:14.750950192,Twitter,Display,25-34,Technology,60,Desktop,Europe,Q4,98.47910351466581,2690.06,201105,6529,321,5587.34
CAMP_03470,2023-12-19 12:47:05.845169040,Google,Video,25-34,Technology,14,Mobile,Europe,Q4,68.93870629813357,24405.69,2682641,88156,4704,429545.37
CAMP_03471,2023-12-19 17:44:56.939387880,Google,Display,25-34,Finance,14,Mobile,North America,Q4,100.0,33663.86,3940278,117348,10501,583404.03
CAMP_03472,2023-12-19 22:42:48.033606728,Twitter,Display,35-44,Education,30,Desktop,Asia,Q4,66.06364508566612,19382.13,1533402,26797,1751,33246.42
CAMP_03473,2023-12-20 03:40:39.127825568,Instagram,Search,25-34,Finance,60,Desktop,Other,Q4,48.761402809787285,16597.33,1443717,43205,3523,236279.72
CAMP_03474,2023-12-20 08:38:30.222044408,LinkedIn,Display,25-34,Finance,30,Desktop,North America,Q4,44.64926713293187,13237.43,1055911,15939,455,8816.64
CAMP_03475,2023-12-20 13:36:21.316263256,Twitter,Social,35-44,Travel,14,Mobile,North America,Q4,52.885130905341214,4416.28,288307,5511,273,16282.03
CAMP_03476,2023-12-20 18:34:12.410482096,Twitter,Social,18-24,Healthcare,60,Mobile,Asia,Q4,48.57410115940668,26953.44,2501180,35036,2050,129148.19
CAMP_03477,2023-12-20 23:32:03.504700944,TikTok,Video,18-24,Healthcare,14,Mobile,North America,Q4,85.42777113917387,7583.78,658635,20059,946,68628.47
CAMP_03478,2023-12-21 04:29:54.598919784,Instagram,Search,35-44,Technology,7,Desktop,North America,Q4,59.42051510899497,2931.79,287770,8758,572,23636.94
CAMP_03479,2023-12-21 09:27:45.693138632,Instagram,Search,25-34,Healthcare,14,Desktop,North America,Q4,27.719546548751815,8972.01,759547,16045,531,5414.41
CAMP_03480,2023-12-21 14:25:36.787357472,Facebook,Native,45-54,Healthcare,30,Mobile,Latin America,Q4,64.26008631743377,8042.39,1033674,22859,2406,54242.32
CAMP_03481,2023-12-21 19:23:27.881576320,Google,Video,35-44,Finance,7,Mobile,Asia,Q4,62.510260862205726,6654.17,651662,20743,2168,189250.24
CAMP_03482,2023-12-22 00:21:18.975795160,Instagram,Display,18-24,Travel,30,Tablet,North America,Q4,50.627847576619786,1021.29,104149,1676,104,4769.48
CAMP_03483,2023-12-22 05:19:10.070014008,Facebook,Native,35-44,Education,30,Mobile,North America,Q4,65.35184043968542,84210.56,8699663,158421,13236,1133744.11
CAMP_03484,2023-12-22 10:17:01.164232848,TikTok,Native,18-24,Entertainment,60,Mobile,North America,Q4,59.117811337422054,11724.83,931299,19945,1359,203645.37
CAMP_03485,2023-12-22 15:14:52.258451696,Instagram,Social,45-54,Healthcare,14,Desktop,North America,Q4,72.67530734753133,33913.12,2875827,88298,9091,320233.81
CAMP_03486,2023-12-22 20:12:43.352670536,Instagram,Social,55+,Finance,14,Mobile,Europe,Q4,71.49957877366441,43739.7,4360275,65177,2618,354255.83
CAMP_03487,2023-12-23 01:10:34.446889384,Facebook,Video,35-44,Retail,14,Mobile,Asia,Q4,67.29805712798144,26446.45,3016938,106555,11402,844030.3
CAMP_03488,2023-12-23 06:08:25.541108224,Google,Search,35-44,Technology,14,Mobile,North America,Q4,34.02288192459871,569.37,54745,933,54,4249.97
CAMP_03489,2023-12-23 11:06:16.635327072,Google,Display,25-34,Entertainment,30,Desktop,North America,Q4,100.0,22771.4,3076855,75929,7709,357968.3
CAMP_03490,2023-12-23 16:04:07.729545912,Facebook,Display,25-34,Finance,30,Mobile,North America,Q4,28.880285933353782,7159.63,751731,11225,576,8441.47
CAMP_03491,2023-12-23 21:01:58.823764752,Google,Social,45-54,Education,30,Tablet,North America,Q4,57.4258164636982,6869.12,682859,17636,1981,112863.81
CAMP_03492,2023-12-24 01:59:49.917983600,Instagram,Video,25-34,Retail,60,Mobile,Other,Q4,38.11133297302395,2118.81,194733,4200,216,4382.6
CAMP_03493,2023-12-24 06:57:41.012202440,Twitter,Search,25-34,Finance,60,Desktop,North America,Q4,67.92676323320251,4409.33,289697,11576,452,20969.66
CAMP_03494,2023-12-24 11:55:32.106421288,Twitter,Native,25-34,Healthcare,14,Mobile,North America,Q4,62.76811449614617,4023.96,315343,10082,692,10589.64
CAMP_03495,2023-12-24 16:53:23.200640128,LinkedIn,Display,45-54,Finance,90,Mobile,North America,Q4,56.62467830759582,5751.83,493336,11229,329,17766.71
CAMP_03496,2023-12-24 21:51:14.294858976,Google,Native,25-34,Education,14,Desktop,Europe,Q4,90.35545567875704,30070.41,4111735,161991,15808,237183.04
CAMP_03497,2023-12-25 02:49:05.389077816,Twitter,Native,55+,Travel,30,Mobile,Latin America,Q4,82.16991834354232,17626.71,1130604,23027,1335,61938.02
CAMP_03498,2023-12-25 07:46:56.483296664,Twitter,Search,18-24,Retail,30,Desktop,North America,Q4,53.45769313816939,2548.63,219641,6039,379,24131.4
CAMP_03499,2023-12-25 12:44:47.577515504,Google,Display,25-34,Retail,60,Mobile,Europe,Q4,76.08269283832507,11069.79,1578520,35878,2534,196703.37
CAMP_03500,2023-12-25 17:42:38.671734352,LinkedIn,Display,45-54,Retail,14,Mobile,North America,Q4,91.29360515676908,3287.74,275651,8427,476,11869.56
CAMP_03501,2023-12-25 22:40:29.765953192,Facebook,Search,25-34,Entertainment,30,Mobile,Asia,Q4,82.02690079085926,804.21,82158,3087,268,18617.29
CAMP_03502,2023-12-26 03:38:20.860172040,Twitter,Display,35-44,Technology,60,Desktop,Europe,Q4,57.27562829064992,54595.04,4279099,79010,5509,184032.95
CAMP_03503,2023-12-26 08:36:11.954390880,TikTok,Display,25-34,Entertainment,30,Mobile,Asia,Q4,28.193981971409666,1909.58,155946,2351,123,8134.62
CAMP_03504,2023-12-26 13:34:03.048609728,Google,Native,18-24,Finance,30,Tablet,Europe,Q4,66.49295809839721,70628.18,6840353,135150,8772,286035.9
CAMP_03505,2023-12-26 18:31:54.142828568,Twitter,Display,18-24,Healthcare,7,Mobile,Latin America,Q4,73.3722067078798,106875.55,9473670,163153,5679,235970.17
CAMP_03506,2023-12-26 23:29:45.237047416,Instagram,Social,55+,Entertainment,14,Mobile,Europe,Q4,44.607661994329575,18152.77,1481592,17836,1514,67761.85
CAMP_03507,2023-12-27 04:27:36.331266256,TikTok,Video,35-44,Healthcare,90,Mobile,Europe,Q4,60.45090534116083,8423.65,744324,20255,1308,35759.53
CAMP_03508,2023-12-27 09:25:27.425485096,Facebook,Search,45-54,Healthcare,30,Mobile,Asia,Q4,58.34224382467949,6591.75,745520,19508,1286,216812.84
CAMP_03509,2023-12-27 14:23:18.519703944,Twitter,Native,25-34,Retail,30,Mobile,Europe,Q4,87.75421271610486,6528.98,508585,15668,907,30047.08
CAMP_03510,2023-12-27 19:21:09.613922784,Google,Display,35-44,Finance,14,Desktop,North America,Q4,97.07632351180179,1003.57,98569,2426,330,23788.37
CAMP_03511,2023-12-28 00:19:00.708141632,Facebook,Display,35-44,Healthcare,7,Mobile,North America,Q4,83.50428940601404,45481.33,4258169,114265,6205,316969.03
CAMP_03512,2023-12-28 05:16:51.802360472,Google,Search,55+,Finance,14,Mobile,North America,Q4,58.288886336477795,16893.42,2278604,60532,4560,65547.58
CAMP_03513,2023-12-28 10:14:42.896579320,TikTok,Social,45-54,Travel,14,Tablet,Europe,Q4,82.95432493895633,165063.95,14010449,481303,53794,3061562.94
CAMP_03514,2023-12-28 15:12:33.990798160,Twitter,Search,45-54,Travel,14,Mobile,Europe,Q4,72.97576411660539,12080.56,784754,27586,1830,45831.33
CAMP_03515,2023-12-28 20:10:25.085017008,Twitter,Display,18-24,Education,7,Mobile,North America,Q4,58.50200847236519,4919.08,412164,8244,633,16161.8
CAMP_03516,2023-12-29 01:08:16.179235848,TikTok,Display,35-44,Technology,30,Mobile,Europe,Q4,100.0,172803.18,18259631,512759,51402,2912398.6
CAMP_03517,2023-12-29 06:06:07.273454696,Google,Native,35-44,Entertainment,30,Mobile,Latin America,Q4,45.23963120234998,29453.9,3909457,95565,8711,649222.49
CAMP_03518,2023-12-29 11:03:58.367673536,Facebook,Native,55+,Finance,14,Mobile,North America,Q4,72.07817951219086,111036.12,11968542,199951,22226,1102300.12
CAMP_03519,2023-12-29 16:01:49.461892384,Google,Search,25-34,Technology,30,Mobile,North America,Q4,76.79121291107847,12188.28,1672041,50384,5869,181466.15
CAMP_03520,2023-12-29 20:59:40.556111224,Google,Social,25-34,Technology,60,Mobile,Latin America,Q4,54.25002320952533,71641.29,7494658,158086,14616,457504.61
CAMP_03521,2023-12-30 01:57:31.650330072,Google,Search,25-34,Retail,14,Desktop,Asia,Q4,71.18276375758683,3896.05,451524,15828,891,74503.62
CAMP_03522,2023-12-30 06:55:22.744548912,Facebook,Search,25-34,Technology,60,Desktop,North America,Q4,78.9099450044229,5324.1,494066,17085,1796,29667.8
CAMP_03523,2023-12-30 11:53:13.838767760,Facebook,Display,18-24,Finance,60,Desktop,Europe,Q4,64.89268841055828,6316.42,813830,13817,1203,42991.21
CAMP_03524,2023-12-30 16:51:04.932986600,Google,Search,45-54,Travel,7,Mobile,Asia,Q4,69.44991126685564,8688.26,1145723,45680,5861,487425.47
CAMP_03525,2023-12-30 21:48:56.027205440,Google,Search,35-44,Technology,7,Mobile,Europe,Q4,62.10862245898042,19597.95,2429302,80480,8618,609108.51
CAMP_03526,2023-12-31 02:46:47.121424288,Google,Video,45-54,Travel,14,Mobile,Europe,Q4,75.95040223053421,8121.23,1128673,25180,2291,91483.73
CAMP_03527,2023-12-31 07:44:38.215643128,TikTok,Search,45-54,Technology,30,Mobile,Europe,Q4,55.42042661612388,12071.58,1124033,31368,1463,73362.82
CAMP_03528,2023-12-31 12:42:29.309861976,LinkedIn,Social,25-34,Retail,14,Mobile,Asia,Q4,53.76404433214291,6068.73,437100,9369,787,34085.63
CAMP_03529,2023-12-31 17:40:20.404080816,TikTok,Search,35-44,Finance,14,Mobile,North America,Q4,60.41120307698302,31148.63,3205988,127491,7856,356505.76
CAMP_03530,2023-12-31 22:38:11.498299664,Facebook,Search,18-24,Entertainment,30,Mobile,Asia,Q4,83.67337748396619,10046.56,1169146,27410,2688,120493.46
CAMP_03531,2024-01-01 03:36:02.592518504,Facebook,Native,55+,Retail,7,Desktop,Other,Q1,25.052737026580317,194.91,25462,286,7,1277.2
CAMP_03532,2024-01-01 08:33:53.686737352,Twitter,Video,25-34,Technology,90,Mobile,North America,Q1,41.81261366578366,8823.72,719358,12234,396,24185.41
CAMP_03533,2024-01-01 13:31:44.780956192,Facebook,Search,25-34,Finance,14,Tablet,Asia,Q1,100.0,9389.14,1110569,55619,5894,403363.94
CAMP_03534,2024-01-01 18:29:35.875175040,Facebook,Social,25-34,Technology,60,Desktop,North America,Q1,65.50376833548599,7360.17,671547,19618,1561,18588.71
CAMP_03535,2024-01-01 23:27:26.969393880,Google,Search,35-44,Entertainment,7,Mobile,North America,Q1,51.85927906074596,38396.71,4902956,110935,3417,168537.55
CAMP_03536,2024-01-02 04:25:18.063612728,Google,Display,25-34,Finance,14,Mobile,Latin America,Q1,75.89703670976574,43885.56,5923086,130296,7628,1006724.42
CAMP_03537,2024-01-02 09:23:09.157831568,Facebook,Video,25-34,Retail,14,Desktop,North America,Q1,44.29945999595949,2214.6,219640,4587,195,8717.22
CAMP_03538,2024-01-02 14:21:00.252050416,Facebook,Social,45-54,Education,90,Desktop,North America,Q1,17.944221756100248,2132.49,193612,2513,126,10548.2
CAMP_03539,2024-01-02 19:18:51.346269256,LinkedIn,Search,45-54,Technology,7,Mobile,Europe,Q1,67.09599895494777,6438.27,594829,16113,1109,42720.43
CAMP_03540,2024-01-03 00:16:42.440488104,Google,Social,25-34,Entertainment,30,Mobile,Europe,Q1,45.38432331910343,7101.63,872853,21285,938,40922.67
CAMP_03541,2024-01-03 05:14:33.534706944,Google,Search,35-44,Entertainment,60,Mobile,Europe,Q1,62.027795562597994,5303.68,649832,21321,889,67572.75
CAMP_03542,2024-01-03 10:12:24.628925784,Twitter,Search,45-54,Travel,30,Mobile,North America,Q1,66.58801579676938,3205.06,208831,5952,246,4935.96
CAMP_03543,2024-01-03 15:10:15.723144632,Google,Social,18-24,Finance,14,Tablet,North America,Q1,62.842323391315546,2532.87,269211,5158,207,14238.61
CAMP_03544,2024-01-03 20:08:06.817363472,Facebook,Search,45-54,Healthcare,90,Mobile,North America,Q1,25.820091757760352,6055.05,634916,9890,286,6671.37
CAMP_03545,2024-01-04 01:05:57.911582320,Twitter,Display,25-34,Technology,60,Mobile,Europe,Q1,60.52561685174817,828.27,76455,2330,122,2718.98
CAMP_03546,2024-01-04 06:03:49.005801160,Google,Search,35-44,Entertainment,14,Mobile,Europe,Q1,68.89203882728815,4044.75,517409,12927,1346,51976.46
CAMP_03547,2024-01-04 11:01:40.100020008,Google,Social,35-44,Finance,30,Desktop,Europe,Q1,31.9988147355151,27984.64,3040072,60367,2554,190678.35
CAMP_03548,2024-01-04 15:59:31.194238848,Instagram,Display,35-44,Finance,90,Desktop,Europe,Q1,29.616528823069324,5498.91,640118,8073,249,13188.81
CAMP_03549,2024-01-04 20:57:22.288457696,Facebook,Display,45-54,Education,90,Desktop,North America,Q1,38.619508282912065,64997.27,7916418,119099,3138,152178.42
CAMP_03550,2024-01-05 01:55:13.382676536,Instagram,Video,18-24,Retail,14,Desktop,Asia,Q1,74.93529477520472,6505.98,761854,19610,1262,26073.74
CAMP_03551,2024-01-05 06:53:04.476895384,Twitter,Native,25-34,Education,60,Desktop,North America,Q1,20.033685070248588,4386.05,420338,8225,271,10585.73
CAMP_03552,2024-01-05 11:50:55.571114224,Google,Video,35-44,Education,14,Desktop,North America,Q1,76.59547702288708,1994.58,220541,7463,520,15635.04
CAMP_03553,2024-01-05 16:48:46.665333072,Instagram,Search,45-54,Finance,14,Mobile,Asia,Q1,67.84111496580459,85328.51,7154016,259740,20267,1172470.22
CAMP_03554,2024-01-05 21:46:37.759551912,Instagram,Search,25-34,Finance,7,Mobile,North America,Q1,54.849960989361705,30188.01,2695026,110359,4446,243184.56
CAMP_03555,2024-01-06 02:44:28.853770760,Google,Search,45-54,Technology,14,Desktop,Europe,Q1,30.387406751991747,19746.55,2331908,38904,2734,151898.17
CAMP_03556,2024-01-06 07:42:19.947989600,Instagram,Search,25-34,Travel,30,Mobile,North America,Q1,44.070649102175636,6127.02,584714,20621,763,95063.46
CAMP_03557,2024-01-06 12:40:11.042208448,Facebook,Video,25-34,Retail,30,Desktop,Europe,Q1,75.63808104021268,6208.96,619142,23469,2068,155494.02
CAMP_03558,2024-01-06 17:38:02.136427288,Instagram,Search,45-54,Healthcare,14,Mobile,North America,Q1,85.13450403686721,13361.26,1160790,37530,2293,57879.05
CAMP_03559,2024-01-06 22:35:53.230646128,Google,Social,18-24,Entertainment,14,Desktop,Other,Q1,39.37274364717473,38555.99,4534588,65197,3265,204713.7
CAMP_03560,2024-01-07 03:33:44.324864976,Facebook,Social,35-44,Travel,14,Mobile,North America,Q1,82.83727020567557,45446.42,5461738,133711,5810,772050.87
CAMP_03561,2024-01-07 08:31:35.419083816,Facebook,Display,18-24,Entertainment,90,Mobile,Europe,Q1,73.71750465416257,33150.77,3968081,99225,3726,230535.44
CAMP_03562,2024-01-07 13:29:26.513302664,Twitter,Social,25-34,Healthcare,60,Desktop,Latin America,Q1,59.86325604470431,24677.4,1717957,50254,2234,48892.56
CAMP_03563,2024-01-07 18:27:17.607521504,Google,Search,35-44,Retail,14,Mobile,Europe,Q1,45.24289740719196,749.97,74979,2466,154,7626.25
CAMP_03564,2024-01-07 23:25:08.701740352,Facebook,Social,35-44,Technology,60,Desktop,Europe,Q1,48.3721995744002,5842.83,736502,14216,676,17873.6
CAMP_03565,2024-01-08 04:22:59.795959192,Facebook,Search,25-34,Retail,14,Mobile,Europe,Q1,96.458452323086,2488.46,273748,14662,1763,41187.0
CAMP_03566,2024-01-08 09:20:50.890178040,LinkedIn,Search,25-34,Education,30,Tablet,Europe,Q1,63.56883628426115,141898.07,11363746,380896,23733,1561950.43
CAMP_03567,2024-01-08 14:18:41.984396880,Instagram,Native,25-34,Entertainment,90,Desktop,Asia,Q1,86.59736684021817,23631.68,2329867,51446,4474,126310.98
CAMP_03568,2024-01-08 19:16:33.078615728,LinkedIn,Social,35-44,Entertainment,14,Mobile,North America,Q1,64.83115966576281,2367.06,185998,5956,443,33855.65
CAMP_03569,2024-01-09 00:14:24.172834568,Twitter,Search,55+,Entertainment,30,Desktop,Latin America,Q1,50.94604148817134,62196.25,4811843,105186,5107,248231.49
CAMP_03570,2024-01-09 05:12:15.267053416,Twitter,Display,45-54,Finance,14,Mobile,Europe,Q1,71.68180360870272,46508.52,3140658,77780,2149,80600.68
CAMP_03571,2024-01-09 10:10:06.361272256,Facebook,Display,18-24,Retail,14,Mobile,Asia,Q1,100.0,13886.85,1241100,24006,1068,25802.55
CAMP_03572,2024-01-09 15:07:57.455491104,Instagram,Display,18-24,Technology,30,Desktop,North America,Q1,47.117666790278065,27773.26,2272519,27987,1439,39195.5
CAMP_03573,2024-01-09 20:05:48.549709944,Twitter,Display,55+,Retail,90,Desktop,Latin America,Q1,78.27737806894704,5411.78,435855,9288,442,13747.82
CAMP_03574,2024-01-10 01:03:39.643928792,TikTok,Display,35-44,Entertainment,14,Mobile,North America,Q1,63.81017964575253,426.07,44731,1041,74,13050.91
CAMP_03575,2024-01-10 06:01:30.738147632,Twitter,Social,35-44,Retail,60,Mobile,Asia,Q1,31.009639672553746,15992.65,1095335,16750,803,16611.26
CAMP_03576,2024-01-10 10:59:21.832366480,Facebook,Video,45-54,Entertainment,60,Desktop,Europe,Q1,30.562523143201666,16022.92,1715217,24124,815,14044.2
CAMP_03577,2024-01-10 15:57:12.926585320,Google,Search,25-34,Entertainment,14,Mobile,Asia,Q1,50.96032506122908,859.32,123422,3923,204,13085.11
CAMP_03578,2024-01-10 20:55:04.020804160,Instagram,Display,35-44,Finance,14,Desktop,Europe,Q1,66.94977168281838,16122.96,1371791,31723,1745,102194.94
CAMP_03579,2024-01-11 01:52:55.115023008,LinkedIn,Display,55+,Retail,30,Desktop,North America,Q1,77.56745939377026,3662.26,332080,5816,202,10377.0
CAMP_03580,2024-01-11 06:50:46.209241848,Instagram,Video,35-44,Technology,30,Mobile,Europe,Q1,28.581738920375308,280.88,27747,549,15,933.33
CAMP_03581,2024-01-11 11:48:37.303460696,Instagram,Display,25-34,Technology,7,Mobile,North America,Q1,73.05395040314274,744.04,73284,2253,173,4711.12
CAMP_03582,2024-01-11 16:46:28.397679536,Twitter,Social,18-24,Entertainment,90,Mobile,Europe,Q1,57.6323948893959,518614.92,43445740,982565,44920,2508628.84
CAMP_03583,2024-01-11 21:44:19.491898384,Facebook,Social,25-34,Retail,30,Desktop,Asia,Q1,60.06627563065097,3621.93,414557,9568,834,32096.49
CAMP_03584,2024-01-12 02:42:10.586117224,Twitter,Display,45-54,Education,14,Desktop,North America,Q1,71.77223692065691,2088.15,200081,3567,164,8749.2
CAMP_03585,2024-01-12 07:40:01.680336072,Facebook,Search,25-34,Entertainment,30,Desktop,Europe,Q1,94.92210640234647,2237.7,288792,11627,1150,28463.4
CAMP_03586,2024-01-12 12:37:52.774554912,Facebook,Search,18-24,Retail,7,Mobile,Europe,Q1,66.07283600812195,3849.23,474633,9453,502,25318.16
CAMP_03587,2024-01-12 17:35:43.868773760,Facebook,Social,55+,Entertainment,14,Desktop,North America,Q1,32.86526034581919,4232.7,512121,5453,325,22072.52
CAMP_03588,2024-01-12 22:33:34.962992600,LinkedIn,Social,25-34,Entertainment,60,Mobile,Other,Q1,56.258149741415515,10766.54,857684,20500,1276,29697.69
CAMP_03589,2024-01-13 03:31:26.057211448,Google,Search,18-24,Entertainment,60,Desktop,Europe,Q1,77.04268046292962,5682.42,661637,24846,2736,77168.13
CAMP_03590,2024-01-13 08:29:17.151430288,Google,Search,25-34,Retail,14,Mobile,North America,Q1,77.70086793833093,10572.15,1090785,42961,1948,26159.56
CAMP_03591,2024-01-13 13:27:08.245649136,TikTok,Social,25-34,Retail,30,Desktop,North America,Q1,73.31648748180615,15861.1,1474847,32486,2182,87970.84
CAMP_03592,2024-01-13 18:24:59.339867976,Google,Video,25-34,Technology,30,Desktop,Europe,Q1,49.79937689321862,5411.57,681672,22479,1237,60636.7
CAMP_03593,2024-01-13 23:22:50.434086824,Instagram,Search,55+,Technology,14,Mobile,North America,Q1,32.643494047654116,8159.39,941806,16259,784,58195.42
CAMP_03594,2024-01-14 04:20:41.528305664,Instagram,Native,45-54,Entertainment,7,Desktop,North America,Q1,71.79015511647857,18801.95,1990706,32795,1029,18520.79
CAMP_03595,2024-01-14 09:18:32.622524504,Instagram,Social,35-44,Entertainment,30,Mobile,North America,Q1,35.715262808041366,1896.97,192650,2923,93,5262.26
CAMP_03596,2024-01-14 14:16:23.716743352,Instagram,Search,25-34,Travel,30,Mobile,Europe,Q1,73.86022032850367,47262.23,4075387,136823,5990,331609.12
CAMP_03597,2024-01-14 19:14:14.810962192,Google,Search,35-44,Retail,7,Mobile,Europe,Q1,73.86578717389268,21832.71,2867064,127907,10433,717121.4
CAMP_03598,2024-01-15 00:12:05.905181040,Instagram,Display,25-34,Retail,7,Desktop,North America,Q1,50.64614126537939,7556.28,665403,13128,666,7628.83
CAMP_03599,2024-01-15 05:09:56.999399880,Facebook,Search,18-24,Entertainment,14,Desktop,Europe,Q1,57.750734200316955,35195.58,3121028,60251,4666,388409.23
CAMP_03600,2024-01-15 10:07:48.093618728,LinkedIn,Search,55+,Technology,14,Desktop,Other,Q1,63.97355734239106,3703.2,317322,8861,344,56419.39
CAMP_03601,2024-01-15 15:05:39.187837568,Google,Search,25-34,Technology,30,Desktop,Other,Q1,47.703706533577815,10892.18,1448259,31092,2285,114328.6
CAMP_03602,2024-01-15 20:03:30.282056416,Instagram,Social,25-34,Healthcare,14,Mobile,Latin America,Q1,32.36639931779894,14874.07,1511247,25773,1269,62311.03
CAMP_03603,2024-01-16 01:01:21.376275256,Google,Social,35-44,Retail,14,Mobile,Asia,Q1,59.215614459061925,14836.67,1559355,30058,1032,32545.05
CAMP_03604,2024-01-16 05:59:12.470494104,Facebook,Display,35-44,Healthcare,60,Mobile,North America,Q1,61.30065220959689,2311.48,226020,4465,151,3046.66
CAMP_03605,2024-01-16 10:57:03.564712944,Google,Search,18-24,Technology,7,Desktop,North America,Q1,87.22094727306104,13156.85,1612159,39513,2417,123145.33
CAMP_03606,2024-01-16 15:54:54.658931792,Google,Search,18-24,Healthcare,14,Tablet,Europe,Q1,44.36015856744282,132066.87,15575867,353393,18683,1399192.97
CAMP_03607,2024-01-16 20:52:45.753150632,Twitter,Search,25-34,Education,90,Mobile,Europe,Q1,81.36992347562222,35316.73,2846366,125606,9017,454011.18
CAMP_03608,2024-01-17 01:50:36.847369480,Facebook,Display,35-44,Retail,30,Desktop,Latin America,Q1,37.05861042147128,3417.94,395236,6513,401,22357.34
CAMP_03609,2024-01-17 06:48:27.941588320,TikTok,Search,25-34,Travel,30,Desktop,North America,Q1,33.107956006024594,704.56,60574,2000,68,3061.87
CAMP_03610,2024-01-17 11:46:19.035807168,TikTok,Social,25-34,Healthcare,14,Mobile,Europe,Q1,53.9827511058145,28429.88,2227671,61406,3072,42670.44
CAMP_03611,2024-01-17 16:44:10.130026008,Instagram,Search,35-44,Travel,7,Mobile,Europe,Q1,41.18181978780556,21478.03,1867481,40499,1302,76817.59
CAMP_03612,2024-01-17 21:42:01.224244848,Google,Native,45-54,Technology,30,Desktop,Europe,Q1,32.82768385243112,4791.96,662864,13021,924,48050.59
CAMP_03613,2024-01-18 02:39:52.318463696,Facebook,Native,25-34,Healthcare,30,Mobile,Europe,Q1,98.88660631629547,3823.25,340182,10380,1033,73785.25
CAMP_03614,2024-01-18 07:37:43.412682536,Twitter,Video,18-24,Finance,7,Desktop,North America,Q1,50.96704727288116,35242.35,3175166,48276,1165,32570.84
CAMP_03615,2024-01-18 12:35:34.506901384,Facebook,Display,35-44,Entertainment,14,Mobile,Other,Q1,100.0,1131.91,142099,3314,327,22149.51
CAMP_03616,2024-01-18 17:33:25.601120224,Google,Native,45-54,Healthcare,60,Mobile,Europe,Q1,40.105324022028476,698299.1,78498196,1320812,37745,1641893.59
CAMP_03617,2024-01-18 22:31:16.695339072,Instagram,Native,18-24,Finance,14,Mobile,Europe,Q1,25.82906866734003,2216.42,250453,4116,171,27500.89
CAMP_03618,2024-01-19 03:29:07.789557912,Twitter,Video,25-34,Travel,14,Desktop,North America,Q1,85.82579437856648,7641.42,542153,22165,1125,82631.11
CAMP_03619,2024-01-19 08:26:58.883776760,Twitter,Video,18-24,Technology,14,Mobile,Europe,Q1,45.46686735479502,89796.62,6129357,101053,2251,77792.77
CAMP_03620,2024-01-19 13:24:49.977995600,Google,Display,18-24,Technology,60,Desktop,North America,Q1,62.777315963976385,3854.82,541958,11330,979,33673.97
CAMP_03621,2024-01-19 18:22:41.072214448,LinkedIn,Native,35-44,Healthcare,60,Mobile,North America,Q1,32.887330299742345,4951.57,511618,10339,215,1995.79
CAMP_03622,2024-01-19 23:20:32.166433288,Google,Display,25-34,Healthcare,30,Mobile,North America,Q1,59.237737161399124,8211.59,833333,14417,925,24972.49
CAMP_03623,2024-01-20 04:18:23.260652136,Google,Search,45-54,Finance,14,Desktop,North America,Q1,32.56747860285815,3055.58,438615,11412,699,22629.46
CAMP_03624,2024-01-20 09:16:14.354870976,Twitter,Social,35-44,Finance,7,Mobile,Europe,Q1,58.52185204578071,18776.32,1273345,29676,1162,20364.08
CAMP_03625,2024-01-20 14:14:05.449089824,Google,Video,35-44,Travel,14,Desktop,North America,Q1,50.5213492102304,121913.66,13453218,382248,21483,609272.57
CAMP_03626,2024-01-20 19:11:56.543308664,Facebook,Search,25-34,Entertainment,30,Mobile,Latin America,Q1,64.60535460772208,19363.34,1941591,55184,3697,295751.23
CAMP_03627,2024-01-21 00:09:47.637527512,Google,Display,35-44,Retail,30,Desktop,North America,Q1,72.51382742217623,27993.32,3969259,84394,8717,688681.63
CAMP_03628,2024-01-21 05:07:38.731746352,Twitter,Social,18-24,Technology,90,Desktop,North America,Q1,64.82159998398441,4450.8,340428,7494,297,3504.54
CAMP_03629,2024-01-21 10:05:29.825965192,Twitter,Display,45-54,Travel,14,Desktop,Latin America,Q1,69.02093084324298,4814.65,455663,11881,793,48901.45
CAMP_03630,2024-01-21 15:03:20.920184040,Instagram,Search,55+,Entertainment,30,Mobile,North America,Q1,57.81934649200952,32245.09,3623809,102721,4327,306076.39
CAMP_03631,2024-01-21 20:01:12.014402880,LinkedIn,Search,25-34,Travel,30,Desktop,North America,Q1,51.29362596868726,59582.51,6377204,238372,8859,231955.64
CAMP_03632,2024-01-22 00:59:03.108621728,Google,Display,18-24,Technology,7,Mobile,North America,Q1,69.40237365579137,13743.14,1756565,24007,1186,101425.41
CAMP_03633,2024-01-22 05:56:54.202840568,Facebook,Video,18-24,Entertainment,14,Mobile,Asia,Q1,57.77104368243631,1170.77,115505,1997,128,26892.8
CAMP_03634,2024-01-22 10:54:45.297059416,Facebook,Search,35-44,Entertainment,30,Mobile,Asia,Q1,58.533804357717116,11057.72,1032991,40752,3109,75568.08
CAMP_03635,2024-01-22 15:52:36.391278256,Google,Display,35-44,Technology,90,Mobile,North America,Q1,67.95489930893723,36998.43,4542877,109350,5103,125765.25
CAMP_03636,2024-01-22 20:50:27.485497104,Instagram,Social,45-54,Healthcare,14,Desktop,Asia,Q1,39.335688039549645,18261.17,2171513,43101,1055,57663.65
CAMP_03637,2024-01-23 01:48:18.579715944,TikTok,Social,45-54,Healthcare,90,Desktop,Europe,Q1,88.59222188188865,12294.36,1017205,26636,1973,68717.22
CAMP_03638,2024-01-23 06:46:09.673934792,Google,Search,25-34,Finance,30,Mobile,Latin America,Q1,55.01286838887474,2916.85,398130,11551,840,20850.93
CAMP_03639,2024-01-23 11:44:00.768153632,Facebook,Search,35-44,Education,14,Desktop,North America,Q1,62.48363231940142,54126.62,5270501,203393,7490,556769.84
CAMP_03640,2024-01-23 16:41:51.862372480,Google,Search,35-44,Education,7,Mobile,Asia,Q1,59.10961104138844,10897.74,1342951,44631,2471,124184.55
CAMP_03641,2024-01-23 21:39:42.956591320,Google,Social,35-44,Education,7,Desktop,North America,Q1,73.0548630780424,5427.88,714720,14798,999,95805.3
CAMP_03642,2024-01-24 02:37:34.050810168,TikTok,Search,35-44,Education,14,Desktop,North America,Q1,66.78363341941679,56112.94,5098341,127708,4018,115415.81
CAMP_03643,2024-01-24 07:35:25.145029008,Facebook,Display,35-44,Finance,7,Desktop,North America,Q1,59.0015210626101,7508.21,769865,19198,1056,69680.24
CAMP_03644,2024-01-24 12:33:16.239247856,Facebook,Display,35-44,Finance,14,Mobile,Asia,Q1,88.97508232273744,42173.37,5053268,168846,17402,1473706.89
CAMP_03645,2024-01-24 17:31:07.333466696,LinkedIn,Search,35-44,Education,90,Desktop,Asia,Q1,1.0,4513.35,457772,6278,133,3077.59
CAMP_03646,2024-01-24 22:28:58.427685536,Google,Search,35-44,Finance,30,Mobile,Europe,Q1,84.85348760933894,3968.52,401215,12658,1092,80876.25
CAMP_03647,2024-01-25 03:26:49.521904384,Instagram,Search,45-54,Technology,30,Desktop,Asia,Q1,78.40430810381919,22281.25,2075479,53123,4929,384443.94
CAMP_03648,2024-01-25 08:24:40.616123224,Facebook,Video,35-44,Finance,7,Mobile,Europe,Q1,23.28366734395108,5935.24,625106,12798,314,7581.18
CAMP_03649,2024-01-25 13:22:31.710342072,Instagram,Social,35-44,Retail,14,Desktop,Asia,Q1,78.58566435434506,572.26,67777,2323,194,14035.4
CAMP_03650,2024-01-25 18:20:22.804560912,TikTok,Display,35-44,Entertainment,14,Mobile,North America,Q1,81.16934891119078,16825.6,1831936,59802,5344,128795.84
CAMP_03651,2024-01-25 23:18:13.898779760,LinkedIn,Display,25-34,Technology,60,Desktop,Europe,Q1,71.23526979762113,2201.99,175281,5341,334,23009.34
CAMP_03652,2024-01-26 04:16:04.992998600,Facebook,Search,25-34,Technology,7,Desktop,North America,Q1,28.818251126371642,13292.71,1560238,36775,1244,40295.2
CAMP_03653,2024-01-26 09:13:56.087217448,Twitter,Display,18-24,Travel,14,Desktop,Europe,Q1,73.65305435128451,17531.92,1470907,36575,1382,13480.41
CAMP_03654,2024-01-26 14:11:47.181436288,Google,Search,35-44,Entertainment,30,Desktop,Asia,Q1,80.14393712003857,25187.07,3496376,126058,6672,555457.89
CAMP_03655,2024-01-26 19:09:38.275655136,Google,Display,35-44,Entertainment,30,Tablet,Asia,Q1,48.55587010438255,1052.4,117793,2173,134,6648.65
CAMP_03656,2024-01-27 00:07:29.369873976,Google,Search,55+,Healthcare,60,Desktop,Asia,Q1,68.82267711972113,2870.83,337108,7258,457,28424.21
CAMP_03657,2024-01-27 05:05:20.464092824,Facebook,Search,25-34,Education,14,Mobile,North America,Q1,52.935842089610965,13937.11,1643814,46418,2521,31706.01
CAMP_03658,2024-01-27 10:03:11.558311664,Instagram,Display,25-34,Entertainment,14,Desktop,Asia,Q1,77.70753981033684,3794.49,426706,11853,846,35465.52
CAMP_03659,2024-01-27 15:01:02.652530512,Instagram,Display,25-34,Healthcare,30,Mobile,North America,Q1,53.729866295445134,14850.87,1454468,32575,2236,402033.36
CAMP_03660,2024-01-27 19:58:53.746749352,TikTok,Social,18-24,Travel,30,Desktop,Latin America,Q1,48.39765074307975,93141.9,7244258,137230,5343,81152.71
CAMP_03661,2024-01-28 00:56:44.840968200,Instagram,Search,45-54,Retail,14,Desktop,North America,Q1,59.21406914660562,44390.07,4429486,94410,2770,41181.98
CAMP_03662,2024-01-28 05:54:35.935187040,Instagram,Search,25-34,Travel,7,Mobile,Europe,Q1,33.166957590332856,10606.55,878769,21782,642,28035.07
CAMP_03663,2024-01-28 10:52:27.029405888,Google,Video,35-44,Finance,30,Desktop,Asia,Q1,57.228360335352775,2044.41,246743,5599,209,12788.93
CAMP_03664,2024-01-28 15:50:18.123624728,Google,Search,35-44,Finance,90,Desktop,Latin America,Q1,67.24185474716477,2764.8,293571,10329,1057,59914.1
CAMP_03665,2024-01-28 20:48:09.217843568,Instagram,Search,35-44,Retail,30,Mobile,Europe,Q1,77.39918538732702,7021.96,569335,19688,1767,85759.78
CAMP_03666,2024-01-29 01:46:00.312062416,Facebook,Search,45-54,Healthcare,60,Mobile,North America,Q1,64.97913477276398,2045.43,194220,4118,388,12613.86
CAMP_03667,2024-01-29 06:43:51.406281256,Twitter,Social,25-34,Healthcare,30,Mobile,Europe,Q1,31.347967258272046,85884.31,6187539,122551,3320,56550.74
CAMP_03668,2024-01-29 11:41:42.500500104,Google,Display,25-34,Travel,14,Tablet,North America,Q1,87.04542276459526,16090.1,1938627,41801,4605,419447.33
CAMP_03669,2024-01-29 16:39:33.594718944,Google,Display,45-54,Travel,7,Mobile,Asia,Q1,88.72317012748478,1307.49,155897,4277,311,7982.07
CAMP_03670,2024-01-29 21:37:24.688937792,Facebook,Social,45-54,Travel,30,Desktop,Latin America,Q1,62.251345105415645,14362.7,1755027,49082,2469,44639.04
CAMP_03671,2024-01-30 02:35:15.783156632,Google,Native,25-34,Technology,14,Mobile,North America,Q1,44.961167577026906,5623.88,644201,14948,905,75753.02
CAMP_03672,2024-01-30 07:33:06.877375480,Google,Video,18-24,Travel,30,Mobile,Europe,Q1,49.36764127076909,716.12,70524,1764,120,6895.94
CAMP_03673,2024-01-30 12:30:57.971594320,LinkedIn,Search,18-24,Finance,30,Desktop,Latin America,Q1,55.929552045638296,16906.41,1524825,35714,1484,71111.77
CAMP_03674,2024-01-30 17:28:49.065813168,Google,Display,25-34,Education,90,Mobile,North America,Q1,65.5733691239532,1368.47,141329,4197,330,24719.99
CAMP_03675,2024-01-30 22:26:40.160032008,Instagram,Video,55+,Technology,30,Tablet,Europe,Q1,53.9102943698052,2018.17,227238,3741,258,12525.42
CAMP_03676,2024-01-31 03:24:31.254250856,Facebook,Display,35-44,Finance,14,Mobile,Latin America,Q1,42.832249321976484,2112.92,207398,4341,147,5823.69
CAMP_03677,2024-01-31 08:22:22.348469696,Google,Video,25-34,Travel,14,Mobile,Latin America,Q1,80.46019768432875,4220.16,602799,24662,1828,164902.07
CAMP_03678,2024-01-31 13:20:13.442688544,Facebook,Social,45-54,Travel,14,Mobile,Europe,Q1,65.14571776148202,7793.46,868614,16809,1050,47769.64
CAMP_03679,2024-01-31 18:18:04.536907384,Twitter,Search,35-44,Entertainment,60,Tablet,North America,Q1,38.95255955128103,5569.65,505985,16234,753,29805.8
CAMP_03680,2024-01-31 23:15:55.631126232,Facebook,Video,25-34,Entertainment,7,Mobile,North America,Q1,65.8262091257158,16431.72,2038583,45299,3566,148272.79
CAMP_03681,2024-02-01 04:13:46.725345072,LinkedIn,Video,55+,Retail,90,Mobile,Europe,Q1,63.23741657558163,2546.41,265436,5888,333,7460.44
CAMP_03682,2024-02-01 09:11:37.819563912,Google,Social,45-54,Entertainment,90,Mobile,North America,Q1,45.63894176111218,30389.2,3817289,82869,2433,199328.35
CAMP_03683,2024-02-01 14:09:28.913782760,Twitter,Display,45-54,Healthcare,30,Mobile,North America,Q1,83.90099519221974,60948.81,4346600,113065,7788,141719.48
CAMP_03684,2024-02-01 19:07:20.008001600,Google,Search,35-44,Retail,14,Desktop,Asia,Q1,62.69778412854632,81987.95,8174950,264391,21164,1003200.36
CAMP_03685,2024-02-02 00:05:11.102220448,LinkedIn,Display,45-54,Retail,14,Desktop,Asia,Q1,55.66756715835665,1407.3,114998,2329,135,7284.46
CAMP_03686,2024-02-02 05:03:02.196439288,Instagram,Search,25-34,Retail,14,Mobile,Asia,Q1,58.33036503849157,11489.32,1186389,48178,3462,174076.52
CAMP_03687,2024-02-02 10:00:53.290658136,TikTok,Display,35-44,Entertainment,7,Mobile,North America,Q1,68.87833591709654,18150.61,1949358,54659,4236,302733.91
CAMP_03688,2024-02-02 14:58:44.384876976,Facebook,Video,55+,Retail,14,Desktop,North America,Q1,58.55633170939792,3660.55,355818,8580,541,36613.76
CAMP_03689,2024-02-02 19:56:35.479095824,Google,Display,25-34,Finance,7,Mobile,Asia,Q1,58.389126539222495,1864.36,194377,3265,268,25249.22
CAMP_03690,2024-02-03 00:54:26.573314664,Google,Display,45-54,Technology,30,Mobile,Asia,Q1,81.31930136650759,2771.39,324488,9250,1069,84405.46
CAMP_03691,2024-02-03 05:52:17.667533512,Twitter,Search,35-44,Healthcare,14,Mobile,Asia,Q1,31.63191345025469,30017.13,2725988,58554,1338,55429.62
CAMP_03692,2024-02-03 10:50:08.761752352,Instagram,Search,18-24,Entertainment,7,Mobile,Other,Q1,34.968937208100776,4730.19,384394,9037,559,51920.5
CAMP_03693,2024-02-03 15:47:59.855971200,Twitter,Display,45-54,Entertainment,30,Mobile,Latin America,Q1,75.53926719983875,13285.54,1270886,35877,1221,54437.15
CAMP_03694,2024-02-03 20:45:50.950190040,Google,Video,25-34,Finance,90,Mobile,Europe,Q1,100.0,52363.58,5305538,158354,15241,881195.86
CAMP_03695,2024-02-04 01:43:42.044408888,Facebook,Search,35-44,Finance,30,Mobile,North America,Q1,77.52990900304104,13405.71,1405848,63199,3573,146598.09
CAMP_03696,2024-02-04 06:41:33.138627728,Google,Search,18-24,Finance,14,Mobile,Europe,Q1,97.28417592145449,795.97,98502,2959,342,27346.4
CAMP_03697,2024-02-04 11:39:24.232846576,TikTok,Native,55+,Education,30,Desktop,Europe,Q1,51.31256772568544,1003.62,100549,1975,109,3243.25
CAMP_03698,2024-02-04 16:37:15.327065416,LinkedIn,Search,25-34,Technology,30,Tablet,North America,Q1,47.25837643324364,36174.96,3706343,127209,7344,288346.45
CAMP_03699,2024-02-04 21:35:06.421284256,TikTok,Search,25-34,Technology,60,Tablet,Asia,Q1,69.13066346492103,15953.0,1465547,69237,2152,253649.58
CAMP_03700,2024-02-05 02:32:57.515503104,Facebook,Search,18-24,Entertainment,14,Desktop,North America,Q1,79.07297919654062,10856.29,1360668,34878,2954,98637.67
CAMP_03701,2024-02-05 07:30:48.609721944,Instagram,Native,55+,Technology,60,Mobile,Asia,Q1,33.7689819743529,4556.41,462241,5709,188,12651.13
CAMP_03702,2024-02-05 12:28:39.703940792,LinkedIn,Social,45-54,Education,14,Mobile,North America,Q1,55.735632543403334,6069.34,551692,11818,390,26940.82
CAMP_03703,2024-02-05 17:26:30.798159632,Facebook,Display,45-54,Technology,60,Desktop,Europe,Q1,59.45965664711893,11501.66,1049954,24948,927,14239.05
CAMP_03704,2024-02-05 22:24:21.892378480,Twitter,Display,35-44,Entertainment,14,Mobile,Latin America,Q1,46.422595686292524,1007.4,69524,1336,28,437.52
CAMP_03705,2024-02-06 03:22:12.986597320,TikTok,Display,35-44,Retail,60,Mobile,North America,Q1,48.755563469085125,43737.61,3919435,55605,3118,393714.43
CAMP_03706,2024-02-06 08:20:04.080816168,Twitter,Search,18-24,Finance,90,Mobile,Europe,Q1,76.86138602118386,6411.99,438910,14364,1015,38118.81
CAMP_03707,2024-02-06 13:17:55.175035008,LinkedIn,Social,35-44,Technology,7,Mobile,North America,Q1,69.39368962181646,3529.22,351917,11773,593,35129.18
CAMP_03708,2024-02-06 18:15:46.269253856,Facebook,Search,25-34,Education,90,Desktop,Latin America,Q1,75.96902843718908,8594.45,1053428,47828,2369,52398.59
CAMP_03709,2024-02-06 23:13:37.363472696,Facebook,Video,55+,Travel,7,Desktop,Asia,Q1,66.73749380745548,3182.94,395637,9958,759,13777.15
CAMP_03710,2024-02-07 04:11:28.457691544,TikTok,Social,45-54,Finance,14,Desktop,Latin America,Q1,42.53486646294924,12352.21,1271396,23879,677,42426.66
CAMP_03711,2024-02-07 09:09:19.551910384,Google,Social,25-34,Education,14,Desktop,Latin America,Q1,68.46206103678342,15849.16,1592247,47751,4407,264453.51
CAMP_03712,2024-02-07 14:07:10.646129232,LinkedIn,Display,25-34,Entertainment,90,Mobile,Asia,Q1,40.95814195244983,3765.63,328722,6874,260,6497.42
CAMP_03713,2024-02-07 19:05:01.740348072,LinkedIn,Search,45-54,Travel,14,Desktop,North America,Q1,53.764933219313164,4463.1,364680,7619,211,11452.5
CAMP_03714,2024-02-08 00:02:52.834566920,Instagram,Search,18-24,Education,30,Mobile,North America,Q1,39.2750269036355,4191.72,440999,9526,399,29179.14
CAMP_03715,2024-02-08 05:00:43.928785760,TikTok,Social,25-34,Retail,30,Desktop,Europe,Q1,47.78224415858266,3424.3,334471,7963,352,19088.63
CAMP_03716,2024-02-08 09:58:35.023004600,Facebook,Social,25-34,Entertainment,90,Mobile,Europe,Q1,61.809576947090314,10403.78,932588,24728,2003,32498.77
CAMP_03717,2024-02-08 14:56:26.117223448,Facebook,Search,35-44,Healthcare,30,Desktop,Asia,Q1,50.85018791009357,4545.98,507022,15425,1040,27381.64
CAMP_03718,2024-02-08 19:54:17.211442288,Google,Search,45-54,Retail,14,Tablet,North America,Q1,42.336751799510424,35588.23,4856578,141022,7065,445940.02
CAMP_03719,2024-02-09 00:52:08.305661136,Facebook,Social,25-34,Technology,14,Mobile,North America,Q1,82.7559494316416,57738.71,5882934,160784,16056,282928.5
CAMP_03720,2024-02-09 05:49:59.399879976,Facebook,Search,18-24,Travel,7,Mobile,Europe,Q1,57.608165652442814,2537.23,300235,8706,378,15010.41
CAMP_03721,2024-02-09 10:47:50.494098824,Facebook,Display,35-44,Travel,30,Mobile,North America,Q1,49.44143907134151,6565.57,753757,14997,1223,30336.98
CAMP_03722,2024-02-09 15:45:41.588317664,Twitter,Social,45-54,Entertainment,7,Mobile,Asia,Q1,38.35201778596048,12697.51,1151190,14752,722,28903.61
CAMP_03723,2024-02-09 20:43:32.682536512,TikTok,Display,25-34,Travel,14,Mobile,Europe,Q1,22.56010229713703,1924.38,208025,3443,106,1796.55
CAMP_03724,2024-02-10 01:41:23.776755352,Google,Display,25-34,Education,60,Desktop,Asia,Q1,55.55905972537757,52813.14,6693402,140165,7284,254320.84
CAMP_03725,2024-02-10 06:39:14.870974200,Facebook,Social,55+,Retail,14,Mobile,North America,Q1,32.435625929600576,5005.31,518270,8852,363,12677.91
CAMP_03726,2024-02-10 11:37:05.965193040,TikTok,Social,55+,Technology,30,Mobile,Other,Q1,74.24072918721906,15057.82,1355780,28529,2438,63265.71
CAMP_03727,2024-02-10 16:34:57.059411888,Google,Search,55+,Retail,14,Desktop,North America,Q1,60.589823891970575,6728.5,827963,14780,991,89785.53
CAMP_03728,2024-02-10 21:32:48.153630728,Google,Display,45-54,Retail,7,Mobile,North America,Q1,91.16721558276271,7324.37,811105,15576,1762,142528.46
CAMP_03729,2024-02-11 02:30:39.247849576,Google,Display,25-34,Technology,14,Mobile,Asia,Q1,64.46148546474264,8107.94,951686,24346,1507,104078.71
CAMP_03730,2024-02-11 07:28:30.342068416,Instagram,Display,25-34,Finance,14,Desktop,North America,Q1,45.466844054807005,415.29,40111,918,53,2277.18
CAMP_03731,2024-02-11 12:26:21.436287264,Google,Display,25-34,Education,60,Desktop,North America,Q1,22.399847952631013,11920.81,1444543,23398,1159,19949.52
CAMP_03732,2024-02-11 17:24:12.530506104,TikTok,Social,25-34,Education,14,Mobile,North America,Q1,76.13087727483513,22805.68,1751589,67790,3819,227627.0
CAMP_03733,2024-02-11 22:22:03.624724944,Facebook,Display,55+,Healthcare,14,Mobile,Europe,Q1,34.0210347892922,26228.29,2852673,36090,2050,42644.94
CAMP_03734,2024-02-12 03:19:54.718943792,Instagram,Search,45-54,Travel,30,Mobile,Latin America,Q1,51.837109546204765,55932.56,5096482,126651,7516,200842.2
CAMP_03735,2024-02-12 08:17:45.813162632,Google,Display,45-54,Finance,30,Mobile,Europe,Q1,93.48176493109827,559.56,67974,1358,104,7678.72
CAMP_03736,2024-02-12 13:15:36.907381480,Instagram,Native,25-34,Education,30,Mobile,Europe,Q1,72.21966698097452,2278.28,252606,6901,366,8099.72
CAMP_03737,2024-02-12 18:13:28.001600320,LinkedIn,Display,55+,Finance,90,Desktop,North America,Q1,67.79730909069882,19055.26,1568276,21778,1168,74586.63
CAMP_03738,2024-02-12 23:11:19.095819168,LinkedIn,Video,45-54,Technology,30,Desktop,North America,Q1,78.88644886240218,13309.59,1075401,27089,2181,141200.98
CAMP_03739,2024-02-13 04:09:10.190038008,LinkedIn,Video,25-34,Travel,14,Mobile,North America,Q1,78.14099637811056,1525.03,136000,4239,171,9222.62
CAMP_03740,2024-02-13 09:07:01.284256856,Instagram,Search,45-54,Finance,60,Desktop,Latin America,Q1,91.6189286390834,2440.01,276394,12135,1079,122995.85
CAMP_03741,2024-02-13 14:04:52.378475696,TikTok,Search,25-34,Finance,30,Mobile,North America,Q1,47.956412990622624,28150.27,3010824,113567,5760,240005.12
CAMP_03742,2024-02-13 19:02:43.472694544,Twitter,Search,18-24,Technology,14,Mobile,Other,Q1,52.466316931384696,22046.51,2034274,37448,996,14891.74
CAMP_03743,2024-02-14 00:00:34.566913384,LinkedIn,Search,35-44,Entertainment,14,Desktop,North America,Q1,41.552307418766254,3403.71,316885,10695,594,16809.22
CAMP_03744,2024-02-14 04:58:25.661132232,Google,Video,35-44,Travel,14,Desktop,Asia,Q1,59.34604727232053,21596.86,2922578,79617,3465,234207.29
CAMP_03745,2024-02-14 09:56:16.755351072,Google,Search,18-24,Retail,7,Mobile,Latin America,Q1,57.355345416596116,16408.31,2134337,46241,2674,200364.87
CAMP_03746,2024-02-14 14:54:07.849569920,Google,Search,25-34,Education,7,Mobile,North America,Q1,24.900955253288522,2365.01,316473,7467,239,18368.77
CAMP_03747,2024-02-14 19:51:58.943788760,LinkedIn,Video,55+,Retail,7,Desktop,Asia,Q1,46.92198485810907,160.19,17197,221,7,333.08
CAMP_03748,2024-02-15 00:49:50.038007608,Facebook,Video,35-44,Technology,60,Mobile,North America,Q1,88.78233068397932,1626.24,183295,7046,290,7460.92
CAMP_03749,2024-02-15 05:47:41.132226448,Facebook,Video,45-54,Retail,60,Mobile,North America,Q1,64.88417189774171,5670.76,674274,14296,496,48278.26
CAMP_03750,2024-02-15 10:45:32.226445288,Twitter,Video,25-34,Entertainment,30,Mobile,North America,Q1,74.30797236173426,3207.48,219163,6641,222,7301.86
CAMP_03751,2024-02-15 15:43:23.320664136,Twitter,Search,18-24,Retail,60,Desktop,Asia,Q1,57.58910664298637,2303.04,182405,5461,349,11241.27
CAMP_03752,2024-02-15 20:41:14.414882976,TikTok,Display,25-34,Healthcare,7,Mobile,North America,Q1,22.25812951604317,24817.01,2481657,38414,876,65358.51
CAMP_03753,2024-02-16 01:39:05.509101824,Facebook,Display,25-34,Technology,60,Tablet,North America,Q1,57.42728156340922,1046.48,135701,2938,154,8440.89
CAMP_03754,2024-02-16 06:36:56.603320664,LinkedIn,Display,25-34,Retail,30,Mobile,Other,Q1,80.83393115041957,30552.79,2519251,69788,3420,57174.47
CAMP_03755,2024-02-16 11:34:47.697539512,Facebook,Native,25-34,Entertainment,7,Mobile,North America,Q1,36.28632417512181,2983.46,302710,5359,379,26860.36
CAMP_03756,2024-02-16 16:32:38.791758352,Google,Social,35-44,Technology,7,Desktop,Europe,Q1,74.94077853487275,16948.75,2078902,73708,3742,295543.51
CAMP_03757,2024-02-16 21:30:29.885977200,Google,Display,25-34,Technology,14,Mobile,Other,Q1,25.963366614146466,27284.93,3406086,66833,2058,101463.02
CAMP_03758,2024-02-17 02:28:20.980196040,Facebook,Display,45-54,Technology,7,Mobile,North America,Q1,60.403824764646615,12006.56,1506477,28618,1959,143086.28
CAMP_03759,2024-02-17 07:26:12.074414888,Facebook,Display,25-34,Healthcare,14,Mobile,North America,Q1,70.89036900293259,14926.58,1693079,41643,3336,646675.25
CAMP_03760,2024-02-17 12:24:03.168633728,Twitter,Search,35-44,Entertainment,7,Mobile,Asia,Q1,53.75774951461216,1149.87,86395,3014,100,2981.14
CAMP_03761,2024-02-17 17:21:54.262852576,Google,Video,18-24,Retail,14,Desktop,North America,Q1,100.0,21369.66,2462842,92363,7554,182477.36
CAMP_03762,2024-02-17 22:19:45.357071416,LinkedIn,Search,35-44,Technology,14,Mobile,North America,Q1,50.13619125822795,33419.7,2490771,64908,1731,109365.62
CAMP_03763,2024-02-18 03:17:36.451290264,Instagram,Search,18-24,Finance,90,Tablet,Europe,Q1,48.43167524643596,343.8,30989,570,20,1028.51
CAMP_03764,2024-02-18 08:15:27.545509104,Facebook,Social,55+,Technology,14,Desktop,Asia,Q1,64.08984083710008,166.27,16242,278,18,641.2
CAMP_03765,2024-02-18 13:13:18.639727952,Instagram,Display,45-54,Education,14,Mobile,North America,Q1,44.90053728325582,32846.94,3302841,68495,2310,49300.82
CAMP_03766,2024-02-18 18:11:09.733946792,Facebook,Social,35-44,Entertainment,30,Mobile,North America,Q1,31.17324812369377,2021.23,229874,3572,95,4752.23
CAMP_03767,2024-02-18 23:09:00.828165640,Instagram,Social,18-24,Healthcare,60,Mobile,North America,Q1,38.04660450155566,376920.52,35768810,624756,17350,877683.76
CAMP_03768,2024-02-19 04:06:51.922384480,Facebook,Video,35-44,Technology,14,Mobile,North America,Q1,75.1597351909579,4528.48,495437,11653,624,18098.23
CAMP_03769,2024-02-19 09:04:43.016603320,Google,Display,45-54,Entertainment,60,Desktop,Asia,Q1,53.901208822492904,960.38,134198,2885,96,6030.27
CAMP_03770,2024-02-19 14:02:34.110822168,Google,Display,25-34,Education,14,Mobile,North America,Q1,94.04041901003853,11319.44,1122783,25497,2123,145277.74
CAMP_03771,2024-02-19 19:00:25.205041008,Instagram,Display,35-44,Healthcare,7,Tablet,Europe,Q1,51.1752750985493,5271.66,522781,11641,573,92143.96
CAMP_03772,2024-02-19 23:58:16.299259856,TikTok,Display,45-54,Entertainment,14,Mobile,Europe,Q1,74.21020709464597,81566.44,6378046,141409,11360,641734.99
CAMP_03773,2024-02-20 04:56:07.393478696,Facebook,Search,45-54,Entertainment,30,Mobile,North America,Q1,70.21683958923741,1408.06,181301,6097,433,14251.65
CAMP_03774,2024-02-20 09:53:58.487697544,LinkedIn,Search,45-54,Healthcare,14,Mobile,North America,Q1,50.876983856399576,25395.58,2313092,55792,3429,399692.3
CAMP_03775,2024-02-20 14:51:49.581916384,LinkedIn,Native,45-54,Technology,30,Mobile,North America,Q1,42.42382141668181,6996.43,653607,10215,620,27523.99
CAMP_03776,2024-02-20 19:49:40.676135232,TikTok,Video,55+,Entertainment,14,Desktop,North America,Q1,25.363926021481042,7545.6,836468,9254,351,5251.17
CAMP_03777,2024-02-21 00:47:31.770354072,Twitter,Native,25-34,Technology,30,Desktop,Europe,Q1,71.06241559360186,10705.97,989439,35217,1670,67373.39
CAMP_03778,2024-02-21 05:45:22.864572920,Instagram,Display,35-44,Entertainment,14,Mobile,Asia,Q1,83.9651946510029,14780.46,1760129,39606,1363,25844.27
CAMP_03779,2024-02-21 10:43:13.958791760,LinkedIn,Social,45-54,Education,14,Desktop,North America,Q1,28.201386564915314,2498.81,199723,2367,82,3171.22
CAMP_03780,2024-02-21 15:41:05.053010608,Twitter,Display,35-44,Education,30,Desktop,Europe,Q1,52.59110130006651,6798.68,454454,9324,241,18605.77
CAMP_03781,2024-02-21 20:38:56.147229448,Facebook,Video,55+,Finance,30,Desktop,Other,Q1,46.66163339614503,12506.52,1628381,27041,1167,47142.3
CAMP_03782,2024-02-22 01:36:47.241448296,Facebook,Social,18-24,Retail,14,Desktop,North America,Q1,71.02738300640415,14231.51,1258073,32670,1455,17699.18
CAMP_03783,2024-02-22 06:34:38.335667136,Google,Display,25-34,Retail,60,Desktop,Europe,Q1,53.42694624094665,7605.78,754943,20798,1613,100315.24
CAMP_03784,2024-02-22 11:32:29.429885984,Twitter,Search,25-34,Entertainment,30,Mobile,Asia,Q1,86.45961140835632,1809.86,157270,7721,377,22898.96
CAMP_03785,2024-02-22 16:30:20.524104824,Twitter,Search,25-34,Education,14,Mobile,North America,Q1,52.312136180663,20309.08,1575825,55167,1660,67357.95
CAMP_03786,2024-02-22 21:28:11.618323664,Google,Search,25-34,Entertainment,90,Mobile,Asia,Q1,35.27233080928191,13406.16,1596478,47384,2551,214561.11
CAMP_03787,2024-02-23 02:26:02.712542512,Instagram,Search,45-54,Retail,30,Desktop,Other,Q1,50.623893495783754,3167.99,377132,10753,445,88205.44
CAMP_03788,2024-02-23 07:23:53.806761352,Facebook,Social,18-24,Travel,14,Desktop,North America,Q1,52.827707996824934,35123.07,4016560,62189,3485,293629.11
CAMP_03789,2024-02-23 12:21:44.900980200,Google,Video,45-54,Travel,7,Desktop,Asia,Q1,70.52199890989323,55.93,7501,185,9,796.04
CAMP_03790,2024-02-23 17:19:35.995199040,TikTok,Search,35-44,Finance,30,Tablet,North America,Q1,52.529618892690316,748.58,58192,2074,94,1137.92
CAMP_03791,2024-02-23 22:17:27.089417888,Google,Social,25-34,Healthcare,7,Mobile,North America,Q1,68.80193026800755,3214.74,319521,7409,653,50063.2
CAMP_03792,2024-02-24 03:15:18.183636728,Google,Video,25-34,Entertainment,14,Desktop,Europe,Q1,44.190314558219626,1589.33,165182,2981,163,12591.03
CAMP_03793,2024-02-24 08:13:09.277855576,Instagram,Video,35-44,Entertainment,14,Desktop,North America,Q1,54.106466404106875,25185.02,2076461,48034,2263,114985.55
CAMP_03794,2024-02-24 13:11:00.372074416,LinkedIn,Social,45-54,Travel,30,Desktop,Europe,Q1,44.299314465749575,8974.25,659134,14017,319,4177.85
CAMP_03795,2024-02-24 18:08:51.466293264,Google,Search,45-54,Retail,7,Desktop,North America,Q1,43.067168206477234,1344.56,137669,3773,268,12310.66
CAMP_03796,2024-02-24 23:06:42.560512104,LinkedIn,Search,45-54,Healthcare,60,Mobile,Asia,Q1,85.49667114568024,6454.21,694913,22130,1005,70921.28
CAMP_03797,2024-02-25 04:04:33.654730952,Instagram,Video,55+,Entertainment,14,Mobile,Europe,Q1,45.69740857081462,1085.02,97153,1656,101,15468.21
CAMP_03798,2024-02-25 09:02:24.748949792,Google,Search,35-44,Education,14,Tablet,Europe,Q1,53.04790435704469,15284.88,1542997,54863,3501,263452.03
CAMP_03799,2024-02-25 14:00:15.843168640,Google,Video,55+,Education,30,Mobile,North America,Q1,80.89208919898859,1439.6,175681,3110,343,29048.94
CAMP_03800,2024-02-25 18:58:06.937387480,Instagram,Search,45-54,Travel,30,Mobile,North America,Q1,75.0000279254306,7995.67,736849,19951,1002,46858.62
CAMP_03801,2024-02-25 23:55:58.031606328,Facebook,Social,45-54,Finance,14,Mobile,North America,Q1,92.82414433323069,827.18,103791,3093,166,11933.73
CAMP_03802,2024-02-26 04:53:49.125825168,TikTok,Display,18-24,Education,14,Mobile,Asia,Q1,69.65603729008356,1455.6,149367,3498,254,6820.89
CAMP_03803,2024-02-26 09:51:40.220044008,Twitter,Search,55+,Finance,14,Desktop,North America,Q1,47.992012206278844,7694.22,505563,9650,321,15475.01
CAMP_03804,2024-02-26 14:49:31.314262856,TikTok,Native,35-44,Finance,30,Desktop,Europe,Q1,100.0,587.25,46650,1057,96,4325.12
CAMP_03805,2024-02-26 19:47:22.408481696,Facebook,Search,45-54,Technology,14,Tablet,North America,Q1,71.64161489110536,7571.48,731650,25647,2257,145056.77
CAMP_03806,2024-02-27 00:45:13.502700544,TikTok,Social,18-24,Education,30,Mobile,Asia,Q1,56.90609322396668,13683.4,1307167,23755,644,26664.52
CAMP_03807,2024-02-27 05:43:04.596919384,Facebook,Search,25-34,Travel,30,Desktop,Europe,Q1,61.1493109940104,42572.21,3949492,99993,3589,203763.53
CAMP_03808,2024-02-27 10:40:55.691138232,Facebook,Social,25-34,Technology,7,Desktop,Europe,Q1,63.5856315890143,4911.72,568864,12315,781,49717.27
CAMP_03809,2024-02-27 15:38:46.785357072,Google,Video,25-34,Retail,14,Tablet,Asia,Q1,55.2637625042135,2016.32,277831,7842,688,21953.46
CAMP_03810,2024-02-27 20:36:37.879575920,Google,Video,18-24,Education,14,Tablet,Europe,Q1,32.48288796165666,6534.88,723775,11239,619,20044.34
CAMP_03811,2024-02-28 01:34:28.973794760,LinkedIn,Display,45-54,Healthcare,14,Desktop,Asia,Q1,92.53442104493163,3655.62,386186,7910,429,18893.51
CAMP_03812,2024-02-28 06:32:20.068013608,Facebook,Search,18-24,Travel,30,Mobile,Asia,Q1,59.563318476504584,3512.33,441695,8693,318,13615.65
CAMP_03813,2024-02-28 11:30:11.162232448,Google,Social,25-34,Technology,30,Mobile,Europe,Q1,63.669930254052865,1045.2,143056,4691,417,6418.76
CAMP_03814,2024-02-28 16:28:02.256451296,Instagram,Display,25-34,Retail,30,Desktop,Latin America,Q1,100.0,741.4,63742,2352,193,11615.74
CAMP_03815,2024-02-28 21:25:53.350670136,Facebook,Search,35-44,Finance,7,Desktop,Asia,Q1,46.3342947356483,11558.42,1157286,23907,1180,38593.56
CAMP_03816,2024-02-29 02:23:44.444888984,Instagram,Social,25-34,Retail,60,Desktop,Europe,Q1,73.10970649428208,23887.44,2025731,77763,4398,94640.19
CAMP_03817,2024-02-29 07:21:35.539107824,Facebook,Search,25-34,Technology,14,Mobile,North America,Q1,44.15402632860033,11654.5,1340105,40481,3042,130761.3
CAMP_03818,2024-02-29 12:19:26.633326672,Twitter,Display,35-44,Retail,14,Desktop,Europe,Q1,66.42042325090877,12241.04,793088,17388,715,20063.63
CAMP_03819,2024-02-29 17:17:17.727545512,Twitter,Search,35-44,Technology,30,Mobile,North America,Q1,64.03011492502716,16933.92,1163575,48482,2500,21638.76
CAMP_03820,2024-02-29 22:15:08.821764352,Instagram,Display,18-24,Retail,60,Mobile,Europe,Q1,75.81202194280633,20447.59,2207694,32999,1422,151771.32
CAMP_03821,2024-03-01 03:12:59.915983200,Facebook,Video,25-34,Travel,14,Mobile,Europe,Q1,84.16337435380666,21640.71,2005976,83773,5939,545980.38
CAMP_03822,2024-03-01 08:10:51.010202040,Facebook,Native,25-34,Technology,30,Tablet,Europe,Q1,48.40957817600656,32883.81,4029851,103076,3840,398239.95
CAMP_03823,2024-03-01 13:08:42.104420888,Twitter,Video,55+,Finance,60,Mobile,Asia,Q1,88.33349681447837,2270.9,181823,5751,457,21555.42
CAMP_03824,2024-03-01 18:06:33.198639728,Facebook,Video,25-34,Education,30,Desktop,Asia,Q1,89.74961877122624,10165.41,1085135,49478,5305,375088.49
CAMP_03825,2024-03-01 23:04:24.292858576,Google,Social,35-44,Entertainment,7,Mobile,North America,Q1,55.00029230612981,13311.79,1774248,41382,2141,122925.96
CAMP_03826,2024-03-02 04:02:15.387077416,Google,Display,25-34,Healthcare,60,Desktop,North America,Q1,59.86834837193741,126543.02,14917629,359221,18013,1217935.51
CAMP_03827,2024-03-02 09:00:06.481296264,Facebook,Search,35-44,Entertainment,30,Desktop,Europe,Q1,50.112997601011216,14248.96,1727929,39660,1356,103276.23
CAMP_03828,2024-03-02 13:57:57.575515104,Instagram,Display,18-24,Education,30,Tablet,Europe,Q1,53.89117572312724,55530.37,5677758,92996,6097,63619.5
CAMP_03829,2024-03-02 18:55:48.669733952,Twitter,Display,18-24,Education,30,Mobile,Asia,Q1,35.93048689499864,1582.82,116866,2089,76,3398.53
CAMP_03830,2024-03-02 23:53:39.763952792,Google,Display,35-44,Healthcare,90,Mobile,North America,Q1,75.55071544658381,2369.96,272761,8729,968,28829.11
CAMP_03831,2024-03-03 04:51:30.858171640,Facebook,Display,25-34,Education,14,Desktop,North America,Q1,18.994122149504562,2783.29,249731,4623,256,6609.91
CAMP_03832,2024-03-03 09:49:21.952390480,Twitter,Search,18-24,Healthcare,7,Mobile,Europe,Q1,46.05810298474628,207794.52,15512987,444041,10346,364068.08
CAMP_03833,2024-03-03 14:47:13.046609328,Twitter,Social,35-44,Technology,14,Mobile,Europe,Q1,59.07675897860865,11978.06,888553,20273,629,39857.18
CAMP_03834,2024-03-03 19:45:04.140828168,Facebook,Search,55+,Education,7,Mobile,North America,Q1,85.99594660855878,1733.12,216078,6784,637,30184.96
CAMP_03835,2024-03-04 00:42:55.235047016,Facebook,Native,25-34,Healthcare,14,Desktop,Europe,Q1,49.09510861396187,32480.14,3852848,68039,4744,924330.23
CAMP_03836,2024-03-04 05:40:46.329265856,Facebook,Video,35-44,Travel,30,Mobile,North America,Q1,68.55703342205156,10253.41,1257941,43253,1476,86033.33
CAMP_03837,2024-03-04 10:38:37.423484696,TikTok,Search,55+,Retail,14,Mobile,North America,Q1,58.380317710995385,12749.21,1133538,22427,658,12534.03
CAMP_03838,2024-03-04 15:36:28.517703544,Google,Search,45-54,Finance,30,Desktop,North America,Q1,78.90237800944668,62513.43,7704207,277555,20223,977729.87
CAMP_03839,2024-03-04 20:34:19.611922384,TikTok,Native,35-44,Travel,60,Mobile,Europe,Q1,67.51171497914741,6821.03,607233,16074,1003,81443.51
CAMP_03840,2024-03-05 01:32:10.706141232,LinkedIn,Video,45-54,Technology,14,Mobile,Latin America,Q1,76.60418776079445,38354.67,3444194,88237,4121,112461.22
CAMP_03841,2024-03-05 06:30:01.800360072,Instagram,Search,18-24,Travel,60,Mobile,North America,Q1,48.987301696908204,48617.8,4881676,138370,9920,275376.98
CAMP_03842,2024-03-05 11:27:52.894578920,Google,Social,35-44,Travel,7,Desktop,North America,Q1,39.71950211683328,2984.64,354272,7139,519,17245.38
CAMP_03843,2024-03-05 16:25:43.988797760,Instagram,Display,25-34,Education,60,Mobile,Asia,Q1,67.34256638106726,3355.13,380356,10022,677,33219.99
CAMP_03844,2024-03-05 21:23:35.083016608,Facebook,Social,25-34,Healthcare,60,Desktop,Latin America,Q1,50.24543961921478,8883.78,989191,25507,1894,100589.07
CAMP_03845,2024-03-06 02:21:26.177235448,Google,Video,25-34,Healthcare,14,Desktop,North America,Q1,60.606477436999434,5272.95,630868,20073,1253,26865.72
CAMP_03846,2024-03-06 07:19:17.271454296,LinkedIn,Social,18-24,Education,14,Mobile,North America,Q1,66.3454988052818,26738.34,2537264,43335,1448,75837.94
CAMP_03847,2024-03-06 12:17:08.365673136,TikTok,Native,35-44,Entertainment,14,Tablet,North America,Q1,84.8381506130945,3375.68,332655,6605,568,8111.19
CAMP_03848,2024-03-06 17:14:59.459891984,Instagram,Search,35-44,Healthcare,60,Mobile,North America,Q1,75.73141286779999,66874.35,7377896,238175,15984,1028014.08
CAMP_03849,2024-03-06 22:12:50.554110824,LinkedIn,Search,35-44,Travel,60,Mobile,Europe,Q1,46.37980654452059,28930.9,2488016,68582,3308,415541.43
CAMP_03850,2024-03-07 03:10:41.648329672,Google,Video,18-24,Entertainment,14,Desktop,Other,Q1,37.09955524484886,4613.74,570793,12049,537,27938.62
CAMP_03851,2024-03-07 08:08:32.742548512,Facebook,Native,18-24,Travel,30,Desktop,Asia,Q1,94.14762209508895,20082.08,1889343,42320,1891,149364.46
CAMP_03852,2024-03-07 13:06:23.836767360,Google,Search,35-44,Retail,7,Mobile,Other,Q1,28.3468065605131,126364.75,12408046,282271,14144,767023.94
CAMP_03853,2024-03-07 18:04:14.930986200,Instagram,Video,55+,Retail,14,Mobile,Europe,Q1,50.94994304617898,6535.81,763292,13894,401,8130.98
CAMP_03854,2024-03-07 23:02:06.025205048,TikTok,Search,18-24,Finance,90,Mobile,Latin America,Q1,72.90489640644233,130397.13,13797252,403211,29209,392029.13
CAMP_03855,2024-03-08 03:59:57.119423888,LinkedIn,Search,25-34,Finance,7,Mobile,North America,Q1,92.77522493900065,68962.63,6526606,373251,26530,311350.93
CAMP_03856,2024-03-08 08:57:48.213642728,Google,Video,45-54,Entertainment,60,Desktop,North America,Q1,56.2067694975161,880.79,117888,3397,241,20321.81
CAMP_03857,2024-03-08 13:55:39.307861576,Facebook,Display,18-24,Retail,60,Desktop,Asia,Q1,60.546859885417874,3521.33,388532,5076,366,13414.92
CAMP_03858,2024-03-08 18:53:30.402080416,Instagram,Video,45-54,Travel,90,Mobile,North America,Q1,42.4994515680515,956.43,92371,2035,53,1547.88
CAMP_03859,2024-03-08 23:51:21.496299264,Facebook,Search,35-44,Technology,7,Mobile,North America,Q1,62.53232224270409,3148.69,387636,9026,782,18943.53
CAMP_03860,2024-03-09 04:49:12.590518104,Twitter,Search,25-34,Finance,14,Mobile,Asia,Q1,36.99692041398241,3834.07,288334,9939,386,17204.78
CAMP_03861,2024-03-09 09:47:03.684736952,Twitter,Search,25-34,Technology,7,Mobile,North America,Q1,44.99430093562694,1226.27,84402,2782,146,5283.83
CAMP_03862,2024-03-09 14:44:54.778955792,Instagram,Social,25-34,Healthcare,30,Mobile,Europe,Q1,75.27781108276962,6558.47,784979,20162,1124,13803.85
CAMP_03863,2024-03-09 19:42:45.873174640,Facebook,Social,25-34,Retail,30,Mobile,North America,Q1,51.328463662761486,895.48,83869,2297,162,13434.37
CAMP_03864,2024-03-10 00:40:36.967393480,Facebook,Search,45-54,Retail,7,Mobile,Asia,Q1,78.3449784410614,8707.64,1099243,28372,1449,55382.79
CAMP_03865,2024-03-10 05:38:28.061612328,Google,Video,45-54,Entertainment,30,Mobile,North America,Q1,56.92985746701779,13588.3,1771946,33170,2386,329713.34
CAMP_03866,2024-03-10 10:36:19.155831168,Facebook,Search,35-44,Retail,14,Desktop,Europe,Q1,32.6231981425837,2280.37,229302,7039,455,37145.09
CAMP_03867,2024-03-10 15:34:10.250050016,Facebook,Search,45-54,Technology,7,Mobile,North America,Q1,83.36730551422602,100826.37,11240691,442666,27111,3359281.85
CAMP_03868,2024-03-10 20:32:01.344268856,LinkedIn,Search,25-34,Entertainment,14,Tablet,Asia,Q1,33.69347829896223,560.48,51340,1384,67,11952.31
CAMP_03869,2024-03-11 01:29:52.438487704,LinkedIn,Search,35-44,Retail,7,Desktop,Europe,Q1,47.96424982278771,36988.58,3160294,87886,3199,102153.94
CAMP_03870,2024-03-11 06:27:43.532706544,Google,Display,35-44,Finance,14,Tablet,North America,Q1,56.00601836123713,588.46,68635,1506,140,2819.79
CAMP_03871,2024-03-11 11:25:34.626925392,Facebook,Native,45-54,Retail,14,Desktop,North America,Q1,80.11657241318414,2515.18,303249,7258,602,11458.46
CAMP_03872,2024-03-11 16:23:25.721144232,Google,Video,25-34,Technology,60,Desktop,North America,Q1,49.47030354619513,578.86,76847,2315,182,6917.13
CAMP_03873,2024-03-11 21:21:16.815363072,Google,Search,35-44,Entertainment,30,Desktop,Europe,Q1,41.46565675059832,728.66,81392,1911,143,13797.46
CAMP_03874,2024-03-12 02:19:07.909581920,Twitter,Video,45-54,Retail,14,Mobile,Europe,Q1,63.253461431207924,3942.44,329342,9511,515,48644.49
CAMP_03875,2024-03-12 07:16:59.003800760,Google,Native,25-34,Education,30,Desktop,North America,Q1,55.72068553546762,38045.37,4245461,114223,4982,447011.71
CAMP_03876,2024-03-12 12:14:50.098019608,Facebook,Video,18-24,Travel,30,Desktop,Asia,Q1,50.65218801921678,18556.1,2157547,51174,2925,117007.16
CAMP_03877,2024-03-12 17:12:41.192238448,Google,Video,35-44,Retail,14,Mobile,Latin America,Q1,64.32970712975691,2985.42,324288,6811,629,51384.68
CAMP_03878,2024-03-12 22:10:32.286457296,Twitter,Display,25-34,Travel,30,Desktop,North America,Q1,35.928075692137355,2477.2,186686,3376,111,5433.76
CAMP_03879,2024-03-13 03:08:23.380676136,Instagram,Display,35-44,Technology,30,Mobile,Europe,Q1,25.563189180686386,51975.89,4175334,62649,2423,118596.07
CAMP_03880,2024-03-13 08:06:14.474894984,Google,Display,55+,Retail,30,Mobile,Europe,Q1,100.0,21059.15,2493899,52966,2948,225168.77
CAMP_03881,2024-03-13 13:04:05.569113824,Instagram,Search,35-44,Retail,30,Mobile,Europe,Q1,62.083721867231546,4727.15,561117,21999,1761,251448.09
CAMP_03882,2024-03-13 18:01:56.663332672,LinkedIn,Search,35-44,Finance,30,Desktop,North America,Q1,63.483617639245395,167.31,13391,409,24,980.67
CAMP_03883,2024-03-13 22:59:47.757551512,TikTok,Video,35-44,Healthcare,14,Desktop,North America,Q1,44.36021238645844,18962.2,2032742,58447,3174,75064.34
CAMP_03884,2024-03-14 03:57:38.851770360,Google,Display,18-24,Technology,60,Desktop,North America,Q1,77.95397686988022,35035.33,3818988,74252,7069,1460248.03
CAMP_03885,2024-03-14 08:55:29.945989200,Twitter,Social,25-34,Education,7,Desktop,Europe,Q1,49.33029479708307,8058.54,618809,11323,355,19119.42
CAMP_03886,2024-03-14 13:53:21.040208048,TikTok,Search,55+,Entertainment,60,Mobile,Europe,Q1,4.277046244389311,92899.92,8858457,84814,1132,67369.61
CAMP_03887,2024-03-14 18:51:12.134426888,TikTok,Social,35-44,Technology,14,Tablet,North America,Q1,48.65933318982737,2724.73,310108,7008,273,4852.59
CAMP_03888,2024-03-14 23:49:03.228645736,Instagram,Search,18-24,Entertainment,7,Mobile,North America,Q1,54.371738441511,22405.38,2234583,62869,2983,129380.66
CAMP_03889,2024-03-15 04:46:54.322864576,Instagram,Display,25-34,Travel,30,Desktop,North America,Q1,56.598327913309745,12634.85,1038589,17701,1226,28501.01
CAMP_03890,2024-03-15 09:44:45.417083416,Facebook,Video,35-44,Retail,14,Mobile,Asia,Q1,56.019766745108356,19452.97,2452515,81170,6194,68591.17
CAMP_03891,2024-03-15 14:42:36.511302264,LinkedIn,Display,45-54,Technology,60,Mobile,North America,Q1,47.10170766047446,12906.03,1119524,13925,755,38132.01
CAMP_03892,2024-03-15 19:40:27.605521104,Instagram,Social,45-54,Finance,14,Desktop,Europe,Q1,45.169578805932645,2771.48,273637,3728,201,4204.59
CAMP_03893,2024-03-16 00:38:18.699739952,LinkedIn,Native,25-34,Finance,30,Desktop,Asia,Q1,54.040426664159384,30985.96,2581104,61243,3493,234393.61
CAMP_03894,2024-03-16 05:36:09.793958792,Facebook,Search,55+,Healthcare,14,Mobile,Asia,Q1,27.090478259281703,180.02,22670,469,21,619.24
CAMP_03895,2024-03-16 10:34:00.888177640,LinkedIn,Video,35-44,Technology,14,Desktop,Asia,Q1,20.848074123789154,3234.82,317530,5947,150,6569.11
CAMP_03896,2024-03-16 15:31:51.982396480,Twitter,Video,35-44,Entertainment,14,Mobile,North America,Q1,61.96110979839277,4131.9,273567,5461,157,9058.35
CAMP_03897,2024-03-16 20:29:43.076615328,Google,Display,35-44,Healthcare,30,Mobile,Asia,Q1,62.294697485299814,3015.14,325416,7829,723,40590.46
CAMP_03898,2024-03-17 01:27:34.170834168,Twitter,Search,18-24,Healthcare,30,Desktop,Asia,Q1,77.58801160107994,20391.7,1886070,65453,4648,217025.87
CAMP_03899,2024-03-17 06:25:25.265053016,Instagram,Video,55+,Retail,30,Mobile,Asia,Q1,54.88869379258456,12105.42,1115647,23085,777,46306.36
CAMP_03900,2024-03-17 11:23:16.359271856,Twitter,Native,18-24,Finance,90,Desktop,North America,Q1,36.12745573784942,2136.05,195296,3199,112,2679.96
CAMP_03901,2024-03-17 16:21:07.453490704,Facebook,Display,25-34,Technology,30,Mobile,North America,Q1,21.20706369604067,47005.45,4948348,98438,3300,346741.8
CAMP_03902,2024-03-17 21:18:58.547709544,Facebook,Native,45-54,Finance,60,Mobile,Asia,Q1,42.19607848086268,32517.58,3003819,47545,1513,107277.92
CAMP_03903,2024-03-18 02:16:49.641928392,TikTok,Social,35-44,Travel,7,Mobile,Latin America,Q1,68.45039488115039,9497.23,737606,23656,1891,114696.47
CAMP_03904,2024-03-18 07:14:40.736147232,Facebook,Social,45-54,Finance,7,Mobile,Asia,Q1,88.82897806817844,2729.44,311396,7819,444,19584.16
CAMP_03905,2024-03-18 12:12:31.830366080,Twitter,Search,35-44,Retail,14,Mobile,Asia,Q1,61.08170825543028,12685.03,1029794,39941,2113,97251.66
CAMP_03906,2024-03-18 17:10:22.924584920,Instagram,Search,25-34,Finance,7,Desktop,Europe,Q1,35.72820219327777,967.2,92443,3155,75,8425.38
CAMP_03907,2024-03-18 22:08:14.018803760,Instagram,Search,55+,Education,30,Tablet,North America,Q1,42.4015879498986,10218.91,821195,15401,565,23235.89
CAMP_03908,2024-03-19 03:06:05.113022608,Facebook,Search,18-24,Entertainment,30,Desktop,Asia,Q1,43.025881518713646,1354.58,170135,4048,136,11252.46
CAMP_03909,2024-03-19 08:03:56.207241448,Instagram,Search,45-54,Finance,30,Desktop,Asia,Q1,51.880227968703785,1272.59,149725,3099,194,13698.81
CAMP_03910,2024-03-19 13:01:47.301460296,Facebook,Native,25-34,Technology,30,Mobile,Asia,Q1,82.41790849989741,177.72,16064,627,57,3966.4
CAMP_03911,2024-03-19 17:59:38.395679136,Google,Social,45-54,Finance,90,Mobile,Latin America,Q1,83.97818900313564,5688.05,547816,11265,1254,109362.91
CAMP_03912,2024-03-19 22:57:29.489897984,Facebook,Social,18-24,Healthcare,60,Mobile,North America,Q1,56.554882104502276,23079.6,2479385,60719,3226,120176.55
CAMP_03913,2024-03-20 03:55:20.584116824,Google,Social,35-44,Travel,7,Mobile,North America,Q1,63.66140220227195,46562.29,5429094,99066,4736,501365.27
CAMP_03914,2024-03-20 08:53:11.678335672,TikTok,Display,45-54,Healthcare,14,Desktop,Latin America,Q1,44.04884214253069,851.54,88648,1224,56,2575.29
CAMP_03915,2024-03-20 13:51:02.772554512,TikTok,Video,35-44,Entertainment,14,Mobile,North America,Q1,25.801831112925868,428.65,41475,766,18,363.91
CAMP_03916,2024-03-20 18:48:53.866773360,Facebook,Search,45-54,Finance,7,Mobile,Asia,Q1,95.76676706925491,2721.45,294446,12875,1235,88607.39
CAMP_03917,2024-03-20 23:46:44.960992200,LinkedIn,Search,45-54,Technology,30,Mobile,Latin America,Q1,13.550258988129215,2413.21,251549,3263,80,5119.81
CAMP_03918,2024-03-21 04:44:36.055211048,Facebook,Social,45-54,Education,30,Mobile,North America,Q1,23.283193646708952,76301.59,7797526,118484,2444,89162.0
CAMP_03919,2024-03-21 09:42:27.149429888,LinkedIn,Search,55+,Finance,14,Mobile,Asia,Q1,95.92811710319292,7064.56,612257,14810,742,30667.23
CAMP_03920,2024-03-21 14:40:18.243648736,Twitter,Search,25-34,Travel,30,Desktop,North America,Q1,60.33230809340893,2840.78,189796,4768,114,6438.1
CAMP_03921,2024-03-21 19:38:09.337867576,TikTok,Search,25-34,Finance,30,Mobile,Asia,Q1,37.48170185823915,4276.44,450856,14168,578,12430.75
CAMP_03922,2024-03-22 00:36:00.432086424,Facebook,Video,18-24,Retail,7,Desktop,North America,Q1,73.65407262178623,40560.39,4066825,89933,8029,212530.99
CAMP_03923,2024-03-22 05:33:51.526305264,Twitter,Search,25-34,Entertainment,14,Mobile,Asia,Q1,75.46106612091955,8011.06,683521,31874,2075,68639.86
CAMP_03924,2024-03-22 10:31:42.620524104,Facebook,Social,18-24,Retail,60,Desktop,Asia,Q1,33.346287097045106,2031.15,256105,3714,113,4201.56
CAMP_03925,2024-03-22 15:29:33.714742952,TikTok,Display,35-44,Technology,30,Desktop,Europe,Q1,49.34309247060851,91914.46,9279944,152406,5867,88559.68
CAMP_03926,2024-03-22 20:27:24.808961792,Google,Search,25-34,Technology,14,Desktop,Asia,Q1,77.52491727411442,1554.83,200660,6445,666,20344.76
CAMP_03927,2024-03-23 01:25:15.903180640,Instagram,Search,18-24,Entertainment,14,Mobile,Latin America,Q1,43.66188507259018,20716.41,1799788,47188,2106,138433.14
CAMP_03928,2024-03-23 06:23:06.997399480,LinkedIn,Display,18-24,Finance,14,Mobile,Asia,Q1,65.64327477227665,149575.6,11487950,275655,13510,506273.29
CAMP_03929,2024-03-23 11:20:58.091618328,LinkedIn,Video,45-54,Retail,7,Tablet,Other,Q1,88.49624372732546,19452.54,1603216,54195,2558,96741.19
CAMP_03930,2024-03-23 16:18:49.185837168,Google,Native,35-44,Healthcare,60,Mobile,Europe,Q1,12.150303369177635,2807.24,379481,5265,110,6677.08
CAMP_03931,2024-03-23 21:16:40.280056016,TikTok,Display,25-34,Finance,7,Mobile,Europe,Q1,53.17503361342476,857.92,83333,1714,48,2620.26
CAMP_03932,2024-03-24 02:14:31.374274856,Google,Display,45-54,Travel,14,Mobile,North America,Q1,65.23271997134978,53904.5,6909536,116976,9410,656374.92
CAMP_03933,2024-03-24 07:12:22.468493704,Instagram,Display,18-24,Finance,7,Desktop,Other,Q1,24.159012281131837,1982.18,230429,2111,98,5677.18
CAMP_03934,2024-03-24 12:10:13.562712544,Google,Search,55+,Entertainment,30,Mobile,North America,Q1,49.40777219495064,4087.15,414021,8605,353,16140.82
CAMP_03935,2024-03-24 17:08:04.656931392,Facebook,Search,35-44,Technology,7,Desktop,North America,Q1,80.88997288283628,43118.5,4616195,163591,11236,631298.45
CAMP_03936,2024-03-24 22:05:55.751150232,Instagram,Search,25-34,Entertainment,14,Desktop,North America,Q1,45.91369702512221,6279.6,670501,22718,1566,117308.9
CAMP_03937,2024-03-25 03:03:46.845369080,Facebook,Video,35-44,Entertainment,30,Mobile,North America,Q1,30.313471282284823,1446.16,140203,3309,194,3074.23
CAMP_03938,2024-03-25 08:01:37.939587920,Google,Social,45-54,Travel,14,Mobile,Latin America,Q1,82.61663646324521,3143.3,349743,10579,630,36281.87
CAMP_03939,2024-03-25 12:59:29.033806768,Google,Display,25-34,Retail,14,Mobile,North America,Q1,68.89003387060863,10564.87,1144423,36350,2699,566931.58
CAMP_03940,2024-03-25 17:57:20.128025608,Facebook,Display,45-54,Finance,14,Mobile,Latin America,Q1,58.62287416990758,7009.65,860945,20176,1371,110836.39
CAMP_03941,2024-03-25 22:55:11.222244448,LinkedIn,Search,25-34,Entertainment,30,Mobile,Europe,Q1,58.03216345783956,1213.93,93596,3051,195,12212.64
CAMP_03942,2024-03-26 03:53:02.316463296,Twitter,Display,25-34,Retail,90,Mobile,Latin America,Q1,80.56564942209883,11717.26,1038222,21578,1375,66933.74
CAMP_03943,2024-03-26 08:50:53.410682136,Google,Social,18-24,Finance,14,Desktop,Europe,Q1,65.89056650018459,178.77,18244,473,28,823.23
CAMP_03944,2024-03-26 13:48:44.504900984,Facebook,Native,25-34,Travel,7,Desktop,North America,Q1,72.91224292537085,212.39,22137,758,36,1118.1
CAMP_03945,2024-03-26 18:46:35.599119824,Google,Display,25-34,Finance,7,Mobile,Europe,Q1,46.148672103858296,24195.49,2526383,58511,4751,325577.1
CAMP_03946,2024-03-26 23:44:26.693338672,Google,Social,55+,Travel,30,Desktop,Europe,Q1,21.652899823865106,419920.18,52131603,536318,25774,2114813.56
CAMP_03947,2024-03-27 04:42:17.787557512,LinkedIn,Social,18-24,Retail,30,Desktop,North America,Q1,72.4382740041691,8767.21,731852,19819,1091,73315.94
CAMP_03948,2024-03-27 09:40:08.881776360,Instagram,Native,25-34,Entertainment,30,Mobile,North America,Q1,82.01855843332365,4622.9,431658,15958,1291,22301.25
CAMP_03949,2024-03-27 14:37:59.975995200,Google,Display,35-44,Healthcare,30,Mobile,North America,Q1,55.50876064655032,6635.21,794680,20498,1821,79006.74
CAMP_03950,2024-03-27 19:35:51.070214048,Google,Search,45-54,Finance,60,Desktop,North America,Q1,77.75513167587027,59978.66,8335287,330002,30886,1982274.09
CAMP_03951,2024-03-28 00:33:42.164432888,Google,Display,55+,Travel,60,Desktop,Europe,Q1,53.29574413646165,1352.68,180103,2376,165,3149.72
CAMP_03952,2024-03-28 05:31:33.258651736,Twitter,Social,45-54,Retail,30,Desktop,North America,Q1,58.18601677363055,12584.75,1016765,19447,480,20474.84
CAMP_03953,2024-03-28 10:29:24.352870576,TikTok,Video,55+,Education,14,Mobile,Asia,Q1,95.04857576774546,1922.46,214723,5419,228,14004.29
CAMP_03954,2024-03-28 15:27:15.447089424,Google,Search,45-54,Entertainment,14,Desktop,Other,Q1,54.169598925871384,4982.12,693797,21109,731,32353.58
CAMP_03955,2024-03-28 20:25:06.541308264,Google,Display,55+,Technology,30,Desktop,North America,Q1,52.98861214893211,18433.51,2411280,28903,1673,157934.32
CAMP_03956,2024-03-29 01:22:57.635527112,Twitter,Display,45-54,Travel,30,Mobile,Europe,Q1,22.600409535853714,76647.58,4952316,76989,1335,105973.87
CAMP_03957,2024-03-29 06:20:48.729745952,TikTok,Search,18-24,Finance,30,Desktop,North America,Q1,73.80146319961983,38988.02,3893322,131367,5657,293765.16
CAMP_03958,2024-03-29 11:18:39.823964800,Facebook,Social,25-34,Education,7,Mobile,North America,Q1,45.80317269091386,47453.99,5542188,134651,5119,441013.91
CAMP_03959,2024-03-29 16:16:30.918183640,Google,Search,35-44,Finance,30,Mobile,Asia,Q1,62.94450022025385,3568.6,434602,10739,628,36429.44
CAMP_03960,2024-03-29 21:14:22.012402480,Google,Social,25-34,Education,14,Mobile,North America,Q1,53.69921825134564,129887.36,15964470,505546,43607,1508594.25
CAMP_03961,2024-03-30 02:12:13.106621328,Instagram,Display,25-34,Healthcare,30,Desktop,North America,Q1,51.084145690161144,7966.3,667431,15501,679,50476.89
CAMP_03962,2024-03-30 07:10:04.200840168,Facebook,Search,35-44,Retail,14,Desktop,North America,Q1,57.64541020276713,28323.24,2790852,96806,5326,345999.8
CAMP_03963,2024-03-30 12:07:55.295059016,Google,Search,55+,Healthcare,14,Desktop,Asia,Q1,59.18295320881184,6580.75,713813,18288,1251,49632.99
CAMP_03964,2024-03-30 17:05:46.389277856,Instagram,Video,18-24,Retail,14,Tablet,Europe,Q1,83.5215811927045,1709.08,144553,3165,256,8932.28
CAMP_03965,2024-03-30 22:03:37.483496704,Google,Search,45-54,Finance,60,Mobile,Other,Q1,90.40423713385158,7424.47,995865,42487,4824,333055.03
CAMP_03966,2024-03-31 03:01:28.577715544,Twitter,Search,45-54,Retail,14,Desktop,Latin America,Q1,73.01430204883175,53424.08,4700333,175311,5772,79869.62
CAMP_03967,2024-03-31 07:59:19.671934392,Facebook,Search,55+,Retail,14,Desktop,North America,Q1,85.43111826941713,19007.22,2464720,76663,7914,602463.22
CAMP_03968,2024-03-31 12:57:10.766153232,Google,Social,55+,Technology,7,Tablet,North America,Q1,77.0829494149343,3128.61,351222,8830,873,71141.56
CAMP_03969,2024-03-31 17:55:01.860372080,Instagram,Search,45-54,Healthcare,30,Mobile,North America,Q1,69.8922820387164,2104.57,241964,7864,640,7696.93
CAMP_03970,2024-03-31 22:52:52.954590920,Facebook,Video,35-44,Finance,14,Tablet,Europe,Q1,89.1028587058689,5699.1,514665,19097,897,38837.48
CAMP_03971,2024-04-01 03:50:44.048809768,TikTok,Video,25-34,Finance,90,Mobile,Europe,Q2,33.83050738149353,62662.14,5364926,112527,5509,158686.38
CAMP_03972,2024-04-01 08:48:35.143028608,Instagram,Search,35-44,Technology,30,Desktop,North America,Q2,46.31075597501527,12438.6,1304920,45674,2526,191423.03
CAMP_03973,2024-04-01 13:46:26.237247456,Facebook,Display,45-54,Entertainment,14,Desktop,North America,Q2,43.581969462878135,2094.45,204834,2944,80,2695.7
CAMP_03974,2024-04-01 18:44:17.331466296,LinkedIn,Video,45-54,Entertainment,30,Desktop,North America,Q2,53.97224166721083,9650.72,726377,13320,345,20956.55
CAMP_03975,2024-04-01 23:42:08.425685144,Facebook,Search,45-54,Technology,14,Mobile,Latin America,Q2,73.71800716168589,2278.39,270911,10041,712,11739.08
CAMP_03976,2024-04-02 04:39:59.519903984,TikTok,Search,25-34,Education,60,Mobile,Latin America,Q2,37.69793095626504,27428.43,2704489,73106,3974,93943.35
CAMP_03977,2024-04-02 09:37:50.614122824,Facebook,Display,35-44,Healthcare,14,Mobile,North America,Q2,70.05598393622212,21054.31,1929854,52573,2448,101339.83
CAMP_03978,2024-04-02 14:35:41.708341672,Instagram,Social,25-34,Entertainment,90,Desktop,North America,Q2,48.25878163191524,9184.91,949004,26770,1492,44755.1
CAMP_03979,2024-04-02 19:33:32.802560512,Google,Search,18-24,Technology,30,Desktop,North America,Q2,53.05871893626114,35353.98,3587540,68164,5141,113614.42
CAMP_03980,2024-04-03 00:31:23.896779360,Facebook,Display,25-34,Retail,60,Tablet,Latin America,Q2,64.00831326867713,2619.0,300699,6246,205,10283.32
CAMP_03981,2024-04-03 05:29:14.990998200,Twitter,Social,18-24,Education,7,Mobile,Other,Q2,93.62496278122998,103096.1,7995324,167618,9298,228890.58
CAMP_03982,2024-04-03 10:27:06.085217048,Twitter,Search,45-54,Education,14,Mobile,North America,Q2,45.75305895491745,11882.89,1005341,18932,650,31038.81
CAMP_03983,2024-04-03 15:24:57.179435888,Google,Search,25-34,Retail,30,Mobile,North America,Q2,58.39813213013129,29014.78,4167522,177938,14629,219087.73
CAMP_03984,2024-04-03 20:22:48.273654736,Google,Search,25-34,Technology,30,Mobile,North America,Q2,38.43549548805889,12567.8,1528344,46312,2243,129134.5
CAMP_03985,2024-04-04 01:20:39.367873576,Twitter,Video,55+,Entertainment,7,Desktop,Europe,Q2,45.56104567310557,5614.26,431005,7914,207,9377.05
CAMP_03986,2024-04-04 06:18:30.462092424,TikTok,Search,25-34,Entertainment,14,Desktop,Asia,Q2,38.253171301510505,15125.32,1351991,42189,1378,19568.64
CAMP_03987,2024-04-04 11:16:21.556311264,Google,Display,18-24,Education,14,Tablet,Europe,Q2,64.89570175933143,741.09,100196,2147,198,15603.8
CAMP_03988,2024-04-04 16:14:12.650530112,Facebook,Native,25-34,Retail,30,Mobile,Other,Q2,68.50617538977558,3885.39,416928,12468,431,27466.58
CAMP_03989,2024-04-04 21:12:03.744748952,Facebook,Social,18-24,Finance,14,Mobile,North America,Q2,73.74098693447654,13980.07,1406403,27056,2393,46713.54
CAMP_03990,2024-04-05 02:09:54.838967800,Twitter,Search,18-24,Retail,14,Mobile,Asia,Q2,44.92700578187318,16935.28,1092009,21323,485,17040.21
CAMP_03991,2024-04-05 07:07:45.933186640,Google,Display,18-24,Finance,14,Desktop,North America,Q2,70.15886157090051,20013.82,1988911,43968,3174,372815.14
CAMP_03992,2024-04-05 12:05:37.027405488,Google,Display,35-44,Retail,14,Tablet,North America,Q2,62.26200156496036,905.1,119481,2158,212,16402.88
CAMP_03993,2024-04-05 17:03:28.121624328,LinkedIn,Display,25-34,Education,7,Mobile,Asia,Q2,58.844950054973445,5813.49,480980,8849,649,18733.8
CAMP_03994,2024-04-05 22:01:19.215843168,Google,Search,25-34,Finance,90,Mobile,Latin America,Q2,35.1715434498458,3110.43,430006,8988,445,14583.64
CAMP_03995,2024-04-06 02:59:10.310062016,Instagram,Display,45-54,Education,7,Desktop,Asia,Q2,63.0650699863623,3977.77,413826,7608,515,15928.9
CAMP_03996,2024-04-06 07:57:01.404280856,Facebook,Search,25-34,Retail,60,Desktop,Asia,Q2,63.6991323982233,11430.43,1280485,35603,2926,154968.42
CAMP_03997,2024-04-06 12:54:52.498499704,Facebook,Display,55+,Technology,14,Mobile,Asia,Q2,62.034568890844675,23329.14,2704223,37994,3059,63565.93
CAMP_03998,2024-04-06 17:52:43.592718544,Facebook,Native,35-44,Technology,14,Desktop,North America,Q2,68.00101514554419,5775.68,537289,16733,855,11803.62
CAMP_03999,2024-04-06 22:50:34.686937392,Instagram,Video,25-34,Finance,14,Mobile,Asia,Q2,73.89191318138862,835.66,71519,2723,220,2372.28
CAMP_04000,2024-04-07 03:48:25.781156232,Google,Native,45-54,Education,30,Tablet,Asia,Q2,38.03953382084561,13061.23,1432498,21963,1381,89405.68
CAMP_04001,2024-04-07 08:46:16.875375080,Instagram,Native,18-24,Finance,30,Mobile,Europe,Q2,55.66607827143296,4787.71,486784,6496,318,16792.44
CAMP_04002,2024-04-07 13:44:07.969593920,Twitter,Search,18-24,Technology,14,Mobile,Europe,Q2,70.31535203128487,65668.77,4996912,118605,4210,198953.1
CAMP_04003,2024-04-07 18:41:59.063812768,LinkedIn,Social,35-44,Retail,7,Mobile,Asia,Q2,54.632103582499944,49389.12,4500173,95356,5696,209153.24
CAMP_04004,2024-04-07 23:39:50.158031608,Google,Search,35-44,Retail,60,Mobile,Asia,Q2,79.1884711412369,132649.72,15339116,452059,41022,3896754.92
CAMP_04005,2024-04-08 04:37:41.252250456,Google,Search,45-54,Entertainment,90,Mobile,North America,Q2,61.80356993385131,683.96,84141,3157,259,10573.85
CAMP_04006,2024-04-08 09:35:32.346469296,Facebook,Display,55+,Finance,14,Desktop,Asia,Q2,20.901547177528983,21722.84,2197094,27234,1180,28993.72
CAMP_04007,2024-04-08 14:33:23.440688144,Facebook,Display,25-34,Entertainment,30,Mobile,Asia,Q2,76.78857838395388,11019.67,1167054,23691,2122,76121.02
CAMP_04008,2024-04-08 19:31:14.534906984,Facebook,Search,35-44,Entertainment,14,Desktop,North America,Q2,57.6579354628934,15085.01,1566925,48398,3012,212108.61
CAMP_04009,2024-04-09 00:29:05.629125832,LinkedIn,Search,35-44,Retail,14,Mobile,Asia,Q2,24.605783337494273,25792.21,2560659,60459,2776,116073.41
CAMP_04010,2024-04-09 05:26:56.723344672,Google,Search,55+,Retail,7,Mobile,North America,Q2,54.95420279426404,31210.14,4046776,70639,5680,209511.55
CAMP_04011,2024-04-09 10:24:47.817563512,Google,Display,45-54,Entertainment,14,Tablet,North America,Q2,34.63271242770773,4519.47,600002,9467,564,45116.73
CAMP_04012,2024-04-09 15:22:38.911782360,Facebook,Display,55+,Entertainment,60,Desktop,Europe,Q2,75.06262571188306,9308.82,924005,18485,1389,20652.03
CAMP_04013,2024-04-09 20:20:30.006001200,LinkedIn,Video,25-34,Technology,7,Mobile,Latin America,Q2,59.28318039707669,27067.53,2411537,65770,2725,154151.34
CAMP_04014,2024-04-10 01:18:21.100220048,Google,Video,45-54,Retail,30,Mobile,North America,Q2,41.52509270396469,21762.76,2819010,71257,3321,231237.16
CAMP_04015,2024-04-10 06:16:12.194438888,Instagram,Display,25-34,Retail,60,Desktop,Asia,Q2,76.2169611392572,2550.46,214080,5877,248,48294.02
CAMP_04016,2024-04-10 11:14:03.288657736,Facebook,Video,25-34,Technology,14,Mobile,Europe,Q2,69.17051331992496,6138.28,797131,22449,1897,88752.14
CAMP_04017,2024-04-10 16:11:54.382876576,Twitter,Video,55+,Retail,7,Desktop,Latin America,Q2,55.28470525949284,4119.6,282218,6161,229,8740.2
CAMP_04018,2024-04-10 21:09:45.477095424,Twitter,Social,18-24,Technology,30,Mobile,Asia,Q2,35.088051209272784,4890.69,374770,4444,126,6733.22
CAMP_04019,2024-04-11 02:07:36.571314264,Facebook,Video,55+,Finance,14,Mobile,Latin America,Q2,43.150524129268135,2584.21,300590,5113,301,62799.04
CAMP_04020,2024-04-11 07:05:27.665533112,Google,Search,18-24,Retail,7,Mobile,Asia,Q2,42.85084180587923,48066.17,4662733,71403,2888,52251.79
CAMP_04021,2024-04-11 12:03:18.759751952,Facebook,Display,45-54,Retail,14,Desktop,Asia,Q2,74.92994406528777,11498.8,1440268,38065,1938,32045.18
CAMP_04022,2024-04-11 17:01:09.853970800,Google,Social,25-34,Education,14,Mobile,North America,Q2,26.38205428711546,4962.07,557811,9999,260,15336.93
CAMP_04023,2024-04-11 21:59:00.948189640,LinkedIn,Search,25-34,Healthcare,60,Mobile,North America,Q2,59.05530366873834,58150.36,4888050,169597,4623,195417.93
CAMP_04024,2024-04-12 02:56:52.042408488,Twitter,Display,25-34,Travel,30,Desktop,North America,Q2,54.994312184558275,4040.74,349418,6017,327,7762.35
CAMP_04025,2024-04-12 07:54:43.136627328,LinkedIn,Search,35-44,Technology,14,Desktop,Asia,Q2,80.71078035550833,3000.09,272536,12007,626,73802.64
CAMP_04026,2024-04-12 12:52:34.230846176,Twitter,Display,25-34,Entertainment,30,Mobile,North America,Q2,64.6547311535064,18486.61,1682843,31882,774,17770.59
CAMP_04027,2024-04-12 17:50:25.325065016,Facebook,Search,35-44,Technology,90,Desktop,North America,Q2,70.70420570287337,2790.46,257423,9497,663,30405.7
CAMP_04028,2024-04-12 22:48:16.419283856,Google,Video,18-24,Healthcare,7,Desktop,Latin America,Q2,49.49279992539962,5709.34,654481,14401,1170,14473.18
CAMP_04029,2024-04-13 03:46:07.513502704,LinkedIn,Native,18-24,Retail,14,Mobile,Asia,Q2,35.38003624989477,6393.93,656431,8071,427,5796.2
CAMP_04030,2024-04-13 08:43:58.607721544,Facebook,Search,18-24,Retail,90,Mobile,Latin America,Q2,53.490480482470154,2114.89,271108,5233,287,6419.62
CAMP_04031,2024-04-13 13:41:49.701940392,LinkedIn,Display,25-34,Travel,90,Desktop,North America,Q2,75.54324771852865,14051.33,1344598,33261,2277,103696.92
CAMP_04032,2024-04-13 18:39:40.796159232,Facebook,Social,45-54,Healthcare,7,Mobile,North America,Q2,75.49781262303537,9479.08,1029959,23679,2025,105350.35
CAMP_04033,2024-04-13 23:37:31.890378080,Google,Display,45-54,Travel,7,Mobile,North America,Q2,51.38824857768607,4750.57,516377,10332,799,33742.91
CAMP_04034,2024-04-14 04:35:22.984596928,TikTok,Social,25-34,Technology,14,Desktop,North America,Q2,42.78512390702884,15281.82,1591092,30867,1586,58447.5
CAMP_04035,2024-04-14 09:33:14.078815760,Google,Search,35-44,Technology,7,Mobile,North America,Q2,38.86641750185627,4408.97,427332,10250,430,5490.06
CAMP_04036,2024-04-14 14:31:05.173034608,TikTok,Social,45-54,Finance,30,Desktop,North America,Q2,57.26746794546877,142046.31,11041200,300720,19150,328099.42
CAMP_04037,2024-04-14 19:28:56.267253456,TikTok,Video,25-34,Entertainment,7,Mobile,North America,Q2,62.73102343438665,2409.65,185588,5411,332,33040.98
CAMP_04038,2024-04-15 00:26:47.361472304,Twitter,Social,25-34,Healthcare,7,Mobile,Europe,Q2,89.46383025951516,9948.78,665427,20429,1107,44578.83
CAMP_04039,2024-04-15 05:24:38.455691136,LinkedIn,Social,35-44,Travel,14,Mobile,North America,Q2,62.46661515237749,571.11,49129,1172,51,908.65
CAMP_04040,2024-04-15 10:22:29.549909984,Instagram,Display,18-24,Retail,90,Mobile,North America,Q2,72.27531987614276,31039.17,3547200,63150,4725,340774.98
CAMP_04041,2024-04-15 15:20:20.644128832,Twitter,Video,18-24,Entertainment,14,Desktop,Asia,Q2,44.39064024191563,688.68,57425,869,42,2207.35
CAMP_04042,2024-04-15 20:18:11.738347680,Facebook,Display,25-34,Technology,14,Desktop,Asia,Q2,60.834020098582485,5001.7,535499,13261,487,23612.96
CAMP_04043,2024-04-16 01:16:02.832566512,Facebook,Native,35-44,Retail,90,Mobile,Asia,Q2,62.80156911073731,49597.46,6050003,145643,7726,293656.01
CAMP_04044,2024-04-16 06:13:53.926785360,Instagram,Display,18-24,Finance,30,Tablet,Europe,Q2,57.18938944311243,8503.51,731848,13819,882,36955.19
CAMP_04045,2024-04-16 11:11:45.021004208,Facebook,Search,25-34,Finance,14,Mobile,Other,Q2,59.56362406260148,2797.96,309652,12779,1108,78083.52
CAMP_04046,2024-04-16 16:09:36.115223040,Facebook,Video,25-34,Retail,14,Mobile,Latin America,Q2,62.52436935240212,185868.53,23992335,619553,38080,1455335.71
CAMP_04047,2024-04-16 21:07:27.209441888,Facebook,Display,18-24,Technology,7,Mobile,Europe,Q2,69.62073626188631,80813.16,7659675,175740,10555,638565.57
CAMP_04048,2024-04-17 02:05:18.303660736,Instagram,Search,25-34,Finance,30,Mobile,Europe,Q2,83.38236086827523,46768.17,4509358,167963,11721,473400.41
CAMP_04049,2024-04-17 07:03:09.397879584,Twitter,Native,55+,Finance,14,Desktop,North America,Q2,14.6890441672058,2513.2,224380,1570,44,823.14
CAMP_04050,2024-04-17 12:01:00.492098416,Google,Search,18-24,Technology,14,Mobile,Asia,Q2,82.27475028277375,6324.93,647043,15387,1823,69761.98
CAMP_04051,2024-04-17 16:58:51.586317264,TikTok,Social,35-44,Retail,7,Mobile,Europe,Q2,25.783837673640463,49727.51,4644128,66806,1339,91811.24
CAMP_04052,2024-04-17 21:56:42.680536112,LinkedIn,Search,25-34,Retail,14,Mobile,Latin America,Q2,66.17525642073505,1088.54,86446,2312,74,2061.56
CAMP_04053,2024-04-18 02:54:33.774754960,Twitter,Video,35-44,Travel,30,Desktop,Europe,Q2,100.0,7160.93,505027,13569,942,51130.14
CAMP_04054,2024-04-18 07:52:24.868973792,Instagram,Display,35-44,Travel,7,Desktop,Other,Q2,59.149194231484366,2519.46,232019,3918,183,4926.68
CAMP_04055,2024-04-18 12:50:15.963192640,Twitter,Search,25-34,Finance,7,Desktop,Latin America,Q2,63.60038278829283,3095.06,295790,13423,706,35954.57
CAMP_04056,2024-04-18 17:48:07.057411488,Google,Native,45-54,Travel,60,Mobile,Other,Q2,53.79480572159064,4150.21,514745,11671,988,87685.69
CAMP_04057,2024-04-18 22:45:58.151630336,Twitter,Social,35-44,Entertainment,30,Desktop,North America,Q2,73.34524694529874,9558.38,821124,21092,1202,31345.65
CAMP_04058,2024-04-19 03:43:49.245849168,Google,Display,45-54,Retail,7,Mobile,North America,Q2,67.24417105279483,32754.23,3651974,84084,8615,387443.07
CAMP_04059,2024-04-19 08:41:40.340068016,Twitter,Display,25-34,Retail,30,Mobile,Asia,Q2,46.47905510441858,5422.84,519580,11985,652,33590.75
CAMP_04060,2024-04-19 13:39:31.434286864,TikTok,Display,55+,Travel,7,Desktop,Asia,Q2,57.71293889630358,11222.64,866951,12692,455,24906.26
CAMP_04061,2024-04-19 18:37:22.528505712,Facebook,Native,45-54,Healthcare,30,Mobile,North America,Q2,37.631269924455744,5274.54,480244,9147,404,20548.32
CAMP_04062,2024-04-19 23:35:13.622724544,Google,Social,55+,Education,30,Mobile,Asia,Q2,57.6211715753537,2436.76,238846,3513,153,6682.58
CAMP_04063,2024-04-20 04:33:04.716943392,LinkedIn,Social,35-44,Education,30,Mobile,Europe,Q2,51.61255626166526,9313.46,891590,17289,490,34843.21
CAMP_04064,2024-04-20 09:30:55.811162240,Facebook,Display,35-44,Finance,30,Mobile,North America,Q2,62.730819031814335,441239.56,48202995,905515,52438,8313831.54
CAMP_04065,2024-04-20 14:28:46.905381072,Twitter,Search,45-54,Retail,7,Mobile,Europe,Q2,45.801722057161214,2899.43,212214,3828,88,4209.59
CAMP_04066,2024-04-20 19:26:37.999599920,Google,Search,45-54,Retail,30,Mobile,Latin America,Q2,55.71136619827601,1652.12,234608,6217,543,46423.81
CAMP_04067,2024-04-21 00:24:29.093818768,Google,Display,55+,Retail,7,Mobile,Europe,Q2,60.17545550376288,9529.09,1173966,19130,1270,118512.31
CAMP_04068,2024-04-21 05:22:20.188037616,TikTok,Search,25-34,Retail,14,Tablet,Asia,Q2,61.56835395913315,4965.05,533737,22707,1183,43930.74
CAMP_04069,2024-04-21 10:20:11.282256448,LinkedIn,Video,45-54,Finance,60,Desktop,North America,Q2,65.48567431411685,26559.26,2777769,78290,5443,197727.42
CAMP_04070,2024-04-21 15:18:02.376475296,Twitter,Video,25-34,Retail,30,Desktop,Asia,Q2,56.51664669438027,5326.25,480813,12693,292,8847.86
CAMP_04071,2024-04-21 20:15:53.470694144,Facebook,Social,35-44,Retail,90,Desktop,Latin America,Q2,44.26612682136607,4230.62,546235,13765,675,15317.4
CAMP_04072,2024-04-22 01:13:44.564912992,LinkedIn,Social,25-34,Finance,7,Desktop,Europe,Q2,61.64146545299156,1919.98,190254,5023,308,7288.56
CAMP_04073,2024-04-22 06:11:35.659131824,Instagram,Search,25-34,Technology,14,Mobile,North America,Q2,56.422843488084744,11958.1,1331748,33447,1985,139471.41
CAMP_04074,2024-04-22 11:09:26.753350672,Instagram,Search,55+,Finance,7,Mobile,Europe,Q2,80.4929128421442,49246.87,5810157,115674,9240,647035.76
CAMP_04075,2024-04-22 16:07:17.847569520,LinkedIn,Display,18-24,Finance,30,Desktop,Latin America,Q2,83.01483001820719,5744.88,465670,11406,541,24362.52
CAMP_04076,2024-04-22 21:05:08.941788368,Instagram,Social,35-44,Healthcare,7,Mobile,North America,Q2,32.55839129125957,5305.94,509849,9479,241,5903.38
CAMP_04077,2024-04-23 02:03:00.036007200,Facebook,Social,35-44,Travel,7,Mobile,Europe,Q2,72.34309096835501,8752.54,1006656,23149,1125,35535.01
CAMP_04078,2024-04-23 07:00:51.130226048,Facebook,Social,18-24,Retail,14,Mobile,North America,Q2,76.35488322179816,38735.62,4129918,90561,4851,416768.93
CAMP_04079,2024-04-23 11:58:42.224444896,LinkedIn,Social,25-34,Retail,30,Desktop,Europe,Q2,33.08337408271721,48026.39,3536986,49450,1884,89467.18
CAMP_04080,2024-04-23 16:56:33.318663728,Google,Display,35-44,Education,7,Tablet,Europe,Q2,71.58945637825428,12951.07,1627998,30712,3312,68288.65
CAMP_04081,2024-04-23 21:54:24.412882576,LinkedIn,Display,25-34,Finance,60,Mobile,Latin America,Q2,77.91909835532601,2741.77,238679,7431,352,14573.99
CAMP_04082,2024-04-24 02:52:15.507101424,Google,Search,45-54,Entertainment,7,Mobile,Europe,Q2,41.00706724242819,6520.93,782038,18139,1007,146385.59
CAMP_04083,2024-04-24 07:50:06.601320272,Instagram,Display,55+,Technology,7,Desktop,Europe,Q2,55.273167537579226,35578.05,3315735,40960,2745,192434.98
CAMP_04084,2024-04-24 12:47:57.695539104,LinkedIn,Social,25-34,Education,14,Mobile,Latin America,Q2,63.72639871640443,1382.29,118454,3731,145,3246.48
CAMP_04085,2024-04-24 17:45:48.789757952,Google,Display,25-34,Travel,90,Mobile,North America,Q2,71.40916120198555,3828.29,453964,11247,770,36267.75
CAMP_04086,2024-04-24 22:43:39.883976800,Google,Video,35-44,Healthcare,7,Mobile,Asia,Q2,40.231211791047926,30867.31,3411253,57968,3687,261824.22
CAMP_04087,2024-04-25 03:41:30.978195648,Google,Display,45-54,Retail,7,Desktop,Asia,Q2,83.14013395631224,46239.0,4880796,149055,15334,1155649.91
CAMP_04088,2024-04-25 08:39:22.072414480,Instagram,Native,25-34,Education,30,Mobile,North America,Q2,19.41303739868794,41260.1,3980587,61320,2916,496779.01
CAMP_04089,2024-04-25 13:37:13.166633328,Twitter,Display,18-24,Entertainment,14,Mobile,North America,Q2,86.47491097851,706.5,52579,1237,79,3134.73
CAMP_04090,2024-04-25 18:35:04.260852176,Google,Search,35-44,Entertainment,30,Mobile,Europe,Q2,71.00534935579836,232.73,27535,1114,84,4740.14
CAMP_04091,2024-04-25 23:32:55.355071024,LinkedIn,Search,55+,Retail,14,Desktop,North America,Q2,47.564569777143916,24752.52,2060101,30201,1540,102145.22
CAMP_04092,2024-04-26 04:30:46.449289856,Facebook,Video,25-34,Entertainment,14,Tablet,North America,Q2,77.2881168541416,7909.31,736902,25099,1143,82926.32
CAMP_04093,2024-04-26 09:28:37.543508704,Instagram,Search,25-34,Retail,14,Mobile,Other,Q2,39.044019127957405,10987.04,1119537,33602,1573,113193.96
CAMP_04094,2024-04-26 14:26:28.637727552,TikTok,Social,55+,Technology,14,Tablet,Europe,Q2,62.2987210878775,11225.33,942392,16310,965,58059.87
CAMP_04095,2024-04-26 19:24:19.731946400,Facebook,Search,35-44,Healthcare,30,Mobile,Latin America,Q2,64.7700974761719,5352.92,685746,20584,653,55933.05
CAMP_04096,2024-04-27 00:22:10.826165232,Facebook,Social,45-54,Technology,30,Mobile,North America,Q2,64.72269627918028,4579.57,465416,11407,882,35344.03
CAMP_04097,2024-04-27 05:20:01.920384080,Google,Display,35-44,Entertainment,30,Tablet,Latin America,Q2,43.20564885769308,48503.49,6199409,81694,3213,137197.94
CAMP_04098,2024-04-27 10:17:53.014602928,Google,Video,55+,Healthcare,60,Mobile,Asia,Q2,50.07845655284846,5606.03,693414,11235,893,48385.43
CAMP_04099,2024-04-27 15:15:44.108821760,Facebook,Native,35-44,Retail,14,Mobile,Asia,Q2,62.5348973230163,566.79,67953,1338,98,1849.68
CAMP_04100,2024-04-27 20:13:35.203040608,Google,Display,45-54,Entertainment,14,Mobile,North America,Q2,45.46512514066843,2924.69,283292,3902,281,22370.31
CAMP_04101,2024-04-28 01:11:26.297259456,Instagram,Search,35-44,Travel,30,Desktop,Europe,Q2,65.42905588553216,3711.78,422564,17601,583,35031.71
CAMP_04102,2024-04-28 06:09:17.391478304,Facebook,Social,45-54,Retail,30,Desktop,Europe,Q2,47.717480635468426,8128.93,1072008,25681,826,51394.29
CAMP_04103,2024-04-28 11:07:08.485697136,Instagram,Display,25-34,Healthcare,7,Desktop,Asia,Q2,80.00000052154488,37414.73,3430487,106067,8469,379418.71
CAMP_04104,2024-04-28 16:04:59.579915984,Google,Social,25-34,Technology,30,Desktop,Asia,Q2,91.25369901141872,153394.6,16338590,568756,30283,6057000.2
CAMP_04105,2024-04-28 21:02:50.674134832,Facebook,Video,45-54,Finance,14,Desktop,North America,Q2,54.05071650685481,44482.6,5731032,121805,6271,293650.85
CAMP_04106,2024-04-29 02:00:41.768353680,LinkedIn,Display,25-34,Technology,30,Mobile,Latin America,Q2,78.40517521940211,60724.62,5493291,177774,7372,300947.33
CAMP_04107,2024-04-29 06:58:32.862572512,TikTok,Video,35-44,Technology,60,Desktop,Latin America,Q2,55.753909168468006,17827.32,1392995,37487,1322,122281.64
CAMP_04108,2024-04-29 11:56:23.956791360,Google,Social,25-34,Retail,30,Desktop,Europe,Q2,41.27137606517313,2226.23,259576,6768,336,27811.82
CAMP_04109,2024-04-29 16:54:15.051010208,Twitter,Display,45-54,Travel,7,Mobile,North America,Q2,51.485645188896754,4298.61,308652,5163,227,8579.31
CAMP_04110,2024-04-29 21:52:06.145229056,Instagram,Social,18-24,Healthcare,30,Mobile,Asia,Q2,61.71139481512426,4601.85,475053,10474,614,33715.56
CAMP_04111,2024-04-30 02:49:57.239447888,Instagram,Native,45-54,Finance,30,Mobile,Europe,Q2,24.26084671145857,11168.89,1088345,12681,240,18828.33
CAMP_04112,2024-04-30 07:47:48.333666736,Instagram,Search,35-44,Finance,14,Desktop,Asia,Q2,72.51313522890993,15963.07,1415248,56790,3082,42117.78
CAMP_04113,2024-04-30 12:45:39.427885584,Google,Search,25-34,Healthcare,14,Mobile,Asia,Q2,61.72041697872728,242101.0,33443144,1167707,39741,4323064.17
CAMP_04114,2024-04-30 17:43:30.522104432,Google,Search,35-44,Finance,90,Mobile,North America,Q2,80.0108791493831,25930.81,2662598,115077,5456,371063.32
CAMP_04115,2024-04-30 22:41:21.616323264,Instagram,Display,25-34,Technology,14,Mobile,Europe,Q2,72.16275107542717,14920.37,1398418,27087,1383,26166.77
CAMP_04116,2024-05-01 03:39:12.710542112,Facebook,Search,25-34,Finance,14,Mobile,Europe,Q2,62.39896634327777,20063.97,1872132,72274,3272,174133.23
CAMP_04117,2024-05-01 08:37:03.804760960,TikTok,Search,25-34,Technology,14,Desktop,Latin America,Q2,52.883301293010746,8581.94,701591,24009,1352,70471.14
CAMP_04118,2024-05-01 13:34:54.898979792,Facebook,Native,18-24,Retail,30,Mobile,North America,Q2,90.45723443405976,8756.62,824798,16939,1488,118515.82
CAMP_04119,2024-05-01 18:32:45.993198640,Google,Native,55+,Healthcare,60,Mobile,North America,Q2,100.0,39575.15,4770460,106439,8151,508346.89
CAMP_04120,2024-05-01 23:30:37.087417488,LinkedIn,Social,18-24,Education,30,Desktop,Latin America,Q2,53.217011898803776,4124.24,352572,7583,309,10419.52
CAMP_04121,2024-05-02 04:28:28.181636336,Facebook,Social,35-44,Retail,14,Desktop,North America,Q2,80.84586947405103,40539.35,4403075,113483,6831,321139.57
CAMP_04122,2024-05-02 09:26:19.275855168,Instagram,Search,25-34,Retail,30,Mobile,Asia,Q2,45.86500682069395,18230.39,1458970,50745,1562,53256.35
CAMP_04123,2024-05-02 14:24:10.370074016,LinkedIn,Search,35-44,Technology,30,Mobile,North America,Q2,48.246280926218795,42357.94,3285019,107679,2562,55595.28
CAMP_04124,2024-05-02 19:22:01.464292864,TikTok,Social,25-34,Travel,30,Tablet,Europe,Q2,52.275100970030024,11652.62,1237365,22485,903,48140.59
CAMP_04125,2024-05-03 00:19:52.558511712,Twitter,Display,35-44,Education,7,Mobile,Europe,Q2,73.69365375212699,1798.72,153453,3597,189,3291.59
CAMP_04126,2024-05-03 05:17:43.652730544,LinkedIn,Native,45-54,Healthcare,30,Tablet,Europe,Q2,38.50173411321884,60260.79,6175377,126715,3551,135957.75
CAMP_04127,2024-05-03 10:15:34.746949392,LinkedIn,Search,35-44,Travel,14,Mobile,Other,Q2,90.99928454008469,4449.31,441893,21689,883,55282.4
CAMP_04128,2024-05-03 15:13:25.841168240,TikTok,Search,18-24,Finance,7,Mobile,North America,Q2,78.75744514746059,8616.13,832368,21688,938,40548.87
CAMP_04129,2024-05-03 20:11:16.935387088,Facebook,Social,35-44,Travel,30,Mobile,North America,Q2,73.23030410857761,43414.46,5605587,178986,17093,239201.39
CAMP_04130,2024-05-04 01:09:08.029605920,Google,Native,25-34,Technology,90,Mobile,Europe,Q2,54.123706679946224,18865.96,1858068,37983,2643,68601.9
CAMP_04131,2024-05-04 06:06:59.123824768,Facebook,Display,18-24,Technology,14,Desktop,Europe,Q2,76.58975179713482,336.34,41172,922,36,1328.87
CAMP_04132,2024-05-04 11:04:50.218043616,Google,Social,25-34,Healthcare,90,Tablet,Europe,Q2,1.652742773938705,7998.74,1138423,13903,615,48332.51
CAMP_04133,2024-05-04 16:02:41.312262448,LinkedIn,Search,25-34,Technology,7,Tablet,North America,Q2,68.81802726984998,30766.54,2818392,124801,5228,128088.33
CAMP_04134,2024-05-04 21:00:32.406481296,Instagram,Display,35-44,Healthcare,30,Desktop,Latin America,Q2,63.20244135325491,5474.57,579275,15877,858,46874.98
CAMP_04135,2024-05-05 01:58:23.500700144,Instagram,Social,45-54,Technology,7,Desktop,Europe,Q2,22.275688695642103,12924.25,1086821,18642,879,11139.38
CAMP_04136,2024-05-05 06:56:14.594918992,Google,Search,25-34,Healthcare,14,Desktop,North America,Q2,68.12505965464338,1082.46,118474,3418,247,21009.09
CAMP_04137,2024-05-05 11:54:05.689137824,LinkedIn,Search,25-34,Technology,30,Desktop,Europe,Q2,71.81783451752146,6084.6,590303,25080,1232,21341.67
CAMP_04138,2024-05-05 16:51:56.783356672,Facebook,Display,18-24,Retail,30,Mobile,North America,Q2,22.92534510331643,10847.62,1307538,12853,568,32187.8
CAMP_04139,2024-05-05 21:49:47.877575520,LinkedIn,Search,35-44,Travel,30,Mobile,North America,Q2,36.26457164695839,8786.09,732107,21882,688,26898.81
CAMP_04140,2024-05-06 02:47:38.971794368,Instagram,Search,35-44,Education,30,Desktop,North America,Q2,100.0,10547.14,1245931,43303,1660,28030.4
CAMP_04141,2024-05-06 07:45:30.066013200,Facebook,Search,25-34,Travel,30,Desktop,North America,Q2,56.27292907795067,2075.31,241019,8800,611,13729.4
CAMP_04142,2024-05-06 12:43:21.160232048,Google,Display,45-54,Entertainment,60,Desktop,North America,Q2,79.51252118996774,31365.65,3087078,51659,2423,225967.96
CAMP_04143,2024-05-06 17:41:12.254450896,Google,Native,35-44,Entertainment,14,Desktop,Europe,Q2,82.53603848579351,2999.1,405151,14041,1642,89015.03
CAMP_04144,2024-05-06 22:39:03.348669744,Twitter,Search,35-44,Healthcare,14,Mobile,Europe,Q2,67.87873627990535,365.46,26073,930,30,4509.67
CAMP_04145,2024-05-07 03:36:54.442888576,TikTok,Social,35-44,Retail,7,Desktop,Europe,Q2,80.34482702378557,111422.3,11047557,307562,17984,1147384.91
CAMP_04146,2024-05-07 08:34:45.537107424,Instagram,Search,35-44,Retail,14,Tablet,North America,Q2,17.74223283670564,64.2,5682,96,3,190.89
CAMP_04147,2024-05-07 13:32:36.631326272,Google,Display,35-44,Technology,30,Mobile,Latin America,Q2,55.38941176638685,33097.53,4575748,110753,5202,209040.84
CAMP_04148,2024-05-07 18:30:27.725545120,Facebook,Search,25-34,Education,7,Tablet,Asia,Q2,1.0,37646.55,4821745,91651,1475,73025.46
CAMP_04149,2024-05-07 23:28:18.819763952,LinkedIn,Search,18-24,Retail,7,Mobile,Other,Q2,25.07812670865504,7676.69,571239,8790,276,5128.82
CAMP_04150,2024-05-08 04:26:09.913982800,Twitter,Search,25-34,Travel,7,Desktop,North America,Q2,49.07971006030105,15067.0,1212631,37114,1966,65218.07
CAMP_04151,2024-05-08 09:24:01.008201648,Google,Search,35-44,Finance,30,Desktop,Asia,Q2,46.69231122007638,86199.38,11734931,358713,20083,784612.54
CAMP_04152,2024-05-08 14:21:52.102420480,Google,Search,45-54,Entertainment,14,Mobile,North America,Q2,60.828205782849594,1105.76,113801,2924,183,13534.41
CAMP_04153,2024-05-08 19:19:43.196639328,LinkedIn,Video,25-34,Retail,7,Mobile,Asia,Q2,59.58698976794021,6377.22,479007,9978,247,17716.05
CAMP_04154,2024-05-09 00:17:34.290858176,Facebook,Search,25-34,Technology,30,Mobile,North America,Q2,62.67484859962463,20768.36,1874570,60293,4369,248035.4
CAMP_04155,2024-05-09 05:15:25.385077024,Facebook,Display,45-54,Travel,30,Mobile,North America,Q2,63.49419297261358,13366.04,1591661,24356,1289,33310.52
CAMP_04156,2024-05-09 10:13:16.479295856,Google,Video,45-54,Technology,14,Mobile,Europe,Q2,66.65845449205942,12560.61,1479495,34193,1688,47128.23
CAMP_04157,2024-05-09 15:11:07.573514704,Instagram,Native,45-54,Technology,30,Mobile,Europe,Q2,40.81910645176076,7228.34,758554,16563,1092,31627.28
CAMP_04158,2024-05-09 20:08:58.667733552,Twitter,Search,35-44,Retail,7,Tablet,Europe,Q2,45.50415361272397,9249.96,665375,20872,1180,158988.75
CAMP_04159,2024-05-10 01:06:49.761952400,TikTok,Search,45-54,Retail,60,Mobile,North America,Q2,59.26243881410495,4629.4,451513,11266,672,16175.75
CAMP_04160,2024-05-10 06:04:40.856171232,Instagram,Search,18-24,Technology,14,Mobile,Europe,Q2,59.573140986541524,2847.49,288272,5280,359,27380.58
CAMP_04161,2024-05-10 11:02:31.950390080,Instagram,Native,18-24,Healthcare,90,Tablet,Latin America,Q2,38.36145269407403,12537.41,1153917,16108,603,24215.54
CAMP_04162,2024-05-10 16:00:23.044608928,Google,Search,18-24,Finance,90,Tablet,Latin America,Q2,81.63118762026102,3841.62,372669,13867,1513,302116.71
CAMP_04163,2024-05-10 20:58:14.138827776,Instagram,Social,45-54,Healthcare,30,Desktop,Europe,Q2,74.49601355101652,795.83,83207,2080,147,9422.88
CAMP_04164,2024-05-11 01:56:05.233046608,Facebook,Display,18-24,Retail,7,Desktop,Europe,Q2,42.80566629273743,31382.85,2824200,38493,2081,50058.38
CAMP_04165,2024-05-11 06:53:56.327265456,Instagram,Native,35-44,Education,30,Mobile,North America,Q2,55.83267974166628,589.11,60508,1297,61,3263.87
CAMP_04166,2024-05-11 11:51:47.421484304,Facebook,Social,35-44,Entertainment,7,Mobile,North America,Q2,100.0,2112.47,245952,7540,794,33311.52
CAMP_04167,2024-05-11 16:49:38.515703136,Google,Social,25-34,Retail,60,Mobile,North America,Q2,63.21154075668563,6832.38,884599,21334,763,22450.8
CAMP_04168,2024-05-11 21:47:29.609921984,Google,Display,45-54,Finance,30,Desktop,Europe,Q2,67.91371910400132,2395.06,313006,4679,268,22827.35
CAMP_04169,2024-05-12 02:45:20.704140832,Facebook,Display,25-34,Retail,90,Mobile,Asia,Q2,47.82128897737741,5049.04,603939,13048,922,79421.65
CAMP_04170,2024-05-12 07:43:11.798359680,Google,Display,25-34,Entertainment,30,Desktop,Europe,Q2,53.73775782943317,88092.37,8900591,180376,7773,526840.93
CAMP_04171,2024-05-12 12:41:02.892578512,Google,Display,45-54,Entertainment,30,Mobile,North America,Q2,90.22651971566805,4733.88,591276,16347,828,12306.55
CAMP_04172,2024-05-12 17:38:53.986797360,TikTok,Social,18-24,Travel,30,Mobile,Europe,Q2,62.26588854585072,1064.85,120298,2163,94,5237.18
CAMP_04173,2024-05-12 22:36:45.081016208,Facebook,Video,35-44,Technology,14,Desktop,North America,Q2,58.58143562254237,3886.44,506438,16316,694,18514.07
CAMP_04174,2024-05-13 03:34:36.175235056,Instagram,Video,45-54,Finance,14,Desktop,Asia,Q2,60.152821718729314,2919.63,297809,6635,315,8703.09
CAMP_04175,2024-05-13 08:32:27.269453888,Twitter,Display,55+,Retail,30,Mobile,North America,Q2,100.0,23957.5,2112372,42431,1859,98955.73
CAMP_04176,2024-05-13 13:30:18.363672736,TikTok,Display,45-54,Technology,60,Mobile,Europe,Q2,60.79615006295769,6348.32,690120,14294,764,16188.01
CAMP_04177,2024-05-13 18:28:09.457891584,Instagram,Display,25-34,Finance,30,Mobile,Asia,Q2,43.398466015727976,76422.26,7063563,102782,5845,449724.54
CAMP_04178,2024-05-13 23:26:00.552110432,Twitter,Social,35-44,Retail,60,Mobile,North America,Q2,46.892981967695235,106656.14,8683471,233965,5131,135550.81
CAMP_04179,2024-05-14 04:23:51.646329264,Facebook,Search,18-24,Entertainment,60,Desktop,North America,Q2,75.61512004776208,13545.28,1352062,50614,4792,332489.2
CAMP_04180,2024-05-14 09:21:42.740548112,Facebook,Video,25-34,Healthcare,30,Mobile,Europe,Q2,31.430377467064467,9820.16,1237881,31456,1164,40904.07
CAMP_04181,2024-05-14 14:19:33.834766960,Facebook,Search,18-24,Education,14,Mobile,North America,Q2,69.0116596292846,4496.33,508892,15812,958,78797.8
CAMP_04182,2024-05-14 19:17:24.928985808,LinkedIn,Search,25-34,Technology,30,Desktop,Europe,Q2,45.523649447011145,19616.84,1543945,33133,1604,48925.5
CAMP_04183,2024-05-15 00:15:16.023204640,LinkedIn,Video,45-54,Travel,14,Mobile,Asia,Q2,22.82460887095985,19021.34,1596869,28382,1062,74399.83
CAMP_04184,2024-05-15 05:13:07.117423488,Facebook,Search,25-34,Travel,7,Mobile,North America,Q2,40.3985556617281,17100.84,1765520,53389,2336,163801.14
CAMP_04185,2024-05-15 10:10:58.211642336,Google,Social,35-44,Travel,14,Mobile,Europe,Q2,60.55067619357319,22178.6,2599755,66591,6377,538173.06
CAMP_04186,2024-05-15 15:08:49.305861168,Instagram,Social,25-34,Entertainment,90,Mobile,Latin America,Q2,87.90334786985633,3417.28,325220,9714,753,25901.33
CAMP_04187,2024-05-15 20:06:40.400080016,Google,Social,35-44,Education,7,Mobile,Europe,Q2,78.26658823893275,73835.14,9058899,322782,35736,1798757.17
CAMP_04188,2024-05-16 01:04:31.494298864,Instagram,Video,55+,Healthcare,30,Desktop,Other,Q2,54.12619547658494,65080.87,7269208,160705,7680,517963.45
CAMP_04189,2024-05-16 06:02:22.588517712,LinkedIn,Native,25-34,Retail,60,Desktop,North America,Q2,79.44374139636186,1120.87,86171,2608,125,4654.65
CAMP_04190,2024-05-16 11:00:13.682736544,LinkedIn,Social,35-44,Entertainment,30,Mobile,Asia,Q2,52.86440341521891,620.07,61345,1203,37,1228.4
CAMP_04191,2024-05-16 15:58:04.776955392,LinkedIn,Native,25-34,Entertainment,30,Desktop,Asia,Q2,30.66976830508221,22191.06,1984488,28887,971,55596.2
CAMP_04192,2024-05-16 20:55:55.871174240,Twitter,Video,18-24,Travel,30,Mobile,Latin America,Q2,60.42175271265353,9370.08,658210,13068,317,15742.29
CAMP_04193,2024-05-17 01:53:46.965393088,Instagram,Native,35-44,Healthcare,14,Mobile,North America,Q2,29.881320099864304,153487.72,16882505,242673,10729,601443.57
CAMP_04194,2024-05-17 06:51:38.059611920,LinkedIn,Social,45-54,Technology,7,Desktop,North America,Q2,75.82816614970125,301.77,22576,496,28,3817.43
CAMP_04195,2024-05-17 11:49:29.153830768,Instagram,Social,18-24,Entertainment,90,Mobile,North America,Q2,76.11760178013755,28612.43,2861234,72441,3115,236235.68
CAMP_04196,2024-05-17 16:47:20.248049616,Google,Video,18-24,Travel,14,Mobile,Latin America,Q2,42.40060120939475,13588.57,1345082,23541,1263,30090.77
CAMP_04197,2024-05-17 21:45:11.342268464,Google,Social,25-34,Retail,30,Desktop,Europe,Q2,62.91195013651324,20937.69,2589428,50355,4599,127289.67
CAMP_04198,2024-05-18 02:43:02.436487296,Facebook,Native,45-54,Technology,30,Mobile,Latin America,Q2,62.720984683828824,3268.86,323913,7160,470,18147.11
CAMP_04199,2024-05-18 07:40:53.530706144,Facebook,Search,45-54,Healthcare,7,Mobile,North America,Q2,77.43926763534483,221253.22,24909077,613843,39206,3428324.93
CAMP_04200,2024-05-18 12:38:44.624924992,Instagram,Search,35-44,Retail,90,Desktop,North America,Q2,35.098634920323036,58421.4,5761958,134785,5641,297854.78
CAMP_04201,2024-05-18 17:36:35.719143840,Twitter,Native,35-44,Retail,30,Desktop,North America,Q2,71.9897504713636,25570.25,2397337,52478,2287,87589.19
CAMP_04202,2024-05-18 22:34:26.813362672,Google,Search,45-54,Technology,7,Desktop,Europe,Q2,33.664614979889805,5950.45,694559,12347,548,8357.49
CAMP_04203,2024-05-19 03:32:17.907581520,Google,Search,45-54,Education,90,Mobile,Asia,Q2,75.54377475345741,3249.89,444711,11774,1029,63652.93
CAMP_04204,2024-05-19 08:30:09.001800368,TikTok,Search,45-54,Retail,30,Mobile,North America,Q2,81.25394802666293,3604.51,333610,10760,910,44664.63
CAMP_04205,2024-05-19 13:28:00.096019200,Google,Native,45-54,Finance,14,Mobile,Latin America,Q2,46.60817212720215,18821.07,2695189,34692,2783,33976.81
CAMP_04206,2024-05-19 18:25:51.190238048,Instagram,Video,35-44,Entertainment,30,Mobile,North America,Q2,84.38257733083078,28799.49,2840198,107185,4915,97202.92
CAMP_04207,2024-05-19 23:23:42.284456896,Instagram,Search,35-44,Travel,7,Mobile,Asia,Q2,28.519340739624226,12769.74,1038888,17602,942,89284.07
CAMP_04208,2024-05-20 04:21:33.378675744,Instagram,Search,45-54,Travel,30,Desktop,Asia,Q2,81.99166890421097,60838.31,6246663,177513,8484,257655.86
CAMP_04209,2024-05-20 09:19:24.472894576,Google,Social,55+,Finance,7,Mobile,North America,Q2,88.76912476325282,297.37,41752,1075,95,5941.66
CAMP_04210,2024-05-20 14:17:15.567113424,Google,Search,18-24,Travel,30,Mobile,North America,Q2,66.91630388303064,68643.38,9797347,325661,23997,978234.64
CAMP_04211,2024-05-20 19:15:06.661332272,Google,Native,18-24,Retail,30,Mobile,North America,Q2,56.08948437941278,2193.21,304807,4693,432,78939.64
CAMP_04212,2024-05-21 00:12:57.755551120,Instagram,Native,55+,Entertainment,60,Tablet,North America,Q2,66.24839640199846,18012.23,1549092,31819,1834,110140.59
CAMP_04213,2024-05-21 05:10:48.849769952,Instagram,Video,25-34,Healthcare,30,Desktop,Latin America,Q2,47.92483262537746,4178.55,350423,10964,389,7771.31
CAMP_04214,2024-05-21 10:08:39.943988800,Google,Search,45-54,Technology,14,Tablet,Other,Q2,100.0,12940.75,1433908,70308,8477,1192354.07
CAMP_04215,2024-05-21 15:06:31.038207648,Instagram,Video,25-34,Finance,60,Mobile,Asia,Q2,48.26937419131417,12561.42,1057663,26596,1317,101431.86
CAMP_04216,2024-05-21 20:04:22.132426496,Twitter,Display,18-24,Retail,30,Mobile,Asia,Q2,86.34802339314638,2475.98,199047,4423,295,17902.98
CAMP_04217,2024-05-22 01:02:13.226645328,Google,Search,18-24,Education,30,Mobile,North America,Q2,45.17545165151716,865.81,99662,1848,95,6720.01
CAMP_04218,2024-05-22 06:00:04.320864176,Instagram,Native,25-34,Technology,7,Desktop,North America,Q2,91.93616559007299,47710.31,3997463,94953,6780,383166.51
CAMP_04219,2024-05-22 10:57:55.415083024,LinkedIn,Social,25-34,Healthcare,60,Mobile,Asia,Q2,100.0,64983.14,6872763,188169,9394,404574.0
CAMP_04220,2024-05-22 15:55:46.509301856,Facebook,Video,35-44,Retail,60,Mobile,Europe,Q2,67.71981622038687,18539.17,1964761,68100,6395,1090010.51
CAMP_04221,2024-05-22 20:53:37.603520704,Facebook,Video,45-54,Technology,30,Mobile,Asia,Q2,65.73314537134301,445.88,50739,1209,56,3756.7
CAMP_04222,2024-05-23 01:51:28.697739552,Instagram,Search,55+,Travel,60,Mobile,Asia,Q2,40.86841950430843,1373.82,161853,2892,158,10775.11
CAMP_04223,2024-05-23 06:49:19.791958400,Twitter,Search,25-34,Entertainment,14,Mobile,Europe,Q2,38.4866478086343,7038.42,453481,12963,626,33447.17
CAMP_04224,2024-05-23 11:47:10.886177232,Twitter,Display,35-44,Travel,60,Mobile,North America,Q2,65.95829210331257,5142.85,387044,6467,201,3114.53
CAMP_04225,2024-05-23 16:45:01.980396080,Instagram,Social,35-44,Technology,14,Mobile,Asia,Q2,89.16384954362242,4870.41,408049,11216,1146,200070.31
CAMP_04226,2024-05-23 21:42:53.074614928,LinkedIn,Native,35-44,Retail,7,Mobile,Europe,Q2,49.03595021701939,2200.65,237165,4721,303,21478.07
CAMP_04227,2024-05-24 02:40:44.168833776,Facebook,Search,35-44,Finance,30,Mobile,Asia,Q2,100.0,63185.39,5594935,304921,25796,1398520.53
CAMP_04228,2024-05-24 07:38:35.263052608,Instagram,Social,18-24,Finance,30,Desktop,Europe,Q2,47.79708120740324,1944.74,211259,3213,124,7055.0
CAMP_04229,2024-05-24 12:36:26.357271456,Facebook,Display,18-24,Retail,14,Mobile,North America,Q2,64.58783881499942,1768.07,180677,3328,218,12766.87
CAMP_04230,2024-05-24 17:34:17.451490304,Google,Social,18-24,Entertainment,7,Desktop,North America,Q2,64.64032932807311,48321.39,5502881,99714,5541,268097.93
CAMP_04231,2024-05-24 22:32:08.545709152,LinkedIn,Search,18-24,Technology,7,Mobile,Asia,Q2,57.96931249528966,174228.8,18371617,360077,16578,1028112.84
CAMP_04232,2024-05-25 03:29:59.639927984,Instagram,Video,45-54,Retail,14,Mobile,Europe,Q2,19.1234496734754,3562.04,426549,7310,288,19761.6
CAMP_04233,2024-05-25 08:27:50.734146832,Facebook,Native,25-34,Technology,7,Desktop,Europe,Q2,47.618537991382084,77626.33,7450894,190854,5217,399373.17
CAMP_04234,2024-05-25 13:25:41.828365680,TikTok,Search,45-54,Healthcare,7,Tablet,Europe,Q2,63.992785846057444,9093.78,840185,28479,1588,69647.17
CAMP_04235,2024-05-25 18:23:32.922584528,Google,Social,55+,Entertainment,14,Desktop,Europe,Q2,58.08029808039572,51062.98,5129361,93206,3716,345372.72
CAMP_04236,2024-05-25 23:21:24.016803360,Facebook,Display,55+,Finance,90,Mobile,North America,Q2,72.72405318805565,7113.85,643891,10846,953,48664.22
CAMP_04237,2024-05-26 04:19:15.111022208,Google,Video,55+,Finance,30,Mobile,North America,Q2,75.13671823983704,5427.89,699917,18454,1588,99845.86
CAMP_04238,2024-05-26 09:17:06.205241056,LinkedIn,Video,25-34,Retail,14,Mobile,North America,Q2,55.1984307764218,4640.18,469435,16814,463,9705.98
CAMP_04239,2024-05-26 14:14:57.299459888,LinkedIn,Search,35-44,Travel,90,Mobile,North America,Q2,40.751392553691076,7644.87,721593,18046,607,30166.16
CAMP_04240,2024-05-26 19:12:48.393678736,Facebook,Search,25-34,Travel,30,Mobile,Europe,Q2,90.96635410766827,60.47,5787,246,17,1263.44
CAMP_04241,2024-05-27 00:10:39.487897584,LinkedIn,Display,45-54,Entertainment,14,Mobile,North America,Q2,32.890753389686964,1535.57,154617,2984,82,5867.31
CAMP_04242,2024-05-27 05:08:30.582116432,Facebook,Search,45-54,Retail,14,Mobile,North America,Q2,48.09385553135703,56730.82,5336488,101576,5595,95272.97
CAMP_04243,2024-05-27 10:06:21.676335264,LinkedIn,Search,45-54,Healthcare,14,Desktop,North America,Q2,43.00080152052398,3086.05,313541,8526,504,14359.38
CAMP_04244,2024-05-27 15:04:12.770554112,Facebook,Social,25-34,Healthcare,14,Desktop,North America,Q2,74.92915243604214,664.89,72060,1522,73,1146.39
CAMP_04245,2024-05-27 20:02:03.864772960,Facebook,Search,45-54,Travel,14,Mobile,Other,Q2,86.34043948961181,31089.81,2741416,104666,10825,883632.71
CAMP_04246,2024-05-28 00:59:54.958991808,TikTok,Native,18-24,Travel,30,Desktop,North America,Q2,56.526132489781105,6982.91,747896,11290,802,13559.71
CAMP_04247,2024-05-28 05:57:46.053210640,Facebook,Search,18-24,Education,30,Desktop,Europe,Q2,64.59553520669824,10319.92,1278660,36708,2063,123750.95
CAMP_04248,2024-05-28 10:55:37.147429488,Google,Search,45-54,Retail,30,Mobile,North America,Q2,68.57543641978299,53922.17,7159671,264524,21891,1694325.72
CAMP_04249,2024-05-28 15:53:28.241648336,Instagram,Display,25-34,Travel,14,Mobile,Asia,Q2,96.08008197177722,5446.9,504650,14608,1002,15177.48
CAMP_04250,2024-05-28 20:51:19.335867184,TikTok,Display,55+,Healthcare,30,Desktop,Latin America,Q2,24.528531155736452,20007.82,1899559,16241,753,84605.62
CAMP_04251,2024-05-29 01:49:10.430086016,Facebook,Video,18-24,Education,30,Mobile,Europe,Q2,74.88443798253857,2433.07,254440,7458,326,5053.32
CAMP_04252,2024-05-29 06:47:01.524304864,Google,Search,45-54,Finance,90,Tablet,Asia,Q2,67.53049495879007,5940.09,652679,23234,1404,38861.76
CAMP_04253,2024-05-29 11:44:52.618523712,Facebook,Display,35-44,Technology,14,Mobile,North America,Q2,52.583209495083594,2286.4,286587,5958,352,24823.38
CAMP_04254,2024-05-29 16:42:43.712742544,Instagram,Display,45-54,Finance,60,Mobile,North America,Q2,66.52453471440592,18974.33,2081969,53049,1829,48147.61
CAMP_04255,2024-05-29 21:40:34.806961392,Google,Social,45-54,Retail,60,Tablet,North America,Q2,74.81657951659835,12656.09,1299600,29092,2134,132382.54
CAMP_04256,2024-05-30 02:38:25.901180240,LinkedIn,Display,55+,Technology,30,Tablet,North America,Q2,71.66325424965606,16885.4,1502777,28676,2172,139513.62
CAMP_04257,2024-05-30 07:36:16.995399088,TikTok,Display,25-34,Education,30,Mobile,North America,Q2,100.0,4501.34,383051,10225,1081,57101.63
CAMP_04258,2024-05-30 12:34:08.089617920,Facebook,Display,55+,Retail,7,Desktop,North America,Q2,62.549631755873705,5242.99,621956,9748,436,20701.1
CAMP_04259,2024-05-30 17:31:59.183836768,Facebook,Social,25-34,Retail,90,Mobile,Europe,Q2,60.53810366580653,9236.07,1206917,33492,1313,94546.67
CAMP_04260,2024-05-30 22:29:50.278055616,Facebook,Video,18-24,Retail,7,Desktop,Asia,Q2,56.3740242866045,19260.9,2052275,32844,1145,62388.1
CAMP_04261,2024-05-31 03:27:41.372274464,Google,Search,25-34,Finance,30,Desktop,North America,Q2,71.05957674291776,9848.78,1298185,53316,3965,341728.11
CAMP_04262,2024-05-31 08:25:32.466493296,Twitter,Search,45-54,Travel,14,Mobile,North America,Q2,59.35883477028105,54757.67,3987612,96565,3201,319582.99
CAMP_04263,2024-05-31 13:23:23.560712144,Facebook,Search,35-44,Retail,14,Mobile,Europe,Q2,60.264182901295335,11957.78,1290688,41185,1992,103848.66
CAMP_04264,2024-05-31 18:21:14.654930992,Facebook,Search,45-54,Retail,30,Mobile,Europe,Q2,60.35659720012514,380.42,36965,1316,48,3035.55
CAMP_04265,2024-05-31 23:19:05.749149840,LinkedIn,Social,45-54,Travel,60,Mobile,North America,Q2,57.307828610198136,43856.74,3595027,78344,5570,154112.62
CAMP_04266,2024-06-01 04:16:56.843368672,Facebook,Video,25-34,Education,14,Mobile,North America,Q2,47.826543956951845,2235.77,241840,6905,351,27305.86
CAMP_04267,2024-06-01 09:14:47.937587520,Instagram,Display,55+,Retail,90,Desktop,Europe,Q2,68.36213076393821,14567.22,1714511,26012,1136,76508.03
CAMP_04268,2024-06-01 14:12:39.031806368,Google,Display,18-24,Entertainment,30,Mobile,North America,Q2,54.29904869966763,3916.63,556645,8790,488,12581.1
CAMP_04269,2024-06-01 19:10:30.126025216,Twitter,Video,45-54,Entertainment,7,Mobile,Latin America,Q2,72.27359005640888,119484.08,9752941,189229,12063,393990.82
CAMP_04270,2024-06-02 00:08:21.220244048,TikTok,Display,25-34,Entertainment,7,Desktop,North America,Q2,62.215352578559944,9009.02,810142,16453,703,42682.45
CAMP_04271,2024-06-02 05:06:12.314462896,Instagram,Display,35-44,Finance,30,Mobile,North America,Q2,52.26850247341907,1318.43,129264,2099,153,6173.68
CAMP_04272,2024-06-02 10:04:03.408681744,TikTok,Search,25-34,Travel,7,Mobile,Europe,Q2,91.29660810070129,1211.65,97715,5209,343,4020.2
CAMP_04273,2024-06-02 15:01:54.502900576,Google,Search,25-34,Retail,14,Mobile,Other,Q2,57.95374828906047,25882.28,3090869,91304,4146,308282.09
CAMP_04274,2024-06-02 19:59:45.597119424,Instagram,Display,25-34,Technology,7,Desktop,Europe,Q2,72.45646029123613,941.15,82207,2296,129,3110.62
CAMP_04275,2024-06-03 00:57:36.691338272,Instagram,Social,25-34,Finance,14,Mobile,North America,Q2,46.000341880157976,2970.36,257420,5792,254,13098.9
CAMP_04276,2024-06-03 05:55:27.785557120,Instagram,Display,25-34,Finance,30,Desktop,North America,Q2,19.48921337737641,830.97,68786,1007,48,3711.67
CAMP_04277,2024-06-03 10:53:18.879775952,Facebook,Display,25-34,Travel,14,Mobile,Europe,Q2,48.660016646459056,2716.65,259007,7053,552,16570.85
CAMP_04278,2024-06-03 15:51:09.973994800,Facebook,Search,35-44,Healthcare,7,Desktop,North America,Q2,17.25102587200412,14763.47,1878696,34725,1667,112858.37
CAMP_04279,2024-06-03 20:49:01.068213648,Google,Video,45-54,Retail,14,Desktop,Europe,Q2,55.262742663615036,29015.06,3238878,76045,4907,185302.08
CAMP_04280,2024-06-04 01:46:52.162432496,Facebook,Video,35-44,Finance,14,Desktop,Europe,Q2,89.37294029078107,5827.3,677580,17931,1915,144970.69
CAMP_04281,2024-06-04 06:44:43.256651328,Google,Search,45-54,Finance,7,Mobile,North America,Q2,41.89429955846698,1658.38,185268,5664,217,5952.16
CAMP_04282,2024-06-04 11:42:34.350870176,LinkedIn,Native,35-44,Travel,30,Mobile,North America,Q2,17.87912284811624,55710.69,5827021,94666,4142,180667.54
CAMP_04283,2024-06-04 16:40:25.445089024,Google,Social,35-44,Healthcare,30,Desktop,Asia,Q2,90.00513982025053,4286.79,453058,11615,952,13272.43
CAMP_04284,2024-06-04 21:38:16.539307872,Google,Video,35-44,Healthcare,7,Mobile,Europe,Q2,50.49290473351496,3659.35,393186,10117,832,36718.06
CAMP_04285,2024-06-05 02:36:07.633526704,Instagram,Social,25-34,Entertainment,14,Mobile,Asia,Q2,59.685232356626244,917.78,99074,2851,210,15336.99
CAMP_04286,2024-06-05 07:33:58.727745552,Instagram,Social,35-44,Entertainment,14,Desktop,North America,Q2,75.76559938262155,2129.65,216385,4857,220,16343.33
CAMP_04287,2024-06-05 12:31:49.821964400,Twitter,Search,18-24,Healthcare,14,Desktop,Asia,Q2,70.46345529978299,24348.51,1762637,37354,2333,77204.92
CAMP_04288,2024-06-05 17:29:40.916183232,Instagram,Social,45-54,Technology,30,Mobile,North America,Q2,75.01024839223737,8750.27,735878,13346,469,12398.98
CAMP_04289,2024-06-05 22:27:32.010402080,Facebook,Search,45-54,Education,14,Desktop,North America,Q2,78.00857979090847,2036.25,220232,7857,652,24092.34
CAMP_04290,2024-06-06 03:25:23.104620928,Twitter,Display,25-34,Entertainment,14,Desktop,Asia,Q2,25.077707348210907,84.03,6368,76,1,24.29
CAMP_04291,2024-06-06 08:23:14.198839776,Instagram,Search,45-54,Entertainment,30,Mobile,Asia,Q2,31.713045197199612,6106.54,635413,11926,245,9392.83
CAMP_04292,2024-06-06 13:21:05.293058608,Google,Search,18-24,Travel,7,Desktop,North America,Q2,83.42339325257683,94347.05,12377241,469719,55000,5083173.85
CAMP_04293,2024-06-06 18:18:56.387277456,Instagram,Search,25-34,Education,30,Desktop,Asia,Q2,44.365217138166265,614.66,50008,1500,76,5760.16
CAMP_04294,2024-06-06 23:16:47.481496304,TikTok,Search,18-24,Education,30,Tablet,Asia,Q2,46.54708310072881,50436.99,5003210,91056,5099,208906.36
CAMP_04295,2024-06-07 04:14:38.575715152,Facebook,Native,45-54,Travel,14,Mobile,North America,Q2,34.74314955671364,6211.96,680851,12809,692,127971.11
CAMP_04296,2024-06-07 09:12:29.669933984,Facebook,Native,45-54,Retail,30,Desktop,Latin America,Q2,51.90104221305036,10360.19,1342323,29180,2250,85492.0
CAMP_04297,2024-06-07 14:10:20.764152832,Google,Social,45-54,Finance,30,Mobile,Europe,Q2,53.01367872631058,45723.87,6457087,163796,6582,629637.38
CAMP_04298,2024-06-07 19:08:11.858371680,Google,Social,18-24,Healthcare,14,Mobile,Europe,Q2,41.25078624629685,2166.35,238683,4237,326,12715.28
CAMP_04299,2024-06-08 00:06:02.952590528,Facebook,Native,35-44,Technology,30,Desktop,Europe,Q2,38.93834510248511,11962.7,1551161,28971,1357,59292.68
CAMP_04300,2024-06-08 05:03:54.046809360,Instagram,Video,45-54,Education,60,Mobile,Europe,Q2,66.37326184351411,2742.43,294090,7026,358,5796.6
CAMP_04301,2024-06-08 10:01:45.141028208,Google,Display,25-34,Entertainment,90,Mobile,Asia,Q2,43.84661466223142,7983.02,790210,16809,990,50807.6
CAMP_04302,2024-06-08 14:59:36.235247056,TikTok,Search,35-44,Entertainment,30,Mobile,North America,Q2,47.87375486043477,8250.57,671543,13394,340,15255.22
CAMP_04303,2024-06-08 19:57:27.329465904,LinkedIn,Social,18-24,Travel,60,Mobile,North America,Q2,16.274433064518384,823.61,78637,868,33,1060.53
CAMP_04304,2024-06-09 00:55:18.423684736,Instagram,Search,25-34,Technology,7,Mobile,Latin America,Q2,98.7640048506205,619.44,72721,2889,249,10702.97
CAMP_04305,2024-06-09 05:53:09.517903584,Twitter,Social,35-44,Entertainment,30,Mobile,Asia,Q2,78.83648058949402,9381.76,751752,23232,1480,24196.03
CAMP_04306,2024-06-09 10:51:00.612122432,Google,Video,35-44,Healthcare,14,Desktop,North America,Q2,50.10387893346116,2468.87,241495,7216,420,23836.11
CAMP_04307,2024-06-09 15:48:51.706341264,Instagram,Display,18-24,Technology,7,Mobile,North America,Q2,42.018381286845596,278450.33,24171092,307143,19866,522633.9
CAMP_04308,2024-06-09 20:46:42.800560112,Instagram,Social,25-34,Retail,30,Desktop,Asia,Q2,60.2177759446625,10811.83,1085500,31145,859,32582.66
CAMP_04309,2024-06-10 01:44:33.894778960,Twitter,Display,25-34,Education,30,Desktop,North America,Q2,59.66932820804692,8849.04,822868,23493,1326,23588.43
CAMP_04310,2024-06-10 06:42:24.988997808,Twitter,Display,25-34,Healthcare,14,Mobile,Europe,Q2,34.48066860970705,8908.71,667325,13518,650,12769.34
CAMP_04311,2024-06-10 11:40:16.083216640,Facebook,Display,25-34,Education,30,Mobile,North America,Q2,8.989275421552804,34048.96,3983808,36205,885,29401.94
CAMP_04312,2024-06-10 16:38:07.177435488,TikTok,Display,25-34,Healthcare,14,Desktop,Europe,Q2,49.47848184966662,26481.46,2789075,57214,3805,196035.19
CAMP_04313,2024-06-10 21:35:58.271654336,Google,Social,35-44,Technology,14,Desktop,North America,Q2,28.732509382009734,15430.47,2088686,29791,1465,26723.09
CAMP_04314,2024-06-11 02:33:49.365873184,Twitter,Display,25-34,Technology,14,Mobile,Europe,Q2,63.427598934470836,106339.05,9320202,213144,6081,82123.19
CAMP_04315,2024-06-11 07:31:40.460092016,TikTok,Search,45-54,Finance,14,Desktop,Asia,Q2,63.56163133321349,6868.59,558038,14025,926,11341.22
CAMP_04316,2024-06-11 12:29:31.554310864,Google,Video,45-54,Travel,14,Mobile,Europe,Q2,40.53574603316183,35707.77,3530578,87923,3968,88632.59
CAMP_04317,2024-06-11 17:27:22.648529712,LinkedIn,Social,18-24,Retail,30,Mobile,North America,Q2,49.30831464689094,83349.96,7564861,96335,4235,220305.24
CAMP_04318,2024-06-11 22:25:13.742748560,Google,Display,18-24,Travel,7,Mobile,North America,Q2,95.26083383956167,6589.66,798194,24027,2299,128052.89
CAMP_04319,2024-06-12 03:23:04.836967392,Facebook,Search,45-54,Travel,7,Mobile,North America,Q2,75.50257052541926,36462.92,3742849,138058,7021,392761.21
CAMP_04320,2024-06-12 08:20:55.931186240,Instagram,Social,18-24,Travel,30,Mobile,Europe,Q2,50.95494458582192,919.2,96644,1933,117,8480.2
CAMP_04321,2024-06-12 13:18:47.025405088,Instagram,Display,18-24,Finance,30,Desktop,Europe,Q2,100.0,11037.71,1003842,19990,1470,78420.42
CAMP_04322,2024-06-12 18:16:38.119623936,TikTok,Social,18-24,Travel,14,Desktop,North America,Q2,36.0612517605671,3734.94,362973,7282,404,24221.67
CAMP_04323,2024-06-12 23:14:29.213842768,LinkedIn,Search,35-44,Finance,7,Mobile,Asia,Q2,43.7461055036689,2684.06,198042,6264,276,8331.05
CAMP_04324,2024-06-13 04:12:20.308061616,Instagram,Search,35-44,Retail,14,Tablet,Asia,Q2,57.789716585841454,9684.47,1135155,39473,3037,417767.91
CAMP_04325,2024-06-13 09:10:11.402280464,Twitter,Display,55+,Technology,30,Desktop,Europe,Q2,29.37985869247369,2119.02,159097,1507,71,1821.48
CAMP_04326,2024-06-13 14:08:02.496499296,TikTok,Native,45-54,Travel,60,Mobile,North America,Q2,95.80618329255694,13269.33,1343531,40783,2393,151467.2
CAMP_04327,2024-06-13 19:05:53.590718144,Google,Social,25-34,Retail,30,Mobile,Asia,Q2,63.66304077418561,100181.17,13034161,285973,26877,2028587.11
CAMP_04328,2024-06-14 00:03:44.684936992,TikTok,Display,25-34,Healthcare,7,Desktop,Asia,Q2,44.20102286200411,1692.35,142938,2273,69,12522.91
CAMP_04329,2024-06-14 05:01:35.779155840,Google,Display,25-34,Retail,30,Desktop,Other,Q2,68.95573902809522,1484.96,143787,3234,216,25546.23
CAMP_04330,2024-06-14 09:59:26.873374672,Twitter,Social,25-34,Technology,14,Mobile,North America,Q2,62.92111696595783,26556.04,2294741,52056,2315,22200.61
CAMP_04331,2024-06-14 14:57:17.967593520,Facebook,Search,18-24,Retail,14,Desktop,Latin America,Q2,53.906978317483066,3694.27,413058,8421,519,13763.06
CAMP_04332,2024-06-14 19:55:09.061812368,Google,Social,18-24,Education,7,Mobile,North America,Q2,35.829696663570395,55956.36,6293797,101166,4776,238521.77
CAMP_04333,2024-06-15 00:53:00.156031216,Facebook,Search,18-24,Healthcare,30,Mobile,Europe,Q2,31.27576148941786,1751.54,201196,3773,198,16554.45
CAMP_04334,2024-06-15 05:50:51.250250048,Instagram,Social,25-34,Travel,30,Mobile,Europe,Q2,100.0,1608.18,138390,5359,435,31629.85
CAMP_04335,2024-06-15 10:48:42.344468896,Facebook,Display,25-34,Entertainment,30,Desktop,Europe,Q2,32.945302297800055,17893.55,1731515,26864,1351,33998.24
CAMP_04336,2024-06-15 15:46:33.438687744,Google,Display,55+,Travel,30,Mobile,Europe,Q2,93.95931038702751,70389.27,9836813,259748,11335,1029140.24
CAMP_04337,2024-06-15 20:44:24.532906592,Instagram,Search,35-44,Finance,14,Mobile,North America,Q2,43.10481704768088,156.83,18310,343,21,1152.51
CAMP_04338,2024-06-16 01:42:15.627125424,TikTok,Native,55+,Healthcare,14,Mobile,Latin America,Q2,75.80065135080645,59104.04,5217795,101146,7907,424215.2
CAMP_04339,2024-06-16 06:40:06.721344272,Facebook,Display,25-34,Healthcare,30,Desktop,Europe,Q2,69.30866180161559,8676.06,1056561,26360,1660,54717.78
CAMP_04340,2024-06-16 11:37:57.815563120,Google,Search,35-44,Finance,30,Desktop,Latin America,Q2,73.30837400592833,34836.83,3407584,122441,7326,162812.12
CAMP_04341,2024-06-16 16:35:48.909781952,Facebook,Search,25-34,Education,30,Mobile,North America,Q2,74.64028544480381,24587.74,2722395,109484,4160,259609.39
CAMP_04342,2024-06-16 21:33:40.004000800,Google,Search,25-34,Healthcare,14,Tablet,Europe,Q2,27.768687553249784,5294.2,546543,17108,1129,47719.02
CAMP_04343,2024-06-17 02:31:31.098219648,Twitter,Social,18-24,Education,30,Mobile,Europe,Q2,46.47308015051646,3678.25,323583,7128,180,2492.4
CAMP_04344,2024-06-17 07:29:22.192438496,Twitter,Social,55+,Entertainment,14,Mobile,Europe,Q2,32.639040815645714,35822.32,3207789,46654,1576,87618.82
CAMP_04345,2024-06-17 12:27:13.286657328,Instagram,Video,55+,Retail,30,Mobile,Asia,Q2,63.786021216951944,26383.95,2597577,51634,4237,206101.96
CAMP_04346,2024-06-17 17:25:04.380876176,Facebook,Native,18-24,Entertainment,14,Mobile,North America,Q2,33.533113357515475,6885.93,714213,12744,297,24902.75
CAMP_04347,2024-06-17 22:22:55.475095024,Twitter,Social,25-34,Retail,60,Mobile,North America,Q2,20.379056458535572,280248.44,22712369,360008,11809,335468.62
CAMP_04348,2024-06-18 03:20:46.569313872,Instagram,Social,25-34,Healthcare,7,Desktop,Asia,Q2,55.250453269128506,7697.2,797590,15103,832,42404.6
CAMP_04349,2024-06-18 08:18:37.663532704,Twitter,Search,25-34,Entertainment,30,Desktop,Europe,Q2,15.818418950251079,4664.83,371956,5747,181,6823.78
CAMP_04350,2024-06-18 13:16:28.757751552,Instagram,Social,25-34,Travel,30,Desktop,North America,Q2,65.17476389441913,21534.36,1833345,65799,4819,240454.51
CAMP_04351,2024-06-18 18:14:19.851970400,Twitter,Video,18-24,Retail,7,Desktop,Europe,Q2,34.84740953244517,15473.37,1370762,20951,1050,42324.43
CAMP_04352,2024-06-18 23:12:10.946189248,Instagram,Display,35-44,Retail,7,Desktop,Europe,Q2,43.188405038395445,9572.68,1034105,16460,1116,45671.32
CAMP_04353,2024-06-19 04:10:02.040408080,Facebook,Social,25-34,Retail,30,Mobile,Asia,Q2,14.391680536845996,10614.48,1037570,11558,220,11275.85
CAMP_04354,2024-06-19 09:07:53.134626928,TikTok,Display,25-34,Finance,7,Desktop,North America,Q2,93.00204427617092,6435.1,499249,11653,472,13894.59
CAMP_04355,2024-06-19 14:05:44.228845776,Instagram,Video,18-24,Education,7,Desktop,Europe,Q2,30.741702260438423,2578.7,298315,4209,217,17176.33
CAMP_04356,2024-06-19 19:03:35.323064624,Instagram,Social,25-34,Education,90,Tablet,Europe,Q2,52.7199753090421,9585.98,1051021,25021,838,153302.86
CAMP_04357,2024-06-20 00:01:26.417283456,Google,Social,55+,Entertainment,30,Mobile,Asia,Q2,24.16522815077508,89624.99,10739213,156465,8700,1699862.05
CAMP_04358,2024-06-20 04:59:17.511502304,Instagram,Display,25-34,Education,14,Mobile,Latin America,Q2,43.286643832384556,4852.12,439954,10317,697,13068.76
CAMP_04359,2024-06-20 09:57:08.605721152,Instagram,Social,45-54,Technology,30,Desktop,Europe,Q2,95.03643562048421,2250.97,241715,4973,407,22355.99
CAMP_04360,2024-06-20 14:54:59.699939984,Google,Search,45-54,Retail,30,Desktop,North America,Q2,65.94953470530696,18592.12,1843204,71935,4284,81906.28
CAMP_04361,2024-06-20 19:52:50.794158832,Google,Search,55+,Retail,60,Mobile,North America,Q2,45.52738007378841,3696.25,496634,11003,683,65442.08
CAMP_04362,2024-06-21 00:50:41.888377680,Instagram,Social,45-54,Education,30,Desktop,North America,Q2,59.316530406890735,2586.68,246745,5042,340,3718.76
CAMP_04363,2024-06-21 05:48:32.982596528,LinkedIn,Search,35-44,Entertainment,60,Mobile,North America,Q2,48.788818866267775,55699.35,5987330,177970,9370,140975.92
CAMP_04364,2024-06-21 10:46:24.076815360,Instagram,Display,45-54,Entertainment,14,Tablet,Asia,Q2,58.151588403448265,31708.56,3468474,69420,2252,59487.25
CAMP_04365,2024-06-21 15:44:15.171034208,Google,Display,18-24,Technology,30,Mobile,Asia,Q2,74.87737438065922,565.96,57172,983,69,1688.6
CAMP_04366,2024-06-21 20:42:06.265253056,LinkedIn,Search,35-44,Technology,7,Mobile,Europe,Q2,53.378040201859214,12842.08,1073022,38566,2530,100928.74
CAMP_04367,2024-06-22 01:39:57.359471904,Google,Search,55+,Travel,7,Mobile,North America,Q2,64.39982947850208,1008.91,144971,3957,200,13293.33
CAMP_04368,2024-06-22 06:37:48.453690736,Facebook,Social,45-54,Retail,30,Mobile,North America,Q2,64.7299099529651,14679.55,1500327,31437,2541,165936.38
CAMP_04369,2024-06-22 11:35:39.547909584,Google,Social,55+,Entertainment,7,Mobile,Latin America,Q2,53.47708705404513,4439.74,489796,6780,596,37029.82
CAMP_04370,2024-06-22 16:33:30.642128432,Google,Search,45-54,Technology,30,Desktop,Latin America,Q2,45.281480206598886,22436.53,2642044,51452,4194,148577.55
CAMP_04371,2024-06-22 21:31:21.736347280,Google,Social,45-54,Retail,60,Desktop,North America,Q2,49.49633286791079,19806.84,2046135,45399,3848,292823.56
CAMP_04372,2024-06-23 02:29:12.830566112,Facebook,Display,45-54,Entertainment,14,Mobile,Europe,Q2,73.98370503070154,2421.02,228296,5502,211,33679.89
CAMP_04373,2024-06-23 07:27:03.924784960,Google,Video,45-54,Technology,7,Desktop,North America,Q2,75.64833409950901,519.58,62671,1924,166,30222.21
CAMP_04374,2024-06-23 12:24:55.019003808,Facebook,Social,35-44,Entertainment,30,Mobile,North America,Q2,37.24411337463058,26142.97,3059236,64693,4182,348019.21
CAMP_04375,2024-06-23 17:22:46.113222640,Instagram,Video,55+,Entertainment,60,Mobile,North America,Q2,54.78021331223983,1931.29,217860,3165,107,5263.45
CAMP_04376,2024-06-23 22:20:37.207441488,Instagram,Display,45-54,Healthcare,30,Mobile,Europe,Q2,44.9415626179533,4592.47,421282,9199,527,17424.53
CAMP_04377,2024-06-24 03:18:28.301660336,Facebook,Search,45-54,Entertainment,30,Mobile,North America,Q2,75.99904859432282,46852.93,5591093,149681,12418,949429.0
CAMP_04378,2024-06-24 08:16:19.395879184,Twitter,Search,35-44,Healthcare,14,Desktop,North America,Q2,50.57593920440198,31016.03,2605116,59031,1943,96057.76
CAMP_04379,2024-06-24 13:14:10.490098016,Google,Social,25-34,Technology,7,Mobile,North America,Q2,100.0,3123.73,302175,9779,463,31483.24
CAMP_04380,2024-06-24 18:12:01.584316864,Instagram,Display,18-24,Entertainment,30,Desktop,North America,Q2,64.35794779794105,1315.87,156280,3576,225,16168.66
CAMP_04381,2024-06-24 23:09:52.678535712,Google,Video,55+,Healthcare,14,Desktop,Asia,Q2,83.63992908446444,1820.84,210636,3626,233,16188.6
CAMP_04382,2024-06-25 04:07:43.772754560,Google,Display,35-44,Retail,60,Desktop,North America,Q2,39.70778346393268,2728.43,334134,6676,372,48767.15
CAMP_04383,2024-06-25 09:05:34.866973392,Instagram,Search,25-34,Travel,14,Tablet,Latin America,Q2,60.234442981717315,12836.15,1451206,38433,1200,37491.79
CAMP_04384,2024-06-25 14:03:25.961192240,Instagram,Display,18-24,Healthcare,30,Tablet,North America,Q2,72.32346196740447,2458.66,222330,3642,181,12676.69
CAMP_04385,2024-06-25 19:01:17.055411088,Twitter,Search,45-54,Education,30,Desktop,North America,Q2,39.333995163564,55172.54,3557058,63358,1794,103103.3
CAMP_04386,2024-06-25 23:59:08.149629936,Instagram,Social,45-54,Education,30,Mobile,North America,Q2,60.406854236211544,15476.23,1381185,23896,1778,104840.82
CAMP_04387,2024-06-26 04:56:59.243848768,TikTok,Native,45-54,Finance,30,Mobile,North America,Q2,81.03718064401073,1176.79,120764,2863,140,1385.73
CAMP_04388,2024-06-26 09:54:50.338067616,Google,Display,35-44,Finance,60,Desktop,North America,Q2,53.45099984153028,10785.29,1244986,22449,772,70260.99
CAMP_04389,2024-06-26 14:52:41.432286464,Google,Search,25-34,Finance,90,Mobile,North America,Q2,42.964949908547496,524.78,71484,1749,119,1853.36
CAMP_04390,2024-06-26 19:50:32.526505312,Google,Search,25-34,Finance,60,Tablet,Latin America,Q2,96.05918910945036,8629.64,938057,51405,2622,33229.69
CAMP_04391,2024-06-27 00:48:23.620724144,Google,Native,18-24,Education,60,Mobile,Asia,Q2,36.56509396707403,18296.57,2094034,32427,1603,118339.69
CAMP_04392,2024-06-27 05:46:14.714942992,Instagram,Native,45-54,Entertainment,30,Mobile,Latin America,Q2,63.117812567631745,10296.8,841958,13847,760,23049.06
CAMP_04393,2024-06-27 10:44:05.809161840,Instagram,Display,18-24,Retail,30,Mobile,North America,Q2,45.834473233263864,26427.79,2574164,41937,2846,186085.24
CAMP_04394,2024-06-27 15:41:56.903380672,Google,Social,35-44,Healthcare,7,Desktop,Europe,Q2,41.26331522284896,120322.14,11619983,175183,13906,906652.36
CAMP_04395,2024-06-27 20:39:47.997599520,TikTok,Display,35-44,Travel,14,Mobile,North America,Q2,74.83314165406519,1730.84,156531,4097,275,10759.62
CAMP_04396,2024-06-28 01:37:39.091818368,Twitter,Video,35-44,Healthcare,7,Mobile,Asia,Q2,55.88928176674924,3599.34,295636,9666,429,21814.89
CAMP_04397,2024-06-28 06:35:30.186037216,Facebook,Video,55+,Entertainment,7,Mobile,Other,Q2,68.11772930839396,511.59,58320,1418,104,4328.78
CAMP_04398,2024-06-28 11:33:21.280256048,Google,Search,18-24,Entertainment,14,Mobile,Asia,Q2,14.897085577496114,1177.47,142008,2187,71,4865.63
CAMP_04399,2024-06-28 16:31:12.374474896,Google,Search,45-54,Technology,7,Mobile,North America,Q2,70.0623956392412,205.58,27646,995,66,1160.52
CAMP_04400,2024-06-28 21:29:03.468693744,Google,Video,18-24,Technology,60,Mobile,North America,Q2,45.58808176367334,721.53,80556,1100,84,5832.02
CAMP_04401,2024-06-29 02:26:54.562912592,Google,Search,18-24,Entertainment,60,Mobile,North America,Q2,22.42296097683463,22947.0,2594272,53687,1631,151176.16
CAMP_04402,2024-06-29 07:24:45.657131424,Instagram,Display,25-34,Finance,7,Mobile,North America,Q2,97.69479109574351,1937.46,195065,6022,378,13112.64
CAMP_04403,2024-06-29 12:22:36.751350272,Google,Search,18-24,Healthcare,14,Tablet,North America,Q2,72.02027052989254,2208.22,267182,9568,1020,52772.68
CAMP_04404,2024-06-29 17:20:27.845569120,Facebook,Display,45-54,Entertainment,60,Tablet,North America,Q2,64.54554825359196,4932.13,602202,12807,845,63647.57
CAMP_04405,2024-06-29 22:18:18.939787968,TikTok,Display,35-44,Entertainment,60,Mobile,North America,Q2,84.9883769947973,18742.31,2031239,55504,4531,206635.77
CAMP_04406,2024-06-30 03:16:10.034006800,LinkedIn,Search,18-24,Technology,60,Mobile,Europe,Q2,64.95138562777072,27581.25,2195960,71381,5109,84746.23
CAMP_04407,2024-06-30 08:14:01.128225648,TikTok,Display,18-24,Retail,90,Mobile,Europe,Q2,44.02771979712788,37166.76,4032546,70687,3016,43117.66
CAMP_04408,2024-06-30 13:11:52.222444496,Google,Search,35-44,Technology,90,Tablet,Asia,Q2,56.50064779035246,1462.22,186874,4011,140,7296.89
CAMP_04409,2024-06-30 18:09:43.316663344,Facebook,Display,45-54,Finance,14,Mobile,North America,Q2,46.432675736158956,7755.74,703919,11089,386,10059.79
CAMP_04410,2024-06-30 23:07:34.410882176,Instagram,Search,25-34,Technology,14,Mobile,North America,Q2,49.99294214350581,2796.57,265313,6329,325,22356.93
CAMP_04411,2024-07-01 04:05:25.505101024,Google,Display,35-44,Healthcare,30,Mobile,Europe,Q3,34.845926682815175,14956.04,1772929,26045,1213,68536.99
CAMP_04412,2024-07-01 09:03:16.599319872,Google,Search,45-54,Retail,14,Mobile,Europe,Q3,40.599588483993614,15002.68,1889836,49690,3831,316438.61
CAMP_04413,2024-07-01 14:01:07.693538704,LinkedIn,Social,35-44,Finance,60,Mobile,North America,Q3,77.89171065337351,38913.36,2834130,78755,5105,72716.24
CAMP_04414,2024-07-01 18:58:58.787757552,Instagram,Video,25-34,Technology,30,Desktop,Latin America,Q3,66.64150877606495,42284.0,4283275,127646,4050,71037.72
CAMP_04415,2024-07-01 23:56:49.881976400,Facebook,Search,35-44,Healthcare,30,Desktop,North America,Q3,49.939738949369826,713.26,93223,1920,111,3950.01
CAMP_04416,2024-07-02 04:54:40.976195248,Instagram,Video,35-44,Finance,14,Desktop,North America,Q3,39.4393627107373,3645.97,318497,8941,212,11143.35
CAMP_04417,2024-07-02 09:52:32.070414080,Facebook,Search,45-54,Technology,30,Mobile,Europe,Q3,51.89206042384134,19949.37,1958614,54939,4541,208519.44
CAMP_04418,2024-07-02 14:50:23.164632928,Google,Display,35-44,Travel,30,Desktop,North America,Q3,26.323003940658623,56747.65,6748180,79516,3895,82112.82
CAMP_04419,2024-07-02 19:48:14.258851776,Facebook,Search,55+,Retail,60,Mobile,Europe,Q3,62.53261198848705,3252.77,303437,5905,544,28677.17
CAMP_04420,2024-07-03 00:46:05.353070624,Google,Search,25-34,Entertainment,14,Mobile,North America,Q3,78.9094296398513,7694.46,824562,33540,2980,708706.13
CAMP_04421,2024-07-03 05:43:56.447289456,Google,Native,55+,Travel,60,Desktop,North America,Q3,100.0,243669.02,28789522,463215,56276,2901514.03
CAMP_04422,2024-07-03 10:41:47.541508304,TikTok,Search,35-44,Healthcare,60,Tablet,Latin America,Q3,37.93482554871763,3454.83,309824,7477,382,24164.25
CAMP_04423,2024-07-03 15:39:38.635727152,Instagram,Search,35-44,Education,30,Mobile,North America,Q3,78.07604891901218,7267.1,679898,24807,1039,52656.16
CAMP_04424,2024-07-03 20:37:29.729946000,LinkedIn,Search,18-24,Retail,30,Mobile,Asia,Q3,45.85577108604248,13028.53,1037178,28345,1368,97852.74
CAMP_04425,2024-07-04 01:35:20.824164832,Facebook,Native,25-34,Finance,30,Mobile,North America,Q3,37.43087419897975,5476.4,719114,14590,496,9364.99
CAMP_04426,2024-07-04 06:33:11.918383680,Facebook,Social,45-54,Finance,14,Desktop,Europe,Q3,37.422037422880464,29381.89,3629563,68328,4809,71099.03
CAMP_04427,2024-07-04 11:31:03.012602528,Google,Display,45-54,Retail,7,Mobile,North America,Q3,62.81471452853934,371153.77,51963475,1012447,74939,2439159.22
CAMP_04428,2024-07-04 16:28:54.106821360,Google,Social,18-24,Finance,60,Mobile,Asia,Q3,41.38412752613461,455.25,55691,1024,52,1742.18
CAMP_04429,2024-07-04 21:26:45.201040208,Google,Search,35-44,Technology,30,Mobile,Asia,Q3,47.8630845741303,6324.92,787366,15834,1338,92934.68
CAMP_04430,2024-07-05 02:24:36.295259056,Twitter,Social,18-24,Entertainment,14,Mobile,North America,Q3,51.19197338525476,8154.88,744664,11410,480,18295.35
CAMP_04431,2024-07-05 07:22:27.389477904,LinkedIn,Social,55+,Travel,30,Mobile,North America,Q3,45.20064320202179,723.29,62078,1011,23,1019.29
CAMP_04432,2024-07-05 12:20:18.483696736,Instagram,Display,45-54,Retail,14,Tablet,Latin America,Q3,43.74830894601708,1123.53,125223,2151,143,7944.45
CAMP_04433,2024-07-05 17:18:09.577915584,Instagram,Social,18-24,Technology,7,Mobile,Latin America,Q3,11.416804749630494,13566.25,1598741,20355,593,25347.83
CAMP_04434,2024-07-05 22:16:00.672134432,TikTok,Display,45-54,Finance,30,Tablet,Europe,Q3,61.73906580223738,53402.34,4728585,69261,5020,276420.4
CAMP_04435,2024-07-06 03:13:51.766353280,Google,Display,55+,Finance,14,Mobile,Europe,Q3,61.35342979116904,12541.49,1700144,26969,2112,123320.4
CAMP_04436,2024-07-06 08:11:42.860572112,Facebook,Display,25-34,Entertainment,7,Tablet,Asia,Q3,44.05310300528976,5111.92,649762,16898,758,26070.02
CAMP_04437,2024-07-06 13:09:33.954790960,Facebook,Social,45-54,Finance,14,Desktop,North America,Q3,67.20768540776743,25223.15,2268247,40041,2958,53396.88
CAMP_04438,2024-07-06 18:07:25.049009808,Twitter,Display,25-34,Retail,30,Mobile,Asia,Q3,87.93815064131373,32187.71,2486089,90848,4342,253712.58
CAMP_04439,2024-07-06 23:05:16.143228656,TikTok,Video,35-44,Entertainment,7,Desktop,Europe,Q3,60.471596656685676,14295.9,1579568,34460,2691,64491.07
CAMP_04440,2024-07-07 04:03:07.237447488,Google,Social,25-34,Education,14,Mobile,Asia,Q3,86.60515558312456,1463.57,199360,6410,615,40624.65
CAMP_04441,2024-07-07 09:00:58.331666336,Twitter,Display,25-34,Finance,14,Mobile,North America,Q3,100.0,7027.94,597614,17629,1349,13618.21
CAMP_04442,2024-07-07 13:58:49.425885184,Twitter,Video,25-34,Healthcare,7,Mobile,Europe,Q3,100.0,5211.03,476132,15110,1284,51198.29
CAMP_04443,2024-07-07 18:56:40.520104032,Google,Display,18-24,Retail,7,Mobile,Europe,Q3,36.23527826979998,91366.56,12797259,150079,6852,569051.64
CAMP_04444,2024-07-07 23:54:31.614322864,Facebook,Display,45-54,Technology,7,Desktop,Asia,Q3,36.33873987162659,6656.2,625844,10444,422,15683.16
CAMP_04445,2024-07-08 04:52:22.708541712,Facebook,Search,25-34,Technology,7,Desktop,Asia,Q3,51.111400065485775,5498.36,545868,19673,1438,123266.34
CAMP_04446,2024-07-08 09:50:13.802760560,TikTok,Video,25-34,Finance,60,Mobile,Latin America,Q3,62.57430402519681,760.15,70944,2715,90,1085.07
CAMP_04447,2024-07-08 14:48:04.896979392,Google,Native,45-54,Travel,14,Tablet,Latin America,Q3,91.73303999687161,958.46,131407,3964,317,27392.93
CAMP_04448,2024-07-08 19:45:55.991198240,Twitter,Social,35-44,Finance,7,Tablet,Europe,Q3,72.5448244218191,651828.11,42232868,1392055,70049,1271678.05
CAMP_04449,2024-07-09 00:43:47.085417088,Facebook,Display,35-44,Retail,7,Mobile,North America,Q3,35.93425740655,16344.89,1636380,28825,1619,104944.13
CAMP_04450,2024-07-09 05:41:38.179635936,LinkedIn,Display,55+,Technology,14,Mobile,Europe,Q3,47.76685183051343,2692.52,253993,3316,86,5357.67
CAMP_04451,2024-07-09 10:39:29.273854768,Facebook,Search,45-54,Finance,30,Mobile,Latin America,Q3,59.15999584068971,4205.11,446529,14039,499,41712.2
CAMP_04452,2024-07-09 15:37:20.368073616,Instagram,Search,25-34,Healthcare,14,Desktop,North America,Q3,30.216800437090097,2059.62,243256,4597,261,15890.98
CAMP_04453,2024-07-09 20:35:11.462292464,Twitter,Video,35-44,Finance,7,Mobile,Europe,Q3,60.27336915081829,10987.63,863800,23398,1222,70667.39
CAMP_04454,2024-07-10 01:33:02.556511312,Twitter,Display,55+,Finance,14,Mobile,North America,Q3,36.23128817881509,18296.79,1508865,15487,452,10935.57
CAMP_04455,2024-07-10 06:30:53.650730144,Twitter,Social,25-34,Healthcare,30,Desktop,North America,Q3,26.985577328852564,22723.6,1686877,37640,1430,67388.94
CAMP_04456,2024-07-10 11:28:44.744948992,Google,Display,25-34,Technology,7,Desktop,Asia,Q3,41.06029441060771,17279.43,2296924,46832,2413,29233.62
CAMP_04457,2024-07-10 16:26:35.839167840,LinkedIn,Display,25-34,Retail,30,Mobile,Asia,Q3,68.22042109784671,7059.18,676745,21878,1534,91304.42
CAMP_04458,2024-07-10 21:24:26.933386688,Google,Social,18-24,Retail,14,Desktop,Europe,Q3,68.08231421973039,10502.35,1374409,26222,2210,80619.56
CAMP_04459,2024-07-11 02:22:18.027605520,Facebook,Search,45-54,Technology,7,Desktop,Latin America,Q3,61.933078333748796,768.69,92267,2161,111,8160.44
CAMP_04460,2024-07-11 07:20:09.121824368,Instagram,Display,45-54,Retail,30,Mobile,North America,Q3,79.83227321081755,10325.64,880684,23337,1828,90711.9
CAMP_04461,2024-07-11 12:18:00.216043216,Facebook,Search,55+,Technology,30,Desktop,North America,Q3,77.7116646842687,388255.81,50177410,997449,92517,1917239.5
CAMP_04462,2024-07-11 17:15:51.310262048,Instagram,Video,45-54,Entertainment,30,Mobile,Latin America,Q3,64.08762684140555,7131.14,757642,21322,1275,41115.29
CAMP_04463,2024-07-11 22:13:42.404480896,TikTok,Social,25-34,Entertainment,14,Mobile,Europe,Q3,61.32763700051409,1506.66,140843,4570,142,5939.0
CAMP_04464,2024-07-12 03:11:33.498699744,Google,Search,18-24,Healthcare,30,Mobile,North America,Q3,62.59093410440193,35714.5,4077421,113711,3960,209080.1
CAMP_04465,2024-07-12 08:09:24.592918592,LinkedIn,Social,55+,Education,14,Mobile,Asia,Q3,57.04709640125836,876.01,69619,1297,37,2269.63
CAMP_04466,2024-07-12 13:07:15.687137424,Facebook,Native,25-34,Technology,30,Mobile,Latin America,Q3,16.513145467446478,9178.77,849638,12637,540,18932.21
CAMP_04467,2024-07-12 18:05:06.781356272,Google,Native,25-34,Education,30,Mobile,Asia,Q3,82.7096968963964,468.03,47400,1203,58,1844.08
CAMP_04468,2024-07-12 23:02:57.875575120,Google,Native,55+,Finance,7,Desktop,Asia,Q3,67.95045663787353,21369.59,2595690,44540,3371,246358.06
CAMP_04469,2024-07-13 04:00:48.969793968,TikTok,Search,35-44,Finance,30,Desktop,North America,Q3,35.67345108345878,4539.4,376666,11911,662,45680.2
CAMP_04470,2024-07-13 08:58:40.064012800,Twitter,Display,25-34,Finance,30,Mobile,North America,Q3,88.55633238544874,22174.93,1895013,54584,4154,225484.39
CAMP_04471,2024-07-13 13:56:31.158231648,TikTok,Search,45-54,Retail,14,Mobile,Latin America,Q3,48.20040263574459,59930.95,5390382,157039,6852,428086.18
CAMP_04472,2024-07-13 18:54:22.252450496,TikTok,Search,55+,Travel,60,Desktop,Europe,Q3,57.84461994682756,4670.93,377183,10634,549,20010.99
CAMP_04473,2024-07-13 23:52:13.346669344,Google,Social,18-24,Retail,60,Mobile,North America,Q3,80.47151191136507,60959.85,8393373,239029,16051,1245051.88
CAMP_04474,2024-07-14 04:50:04.440888176,Facebook,Display,45-54,Technology,7,Mobile,Europe,Q3,64.40278716779177,32950.37,4008544,101907,8540,586372.23
CAMP_04475,2024-07-14 09:47:55.535107024,LinkedIn,Native,25-34,Technology,60,Mobile,Asia,Q3,86.70751683831799,15784.84,1336913,48716,4343,52284.52
CAMP_04476,2024-07-14 14:45:46.629325872,Instagram,Social,35-44,Retail,14,Desktop,North America,Q3,52.957970019144206,14864.39,1232196,23166,1693,105528.44
CAMP_04477,2024-07-14 19:43:37.723544720,Facebook,Native,55+,Retail,30,Desktop,Asia,Q3,93.82346422560671,6450.13,659351,11364,640,27122.7
CAMP_04478,2024-07-15 00:41:28.817763552,Facebook,Social,55+,Retail,60,Desktop,North America,Q3,44.443942003349555,147.16,14052,200,14,868.45
CAMP_04479,2024-07-15 05:39:19.911982400,Instagram,Display,25-34,Technology,30,Mobile,North America,Q3,86.35244658619236,3359.1,315208,8214,339,26084.12
CAMP_04480,2024-07-15 10:37:11.006201248,Instagram,Video,25-34,Education,14,Desktop,Asia,Q3,14.697815622012051,19035.56,1979905,33289,1354,23990.71
CAMP_04481,2024-07-15 15:35:02.100420080,Google,Video,18-24,Technology,60,Mobile,North America,Q3,37.996158973317,10544.26,1308552,24360,1762,168451.55
CAMP_04482,2024-07-15 20:32:53.194638928,Instagram,Display,35-44,Retail,14,Mobile,North America,Q3,65.95932276978638,9383.57,856792,23749,1531,109947.5
CAMP_04483,2024-07-16 01:30:44.288857776,Instagram,Search,18-24,Healthcare,14,Mobile,Latin America,Q3,51.99109147713785,9406.59,772638,19917,629,24300.64
CAMP_04484,2024-07-16 06:28:35.383076624,Instagram,Social,25-34,Travel,14,Desktop,Asia,Q3,58.50502760194874,10329.69,847768,26440,1538,87999.99
CAMP_04485,2024-07-16 11:26:26.477295456,Google,Social,18-24,Technology,60,Mobile,Europe,Q3,60.833018403214226,115724.53,11191506,201800,17148,1484028.85
CAMP_04486,2024-07-16 16:24:17.571514304,LinkedIn,Search,25-34,Technology,60,Mobile,North America,Q3,36.18194783745891,3367.59,316545,10769,441,9448.27
CAMP_04487,2024-07-16 21:22:08.665733152,Google,Video,18-24,Travel,14,Desktop,North America,Q3,37.68140770254866,23447.74,2769565,36170,1190,51824.91
CAMP_04488,2024-07-17 02:19:59.759952000,Facebook,Display,45-54,Retail,60,Desktop,Europe,Q3,64.64244097616842,37896.87,3600013,90372,7973,461491.83
CAMP_04489,2024-07-17 07:17:50.854170832,Twitter,Video,25-34,Finance,14,Desktop,North America,Q3,46.6733409635644,31434.25,2420495,45553,1709,66256.77
CAMP_04490,2024-07-17 12:15:41.948389680,Instagram,Display,25-34,Technology,90,Mobile,Europe,Q3,86.82067717922337,11317.92,977417,33797,2848,138373.07
CAMP_04491,2024-07-17 17:13:33.042608528,Facebook,Search,45-54,Travel,30,Desktop,Europe,Q3,56.1610568913443,5829.07,729691,23753,902,31080.24
CAMP_04492,2024-07-17 22:11:24.136827376,LinkedIn,Video,45-54,Travel,7,Desktop,Europe,Q3,74.37502486213661,573.28,49561,1389,77,1283.31
CAMP_04493,2024-07-18 03:09:15.231046208,Instagram,Display,25-34,Education,7,Desktop,North America,Q3,68.85703338614215,6952.58,598255,15965,795,63522.19
CAMP_04494,2024-07-18 08:07:06.325265056,Twitter,Display,18-24,Technology,7,Mobile,North America,Q3,47.976778856546275,4314.8,323245,5564,299,9259.17
CAMP_04495,2024-07-18 13:04:57.419483904,LinkedIn,Search,45-54,Finance,7,Mobile,Other,Q3,20.39342426095255,105127.39,8932144,156063,5370,308426.7
CAMP_04496,2024-07-18 18:02:48.513702752,Instagram,Search,25-34,Technology,30,Mobile,Other,Q3,83.69882735242095,24446.82,2201276,108176,4716,295771.37
CAMP_04497,2024-07-18 23:00:39.607921584,Instagram,Search,45-54,Education,14,Mobile,Europe,Q3,40.42181846605715,27838.19,3099915,62265,1613,101097.79
CAMP_04498,2024-07-19 03:58:30.702140432,Google,Search,25-34,Travel,90,Mobile,Asia,Q3,51.92483889042511,3012.12,411623,12171,494,48830.36
CAMP_04499,2024-07-19 08:56:21.796359280,Facebook,Native,25-34,Finance,30,Mobile,Asia,Q3,56.98315116866852,22778.0,2453316,67088,4730,137338.12
CAMP_04500,2024-07-19 13:54:12.890578112,Facebook,Display,35-44,Entertainment,30,Mobile,North America,Q3,58.979768637926384,249094.6,31140709,536738,33265,2002337.65
CAMP_04501,2024-07-19 18:52:03.984796960,Instagram,Search,45-54,Retail,14,Desktop,North America,Q3,79.23917325078037,81643.58,9391150,290076,21133,1084605.97
CAMP_04502,2024-07-19 23:49:55.079015808,Instagram,Social,55+,Finance,60,Mobile,North America,Q3,60.11648115846554,43858.74,5092881,98062,4991,220950.37
CAMP_04503,2024-07-20 04:47:46.173234656,Facebook,Search,18-24,Healthcare,30,Mobile,Europe,Q3,57.452918194813385,333370.28,34071285,971076,34326,2371906.24
CAMP_04504,2024-07-20 09:45:37.267453488,Google,Native,35-44,Finance,60,Desktop,Europe,Q3,80.36911913090026,31654.57,3576153,81443,5656,82871.41
CAMP_04505,2024-07-20 14:43:28.361672336,Instagram,Display,18-24,Technology,90,Mobile,Latin America,Q3,72.01304743773571,671.03,77167,1446,105,3473.29
CAMP_04506,2024-07-20 19:41:19.455891184,Facebook,Search,35-44,Retail,7,Mobile,Asia,Q3,45.2885910803869,5854.88,599179,18074,1386,83964.43
CAMP_04507,2024-07-21 00:39:10.550110032,LinkedIn,Video,45-54,Education,7,Mobile,Latin America,Q3,37.05689245042334,13761.07,1259104,23392,915,13342.61
CAMP_04508,2024-07-21 05:37:01.644328864,Google,Search,25-34,Education,60,Desktop,Latin America,Q3,43.52600449600161,653.78,88817,2533,118,9492.36
CAMP_04509,2024-07-21 10:34:52.738547712,Instagram,Display,55+,Travel,60,Tablet,Asia,Q3,59.01560499623571,84277.93,7804012,114641,8833,545781.82
CAMP_04510,2024-07-21 15:32:43.832766560,TikTok,Display,35-44,Entertainment,30,Desktop,North America,Q3,35.078924496591554,20823.67,2175619,40924,1798,132320.02
CAMP_04511,2024-07-21 20:30:34.926985408,Google,Search,55+,Healthcare,14,Desktop,North America,Q3,61.81506094324936,25506.69,2680123,80175,5488,394800.32
CAMP_04512,2024-07-22 01:28:26.021204240,Instagram,Search,45-54,Technology,30,Mobile,Europe,Q3,57.416033804193184,51646.35,4214509,120457,9009,1621702.28
CAMP_04513,2024-07-22 06:26:17.115423088,Google,Video,18-24,Travel,14,Desktop,Asia,Q3,9.149619353788758,3897.6,444064,3734,66,4942.12
CAMP_04514,2024-07-22 11:24:08.209641936,Instagram,Search,25-34,Healthcare,14,Tablet,North America,Q3,31.8764962746541,9722.56,890381,17473,396,21300.44
CAMP_04515,2024-07-22 16:21:59.303860768,Instagram,Search,25-34,Entertainment,14,Desktop,Asia,Q3,2.284995126316929,16704.41,2003787,38336,948,58872.19
CAMP_04516,2024-07-22 21:19:50.398079616,Facebook,Display,25-34,Entertainment,14,Desktop,Other,Q3,53.12193877911381,2093.86,192426,5380,422,21153.8
CAMP_04517,2024-07-23 02:17:41.492298464,Instagram,Search,35-44,Education,14,Mobile,Europe,Q3,81.48027290692,19825.72,1928556,75970,3346,264213.85
CAMP_04518,2024-07-23 07:15:32.586517312,Twitter,Social,35-44,Retail,90,Mobile,Europe,Q3,22.186840891439914,3911.43,312163,5896,226,14247.63
CAMP_04519,2024-07-23 12:13:23.680736144,Google,Search,55+,Technology,60,Desktop,Asia,Q3,33.554263604132714,20844.73,2366748,43788,2901,162463.24
CAMP_04520,2024-07-23 17:11:14.774954992,Google,Display,25-34,Entertainment,60,Desktop,North America,Q3,56.72524265453637,7403.32,859209,22522,1378,109625.95
CAMP_04521,2024-07-23 22:09:05.869173840,Twitter,Display,45-54,Education,60,Desktop,North America,Q3,38.72493942293145,3904.46,321284,3668,168,9544.81
CAMP_04522,2024-07-24 03:06:56.963392688,Instagram,Search,55+,Entertainment,14,Desktop,Asia,Q3,38.62654465866416,22331.56,2149912,31720,1821,68486.04
CAMP_04523,2024-07-24 08:04:48.057611520,Twitter,Native,45-54,Finance,60,Desktop,Asia,Q3,70.83188212346319,433.36,30217,654,20,352.09
CAMP_04524,2024-07-24 13:02:39.151830368,Instagram,Search,25-34,Technology,60,Desktop,Europe,Q3,50.102091108541586,32832.34,3260097,105507,7631,1446595.63
CAMP_04525,2024-07-24 18:00:30.246049216,Twitter,Video,35-44,Entertainment,60,Mobile,Latin America,Q3,30.26550225204037,17147.41,1147090,28814,1209,79423.23
CAMP_04526,2024-07-24 22:58:21.340268064,Facebook,Search,25-34,Entertainment,30,Mobile,North America,Q3,18.245682198857985,4266.25,478399,10330,437,29510.89
CAMP_04527,2024-07-25 03:56:12.434486896,LinkedIn,Social,25-34,Healthcare,14,Tablet,Europe,Q3,100.0,1677.74,122837,3957,247,14772.27
CAMP_04528,2024-07-25 08:54:03.528705744,TikTok,Video,25-34,Technology,7,Desktop,Europe,Q3,82.56618109125341,3876.49,329975,11501,531,27910.35
CAMP_04529,2024-07-25 13:51:54.622924592,Instagram,Native,45-54,Travel,7,Tablet,North America,Q3,50.967333078759665,13674.8,1248142,19640,1146,28538.33
CAMP_04530,2024-07-25 18:49:45.717143440,Google,Native,35-44,Healthcare,90,Desktop,North America,Q3,61.757160233278746,159788.45,19725035,468828,35890,1253090.27
CAMP_04531,2024-07-25 23:47:36.811362272,Facebook,Video,35-44,Entertainment,14,Desktop,Latin America,Q3,50.229378758060236,1548.38,180744,3857,123,9252.73
CAMP_04532,2024-07-26 04:45:27.905581120,Google,Native,55+,Technology,60,Mobile,North America,Q3,70.20913461582502,32653.14,3324907,54574,3100,520531.9
CAMP_04533,2024-07-26 09:43:18.999799968,Google,Display,18-24,Technology,14,Mobile,North America,Q3,42.91571264564239,3527.55,486804,6712,400,14811.41
CAMP_04534,2024-07-26 14:41:10.094018800,Facebook,Social,35-44,Education,30,Desktop,Europe,Q3,49.13653567046353,816.69,92780,1478,78,2994.66
CAMP_04535,2024-07-26 19:39:01.188237648,Instagram,Search,45-54,Retail,7,Mobile,North America,Q3,69.10801680388994,22069.91,2544151,97135,5183,87534.96
CAMP_04536,2024-07-27 00:36:52.282456496,Instagram,Search,25-34,Finance,14,Desktop,Latin America,Q3,89.07718208892814,3512.17,375437,14630,790,38576.22
CAMP_04537,2024-07-27 05:34:43.376675344,Facebook,Search,35-44,Finance,14,Desktop,North America,Q3,74.8283018932421,5420.58,531745,16552,1384,20054.23
CAMP_04538,2024-07-27 10:32:34.470894176,Instagram,Social,25-34,Entertainment,30,Mobile,Europe,Q3,84.67827755181855,6817.68,705801,29122,2212,81045.77
CAMP_04539,2024-07-27 15:30:25.565113024,Google,Video,45-54,Technology,7,Desktop,North America,Q3,53.75165324977642,4767.43,669106,14175,1308,39661.36
CAMP_04540,2024-07-27 20:28:16.659331872,Google,Search,25-34,Technology,30,Mobile,Asia,Q3,47.539791852461136,71.74,7244,177,5,277.1
CAMP_04541,2024-07-28 01:26:07.753550720,Google,Display,25-34,Travel,14,Mobile,Europe,Q3,21.23237721836152,28664.74,4033284,47796,1401,32054.94
CAMP_04542,2024-07-28 06:23:58.847769552,Instagram,Display,35-44,Healthcare,60,Mobile,North America,Q3,61.44396714682568,23504.86,1967564,47749,3258,241425.19
CAMP_04543,2024-07-28 11:21:49.941988400,Google,Display,25-34,Retail,7,Desktop,Other,Q3,67.58094062712881,14029.08,1372304,42593,2468,75764.56
CAMP_04544,2024-07-28 16:19:41.036207248,Facebook,Search,25-34,Retail,30,Mobile,North America,Q3,53.99989208545588,7587.29,915055,28363,1430,245209.87
CAMP_04545,2024-07-28 21:17:32.130426096,Facebook,Display,25-34,Travel,14,Mobile,Europe,Q3,44.46597347800531,6492.4,611698,13263,503,42196.38
CAMP_04546,2024-07-29 02:15:23.224644928,Twitter,Video,25-34,Retail,30,Mobile,Other,Q3,84.86806879686264,1159.65,108392,3165,102,14220.9
CAMP_04547,2024-07-29 07:13:14.318863776,Google,Video,35-44,Healthcare,14,Mobile,Asia,Q3,72.63608554393308,2302.83,246080,8793,956,77608.6
CAMP_04548,2024-07-29 12:11:05.413082624,Instagram,Video,35-44,Finance,30,Mobile,Asia,Q3,86.25650901038023,1882.3,197303,6618,550,32565.54
CAMP_04549,2024-07-29 17:08:56.507301456,LinkedIn,Search,35-44,Education,60,Mobile,North America,Q3,40.92841809967591,1551.66,139025,4227,186,6585.66
CAMP_04550,2024-07-29 22:06:47.601520304,Twitter,Native,35-44,Entertainment,7,Desktop,North America,Q3,45.83531746903954,52936.21,3874801,65262,1580,73277.05
CAMP_04551,2024-07-30 03:04:38.695739152,TikTok,Video,25-34,Healthcare,7,Mobile,North America,Q3,84.06354486503193,1997.82,180818,6751,541,32454.59
CAMP_04552,2024-07-30 08:02:29.789958000,Google,Native,18-24,Retail,30,Desktop,Other,Q3,59.05305840488418,1906.39,195732,4720,242,6775.79
CAMP_04553,2024-07-30 13:00:20.884176832,Google,Social,45-54,Education,30,Mobile,Other,Q3,48.6179177664289,1707.98,164281,2756,128,3031.06
CAMP_04554,2024-07-30 17:58:11.978395680,Twitter,Search,45-54,Finance,14,Tablet,North America,Q3,50.009699524743205,498.8,39564,1132,39,1508.21
CAMP_04555,2024-07-30 22:56:03.072614528,Facebook,Search,25-34,Travel,14,Mobile,North America,Q3,59.77838947731392,7536.69,838185,25880,1321,109533.84
CAMP_04556,2024-07-31 03:53:54.166833376,Instagram,Social,25-34,Finance,7,Desktop,North America,Q3,80.0590363167082,6539.22,739557,17528,900,70386.75
CAMP_04557,2024-07-31 08:51:45.261052208,LinkedIn,Video,35-44,Entertainment,7,Desktop,North America,Q3,56.78974295816823,14446.12,1424453,47490,1354,52970.17
CAMP_04558,2024-07-31 13:49:36.355271056,LinkedIn,Search,35-44,Retail,14,Desktop,North America,Q3,75.81065660355556,5573.65,536157,21074,1677,20943.18
CAMP_04559,2024-07-31 18:47:27.449489904,TikTok,Search,35-44,Entertainment,60,Desktop,Asia,Q3,69.34755553692096,174.26,19846,647,43,2166.03
CAMP_04560,2024-07-31 23:45:18.543708752,TikTok,Search,18-24,Technology,14,Mobile,Latin America,Q3,42.43321919638052,4646.88,389650,8951,537,64119.71
CAMP_04561,2024-08-01 04:43:09.637927584,LinkedIn,Social,45-54,Technology,30,Desktop,Asia,Q3,42.41741264025754,6732.81,695874,13346,559,97751.27
CAMP_04562,2024-08-01 09:41:00.732146432,Facebook,Video,18-24,Retail,60,Mobile,Europe,Q3,50.994668161370434,1085.56,112109,1907,96,4445.48
CAMP_04563,2024-08-01 14:38:51.826365280,Twitter,Search,35-44,Retail,14,Desktop,Asia,Q3,33.26324690675463,25954.17,1708667,40463,1231,169851.82
CAMP_04564,2024-08-01 19:36:42.920584128,Google,Search,45-54,Retail,30,Tablet,Asia,Q3,49.717222884012145,14712.99,1486115,29623,971,26073.84
CAMP_04565,2024-08-02 00:34:34.014802960,Google,Display,35-44,Technology,60,Tablet,Europe,Q3,90.26866833462769,57770.53,5696528,192410,13385,174117.83
CAMP_04566,2024-08-02 05:32:25.109021808,Twitter,Display,18-24,Education,14,Mobile,North America,Q3,59.372193283452596,1241.13,93960,1167,33,1252.84
CAMP_04567,2024-08-02 10:30:16.203240656,Facebook,Search,55+,Technology,14,Mobile,North America,Q3,44.67094667825093,16286.36,1568639,23769,1031,89846.95
CAMP_04568,2024-08-02 15:28:07.297459488,Google,Social,45-54,Entertainment,90,Mobile,Asia,Q3,98.31489303640956,3016.81,350246,9928,494,13471.27
CAMP_04569,2024-08-02 20:25:58.391678336,Google,Search,45-54,Retail,90,Mobile,Other,Q3,41.38765360547592,13987.63,1858600,47936,2901,70034.74
CAMP_04570,2024-08-03 01:23:49.485897184,Twitter,Social,25-34,Healthcare,14,Mobile,Europe,Q3,40.76234066389224,11220.24,997735,21437,876,16854.65
CAMP_04571,2024-08-03 06:21:40.580116032,Instagram,Search,25-34,Finance,7,Mobile,Latin America,Q3,84.58971363613398,3509.48,402421,21620,1935,135161.23
CAMP_04572,2024-08-03 11:19:31.674334864,LinkedIn,Video,55+,Travel,14,Tablet,North America,Q3,73.2263611920064,41249.97,3741243,68550,2254,39800.92
CAMP_04573,2024-08-03 16:17:22.768553712,Google,Video,35-44,Education,14,Desktop,Asia,Q3,57.398822949472276,17813.93,1875177,34926,2217,205911.28
CAMP_04574,2024-08-03 21:15:13.862772560,LinkedIn,Video,45-54,Finance,14,Desktop,Latin America,Q3,76.63817799978322,24172.83,2474809,85228,3587,88276.97
CAMP_04575,2024-08-04 02:13:04.956991408,LinkedIn,Display,25-34,Entertainment,30,Mobile,Europe,Q3,66.01200002458334,13165.94,1375966,30494,2191,298946.9
CAMP_04576,2024-08-04 07:10:56.051210240,Facebook,Display,25-34,Retail,60,Desktop,Latin America,Q3,36.27615168522348,4501.95,500660,8080,486,20919.15
CAMP_04577,2024-08-04 12:08:47.145429088,Facebook,Social,55+,Healthcare,14,Tablet,Europe,Q3,12.048305859713878,1882.8,236546,2863,68,3010.02
CAMP_04578,2024-08-04 17:06:38.239647936,Google,Social,35-44,Retail,60,Desktop,North America,Q3,48.653096965854196,53816.46,6225604,135278,4599,167186.72
CAMP_04579,2024-08-04 22:04:29.333866784,TikTok,Video,18-24,Technology,7,Mobile,North America,Q3,81.69849671796558,1990.73,223358,5353,442,5630.68
CAMP_04580,2024-08-05 03:02:20.428085616,Instagram,Display,25-34,Technology,7,Mobile,Europe,Q3,51.4305982330677,51005.07,5577475,111214,4731,153959.28
CAMP_04581,2024-08-05 08:00:11.522304464,TikTok,Display,35-44,Entertainment,30,Tablet,Latin America,Q3,69.20194396698489,5678.15,609299,11189,668,8530.8
CAMP_04582,2024-08-05 12:58:02.616523312,Facebook,Search,18-24,Finance,7,Mobile,North America,Q3,63.68970896890134,1953.57,204467,5954,288,14063.75
CAMP_04583,2024-08-05 17:55:53.710742144,Twitter,Video,35-44,Entertainment,14,Desktop,Europe,Q3,26.129994107712015,13822.19,885658,15474,544,5841.62
CAMP_04584,2024-08-05 22:53:44.804960992,LinkedIn,Video,25-34,Finance,60,Mobile,Asia,Q3,51.87208612587367,14348.25,1357587,44003,1523,58596.68
CAMP_04585,2024-08-06 03:51:35.899179840,LinkedIn,Native,45-54,Retail,14,Mobile,North America,Q3,67.17758660893156,4835.35,445056,9009,325,9914.81
CAMP_04586,2024-08-06 08:49:26.993398688,TikTok,Social,25-34,Entertainment,30,Desktop,North America,Q3,44.257074889912666,7469.84,578700,14862,820,53639.95
CAMP_04587,2024-08-06 13:47:18.087617520,Facebook,Display,55+,Education,14,Mobile,North America,Q3,52.74923685944096,3040.56,328930,3582,280,10079.74
CAMP_04588,2024-08-06 18:45:09.181836368,Google,Search,25-34,Travel,7,Mobile,North America,Q3,67.83494184194222,2078.03,247165,8133,452,23720.96
CAMP_04589,2024-08-06 23:43:00.276055216,LinkedIn,Display,35-44,Healthcare,30,Mobile,North America,Q3,61.452599982859596,85322.29,8549433,138548,9113,226748.33
CAMP_04590,2024-08-07 04:40:51.370274064,LinkedIn,Social,18-24,Entertainment,60,Tablet,North America,Q3,80.9381948184943,306.79,28709,869,26,1375.52
CAMP_04591,2024-08-07 09:38:42.464492896,Instagram,Search,45-54,Entertainment,14,Mobile,North America,Q3,67.67341826326958,6172.6,643518,15140,514,30334.44
CAMP_04592,2024-08-07 14:36:33.558711744,Google,Video,55+,Retail,30,Desktop,Europe,Q3,40.88300003195966,8441.18,1170924,13148,630,79152.73
CAMP_04593,2024-08-07 19:34:24.652930592,Instagram,Social,45-54,Retail,60,Mobile,Asia,Q3,50.44906572140928,1004460.46,94657649,2158721,99269,6552362.72
CAMP_04594,2024-08-08 00:32:15.747149440,Facebook,Display,35-44,Retail,30,Desktop,Asia,Q3,60.40592568452554,2095.42,200467,3911,242,10588.07
CAMP_04595,2024-08-08 05:30:06.841368272,Facebook,Display,35-44,Technology,7,Tablet,Europe,Q3,86.76830153028084,37926.93,4113730,114544,12873,358610.48
CAMP_04596,2024-08-08 10:27:57.935587120,Instagram,Display,45-54,Finance,30,Mobile,Other,Q3,50.52948739435388,34224.35,4058159,75097,1965,29343.92
CAMP_04597,2024-08-08 15:25:49.029805968,LinkedIn,Search,55+,Travel,30,Mobile,Latin America,Q3,25.34862395203944,57037.84,5213212,75500,3539,109326.55
CAMP_04598,2024-08-08 20:23:40.124024816,Google,Display,55+,Finance,30,Mobile,Other,Q3,68.81133806982376,9561.36,1146882,25307,1223,58688.7
CAMP_04599,2024-08-09 01:21:31.218243648,Facebook,Display,25-34,Entertainment,14,Desktop,North America,Q3,44.88803503312002,5261.96,589162,10108,625,11196.38
CAMP_04600,2024-08-09 06:19:22.312462496,Facebook,Display,55+,Entertainment,7,Mobile,Latin America,Q3,34.29397360850063,3805.11,462851,5845,359,4484.71
CAMP_04601,2024-08-09 11:17:13.406681344,Google,Video,25-34,Technology,30,Mobile,Asia,Q3,60.37606025651677,13628.32,1851472,38287,3473,183535.04
CAMP_04602,2024-08-09 16:15:04.500900176,Twitter,Social,25-34,Retail,14,Mobile,North America,Q3,79.45735283616607,7350.16,589452,13476,436,19178.23
CAMP_04603,2024-08-09 21:12:55.595119024,TikTok,Display,18-24,Healthcare,30,Mobile,North America,Q3,48.52238920677962,10814.38,977697,16825,727,54466.1
CAMP_04604,2024-08-10 02:10:46.689337872,Facebook,Video,25-34,Entertainment,60,Mobile,Asia,Q3,69.9314777436526,616.74,79050,2005,126,9540.2
CAMP_04605,2024-08-10 07:08:37.783556720,LinkedIn,Search,45-54,Travel,60,Desktop,North America,Q3,73.63827326084865,23777.82,2233547,55063,3241,71356.65
CAMP_04606,2024-08-10 12:06:28.877775552,Twitter,Social,45-54,Technology,14,Desktop,North America,Q3,75.83592987333257,365.25,26301,502,14,849.73
CAMP_04607,2024-08-10 17:04:19.971994400,Twitter,Social,45-54,Education,14,Mobile,Europe,Q3,45.354553807627966,1501.16,112168,2192,114,3902.98
CAMP_04608,2024-08-10 22:02:11.066213248,Google,Search,35-44,Finance,30,Desktop,Asia,Q3,37.57835884133229,43682.92,5239742,165198,8994,174261.44
CAMP_04609,2024-08-11 03:00:02.160432096,TikTok,Display,35-44,Entertainment,30,Desktop,Latin America,Q3,40.304937900828094,37416.06,3807092,83805,3919,177726.0
CAMP_04610,2024-08-11 07:57:53.254650928,Facebook,Social,45-54,Healthcare,90,Desktop,Europe,Q3,75.8194934424494,752.68,89800,2645,264,16339.69
CAMP_04611,2024-08-11 12:55:44.348869776,Facebook,Search,25-34,Retail,30,Mobile,Asia,Q3,73.34786309341624,3203.83,302062,13528,1297,245429.79
CAMP_04612,2024-08-11 17:53:35.443088624,Google,Display,45-54,Retail,14,Mobile,North America,Q3,40.85698798599331,1760.13,189397,3073,209,6567.82
CAMP_04613,2024-08-11 22:51:26.537307472,Instagram,Native,35-44,Retail,30,Desktop,Asia,Q3,100.0,10800.43,1266352,47957,4951,391683.8
CAMP_04614,2024-08-12 03:49:17.631526304,Google,Video,35-44,Technology,30,Desktop,Europe,Q3,38.47272066825669,28201.03,3861142,74613,5530,403200.65
CAMP_04615,2024-08-12 08:47:08.725745152,Google,Native,35-44,Entertainment,30,Mobile,Latin America,Q3,79.98928169401452,1577.06,155827,3689,384,24464.12
CAMP_04616,2024-08-12 13:44:59.819964000,Facebook,Social,45-54,Retail,30,Mobile,North America,Q3,90.39330878410422,34218.87,4216525,105847,4177,353642.51
CAMP_04617,2024-08-12 18:42:50.914182848,Twitter,Search,25-34,Healthcare,7,Mobile,Europe,Q3,62.19515211986729,464026.0,40989151,1103319,61098,1816873.9
CAMP_04618,2024-08-12 23:40:42.008401680,Twitter,Native,25-34,Technology,7,Mobile,Europe,Q3,44.60552312838338,2901.03,210683,3599,117,16540.68
CAMP_04619,2024-08-13 04:38:33.102620528,Facebook,Social,45-54,Entertainment,14,Mobile,Asia,Q3,45.04243945103307,38617.61,3902487,61304,3889,108091.18
CAMP_04620,2024-08-13 09:36:24.196839376,Twitter,Display,35-44,Entertainment,14,Mobile,Other,Q3,54.75819599274252,1127.23,94221,1373,38,1176.8
CAMP_04621,2024-08-13 14:34:15.291058208,Twitter,Search,45-54,Entertainment,7,Mobile,North America,Q3,81.61741556136067,8461.6,667509,24678,743,8368.78
CAMP_04622,2024-08-13 19:32:06.385277056,LinkedIn,Video,25-34,Finance,60,Desktop,Europe,Q3,36.00248374600305,926.39,81835,2092,68,3847.41
CAMP_04623,2024-08-14 00:29:57.479495904,Google,Display,25-34,Technology,14,Mobile,Asia,Q3,23.22467935174449,1188.82,116605,2178,66,849.54
CAMP_04624,2024-08-14 05:27:48.573714752,LinkedIn,Social,45-54,Education,60,Desktop,Latin America,Q3,67.24109981138608,5172.37,375804,7386,534,30706.07
CAMP_04625,2024-08-14 10:25:39.667933584,TikTok,Display,35-44,Retail,7,Desktop,Europe,Q3,71.6322550251816,4219.54,477670,9655,362,16208.6
CAMP_04626,2024-08-14 15:23:30.762152432,LinkedIn,Display,35-44,Technology,7,Mobile,North America,Q3,99.35938893598536,16009.5,1224398,41393,2424,133942.65
CAMP_04627,2024-08-14 20:21:21.856371280,Facebook,Search,25-34,Retail,14,Mobile,North America,Q3,32.353620494665385,11675.72,1299607,34113,1017,24397.82
CAMP_04628,2024-08-15 01:19:12.950590128,Instagram,Social,25-34,Entertainment,7,Desktop,Europe,Q3,57.30386776075523,8332.04,863806,21113,1003,36786.34
CAMP_04629,2024-08-15 06:17:04.044808960,Instagram,Video,35-44,Entertainment,60,Mobile,Europe,Q3,83.23674864240957,71846.37,6863942,210528,10834,335862.26
CAMP_04630,2024-08-15 11:14:55.139027808,Instagram,Display,18-24,Entertainment,7,Desktop,North America,Q3,62.41724335205463,894.37,73079,1094,50,2827.39
CAMP_04631,2024-08-15 16:12:46.233246656,Google,Display,45-54,Finance,14,Desktop,North America,Q3,56.09121621876952,26153.81,3319088,61378,3708,126243.8
CAMP_04632,2024-08-15 21:10:37.327465504,Facebook,Search,45-54,Retail,60,Desktop,Asia,Q3,75.79810993859083,876.89,77986,2772,212,16628.0
CAMP_04633,2024-08-16 02:08:28.421684336,Twitter,Video,25-34,Travel,14,Desktop,Other,Q3,48.01222071586804,448.14,38913,1286,62,887.34
CAMP_04634,2024-08-16 07:06:19.515903184,Twitter,Search,35-44,Finance,7,Desktop,Latin America,Q3,77.02821683908297,9200.94,624481,17985,1099,38192.25
CAMP_04635,2024-08-16 12:04:10.610122032,Google,Display,35-44,Finance,14,Mobile,Asia,Q3,34.92873615619449,30801.92,4206824,56319,1988,70641.58
CAMP_04636,2024-08-16 17:02:01.704340864,TikTok,Display,25-34,Healthcare,14,Tablet,Asia,Q3,29.611365934342064,2108.02,202787,4015,196,4150.53
CAMP_04637,2024-08-16 21:59:52.798559712,Facebook,Native,25-34,Retail,7,Mobile,North America,Q3,54.52823962175339,1841.54,169493,3415,175,11671.18
CAMP_04638,2024-08-17 02:57:43.892778560,LinkedIn,Video,25-34,Retail,14,Mobile,Europe,Q3,8.734204262068666,4567.45,365492,6750,95,4643.96
CAMP_04639,2024-08-17 07:55:34.986997408,LinkedIn,Search,35-44,Finance,60,Mobile,North America,Q3,61.69399273425807,36982.32,3817090,91892,4676,386904.06
CAMP_04640,2024-08-17 12:53:26.081216240,Twitter,Video,35-44,Technology,60,Desktop,Asia,Q3,25.348773145905774,1443.49,98708,1934,43,839.16
CAMP_04641,2024-08-17 17:51:17.175435088,TikTok,Search,35-44,Technology,7,Mobile,Other,Q3,65.64841041132753,2507.61,257077,10828,589,37639.49
CAMP_04642,2024-08-17 22:49:08.269653936,Facebook,Search,45-54,Education,7,Tablet,Latin America,Q3,63.70918876233891,2715.8,295882,7708,699,19549.42
CAMP_04643,2024-08-18 03:46:59.363872784,Twitter,Display,45-54,Healthcare,14,Mobile,Europe,Q3,58.64075227670365,34967.07,2964796,69478,3544,196265.63
CAMP_04644,2024-08-18 08:44:50.458091616,Google,Video,35-44,Finance,30,Desktop,Asia,Q3,68.72817335076184,60962.91,6627421,210897,18051,1730329.9
CAMP_04645,2024-08-18 13:42:41.552310464,LinkedIn,Display,45-54,Entertainment,14,Mobile,Latin America,Q3,64.08394937228174,2582.23,241760,5437,338,13412.87
CAMP_04646,2024-08-18 18:40:32.646529312,LinkedIn,Search,25-34,Travel,60,Mobile,North America,Q3,54.13998793337457,552763.99,47180142,1108736,57649,3865525.73
CAMP_04647,2024-08-18 23:38:23.740748160,LinkedIn,Social,45-54,Retail,30,Mobile,Asia,Q3,96.62013960954263,87112.38,8506249,208863,7757,207963.2
CAMP_04648,2024-08-19 04:36:14.834966992,Facebook,Search,35-44,Education,7,Mobile,North America,Q3,67.86621387104886,9467.62,1062009,36316,3102,236466.52
CAMP_04649,2024-08-19 09:34:05.929185840,Twitter,Search,45-54,Healthcare,30,Mobile,Latin America,Q3,75.43816174621755,4888.84,463287,13660,759,15174.88
CAMP_04650,2024-08-19 14:31:57.023404688,Google,Display,35-44,Retail,7,Tablet,North America,Q3,81.46159487945185,15311.68,2100001,69523,7423,254071.53
CAMP_04651,2024-08-19 19:29:48.117623536,Google,Display,25-34,Technology,14,Mobile,North America,Q3,73.36298758084179,71344.72,7253755,238326,12529,260916.41
CAMP_04652,2024-08-20 00:27:39.211842368,LinkedIn,Display,35-44,Finance,7,Desktop,Asia,Q3,100.0,3728.46,293306,9158,701,11568.69
CAMP_04653,2024-08-20 05:25:30.306061216,Instagram,Display,25-34,Entertainment,7,Mobile,North America,Q3,63.32013769642393,49706.67,4377061,119452,5995,94601.82
CAMP_04654,2024-08-20 10:23:21.400280064,Twitter,Display,35-44,Technology,30,Mobile,North America,Q3,59.86077308327878,10550.04,688695,11603,653,35300.33
CAMP_04655,2024-08-20 15:21:12.494498896,Facebook,Search,35-44,Healthcare,30,Mobile,Europe,Q3,47.0085582438677,5904.91,575183,20126,1205,73779.78
CAMP_04656,2024-08-20 20:19:03.588717744,Google,Search,45-54,Entertainment,7,Mobile,Asia,Q3,54.874521268800365,9469.35,990234,33365,2427,122368.25
CAMP_04657,2024-08-21 01:16:54.682936592,Twitter,Native,35-44,Finance,90,Desktop,North America,Q3,45.37550861897675,3559.32,243415,3937,87,3995.6
CAMP_04658,2024-08-21 06:14:45.777155440,Instagram,Display,35-44,Education,14,Desktop,Asia,Q3,73.5442382600308,32220.78,3781412,106420,7120,515878.99
CAMP_04659,2024-08-21 11:12:36.871374272,Google,Search,25-34,Education,7,Mobile,Asia,Q3,41.753675053627234,5737.24,631122,16291,1342,101989.8
CAMP_04660,2024-08-21 16:10:27.965593120,LinkedIn,Social,55+,Finance,7,Desktop,Europe,Q3,61.47584339796256,9559.24,968319,18859,490,76212.16
CAMP_04661,2024-08-21 21:08:19.059811968,Instagram,Search,45-54,Travel,30,Mobile,Europe,Q3,71.1909386860475,11867.18,1067507,25295,1018,49075.61
CAMP_04662,2024-08-22 02:06:10.154030816,Instagram,Display,45-54,Retail,90,Desktop,North America,Q3,63.00647773190442,101448.9,11935531,309393,18810,1257588.94
CAMP_04663,2024-08-22 07:04:01.248249648,Facebook,Display,25-34,Retail,30,Desktop,North America,Q3,42.081702488601465,4516.44,474830,8107,590,14536.37
CAMP_04664,2024-08-22 12:01:52.342468496,Twitter,Video,35-44,Finance,60,Desktop,North America,Q3,73.9788982801197,85324.03,6150055,193523,8767,458555.89
CAMP_04665,2024-08-22 16:59:43.436687344,Twitter,Display,18-24,Healthcare,14,Mobile,North America,Q3,58.29320582928106,23057.89,2140364,27469,747,44854.56
CAMP_04666,2024-08-22 21:57:34.530906192,LinkedIn,Social,35-44,Healthcare,14,Mobile,North America,Q3,2.5457556710709994,6369.09,652140,5493,131,3456.19
CAMP_04667,2024-08-23 02:55:25.625125024,Google,Video,18-24,Finance,30,Mobile,North America,Q3,40.332966188332264,2360.41,257650,4311,338,30004.9
CAMP_04668,2024-08-23 07:53:16.719343872,Twitter,Display,35-44,Retail,30,Tablet,Asia,Q3,88.02264472805466,66623.22,6219686,137163,10571,580724.17
CAMP_04669,2024-08-23 12:51:07.813562720,LinkedIn,Social,35-44,Retail,14,Tablet,Europe,Q3,89.68643683029369,756.55,65325,1927,149,9008.13
CAMP_04670,2024-08-23 17:48:58.907781552,LinkedIn,Social,25-34,Education,60,Mobile,Latin America,Q3,70.52222420130397,11873.53,1024507,33965,2381,227888.25
CAMP_04671,2024-08-23 22:46:50.002000400,Facebook,Search,35-44,Education,7,Desktop,North America,Q3,75.68137953916661,13577.69,1444823,42055,1734,51744.85
CAMP_04672,2024-08-24 03:44:41.096219248,Twitter,Search,45-54,Entertainment,14,Tablet,North America,Q3,44.434120374842706,21418.76,1624852,32161,784,17227.73
CAMP_04673,2024-08-24 08:42:32.190438096,LinkedIn,Display,18-24,Entertainment,30,Mobile,Europe,Q3,54.79711162521882,1040.1,93299,1371,37,1400.15
CAMP_04674,2024-08-24 13:40:23.284656928,Google,Display,45-54,Healthcare,30,Desktop,North America,Q3,84.70733200919275,12339.86,1417433,28164,2265,85142.72
CAMP_04675,2024-08-24 18:38:14.378875776,Facebook,Display,25-34,Technology,14,Mobile,Asia,Q3,68.51830485124148,739.99,82301,2469,90,3757.59
CAMP_04676,2024-08-24 23:36:05.473094624,Twitter,Search,18-24,Finance,14,Mobile,Europe,Q3,61.29896767774103,6780.1,449990,14817,501,14462.23
CAMP_04677,2024-08-25 04:33:56.567313472,Google,Native,25-34,Entertainment,14,Mobile,Europe,Q3,56.26382914213962,11062.93,1427929,40523,2929,226382.35
CAMP_04678,2024-08-25 09:31:47.661532304,TikTok,Video,45-54,Healthcare,30,Mobile,North America,Q3,83.48944002469415,588.94,56339,2125,138,5407.26
CAMP_04679,2024-08-25 14:29:38.755751152,LinkedIn,Search,25-34,Retail,30,Desktop,North America,Q3,82.44064307100292,523.28,40666,1611,134,4260.47
CAMP_04680,2024-08-25 19:27:29.849970000,Instagram,Display,45-54,Travel,30,Mobile,Europe,Q3,72.99343501537523,7139.01,787496,13064,1064,51586.43
CAMP_04681,2024-08-26 00:25:20.944188848,Facebook,Search,35-44,Education,14,Mobile,North America,Q3,61.325501321651224,24959.36,3221598,117213,7375,551647.68
CAMP_04682,2024-08-26 05:23:12.038407680,Google,Video,18-24,Technology,90,Mobile,North America,Q3,52.86487028466424,2554.99,325710,4794,233,9592.28
CAMP_04683,2024-08-26 10:21:03.132626528,TikTok,Display,45-54,Healthcare,60,Desktop,Europe,Q3,73.86027439369425,20196.0,2104244,52316,2851,49755.51
CAMP_04684,2024-08-26 15:18:54.226845376,Facebook,Social,18-24,Travel,14,Desktop,North America,Q3,37.961803100510394,6438.72,695084,9059,390,14620.2
CAMP_04685,2024-08-26 20:16:45.321064224,Twitter,Search,45-54,Retail,7,Desktop,Asia,Q3,42.10860304826916,13587.91,1125151,27168,1227,74078.99
CAMP_04686,2024-08-27 01:14:36.415283056,Facebook,Search,25-34,Finance,14,Mobile,North America,Q3,30.97817278430121,31370.72,3097986,91664,6087,710399.13
CAMP_04687,2024-08-27 06:12:27.509501904,Google,Display,25-34,Finance,14,Desktop,North America,Q3,84.70459555986251,54702.32,5287508,162949,18340,398128.09
CAMP_04688,2024-08-27 11:10:18.603720752,Google,Display,45-54,Finance,60,Tablet,North America,Q3,45.586667517413105,5543.91,798266,16420,1127,94366.97
CAMP_04689,2024-08-27 16:08:09.697939584,Instagram,Display,55+,Education,30,Mobile,North America,Q3,68.0801557350325,10649.2,1021511,18239,644,41739.32
CAMP_04690,2024-08-27 21:06:00.792158432,TikTok,Social,25-34,Finance,60,Desktop,North America,Q3,57.488849585809454,13320.36,1027185,19331,994,28857.13
CAMP_04691,2024-08-28 02:03:51.886377280,Facebook,Native,45-54,Retail,14,Tablet,North America,Q3,100.0,18190.99,1827749,51576,3704,733673.57
CAMP_04692,2024-08-28 07:01:42.980596128,Facebook,Search,25-34,Retail,30,Desktop,North America,Q3,68.83810908071673,205.18,20596,813,56,745.18
CAMP_04693,2024-08-28 11:59:34.074814960,Facebook,Display,45-54,Retail,14,Desktop,North America,Q3,22.757184815093126,8012.26,851194,12905,275,11683.76
CAMP_04694,2024-08-28 16:57:25.169033808,Instagram,Social,35-44,Finance,7,Desktop,Asia,Q3,83.50871513193167,46241.22,4719608,159620,11154,1776722.15
CAMP_04695,2024-08-28 21:55:16.263252656,Facebook,Search,25-34,Entertainment,30,Mobile,Asia,Q3,52.256980727886315,6044.24,648659,17614,1133,69690.37
CAMP_04696,2024-08-29 02:53:07.357471504,Twitter,Search,25-34,Technology,7,Desktop,North America,Q3,55.981443961018925,73327.89,6502893,258563,7959,257980.94
CAMP_04697,2024-08-29 07:50:58.451690336,Instagram,Display,18-24,Healthcare,30,Desktop,North America,Q3,46.549754739799134,3238.08,335258,3949,249,7540.5
CAMP_04698,2024-08-29 12:48:49.545909184,Instagram,Social,25-34,Entertainment,30,Mobile,Europe,Q3,63.91225037276924,9134.76,915893,29895,1387,85625.58
CAMP_04699,2024-08-29 17:46:40.640128032,Google,Search,25-34,Technology,60,Desktop,Asia,Q3,63.65026275349643,20503.55,2897828,130813,12145,375653.82
CAMP_04700,2024-08-29 22:44:31.734346880,TikTok,Social,35-44,Healthcare,7,Desktop,Other,Q3,47.090456447027435,112731.18,12147703,283038,11697,774886.37
CAMP_04701,2024-08-30 03:42:22.828565712,Google,Social,55+,Entertainment,30,Mobile,North America,Q3,49.837109590271425,50026.72,5693120,95683,7164,379596.38
CAMP_04702,2024-08-30 08:40:13.922784560,Google,Display,18-24,Finance,90,Desktop,Europe,Q3,62.02572266176634,18625.52,2308443,30919,2833,100965.53
CAMP_04703,2024-08-30 13:38:05.017003408,LinkedIn,Social,35-44,Technology,60,Mobile,Asia,Q3,13.14537026979876,13580.51,1214027,15324,391,13680.62
CAMP_04704,2024-08-30 18:35:56.111222256,Instagram,Social,35-44,Healthcare,30,Desktop,Asia,Q3,31.17005058992596,18032.35,1745702,25620,1255,99688.55
CAMP_04705,2024-08-30 23:33:47.205441088,Facebook,Display,55+,Travel,30,Mobile,North America,Q3,93.39984192196036,1337.5,153635,2594,201,9300.1
CAMP_04706,2024-08-31 04:31:38.299659936,Facebook,Display,35-44,Finance,14,Tablet,Asia,Q3,66.55641888640483,8799.69,898267,24241,2105,154993.92
CAMP_04707,2024-08-31 09:29:29.393878784,Twitter,Video,35-44,Finance,30,Mobile,North America,Q3,49.501820265184406,5323.83,380206,9845,235,14904.69
CAMP_04708,2024-08-31 14:27:20.488097616,Google,Search,35-44,Finance,30,Desktop,North America,Q3,26.078343369263294,204.81,27068,728,32,1159.39
CAMP_04709,2024-08-31 19:25:11.582316464,Twitter,Display,25-34,Retail,30,Tablet,Europe,Q3,58.87367670107046,8134.5,689719,15484,716,9170.57
CAMP_04710,2024-09-01 00:23:02.676535312,Instagram,Search,18-24,Healthcare,30,Mobile,North America,Q3,79.70384183562211,3091.07,300699,9388,902,51814.38
CAMP_04711,2024-09-01 05:20:53.770754160,Facebook,Display,25-34,Technology,14,Desktop,Asia,Q3,100.0,3736.08,481643,14096,1709,272822.36
CAMP_04712,2024-09-01 10:18:44.864972992,Facebook,Social,18-24,Retail,7,Mobile,Asia,Q3,97.84112849991395,36953.06,4536237,104785,5257,353675.95
CAMP_04713,2024-09-01 15:16:35.959191840,Facebook,Display,35-44,Finance,30,Desktop,Asia,Q3,42.261239597429295,50763.19,4608168,64643,1656,135685.97
CAMP_04714,2024-09-01 20:14:27.053410688,LinkedIn,Display,25-34,Retail,14,Desktop,North America,Q3,50.08400937231419,10227.32,838091,17474,534,10942.11
CAMP_04715,2024-09-02 01:12:18.147629536,Instagram,Search,35-44,Finance,14,Tablet,North America,Q3,30.57001539526656,4485.47,500857,11383,476,11781.95
CAMP_04716,2024-09-02 06:10:09.241848368,Facebook,Search,18-24,Retail,7,Desktop,North America,Q3,43.16689866752097,5099.0,469779,7635,268,7416.63
CAMP_04717,2024-09-02 11:08:00.336067216,Instagram,Display,55+,Retail,14,Mobile,Europe,Q3,55.74313673750496,33701.94,3385579,56681,2080,132584.28
CAMP_04718,2024-09-02 16:05:51.430286064,TikTok,Display,45-54,Education,60,Mobile,Asia,Q3,52.657260067477125,471.4,42767,1014,53,2121.55
CAMP_04719,2024-09-02 21:03:42.524504912,Facebook,Display,25-34,Travel,30,Desktop,North America,Q3,100.0,6438.87,833578,23888,2691,195170.72
CAMP_04720,2024-09-03 02:01:33.618723744,TikTok,Social,25-34,Technology,7,Mobile,Europe,Q3,33.69286115047569,44168.46,3420081,59516,3187,181313.47
CAMP_04721,2024-09-03 06:59:24.712942592,Facebook,Social,35-44,Healthcare,14,Mobile,Europe,Q3,59.09811101624206,1372.9,130135,3372,139,11995.91
CAMP_04722,2024-09-03 11:57:15.807161440,Google,Search,18-24,Technology,14,Mobile,North America,Q3,18.73080475406713,5233.7,586122,11539,426,17144.43
CAMP_04723,2024-09-03 16:55:06.901380272,Google,Social,25-34,Finance,14,Desktop,Europe,Q3,66.61781560975467,14298.89,1722057,51489,2893,74715.51
CAMP_04724,2024-09-03 21:52:57.995599120,Facebook,Social,25-34,Finance,14,Mobile,Europe,Q3,33.165893186481,2486.45,290191,4336,178,13680.98
CAMP_04725,2024-09-04 02:50:49.089817968,Google,Video,55+,Technology,60,Desktop,Asia,Q3,82.05252616765584,9663.54,1337451,31194,2513,215448.83
CAMP_04726,2024-09-04 07:48:40.184036816,Google,Native,45-54,Entertainment,7,Desktop,Asia,Q3,54.179482139694166,62416.99,7797779,195486,8951,274069.31
CAMP_04727,2024-09-04 12:46:31.278255648,TikTok,Social,35-44,Retail,30,Desktop,North America,Q3,31.96031463434214,69921.85,7443894,116357,6730,353032.52
CAMP_04728,2024-09-04 17:44:22.372474496,Twitter,Display,35-44,Retail,60,Mobile,Europe,Q3,17.945964928840837,9821.28,893038,14313,471,7396.26
CAMP_04729,2024-09-04 22:42:13.466693344,LinkedIn,Display,55+,Entertainment,90,Mobile,Asia,Q3,40.427250227806574,23112.12,2418265,34382,1578,29025.63
CAMP_04730,2024-09-05 03:40:04.560912192,Google,Video,55+,Entertainment,7,Mobile,North America,Q3,64.78761781485676,11049.6,1424924,34277,2466,212286.07
CAMP_04731,2024-09-05 08:37:55.655131024,Google,Video,55+,Finance,30,Tablet,Asia,Q3,68.43027294312924,12524.16,1541848,31491,2334,185779.59
CAMP_04732,2024-09-05 13:35:46.749349872,Google,Social,18-24,Finance,7,Mobile,North America,Q3,50.03124037653453,2702.45,302053,5909,315,33469.15
CAMP_04733,2024-09-05 18:33:37.843568720,LinkedIn,Search,25-34,Finance,14,Mobile,Europe,Q3,78.51594086865938,5064.97,524757,18592,986,70307.06
CAMP_04734,2024-09-05 23:31:28.937787568,TikTok,Social,35-44,Finance,7,Mobile,Latin America,Q3,37.285142142098586,3331.27,379749,7216,384,13206.0
CAMP_04735,2024-09-06 04:29:20.032006400,Facebook,Social,35-44,Finance,60,Desktop,Europe,Q3,1.4588031498286185,1400.59,137099,1945,40,7157.18
CAMP_04736,2024-09-06 09:27:11.126225248,Google,Search,18-24,Finance,7,Desktop,Europe,Q3,65.65107301484998,35358.93,3807339,99955,4241,605955.02
CAMP_04737,2024-09-06 14:25:02.220444096,Instagram,Search,18-24,Finance,30,Mobile,North America,Q3,85.80191625366767,9094.59,1078903,32379,2424,443319.64
CAMP_04738,2024-09-06 19:22:53.314662944,Facebook,Video,45-54,Entertainment,30,Mobile,North America,Q3,85.98667347315487,339.05,41858,1269,64,2169.51
CAMP_04739,2024-09-07 00:20:44.408881776,Facebook,Display,45-54,Entertainment,90,Desktop,Europe,Q3,34.003815187693306,8056.3,858626,10405,355,18526.75
CAMP_04740,2024-09-07 05:18:35.503100624,Instagram,Search,25-34,Technology,30,Mobile,Europe,Q3,49.106136253568835,11075.77,1044680,28368,985,193623.91
CAMP_04741,2024-09-07 10:16:26.597319472,LinkedIn,Video,45-54,Finance,14,Desktop,North America,Q3,74.47640031481015,9856.66,856069,28639,1213,26390.28
CAMP_04742,2024-09-07 15:14:17.691538304,Google,Video,35-44,Technology,14,Desktop,Latin America,Q3,47.45787784082459,9098.71,1209911,28494,1726,127886.7
CAMP_04743,2024-09-07 20:12:08.785757152,Google,Social,45-54,Healthcare,7,Desktop,North America,Q3,62.107697212169874,7093.89,838142,20092,1288,52303.14
CAMP_04744,2024-09-08 01:09:59.879976000,TikTok,Search,25-34,Finance,30,Desktop,Europe,Q3,45.671202083794356,15601.78,1678932,51122,2572,67497.35
CAMP_04745,2024-09-08 06:07:50.974194848,Google,Display,18-24,Education,30,Desktop,Europe,Q3,38.21222485077253,4148.9,407042,7172,532,20507.77
CAMP_04746,2024-09-08 11:05:42.068413680,Google,Search,25-34,Entertainment,30,Tablet,Europe,Q3,42.07252697186485,366.24,41932,1373,59,5199.48
CAMP_04747,2024-09-08 16:03:33.162632528,Google,Social,35-44,Education,7,Mobile,Europe,Q3,79.11450385902464,95111.47,13370039,343452,33514,3016045.39
CAMP_04748,2024-09-08 21:01:24.256851376,Google,Display,35-44,Entertainment,30,Mobile,North America,Q3,60.27565529261748,643.14,88247,2214,166,11343.53
CAMP_04749,2024-09-09 01:59:15.351070224,Facebook,Video,18-24,Travel,30,Desktop,Latin America,Q3,85.43763276811116,4095.91,488342,14469,971,46878.88
CAMP_04750,2024-09-09 06:57:06.445289056,Twitter,Native,55+,Healthcare,90,Mobile,Europe,Q3,70.4084138990884,637.23,46287,722,28,1003.74
CAMP_04751,2024-09-09 11:54:57.539507904,Facebook,Display,25-34,Travel,30,Tablet,Europe,Q3,92.12930462961884,26706.81,3180736,97335,7009,170425.14
CAMP_04752,2024-09-09 16:52:48.633726752,Facebook,Video,25-34,Retail,14,Mobile,Asia,Q3,76.36136385917472,5554.69,651135,15478,545,27564.53
CAMP_04753,2024-09-09 21:50:39.727945600,LinkedIn,Search,35-44,Retail,14,Tablet,North America,Q3,75.1868166049341,37441.17,4023196,103805,3145,138609.69
CAMP_04754,2024-09-10 02:48:30.822164432,Instagram,Social,35-44,Healthcare,7,Desktop,Asia,Q3,57.59024202728636,3101.99,357689,9455,493,18384.11
CAMP_04755,2024-09-10 07:46:21.916383280,Twitter,Display,25-34,Travel,30,Desktop,Europe,Q3,100.0,2955.28,256505,7050,407,38502.12
CAMP_04756,2024-09-10 12:44:13.010602128,Twitter,Display,45-54,Finance,30,Mobile,Asia,Q3,62.25396439789069,24064.51,2011948,42197,1717,40216.14
CAMP_04757,2024-09-10 17:42:04.104820960,Google,Display,35-44,Technology,14,Tablet,Asia,Q3,20.531532617482398,24175.6,2881376,37403,1800,122489.03
CAMP_04758,2024-09-10 22:39:55.199039808,Twitter,Native,35-44,Finance,7,Mobile,Latin America,Q3,65.36067079227934,22765.96,1679956,47512,1790,27594.05
CAMP_04759,2024-09-11 03:37:46.293258656,Facebook,Display,45-54,Healthcare,7,Mobile,North America,Q3,40.354155135251396,14488.49,1424980,28066,1680,146526.07
CAMP_04760,2024-09-11 08:35:37.387477504,TikTok,Search,18-24,Technology,60,Mobile,Asia,Q3,80.3404304320323,33906.64,3011383,69778,5328,71508.04
CAMP_04761,2024-09-11 13:33:28.481696336,Instagram,Native,35-44,Entertainment,14,Tablet,North America,Q3,74.51633516361878,18161.9,2128280,42709,2927,111111.66
CAMP_04762,2024-09-11 18:31:19.575915184,TikTok,Video,45-54,Travel,14,Mobile,Asia,Q3,56.16972700134697,20624.72,1775240,40203,1242,17656.39
CAMP_04763,2024-09-11 23:29:10.670134032,LinkedIn,Native,18-24,Education,14,Desktop,North America,Q3,42.24213973113678,472.37,44049,676,20,1129.18
CAMP_04764,2024-09-12 04:27:01.764352880,Google,Native,25-34,Technology,14,Desktop,North America,Q3,62.92851453441608,7228.72,913639,16931,1708,50220.64
CAMP_04765,2024-09-12 09:24:52.858571712,Instagram,Social,55+,Technology,30,Desktop,North America,Q3,47.1753238428589,34523.83,2802191,55205,1494,51113.66
CAMP_04766,2024-09-12 14:22:43.952790560,TikTok,Display,25-34,Technology,60,Desktop,North America,Q3,75.75607985567673,10689.22,828348,28296,1073,33765.1
CAMP_04767,2024-09-12 19:20:35.047009408,Twitter,Search,35-44,Finance,7,Desktop,North America,Q3,71.12031428516092,2191.25,181150,7402,382,8049.66
CAMP_04768,2024-09-13 00:18:26.141228256,Google,Social,55+,Retail,30,Desktop,Europe,Q3,100.0,29237.69,3052142,88142,8812,290485.62
CAMP_04769,2024-09-13 05:16:17.235447088,LinkedIn,Native,25-34,Entertainment,14,Desktop,North America,Q3,51.09770922698151,160752.28,11990149,253279,8521,402148.15
CAMP_04770,2024-09-13 10:14:08.329665936,Facebook,Display,18-24,Technology,90,Mobile,Asia,Q3,53.931487430307115,1558.58,157687,1924,75,4107.48
CAMP_04771,2024-09-13 15:11:59.423884784,Google,Social,45-54,Education,14,Mobile,North America,Q3,56.90448652126454,7312.14,917654,24088,1151,30562.87
CAMP_04772,2024-09-13 20:09:50.518103632,Facebook,Display,45-54,Travel,7,Mobile,North America,Q3,57.780289314578376,1184.71,123042,2600,180,3798.9
CAMP_04773,2024-09-14 01:07:41.612322464,Google,Display,35-44,Retail,30,Mobile,Europe,Q3,80.5415787592296,1503.58,203013,3937,386,79229.26
CAMP_04774,2024-09-14 06:05:32.706541312,Twitter,Search,35-44,Travel,7,Mobile,North America,Q3,54.473087098757354,6368.21,535367,14291,540,9933.4
CAMP_04775,2024-09-14 11:03:23.800760160,Facebook,Social,45-54,Entertainment,7,Desktop,North America,Q3,99.4476343228699,7591.13,921913,27666,2165,84349.7
CAMP_04776,2024-09-14 16:01:14.894978992,Twitter,Search,45-54,Finance,30,Tablet,Other,Q3,71.64550219451404,35902.94,3139645,119923,7903,400181.07
CAMP_04777,2024-09-14 20:59:05.989197840,Google,Search,25-34,Finance,30,Mobile,North America,Q3,50.28527904023951,1943.41,262107,9393,330,10926.03
CAMP_04778,2024-09-15 01:56:57.083416688,Facebook,Native,18-24,Finance,14,Desktop,Asia,Q3,45.17508630038658,1723.64,196839,3283,202,8771.38
CAMP_04779,2024-09-15 06:54:48.177635536,Google,Display,35-44,Technology,30,Mobile,North America,Q3,80.81744386816914,20868.49,2545969,58359,4135,299708.68
CAMP_04780,2024-09-15 11:52:39.271854368,Google,Search,45-54,Healthcare,30,Mobile,Latin America,Q3,60.57040303773621,11528.55,1520891,50105,4721,395887.55
CAMP_04781,2024-09-15 16:50:30.366073216,Google,Display,45-54,Retail,30,Desktop,North America,Q3,60.18120107513511,138176.98,19683384,477106,40289,1696792.67
CAMP_04782,2024-09-15 21:48:21.460292064,Google,Display,55+,Healthcare,30,Tablet,Latin America,Q3,48.03039547151762,34548.96,4225684,43729,2356,172472.68
CAMP_04783,2024-09-16 02:46:12.554510912,Instagram,Search,45-54,Technology,30,Mobile,North America,Q3,58.771086381589846,19666.6,2034181,60575,3501,94636.27
CAMP_04784,2024-09-16 07:44:03.648729744,Facebook,Native,35-44,Retail,7,Mobile,North America,Q3,47.22090298394456,4308.4,559163,12885,406,24070.89
CAMP_04785,2024-09-16 12:41:54.742948592,Facebook,Search,25-34,Healthcare,14,Mobile,Europe,Q3,87.23422912451996,1881.06,182281,6333,532,20645.41
CAMP_04786,2024-09-16 17:39:45.837167440,Facebook,Social,45-54,Healthcare,14,Mobile,Europe,Q3,74.34120304510795,2267.09,211624,4076,399,18714.69
CAMP_04787,2024-09-16 22:37:36.931386288,Twitter,Video,45-54,Finance,14,Desktop,North America,Q3,56.50462321398452,8325.71,660887,19449,807,32742.48
CAMP_04788,2024-09-17 03:35:28.025605120,TikTok,Display,35-44,Retail,30,Desktop,North America,Q3,56.21063833894539,35914.8,4063213,109228,7029,478795.82
CAMP_04789,2024-09-17 08:33:19.119823968,Instagram,Search,18-24,Education,14,Desktop,Asia,Q3,61.84348336478435,128424.7,11195689,321361,13947,543693.27
CAMP_04790,2024-09-17 13:31:10.214042816,Facebook,Video,55+,Healthcare,7,Mobile,North America,Q3,59.88919522255734,1653.31,174473,3873,216,16597.45
CAMP_04791,2024-09-17 18:29:01.308261664,Google,Display,35-44,Retail,14,Tablet,Europe,Q3,40.86127641381665,7349.6,1038908,22191,1782,67820.18
CAMP_04792,2024-09-17 23:26:52.402480496,TikTok,Search,25-34,Finance,14,Mobile,Europe,Q3,21.984517432300365,1495.96,123877,2298,56,9896.22
CAMP_04793,2024-09-18 04:24:43.496699344,Google,Video,35-44,Finance,30,Desktop,Asia,Q3,44.04598667117943,1944.73,257884,5255,169,11362.58
CAMP_04794,2024-09-18 09:22:34.590918192,Facebook,Display,35-44,Retail,14,Mobile,North America,Q3,57.42965018669939,8177.34,1005291,18223,1159,116982.43
CAMP_04795,2024-09-18 14:20:25.685137024,Facebook,Search,25-34,Healthcare,30,Desktop,Europe,Q3,45.24333604565018,251761.66,22668760,527268,39560,2750173.87
CAMP_04796,2024-09-18 19:18:16.779355872,Facebook,Search,45-54,Education,14,Desktop,North America,Q3,76.38676060791138,5311.4,642149,18842,922,50317.43
CAMP_04797,2024-09-19 00:16:07.873574720,Google,Native,25-34,Entertainment,60,Tablet,North America,Q3,55.416937281984914,7086.43,956366,23017,2176,63993.56
CAMP_04798,2024-09-19 05:13:58.967793568,Twitter,Search,25-34,Technology,90,Mobile,Europe,Q3,97.47147150057239,223.04,17839,975,41,404.8
CAMP_04799,2024-09-19 10:11:50.062012400,Google,Search,25-34,Education,30,Desktop,Latin America,Q3,48.77011483541702,10406.55,1080234,40764,1405,103834.76
CAMP_04800,2024-09-19 15:09:41.156231248,Instagram,Native,45-54,Technology,60,Desktop,North America,Q3,62.81433597403114,15960.93,1875349,36551,2743,34171.54
CAMP_04801,2024-09-19 20:07:32.250450096,Google,Social,55+,Travel,30,Desktop,North America,Q3,54.222764876604316,8717.72,901429,10976,1013,51515.69
CAMP_04802,2024-09-20 01:05:23.344668944,Google,Display,45-54,Retail,60,Mobile,Asia,Q3,68.79556115469644,6517.02,817416,13750,840,55221.59
CAMP_04803,2024-09-20 06:03:14.438887776,TikTok,Video,55+,Finance,60,Mobile,North America,Q3,81.31502257994087,5852.67,642701,16477,1091,52060.13
CAMP_04804,2024-09-20 11:01:05.533106624,Google,Search,18-24,Healthcare,90,Mobile,Europe,Q3,72.16561917854193,47972.86,5974744,197320,17632,1089616.17
CAMP_04805,2024-09-20 15:58:56.627325472,Twitter,Search,18-24,Technology,30,Mobile,Other,Q3,19.38407461067883,3003.32,205184,4079,165,10470.46
CAMP_04806,2024-09-20 20:56:47.721544320,Instagram,Social,35-44,Entertainment,30,Desktop,Other,Q3,69.99723220945735,49986.91,4644173,90719,5837,310666.9
CAMP_04807,2024-09-21 01:54:38.815763152,Google,Social,25-34,Healthcare,30,Desktop,North America,Q3,39.782437154379224,24541.81,2654092,56164,4420,103465.06
CAMP_04808,2024-09-21 06:52:29.909982000,TikTok,Search,45-54,Retail,14,Mobile,Europe,Q3,53.80461643167445,16645.51,1841705,49562,2063,232713.07
CAMP_04809,2024-09-21 11:50:21.004200848,Google,Native,35-44,Healthcare,14,Tablet,Latin America,Q3,73.78658373674673,25352.31,3038124,88953,5620,107913.38
CAMP_04810,2024-09-21 16:48:12.098419680,Twitter,Search,55+,Finance,60,Mobile,North America,Q3,37.60478183169921,33399.22,2350486,52536,1461,18969.84
CAMP_04811,2024-09-21 21:46:03.192638528,Google,Video,25-34,Retail,7,Mobile,Europe,Q3,83.11896014970101,3028.88,363026,15966,1641,187002.57
CAMP_04812,2024-09-22 02:43:54.286857376,Twitter,Social,35-44,Travel,30,Mobile,North America,Q3,52.93228200897535,6353.34,444762,7454,186,4717.83
CAMP_04813,2024-09-22 07:41:45.381076224,Google,Display,35-44,Education,14,Desktop,North America,Q3,100.0,4977.16,655773,22963,3025,112800.92
CAMP_04814,2024-09-22 12:39:36.475295056,Instagram,Social,25-34,Technology,14,Desktop,Other,Q3,61.373556515875244,205.71,19031,491,35,2268.16
CAMP_04815,2024-09-22 17:37:27.569513904,LinkedIn,Native,35-44,Healthcare,60,Mobile,Asia,Q3,94.1068548530354,21653.31,2181874,79663,5219,300928.62
CAMP_04816,2024-09-22 22:35:18.663732752,TikTok,Search,25-34,Technology,60,Desktop,North America,Q3,83.95358449067018,2029.86,179022,5902,501,23777.68
CAMP_04817,2024-09-23 03:33:09.757951600,TikTok,Search,25-34,Entertainment,30,Mobile,Asia,Q3,47.77789835891005,145938.21,15871053,438058,18335,378045.68
CAMP_04818,2024-09-23 08:31:00.852170432,Twitter,Search,25-34,Travel,14,Mobile,Europe,Q3,33.96618544732956,135019.69,10674814,268927,6299,202436.57
CAMP_04819,2024-09-23 13:28:51.946389280,Twitter,Display,18-24,Technology,14,Mobile,Latin America,Q3,62.272547224750916,2620.86,175262,4067,273,9195.56
CAMP_04820,2024-09-23 18:26:43.040608128,Google,Display,35-44,Education,14,Mobile,North America,Q3,48.3471376295565,4481.78,604054,14121,666,61520.45
CAMP_04821,2024-09-23 23:24:34.134826976,Facebook,Search,25-34,Finance,14,Desktop,North America,Q3,91.59437560174013,32405.31,3796341,162950,12567,642461.77
CAMP_04822,2024-09-24 04:22:25.229045808,Facebook,Social,18-24,Finance,7,Desktop,North America,Q3,55.06281656654754,1247.0,117898,2623,175,5235.04
CAMP_04823,2024-09-24 09:20:16.323264656,Facebook,Search,25-34,Travel,30,Mobile,Europe,Q3,53.99192082962452,4378.34,483493,12910,709,10865.56
CAMP_04824,2024-09-24 14:18:07.417483504,Facebook,Display,25-34,Finance,14,Mobile,North America,Q3,32.08203078525962,2030.06,246354,5520,191,8247.56
CAMP_04825,2024-09-24 19:15:58.511702352,Instagram,Search,25-34,Finance,30,Mobile,North America,Q3,68.38434026159538,49711.09,4563425,197619,7078,237762.4
CAMP_04826,2024-09-25 00:13:49.605921184,Google,Social,18-24,Entertainment,14,Mobile,Other,Q3,36.51555436106335,27650.54,2951489,35997,2451,225345.69
CAMP_04827,2024-09-25 05:11:40.700140032,LinkedIn,Search,35-44,Technology,14,Mobile,Latin America,Q3,68.8487382576143,1086.83,110977,3277,138,10905.18
CAMP_04828,2024-09-25 10:09:31.794358880,Google,Search,35-44,Technology,7,Mobile,Europe,Q3,71.60183452996006,52112.83,5656787,172831,10953,330526.99
CAMP_04829,2024-09-25 15:07:22.888577712,Facebook,Social,35-44,Travel,90,Desktop,Latin America,Q3,45.00649776051271,2015.73,259949,3888,286,18782.62
CAMP_04830,2024-09-25 20:05:13.982796560,Instagram,Search,45-54,Entertainment,30,Mobile,Latin America,Q3,79.13159862035425,13614.53,1251634,33797,3158,137802.18
CAMP_04831,2024-09-26 01:03:05.077015408,Twitter,Search,35-44,Education,7,Mobile,Asia,Q3,54.50249121417524,10779.3,881249,30654,1864,90256.0
CAMP_04832,2024-09-26 06:00:56.171234256,LinkedIn,Social,35-44,Technology,30,Tablet,Europe,Q3,30.575126081915602,2180.32,191088,3964,95,1316.96
CAMP_04833,2024-09-26 10:58:47.265453088,Instagram,Display,45-54,Healthcare,60,Mobile,Latin America,Q3,90.90574680627384,1267.08,150024,3929,284,12748.5
CAMP_04834,2024-09-26 15:56:38.359671936,Google,Native,25-34,Travel,30,Mobile,Europe,Q3,41.530588518513625,11417.55,1466958,22287,1478,114603.69
CAMP_04835,2024-09-26 20:54:29.453890784,Instagram,Video,45-54,Technology,30,Mobile,North America,Q3,70.1414108253296,4663.87,536928,14043,903,39152.23
CAMP_04836,2024-09-27 01:52:20.548109632,Google,Video,25-34,Retail,7,Mobile,North America,Q3,68.51588948094488,25036.56,3495028,138700,9329,202986.9
CAMP_04837,2024-09-27 06:50:11.642328464,Facebook,Social,25-34,Finance,30,Mobile,Europe,Q3,67.7836934784869,10226.54,991091,29302,2249,101370.22
CAMP_04838,2024-09-27 11:48:02.736547312,Facebook,Display,45-54,Finance,30,Mobile,Latin America,Q3,67.43723831860271,377.66,46018,867,54,3103.89
CAMP_04839,2024-09-27 16:45:53.830766160,Google,Social,25-34,Retail,30,Desktop,Asia,Q3,40.59624726879996,921.77,102125,1926,147,9822.99
CAMP_04840,2024-09-27 21:43:44.924985008,Facebook,Social,25-34,Education,60,Desktop,Latin America,Q3,93.82699203005441,5137.87,663444,18534,2106,162011.41
CAMP_04841,2024-09-28 02:41:36.019203840,TikTok,Social,25-34,Travel,14,Desktop,Asia,Q3,79.12498300401279,3677.55,306628,10377,407,10644.68
CAMP_04842,2024-09-28 07:39:27.113422688,TikTok,Native,25-34,Healthcare,14,Mobile,North America,Q3,69.501134625008,2552.67,218784,5178,366,25564.89
CAMP_04843,2024-09-28 12:37:18.207641536,Facebook,Display,25-34,Entertainment,60,Mobile,Asia,Q3,33.34047528968742,5330.35,626721,12084,470,9891.57
CAMP_04844,2024-09-28 17:35:09.301860368,Google,Social,35-44,Education,30,Mobile,North America,Q3,40.432642486891325,4011.84,508193,8734,486,45828.71
CAMP_04845,2024-09-28 22:33:00.396079216,Google,Video,45-54,Entertainment,7,Mobile,Europe,Q3,73.14913253378327,15695.48,1698894,53427,4804,337543.58
CAMP_04846,2024-09-29 03:30:51.490298064,Facebook,Search,45-54,Retail,14,Mobile,Asia,Q3,19.92631776606366,7954.72,938845,18714,1068,14224.43
CAMP_04847,2024-09-29 08:28:42.584516912,TikTok,Social,25-34,Retail,60,Mobile,Europe,Q3,66.77407719880742,1943.29,197858,4945,149,1927.26
CAMP_04848,2024-09-29 13:26:33.678735744,Google,Display,55+,Retail,7,Mobile,Asia,Q3,33.37646405228758,17598.15,1878754,20342,643,41302.63
CAMP_04849,2024-09-29 18:24:24.772954592,LinkedIn,Search,35-44,Retail,7,Mobile,North America,Q3,42.63936444980774,14142.7,1523310,40968,945,43537.34
CAMP_04850,2024-09-29 23:22:15.867173440,Google,Search,25-34,Technology,14,Mobile,Asia,Q3,31.778647846648077,25551.55,2879429,56404,2042,113386.7
CAMP_04851,2024-09-30 04:20:06.961392288,TikTok,Search,45-54,Finance,60,Mobile,North America,Q3,64.92212831564605,9348.15,750695,24958,1382,73424.77
CAMP_04852,2024-09-30 09:17:58.055611120,Facebook,Native,45-54,Technology,60,Mobile,Europe,Q3,82.32722903668595,281.52,28338,643,31,1229.94
CAMP_04853,2024-09-30 14:15:49.149829968,Twitter,Video,45-54,Retail,30,Mobile,Europe,Q3,66.9603504762537,3425.83,221799,4657,162,3482.32
CAMP_04854,2024-09-30 19:13:40.244048816,Facebook,Search,25-34,Finance,30,Mobile,Europe,Q3,69.15666097844493,4675.82,579693,21216,1562,67231.39
CAMP_04855,2024-10-01 00:11:31.338267664,Instagram,Social,35-44,Technology,14,Mobile,North America,Q4,63.35917792309763,720.24,67304,1988,180,13094.78
CAMP_04856,2024-10-01 05:09:22.432486496,Google,Search,45-54,Entertainment,14,Mobile,North America,Q4,73.65387021741279,30228.19,3970797,93598,8828,507030.23
CAMP_04857,2024-10-01 10:07:13.526705344,Google,Video,35-44,Retail,60,Mobile,Asia,Q4,69.34171228500028,3712.16,368034,11481,1214,15695.91
CAMP_04858,2024-10-01 15:05:04.620924192,TikTok,Search,35-44,Education,7,Mobile,Europe,Q4,5.698036120056365,29768.28,3024111,34320,1388,65559.44
CAMP_04859,2024-10-01 20:02:55.715143040,TikTok,Display,35-44,Travel,14,Desktop,Europe,Q4,78.12613475323289,127175.18,9941718,302480,15490,648599.79
CAMP_04860,2024-10-02 01:00:46.809361872,Twitter,Display,45-54,Entertainment,30,Mobile,Europe,Q4,76.02303923921802,8786.31,780821,14449,699,21749.54
CAMP_04861,2024-10-02 05:58:37.903580720,Instagram,Social,25-34,Entertainment,7,Mobile,Latin America,Q4,52.753743386831864,31176.43,2602074,75326,4758,183640.31
CAMP_04862,2024-10-02 10:56:28.997799568,Twitter,Search,35-44,Travel,30,Mobile,Latin America,Q4,20.51586544534615,869.58,59300,1279,50,1351.13
CAMP_04863,2024-10-02 15:54:20.092018400,Google,Native,18-24,Technology,30,Mobile,North America,Q4,64.84948051268813,11714.04,1499596,22869,2294,98183.54
CAMP_04864,2024-10-02 20:52:11.186237248,Facebook,Social,35-44,Travel,30,Mobile,North America,Q4,66.53321608272996,44119.19,5686688,106771,5712,205352.61
CAMP_04865,2024-10-03 01:50:02.280456096,Facebook,Search,45-54,Entertainment,14,Tablet,Europe,Q4,51.19033034878312,183.49,22511,687,58,2457.31
CAMP_04866,2024-10-03 06:47:53.374674944,Instagram,Video,18-24,Entertainment,14,Desktop,North America,Q4,63.733994486933824,12189.99,1326496,23136,2134,148095.69
CAMP_04867,2024-10-03 11:45:44.468893776,Facebook,Search,35-44,Technology,30,Mobile,North America,Q4,81.43680515940741,3677.01,340008,16008,1172,94928.17
CAMP_04868,2024-10-03 16:43:35.563112624,Google,Display,25-34,Healthcare,90,Desktop,North America,Q4,100.0,51369.21,7193367,199910,12715,1766024.59
CAMP_04869,2024-10-03 21:41:26.657331472,Instagram,Native,18-24,Entertainment,14,Mobile,North America,Q4,62.93807345831732,688.86,62266,1099,56,3079.94
CAMP_04870,2024-10-04 02:39:17.751550320,Twitter,Display,25-34,Healthcare,90,Mobile,Europe,Q4,66.67827362706484,16915.68,1531313,46940,2458,154258.91
CAMP_04871,2024-10-04 07:37:08.845769152,Facebook,Display,25-34,Entertainment,30,Desktop,North America,Q4,43.524222496292126,17458.31,1984719,39159,3370,171171.55
CAMP_04872,2024-10-04 12:34:59.939988000,Google,Search,25-34,Retail,60,Mobile,North America,Q4,49.97215908046843,18331.7,1997853,49127,3722,127270.54
CAMP_04873,2024-10-04 17:32:51.034206848,Google,Display,25-34,Technology,7,Mobile,Latin America,Q4,57.27914739257041,5204.9,721676,13851,1347,105840.12
CAMP_04874,2024-10-04 22:30:42.128425696,Google,Display,45-54,Finance,14,Desktop,Latin America,Q4,83.55436070781195,11158.41,1538712,33433,4776,432137.44
CAMP_04875,2024-10-05 03:28:33.222644528,Facebook,Search,45-54,Technology,7,Desktop,Latin America,Q4,76.37915512056117,3011.68,369039,14217,826,19108.37
CAMP_04876,2024-10-05 08:26:24.316863376,Instagram,Video,35-44,Retail,14,Tablet,North America,Q4,98.58706688015926,7046.25,606380,25845,1820,352081.91
CAMP_04877,2024-10-05 13:24:15.411082224,Instagram,Video,18-24,Retail,90,Desktop,North America,Q4,30.19547648679582,512.4,51324,898,58,3582.48
CAMP_04878,2024-10-05 18:22:06.505301072,LinkedIn,Display,55+,Technology,7,Desktop,North America,Q4,33.52530058702055,168217.26,13202617,147753,7229,188341.95
CAMP_04879,2024-10-05 23:19:57.599519904,Facebook,Social,35-44,Finance,30,Mobile,North America,Q4,82.04165870471864,5403.91,654803,13732,1780,41466.32
CAMP_04880,2024-10-06 04:17:48.693738752,Twitter,Search,18-24,Retail,7,Mobile,North America,Q4,88.97720752628977,4537.21,348632,9323,564,30497.17
CAMP_04881,2024-10-06 09:15:39.787957600,Google,Search,45-54,Travel,30,Desktop,Latin America,Q4,60.66256243341865,9507.43,1132173,33565,1386,74429.06
CAMP_04882,2024-10-06 14:13:30.882176432,Facebook,Search,25-34,Entertainment,7,Tablet,Other,Q4,1.0,22025.68,2215470,34439,918,53529.9
CAMP_04883,2024-10-06 19:11:21.976395280,Twitter,Display,35-44,Entertainment,7,Mobile,Asia,Q4,45.12941676202505,773.83,71267,1489,82,1001.46
CAMP_04884,2024-10-07 00:09:13.070614128,Google,Native,35-44,Retail,14,Tablet,Asia,Q4,66.70987304298781,1968.63,194587,4544,546,46723.57
CAMP_04885,2024-10-07 05:07:04.164832976,Google,Video,25-34,Healthcare,30,Mobile,Europe,Q4,42.01174026844534,12235.26,1318669,32502,1707,77966.68
CAMP_04886,2024-10-07 10:04:55.259051808,Twitter,Search,45-54,Finance,7,Mobile,Asia,Q4,63.702523138754316,3860.94,304200,7618,324,12640.12
CAMP_04887,2024-10-07 15:02:46.353270656,Facebook,Social,25-34,Travel,14,Mobile,Latin America,Q4,97.97110897743954,4162.66,463472,14235,1513,326175.2
CAMP_04888,2024-10-07 20:00:37.447489504,LinkedIn,Social,18-24,Entertainment,7,Mobile,Europe,Q4,88.52265639190001,2921.55,287128,7175,762,24454.81
CAMP_04889,2024-10-08 00:58:28.541708352,Google,Display,55+,Healthcare,90,Desktop,North America,Q4,76.17784490740277,4971.45,527058,11013,1048,55685.34
CAMP_04890,2024-10-08 05:56:19.635927184,LinkedIn,Display,55+,Education,30,Mobile,North America,Q4,58.711014423236854,3801.33,379036,5304,343,19494.43
CAMP_04891,2024-10-08 10:54:10.730146032,Facebook,Social,35-44,Retail,30,Tablet,Europe,Q4,50.106638841992165,3077.29,322938,5862,483,19855.4
CAMP_04892,2024-10-08 15:52:01.824364880,Google,Video,35-44,Retail,30,Mobile,North America,Q4,75.15502630554948,29655.23,3989970,109230,7790,731725.46
CAMP_04893,2024-10-08 20:49:52.918583728,Instagram,Social,18-24,Entertainment,7,Mobile,Latin America,Q4,60.50789305000455,4865.21,470313,10583,1001,62198.73
CAMP_04894,2024-10-09 01:47:44.012802560,Google,Social,45-54,Retail,30,Desktop,Europe,Q4,61.194088787447406,2334.25,260198,7181,447,11550.25
CAMP_04895,2024-10-09 06:45:35.107021408,Facebook,Social,18-24,Retail,7,Mobile,Asia,Q4,28.97568774237946,24411.04,3064930,56472,1981,157831.43
CAMP_04896,2024-10-09 11:43:26.201240256,Google,Video,18-24,Entertainment,14,Desktop,North America,Q4,45.70939235548215,1518.62,148156,3200,203,11386.6
CAMP_04897,2024-10-09 16:41:17.295459088,Google,Social,35-44,Technology,30,Mobile,Europe,Q4,75.03720934633628,74918.99,9462254,285989,27506,2123077.34
CAMP_04898,2024-10-09 21:39:08.389677936,Facebook,Search,25-34,Healthcare,30,Mobile,Europe,Q4,37.97866318502825,44193.6,5421191,180371,8550,717284.46
CAMP_04899,2024-10-10 02:36:59.483896784,Google,Social,18-24,Travel,7,Desktop,Asia,Q4,65.31414197204914,53460.88,5880173,98293,7723,291916.21
CAMP_04900,2024-10-10 07:34:50.578115632,TikTok,Video,25-34,Technology,7,Tablet,North America,Q4,68.25007189728278,3292.43,287125,7767,375,9630.71
CAMP_04901,2024-10-10 12:32:41.672334464,Google,Video,18-24,Technology,30,Desktop,Other,Q4,69.41775631508037,6099.72,744379,16641,2092,124160.9
CAMP_04902,2024-10-10 17:30:32.766553312,Instagram,Display,25-34,Retail,30,Desktop,Asia,Q4,71.20528432715378,18064.02,1996740,41965,1625,78885.42
CAMP_04903,2024-10-10 22:28:23.860772160,Google,Video,18-24,Retail,7,Desktop,Asia,Q4,72.5545210628013,5032.41,631707,19681,1913,26576.15
CAMP_04904,2024-10-11 03:26:14.954991008,Facebook,Search,25-34,Retail,7,Mobile,Latin America,Q4,47.524138159149416,541.75,55077,1533,96,6791.36
CAMP_04905,2024-10-11 08:24:06.049209840,TikTok,Native,45-54,Retail,60,Desktop,Other,Q4,30.646908726776523,3947.19,351953,4261,265,3884.12
CAMP_04906,2024-10-11 13:21:57.143428688,Google,Display,45-54,Finance,30,Mobile,North America,Q4,42.529291752332995,26437.68,2923360,38544,3772,202568.68
CAMP_04907,2024-10-11 18:19:48.237647536,TikTok,Social,35-44,Technology,90,Mobile,Asia,Q4,74.59842393809822,5327.62,607069,14517,806,16732.21
CAMP_04908,2024-10-11 23:17:39.331866384,Google,Video,35-44,Entertainment,14,Mobile,North America,Q4,35.9830681240861,415.36,54608,1054,70,1048.41
CAMP_04909,2024-10-12 04:15:30.426085216,LinkedIn,Display,18-24,Education,14,Mobile,Europe,Q4,39.18778640230986,16900.67,1267256,14184,642,23472.96
CAMP_04910,2024-10-12 09:13:21.520304064,Instagram,Video,18-24,Entertainment,14,Mobile,North America,Q4,39.07711998484652,204922.46,21603048,302016,18763,191475.97
CAMP_04911,2024-10-12 14:11:12.614522912,Twitter,Display,25-34,Healthcare,30,Mobile,Europe,Q4,23.080510905134794,1001.28,77923,1315,31,1513.26
CAMP_04912,2024-10-12 19:09:03.708741760,Instagram,Native,35-44,Retail,7,Mobile,Europe,Q4,37.05991267736401,2384.38,256154,4551,238,7864.12
CAMP_04913,2024-10-13 00:06:54.802960592,Instagram,Video,45-54,Entertainment,7,Desktop,Europe,Q4,80.0079382664734,46074.87,4710036,153264,13039,422994.77
CAMP_04914,2024-10-13 05:04:45.897179440,Google,Search,35-44,Technology,7,Desktop,Asia,Q4,45.66470694568878,2035.34,234028,7891,584,9614.42
CAMP_04915,2024-10-13 10:02:36.991398288,Google,Search,25-34,Retail,30,Desktop,Europe,Q4,25.02123686891308,50289.79,6495002,114739,4960,403871.67
CAMP_04916,2024-10-13 15:00:28.085617120,TikTok,Native,18-24,Education,14,Mobile,North America,Q4,49.76712290170835,43351.21,4910199,79483,4765,232298.74
CAMP_04917,2024-10-13 19:58:19.179835968,Facebook,Video,45-54,Technology,30,Desktop,Asia,Q4,70.21094431787334,10791.22,1034209,31582,2334,182085.52
CAMP_04918,2024-10-14 00:56:10.274054816,Facebook,Display,25-34,Technology,60,Mobile,Europe,Q4,23.38454470232675,4649.7,589176,9582,597,15150.02
CAMP_04919,2024-10-14 05:54:01.368273664,LinkedIn,Video,45-54,Education,30,Desktop,Europe,Q4,79.06620619532023,15159.58,1513113,36854,2005,59579.27
CAMP_04920,2024-10-14 10:51:52.462492496,Facebook,Search,35-44,Travel,14,Mobile,Other,Q4,31.180383692818424,6901.43,889218,19822,917,73099.04
CAMP_04921,2024-10-14 15:49:43.556711344,TikTok,Display,45-54,Technology,90,Mobile,North America,Q4,52.09032722026628,6962.91,692341,16222,943,42049.94
CAMP_04922,2024-10-14 20:47:34.650930192,LinkedIn,Social,55+,Technology,14,Mobile,Europe,Q4,51.83469780008766,12004.86,878684,12599,830,37209.66
CAMP_04923,2024-10-15 01:45:25.745149040,Instagram,Search,55+,Healthcare,7,Desktop,Asia,Q4,48.77119786488947,5093.42,507309,8247,405,11474.93
CAMP_04924,2024-10-15 06:43:16.839367872,Twitter,Search,35-44,Entertainment,90,Desktop,North America,Q4,58.70396603036954,1137.27,85664,2305,133,5173.03
CAMP_04925,2024-10-15 11:41:07.933586720,Google,Search,35-44,Retail,7,Desktop,North America,Q4,75.57120707953396,2668.1,348986,14006,888,21464.06
CAMP_04926,2024-10-15 16:38:59.027805568,Facebook,Video,25-34,Healthcare,30,Mobile,Asia,Q4,59.18396837393582,3227.11,329429,8323,316,25326.9
CAMP_04927,2024-10-15 21:36:50.122024416,Facebook,Search,55+,Travel,14,Mobile,North America,Q4,47.88652679813474,2729.81,312236,6299,572,39412.3
CAMP_04928,2024-10-16 02:34:41.216243248,Google,Native,35-44,Technology,30,Tablet,Europe,Q4,69.14697369521791,8927.77,873538,24643,1144,104835.26
CAMP_04929,2024-10-16 07:32:32.310462096,LinkedIn,Social,18-24,Travel,30,Mobile,Europe,Q4,64.14527457245012,15683.93,1409212,30799,1932,87767.92
CAMP_04930,2024-10-16 12:30:23.404680944,TikTok,Social,25-34,Travel,14,Tablet,Asia,Q4,46.60992880146348,11111.49,860898,16196,637,24459.47
CAMP_04931,2024-10-16 17:28:14.498899776,Facebook,Social,18-24,Technology,30,Mobile,Asia,Q4,60.84602844168732,2762.15,312330,5380,399,22283.63
CAMP_04932,2024-10-16 22:26:05.593118624,Facebook,Video,35-44,Entertainment,30,Tablet,Latin America,Q4,44.95314993584821,17524.8,1708261,44186,3194,191096.06
CAMP_04933,2024-10-17 03:23:56.687337472,TikTok,Display,35-44,Technology,14,Tablet,North America,Q4,42.685225432061145,29007.62,2321426,47620,2059,85308.5
CAMP_04934,2024-10-17 08:21:47.781556320,Facebook,Video,25-34,Entertainment,14,Desktop,Asia,Q4,76.11602428299811,19998.27,2270745,64732,6199,1106612.98
CAMP_04935,2024-10-17 13:19:38.875775152,Instagram,Display,18-24,Entertainment,14,Mobile,Asia,Q4,68.9391761313831,3963.57,317229,5427,344,8983.47
CAMP_04936,2024-10-17 18:17:29.969994000,Facebook,Video,55+,Technology,60,Mobile,North America,Q4,75.40759270473096,3348.18,426193,8427,852,62448.34
CAMP_04937,2024-10-17 23:15:21.064212848,TikTok,Search,45-54,Entertainment,30,Tablet,Other,Q4,72.70257002303022,44080.19,4086339,160054,9783,509349.9
CAMP_04938,2024-10-18 04:13:12.158431696,Instagram,Search,45-54,Education,60,Desktop,Latin America,Q4,42.25561481891894,26240.34,3098722,58028,2041,151546.89
CAMP_04939,2024-10-18 09:11:03.252650528,LinkedIn,Social,25-34,Technology,7,Mobile,North America,Q4,80.02563860133584,1851.82,134978,5035,179,2246.56
CAMP_04940,2024-10-18 14:08:54.346869376,Twitter,Social,45-54,Retail,7,Mobile,Asia,Q4,54.04785779436156,1575.35,141082,3370,205,12433.95
CAMP_04941,2024-10-18 19:06:45.441088224,Facebook,Native,35-44,Retail,7,Desktop,Asia,Q4,78.58435646534433,40011.35,3845340,100318,4332,200477.51
CAMP_04942,2024-10-19 00:04:36.535307072,Facebook,Video,25-34,Healthcare,7,Desktop,Europe,Q4,57.49766780057408,5611.59,718333,18146,1509,54539.47
CAMP_04943,2024-10-19 05:02:27.629525904,Twitter,Video,18-24,Travel,30,Desktop,Latin America,Q4,66.26326175758645,13217.34,966191,24276,859,39386.6
CAMP_04944,2024-10-19 10:00:18.723744752,Facebook,Search,25-34,Education,90,Desktop,Asia,Q4,66.86455857894035,1373.76,179737,5558,520,39507.41
CAMP_04945,2024-10-19 14:58:09.817963600,Twitter,Display,18-24,Finance,14,Tablet,Asia,Q4,76.26400770568779,13576.24,904676,23885,1948,107480.11
CAMP_04946,2024-10-19 19:56:00.912182448,TikTok,Display,55+,Healthcare,90,Mobile,North America,Q4,27.309077579822578,7175.56,780348,10329,637,45840.33
CAMP_04947,2024-10-20 00:53:52.006401280,Instagram,Display,18-24,Technology,7,Mobile,Europe,Q4,28.472045745811457,72653.92,7876709,119411,6962,1119997.3
CAMP_04948,2024-10-20 05:51:43.100620128,LinkedIn,Display,25-34,Retail,60,Mobile,Europe,Q4,73.43421730204352,2685.96,195641,5320,474,29389.29
CAMP_04949,2024-10-20 10:49:34.194838976,Twitter,Search,35-44,Finance,7,Tablet,Asia,Q4,67.12724929986726,1307.82,104959,3550,164,9322.07
CAMP_04950,2024-10-20 15:47:25.289057808,Twitter,Search,25-34,Finance,60,Mobile,Europe,Q4,44.48712703622758,14628.69,1178687,39016,1762,23231.74
CAMP_04951,2024-10-20 20:45:16.383276656,Facebook,Search,35-44,Finance,7,Mobile,North America,Q4,67.28617818033483,6884.74,832539,30726,3090,646839.15
CAMP_04952,2024-10-21 01:43:07.477495504,Google,Search,18-24,Travel,60,Mobile,North America,Q4,31.840795797921977,24273.03,3296952,75783,4318,260441.43
CAMP_04953,2024-10-21 06:40:58.571714352,Facebook,Display,45-54,Healthcare,14,Mobile,Europe,Q4,100.0,76839.1,8884382,179020,14435,1163355.2
CAMP_04954,2024-10-21 11:38:49.665933184,LinkedIn,Display,25-34,Healthcare,14,Desktop,Asia,Q4,86.23142773655886,8328.67,879407,31139,1727,62696.31
CAMP_04955,2024-10-21 16:36:40.760152032,Facebook,Display,35-44,Retail,14,Desktop,Asia,Q4,72.44605354815747,3230.72,308986,5932,535,19248.16
CAMP_04956,2024-10-21 21:34:31.854370880,LinkedIn,Display,45-54,Travel,14,Desktop,Europe,Q4,61.51260741354974,7149.29,628998,11293,855,10718.7
CAMP_04957,2024-10-22 02:32:22.948589728,Facebook,Social,45-54,Entertainment,30,Mobile,North America,Q4,47.62543910389406,1315.35,152985,2195,105,3505.09
CAMP_04958,2024-10-22 07:30:14.042808560,Instagram,Social,45-54,Education,90,Tablet,North America,Q4,33.796275213082524,22404.36,2087060,34876,1788,59389.58
CAMP_04959,2024-10-22 12:28:05.137027408,Google,Search,35-44,Finance,30,Mobile,North America,Q4,57.72354745021152,12085.66,1282417,31276,3256,270698.08
CAMP_04960,2024-10-22 17:25:56.231246256,LinkedIn,Display,25-34,Finance,30,Desktop,Asia,Q4,42.80478728609751,8317.52,726025,10377,454,16886.96
CAMP_04961,2024-10-22 22:23:47.325465104,Instagram,Search,35-44,Finance,7,Mobile,North America,Q4,43.97116302693509,8287.2,843347,25343,1744,231723.79
CAMP_04962,2024-10-23 03:21:38.419683936,Google,Search,45-54,Retail,30,Mobile,Europe,Q4,31.664867204509136,8088.24,1150364,28101,1388,52055.34
CAMP_04963,2024-10-23 08:19:29.513902784,Facebook,Search,45-54,Entertainment,14,Mobile,Asia,Q4,64.9932610386221,2526.09,254529,7601,597,43214.64
CAMP_04964,2024-10-23 13:17:20.608121632,LinkedIn,Search,18-24,Travel,60,Desktop,Other,Q4,52.46012988354212,11812.2,919892,18416,1398,84941.02
CAMP_04965,2024-10-23 18:15:11.702340464,Instagram,Search,25-34,Retail,14,Desktop,Other,Q4,70.70143149651739,41653.03,3727974,174438,8104,250252.95
CAMP_04966,2024-10-23 23:13:02.796559312,Google,Search,45-54,Retail,30,Mobile,Other,Q4,69.14197587309576,8987.51,927985,35175,2753,67086.53
CAMP_04967,2024-10-24 04:10:53.890778160,TikTok,Social,25-34,Entertainment,14,Mobile,Asia,Q4,64.58929260159324,5226.19,421231,8134,278,10939.61
CAMP_04968,2024-10-24 09:08:44.984997008,LinkedIn,Video,25-34,Technology,14,Desktop,Asia,Q4,100.0,7541.28,740865,33511,3746,157771.66
CAMP_04969,2024-10-24 14:06:36.079215840,TikTok,Social,25-34,Healthcare,14,Mobile,Asia,Q4,76.47411027131088,17774.11,1575150,38736,3275,573427.73
CAMP_04970,2024-10-24 19:04:27.173434688,Facebook,Video,35-44,Entertainment,14,Mobile,Latin America,Q4,34.78867978700204,451.03,42593,934,65,13262.83
CAMP_04971,2024-10-25 00:02:18.267653536,Instagram,Video,55+,Technology,14,Mobile,Other,Q4,69.17472895842938,10439.0,902227,17819,1201,40389.77
CAMP_04972,2024-10-25 05:00:09.361872384,Twitter,Native,35-44,Education,7,Desktop,Europe,Q4,58.91962514063022,4895.7,433517,11762,513,16220.26
CAMP_04973,2024-10-25 09:58:00.456091216,Instagram,Native,25-34,Healthcare,60,Mobile,Europe,Q4,33.169388583470656,1561.05,175192,3914,212,16789.42
CAMP_04974,2024-10-25 14:55:51.550310064,LinkedIn,Video,25-34,Education,7,Tablet,Europe,Q4,31.567342398467172,12586.34,1324212,30422,1355,52027.55
CAMP_04975,2024-10-25 19:53:42.644528912,Facebook,Search,18-24,Entertainment,60,Mobile,Asia,Q4,69.06405834559138,110514.5,14549603,294777,16914,1270747.57
CAMP_04976,2024-10-26 00:51:33.738747760,Facebook,Display,35-44,Education,7,Mobile,Asia,Q4,73.9509506975713,6485.54,690501,17202,1363,67439.09
CAMP_04977,2024-10-26 05:49:24.832966592,Google,Search,35-44,Retail,7,Mobile,Latin America,Q4,39.074856013509475,1281.26,176313,5169,201,7358.98
CAMP_04978,2024-10-26 10:47:15.927185440,Google,Social,25-34,Technology,30,Desktop,Europe,Q4,79.4033410638929,23991.68,2448031,86991,12050,396685.07
CAMP_04979,2024-10-26 15:45:07.021404288,Google,Native,35-44,Retail,30,Mobile,North America,Q4,65.69828793630566,60707.73,8631786,146742,12513,585825.99
CAMP_04980,2024-10-26 20:42:58.115623136,Google,Search,45-54,Finance,14,Desktop,Other,Q4,83.91718313885039,12375.46,1487334,48788,3970,214328.51
CAMP_04981,2024-10-27 01:40:49.209841968,TikTok,Display,25-34,Education,30,Mobile,North America,Q4,81.79240796678485,2132.56,192969,7101,626,31023.93
CAMP_04982,2024-10-27 06:38:40.304060816,Google,Search,25-34,Finance,14,Mobile,North America,Q4,56.831261691940156,31916.96,3557894,131049,9649,578638.97
CAMP_04983,2024-10-27 11:36:31.398279664,LinkedIn,Display,55+,Education,30,Desktop,Asia,Q4,92.7119946020419,18661.55,1895272,36661,2454,44209.57
CAMP_04984,2024-10-27 16:34:22.492498496,Twitter,Native,25-34,Technology,30,Desktop,North America,Q4,37.51767819759067,15510.23,1131330,17441,397,23202.15
CAMP_04985,2024-10-27 21:32:13.586717344,Instagram,Social,45-54,Technology,14,Mobile,North America,Q4,100.0,12475.15,1187304,38143,4338,84891.52
CAMP_04986,2024-10-28 02:30:04.680936192,Google,Search,35-44,Education,60,Desktop,North America,Q4,42.424286390282106,4718.52,479111,15887,612,29878.56
CAMP_04987,2024-10-28 07:27:55.775155040,LinkedIn,Display,45-54,Finance,30,Desktop,North America,Q4,59.03994536644639,14382.53,1331284,29138,2234,22766.22
CAMP_04988,2024-10-28 12:25:46.869373872,Instagram,Display,45-54,Entertainment,14,Mobile,Europe,Q4,48.656234027744745,48763.35,4149170,58878,1882,135399.98
CAMP_04989,2024-10-28 17:23:37.963592720,LinkedIn,Video,35-44,Technology,60,Mobile,North America,Q4,52.46418024240521,2149.62,201703,5063,369,20592.01
CAMP_04990,2024-10-28 22:21:29.057811568,LinkedIn,Social,45-54,Travel,60,Mobile,Europe,Q4,100.0,19884.57,1798586,54315,5753,107343.89
CAMP_04991,2024-10-29 03:19:20.152030416,TikTok,Search,55+,Healthcare,30,Mobile,North America,Q4,50.74558625177844,51833.57,4069304,77307,3633,146544.86
CAMP_04992,2024-10-29 08:17:11.246249248,Instagram,Display,35-44,Entertainment,14,Desktop,Asia,Q4,77.02216744585843,2502.19,271677,7347,785,31592.85
CAMP_04993,2024-10-29 13:15:02.340468096,Facebook,Search,25-34,Retail,60,Mobile,North America,Q4,55.291941774271656,2056.82,195916,5805,498,15651.9
CAMP_04994,2024-10-29 18:12:53.434686944,Instagram,Social,25-34,Finance,7,Mobile,North America,Q4,78.73100859175494,5690.16,609170,19912,929,18916.32
CAMP_04995,2024-10-29 23:10:44.528905792,Google,Video,45-54,Travel,7,Mobile,North America,Q4,49.11680963258016,6341.13,616804,9662,743,34039.6
CAMP_04996,2024-10-30 04:08:35.623124624,Twitter,Social,35-44,Education,14,Tablet,Europe,Q4,65.12264187318343,4678.01,344622,10899,338,7485.26
CAMP_04997,2024-10-30 09:06:26.717343472,Google,Social,25-34,Retail,30,Desktop,Europe,Q4,72.57396600945485,1105.25,135024,3860,506,99367.57
CAMP_04998,2024-10-30 14:04:17.811562320,Facebook,Native,18-24,Technology,60,Mobile,Europe,Q4,45.563770933270376,577.29,52096,816,36,2398.74
CAMP_04999,2024-10-30 19:02:08.905781168,Twitter,Display,35-44,Finance,30,Mobile,Other,Q4,100.0,20564.84,1790815,67609,5863,668127.81
CAMP_05000,2024-10-31 00:00:00.000000000,Instagram,Display,25-34,Retail,90,Mobile,Latin America,Q4,73.61882086467595,7506.23,894847,19796,1898,79064.23
