date,category_code,category_name,value_millions,seasonally_adjusted,source,extraction_timestamp
2015-01-01,441,Motor Vehicle and Parts Dealers,184450.0,False,CENSUS_MRTS,2025-10-25 23:04:12.293595
2015-02-01,441,Motor Vehicle and Parts Dealers,184703.0,False,CENSUS_MRTS,2025-10-25 23:04:12.293595
2015-03-01,441,Motor Vehicle and Parts Dealers,185852.0,False,CENSUS_MRTS,2025-10-25 23:04:12.293595
2015-04-01,441,Motor Vehicle and Parts Dealers,189721.0,False,CENSUS_MRTS,2025-10-25 23:04:12.293595
2015-05-01,441,Motor Vehicle and Parts Dealers,185115.0,False,CENSUS_MRTS,2025-10-25 23:04:12.293595
2015-06-01,441,Motor Vehicle and Parts Dealers,186814.0,False,CENSUS_MRTS,2025-10-25 23:04:12.293595
2015-07-01,441,Motor Vehicle and Parts Dealers,183845.0,False,CENSUS_MRTS,2025-10-25 23:04:12.293595
2015-08-01,441,Motor Vehicle and Parts Dealers,181413.0,False,CENSUS_MRTS,2025-10-25 23:04:12.293595
2015-09-01,441,Motor Vehicle and Parts Dealers,187062.0,False,CENSUS_MRTS,2025-10-25 23:04:12.293595
2015-10-01,441,Motor Vehicle and Parts Dealers,193952.0,False,CENSUS_MRTS,2025-10-25 23:04:12.293595
2015-11-01,441,Motor Vehicle and Parts Dealers,196607.0,False,CENSUS_MRTS,2025-10-25 23:04:12.293595
2015-12-01,441,Motor Vehicle and Parts Dealers,198134.0,False,CENSUS_MRTS,2025-10-25 23:04:12.293595
2015-01-01,441,Motor Vehicle and Parts Dealers,1.8,False,CENSUS_MRTS,2025-10-25 23:04:12.293595
2015-02-01,441,Motor Vehicle and Parts Dealers,1.4,False,CENSUS_MRTS,2025-10-25 23:04:12.293595
2015-03-01,441,Motor Vehicle and Parts Dealers,1.5,False,CENSUS_MRTS,2025-10-25 23:04:12.293595
2015-04-01,441,Motor Vehicle and Parts Dealers,1.5,False,CENSUS_MRTS,2025-10-25 23:04:12.293595
2015-05-01,441,Motor Vehicle and Parts Dealers,1.5,False,CENSUS_MRTS,2025-10-25 23:04:12.293595
2015-06-01,441,Motor Vehicle and Parts Dealers,1.4,False,CENSUS_MRTS,2025-10-25 23:04:12.293595
2015-07-01,441,Motor Vehicle and Parts Dealers,1.3,False,CENSUS_MRTS,2025-10-25 23:04:12.293595
2015-08-01,441,Motor Vehicle and Parts Dealers,1.3,False,CENSUS_MRTS,2025-10-25 23:04:12.293595
2015-09-01,441,Motor Vehicle and Parts Dealers,1.4,False,CENSUS_MRTS,2025-10-25 23:04:12.293595
2015-10-01,441,Motor Vehicle and Parts Dealers,1.5,False,CENSUS_MRTS,2025-10-25 23:04:12.293595
2015-11-01,441,Motor Vehicle and Parts Dealers,1.5,False,CENSUS_MRTS,2025-10-25 23:04:12.293595
2015-12-01,441,Motor Vehicle and Parts Dealers,1.5,False,CENSUS_MRTS,2025-10-25 23:04:12.293595
2015-01-01,441,Motor Vehicle and Parts Dealers,182005.0,True,CENSUS_MRTS,2025-10-25 23:04:12.293595
2015-02-01,441,Motor Vehicle and Parts Dealers,182381.0,True,CENSUS_MRTS,2025-10-25 23:04:12.293595
2015-03-01,441,Motor Vehicle and Parts Dealers,182864.0,True,CENSUS_MRTS,2025-10-25 23:04:12.293595
2015-04-01,441,Motor Vehicle and Parts Dealers,184687.0,True,CENSUS_MRTS,2025-10-25 23:04:12.293595
2015-05-01,441,Motor Vehicle and Parts Dealers,185582.0,True,CENSUS_MRTS,2025-10-25 23:04:12.293595
2015-06-01,441,Motor Vehicle and Parts Dealers,186627.0,True,CENSUS_MRTS,2025-10-25 23:04:12.293595
2015-07-01,441,Motor Vehicle and Parts Dealers,188187.0,True,CENSUS_MRTS,2025-10-25 23:04:12.293595
2015-08-01,441,Motor Vehicle and Parts Dealers,189682.0,True,CENSUS_MRTS,2025-10-25 23:04:12.293595
2015-09-01,441,Motor Vehicle and Parts Dealers,192607.0,True,CENSUS_MRTS,2025-10-25 23:04:12.293595
2015-10-01,441,Motor Vehicle and Parts Dealers,194037.0,True,CENSUS_MRTS,2025-10-25 23:04:12.293595
2015-11-01,441,Motor Vehicle and Parts Dealers,194527.0,True,CENSUS_MRTS,2025-10-25 23:04:12.293595
2015-12-01,441,Motor Vehicle and Parts Dealers,195547.0,True,CENSUS_MRTS,2025-10-25 23:04:12.293595
2015-01-01,441,Motor Vehicle and Parts Dealers,1.8,True,CENSUS_MRTS,2025-10-25 23:04:12.293595
2015-02-01,441,Motor Vehicle and Parts Dealers,1.4,True,CENSUS_MRTS,2025-10-25 23:04:12.293595
2015-03-01,441,Motor Vehicle and Parts Dealers,1.5,True,CENSUS_MRTS,2025-10-25 23:04:12.293595
2015-04-01,441,Motor Vehicle and Parts Dealers,1.5,True,CENSUS_MRTS,2025-10-25 23:04:12.293595
2015-05-01,441,Motor Vehicle and Parts Dealers,1.5,True,CENSUS_MRTS,2025-10-25 23:04:12.293595
2015-06-01,441,Motor Vehicle and Parts Dealers,1.4,True,CENSUS_MRTS,2025-10-25 23:04:12.293595
2015-07-01,441,Motor Vehicle and Parts Dealers,1.3,True,CENSUS_MRTS,2025-10-25 23:04:12.293595
2015-08-01,441,Motor Vehicle and Parts Dealers,1.3,True,CENSUS_MRTS,2025-10-25 23:04:12.293595
2015-09-01,441,Motor Vehicle and Parts Dealers,1.4,True,CENSUS_MRTS,2025-10-25 23:04:12.293595
2015-10-01,441,Motor Vehicle and Parts Dealers,1.5,True,CENSUS_MRTS,2025-10-25 23:04:12.293595
2015-11-01,441,Motor Vehicle and Parts Dealers,1.5,True,CENSUS_MRTS,2025-10-25 23:04:12.293595
2015-12-01,441,Motor Vehicle and Parts Dealers,1.5,True,CENSUS_MRTS,2025-10-25 23:04:12.293595
2015-01-01,441,Motor Vehicle and Parts Dealers,2.37,False,CENSUS_MRTS,2025-10-25 23:04:12.293595
2015-02-01,441,Motor Vehicle and Parts Dealers,2.35,False,CENSUS_MRTS,2025-10-25 23:04:12.293595
2015-03-01,441,Motor Vehicle and Parts Dealers,1.95,False,CENSUS_MRTS,2025-10-25 23:04:12.293595
2015-04-01,441,Motor Vehicle and Parts Dealers,2.04,False,CENSUS_MRTS,2025-10-25 23:04:12.293595
2015-05-01,441,Motor Vehicle and Parts Dealers,1.91,False,CENSUS_MRTS,2025-10-25 23:04:12.293595
2015-06-01,441,Motor Vehicle and Parts Dealers,1.99,False,CENSUS_MRTS,2025-10-25 23:04:12.293595
2015-07-01,441,Motor Vehicle and Parts Dealers,1.89,False,CENSUS_MRTS,2025-10-25 23:04:12.293595
2015-08-01,441,Motor Vehicle and Parts Dealers,1.86,False,CENSUS_MRTS,2025-10-25 23:04:12.293595
2015-09-01,441,Motor Vehicle and Parts Dealers,2.07,False,CENSUS_MRTS,2025-10-25 23:04:12.293595
2015-10-01,441,Motor Vehicle and Parts Dealers,2.16,False,CENSUS_MRTS,2025-10-25 23:04:12.293595
2015-11-01,441,Motor Vehicle and Parts Dealers,2.35,False,CENSUS_MRTS,2025-10-25 23:04:12.293595
2015-12-01,441,Motor Vehicle and Parts Dealers,2.13,False,CENSUS_MRTS,2025-10-25 23:04:12.293595
2015-01-01,441,Motor Vehicle and Parts Dealers,0.03,False,CENSUS_MRTS,2025-10-25 23:04:12.293595
2015-02-01,441,Motor Vehicle and Parts Dealers,0.02,False,CENSUS_MRTS,2025-10-25 23:04:12.293595
2015-03-01,441,Motor Vehicle and Parts Dealers,0.02,False,CENSUS_MRTS,2025-10-25 23:04:12.293595
2015-04-01,441,Motor Vehicle and Parts Dealers,0.02,False,CENSUS_MRTS,2025-10-25 23:04:12.293595
2015-05-01,441,Motor Vehicle and Parts Dealers,0.02,False,CENSUS_MRTS,2025-10-25 23:04:12.293595
2015-06-01,441,Motor Vehicle and Parts Dealers,0.02,False,CENSUS_MRTS,2025-10-25 23:04:12.293595
2015-07-01,441,Motor Vehicle and Parts Dealers,0.02,False,CENSUS_MRTS,2025-10-25 23:04:12.293595
2015-08-01,441,Motor Vehicle and Parts Dealers,0.02,False,CENSUS_MRTS,2025-10-25 23:04:12.293595
2015-09-01,441,Motor Vehicle and Parts Dealers,0.02,False,CENSUS_MRTS,2025-10-25 23:04:12.293595
2015-10-01,441,Motor Vehicle and Parts Dealers,0.02,False,CENSUS_MRTS,2025-10-25 23:04:12.293595
2015-11-01,441,Motor Vehicle and Parts Dealers,0.02,False,CENSUS_MRTS,2025-10-25 23:04:12.293595
2015-12-01,441,Motor Vehicle and Parts Dealers,0.02,False,CENSUS_MRTS,2025-10-25 23:04:12.293595
2015-01-01,441,Motor Vehicle and Parts Dealers,2.09,True,CENSUS_MRTS,2025-10-25 23:04:12.293595
2015-02-01,441,Motor Vehicle and Parts Dealers,2.13,True,CENSUS_MRTS,2025-10-25 23:04:12.293595
2015-03-01,441,Motor Vehicle and Parts Dealers,2.04,True,CENSUS_MRTS,2025-10-25 23:04:12.293595
2015-04-01,441,Motor Vehicle and Parts Dealers,2.05,True,CENSUS_MRTS,2025-10-25 23:04:12.293595
2015-05-01,441,Motor Vehicle and Parts Dealers,2.04,True,CENSUS_MRTS,2025-10-25 23:04:12.293595
2015-06-01,441,Motor Vehicle and Parts Dealers,2.06,True,CENSUS_MRTS,2025-10-25 23:04:12.293595
2015-07-01,441,Motor Vehicle and Parts Dealers,2.06,True,CENSUS_MRTS,2025-10-25 23:04:12.293595
2015-08-01,441,Motor Vehicle and Parts Dealers,2.07,True,CENSUS_MRTS,2025-10-25 23:04:12.293595
2015-09-01,441,Motor Vehicle and Parts Dealers,2.09,True,CENSUS_MRTS,2025-10-25 23:04:12.293595
2015-10-01,441,Motor Vehicle and Parts Dealers,2.12,True,CENSUS_MRTS,2025-10-25 23:04:12.293595
2015-11-01,441,Motor Vehicle and Parts Dealers,2.1,True,CENSUS_MRTS,2025-10-25 23:04:12.293595
2015-12-01,441,Motor Vehicle and Parts Dealers,2.12,True,CENSUS_MRTS,2025-10-25 23:04:12.293595
2015-01-01,441,Motor Vehicle and Parts Dealers,0.03,True,CENSUS_MRTS,2025-10-25 23:04:12.293595
2015-02-01,441,Motor Vehicle and Parts Dealers,0.02,True,CENSUS_MRTS,2025-10-25 23:04:12.293595
2015-03-01,441,Motor Vehicle and Parts Dealers,0.02,True,CENSUS_MRTS,2025-10-25 23:04:12.293595
2015-04-01,441,Motor Vehicle and Parts Dealers,0.02,True,CENSUS_MRTS,2025-10-25 23:04:12.293595
2015-05-01,441,Motor Vehicle and Parts Dealers,0.02,True,CENSUS_MRTS,2025-10-25 23:04:12.293595
2015-06-01,441,Motor Vehicle and Parts Dealers,0.02,True,CENSUS_MRTS,2025-10-25 23:04:12.293595
2015-07-01,441,Motor Vehicle and Parts Dealers,0.02,True,CENSUS_MRTS,2025-10-25 23:04:12.293595
2015-08-01,441,Motor Vehicle and Parts Dealers,0.02,True,CENSUS_MRTS,2025-10-25 23:04:12.293595
2015-09-01,441,Motor Vehicle and Parts Dealers,0.02,True,CENSUS_MRTS,2025-10-25 23:04:12.293595
2015-10-01,441,Motor Vehicle and Parts Dealers,0.02,True,CENSUS_MRTS,2025-10-25 23:04:12.293595
2015-11-01,441,Motor Vehicle and Parts Dealers,0.02,True,CENSUS_MRTS,2025-10-25 23:04:12.293595
2015-12-01,441,Motor Vehicle and Parts Dealers,0.02,True,CENSUS_MRTS,2025-10-25 23:04:12.293595
2015-01-01,441,Motor Vehicle and Parts Dealers,-0.4,False,CENSUS_MRTS,2025-10-25 23:04:12.293595
2015-02-01,441,Motor Vehicle and Parts Dealers,0.1,False,CENSUS_MRTS,2025-10-25 23:04:12.293595
2015-03-01,441,Motor Vehicle and Parts Dealers,0.6,False,CENSUS_MRTS,2025-10-25 23:04:12.293595
2015-04-01,441,Motor Vehicle and Parts Dealers,2.1,False,CENSUS_MRTS,2025-10-25 23:04:12.293595
2015-05-01,441,Motor Vehicle and Parts Dealers,-2.4,False,CENSUS_MRTS,2025-10-25 23:04:12.293595
2015-06-01,441,Motor Vehicle and Parts Dealers,0.9,False,CENSUS_MRTS,2025-10-25 23:04:12.293595
2015-07-01,441,Motor Vehicle and Parts Dealers,-1.6,False,CENSUS_MRTS,2025-10-25 23:04:12.293595
2015-08-01,441,Motor Vehicle and Parts Dealers,-1.3,False,CENSUS_MRTS,2025-10-25 23:04:12.293595
2015-09-01,441,Motor Vehicle and Parts Dealers,3.1,False,CENSUS_MRTS,2025-10-25 23:04:12.293595
2015-10-01,441,Motor Vehicle and Parts Dealers,3.7,False,CENSUS_MRTS,2025-10-25 23:04:12.293595
2015-11-01,441,Motor Vehicle and Parts Dealers,1.4,False,CENSUS_MRTS,2025-10-25 23:04:12.293595
2015-12-01,441,Motor Vehicle and Parts Dealers,0.8,False,CENSUS_MRTS,2025-10-25 23:04:12.293595
2015-01-01,441,Motor Vehicle and Parts Dealers,0.2,False,CENSUS_MRTS,2025-10-25 23:04:12.293595
2015-02-01,441,Motor Vehicle and Parts Dealers,0.9,False,CENSUS_MRTS,2025-10-25 23:04:12.293595
2015-03-01,441,Motor Vehicle and Parts Dealers,0.3,False,CENSUS_MRTS,2025-10-25 23:04:12.293595
2015-04-01,441,Motor Vehicle and Parts Dealers,0.2,False,CENSUS_MRTS,2025-10-25 23:04:12.293595
2015-05-01,441,Motor Vehicle and Parts Dealers,0.2,False,CENSUS_MRTS,2025-10-25 23:04:12.293595
2015-06-01,441,Motor Vehicle and Parts Dealers,0.1,False,CENSUS_MRTS,2025-10-25 23:04:12.293595
2015-07-01,441,Motor Vehicle and Parts Dealers,0.2,False,CENSUS_MRTS,2025-10-25 23:04:12.293595
2015-08-01,441,Motor Vehicle and Parts Dealers,0.2,False,CENSUS_MRTS,2025-10-25 23:04:12.293595
2015-09-01,441,Motor Vehicle and Parts Dealers,0.3,False,CENSUS_MRTS,2025-10-25 23:04:12.293595
2015-10-01,441,Motor Vehicle and Parts Dealers,0.2,False,CENSUS_MRTS,2025-10-25 23:04:12.293595
2015-11-01,441,Motor Vehicle and Parts Dealers,0.2,False,CENSUS_MRTS,2025-10-25 23:04:12.293595
2015-12-01,441,Motor Vehicle and Parts Dealers,0.3,False,CENSUS_MRTS,2025-10-25 23:04:12.293595
2015-01-01,441,Motor Vehicle and Parts Dealers,-0.5,True,CENSUS_MRTS,2025-10-25 23:04:12.293595
2015-02-01,441,Motor Vehicle and Parts Dealers,0.2,True,CENSUS_MRTS,2025-10-25 23:04:12.293595
2015-03-01,441,Motor Vehicle and Parts Dealers,0.3,True,CENSUS_MRTS,2025-10-25 23:04:12.293595
2015-04-01,441,Motor Vehicle and Parts Dealers,1.0,True,CENSUS_MRTS,2025-10-25 23:04:12.293595
2015-05-01,441,Motor Vehicle and Parts Dealers,0.5,True,CENSUS_MRTS,2025-10-25 23:04:12.293595
2015-06-01,441,Motor Vehicle and Parts Dealers,0.6,True,CENSUS_MRTS,2025-10-25 23:04:12.293595
2015-07-01,441,Motor Vehicle and Parts Dealers,0.8,True,CENSUS_MRTS,2025-10-25 23:04:12.293595
2015-08-01,441,Motor Vehicle and Parts Dealers,0.8,True,CENSUS_MRTS,2025-10-25 23:04:12.293595
2015-09-01,441,Motor Vehicle and Parts Dealers,1.5,True,CENSUS_MRTS,2025-10-25 23:04:12.293595
2015-10-01,441,Motor Vehicle and Parts Dealers,0.7,True,CENSUS_MRTS,2025-10-25 23:04:12.293595
2015-11-01,441,Motor Vehicle and Parts Dealers,0.3,True,CENSUS_MRTS,2025-10-25 23:04:12.293595
2015-12-01,441,Motor Vehicle and Parts Dealers,0.5,True,CENSUS_MRTS,2025-10-25 23:04:12.293595
2015-01-01,441,Motor Vehicle and Parts Dealers,0.2,True,CENSUS_MRTS,2025-10-25 23:04:12.293595
2015-02-01,441,Motor Vehicle and Parts Dealers,0.9,True,CENSUS_MRTS,2025-10-25 23:04:12.293595
2015-03-01,441,Motor Vehicle and Parts Dealers,0.3,True,CENSUS_MRTS,2025-10-25 23:04:12.293595
2015-04-01,441,Motor Vehicle and Parts Dealers,0.2,True,CENSUS_MRTS,2025-10-25 23:04:12.293595
2015-05-01,441,Motor Vehicle and Parts Dealers,0.2,True,CENSUS_MRTS,2025-10-25 23:04:12.293595
2015-06-01,441,Motor Vehicle and Parts Dealers,0.1,True,CENSUS_MRTS,2025-10-25 23:04:12.293595
2015-07-01,441,Motor Vehicle and Parts Dealers,0.2,True,CENSUS_MRTS,2025-10-25 23:04:12.293595
2015-08-01,441,Motor Vehicle and Parts Dealers,0.2,True,CENSUS_MRTS,2025-10-25 23:04:12.293595
2015-09-01,441,Motor Vehicle and Parts Dealers,0.3,True,CENSUS_MRTS,2025-10-25 23:04:12.293595
2015-10-01,441,Motor Vehicle and Parts Dealers,0.2,True,CENSUS_MRTS,2025-10-25 23:04:12.293595
2015-11-01,441,Motor Vehicle and Parts Dealers,0.2,True,CENSUS_MRTS,2025-10-25 23:04:12.293595
2015-12-01,441,Motor Vehicle and Parts Dealers,0.3,True,CENSUS_MRTS,2025-10-25 23:04:12.293595
2015-01-01,441,Motor Vehicle and Parts Dealers,-9.5,False,CENSUS_MRTS,2025-10-25 23:04:12.293595
2015-02-01,441,Motor Vehicle and Parts Dealers,1.2,False,CENSUS_MRTS,2025-10-25 23:04:12.293595
2015-03-01,441,Motor Vehicle and Parts Dealers,21.5,False,CENSUS_MRTS,2025-10-25 23:04:12.293595
2015-04-01,441,Motor Vehicle and Parts Dealers,-2.8,False,CENSUS_MRTS,2025-10-25 23:04:12.293595
2015-05-01,441,Motor Vehicle and Parts Dealers,4.2,False,CENSUS_MRTS,2025-10-25 23:04:12.293595
2015-06-01,441,Motor Vehicle and Parts Dealers,-2.9,False,CENSUS_MRTS,2025-10-25 23:04:12.293595
2015-07-01,441,Motor Vehicle and Parts Dealers,3.5,False,CENSUS_MRTS,2025-10-25 23:04:12.293595
2015-08-01,441,Motor Vehicle and Parts Dealers,0.2,False,CENSUS_MRTS,2025-10-25 23:04:12.293595
2015-09-01,441,Motor Vehicle and Parts Dealers,-7.2,False,CENSUS_MRTS,2025-10-25 23:04:12.293595
2015-10-01,441,Motor Vehicle and Parts Dealers,-0.4,False,CENSUS_MRTS,2025-10-25 23:04:12.293595
2015-11-01,441,Motor Vehicle and Parts Dealers,-6.9,False,CENSUS_MRTS,2025-10-25 23:04:12.293595
2015-12-01,441,Motor Vehicle and Parts Dealers,10.9,False,CENSUS_MRTS,2025-10-25 23:04:12.293595
2015-01-01,441,Motor Vehicle and Parts Dealers,0.4,False,CENSUS_MRTS,2025-10-25 23:04:12.293595
2015-02-01,441,Motor Vehicle and Parts Dealers,0.9,False,CENSUS_MRTS,2025-10-25 23:04:12.293595
2015-03-01,441,Motor Vehicle and Parts Dealers,0.4,False,CENSUS_MRTS,2025-10-25 23:04:12.293595
2015-04-01,441,Motor Vehicle and Parts Dealers,0.4,False,CENSUS_MRTS,2025-10-25 23:04:12.293595
2015-05-01,441,Motor Vehicle and Parts Dealers,0.3,False,CENSUS_MRTS,2025-10-25 23:04:12.293595
2015-06-01,441,Motor Vehicle and Parts Dealers,0.3,False,CENSUS_MRTS,2025-10-25 23:04:12.293595
2015-07-01,441,Motor Vehicle and Parts Dealers,0.3,False,CENSUS_MRTS,2025-10-25 23:04:12.293595
2015-08-01,441,Motor Vehicle and Parts Dealers,0.3,False,CENSUS_MRTS,2025-10-25 23:04:12.293595
2015-09-01,441,Motor Vehicle and Parts Dealers,0.3,False,CENSUS_MRTS,2025-10-25 23:04:12.293595
2015-10-01,441,Motor Vehicle and Parts Dealers,0.3,False,CENSUS_MRTS,2025-10-25 23:04:12.293595
2015-11-01,441,Motor Vehicle and Parts Dealers,0.2,False,CENSUS_MRTS,2025-10-25 23:04:12.293595
2015-12-01,441,Motor Vehicle and Parts Dealers,0.5,False,CENSUS_MRTS,2025-10-25 23:04:12.293595
2015-01-01,441,Motor Vehicle and Parts Dealers,1.4,True,CENSUS_MRTS,2025-10-25 23:04:12.293595
2015-02-01,441,Motor Vehicle and Parts Dealers,-1.6,True,CENSUS_MRTS,2025-10-25 23:04:12.293595
2015-03-01,441,Motor Vehicle and Parts Dealers,4.6,True,CENSUS_MRTS,2025-10-25 23:04:12.293595
2015-04-01,441,Motor Vehicle and Parts Dealers,0.6,True,CENSUS_MRTS,2025-10-25 23:04:12.293595
2015-05-01,441,Motor Vehicle and Parts Dealers,0.8,True,CENSUS_MRTS,2025-10-25 23:04:12.293595
2015-06-01,441,Motor Vehicle and Parts Dealers,-0.2,True,CENSUS_MRTS,2025-10-25 23:04:12.293595
2015-07-01,441,Motor Vehicle and Parts Dealers,0.5,True,CENSUS_MRTS,2025-10-25 23:04:12.293595
2015-08-01,441,Motor Vehicle and Parts Dealers,0.7,True,CENSUS_MRTS,2025-10-25 23:04:12.293595
2015-09-01,441,Motor Vehicle and Parts Dealers,0.5,True,CENSUS_MRTS,2025-10-25 23:04:12.293595
2015-10-01,441,Motor Vehicle and Parts Dealers,-0.9,True,CENSUS_MRTS,2025-10-25 23:04:12.293595
2015-11-01,441,Motor Vehicle and Parts Dealers,1.2,True,CENSUS_MRTS,2025-10-25 23:04:12.293595
2015-12-01,441,Motor Vehicle and Parts Dealers,-0.3,True,CENSUS_MRTS,2025-10-25 23:04:12.293595
2015-01-01,441,Motor Vehicle and Parts Dealers,0.4,True,CENSUS_MRTS,2025-10-25 23:04:12.293595
2015-02-01,441,Motor Vehicle and Parts Dealers,0.9,True,CENSUS_MRTS,2025-10-25 23:04:12.293595
2015-03-01,441,Motor Vehicle and Parts Dealers,0.4,True,CENSUS_MRTS,2025-10-25 23:04:12.293595
2015-04-01,441,Motor Vehicle and Parts Dealers,0.4,True,CENSUS_MRTS,2025-10-25 23:04:12.293595
2015-05-01,441,Motor Vehicle and Parts Dealers,0.3,True,CENSUS_MRTS,2025-10-25 23:04:12.293595
2015-06-01,441,Motor Vehicle and Parts Dealers,0.3,True,CENSUS_MRTS,2025-10-25 23:04:12.293595
2015-07-01,441,Motor Vehicle and Parts Dealers,0.3,True,CENSUS_MRTS,2025-10-25 23:04:12.293595
2015-08-01,441,Motor Vehicle and Parts Dealers,0.3,True,CENSUS_MRTS,2025-10-25 23:04:12.293595
2015-09-01,441,Motor Vehicle and Parts Dealers,0.3,True,CENSUS_MRTS,2025-10-25 23:04:12.293595
2015-10-01,441,Motor Vehicle and Parts Dealers,0.3,True,CENSUS_MRTS,2025-10-25 23:04:12.293595
2015-11-01,441,Motor Vehicle and Parts Dealers,0.2,True,CENSUS_MRTS,2025-10-25 23:04:12.293595
2015-12-01,441,Motor Vehicle and Parts Dealers,0.5,True,CENSUS_MRTS,2025-10-25 23:04:12.293595
2015-01-01,441,Motor Vehicle and Parts Dealers,77723.0,False,CENSUS_MRTS,2025-10-25 23:04:12.293595
2015-02-01,441,Motor Vehicle and Parts Dealers,78624.0,False,CENSUS_MRTS,2025-10-25 23:04:12.293595
2015-03-01,441,Motor Vehicle and Parts Dealers,95535.0,False,CENSUS_MRTS,2025-10-25 23:04:12.293595
2015-04-01,441,Motor Vehicle and Parts Dealers,92839.0,False,CENSUS_MRTS,2025-10-25 23:04:12.293595
2015-05-01,441,Motor Vehicle and Parts Dealers,96694.0,False,CENSUS_MRTS,2025-10-25 23:04:12.293595
2015-06-01,441,Motor Vehicle and Parts Dealers,93909.0,False,CENSUS_MRTS,2025-10-25 23:04:12.293595
2015-07-01,441,Motor Vehicle and Parts Dealers,97165.0,False,CENSUS_MRTS,2025-10-25 23:04:12.293595
2015-08-01,441,Motor Vehicle and Parts Dealers,97380.0,False,CENSUS_MRTS,2025-10-25 23:04:12.293595
2015-09-01,441,Motor Vehicle and Parts Dealers,90323.0,False,CENSUS_MRTS,2025-10-25 23:04:12.293595
2015-10-01,441,Motor Vehicle and Parts Dealers,89950.0,False,CENSUS_MRTS,2025-10-25 23:04:12.293595
2015-11-01,441,Motor Vehicle and Parts Dealers,83741.0,False,CENSUS_MRTS,2025-10-25 23:04:12.293595
2015-12-01,441,Motor Vehicle and Parts Dealers,92855.0,False,CENSUS_MRTS,2025-10-25 23:04:12.293595
2015-01-01,441,Motor Vehicle and Parts Dealers,1.2,False,CENSUS_MRTS,2025-10-25 23:04:12.293595
2015-02-01,441,Motor Vehicle and Parts Dealers,1.1,False,CENSUS_MRTS,2025-10-25 23:04:12.293595
2015-03-01,441,Motor Vehicle and Parts Dealers,1.1,False,CENSUS_MRTS,2025-10-25 23:04:12.293595
2015-04-01,441,Motor Vehicle and Parts Dealers,1.1,False,CENSUS_MRTS,2025-10-25 23:04:12.293595
2015-05-01,441,Motor Vehicle and Parts Dealers,0.9,False,CENSUS_MRTS,2025-10-25 23:04:12.293595
2015-06-01,441,Motor Vehicle and Parts Dealers,1.0,False,CENSUS_MRTS,2025-10-25 23:04:12.293595
2015-07-01,441,Motor Vehicle and Parts Dealers,1.0,False,CENSUS_MRTS,2025-10-25 23:04:12.293595
2015-08-01,441,Motor Vehicle and Parts Dealers,1.0,False,CENSUS_MRTS,2025-10-25 23:04:12.293595
2015-09-01,441,Motor Vehicle and Parts Dealers,0.9,False,CENSUS_MRTS,2025-10-25 23:04:12.293595
2015-10-01,441,Motor Vehicle and Parts Dealers,1.0,False,CENSUS_MRTS,2025-10-25 23:04:12.293595
2015-11-01,441,Motor Vehicle and Parts Dealers,0.9,False,CENSUS_MRTS,2025-10-25 23:04:12.293595
2015-12-01,441,Motor Vehicle and Parts Dealers,0.9,False,CENSUS_MRTS,2025-10-25 23:04:12.293595
2015-01-01,441,Motor Vehicle and Parts Dealers,87056.0,True,CENSUS_MRTS,2025-10-25 23:04:12.293595
2015-02-01,441,Motor Vehicle and Parts Dealers,85679.0,True,CENSUS_MRTS,2025-10-25 23:04:12.293595
2015-03-01,441,Motor Vehicle and Parts Dealers,89649.0,True,CENSUS_MRTS,2025-10-25 23:04:12.293595
2015-04-01,441,Motor Vehicle and Parts Dealers,90206.0,True,CENSUS_MRTS,2025-10-25 23:04:12.293595
2015-05-01,441,Motor Vehicle and Parts Dealers,90924.0,True,CENSUS_MRTS,2025-10-25 23:04:12.293595
2015-06-01,441,Motor Vehicle and Parts Dealers,90764.0,True,CENSUS_MRTS,2025-10-25 23:04:12.293595
2015-07-01,441,Motor Vehicle and Parts Dealers,91178.0,True,CENSUS_MRTS,2025-10-25 23:04:12.293595
2015-08-01,441,Motor Vehicle and Parts Dealers,91832.0,True,CENSUS_MRTS,2025-10-25 23:04:12.293595
2015-09-01,441,Motor Vehicle and Parts Dealers,92253.0,True,CENSUS_MRTS,2025-10-25 23:04:12.293595
2015-10-01,441,Motor Vehicle and Parts Dealers,91437.0,True,CENSUS_MRTS,2025-10-25 23:04:12.293595
2015-11-01,441,Motor Vehicle and Parts Dealers,92525.0,True,CENSUS_MRTS,2025-10-25 23:04:12.293595
2015-05-01,441,Motor Vehicle and Parts Dealers,0.9,True,CENSUS_MRTS,2025-10-25 23:04:12.293595
2015-06-01,441,Motor Vehicle and Parts Dealers,1.0,True,CENSUS_MRTS,2025-10-25 23:04:12.293595
2015-07-01,441,Motor Vehicle and Parts Dealers,1.0,True,CENSUS_MRTS,2025-10-25 23:04:12.293595
2015-08-01,441,Motor Vehicle and Parts Dealers,1.0,True,CENSUS_MRTS,2025-10-25 23:04:12.293595
2015-09-01,441,Motor Vehicle and Parts Dealers,0.9,True,CENSUS_MRTS,2025-10-25 23:04:12.293595
2015-10-01,441,Motor Vehicle and Parts Dealers,1.0,True,CENSUS_MRTS,2025-10-25 23:04:12.293595
2015-11-01,441,Motor Vehicle and Parts Dealers,0.9,True,CENSUS_MRTS,2025-10-25 23:04:12.293595
2015-12-01,441,Motor Vehicle and Parts Dealers,0.9,True,CENSUS_MRTS,2025-10-25 23:04:12.293595
2015-12-01,441,Motor Vehicle and Parts Dealers,92218.0,True,CENSUS_MRTS,2025-10-25 23:04:12.293595
2015-01-01,441,Motor Vehicle and Parts Dealers,1.2,True,CENSUS_MRTS,2025-10-25 23:04:12.293595
2015-02-01,441,Motor Vehicle and Parts Dealers,1.1,True,CENSUS_MRTS,2025-10-25 23:04:12.293595
2015-03-01,441,Motor Vehicle and Parts Dealers,1.1,True,CENSUS_MRTS,2025-10-25 23:04:12.293595
2015-04-01,441,Motor Vehicle and Parts Dealers,1.1,True,CENSUS_MRTS,2025-10-25 23:04:12.293595
2016-04-01,441,Motor Vehicle and Parts Dealers,209128.0,False,CENSUS_MRTS,2025-10-25 23:04:12.293595
2016-05-01,441,Motor Vehicle and Parts Dealers,205794.0,False,CENSUS_MRTS,2025-10-25 23:04:12.293595
2016-06-01,441,Motor Vehicle and Parts Dealers,207368.0,False,CENSUS_MRTS,2025-10-25 23:04:12.293595
2016-07-01,441,Motor Vehicle and Parts Dealers,200290.0,False,CENSUS_MRTS,2025-10-25 23:04:12.293595
2016-08-01,441,Motor Vehicle and Parts Dealers,200189.0,False,CENSUS_MRTS,2025-10-25 23:04:12.293595
2016-09-01,441,Motor Vehicle and Parts Dealers,204640.0,False,CENSUS_MRTS,2025-10-25 23:04:12.293595
2016-10-01,441,Motor Vehicle and Parts Dealers,209472.0,False,CENSUS_MRTS,2025-10-25 23:04:12.293595
2016-11-01,441,Motor Vehicle and Parts Dealers,216009.0,False,CENSUS_MRTS,2025-10-25 23:04:12.293595
2016-12-01,441,Motor Vehicle and Parts Dealers,213790.0,False,CENSUS_MRTS,2025-10-25 23:04:12.293595
2016-01-01,441,Motor Vehicle and Parts Dealers,1.6,False,CENSUS_MRTS,2025-10-25 23:04:12.293595
2016-02-01,441,Motor Vehicle and Parts Dealers,1.6,False,CENSUS_MRTS,2025-10-25 23:04:12.293595
2016-03-01,441,Motor Vehicle and Parts Dealers,1.6,False,CENSUS_MRTS,2025-10-25 23:04:12.293595
2016-04-01,441,Motor Vehicle and Parts Dealers,1.6,False,CENSUS_MRTS,2025-10-25 23:04:12.293595
2016-05-01,441,Motor Vehicle and Parts Dealers,1.5,False,CENSUS_MRTS,2025-10-25 23:04:12.293595
2016-06-01,441,Motor Vehicle and Parts Dealers,1.5,False,CENSUS_MRTS,2025-10-25 23:04:12.293595
2016-07-01,441,Motor Vehicle and Parts Dealers,1.5,False,CENSUS_MRTS,2025-10-25 23:04:12.293595
2016-08-01,441,Motor Vehicle and Parts Dealers,1.5,False,CENSUS_MRTS,2025-10-25 23:04:12.293595
2016-09-01,441,Motor Vehicle and Parts Dealers,1.5,False,CENSUS_MRTS,2025-10-25 23:04:12.293595
2016-10-01,441,Motor Vehicle and Parts Dealers,1.5,False,CENSUS_MRTS,2025-10-25 23:04:12.293595
2016-11-01,441,Motor Vehicle and Parts Dealers,1.5,False,CENSUS_MRTS,2025-10-25 23:04:12.293595
2016-12-01,441,Motor Vehicle and Parts Dealers,1.6,False,CENSUS_MRTS,2025-10-25 23:04:12.293595
2016-01-01,441,Motor Vehicle and Parts Dealers,197375.0,True,CENSUS_MRTS,2025-10-25 23:04:12.293595
2016-02-01,441,Motor Vehicle and Parts Dealers,199084.0,True,CENSUS_MRTS,2025-10-25 23:04:12.293595
2016-03-01,441,Motor Vehicle and Parts Dealers,203130.0,True,CENSUS_MRTS,2025-10-25 23:04:12.293595
2016-04-01,441,Motor Vehicle and Parts Dealers,204238.0,True,CENSUS_MRTS,2025-10-25 23:04:12.293595
2016-05-01,441,Motor Vehicle and Parts Dealers,205178.0,True,CENSUS_MRTS,2025-10-25 23:04:12.293595
2016-06-01,441,Motor Vehicle and Parts Dealers,206241.0,True,CENSUS_MRTS,2025-10-25 23:04:12.293595
2016-07-01,441,Motor Vehicle and Parts Dealers,207197.0,True,CENSUS_MRTS,2025-10-25 23:04:12.293595
2016-08-01,441,Motor Vehicle and Parts Dealers,208020.0,True,CENSUS_MRTS,2025-10-25 23:04:12.293595
2016-09-01,441,Motor Vehicle and Parts Dealers,209395.0,True,CENSUS_MRTS,2025-10-25 23:04:12.293595
2016-10-01,441,Motor Vehicle and Parts Dealers,210570.0,True,CENSUS_MRTS,2025-10-25 23:04:12.293595
2016-01-01,441,Motor Vehicle and Parts Dealers,198809.0,False,CENSUS_MRTS,2025-10-25 23:04:12.293595
2016-02-01,441,Motor Vehicle and Parts Dealers,201274.0,False,CENSUS_MRTS,2025-10-25 23:04:12.293595
2016-03-01,441,Motor Vehicle and Parts Dealers,207401.0,False,CENSUS_MRTS,2025-10-25 23:04:12.293595
2016-07-01,441,Motor Vehicle and Parts Dealers,1.5,True,CENSUS_MRTS,2025-10-25 23:04:12.293595
2016-08-01,441,Motor Vehicle and Parts Dealers,1.5,True,CENSUS_MRTS,2025-10-25 23:04:12.293595
2016-09-01,441,Motor Vehicle and Parts Dealers,1.5,True,CENSUS_MRTS,2025-10-25 23:04:12.293595
2016-10-01,441,Motor Vehicle and Parts Dealers,1.5,True,CENSUS_MRTS,2025-10-25 23:04:12.293595
2016-11-01,441,Motor Vehicle and Parts Dealers,1.5,True,CENSUS_MRTS,2025-10-25 23:04:12.293595
2016-12-01,441,Motor Vehicle and Parts Dealers,1.6,True,CENSUS_MRTS,2025-10-25 23:04:12.293595
2016-01-01,441,Motor Vehicle and Parts Dealers,2.49,False,CENSUS_MRTS,2025-10-25 23:04:12.293595
2016-02-01,441,Motor Vehicle and Parts Dealers,2.27,False,CENSUS_MRTS,2025-10-25 23:04:12.293595
2016-03-01,441,Motor Vehicle and Parts Dealers,2.08,False,CENSUS_MRTS,2025-10-25 23:04:12.293595
2016-04-01,441,Motor Vehicle and Parts Dealers,2.17,False,CENSUS_MRTS,2025-10-25 23:04:12.293595
2016-05-01,441,Motor Vehicle and Parts Dealers,2.11,False,CENSUS_MRTS,2025-10-25 23:04:12.293595
2016-06-01,441,Motor Vehicle and Parts Dealers,2.13,False,CENSUS_MRTS,2025-10-25 23:04:12.293595
2016-07-01,441,Motor Vehicle and Parts Dealers,2.03,False,CENSUS_MRTS,2025-10-25 23:04:12.293595
2016-08-01,441,Motor Vehicle and Parts Dealers,1.95,False,CENSUS_MRTS,2025-10-25 23:04:12.293595
2016-09-01,441,Motor Vehicle and Parts Dealers,2.17,False,CENSUS_MRTS,2025-10-25 23:04:12.293595
2016-10-01,441,Motor Vehicle and Parts Dealers,2.29,False,CENSUS_MRTS,2025-10-25 23:04:12.293595
2016-11-01,441,Motor Vehicle and Parts Dealers,2.42,False,CENSUS_MRTS,2025-10-25 23:04:12.293595
2016-12-01,441,Motor Vehicle and Parts Dealers,2.14,False,CENSUS_MRTS,2025-10-25 23:04:12.293595
2016-01-01,441,Motor Vehicle and Parts Dealers,0.03,False,CENSUS_MRTS,2025-10-25 23:04:12.293595
2016-02-01,441,Motor Vehicle and Parts Dealers,0.03,False,CENSUS_MRTS,2025-10-25 23:04:12.293595
2016-03-01,441,Motor Vehicle and Parts Dealers,0.02,False,CENSUS_MRTS,2025-10-25 23:04:12.293595
2016-04-01,441,Motor Vehicle and Parts Dealers,0.03,False,CENSUS_MRTS,2025-10-25 23:04:12.293595
2016-05-01,441,Motor Vehicle and Parts Dealers,0.02,False,CENSUS_MRTS,2025-10-25 23:04:12.293595
2016-06-01,441,Motor Vehicle and Parts Dealers,0.02,False,CENSUS_MRTS,2025-10-25 23:04:12.293595
2016-07-01,441,Motor Vehicle and Parts Dealers,0.02,False,CENSUS_MRTS,2025-10-25 23:04:12.293595
2016-08-01,441,Motor Vehicle and Parts Dealers,0.02,False,CENSUS_MRTS,2025-10-25 23:04:12.293595
2016-09-01,441,Motor Vehicle and Parts Dealers,0.02,False,CENSUS_MRTS,2025-10-25 23:04:12.293595
2016-10-01,441,Motor Vehicle and Parts Dealers,0.02,False,CENSUS_MRTS,2025-10-25 23:04:12.293595
2016-11-01,441,Motor Vehicle and Parts Dealers,0.03,False,CENSUS_MRTS,2025-10-25 23:04:12.293595
2016-12-01,441,Motor Vehicle and Parts Dealers,0.03,False,CENSUS_MRTS,2025-10-25 23:04:12.293595
2016-01-01,441,Motor Vehicle and Parts Dealers,2.15,True,CENSUS_MRTS,2025-10-25 23:04:12.293595
2016-02-01,441,Motor Vehicle and Parts Dealers,2.12,True,CENSUS_MRTS,2025-10-25 23:04:12.293595
2016-03-01,441,Motor Vehicle and Parts Dealers,2.21,True,CENSUS_MRTS,2025-10-25 23:04:12.293595
2016-04-01,441,Motor Vehicle and Parts Dealers,2.21,True,CENSUS_MRTS,2025-10-25 23:04:12.293595
2016-05-01,441,Motor Vehicle and Parts Dealers,2.21,True,CENSUS_MRTS,2025-10-25 23:04:12.293595
2016-11-01,441,Motor Vehicle and Parts Dealers,213492.0,True,CENSUS_MRTS,2025-10-25 23:04:12.293595
2016-12-01,441,Motor Vehicle and Parts Dealers,212105.0,True,CENSUS_MRTS,2025-10-25 23:04:12.293595
2016-01-01,441,Motor Vehicle and Parts Dealers,1.6,True,CENSUS_MRTS,2025-10-25 23:04:12.293595
2016-02-01,441,Motor Vehicle and Parts Dealers,1.6,True,CENSUS_MRTS,2025-10-25 23:04:12.293595
2016-03-01,441,Motor Vehicle and Parts Dealers,1.6,True,CENSUS_MRTS,2025-10-25 23:04:12.293595
2016-04-01,441,Motor Vehicle and Parts Dealers,1.6,True,CENSUS_MRTS,2025-10-25 23:04:12.293595
2016-05-01,441,Motor Vehicle and Parts Dealers,1.5,True,CENSUS_MRTS,2025-10-25 23:04:12.293595
2016-06-01,441,Motor Vehicle and Parts Dealers,1.5,True,CENSUS_MRTS,2025-10-25 23:04:12.293595
2016-06-01,441,Motor Vehicle and Parts Dealers,2.21,True,CENSUS_MRTS,2025-10-25 23:04:12.293595
2016-07-01,441,Motor Vehicle and Parts Dealers,2.19,True,CENSUS_MRTS,2025-10-25 23:04:12.293595
2016-08-01,441,Motor Vehicle and Parts Dealers,2.19,True,CENSUS_MRTS,2025-10-25 23:04:12.293595
2016-09-01,441,Motor Vehicle and Parts Dealers,2.18,True,CENSUS_MRTS,2025-10-25 23:04:12.293595
2016-10-01,441,Motor Vehicle and Parts Dealers,2.2,True,CENSUS_MRTS,2025-10-25 23:04:12.293595
2016-11-01,441,Motor Vehicle and Parts Dealers,2.24,True,CENSUS_MRTS,2025-10-25 23:04:12.293595
2016-05-01,441,Motor Vehicle and Parts Dealers,0.2,False,CENSUS_MRTS,2025-10-25 23:04:12.293595
2016-06-01,441,Motor Vehicle and Parts Dealers,0.2,False,CENSUS_MRTS,2025-10-25 23:04:12.293595
2016-07-01,441,Motor Vehicle and Parts Dealers,0.2,False,CENSUS_MRTS,2025-10-25 23:04:12.293595
2016-09-01,441,Motor Vehicle and Parts Dealers,-8.2,False,CENSUS_MRTS,2025-10-25 23:04:12.293595
2016-10-01,441,Motor Vehicle and Parts Dealers,-2.9,False,CENSUS_MRTS,2025-10-25 23:04:12.293595
2016-11-01,441,Motor Vehicle and Parts Dealers,-2.8,False,CENSUS_MRTS,2025-10-25 23:04:12.293595
2016-11-01,441,Motor Vehicle and Parts Dealers,0.2,False,CENSUS_MRTS,2025-10-25 23:04:12.293595
2016-12-01,441,Motor Vehicle and Parts Dealers,0.2,False,CENSUS_MRTS,2025-10-25 23:04:12.293595
2016-01-01,441,Motor Vehicle and Parts Dealers,0.9,True,CENSUS_MRTS,2025-10-25 23:04:12.293595
2016-02-01,441,Motor Vehicle and Parts Dealers,0.9,True,CENSUS_MRTS,2025-10-25 23:04:12.293595
2016-03-01,441,Motor Vehicle and Parts Dealers,2.0,True,CENSUS_MRTS,2025-10-25 23:04:12.293595
2016-04-01,441,Motor Vehicle and Parts Dealers,0.5,True,CENSUS_MRTS,2025-10-25 23:04:12.293595
2016-05-01,441,Motor Vehicle and Parts Dealers,0.5,True,CENSUS_MRTS,2025-10-25 23:04:12.293595
2016-06-01,441,Motor Vehicle and Parts Dealers,0.5,True,CENSUS_MRTS,2025-10-25 23:04:12.293595
2016-07-01,441,Motor Vehicle and Parts Dealers,0.5,True,CENSUS_MRTS,2025-10-25 23:04:12.293595
2016-08-01,441,Motor Vehicle and Parts Dealers,0.4,True,CENSUS_MRTS,2025-10-25 23:04:12.293595
2016-09-01,441,Motor Vehicle and Parts Dealers,0.7,True,CENSUS_MRTS,2025-10-25 23:04:12.293595
2016-10-01,441,Motor Vehicle and Parts Dealers,0.6,True,CENSUS_MRTS,2025-10-25 23:04:12.293595
2016-11-01,441,Motor Vehicle and Parts Dealers,1.4,True,CENSUS_MRTS,2025-10-25 23:04:12.293595
2016-04-01,441,Motor Vehicle and Parts Dealers,96259.0,False,CENSUS_MRTS,2025-10-25 23:04:12.293595
2016-05-01,441,Motor Vehicle and Parts Dealers,97567.0,False,CENSUS_MRTS,2025-10-25 23:04:12.293595
2016-06-01,441,Motor Vehicle and Parts Dealers,97133.0,False,CENSUS_MRTS,2025-10-25 23:04:12.293595
2016-07-01,441,Motor Vehicle and Parts Dealers,98497.0,False,CENSUS_MRTS,2025-10-25 23:04:12.293595
2016-08-01,441,Motor Vehicle and Parts Dealers,102856.0,False,CENSUS_MRTS,2025-10-25 23:04:12.293595
2016-09-01,441,Motor Vehicle and Parts Dealers,94390.0,False,CENSUS_MRTS,2025-10-25 23:04:12.293595
2016-10-01,441,Motor Vehicle and Parts Dealers,91660.0,False,CENSUS_MRTS,2025-10-25 23:04:12.293595
2016-11-01,441,Motor Vehicle and Parts Dealers,89122.0,False,CENSUS_MRTS,2025-10-25 23:04:12.293595
2016-12-01,441,Motor Vehicle and Parts Dealers,99740.0,False,CENSUS_MRTS,2025-10-25 23:04:12.293595
2016-01-01,441,Motor Vehicle and Parts Dealers,1.0,False,CENSUS_MRTS,2025-10-25 23:04:12.293595
2016-02-01,441,Motor Vehicle and Parts Dealers,1.1,False,CENSUS_MRTS,2025-10-25 23:04:12.293595
2016-03-01,441,Motor Vehicle and Parts Dealers,1.1,False,CENSUS_MRTS,2025-10-25 23:04:12.293595
2016-04-01,441,Motor Vehicle and Parts Dealers,1.1,False,CENSUS_MRTS,2025-10-25 23:04:12.293595
2016-05-01,441,Motor Vehicle and Parts Dealers,1.0,False,CENSUS_MRTS,2025-10-25 23:04:12.293595
2016-06-01,441,Motor Vehicle and Parts Dealers,1.0,False,CENSUS_MRTS,2025-10-25 23:04:12.293595
2016-07-01,441,Motor Vehicle and Parts Dealers,1.0,False,CENSUS_MRTS,2025-10-25 23:04:12.293595
2016-08-01,441,Motor Vehicle and Parts Dealers,1.1,False,CENSUS_MRTS,2025-10-25 23:04:12.293595
2016-09-01,441,Motor Vehicle and Parts Dealers,1.1,False,CENSUS_MRTS,2025-10-25 23:04:12.293595
2016-10-01,441,Motor Vehicle and Parts Dealers,1.1,False,CENSUS_MRTS,2025-10-25 23:04:12.293595
2016-11-01,441,Motor Vehicle and Parts Dealers,1.2,False,CENSUS_MRTS,2025-10-25 23:04:12.293595
2016-12-01,441,Motor Vehicle and Parts Dealers,1.2,False,CENSUS_MRTS,2025-10-25 23:04:12.293595
2016-08-01,441,Motor Vehicle and Parts Dealers,-0.1,False,CENSUS_MRTS,2025-10-25 23:04:12.293595
2016-09-01,441,Motor Vehicle and Parts Dealers,2.2,False,CENSUS_MRTS,2025-10-25 23:04:12.293595
2016-10-01,441,Motor Vehicle and Parts Dealers,2.4,False,CENSUS_MRTS,2025-10-25 23:04:12.293595
2016-11-01,441,Motor Vehicle and Parts Dealers,3.1,False,CENSUS_MRTS,2025-10-25 23:04:12.293595
2016-12-01,441,Motor Vehicle and Parts Dealers,-1.0,False,CENSUS_MRTS,2025-10-25 23:04:12.293595
2016-01-01,441,Motor Vehicle and Parts Dealers,0.8,False,CENSUS_MRTS,2025-10-25 23:04:12.293595
2016-02-01,441,Motor Vehicle and Parts Dealers,0.2,False,CENSUS_MRTS,2025-10-25 23:04:12.293595
2016-03-01,441,Motor Vehicle and Parts Dealers,0.2,False,CENSUS_MRTS,2025-10-25 23:04:12.293595
2016-04-01,441,Motor Vehicle and Parts Dealers,0.2,False,CENSUS_MRTS,2025-10-25 23:04:12.293595
2016-08-01,441,Motor Vehicle and Parts Dealers,0.3,False,CENSUS_MRTS,2025-10-25 23:04:12.293595
2016-09-01,441,Motor Vehicle and Parts Dealers,0.2,False,CENSUS_MRTS,2025-10-25 23:04:12.293595
2016-10-01,441,Motor Vehicle and Parts Dealers,0.2,False,CENSUS_MRTS,2025-10-25 23:04:12.293595
2016-12-01,441,Motor Vehicle and Parts Dealers,-0.6,True,CENSUS_MRTS,2025-10-25 23:04:12.293595
2016-01-01,441,Motor Vehicle and Parts Dealers,0.8,True,CENSUS_MRTS,2025-10-25 23:04:12.293595
2016-02-01,441,Motor Vehicle and Parts Dealers,0.2,True,CENSUS_MRTS,2025-10-25 23:04:12.293595
2016-03-01,441,Motor Vehicle and Parts Dealers,0.2,True,CENSUS_MRTS,2025-10-25 23:04:12.293595
2016-04-01,441,Motor Vehicle and Parts Dealers,0.2,True,CENSUS_MRTS,2025-10-25 23:04:12.293595
2016-05-01,441,Motor Vehicle and Parts Dealers,0.2,True,CENSUS_MRTS,2025-10-25 23:04:12.293595
2016-06-01,441,Motor Vehicle and Parts Dealers,0.2,True,CENSUS_MRTS,2025-10-25 23:04:12.293595
2016-07-01,441,Motor Vehicle and Parts Dealers,0.2,True,CENSUS_MRTS,2025-10-25 23:04:12.293595
2016-08-01,441,Motor Vehicle and Parts Dealers,0.3,True,CENSUS_MRTS,2025-10-25 23:04:12.293595
2016-09-01,441,Motor Vehicle and Parts Dealers,0.2,True,CENSUS_MRTS,2025-10-25 23:04:12.293595
2016-10-01,441,Motor Vehicle and Parts Dealers,0.2,True,CENSUS_MRTS,2025-10-25 23:04:12.293595
2016-11-01,441,Motor Vehicle and Parts Dealers,0.2,True,CENSUS_MRTS,2025-10-25 23:04:12.293595
2016-12-01,441,Motor Vehicle and Parts Dealers,0.2,True,CENSUS_MRTS,2025-10-25 23:04:12.293595
2016-01-01,441,Motor Vehicle and Parts Dealers,-14.2,False,CENSUS_MRTS,2025-10-25 23:04:12.293595
2016-02-01,441,Motor Vehicle and Parts Dealers,11.2,False,CENSUS_MRTS,2025-10-25 23:04:12.293595
2016-03-01,441,Motor Vehicle and Parts Dealers,12.4,False,CENSUS_MRTS,2025-10-25 23:04:12.293595
2016-04-01,441,Motor Vehicle and Parts Dealers,-3.4,False,CENSUS_MRTS,2025-10-25 23:04:12.293595
2016-05-01,441,Motor Vehicle and Parts Dealers,1.4,False,CENSUS_MRTS,2025-10-25 23:04:12.293595
2016-06-01,441,Motor Vehicle and Parts Dealers,-0.4,False,CENSUS_MRTS,2025-10-25 23:04:12.293595
2016-07-01,441,Motor Vehicle and Parts Dealers,1.4,False,CENSUS_MRTS,2025-10-25 23:04:12.293595
2016-08-01,441,Motor Vehicle and Parts Dealers,4.4,False,CENSUS_MRTS,2025-10-25 23:04:12.293595
2016-12-01,441,Motor Vehicle and Parts Dealers,2.8,True,CENSUS_MRTS,2025-10-25 23:04:12.293595
2016-01-01,441,Motor Vehicle and Parts Dealers,0.6,True,CENSUS_MRTS,2025-10-25 23:04:12.293595
2016-02-01,441,Motor Vehicle and Parts Dealers,0.3,True,CENSUS_MRTS,2025-10-25 23:04:12.293595
2016-03-01,441,Motor Vehicle and Parts Dealers,0.4,True,CENSUS_MRTS,2025-10-25 23:04:12.293595
2016-04-01,441,Motor Vehicle and Parts Dealers,0.3,True,CENSUS_MRTS,2025-10-25 23:04:12.293595
2016-05-01,441,Motor Vehicle and Parts Dealers,0.3,True,CENSUS_MRTS,2025-10-25 23:04:12.293595
2016-06-01,441,Motor Vehicle and Parts Dealers,0.3,True,CENSUS_MRTS,2025-10-25 23:04:12.293595
2016-07-01,441,Motor Vehicle and Parts Dealers,0.3,True,CENSUS_MRTS,2025-10-25 23:04:12.293595
2016-08-01,441,Motor Vehicle and Parts Dealers,0.4,True,CENSUS_MRTS,2025-10-25 23:04:12.293595
2016-09-01,441,Motor Vehicle and Parts Dealers,0.3,True,CENSUS_MRTS,2025-10-25 23:04:12.293595
2016-10-01,441,Motor Vehicle and Parts Dealers,0.3,True,CENSUS_MRTS,2025-10-25 23:04:12.293595
2016-11-01,441,Motor Vehicle and Parts Dealers,0.3,True,CENSUS_MRTS,2025-10-25 23:04:12.293595
2016-12-01,441,Motor Vehicle and Parts Dealers,0.5,True,CENSUS_MRTS,2025-10-25 23:04:12.293595
2016-01-01,441,Motor Vehicle and Parts Dealers,79686.0,False,CENSUS_MRTS,2025-10-25 23:04:12.293595
2016-02-01,441,Motor Vehicle and Parts Dealers,88629.0,False,CENSUS_MRTS,2025-10-25 23:04:12.293595
2016-03-01,441,Motor Vehicle and Parts Dealers,99603.0,False,CENSUS_MRTS,2025-10-25 23:04:12.293595
2016-12-01,441,Motor Vehicle and Parts Dealers,11.9,False,CENSUS_MRTS,2025-10-25 23:04:12.293595
2016-01-01,441,Motor Vehicle and Parts Dealers,0.6,False,CENSUS_MRTS,2025-10-25 23:04:12.293595
2016-02-01,441,Motor Vehicle and Parts Dealers,0.3,False,CENSUS_MRTS,2025-10-25 23:04:12.293595
2016-03-01,441,Motor Vehicle and Parts Dealers,0.4,False,CENSUS_MRTS,2025-10-25 23:04:12.293595
2016-04-01,441,Motor Vehicle and Parts Dealers,0.3,False,CENSUS_MRTS,2025-10-25 23:04:12.293595
2016-05-01,441,Motor Vehicle and Parts Dealers,0.3,False,CENSUS_MRTS,2025-10-25 23:04:12.293595
2016-06-01,441,Motor Vehicle and Parts Dealers,0.3,False,CENSUS_MRTS,2025-10-25 23:04:12.293595
2016-07-01,441,Motor Vehicle and Parts Dealers,0.3,False,CENSUS_MRTS,2025-10-25 23:04:12.293595
2016-08-01,441,Motor Vehicle and Parts Dealers,0.4,False,CENSUS_MRTS,2025-10-25 23:04:12.293595
2016-09-01,441,Motor Vehicle and Parts Dealers,0.3,False,CENSUS_MRTS,2025-10-25 23:04:12.293595
2016-10-01,441,Motor Vehicle and Parts Dealers,0.3,False,CENSUS_MRTS,2025-10-25 23:04:12.293595
2016-11-01,441,Motor Vehicle and Parts Dealers,0.3,False,CENSUS_MRTS,2025-10-25 23:04:12.293595
2016-12-01,441,Motor Vehicle and Parts Dealers,0.5,False,CENSUS_MRTS,2025-10-25 23:04:12.293595
2016-01-01,441,Motor Vehicle and Parts Dealers,-0.5,True,CENSUS_MRTS,2025-10-25 23:04:12.293595
2016-02-01,441,Motor Vehicle and Parts Dealers,2.1,True,CENSUS_MRTS,2025-10-25 23:04:12.293595
2016-03-01,441,Motor Vehicle and Parts Dealers,-1.8,True,CENSUS_MRTS,2025-10-25 23:04:12.293595
2016-04-01,441,Motor Vehicle and Parts Dealers,0.5,True,CENSUS_MRTS,2025-10-25 23:04:12.293595
2016-05-01,441,Motor Vehicle and Parts Dealers,0.2,True,CENSUS_MRTS,2025-10-25 23:04:12.293595
2016-06-01,441,Motor Vehicle and Parts Dealers,0.8,True,CENSUS_MRTS,2025-10-25 23:04:12.293595
2016-07-01,441,Motor Vehicle and Parts Dealers,1.3,True,CENSUS_MRTS,2025-10-25 23:04:12.293595
2016-08-01,441,Motor Vehicle and Parts Dealers,0.4,True,CENSUS_MRTS,2025-10-25 23:04:12.293595
2016-09-01,441,Motor Vehicle and Parts Dealers,0.8,True,CENSUS_MRTS,2025-10-25 23:04:12.293595
2016-10-01,441,Motor Vehicle and Parts Dealers,-0.3,True,CENSUS_MRTS,2025-10-25 23:04:12.293595
2016-11-01,441,Motor Vehicle and Parts Dealers,-0.3,True,CENSUS_MRTS,2025-10-25 23:04:12.293595
2016-12-01,441,Motor Vehicle and Parts Dealers,2.17,True,CENSUS_MRTS,2025-10-25 23:04:12.293595
2016-01-01,441,Motor Vehicle and Parts Dealers,0.03,True,CENSUS_MRTS,2025-10-25 23:04:12.293595
2016-02-01,441,Motor Vehicle and Parts Dealers,0.03,True,CENSUS_MRTS,2025-10-25 23:04:12.293595
2016-03-01,441,Motor Vehicle and Parts Dealers,0.02,True,CENSUS_MRTS,2025-10-25 23:04:12.293595
2016-04-01,441,Motor Vehicle and Parts Dealers,0.03,True,CENSUS_MRTS,2025-10-25 23:04:12.293595
2016-05-01,441,Motor Vehicle and Parts Dealers,0.02,True,CENSUS_MRTS,2025-10-25 23:04:12.293595
2016-06-01,441,Motor Vehicle and Parts Dealers,0.02,True,CENSUS_MRTS,2025-10-25 23:04:12.293595
2016-07-01,441,Motor Vehicle and Parts Dealers,0.02,True,CENSUS_MRTS,2025-10-25 23:04:12.293595
2016-08-01,441,Motor Vehicle and Parts Dealers,0.02,True,CENSUS_MRTS,2025-10-25 23:04:12.293595
2016-09-01,441,Motor Vehicle and Parts Dealers,0.02,True,CENSUS_MRTS,2025-10-25 23:04:12.293595
2016-10-01,441,Motor Vehicle and Parts Dealers,0.02,True,CENSUS_MRTS,2025-10-25 23:04:12.293595
2016-11-01,441,Motor Vehicle and Parts Dealers,0.03,True,CENSUS_MRTS,2025-10-25 23:04:12.293595
2016-12-01,441,Motor Vehicle and Parts Dealers,0.03,True,CENSUS_MRTS,2025-10-25 23:04:12.293595
2016-01-01,441,Motor Vehicle and Parts Dealers,0.3,False,CENSUS_MRTS,2025-10-25 23:04:12.293595
2016-02-01,441,Motor Vehicle and Parts Dealers,1.2,False,CENSUS_MRTS,2025-10-25 23:04:12.293595
2016-03-01,441,Motor Vehicle and Parts Dealers,3.0,False,CENSUS_MRTS,2025-10-25 23:04:12.293595
2016-04-01,441,Motor Vehicle and Parts Dealers,0.8,False,CENSUS_MRTS,2025-10-25 23:04:12.293595
2016-05-01,441,Motor Vehicle and Parts Dealers,-1.6,False,CENSUS_MRTS,2025-10-25 23:04:12.293595
2016-06-01,441,Motor Vehicle and Parts Dealers,0.8,False,CENSUS_MRTS,2025-10-25 23:04:12.293595
2016-07-01,441,Motor Vehicle and Parts Dealers,-3.4,False,CENSUS_MRTS,2025-10-25 23:04:12.293595
2016-01-01,441,Motor Vehicle and Parts Dealers,91798.0,True,CENSUS_MRTS,2025-10-25 23:04:12.293595
2016-02-01,441,Motor Vehicle and Parts Dealers,93713.0,True,CENSUS_MRTS,2025-10-25 23:04:12.293595
2016-03-01,441,Motor Vehicle and Parts Dealers,92065.0,True,CENSUS_MRTS,2025-10-25 23:04:12.293595
2016-04-01,441,Motor Vehicle and Parts Dealers,92488.0,True,CENSUS_MRTS,2025-10-25 23:04:12.293595
2016-05-01,441,Motor Vehicle and Parts Dealers,92706.0,True,CENSUS_MRTS,2025-10-25 23:04:12.293595
2016-06-01,441,Motor Vehicle and Parts Dealers,93454.0,True,CENSUS_MRTS,2025-10-25 23:04:12.293595
2016-07-01,441,Motor Vehicle and Parts Dealers,94683.0,True,CENSUS_MRTS,2025-10-25 23:04:12.293595
2016-08-01,441,Motor Vehicle and Parts Dealers,95070.0,True,CENSUS_MRTS,2025-10-25 23:04:12.293595
2016-09-01,441,Motor Vehicle and Parts Dealers,95834.0,True,CENSUS_MRTS,2025-10-25 23:04:12.293595
2016-10-01,441,Motor Vehicle and Parts Dealers,95532.0,True,CENSUS_MRTS,2025-10-25 23:04:12.293595
2016-11-01,441,Motor Vehicle and Parts Dealers,95220.0,True,CENSUS_MRTS,2025-10-25 23:04:12.293595
2016-12-01,441,Motor Vehicle and Parts Dealers,97895.0,True,CENSUS_MRTS,2025-10-25 23:04:12.293595
2016-01-01,441,Motor Vehicle and Parts Dealers,1.0,True,CENSUS_MRTS,2025-10-25 23:04:12.293595
2016-02-01,441,Motor Vehicle and Parts Dealers,1.1,True,CENSUS_MRTS,2025-10-25 23:04:12.293595
2016-03-01,441,Motor Vehicle and Parts Dealers,1.1,True,CENSUS_MRTS,2025-10-25 23:04:12.293595
2016-04-01,441,Motor Vehicle and Parts Dealers,1.1,True,CENSUS_MRTS,2025-10-25 23:04:12.293595
2016-05-01,441,Motor Vehicle and Parts Dealers,1.0,True,CENSUS_MRTS,2025-10-25 23:04:12.293595
2016-06-01,441,Motor Vehicle and Parts Dealers,1.0,True,CENSUS_MRTS,2025-10-25 23:04:12.293595
2016-07-01,441,Motor Vehicle and Parts Dealers,1.0,True,CENSUS_MRTS,2025-10-25 23:04:12.293595
2016-08-01,441,Motor Vehicle and Parts Dealers,1.1,True,CENSUS_MRTS,2025-10-25 23:04:12.293595
2016-09-01,441,Motor Vehicle and Parts Dealers,1.1,True,CENSUS_MRTS,2025-10-25 23:04:12.293595
2016-10-01,441,Motor Vehicle and Parts Dealers,1.1,True,CENSUS_MRTS,2025-10-25 23:04:12.293595
2016-11-01,441,Motor Vehicle and Parts Dealers,1.2,True,CENSUS_MRTS,2025-10-25 23:04:12.293595
2016-12-01,441,Motor Vehicle and Parts Dealers,1.2,True,CENSUS_MRTS,2025-10-25 23:04:12.293595
2017-01-01,441,Motor Vehicle and Parts Dealers,0.3,False,CENSUS_MRTS,2025-10-25 23:04:12.293595
2017-02-01,441,Motor Vehicle and Parts Dealers,0.2,False,CENSUS_MRTS,2025-10-25 23:04:12.293595
2017-03-01,441,Motor Vehicle and Parts Dealers,0.2,False,CENSUS_MRTS,2025-10-25 23:04:12.293595
2017-04-01,441,Motor Vehicle and Parts Dealers,0.2,False,CENSUS_MRTS,2025-10-25 23:04:12.293595
2017-05-01,441,Motor Vehicle and Parts Dealers,0.2,False,CENSUS_MRTS,2025-10-25 23:04:12.293595
2017-06-01,441,Motor Vehicle and Parts Dealers,0.2,False,CENSUS_MRTS,2025-10-25 23:04:12.293595
2017-07-01,441,Motor Vehicle and Parts Dealers,0.2,False,CENSUS_MRTS,2025-10-25 23:04:12.293595
2017-08-01,441,Motor Vehicle and Parts Dealers,0.3,False,CENSUS_MRTS,2025-10-25 23:04:12.293595
2017-09-01,441,Motor Vehicle and Parts Dealers,0.2,False,CENSUS_MRTS,2025-10-25 23:04:12.293595
2017-10-01,441,Motor Vehicle and Parts Dealers,0.2,False,CENSUS_MRTS,2025-10-25 23:04:12.293595
2017-11-01,441,Motor Vehicle and Parts Dealers,0.2,False,CENSUS_MRTS,2025-10-25 23:04:12.293595
2017-12-01,441,Motor Vehicle and Parts Dealers,0.2,False,CENSUS_MRTS,2025-10-25 23:04:12.293595
2017-01-01,441,Motor Vehicle and Parts Dealers,1.6,True,CENSUS_MRTS,2025-10-25 23:04:12.293595
2017-02-01,441,Motor Vehicle and Parts Dealers,0.9,True,CENSUS_MRTS,2025-10-25 23:04:12.293595
2017-03-01,441,Motor Vehicle and Parts Dealers,0.8,True,CENSUS_MRTS,2025-10-25 23:04:12.293595
2017-04-01,441,Motor Vehicle and Parts Dealers,0.4,True,CENSUS_MRTS,2025-10-25 23:04:12.293595
2017-05-01,441,Motor Vehicle and Parts Dealers,0.3,True,CENSUS_MRTS,2025-10-25 23:04:12.293595
2017-06-01,441,Motor Vehicle and Parts Dealers,0.6,True,CENSUS_MRTS,2025-10-25 23:04:12.293595
2017-07-01,441,Motor Vehicle and Parts Dealers,0.1,True,CENSUS_MRTS,2025-10-25 23:04:12.293595
2017-08-01,441,Motor Vehicle and Parts Dealers,0.7,True,CENSUS_MRTS,2025-10-25 23:04:12.293595
2017-09-01,441,Motor Vehicle and Parts Dealers,-1.9,True,CENSUS_MRTS,2025-10-25 23:04:12.293595
2017-10-01,441,Motor Vehicle and Parts Dealers,-0.3,True,CENSUS_MRTS,2025-10-25 23:04:12.293595
2017-11-01,441,Motor Vehicle and Parts Dealers,-0.1,True,CENSUS_MRTS,2025-10-25 23:04:12.293595
2017-12-01,441,Motor Vehicle and Parts Dealers,0.3,True,CENSUS_MRTS,2025-10-25 23:04:12.293595
2017-11-01,441,Motor Vehicle and Parts Dealers,1.3,False,CENSUS_MRTS,2025-10-25 23:04:12.293595
2017-12-01,441,Motor Vehicle and Parts Dealers,1.2,False,CENSUS_MRTS,2025-10-25 23:04:12.293595
2017-01-01,441,Motor Vehicle and Parts Dealers,97827.0,True,CENSUS_MRTS,2025-10-25 23:04:12.293595
2017-02-01,441,Motor Vehicle and Parts Dealers,97227.0,True,CENSUS_MRTS,2025-10-25 23:04:12.293595
2017-03-01,441,Motor Vehicle and Parts Dealers,95402.0,True,CENSUS_MRTS,2025-10-25 23:04:12.293595
2017-04-01,441,Motor Vehicle and Parts Dealers,95953.0,True,CENSUS_MRTS,2025-10-25 23:04:12.293595
2017-05-01,441,Motor Vehicle and Parts Dealers,96227.0,True,CENSUS_MRTS,2025-10-25 23:04:12.293595
2017-06-01,441,Motor Vehicle and Parts Dealers,97254.0,True,CENSUS_MRTS,2025-10-25 23:04:12.293595
2017-07-01,441,Motor Vehicle and Parts Dealers,97361.0,True,CENSUS_MRTS,2025-10-25 23:04:12.293595
2017-08-01,441,Motor Vehicle and Parts Dealers,95539.0,True,CENSUS_MRTS,2025-10-25 23:04:12.293595
2017-09-01,441,Motor Vehicle and Parts Dealers,99355.0,True,CENSUS_MRTS,2025-10-25 23:04:12.293595
2017-10-01,441,Motor Vehicle and Parts Dealers,100056.0,True,CENSUS_MRTS,2025-10-25 23:04:12.293595
2017-11-01,441,Motor Vehicle and Parts Dealers,99233.0,True,CENSUS_MRTS,2025-10-25 23:04:12.293595
2017-12-01,441,Motor Vehicle and Parts Dealers,99075.0,True,CENSUS_MRTS,2025-10-25 23:04:12.293595
2017-01-01,441,Motor Vehicle and Parts Dealers,1.4,True,CENSUS_MRTS,2025-10-25 23:04:12.293595
2017-02-01,441,Motor Vehicle and Parts Dealers,1.5,True,CENSUS_MRTS,2025-10-25 23:04:12.293595
2017-03-01,441,Motor Vehicle and Parts Dealers,1.3,True,CENSUS_MRTS,2025-10-25 23:04:12.293595
2017-04-01,441,Motor Vehicle and Parts Dealers,1.3,True,CENSUS_MRTS,2025-10-25 23:04:12.293595
2017-05-01,441,Motor Vehicle and Parts Dealers,1.3,True,CENSUS_MRTS,2025-10-25 23:04:12.293595
2017-06-01,441,Motor Vehicle and Parts Dealers,1.4,True,CENSUS_MRTS,2025-10-25 23:04:12.293595
2017-06-01,441,Motor Vehicle and Parts Dealers,1.5,True,CENSUS_MRTS,2025-10-25 23:04:12.293595
2017-07-01,441,Motor Vehicle and Parts Dealers,1.6,True,CENSUS_MRTS,2025-10-25 23:04:12.293595
2017-08-01,441,Motor Vehicle and Parts Dealers,1.4,True,CENSUS_MRTS,2025-10-25 23:04:12.293595
2017-09-01,441,Motor Vehicle and Parts Dealers,1.4,True,CENSUS_MRTS,2025-10-25 23:04:12.293595
2017-10-01,441,Motor Vehicle and Parts Dealers,1.4,True,CENSUS_MRTS,2025-10-25 23:04:12.293595
2017-11-01,441,Motor Vehicle and Parts Dealers,1.4,True,CENSUS_MRTS,2025-10-25 23:04:12.293595
2017-12-01,441,Motor Vehicle and Parts Dealers,1.4,True,CENSUS_MRTS,2025-10-25 23:04:12.293595
2017-01-01,441,Motor Vehicle and Parts Dealers,2.6,False,CENSUS_MRTS,2025-10-25 23:04:12.293595
2017-02-01,441,Motor Vehicle and Parts Dealers,2.51,False,CENSUS_MRTS,2025-10-25 23:04:12.293595
2017-03-01,441,Motor Vehicle and Parts Dealers,2.15,False,CENSUS_MRTS,2025-10-25 23:04:12.293595
2017-04-01,441,Motor Vehicle and Parts Dealers,2.34,False,CENSUS_MRTS,2025-10-25 23:04:12.293595
2017-05-01,441,Motor Vehicle and Parts Dealers,2.13,False,CENSUS_MRTS,2025-10-25 23:04:12.293595
2017-06-01,441,Motor Vehicle and Parts Dealers,2.21,False,CENSUS_MRTS,2025-10-25 23:04:12.293595
2017-07-01,441,Motor Vehicle and Parts Dealers,2.14,False,CENSUS_MRTS,2025-10-25 23:04:12.293595
2017-08-01,441,Motor Vehicle and Parts Dealers,2.09,False,CENSUS_MRTS,2025-10-25 23:04:12.293595
2017-09-01,441,Motor Vehicle and Parts Dealers,2.17,False,CENSUS_MRTS,2025-10-25 23:04:12.293595
2017-10-01,441,Motor Vehicle and Parts Dealers,2.27,False,CENSUS_MRTS,2025-10-25 23:04:12.293595
2017-11-01,441,Motor Vehicle and Parts Dealers,2.37,False,CENSUS_MRTS,2025-10-25 23:04:12.293595
2017-12-01,441,Motor Vehicle and Parts Dealers,2.22,False,CENSUS_MRTS,2025-10-25 23:04:12.293595
2017-01-01,441,Motor Vehicle and Parts Dealers,0.03,False,CENSUS_MRTS,2025-10-25 23:04:12.293595
2017-02-01,441,Motor Vehicle and Parts Dealers,0.03,False,CENSUS_MRTS,2025-10-25 23:04:12.293595
2017-03-01,441,Motor Vehicle and Parts Dealers,0.02,False,CENSUS_MRTS,2025-10-25 23:04:12.293595
2017-01-01,441,Motor Vehicle and Parts Dealers,0.3,True,CENSUS_MRTS,2025-10-25 23:04:12.293595
2017-02-01,441,Motor Vehicle and Parts Dealers,0.2,True,CENSUS_MRTS,2025-10-25 23:04:12.293595
2017-03-01,441,Motor Vehicle and Parts Dealers,0.2,True,CENSUS_MRTS,2025-10-25 23:04:12.293595
2017-04-01,441,Motor Vehicle and Parts Dealers,0.2,True,CENSUS_MRTS,2025-10-25 23:04:12.293595
2017-05-01,441,Motor Vehicle and Parts Dealers,0.2,True,CENSUS_MRTS,2025-10-25 23:04:12.293595
2017-06-01,441,Motor Vehicle and Parts Dealers,0.2,True,CENSUS_MRTS,2025-10-25 23:04:12.293595
2017-07-01,441,Motor Vehicle and Parts Dealers,0.2,True,CENSUS_MRTS,2025-10-25 23:04:12.293595
2017-08-01,441,Motor Vehicle and Parts Dealers,0.3,True,CENSUS_MRTS,2025-10-25 23:04:12.293595
2017-09-01,441,Motor Vehicle and Parts Dealers,0.2,True,CENSUS_MRTS,2025-10-25 23:04:12.293595
2017-10-01,441,Motor Vehicle and Parts Dealers,0.2,True,CENSUS_MRTS,2025-10-25 23:04:12.293595
2017-11-01,441,Motor Vehicle and Parts Dealers,0.2,True,CENSUS_MRTS,2025-10-25 23:04:12.293595
2017-12-01,441,Motor Vehicle and Parts Dealers,0.2,True,CENSUS_MRTS,2025-10-25 23:04:12.293595
2017-01-01,441,Motor Vehicle and Parts Dealers,-15.9,False,CENSUS_MRTS,2025-10-25 23:04:12.293595
2017-02-01,441,Motor Vehicle and Parts Dealers,4.8,False,CENSUS_MRTS,2025-10-25 23:04:12.293595
2017-03-01,441,Motor Vehicle and Parts Dealers,18.9,False,CENSUS_MRTS,2025-10-25 23:04:12.293595
2017-04-01,441,Motor Vehicle and Parts Dealers,-8.4,False,CENSUS_MRTS,2025-10-25 23:04:12.293595
2017-05-01,441,Motor Vehicle and Parts Dealers,8.6,False,CENSUS_MRTS,2025-10-25 23:04:12.293595
2017-06-01,441,Motor Vehicle and Parts Dealers,-2.9,False,CENSUS_MRTS,2025-10-25 23:04:12.293595
2017-07-01,441,Motor Vehicle and Parts Dealers,-0.3,False,CENSUS_MRTS,2025-10-25 23:04:12.293595
2017-08-01,441,Motor Vehicle and Parts Dealers,2.5,False,CENSUS_MRTS,2025-10-25 23:04:12.293595
2017-09-01,441,Motor Vehicle and Parts Dealers,-4.6,False,CENSUS_MRTS,2025-10-25 23:04:12.293595
2017-01-01,441,Motor Vehicle and Parts Dealers,217962.0,False,CENSUS_MRTS,2025-10-25 23:04:12.293595
2017-02-01,441,Motor Vehicle and Parts Dealers,220842.0,False,CENSUS_MRTS,2025-10-25 23:04:12.293595
2017-03-01,441,Motor Vehicle and Parts Dealers,224506.0,False,CENSUS_MRTS,2025-10-25 23:04:12.293595
2017-04-01,441,Motor Vehicle and Parts Dealers,224187.0,False,CENSUS_MRTS,2025-10-25 23:04:12.293595
2017-05-01,441,Motor Vehicle and Parts Dealers,221788.0,False,CENSUS_MRTS,2025-10-25 23:04:12.293595
2017-06-01,441,Motor Vehicle and Parts Dealers,223470.0,False,CENSUS_MRTS,2025-10-25 23:04:12.293595
2017-07-01,441,Motor Vehicle and Parts Dealers,215306.0,False,CENSUS_MRTS,2025-10-25 23:04:12.293595
2017-08-01,441,Motor Vehicle and Parts Dealers,216079.0,False,CENSUS_MRTS,2025-10-25 23:04:12.293595
2017-09-01,441,Motor Vehicle and Parts Dealers,213371.0,False,CENSUS_MRTS,2025-10-25 23:04:12.293595
2017-10-01,441,Motor Vehicle and Parts Dealers,217713.0,False,CENSUS_MRTS,2025-10-25 23:04:12.293595
2017-10-01,441,Motor Vehicle and Parts Dealers,-2.6,False,CENSUS_MRTS,2025-10-25 23:04:12.293595
2017-11-01,441,Motor Vehicle and Parts Dealers,-2.7,False,CENSUS_MRTS,2025-10-25 23:04:12.293595
2017-12-01,441,Motor Vehicle and Parts Dealers,5.8,False,CENSUS_MRTS,2025-10-25 23:04:12.293595
2017-01-01,441,Motor Vehicle and Parts Dealers,0.5,False,CENSUS_MRTS,2025-10-25 23:04:12.293595
2017-02-01,441,Motor Vehicle and Parts Dealers,0.4,False,CENSUS_MRTS,2025-10-25 23:04:12.293595
2017-03-01,441,Motor Vehicle and Parts Dealers,0.3,False,CENSUS_MRTS,2025-10-25 23:04:12.293595
2017-04-01,441,Motor Vehicle and Parts Dealers,0.2,False,CENSUS_MRTS,2025-10-25 23:04:12.293595
2017-05-01,441,Motor Vehicle and Parts Dealers,0.3,False,CENSUS_MRTS,2025-10-25 23:04:12.293595
2017-06-01,441,Motor Vehicle and Parts Dealers,0.3,False,CENSUS_MRTS,2025-10-25 23:04:12.293595
2017-07-01,441,Motor Vehicle and Parts Dealers,0.3,False,CENSUS_MRTS,2025-10-25 23:04:12.293595
2017-08-01,441,Motor Vehicle and Parts Dealers,0.2,False,CENSUS_MRTS,2025-10-25 23:04:12.293595
2017-03-01,441,Motor Vehicle and Parts Dealers,0.3,True,CENSUS_MRTS,2025-10-25 23:04:12.293595
2017-04-01,441,Motor Vehicle and Parts Dealers,0.2,True,CENSUS_MRTS,2025-10-25 23:04:12.293595
2017-05-01,441,Motor Vehicle and Parts Dealers,0.3,True,CENSUS_MRTS,2025-10-25 23:04:12.293595
2017-06-01,441,Motor Vehicle and Parts Dealers,0.3,True,CENSUS_MRTS,2025-10-25 23:04:12.293595
2017-07-01,441,Motor Vehicle and Parts Dealers,0.3,True,CENSUS_MRTS,2025-10-25 23:04:12.293595
2017-08-01,441,Motor Vehicle and Parts Dealers,0.2,True,CENSUS_MRTS,2025-10-25 23:04:12.293595
2017-09-01,441,Motor Vehicle and Parts Dealers,0.3,True,CENSUS_MRTS,2025-10-25 23:04:12.293595
2017-10-01,441,Motor Vehicle and Parts Dealers,0.3,True,CENSUS_MRTS,2025-10-25 23:04:12.293595
2017-11-01,441,Motor Vehicle and Parts Dealers,0.3,True,CENSUS_MRTS,2025-10-25 23:04:12.293595
2017-12-01,441,Motor Vehicle and Parts Dealers,0.4,True,CENSUS_MRTS,2025-10-25 23:04:12.293595
2017-01-01,441,Motor Vehicle and Parts Dealers,83915.0,False,CENSUS_MRTS,2025-10-25 23:04:12.293595
2017-02-01,441,Motor Vehicle and Parts Dealers,87968.0,False,CENSUS_MRTS,2025-10-25 23:04:12.293595
2017-03-01,441,Motor Vehicle and Parts Dealers,104593.0,False,CENSUS_MRTS,2025-10-25 23:04:12.293595
2017-04-01,441,Motor Vehicle and Parts Dealers,95816.0,False,CENSUS_MRTS,2025-10-25 23:04:12.293595
2017-05-01,441,Motor Vehicle and Parts Dealers,104054.0,False,CENSUS_MRTS,2025-10-25 23:04:12.293595
2017-06-01,441,Motor Vehicle and Parts Dealers,101003.0,False,CENSUS_MRTS,2025-10-25 23:04:12.293595
2017-07-01,441,Motor Vehicle and Parts Dealers,100692.0,False,CENSUS_MRTS,2025-10-25 23:04:12.293595
2017-08-01,441,Motor Vehicle and Parts Dealers,103240.0,False,CENSUS_MRTS,2025-10-25 23:04:12.293595
2017-09-01,441,Motor Vehicle and Parts Dealers,98476.0,False,CENSUS_MRTS,2025-10-25 23:04:12.293595
2017-10-01,441,Motor Vehicle and Parts Dealers,95918.0,False,CENSUS_MRTS,2025-10-25 23:04:12.293595
2017-11-01,441,Motor Vehicle and Parts Dealers,93350.0,False,CENSUS_MRTS,2025-10-25 23:04:12.293595
2017-12-01,441,Motor Vehicle and Parts Dealers,98744.0,False,CENSUS_MRTS,2025-10-25 23:04:12.293595
2017-07-01,441,Motor Vehicle and Parts Dealers,1.3,True,CENSUS_MRTS,2025-10-25 23:04:12.293595
2017-08-01,441,Motor Vehicle and Parts Dealers,1.2,True,CENSUS_MRTS,2025-10-25 23:04:12.293595
2017-09-01,441,Motor Vehicle and Parts Dealers,1.1,True,CENSUS_MRTS,2025-10-25 23:04:12.293595
2017-01-01,441,Motor Vehicle and Parts Dealers,1.4,False,CENSUS_MRTS,2025-10-25 23:04:12.293595
2017-02-01,441,Motor Vehicle and Parts Dealers,1.5,False,CENSUS_MRTS,2025-10-25 23:04:12.293595
2017-03-01,441,Motor Vehicle and Parts Dealers,1.3,False,CENSUS_MRTS,2025-10-25 23:04:12.293595
2017-04-01,441,Motor Vehicle and Parts Dealers,1.3,False,CENSUS_MRTS,2025-10-25 23:04:12.293595
2017-05-01,441,Motor Vehicle and Parts Dealers,1.3,False,CENSUS_MRTS,2025-10-25 23:04:12.293595
2017-06-01,441,Motor Vehicle and Parts Dealers,1.4,False,CENSUS_MRTS,2025-10-25 23:04:12.293595
2017-07-01,441,Motor Vehicle and Parts Dealers,1.3,False,CENSUS_MRTS,2025-10-25 23:04:12.293595
2017-08-01,441,Motor Vehicle and Parts Dealers,1.2,False,CENSUS_MRTS,2025-10-25 23:04:12.293595
2017-09-01,441,Motor Vehicle and Parts Dealers,1.1,False,CENSUS_MRTS,2025-10-25 23:04:12.293595
2017-10-01,441,Motor Vehicle and Parts Dealers,1.3,False,CENSUS_MRTS,2025-10-25 23:04:12.293595
2017-04-01,441,Motor Vehicle and Parts Dealers,0.02,False,CENSUS_MRTS,2025-10-25 23:04:12.293595
2017-05-01,441,Motor Vehicle and Parts Dealers,0.02,False,CENSUS_MRTS,2025-10-25 23:04:12.293595
2017-06-01,441,Motor Vehicle and Parts Dealers,0.02,False,CENSUS_MRTS,2025-10-25 23:04:12.293595
2017-07-01,441,Motor Vehicle and Parts Dealers,0.02,False,CENSUS_MRTS,2025-10-25 23:04:12.293595
2017-08-01,441,Motor Vehicle and Parts Dealers,0.02,False,CENSUS_MRTS,2025-10-25 23:04:12.293595
2017-09-01,441,Motor Vehicle and Parts Dealers,0.02,False,CENSUS_MRTS,2025-10-25 23:04:12.293595
2017-10-01,441,Motor Vehicle and Parts Dealers,0.02,False,CENSUS_MRTS,2025-10-25 23:04:12.293595
2017-11-01,441,Motor Vehicle and Parts Dealers,0.02,False,CENSUS_MRTS,2025-10-25 23:04:12.293595
2017-12-01,441,Motor Vehicle and Parts Dealers,0.02,False,CENSUS_MRTS,2025-10-25 23:04:12.293595
2017-01-01,441,Motor Vehicle and Parts Dealers,2.2,True,CENSUS_MRTS,2025-10-25 23:04:12.293595
2017-02-01,441,Motor Vehicle and Parts Dealers,2.24,True,CENSUS_MRTS,2025-10-25 23:04:12.293595
2017-03-01,441,Motor Vehicle and Parts Dealers,2.3,True,CENSUS_MRTS,2025-10-25 23:04:12.293595
2017-04-01,441,Motor Vehicle and Parts Dealers,2.29,True,CENSUS_MRTS,2025-10-25 23:04:12.293595
2017-05-01,441,Motor Vehicle and Parts Dealers,2.29,True,CENSUS_MRTS,2025-10-25 23:04:12.293595
2017-06-01,441,Motor Vehicle and Parts Dealers,2.28,True,CENSUS_MRTS,2025-10-25 23:04:12.293595
2017-07-01,441,Motor Vehicle and Parts Dealers,2.28,True,CENSUS_MRTS,2025-10-25 23:04:12.293595
2017-08-01,441,Motor Vehicle and Parts Dealers,2.34,True,CENSUS_MRTS,2025-10-25 23:04:12.293595
2017-09-01,441,Motor Vehicle and Parts Dealers,2.21,True,CENSUS_MRTS,2025-10-25 23:04:12.293595
2017-10-01,441,Motor Vehicle and Parts Dealers,2.19,True,CENSUS_MRTS,2025-10-25 23:04:12.293595
2017-11-01,441,Motor Vehicle and Parts Dealers,2.2,True,CENSUS_MRTS,2025-10-25 23:04:12.293595
2017-12-01,441,Motor Vehicle and Parts Dealers,2.21,True,CENSUS_MRTS,2025-10-25 23:04:12.293595
2017-10-01,441,Motor Vehicle and Parts Dealers,1.3,True,CENSUS_MRTS,2025-10-25 23:04:12.293595
2017-11-01,441,Motor Vehicle and Parts Dealers,1.3,True,CENSUS_MRTS,2025-10-25 23:04:12.293595
2017-12-01,441,Motor Vehicle and Parts Dealers,1.2,True,CENSUS_MRTS,2025-10-25 23:04:12.293595
2017-11-01,441,Motor Vehicle and Parts Dealers,220970.0,False,CENSUS_MRTS,2025-10-25 23:04:12.293595
2017-12-01,441,Motor Vehicle and Parts Dealers,218977.0,False,CENSUS_MRTS,2025-10-25 23:04:12.293595
2017-01-01,441,Motor Vehicle and Parts Dealers,1.6,False,CENSUS_MRTS,2025-10-25 23:04:12.293595
2017-02-01,441,Motor Vehicle and Parts Dealers,1.6,False,CENSUS_MRTS,2025-10-25 23:04:12.293595
2017-03-01,441,Motor Vehicle and Parts Dealers,1.5,False,CENSUS_MRTS,2025-10-25 23:04:12.293595
2017-04-01,441,Motor Vehicle and Parts Dealers,1.5,False,CENSUS_MRTS,2025-10-25 23:04:12.293595
2017-05-01,441,Motor Vehicle and Parts Dealers,1.5,False,CENSUS_MRTS,2025-10-25 23:04:12.293595
2017-06-01,441,Motor Vehicle and Parts Dealers,1.5,False,CENSUS_MRTS,2025-10-25 23:04:12.293595
2017-07-01,441,Motor Vehicle and Parts Dealers,1.6,False,CENSUS_MRTS,2025-10-25 23:04:12.293595
2017-08-01,441,Motor Vehicle and Parts Dealers,1.4,False,CENSUS_MRTS,2025-10-25 23:04:12.293595
2017-09-01,441,Motor Vehicle and Parts Dealers,1.4,False,CENSUS_MRTS,2025-10-25 23:04:12.293595
2017-10-01,441,Motor Vehicle and Parts Dealers,1.4,False,CENSUS_MRTS,2025-10-25 23:04:12.293595
2017-11-01,441,Motor Vehicle and Parts Dealers,1.4,False,CENSUS_MRTS,2025-10-25 23:04:12.293595
2017-12-01,441,Motor Vehicle and Parts Dealers,1.4,False,CENSUS_MRTS,2025-10-25 23:04:12.293595
2017-01-01,441,Motor Vehicle and Parts Dealers,215582.0,True,CENSUS_MRTS,2025-10-25 23:04:12.293595
2017-02-01,441,Motor Vehicle and Parts Dealers,217427.0,True,CENSUS_MRTS,2025-10-25 23:04:12.293595
2017-03-01,441,Motor Vehicle and Parts Dealers,219064.0,True,CENSUS_MRTS,2025-10-25 23:04:12.293595
2017-04-01,441,Motor Vehicle and Parts Dealers,219908.0,True,CENSUS_MRTS,2025-10-25 23:04:12.293595
2017-05-01,441,Motor Vehicle and Parts Dealers,220541.0,True,CENSUS_MRTS,2025-10-25 23:04:12.293595
2017-06-01,441,Motor Vehicle and Parts Dealers,221867.0,True,CENSUS_MRTS,2025-10-25 23:04:12.293595
2017-07-01,441,Motor Vehicle and Parts Dealers,222102.0,True,CENSUS_MRTS,2025-10-25 23:04:12.293595
2017-08-01,441,Motor Vehicle and Parts Dealers,223725.0,True,CENSUS_MRTS,2025-10-25 23:04:12.293595
2017-09-01,441,Motor Vehicle and Parts Dealers,219376.0,True,CENSUS_MRTS,2025-10-25 23:04:12.293595
2017-10-01,441,Motor Vehicle and Parts Dealers,218671.0,True,CENSUS_MRTS,2025-10-25 23:04:12.293595
2017-11-01,441,Motor Vehicle and Parts Dealers,218402.0,True,CENSUS_MRTS,2025-10-25 23:04:12.293595
2017-12-01,441,Motor Vehicle and Parts Dealers,219016.0,True,CENSUS_MRTS,2025-10-25 23:04:12.293595
2017-01-01,441,Motor Vehicle and Parts Dealers,1.6,True,CENSUS_MRTS,2025-10-25 23:04:12.293595
2017-02-01,441,Motor Vehicle and Parts Dealers,1.6,True,CENSUS_MRTS,2025-10-25 23:04:12.293595
2017-03-01,441,Motor Vehicle and Parts Dealers,1.5,True,CENSUS_MRTS,2025-10-25 23:04:12.293595
2017-04-01,441,Motor Vehicle and Parts Dealers,1.5,True,CENSUS_MRTS,2025-10-25 23:04:12.293595
2017-05-01,441,Motor Vehicle and Parts Dealers,1.5,True,CENSUS_MRTS,2025-10-25 23:04:12.293595
2017-09-01,441,Motor Vehicle and Parts Dealers,0.3,False,CENSUS_MRTS,2025-10-25 23:04:12.293595
2017-10-01,441,Motor Vehicle and Parts Dealers,0.3,False,CENSUS_MRTS,2025-10-25 23:04:12.293595
2017-11-01,441,Motor Vehicle and Parts Dealers,0.3,False,CENSUS_MRTS,2025-10-25 23:04:12.293595
2017-12-01,441,Motor Vehicle and Parts Dealers,0.4,False,CENSUS_MRTS,2025-10-25 23:04:12.293595
2017-01-01,441,Motor Vehicle and Parts Dealers,-0.1,True,CENSUS_MRTS,2025-10-25 23:04:12.293595
2017-02-01,441,Motor Vehicle and Parts Dealers,-0.6,True,CENSUS_MRTS,2025-10-25 23:04:12.293595
2017-03-01,441,Motor Vehicle and Parts Dealers,-1.9,True,CENSUS_MRTS,2025-10-25 23:04:12.293595
2017-04-01,441,Motor Vehicle and Parts Dealers,0.6,True,CENSUS_MRTS,2025-10-25 23:04:12.293595
2017-05-01,441,Motor Vehicle and Parts Dealers,0.3,True,CENSUS_MRTS,2025-10-25 23:04:12.293595
2017-06-01,441,Motor Vehicle and Parts Dealers,1.1,True,CENSUS_MRTS,2025-10-25 23:04:12.293595
2017-07-01,441,Motor Vehicle and Parts Dealers,0.1,True,CENSUS_MRTS,2025-10-25 23:04:12.293595
2017-08-01,441,Motor Vehicle and Parts Dealers,-1.9,True,CENSUS_MRTS,2025-10-25 23:04:12.293595
2017-09-01,441,Motor Vehicle and Parts Dealers,4.0,True,CENSUS_MRTS,2025-10-25 23:04:12.293595
2017-10-01,441,Motor Vehicle and Parts Dealers,0.7,True,CENSUS_MRTS,2025-10-25 23:04:12.293595
2017-11-01,441,Motor Vehicle and Parts Dealers,-0.8,True,CENSUS_MRTS,2025-10-25 23:04:12.293595
2017-12-01,441,Motor Vehicle and Parts Dealers,-0.2,True,CENSUS_MRTS,2025-10-25 23:04:12.293595
2017-01-01,441,Motor Vehicle and Parts Dealers,0.5,True,CENSUS_MRTS,2025-10-25 23:04:12.293595
2017-02-01,441,Motor Vehicle and Parts Dealers,0.4,True,CENSUS_MRTS,2025-10-25 23:04:12.293595
2017-01-01,441,Motor Vehicle and Parts Dealers,0.03,True,CENSUS_MRTS,2025-10-25 23:04:12.293595
2017-02-01,441,Motor Vehicle and Parts Dealers,0.03,True,CENSUS_MRTS,2025-10-25 23:04:12.293595
2017-03-01,441,Motor Vehicle and Parts Dealers,0.02,True,CENSUS_MRTS,2025-10-25 23:04:12.293595
2017-04-01,441,Motor Vehicle and Parts Dealers,0.02,True,CENSUS_MRTS,2025-10-25 23:04:12.293595
2017-05-01,441,Motor Vehicle and Parts Dealers,0.02,True,CENSUS_MRTS,2025-10-25 23:04:12.293595
2017-06-01,441,Motor Vehicle and Parts Dealers,0.02,True,CENSUS_MRTS,2025-10-25 23:04:12.293595
2017-07-01,441,Motor Vehicle and Parts Dealers,0.02,True,CENSUS_MRTS,2025-10-25 23:04:12.293595
2017-08-01,441,Motor Vehicle and Parts Dealers,0.02,True,CENSUS_MRTS,2025-10-25 23:04:12.293595
2017-09-01,441,Motor Vehicle and Parts Dealers,0.02,True,CENSUS_MRTS,2025-10-25 23:04:12.293595
2017-10-01,441,Motor Vehicle and Parts Dealers,0.02,True,CENSUS_MRTS,2025-10-25 23:04:12.293595
2017-11-01,441,Motor Vehicle and Parts Dealers,0.02,True,CENSUS_MRTS,2025-10-25 23:04:12.293595
2017-12-01,441,Motor Vehicle and Parts Dealers,0.02,True,CENSUS_MRTS,2025-10-25 23:04:12.293595
2017-01-01,441,Motor Vehicle and Parts Dealers,2.0,False,CENSUS_MRTS,2025-10-25 23:04:12.293595
2017-02-01,441,Motor Vehicle and Parts Dealers,1.3,False,CENSUS_MRTS,2025-10-25 23:04:12.293595
2017-03-01,441,Motor Vehicle and Parts Dealers,1.7,False,CENSUS_MRTS,2025-10-25 23:04:12.293595
2017-04-01,441,Motor Vehicle and Parts Dealers,-0.1,False,CENSUS_MRTS,2025-10-25 23:04:12.293595
2017-05-01,441,Motor Vehicle and Parts Dealers,-1.1,False,CENSUS_MRTS,2025-10-25 23:04:12.293595
2017-06-01,441,Motor Vehicle and Parts Dealers,0.8,False,CENSUS_MRTS,2025-10-25 23:04:12.293595
2017-07-01,441,Motor Vehicle and Parts Dealers,-3.7,False,CENSUS_MRTS,2025-10-25 23:04:12.293595
2017-08-01,441,Motor Vehicle and Parts Dealers,0.4,False,CENSUS_MRTS,2025-10-25 23:04:12.293595
2017-09-01,441,Motor Vehicle and Parts Dealers,-1.3,False,CENSUS_MRTS,2025-10-25 23:04:12.293595
2017-10-01,441,Motor Vehicle and Parts Dealers,2.0,False,CENSUS_MRTS,2025-10-25 23:04:12.293595
2017-11-01,441,Motor Vehicle and Parts Dealers,1.5,False,CENSUS_MRTS,2025-10-25 23:04:12.293595
2017-12-01,441,Motor Vehicle and Parts Dealers,-0.9,False,CENSUS_MRTS,2025-10-25 23:04:12.293595
2018-09-01,441,Motor Vehicle and Parts Dealers,1.5,False,CENSUS_MRTS,2025-10-25 23:04:12.293595
2018-10-01,441,Motor Vehicle and Parts Dealers,1.6,False,CENSUS_MRTS,2025-10-25 23:04:12.293595
2018-11-01,441,Motor Vehicle and Parts Dealers,1.6,False,CENSUS_MRTS,2025-10-25 23:04:12.293595
2018-12-01,441,Motor Vehicle and Parts Dealers,1.5,False,CENSUS_MRTS,2025-10-25 23:04:12.293595
2018-01-01,441,Motor Vehicle and Parts Dealers,220080.0,True,CENSUS_MRTS,2025-10-25 23:04:12.293595
2018-02-01,441,Motor Vehicle and Parts Dealers,221342.0,True,CENSUS_MRTS,2025-10-25 23:04:12.293595
2018-11-01,441,Motor Vehicle and Parts Dealers,0.02,False,CENSUS_MRTS,2025-10-25 23:04:12.293595
2018-12-01,441,Motor Vehicle and Parts Dealers,0.02,False,CENSUS_MRTS,2025-10-25 23:04:12.293595
2018-01-01,441,Motor Vehicle and Parts Dealers,2.24,True,CENSUS_MRTS,2025-10-25 23:04:12.293595
2018-02-01,441,Motor Vehicle and Parts Dealers,2.25,True,CENSUS_MRTS,2025-10-25 23:04:12.293595
2018-03-01,441,Motor Vehicle and Parts Dealers,2.24,True,CENSUS_MRTS,2025-10-25 23:04:12.293595
2018-04-01,441,Motor Vehicle and Parts Dealers,2.25,True,CENSUS_MRTS,2025-10-25 23:04:12.293595
2018-05-01,441,Motor Vehicle and Parts Dealers,2.24,True,CENSUS_MRTS,2025-10-25 23:04:12.293595
2018-06-01,441,Motor Vehicle and Parts Dealers,2.26,True,CENSUS_MRTS,2025-10-25 23:04:12.293595
2018-07-01,441,Motor Vehicle and Parts Dealers,2.26,True,CENSUS_MRTS,2025-10-25 23:04:12.293595
2018-08-01,441,Motor Vehicle and Parts Dealers,2.3,True,CENSUS_MRTS,2025-10-25 23:04:12.293595
2018-09-01,441,Motor Vehicle and Parts Dealers,2.34,True,CENSUS_MRTS,2025-10-25 23:04:12.293595
2018-10-01,441,Motor Vehicle and Parts Dealers,2.34,True,CENSUS_MRTS,2025-10-25 23:04:12.293595
2018-11-01,441,Motor Vehicle and Parts Dealers,2.32,True,CENSUS_MRTS,2025-10-25 23:04:12.293595
2018-12-01,441,Motor Vehicle and Parts Dealers,2.31,True,CENSUS_MRTS,2025-10-25 23:04:12.293595
2018-01-01,441,Motor Vehicle and Parts Dealers,0.02,True,CENSUS_MRTS,2025-10-25 23:04:12.293595
2018-02-01,441,Motor Vehicle and Parts Dealers,0.03,True,CENSUS_MRTS,2025-10-25 23:04:12.293595
2018-05-01,441,Motor Vehicle and Parts Dealers,-0.9,False,CENSUS_MRTS,2025-10-25 23:04:12.293595
2018-06-01,441,Motor Vehicle and Parts Dealers,-0.4,False,CENSUS_MRTS,2025-10-25 23:04:12.293595
2018-07-01,441,Motor Vehicle and Parts Dealers,-2.5,False,CENSUS_MRTS,2025-10-25 23:04:12.293595
2018-08-01,441,Motor Vehicle and Parts Dealers,1.0,False,CENSUS_MRTS,2025-10-25 23:04:12.293595
2018-09-01,441,Motor Vehicle and Parts Dealers,0.9,False,CENSUS_MRTS,2025-10-25 23:04:12.293595
2018-10-01,441,Motor Vehicle and Parts Dealers,3.5,False,CENSUS_MRTS,2025-10-25 23:04:12.293595
2018-11-01,441,Motor Vehicle and Parts Dealers,1.8,False,CENSUS_MRTS,2025-10-25 23:04:12.293595
2018-12-01,441,Motor Vehicle and Parts Dealers,-0.6,False,CENSUS_MRTS,2025-10-25 23:04:12.293595
2018-01-01,441,Motor Vehicle and Parts Dealers,0.2,False,CENSUS_MRTS,2025-10-25 23:04:12.293595
2018-02-01,441,Motor Vehicle and Parts Dealers,0.2,False,CENSUS_MRTS,2025-10-25 23:04:12.293595
2018-03-01,441,Motor Vehicle and Parts Dealers,0.2,False,CENSUS_MRTS,2025-10-25 23:04:12.293595
2018-04-01,441,Motor Vehicle and Parts Dealers,0.2,False,CENSUS_MRTS,2025-10-25 23:04:12.293595
2018-05-01,441,Motor Vehicle and Parts Dealers,0.2,False,CENSUS_MRTS,2025-10-25 23:04:12.293595
2018-06-01,441,Motor Vehicle and Parts Dealers,0.2,False,CENSUS_MRTS,2025-10-25 23:04:12.293595
2018-07-01,441,Motor Vehicle and Parts Dealers,0.2,False,CENSUS_MRTS,2025-10-25 23:04:12.293595
2018-08-01,441,Motor Vehicle and Parts Dealers,0.3,False,CENSUS_MRTS,2025-10-25 23:04:12.293595
2018-09-01,441,Motor Vehicle and Parts Dealers,0.2,False,CENSUS_MRTS,2025-10-25 23:04:12.293595
2018-10-01,441,Motor Vehicle and Parts Dealers,0.3,False,CENSUS_MRTS,2025-10-25 23:04:12.293595
2018-02-01,441,Motor Vehicle and Parts Dealers,88141.0,False,CENSUS_MRTS,2025-10-25 23:04:12.293595
2018-03-01,441,Motor Vehicle and Parts Dealers,107921.0,False,CENSUS_MRTS,2025-10-25 23:04:12.293595
2018-04-01,441,Motor Vehicle and Parts Dealers,97792.0,False,CENSUS_MRTS,2025-10-25 23:04:12.293595
2018-05-01,441,Motor Vehicle and Parts Dealers,107522.0,False,CENSUS_MRTS,2025-10-25 23:04:12.293595
2018-06-01,441,Motor Vehicle and Parts Dealers,103136.0,False,CENSUS_MRTS,2025-10-25 23:04:12.293595
2018-07-01,441,Motor Vehicle and Parts Dealers,102073.0,False,CENSUS_MRTS,2025-10-25 23:04:12.293595
2018-08-01,441,Motor Vehicle and Parts Dealers,106600.0,False,CENSUS_MRTS,2025-10-25 23:04:12.293595
2018-09-01,441,Motor Vehicle and Parts Dealers,94538.0,False,CENSUS_MRTS,2025-10-25 23:04:12.293595
2018-10-01,441,Motor Vehicle and Parts Dealers,97652.0,False,CENSUS_MRTS,2025-10-25 23:04:12.293595
2018-11-01,441,Motor Vehicle and Parts Dealers,94014.0,False,CENSUS_MRTS,2025-10-25 23:04:12.293595
2018-12-01,441,Motor Vehicle and Parts Dealers,99911.0,False,CENSUS_MRTS,2025-10-25 23:04:12.293595
2018-01-01,441,Motor Vehicle and Parts Dealers,1.3,False,CENSUS_MRTS,2025-10-25 23:04:12.293595
2018-02-01,441,Motor Vehicle and Parts Dealers,1.4,False,CENSUS_MRTS,2025-10-25 23:04:12.293595
2018-03-01,441,Motor Vehicle and Parts Dealers,0.9,False,CENSUS_MRTS,2025-10-25 23:04:12.293595
2018-04-01,441,Motor Vehicle and Parts Dealers,1.0,False,CENSUS_MRTS,2025-10-25 23:04:12.293595
2018-05-01,441,Motor Vehicle and Parts Dealers,0.9,False,CENSUS_MRTS,2025-10-25 23:04:12.293595
2018-06-01,441,Motor Vehicle and Parts Dealers,0.9,False,CENSUS_MRTS,2025-10-25 23:04:12.293595
2018-07-01,441,Motor Vehicle and Parts Dealers,0.9,False,CENSUS_MRTS,2025-10-25 23:04:12.293595
2018-08-01,441,Motor Vehicle and Parts Dealers,0.9,False,CENSUS_MRTS,2025-10-25 23:04:12.293595
2018-09-01,441,Motor Vehicle and Parts Dealers,1.1,False,CENSUS_MRTS,2025-10-25 23:04:12.293595
2018-10-01,441,Motor Vehicle and Parts Dealers,1.1,False,CENSUS_MRTS,2025-10-25 23:04:12.293595
2018-11-01,441,Motor Vehicle and Parts Dealers,1.2,False,CENSUS_MRTS,2025-10-25 23:04:12.293595
2018-12-01,441,Motor Vehicle and Parts Dealers,1.1,False,CENSUS_MRTS,2025-10-25 23:04:12.293595
2018-01-01,441,Motor Vehicle and Parts Dealers,98428.0,True,CENSUS_MRTS,2025-10-25 23:04:12.293595
2018-02-01,441,Motor Vehicle and Parts Dealers,98170.0,True,CENSUS_MRTS,2025-10-25 23:04:12.293595
2018-03-01,441,Motor Vehicle and Parts Dealers,98338.0,True,CENSUS_MRTS,2025-10-25 23:04:12.293595
2018-04-01,441,Motor Vehicle and Parts Dealers,98390.0,True,CENSUS_MRTS,2025-10-25 23:04:12.293595
2018-05-01,441,Motor Vehicle and Parts Dealers,99291.0,True,CENSUS_MRTS,2025-10-25 23:04:12.293595
2018-06-01,441,Motor Vehicle and Parts Dealers,98841.0,True,CENSUS_MRTS,2025-10-25 23:04:12.293595
2018-07-01,441,Motor Vehicle and Parts Dealers,99315.0,True,CENSUS_MRTS,2025-10-25 23:04:12.293595
2018-08-01,441,Motor Vehicle and Parts Dealers,98656.0,True,CENSUS_MRTS,2025-10-25 23:04:12.293595
2018-09-01,441,Motor Vehicle and Parts Dealers,98044.0,True,CENSUS_MRTS,2025-10-25 23:04:12.293595
2018-10-01,441,Motor Vehicle and Parts Dealers,98586.0,True,CENSUS_MRTS,2025-10-25 23:04:12.293595
2018-11-01,441,Motor Vehicle and Parts Dealers,99709.0,True,CENSUS_MRTS,2025-10-25 23:04:12.293595
2018-12-01,441,Motor Vehicle and Parts Dealers,100620.0,True,CENSUS_MRTS,2025-10-25 23:04:12.293595
2018-01-01,441,Motor Vehicle and Parts Dealers,1.3,True,CENSUS_MRTS,2025-10-25 23:04:12.293595
2018-02-01,441,Motor Vehicle and Parts Dealers,1.4,True,CENSUS_MRTS,2025-10-25 23:04:12.293595
2018-03-01,441,Motor Vehicle and Parts Dealers,0.9,True,CENSUS_MRTS,2025-10-25 23:04:12.293595
2018-04-01,441,Motor Vehicle and Parts Dealers,1.0,True,CENSUS_MRTS,2025-10-25 23:04:12.293595
2018-05-01,441,Motor Vehicle and Parts Dealers,0.9,True,CENSUS_MRTS,2025-10-25 23:04:12.293595
2018-06-01,441,Motor Vehicle and Parts Dealers,0.9,True,CENSUS_MRTS,2025-10-25 23:04:12.293595
2018-07-01,441,Motor Vehicle and Parts Dealers,0.9,True,CENSUS_MRTS,2025-10-25 23:04:12.293595
2018-08-01,441,Motor Vehicle and Parts Dealers,0.9,True,CENSUS_MRTS,2025-10-25 23:04:12.293595
2018-09-01,441,Motor Vehicle and Parts Dealers,1.1,True,CENSUS_MRTS,2025-10-25 23:04:12.293595
2018-10-01,441,Motor Vehicle and Parts Dealers,1.1,True,CENSUS_MRTS,2025-10-25 23:04:12.293595
2018-11-01,441,Motor Vehicle and Parts Dealers,1.2,True,CENSUS_MRTS,2025-10-25 23:04:12.293595
2018-12-01,441,Motor Vehicle and Parts Dealers,1.1,True,CENSUS_MRTS,2025-10-25 23:04:12.293595
2018-01-01,441,Motor Vehicle and Parts Dealers,222727.0,False,CENSUS_MRTS,2025-10-25 23:04:12.293595
2018-02-01,441,Motor Vehicle and Parts Dealers,225639.0,False,CENSUS_MRTS,2025-10-25 23:04:12.293595
2018-03-01,441,Motor Vehicle and Parts Dealers,224956.0,False,CENSUS_MRTS,2025-10-25 23:04:12.293595
2018-04-01,441,Motor Vehicle and Parts Dealers,226735.0,False,CENSUS_MRTS,2025-10-25 23:04:12.293595
2018-05-01,441,Motor Vehicle and Parts Dealers,224775.0,False,CENSUS_MRTS,2025-10-25 23:04:12.293595
2018-06-01,441,Motor Vehicle and Parts Dealers,223834.0,False,CENSUS_MRTS,2025-10-25 23:04:12.293595
2018-07-01,441,Motor Vehicle and Parts Dealers,218221.0,False,CENSUS_MRTS,2025-10-25 23:04:12.293595
2018-08-01,441,Motor Vehicle and Parts Dealers,220313.0,False,CENSUS_MRTS,2025-10-25 23:04:12.293595
2018-09-01,441,Motor Vehicle and Parts Dealers,222374.0,False,CENSUS_MRTS,2025-10-25 23:04:12.293595
2018-10-01,441,Motor Vehicle and Parts Dealers,230157.0,False,CENSUS_MRTS,2025-10-25 23:04:12.293595
2018-11-01,441,Motor Vehicle and Parts Dealers,234213.0,False,CENSUS_MRTS,2025-10-25 23:04:12.293595
2018-12-01,441,Motor Vehicle and Parts Dealers,232765.0,False,CENSUS_MRTS,2025-10-25 23:04:12.293595
2018-01-01,441,Motor Vehicle and Parts Dealers,1.4,False,CENSUS_MRTS,2025-10-25 23:04:12.293595
2018-02-01,441,Motor Vehicle and Parts Dealers,1.4,False,CENSUS_MRTS,2025-10-25 23:04:12.293595
2018-03-01,441,Motor Vehicle and Parts Dealers,1.2,False,CENSUS_MRTS,2025-10-25 23:04:12.293595
2018-04-01,441,Motor Vehicle and Parts Dealers,1.2,False,CENSUS_MRTS,2025-10-25 23:04:12.293595
2018-05-01,441,Motor Vehicle and Parts Dealers,1.2,False,CENSUS_MRTS,2025-10-25 23:04:12.293595
2018-06-01,441,Motor Vehicle and Parts Dealers,1.3,False,CENSUS_MRTS,2025-10-25 23:04:12.293595
2018-07-01,441,Motor Vehicle and Parts Dealers,1.3,False,CENSUS_MRTS,2025-10-25 23:04:12.293595
2018-08-01,441,Motor Vehicle and Parts Dealers,1.5,False,CENSUS_MRTS,2025-10-25 23:04:12.293595
2018-03-01,441,Motor Vehicle and Parts Dealers,220476.0,True,CENSUS_MRTS,2025-10-25 23:04:12.293595
2018-04-01,441,Motor Vehicle and Parts Dealers,221822.0,True,CENSUS_MRTS,2025-10-25 23:04:12.293595
2018-05-01,441,Motor Vehicle and Parts Dealers,222907.0,True,CENSUS_MRTS,2025-10-25 23:04:12.293595
2018-06-01,441,Motor Vehicle and Parts Dealers,223467.0,True,CENSUS_MRTS,2025-10-25 23:04:12.293595
2018-07-01,441,Motor Vehicle and Parts Dealers,224668.0,True,CENSUS_MRTS,2025-10-25 23:04:12.293595
2018-08-01,441,Motor Vehicle and Parts Dealers,227231.0,True,CENSUS_MRTS,2025-10-25 23:04:12.293595
2018-09-01,441,Motor Vehicle and Parts Dealers,229537.0,True,CENSUS_MRTS,2025-10-25 23:04:12.293595
2018-10-01,441,Motor Vehicle and Parts Dealers,230789.0,True,CENSUS_MRTS,2025-10-25 23:04:12.293595
2018-11-01,441,Motor Vehicle and Parts Dealers,231467.0,True,CENSUS_MRTS,2025-10-25 23:04:12.293595
2018-12-01,441,Motor Vehicle and Parts Dealers,232785.0,True,CENSUS_MRTS,2025-10-25 23:04:12.293595
2018-01-01,441,Motor Vehicle and Parts Dealers,1.4,True,CENSUS_MRTS,2025-10-25 23:04:12.293595
2018-02-01,441,Motor Vehicle and Parts Dealers,1.4,True,CENSUS_MRTS,2025-10-25 23:04:12.293595
2018-03-01,441,Motor Vehicle and Parts Dealers,1.2,True,CENSUS_MRTS,2025-10-25 23:04:12.293595
2018-04-01,441,Motor Vehicle and Parts Dealers,1.2,True,CENSUS_MRTS,2025-10-25 23:04:12.293595
2018-05-01,441,Motor Vehicle and Parts Dealers,1.2,True,CENSUS_MRTS,2025-10-25 23:04:12.293595
2018-06-01,441,Motor Vehicle and Parts Dealers,1.3,True,CENSUS_MRTS,2025-10-25 23:04:12.293595
2018-07-01,441,Motor Vehicle and Parts Dealers,1.3,True,CENSUS_MRTS,2025-10-25 23:04:12.293595
2018-08-01,441,Motor Vehicle and Parts Dealers,1.5,True,CENSUS_MRTS,2025-10-25 23:04:12.293595
2018-09-01,441,Motor Vehicle and Parts Dealers,1.5,True,CENSUS_MRTS,2025-10-25 23:04:12.293595
2018-10-01,441,Motor Vehicle and Parts Dealers,1.6,True,CENSUS_MRTS,2025-10-25 23:04:12.293595
2018-11-01,441,Motor Vehicle and Parts Dealers,1.6,True,CENSUS_MRTS,2025-10-25 23:04:12.293595
2018-12-01,441,Motor Vehicle and Parts Dealers,1.5,True,CENSUS_MRTS,2025-10-25 23:04:12.293595
2018-03-01,441,Motor Vehicle and Parts Dealers,0.02,True,CENSUS_MRTS,2025-10-25 23:04:12.293595
2018-04-01,441,Motor Vehicle and Parts Dealers,0.01,True,CENSUS_MRTS,2025-10-25 23:04:12.293595
2018-05-01,441,Motor Vehicle and Parts Dealers,0.02,True,CENSUS_MRTS,2025-10-25 23:04:12.293595
2018-06-01,441,Motor Vehicle and Parts Dealers,0.02,True,CENSUS_MRTS,2025-10-25 23:04:12.293595
2018-07-01,441,Motor Vehicle and Parts Dealers,0.02,True,CENSUS_MRTS,2025-10-25 23:04:12.293595
2018-08-01,441,Motor Vehicle and Parts Dealers,0.02,True,CENSUS_MRTS,2025-10-25 23:04:12.293595
2018-09-01,441,Motor Vehicle and Parts Dealers,0.02,True,CENSUS_MRTS,2025-10-25 23:04:12.293595
2018-10-01,441,Motor Vehicle and Parts Dealers,0.02,True,CENSUS_MRTS,2025-10-25 23:04:12.293595
2018-11-01,441,Motor Vehicle and Parts Dealers,0.02,True,CENSUS_MRTS,2025-10-25 23:04:12.293595
2018-12-01,441,Motor Vehicle and Parts Dealers,0.02,True,CENSUS_MRTS,2025-10-25 23:04:12.293595
2018-01-01,441,Motor Vehicle and Parts Dealers,1.7,False,CENSUS_MRTS,2025-10-25 23:04:12.293595
2018-02-01,441,Motor Vehicle and Parts Dealers,1.3,False,CENSUS_MRTS,2025-10-25 23:04:12.293595
2018-03-01,441,Motor Vehicle and Parts Dealers,-0.3,False,CENSUS_MRTS,2025-10-25 23:04:12.293595
2018-04-01,441,Motor Vehicle and Parts Dealers,0.8,False,CENSUS_MRTS,2025-10-25 23:04:12.293595
2018-12-01,441,Motor Vehicle and Parts Dealers,0.2,True,CENSUS_MRTS,2025-10-25 23:04:12.293595
2018-01-01,441,Motor Vehicle and Parts Dealers,-12.1,False,CENSUS_MRTS,2025-10-25 23:04:12.293595
2018-02-01,441,Motor Vehicle and Parts Dealers,1.5,False,CENSUS_MRTS,2025-10-25 23:04:12.293595
2018-03-01,441,Motor Vehicle and Parts Dealers,22.4,False,CENSUS_MRTS,2025-10-25 23:04:12.293595
2018-04-01,441,Motor Vehicle and Parts Dealers,-9.4,False,CENSUS_MRTS,2025-10-25 23:04:12.293595
2018-05-01,441,Motor Vehicle and Parts Dealers,9.9,False,CENSUS_MRTS,2025-10-25 23:04:12.293595
2018-06-01,441,Motor Vehicle and Parts Dealers,-4.1,False,CENSUS_MRTS,2025-10-25 23:04:12.293595
2018-07-01,441,Motor Vehicle and Parts Dealers,-1.0,False,CENSUS_MRTS,2025-10-25 23:04:12.293595
2018-08-01,441,Motor Vehicle and Parts Dealers,4.4,False,CENSUS_MRTS,2025-10-25 23:04:12.293595
2018-09-01,441,Motor Vehicle and Parts Dealers,-11.3,False,CENSUS_MRTS,2025-10-25 23:04:12.293595
2018-10-01,441,Motor Vehicle and Parts Dealers,3.3,False,CENSUS_MRTS,2025-10-25 23:04:12.293595
2018-11-01,441,Motor Vehicle and Parts Dealers,-3.7,False,CENSUS_MRTS,2025-10-25 23:04:12.293595
2018-12-01,441,Motor Vehicle and Parts Dealers,6.3,False,CENSUS_MRTS,2025-10-25 23:04:12.293595
2018-01-01,441,Motor Vehicle and Parts Dealers,0.4,False,CENSUS_MRTS,2025-10-25 23:04:12.293595
2018-02-01,441,Motor Vehicle and Parts Dealers,0.4,False,CENSUS_MRTS,2025-10-25 23:04:12.293595
2018-03-01,441,Motor Vehicle and Parts Dealers,0.5,False,CENSUS_MRTS,2025-10-25 23:04:12.293595
2018-04-01,441,Motor Vehicle and Parts Dealers,0.5,False,CENSUS_MRTS,2025-10-25 23:04:12.293595
2018-05-01,441,Motor Vehicle and Parts Dealers,0.3,False,CENSUS_MRTS,2025-10-25 23:04:12.293595
2018-06-01,441,Motor Vehicle and Parts Dealers,0.3,False,CENSUS_MRTS,2025-10-25 23:04:12.293595
2018-07-01,441,Motor Vehicle and Parts Dealers,0.3,False,CENSUS_MRTS,2025-10-25 23:04:12.293595
2018-08-01,441,Motor Vehicle and Parts Dealers,0.4,False,CENSUS_MRTS,2025-10-25 23:04:12.293595
2018-09-01,441,Motor Vehicle and Parts Dealers,0.3,False,CENSUS_MRTS,2025-10-25 23:04:12.293595
2018-10-01,441,Motor Vehicle and Parts Dealers,0.4,False,CENSUS_MRTS,2025-10-25 23:04:12.293595
2018-11-01,441,Motor Vehicle and Parts Dealers,0.4,False,CENSUS_MRTS,2025-10-25 23:04:12.293595
2018-12-01,441,Motor Vehicle and Parts Dealers,0.5,False,CENSUS_MRTS,2025-10-25 23:04:12.293595
2018-01-01,441,Motor Vehicle and Parts Dealers,-0.7,True,CENSUS_MRTS,2025-10-25 23:04:12.293595
2018-01-01,441,Motor Vehicle and Parts Dealers,2.57,False,CENSUS_MRTS,2025-10-25 23:04:12.293595
2018-02-01,441,Motor Vehicle and Parts Dealers,2.56,False,CENSUS_MRTS,2025-10-25 23:04:12.293595
2018-03-01,441,Motor Vehicle and Parts Dealers,2.08,False,CENSUS_MRTS,2025-10-25 23:04:12.293595
2018-04-01,441,Motor Vehicle and Parts Dealers,2.32,False,CENSUS_MRTS,2025-10-25 23:04:12.293595
2018-05-01,441,Motor Vehicle and Parts Dealers,2.09,False,CENSUS_MRTS,2025-10-25 23:04:12.293595
2018-06-01,441,Motor Vehicle and Parts Dealers,2.17,False,CENSUS_MRTS,2025-10-25 23:04:12.293595
2018-07-01,441,Motor Vehicle and Parts Dealers,2.14,False,CENSUS_MRTS,2025-10-25 23:04:12.293595
2018-08-01,441,Motor Vehicle and Parts Dealers,2.07,False,CENSUS_MRTS,2025-10-25 23:04:12.293595
2018-09-01,441,Motor Vehicle and Parts Dealers,2.35,False,CENSUS_MRTS,2025-10-25 23:04:12.293595
2018-10-01,441,Motor Vehicle and Parts Dealers,2.36,False,CENSUS_MRTS,2025-10-25 23:04:12.293595
2018-11-01,441,Motor Vehicle and Parts Dealers,2.49,False,CENSUS_MRTS,2025-10-25 23:04:12.293595
2018-12-01,441,Motor Vehicle and Parts Dealers,2.33,False,CENSUS_MRTS,2025-10-25 23:04:12.293595
2018-01-01,441,Motor Vehicle and Parts Dealers,0.02,False,CENSUS_MRTS,2025-10-25 23:04:12.293595
2018-02-01,441,Motor Vehicle and Parts Dealers,0.03,False,CENSUS_MRTS,2025-10-25 23:04:12.293595
2018-03-01,441,Motor Vehicle and Parts Dealers,0.02,False,CENSUS_MRTS,2025-10-25 23:04:12.293595
2018-04-01,441,Motor Vehicle and Parts Dealers,0.01,False,CENSUS_MRTS,2025-10-25 23:04:12.293595
2018-05-01,441,Motor Vehicle and Parts Dealers,0.02,False,CENSUS_MRTS,2025-10-25 23:04:12.293595
2018-06-01,441,Motor Vehicle and Parts Dealers,0.02,False,CENSUS_MRTS,2025-10-25 23:04:12.293595
2018-07-01,441,Motor Vehicle and Parts Dealers,0.02,False,CENSUS_MRTS,2025-10-25 23:04:12.293595
2018-08-01,441,Motor Vehicle and Parts Dealers,0.02,False,CENSUS_MRTS,2025-10-25 23:04:12.293595
2018-09-01,441,Motor Vehicle and Parts Dealers,0.02,False,CENSUS_MRTS,2025-10-25 23:04:12.293595
2018-10-01,441,Motor Vehicle and Parts Dealers,0.02,False,CENSUS_MRTS,2025-10-25 23:04:12.293595
2018-02-01,441,Motor Vehicle and Parts Dealers,-0.3,True,CENSUS_MRTS,2025-10-25 23:04:12.293595
2018-03-01,441,Motor Vehicle and Parts Dealers,0.2,True,CENSUS_MRTS,2025-10-25 23:04:12.293595
2018-04-01,441,Motor Vehicle and Parts Dealers,0.1,True,CENSUS_MRTS,2025-10-25 23:04:12.293595
2018-05-01,441,Motor Vehicle and Parts Dealers,0.9,True,CENSUS_MRTS,2025-10-25 23:04:12.293595
2018-06-01,441,Motor Vehicle and Parts Dealers,-0.5,True,CENSUS_MRTS,2025-10-25 23:04:12.293595
2018-07-01,441,Motor Vehicle and Parts Dealers,0.5,True,CENSUS_MRTS,2025-10-25 23:04:12.293595
2018-08-01,441,Motor Vehicle and Parts Dealers,-0.7,True,CENSUS_MRTS,2025-10-25 23:04:12.293595
2018-09-01,441,Motor Vehicle and Parts Dealers,-0.6,True,CENSUS_MRTS,2025-10-25 23:04:12.293595
2018-10-01,441,Motor Vehicle and Parts Dealers,0.6,True,CENSUS_MRTS,2025-10-25 23:04:12.293595
2018-11-01,441,Motor Vehicle and Parts Dealers,1.1,True,CENSUS_MRTS,2025-10-25 23:04:12.293595
2018-12-01,441,Motor Vehicle and Parts Dealers,0.9,True,CENSUS_MRTS,2025-10-25 23:04:12.293595
2018-01-01,441,Motor Vehicle and Parts Dealers,0.4,True,CENSUS_MRTS,2025-10-25 23:04:12.293595
2018-02-01,441,Motor Vehicle and Parts Dealers,0.4,True,CENSUS_MRTS,2025-10-25 23:04:12.293595
2018-03-01,441,Motor Vehicle and Parts Dealers,0.5,True,CENSUS_MRTS,2025-10-25 23:04:12.293595
2018-04-01,441,Motor Vehicle and Parts Dealers,0.5,True,CENSUS_MRTS,2025-10-25 23:04:12.293595
2018-05-01,441,Motor Vehicle and Parts Dealers,0.3,True,CENSUS_MRTS,2025-10-25 23:04:12.293595
2018-06-01,441,Motor Vehicle and Parts Dealers,0.3,True,CENSUS_MRTS,2025-10-25 23:04:12.293595
2018-07-01,441,Motor Vehicle and Parts Dealers,0.3,True,CENSUS_MRTS,2025-10-25 23:04:12.293595
2018-08-01,441,Motor Vehicle and Parts Dealers,0.4,True,CENSUS_MRTS,2025-10-25 23:04:12.293595
2018-09-01,441,Motor Vehicle and Parts Dealers,0.3,True,CENSUS_MRTS,2025-10-25 23:04:12.293595
2018-10-01,441,Motor Vehicle and Parts Dealers,0.4,True,CENSUS_MRTS,2025-10-25 23:04:12.293595
2018-11-01,441,Motor Vehicle and Parts Dealers,0.4,True,CENSUS_MRTS,2025-10-25 23:04:12.293595
2018-12-01,441,Motor Vehicle and Parts Dealers,0.5,True,CENSUS_MRTS,2025-10-25 23:04:12.293595
2018-01-01,441,Motor Vehicle and Parts Dealers,86806.0,False,CENSUS_MRTS,2025-10-25 23:04:12.293595
2018-11-01,441,Motor Vehicle and Parts Dealers,0.3,False,CENSUS_MRTS,2025-10-25 23:04:12.293595
2018-12-01,441,Motor Vehicle and Parts Dealers,0.2,False,CENSUS_MRTS,2025-10-25 23:04:12.293595
2018-01-01,441,Motor Vehicle and Parts Dealers,0.5,True,CENSUS_MRTS,2025-10-25 23:04:12.293595
2018-02-01,441,Motor Vehicle and Parts Dealers,0.6,True,CENSUS_MRTS,2025-10-25 23:04:12.293595
2018-03-01,441,Motor Vehicle and Parts Dealers,-0.4,True,CENSUS_MRTS,2025-10-25 23:04:12.293595
2018-04-01,441,Motor Vehicle and Parts Dealers,0.6,True,CENSUS_MRTS,2025-10-25 23:04:12.293595
2018-05-01,441,Motor Vehicle and Parts Dealers,0.5,True,CENSUS_MRTS,2025-10-25 23:04:12.293595
2018-06-01,441,Motor Vehicle and Parts Dealers,0.3,True,CENSUS_MRTS,2025-10-25 23:04:12.293595
2018-07-01,441,Motor Vehicle and Parts Dealers,0.5,True,CENSUS_MRTS,2025-10-25 23:04:12.293595
2018-08-01,441,Motor Vehicle and Parts Dealers,1.1,True,CENSUS_MRTS,2025-10-25 23:04:12.293595
2018-09-01,441,Motor Vehicle and Parts Dealers,1.0,True,CENSUS_MRTS,2025-10-25 23:04:12.293595
2018-10-01,441,Motor Vehicle and Parts Dealers,0.5,True,CENSUS_MRTS,2025-10-25 23:04:12.293595
2018-11-01,441,Motor Vehicle and Parts Dealers,0.3,True,CENSUS_MRTS,2025-10-25 23:04:12.293595
2018-12-01,441,Motor Vehicle and Parts Dealers,0.6,True,CENSUS_MRTS,2025-10-25 23:04:12.293595
2018-01-01,441,Motor Vehicle and Parts Dealers,0.2,True,CENSUS_MRTS,2025-10-25 23:04:12.293595
2018-02-01,441,Motor Vehicle and Parts Dealers,0.2,True,CENSUS_MRTS,2025-10-25 23:04:12.293595
2018-03-01,441,Motor Vehicle and Parts Dealers,0.2,True,CENSUS_MRTS,2025-10-25 23:04:12.293595
2018-04-01,441,Motor Vehicle and Parts Dealers,0.2,True,CENSUS_MRTS,2025-10-25 23:04:12.293595
2018-05-01,441,Motor Vehicle and Parts Dealers,0.2,True,CENSUS_MRTS,2025-10-25 23:04:12.293595
2018-06-01,441,Motor Vehicle and Parts Dealers,0.2,True,CENSUS_MRTS,2025-10-25 23:04:12.293595
2018-07-01,441,Motor Vehicle and Parts Dealers,0.2,True,CENSUS_MRTS,2025-10-25 23:04:12.293595
2018-08-01,441,Motor Vehicle and Parts Dealers,0.3,True,CENSUS_MRTS,2025-10-25 23:04:12.293595
2018-09-01,441,Motor Vehicle and Parts Dealers,0.2,True,CENSUS_MRTS,2025-10-25 23:04:12.293595
2018-10-01,441,Motor Vehicle and Parts Dealers,0.3,True,CENSUS_MRTS,2025-10-25 23:04:12.293595
2018-11-01,441,Motor Vehicle and Parts Dealers,0.3,True,CENSUS_MRTS,2025-10-25 23:04:12.293595
2019-08-01,441,Motor Vehicle and Parts Dealers,0.02,False,CENSUS_MRTS,2025-10-25 23:04:12.293595
2019-09-01,441,Motor Vehicle and Parts Dealers,0.02,False,CENSUS_MRTS,2025-10-25 23:04:12.293595
2019-10-01,441,Motor Vehicle and Parts Dealers,0.02,False,CENSUS_MRTS,2025-10-25 23:04:12.293595
2019-11-01,441,Motor Vehicle and Parts Dealers,0.02,False,CENSUS_MRTS,2025-10-25 23:04:12.293595
2019-12-01,441,Motor Vehicle and Parts Dealers,0.02,False,CENSUS_MRTS,2025-10-25 23:04:12.293595
2019-01-01,441,Motor Vehicle and Parts Dealers,2.4,True,CENSUS_MRTS,2025-10-25 23:04:12.293595
2019-02-01,441,Motor Vehicle and Parts Dealers,2.36,True,CENSUS_MRTS,2025-10-25 23:04:12.293595
2019-03-01,441,Motor Vehicle and Parts Dealers,2.29,True,CENSUS_MRTS,2025-10-25 23:04:12.293595
2019-04-01,441,Motor Vehicle and Parts Dealers,2.35,True,CENSUS_MRTS,2025-10-25 23:04:12.293595
2019-05-01,441,Motor Vehicle and Parts Dealers,2.32,True,CENSUS_MRTS,2025-10-25 23:04:12.293595
2019-06-01,441,Motor Vehicle and Parts Dealers,2.32,True,CENSUS_MRTS,2025-10-25 23:04:12.293595
2019-08-01,441,Motor Vehicle and Parts Dealers,0.2,True,CENSUS_MRTS,2025-10-25 23:04:12.293595
2019-09-01,441,Motor Vehicle and Parts Dealers,0.2,True,CENSUS_MRTS,2025-10-25 23:04:12.293595
2019-10-01,441,Motor Vehicle and Parts Dealers,0.2,True,CENSUS_MRTS,2025-10-25 23:04:12.293595
2019-11-01,441,Motor Vehicle and Parts Dealers,0.2,True,CENSUS_MRTS,2025-10-25 23:04:12.293595
2019-12-01,441,Motor Vehicle and Parts Dealers,0.2,True,CENSUS_MRTS,2025-10-25 23:04:12.293595
2019-01-01,441,Motor Vehicle and Parts Dealers,-13.2,False,CENSUS_MRTS,2025-10-25 23:04:12.293595
2019-02-01,441,Motor Vehicle and Parts Dealers,1.9,False,CENSUS_MRTS,2025-10-25 23:04:12.293595
2019-03-01,441,Motor Vehicle and Parts Dealers,23.0,False,CENSUS_MRTS,2025-10-25 23:04:12.293595
2019-04-01,441,Motor Vehicle and Parts Dealers,-6.3,False,CENSUS_MRTS,2025-10-25 23:04:12.293595
2019-05-01,441,Motor Vehicle and Parts Dealers,8.1,False,CENSUS_MRTS,2025-10-25 23:04:12.293595
2019-06-01,441,Motor Vehicle and Parts Dealers,-6.5,False,CENSUS_MRTS,2025-10-25 23:04:12.293595
2019-07-01,441,Motor Vehicle and Parts Dealers,4.3,False,CENSUS_MRTS,2025-10-25 23:04:12.293595
2019-08-01,441,Motor Vehicle and Parts Dealers,4.7,False,CENSUS_MRTS,2025-10-25 23:04:12.293595
2019-09-01,441,Motor Vehicle and Parts Dealers,-13.2,False,CENSUS_MRTS,2025-10-25 23:04:12.293595
2019-10-01,441,Motor Vehicle and Parts Dealers,4.0,False,CENSUS_MRTS,2025-10-25 23:04:12.293595
2019-11-01,441,Motor Vehicle and Parts Dealers,-2.7,False,CENSUS_MRTS,2025-10-25 23:04:12.293595
2019-12-01,441,Motor Vehicle and Parts Dealers,2.2,False,CENSUS_MRTS,2025-10-25 23:04:12.293595
2019-01-01,441,Motor Vehicle and Parts Dealers,0.4,False,CENSUS_MRTS,2025-10-25 23:04:12.293595
2019-02-01,441,Motor Vehicle and Parts Dealers,0.2,False,CENSUS_MRTS,2025-10-25 23:04:12.293595
2019-03-01,441,Motor Vehicle and Parts Dealers,0.6,False,CENSUS_MRTS,2025-10-25 23:04:12.293595
2019-04-01,441,Motor Vehicle and Parts Dealers,0.4,False,CENSUS_MRTS,2025-10-25 23:04:12.293595
2019-05-01,441,Motor Vehicle and Parts Dealers,0.4,False,CENSUS_MRTS,2025-10-25 23:04:12.293595
2019-06-01,441,Motor Vehicle and Parts Dealers,0.3,False,CENSUS_MRTS,2025-10-25 23:04:12.293595
2019-07-01,441,Motor Vehicle and Parts Dealers,0.2,False,CENSUS_MRTS,2025-10-25 23:04:12.293595
2019-08-01,441,Motor Vehicle and Parts Dealers,0.4,False,CENSUS_MRTS,2025-10-25 23:04:12.293595
2019-09-01,441,Motor Vehicle and Parts Dealers,0.3,False,CENSUS_MRTS,2025-10-25 23:04:12.293595
2019-10-01,441,Motor Vehicle and Parts Dealers,0.2,False,CENSUS_MRTS,2025-10-25 23:04:12.293595
2019-11-01,441,Motor Vehicle and Parts Dealers,0.3,False,CENSUS_MRTS,2025-10-25 23:04:12.293595
2019-12-01,441,Motor Vehicle and Parts Dealers,0.4,False,CENSUS_MRTS,2025-10-25 23:04:12.293595
2019-01-01,441,Motor Vehicle and Parts Dealers,237521.0,False,CENSUS_MRTS,2025-10-25 23:04:12.293595
2019-02-01,441,Motor Vehicle and Parts Dealers,239459.0,False,CENSUS_MRTS,2025-10-25 23:04:12.293595
2019-03-01,441,Motor Vehicle and Parts Dealers,236747.0,False,CENSUS_MRTS,2025-10-25 23:04:12.293595
2019-04-01,441,Motor Vehicle and Parts Dealers,239679.0,False,CENSUS_MRTS,2025-10-25 23:04:12.293595
2019-05-01,441,Motor Vehicle and Parts Dealers,237404.0,False,CENSUS_MRTS,2025-10-25 23:04:12.293595
2019-06-01,441,Motor Vehicle and Parts Dealers,234374.0,False,CENSUS_MRTS,2025-10-25 23:04:12.293595
2019-07-01,441,Motor Vehicle and Parts Dealers,230876.0,False,CENSUS_MRTS,2025-10-25 23:04:12.293595
2019-08-01,441,Motor Vehicle and Parts Dealers,228502.0,False,CENSUS_MRTS,2025-10-25 23:04:12.293595
2019-11-01,441,Motor Vehicle and Parts Dealers,2.21,True,CENSUS_MRTS,2025-10-25 23:04:12.293595
2019-12-01,441,Motor Vehicle and Parts Dealers,2.23,True,CENSUS_MRTS,2025-10-25 23:04:12.293595
2019-01-01,441,Motor Vehicle and Parts Dealers,0.03,True,CENSUS_MRTS,2025-10-25 23:04:12.293595
2019-02-01,441,Motor Vehicle and Parts Dealers,0.02,True,CENSUS_MRTS,2025-10-25 23:04:12.293595
2019-03-01,441,Motor Vehicle and Parts Dealers,0.02,True,CENSUS_MRTS,2025-10-25 23:04:12.293595
2019-04-01,441,Motor Vehicle and Parts Dealers,0.02,True,CENSUS_MRTS,2025-10-25 23:04:12.293595
2019-05-01,441,Motor Vehicle and Parts Dealers,0.02,True,CENSUS_MRTS,2025-10-25 23:04:12.293595
2019-06-01,441,Motor Vehicle and Parts Dealers,0.02,True,CENSUS_MRTS,2025-10-25 23:04:12.293595
2019-07-01,441,Motor Vehicle and Parts Dealers,0.02,True,CENSUS_MRTS,2025-10-25 23:04:12.293595
2019-08-01,441,Motor Vehicle and Parts Dealers,0.02,True,CENSUS_MRTS,2025-10-25 23:04:12.293595
2019-09-01,441,Motor Vehicle and Parts Dealers,0.02,True,CENSUS_MRTS,2025-10-25 23:04:12.293595
2019-10-01,441,Motor Vehicle and Parts Dealers,0.02,True,CENSUS_MRTS,2025-10-25 23:04:12.293595
2019-11-01,441,Motor Vehicle and Parts Dealers,0.02,True,CENSUS_MRTS,2025-10-25 23:04:12.293595
2019-12-01,441,Motor Vehicle and Parts Dealers,0.02,True,CENSUS_MRTS,2025-10-25 23:04:12.293595
2019-01-01,441,Motor Vehicle and Parts Dealers,2.0,False,CENSUS_MRTS,2025-10-25 23:04:12.293595
2019-02-01,441,Motor Vehicle and Parts Dealers,0.8,False,CENSUS_MRTS,2025-10-25 23:04:12.293595
2019-03-01,441,Motor Vehicle and Parts Dealers,-1.1,False,CENSUS_MRTS,2025-10-25 23:04:12.293595
2019-04-01,441,Motor Vehicle and Parts Dealers,1.2,False,CENSUS_MRTS,2025-10-25 23:04:12.293595
2019-05-01,441,Motor Vehicle and Parts Dealers,-0.9,False,CENSUS_MRTS,2025-10-25 23:04:12.293595
2019-06-01,441,Motor Vehicle and Parts Dealers,-1.3,False,CENSUS_MRTS,2025-10-25 23:04:12.293595
2019-07-01,441,Motor Vehicle and Parts Dealers,-1.5,False,CENSUS_MRTS,2025-10-25 23:04:12.293595
2019-08-01,441,Motor Vehicle and Parts Dealers,-1.0,False,CENSUS_MRTS,2025-10-25 23:04:12.293595
2019-09-01,441,Motor Vehicle and Parts Dealers,0.7,False,CENSUS_MRTS,2025-10-25 23:04:12.293595
2019-10-01,441,Motor Vehicle and Parts Dealers,2.0,False,CENSUS_MRTS,2025-10-25 23:04:12.293595
2019-11-01,441,Motor Vehicle and Parts Dealers,-1.2,False,CENSUS_MRTS,2025-10-25 23:04:12.293595
2019-12-01,441,Motor Vehicle and Parts Dealers,-1.5,False,CENSUS_MRTS,2025-10-25 23:04:12.293595
2019-01-01,441,Motor Vehicle and Parts Dealers,0.2,False,CENSUS_MRTS,2025-10-25 23:04:12.293595
2019-02-01,441,Motor Vehicle and Parts Dealers,0.2,False,CENSUS_MRTS,2025-10-25 23:04:12.293595
2019-03-01,441,Motor Vehicle and Parts Dealers,0.2,False,CENSUS_MRTS,2025-10-25 23:04:12.293595
2019-04-01,441,Motor Vehicle and Parts Dealers,0.2,False,CENSUS_MRTS,2025-10-25 23:04:12.293595
2019-05-01,441,Motor Vehicle and Parts Dealers,0.3,False,CENSUS_MRTS,2025-10-25 23:04:12.293595
2019-06-01,441,Motor Vehicle and Parts Dealers,0.2,False,CENSUS_MRTS,2025-10-25 23:04:12.293595
2019-08-01,441,Motor Vehicle and Parts Dealers,112383.0,False,CENSUS_MRTS,2025-10-25 23:04:12.293595
2019-09-01,441,Motor Vehicle and Parts Dealers,97520.0,False,CENSUS_MRTS,2025-10-25 23:04:12.293595
2019-10-01,441,Motor Vehicle and Parts Dealers,101443.0,False,CENSUS_MRTS,2025-10-25 23:04:12.293595
2019-11-01,441,Motor Vehicle and Parts Dealers,98666.0,False,CENSUS_MRTS,2025-10-25 23:04:12.293595
2019-12-01,441,Motor Vehicle and Parts Dealers,100792.0,False,CENSUS_MRTS,2025-10-25 23:04:12.293595
2019-01-01,441,Motor Vehicle and Parts Dealers,1.2,False,CENSUS_MRTS,2025-10-25 23:04:12.293595
2019-02-01,441,Motor Vehicle and Parts Dealers,1.1,False,CENSUS_MRTS,2025-10-25 23:04:12.293595
2019-03-01,441,Motor Vehicle and Parts Dealers,1.1,False,CENSUS_MRTS,2025-10-25 23:04:12.293595
2019-04-01,441,Motor Vehicle and Parts Dealers,0.9,False,CENSUS_MRTS,2025-10-25 23:04:12.293595
2019-05-01,441,Motor Vehicle and Parts Dealers,1.0,False,CENSUS_MRTS,2025-10-25 23:04:12.293595
2019-06-01,441,Motor Vehicle and Parts Dealers,1.1,False,CENSUS_MRTS,2025-10-25 23:04:12.293595
2019-07-01,441,Motor Vehicle and Parts Dealers,1.2,False,CENSUS_MRTS,2025-10-25 23:04:12.293595
2019-08-01,441,Motor Vehicle and Parts Dealers,1.0,False,CENSUS_MRTS,2025-10-25 23:04:12.293595
2019-09-01,441,Motor Vehicle and Parts Dealers,1.1,False,CENSUS_MRTS,2025-10-25 23:04:12.293595
2019-10-01,441,Motor Vehicle and Parts Dealers,1.0,False,CENSUS_MRTS,2025-10-25 23:04:12.293595
2019-11-01,441,Motor Vehicle and Parts Dealers,1.1,False,CENSUS_MRTS,2025-10-25 23:04:12.293595
2019-12-01,441,Motor Vehicle and Parts Dealers,1.1,False,CENSUS_MRTS,2025-10-25 23:04:12.293595
2019-01-01,441,Motor Vehicle and Parts Dealers,97739.0,True,CENSUS_MRTS,2025-10-25 23:04:12.293595
2019-02-01,441,Motor Vehicle and Parts Dealers,98970.0,True,CENSUS_MRTS,2025-10-25 23:04:12.293595
2019-03-01,441,Motor Vehicle and Parts Dealers,101705.0,True,CENSUS_MRTS,2025-10-25 23:04:12.293595
2019-04-01,441,Motor Vehicle and Parts Dealers,99558.0,True,CENSUS_MRTS,2025-10-25 23:04:12.293595
2019-05-01,441,Motor Vehicle and Parts Dealers,101343.0,True,CENSUS_MRTS,2025-10-25 23:04:12.293595
2019-06-01,441,Motor Vehicle and Parts Dealers,101400.0,True,CENSUS_MRTS,2025-10-25 23:04:12.293595
2019-07-01,441,Motor Vehicle and Parts Dealers,101891.0,True,CENSUS_MRTS,2025-10-25 23:04:12.293595
2019-08-01,441,Motor Vehicle and Parts Dealers,104265.0,True,CENSUS_MRTS,2025-10-25 23:04:12.293595
2019-09-01,441,Motor Vehicle and Parts Dealers,101747.0,True,CENSUS_MRTS,2025-10-25 23:04:12.293595
2019-09-01,441,Motor Vehicle and Parts Dealers,230072.0,False,CENSUS_MRTS,2025-10-25 23:04:12.293595
2019-10-01,441,Motor Vehicle and Parts Dealers,234695.0,False,CENSUS_MRTS,2025-10-25 23:04:12.293595
2019-11-01,441,Motor Vehicle and Parts Dealers,231941.0,False,CENSUS_MRTS,2025-10-25 23:04:12.293595
2019-12-01,441,Motor Vehicle and Parts Dealers,228531.0,False,CENSUS_MRTS,2025-10-25 23:04:12.293595
2019-01-01,441,Motor Vehicle and Parts Dealers,1.5,False,CENSUS_MRTS,2025-10-25 23:04:12.293595
2019-02-01,441,Motor Vehicle and Parts Dealers,1.4,False,CENSUS_MRTS,2025-10-25 23:04:12.293595
2019-03-01,441,Motor Vehicle and Parts Dealers,1.4,False,CENSUS_MRTS,2025-10-25 23:04:12.293595
2019-04-01,441,Motor Vehicle and Parts Dealers,1.4,False,CENSUS_MRTS,2025-10-25 23:04:12.293595
2019-05-01,441,Motor Vehicle and Parts Dealers,1.4,False,CENSUS_MRTS,2025-10-25 23:04:12.293595
2019-06-01,441,Motor Vehicle and Parts Dealers,1.3,False,CENSUS_MRTS,2025-10-25 23:04:12.293595
2019-07-01,441,Motor Vehicle and Parts Dealers,1.1,False,CENSUS_MRTS,2025-10-25 23:04:12.293595
2019-08-01,441,Motor Vehicle and Parts Dealers,1.1,False,CENSUS_MRTS,2025-10-25 23:04:12.293595
2019-09-01,441,Motor Vehicle and Parts Dealers,1.2,False,CENSUS_MRTS,2025-10-25 23:04:12.293595
2019-10-01,441,Motor Vehicle and Parts Dealers,1.2,False,CENSUS_MRTS,2025-10-25 23:04:12.293595
2019-11-01,441,Motor Vehicle and Parts Dealers,1.3,False,CENSUS_MRTS,2025-10-25 23:04:12.293595
2019-12-01,441,Motor Vehicle and Parts Dealers,1.4,False,CENSUS_MRTS,2025-10-25 23:04:12.293595
2019-01-01,441,Motor Vehicle and Parts Dealers,234269.0,True,CENSUS_MRTS,2025-10-25 23:04:12.293595
2019-02-01,441,Motor Vehicle and Parts Dealers,234036.0,True,CENSUS_MRTS,2025-10-25 23:04:12.293595
2019-03-01,441,Motor Vehicle and Parts Dealers,233280.0,True,CENSUS_MRTS,2025-10-25 23:04:12.293595
2019-04-01,441,Motor Vehicle and Parts Dealers,234044.0,True,CENSUS_MRTS,2025-10-25 23:04:12.293595
2019-05-01,441,Motor Vehicle and Parts Dealers,234792.0,True,CENSUS_MRTS,2025-10-25 23:04:12.293595
2019-06-01,441,Motor Vehicle and Parts Dealers,235274.0,True,CENSUS_MRTS,2025-10-25 23:04:12.293595
2019-07-01,441,Motor Vehicle and Parts Dealers,237261.0,True,CENSUS_MRTS,2025-10-25 23:04:12.293595
2019-08-01,441,Motor Vehicle and Parts Dealers,236345.0,True,CENSUS_MRTS,2025-10-25 23:04:12.293595
2019-09-01,441,Motor Vehicle and Parts Dealers,236585.0,True,CENSUS_MRTS,2025-10-25 23:04:12.293595
2019-10-01,441,Motor Vehicle and Parts Dealers,234930.0,True,CENSUS_MRTS,2025-10-25 23:04:12.293595
2019-11-01,441,Motor Vehicle and Parts Dealers,230640.0,True,CENSUS_MRTS,2025-10-25 23:04:12.293595
2019-12-01,441,Motor Vehicle and Parts Dealers,228366.0,True,CENSUS_MRTS,2025-10-25 23:04:12.293595
2019-01-01,441,Motor Vehicle and Parts Dealers,1.5,True,CENSUS_MRTS,2025-10-25 23:04:12.293595
2019-02-01,441,Motor Vehicle and Parts Dealers,1.4,True,CENSUS_MRTS,2025-10-25 23:04:12.293595
2019-03-01,441,Motor Vehicle and Parts Dealers,1.4,True,CENSUS_MRTS,2025-10-25 23:04:12.293595
2019-04-01,441,Motor Vehicle and Parts Dealers,1.4,True,CENSUS_MRTS,2025-10-25 23:04:12.293595
2019-05-01,441,Motor Vehicle and Parts Dealers,1.4,True,CENSUS_MRTS,2025-10-25 23:04:12.293595
2019-06-01,441,Motor Vehicle and Parts Dealers,1.3,True,CENSUS_MRTS,2025-10-25 23:04:12.293595
2019-07-01,441,Motor Vehicle and Parts Dealers,1.1,True,CENSUS_MRTS,2025-10-25 23:04:12.293595
2019-08-01,441,Motor Vehicle and Parts Dealers,1.1,True,CENSUS_MRTS,2025-10-25 23:04:12.293595
2019-07-01,441,Motor Vehicle and Parts Dealers,0.2,False,CENSUS_MRTS,2025-10-25 23:04:12.293595
2019-08-01,441,Motor Vehicle and Parts Dealers,0.2,False,CENSUS_MRTS,2025-10-25 23:04:12.293595
2019-09-01,441,Motor Vehicle and Parts Dealers,0.2,False,CENSUS_MRTS,2025-10-25 23:04:12.293595
2019-10-01,441,Motor Vehicle and Parts Dealers,0.2,False,CENSUS_MRTS,2025-10-25 23:04:12.293595
2019-11-01,441,Motor Vehicle and Parts Dealers,0.2,False,CENSUS_MRTS,2025-10-25 23:04:12.293595
2019-12-01,441,Motor Vehicle and Parts Dealers,0.2,False,CENSUS_MRTS,2025-10-25 23:04:12.293595
2019-01-01,441,Motor Vehicle and Parts Dealers,0.6,True,CENSUS_MRTS,2025-10-25 23:04:12.293595
2019-02-01,441,Motor Vehicle and Parts Dealers,-0.1,True,CENSUS_MRTS,2025-10-25 23:04:12.293595
2019-03-01,441,Motor Vehicle and Parts Dealers,-0.3,True,CENSUS_MRTS,2025-10-25 23:04:12.293595
2019-04-01,441,Motor Vehicle and Parts Dealers,0.3,True,CENSUS_MRTS,2025-10-25 23:04:12.293595
2019-05-01,441,Motor Vehicle and Parts Dealers,0.3,True,CENSUS_MRTS,2025-10-25 23:04:12.293595
2019-06-01,441,Motor Vehicle and Parts Dealers,0.2,True,CENSUS_MRTS,2025-10-25 23:04:12.293595
2019-07-01,441,Motor Vehicle and Parts Dealers,0.8,True,CENSUS_MRTS,2025-10-25 23:04:12.293595
2019-08-01,441,Motor Vehicle and Parts Dealers,-0.4,True,CENSUS_MRTS,2025-10-25 23:04:12.293595
2019-09-01,441,Motor Vehicle and Parts Dealers,0.1,True,CENSUS_MRTS,2025-10-25 23:04:12.293595
2019-10-01,441,Motor Vehicle and Parts Dealers,-0.7,True,CENSUS_MRTS,2025-10-25 23:04:12.293595
2019-11-01,441,Motor Vehicle and Parts Dealers,-1.8,True,CENSUS_MRTS,2025-10-25 23:04:12.293595
2019-12-01,441,Motor Vehicle and Parts Dealers,-1.0,True,CENSUS_MRTS,2025-10-25 23:04:12.293595
2019-01-01,441,Motor Vehicle and Parts Dealers,0.2,True,CENSUS_MRTS,2025-10-25 23:04:12.293595
2019-02-01,441,Motor Vehicle and Parts Dealers,0.2,True,CENSUS_MRTS,2025-10-25 23:04:12.293595
2019-03-01,441,Motor Vehicle and Parts Dealers,0.2,True,CENSUS_MRTS,2025-10-25 23:04:12.293595
2019-04-01,441,Motor Vehicle and Parts Dealers,0.2,True,CENSUS_MRTS,2025-10-25 23:04:12.293595
2019-05-01,441,Motor Vehicle and Parts Dealers,0.3,True,CENSUS_MRTS,2025-10-25 23:04:12.293595
2019-06-01,441,Motor Vehicle and Parts Dealers,0.2,True,CENSUS_MRTS,2025-10-25 23:04:12.293595
2019-07-01,441,Motor Vehicle and Parts Dealers,0.2,True,CENSUS_MRTS,2025-10-25 23:04:12.293595
2019-07-01,441,Motor Vehicle and Parts Dealers,2.33,True,CENSUS_MRTS,2025-10-25 23:04:12.293595
2019-08-01,441,Motor Vehicle and Parts Dealers,2.27,True,CENSUS_MRTS,2025-10-25 23:04:12.293595
2019-09-01,441,Motor Vehicle and Parts Dealers,2.33,True,CENSUS_MRTS,2025-10-25 23:04:12.293595
2019-10-01,441,Motor Vehicle and Parts Dealers,2.31,True,CENSUS_MRTS,2025-10-25 23:04:12.293595
2019-09-01,441,Motor Vehicle and Parts Dealers,1.2,True,CENSUS_MRTS,2025-10-25 23:04:12.293595
2019-10-01,441,Motor Vehicle and Parts Dealers,1.2,True,CENSUS_MRTS,2025-10-25 23:04:12.293595
2019-11-01,441,Motor Vehicle and Parts Dealers,1.3,True,CENSUS_MRTS,2025-10-25 23:04:12.293595
2019-12-01,441,Motor Vehicle and Parts Dealers,1.4,True,CENSUS_MRTS,2025-10-25 23:04:12.293595
2019-01-01,441,Motor Vehicle and Parts Dealers,2.74,False,CENSUS_MRTS,2025-10-25 23:04:12.293595
2019-02-01,441,Motor Vehicle and Parts Dealers,2.71,False,CENSUS_MRTS,2025-10-25 23:04:12.293595
2019-03-01,441,Motor Vehicle and Parts Dealers,2.18,False,CENSUS_MRTS,2025-10-25 23:04:12.293595
2019-04-01,441,Motor Vehicle and Parts Dealers,2.35,False,CENSUS_MRTS,2025-10-25 23:04:12.293595
2019-05-01,441,Motor Vehicle and Parts Dealers,2.16,False,CENSUS_MRTS,2025-10-25 23:04:12.293595
2019-06-01,441,Motor Vehicle and Parts Dealers,2.28,False,CENSUS_MRTS,2025-10-25 23:04:12.293595
2019-07-01,441,Motor Vehicle and Parts Dealers,2.15,False,CENSUS_MRTS,2025-10-25 23:04:12.293595
2019-08-01,441,Motor Vehicle and Parts Dealers,2.03,False,CENSUS_MRTS,2025-10-25 23:04:12.293595
2019-09-01,441,Motor Vehicle and Parts Dealers,2.36,False,CENSUS_MRTS,2025-10-25 23:04:12.293595
2019-10-01,441,Motor Vehicle and Parts Dealers,2.31,False,CENSUS_MRTS,2025-10-25 23:04:12.293595
2019-11-01,441,Motor Vehicle and Parts Dealers,2.35,False,CENSUS_MRTS,2025-10-25 23:04:12.293595
2019-12-01,441,Motor Vehicle and Parts Dealers,2.27,False,CENSUS_MRTS,2025-10-25 23:04:12.293595
2019-01-01,441,Motor Vehicle and Parts Dealers,0.03,False,CENSUS_MRTS,2025-10-25 23:04:12.293595
2019-02-01,441,Motor Vehicle and Parts Dealers,0.02,False,CENSUS_MRTS,2025-10-25 23:04:12.293595
2019-03-01,441,Motor Vehicle and Parts Dealers,0.02,False,CENSUS_MRTS,2025-10-25 23:04:12.293595
2019-04-01,441,Motor Vehicle and Parts Dealers,0.02,False,CENSUS_MRTS,2025-10-25 23:04:12.293595
2019-05-01,441,Motor Vehicle and Parts Dealers,0.02,False,CENSUS_MRTS,2025-10-25 23:04:12.293595
2019-06-01,441,Motor Vehicle and Parts Dealers,0.02,False,CENSUS_MRTS,2025-10-25 23:04:12.293595
2019-07-01,441,Motor Vehicle and Parts Dealers,0.02,False,CENSUS_MRTS,2025-10-25 23:04:12.293595
2019-01-01,441,Motor Vehicle and Parts Dealers,-2.9,True,CENSUS_MRTS,2025-10-25 23:04:12.293595
2019-02-01,441,Motor Vehicle and Parts Dealers,1.3,True,CENSUS_MRTS,2025-10-25 23:04:12.293595
2019-03-01,441,Motor Vehicle and Parts Dealers,2.8,True,CENSUS_MRTS,2025-10-25 23:04:12.293595
2019-04-01,441,Motor Vehicle and Parts Dealers,-2.1,True,CENSUS_MRTS,2025-10-25 23:04:12.293595
2019-05-01,441,Motor Vehicle and Parts Dealers,1.8,True,CENSUS_MRTS,2025-10-25 23:04:12.293595
2019-06-01,441,Motor Vehicle and Parts Dealers,0.1,True,CENSUS_MRTS,2025-10-25 23:04:12.293595
2019-07-01,441,Motor Vehicle and Parts Dealers,0.5,True,CENSUS_MRTS,2025-10-25 23:04:12.293595
2019-08-01,441,Motor Vehicle and Parts Dealers,2.3,True,CENSUS_MRTS,2025-10-25 23:04:12.293595
2019-09-01,441,Motor Vehicle and Parts Dealers,-2.4,True,CENSUS_MRTS,2025-10-25 23:04:12.293595
2019-10-01,441,Motor Vehicle and Parts Dealers,0.1,True,CENSUS_MRTS,2025-10-25 23:04:12.293595
2019-11-01,441,Motor Vehicle and Parts Dealers,2.6,True,CENSUS_MRTS,2025-10-25 23:04:12.293595
2019-12-01,441,Motor Vehicle and Parts Dealers,-2.1,True,CENSUS_MRTS,2025-10-25 23:04:12.293595
2019-01-01,441,Motor Vehicle and Parts Dealers,0.4,True,CENSUS_MRTS,2025-10-25 23:04:12.293595
2019-02-01,441,Motor Vehicle and Parts Dealers,0.2,True,CENSUS_MRTS,2025-10-25 23:04:12.293595
2019-03-01,441,Motor Vehicle and Parts Dealers,0.6,True,CENSUS_MRTS,2025-10-25 23:04:12.293595
2019-04-01,441,Motor Vehicle and Parts Dealers,0.4,True,CENSUS_MRTS,2025-10-25 23:04:12.293595
2019-05-01,441,Motor Vehicle and Parts Dealers,0.4,True,CENSUS_MRTS,2025-10-25 23:04:12.293595
2019-06-01,441,Motor Vehicle and Parts Dealers,0.3,True,CENSUS_MRTS,2025-10-25 23:04:12.293595
2019-10-01,441,Motor Vehicle and Parts Dealers,101871.0,True,CENSUS_MRTS,2025-10-25 23:04:12.293595
2019-11-01,441,Motor Vehicle and Parts Dealers,104489.0,True,CENSUS_MRTS,2025-10-25 23:04:12.293595
2019-12-01,441,Motor Vehicle and Parts Dealers,102252.0,True,CENSUS_MRTS,2025-10-25 23:04:12.293595
2019-01-01,441,Motor Vehicle and Parts Dealers,1.2,True,CENSUS_MRTS,2025-10-25 23:04:12.293595
2019-02-01,441,Motor Vehicle and Parts Dealers,1.1,True,CENSUS_MRTS,2025-10-25 23:04:12.293595
2019-03-01,441,Motor Vehicle and Parts Dealers,1.1,True,CENSUS_MRTS,2025-10-25 23:04:12.293595
2019-04-01,441,Motor Vehicle and Parts Dealers,0.9,True,CENSUS_MRTS,2025-10-25 23:04:12.293595
2019-05-01,441,Motor Vehicle and Parts Dealers,1.0,True,CENSUS_MRTS,2025-10-25 23:04:12.293595
2019-06-01,441,Motor Vehicle and Parts Dealers,1.1,True,CENSUS_MRTS,2025-10-25 23:04:12.293595
2019-07-01,441,Motor Vehicle and Parts Dealers,1.2,True,CENSUS_MRTS,2025-10-25 23:04:12.293595
2019-08-01,441,Motor Vehicle and Parts Dealers,1.0,True,CENSUS_MRTS,2025-10-25 23:04:12.293595
2019-09-01,441,Motor Vehicle and Parts Dealers,1.1,True,CENSUS_MRTS,2025-10-25 23:04:12.293595
2019-10-01,441,Motor Vehicle and Parts Dealers,1.0,True,CENSUS_MRTS,2025-10-25 23:04:12.293595
2019-07-01,441,Motor Vehicle and Parts Dealers,0.2,True,CENSUS_MRTS,2025-10-25 23:04:12.293595
2019-08-01,441,Motor Vehicle and Parts Dealers,0.4,True,CENSUS_MRTS,2025-10-25 23:04:12.293595
2019-09-01,441,Motor Vehicle and Parts Dealers,0.3,True,CENSUS_MRTS,2025-10-25 23:04:12.293595
2019-10-01,441,Motor Vehicle and Parts Dealers,0.2,True,CENSUS_MRTS,2025-10-25 23:04:12.293595
2019-11-01,441,Motor Vehicle and Parts Dealers,0.3,True,CENSUS_MRTS,2025-10-25 23:04:12.293595
2019-12-01,441,Motor Vehicle and Parts Dealers,0.4,True,CENSUS_MRTS,2025-10-25 23:04:12.293595
2019-01-01,441,Motor Vehicle and Parts Dealers,86718.0,False,CENSUS_MRTS,2025-10-25 23:04:12.293595
2019-02-01,441,Motor Vehicle and Parts Dealers,88365.0,False,CENSUS_MRTS,2025-10-25 23:04:12.293595
2019-03-01,441,Motor Vehicle and Parts Dealers,108666.0,False,CENSUS_MRTS,2025-10-25 23:04:12.293595
2019-04-01,441,Motor Vehicle and Parts Dealers,101848.0,False,CENSUS_MRTS,2025-10-25 23:04:12.293595
2019-05-01,441,Motor Vehicle and Parts Dealers,110135.0,False,CENSUS_MRTS,2025-10-25 23:04:12.293595
2019-06-01,441,Motor Vehicle and Parts Dealers,102935.0,False,CENSUS_MRTS,2025-10-25 23:04:12.293595
2019-07-01,441,Motor Vehicle and Parts Dealers,107330.0,False,CENSUS_MRTS,2025-10-25 23:04:12.293595
2019-11-01,441,Motor Vehicle and Parts Dealers,1.1,True,CENSUS_MRTS,2025-10-25 23:04:12.293595
2019-12-01,441,Motor Vehicle and Parts Dealers,1.1,True,CENSUS_MRTS,2025-10-25 23:04:12.293595
2020-06-01,441,Motor Vehicle and Parts Dealers,-7.0,True,CENSUS_MRTS,2025-10-25 23:04:12.293595
2020-07-01,441,Motor Vehicle and Parts Dealers,2.2,True,CENSUS_MRTS,2025-10-25 23:04:12.293595
2020-08-01,441,Motor Vehicle and Parts Dealers,1.0,True,CENSUS_MRTS,2025-10-25 23:04:12.293595
2020-09-01,441,Motor Vehicle and Parts Dealers,2.6,True,CENSUS_MRTS,2025-10-25 23:04:12.293595
2020-10-01,441,Motor Vehicle and Parts Dealers,2.1,True,CENSUS_MRTS,2025-10-25 23:04:12.293595
2020-11-01,441,Motor Vehicle and Parts Dealers,1.7,True,CENSUS_MRTS,2025-10-25 23:04:12.293595
2020-12-01,441,Motor Vehicle and Parts Dealers,0.0,True,CENSUS_MRTS,2025-10-25 23:04:12.293595
2020-01-01,441,Motor Vehicle and Parts Dealers,0.2,True,CENSUS_MRTS,2025-10-25 23:04:12.293595
2020-02-01,441,Motor Vehicle and Parts Dealers,0.2,True,CENSUS_MRTS,2025-10-25 23:04:12.293595
2020-03-01,441,Motor Vehicle and Parts Dealers,0.3,True,CENSUS_MRTS,2025-10-25 23:04:12.293595
2020-04-01,441,Motor Vehicle and Parts Dealers,0.2,True,CENSUS_MRTS,2025-10-25 23:04:12.293595
2020-05-01,441,Motor Vehicle and Parts Dealers,0.3,True,CENSUS_MRTS,2025-10-25 23:04:12.293595
2020-06-01,441,Motor Vehicle and Parts Dealers,0.4,True,CENSUS_MRTS,2025-10-25 23:04:12.293595
2020-07-01,441,Motor Vehicle and Parts Dealers,0.4,True,CENSUS_MRTS,2025-10-25 23:04:12.293595
2020-08-01,441,Motor Vehicle and Parts Dealers,0.4,True,CENSUS_MRTS,2025-10-25 23:04:12.293595
2020-09-01,441,Motor Vehicle and Parts Dealers,0.3,True,CENSUS_MRTS,2025-10-25 23:04:12.293595
2020-10-01,441,Motor Vehicle and Parts Dealers,0.4,True,CENSUS_MRTS,2025-10-25 23:04:12.293595
2020-11-01,441,Motor Vehicle and Parts Dealers,0.3,True,CENSUS_MRTS,2025-10-25 23:04:12.293595
2020-12-01,441,Motor Vehicle and Parts Dealers,0.3,True,CENSUS_MRTS,2025-10-25 23:04:12.293595
2020-01-01,441,Motor Vehicle and Parts Dealers,-10.4,False,CENSUS_MRTS,2025-10-25 23:04:12.293595
2020-02-01,441,Motor Vehicle and Parts Dealers,4.4,False,CENSUS_MRTS,2025-10-25 23:04:12.293595
2020-03-01,441,Motor Vehicle and Parts Dealers,-16.3,False,CENSUS_MRTS,2025-10-25 23:04:12.293595
2020-04-01,441,Motor Vehicle and Parts Dealers,-15.7,False,CENSUS_MRTS,2025-10-25 23:04:12.293595
2020-05-01,441,Motor Vehicle and Parts Dealers,54.1,False,CENSUS_MRTS,2025-10-25 23:04:12.293595
2020-06-01,441,Motor Vehicle and Parts Dealers,6.2,False,CENSUS_MRTS,2025-10-25 23:04:12.293595
2020-07-01,441,Motor Vehicle and Parts Dealers,1.6,False,CENSUS_MRTS,2025-10-25 23:04:12.293595
2020-08-01,441,Motor Vehicle and Parts Dealers,-0.6,False,CENSUS_MRTS,2025-10-25 23:04:12.293595
2020-09-01,441,Motor Vehicle and Parts Dealers,-2.3,False,CENSUS_MRTS,2025-10-25 23:04:12.293595
2020-10-01,441,Motor Vehicle and Parts Dealers,1.5,False,CENSUS_MRTS,2025-10-25 23:04:12.293595
2020-11-01,441,Motor Vehicle and Parts Dealers,-10.2,False,CENSUS_MRTS,2025-10-25 23:04:12.293595
2020-12-01,441,Motor Vehicle and Parts Dealers,13.0,False,CENSUS_MRTS,2025-10-25 23:04:12.293595
2020-01-01,441,Motor Vehicle and Parts Dealers,0.2,False,CENSUS_MRTS,2025-10-25 23:04:12.293595
2020-02-01,441,Motor Vehicle and Parts Dealers,0.3,False,CENSUS_MRTS,2025-10-25 23:04:12.293595
2020-03-01,441,Motor Vehicle and Parts Dealers,0.4,False,CENSUS_MRTS,2025-10-25 23:04:12.293595
2020-04-01,441,Motor Vehicle and Parts Dealers,0.5,False,CENSUS_MRTS,2025-10-25 23:04:12.293595
2020-05-01,441,Motor Vehicle and Parts Dealers,0.8,False,CENSUS_MRTS,2025-10-25 23:04:12.293595
2020-06-01,441,Motor Vehicle and Parts Dealers,0.4,False,CENSUS_MRTS,2025-10-25 23:04:12.293595
2020-07-01,441,Motor Vehicle and Parts Dealers,0.5,False,CENSUS_MRTS,2025-10-25 23:04:12.293595
2020-08-01,441,Motor Vehicle and Parts Dealers,0.5,False,CENSUS_MRTS,2025-10-25 23:04:12.293595
2020-09-01,441,Motor Vehicle and Parts Dealers,0.3,False,CENSUS_MRTS,2025-10-25 23:04:12.293595
2020-10-01,441,Motor Vehicle and Parts Dealers,0.3,False,CENSUS_MRTS,2025-10-25 23:04:12.293595
2020-11-01,441,Motor Vehicle and Parts Dealers,0.4,False,CENSUS_MRTS,2025-10-25 23:04:12.293595
2020-12-01,441,Motor Vehicle and Parts Dealers,0.4,False,CENSUS_MRTS,2025-10-25 23:04:12.293595
2020-01-01,441,Motor Vehicle and Parts Dealers,-1.4,True,CENSUS_MRTS,2025-10-25 23:04:12.293595
2020-02-01,441,Motor Vehicle and Parts Dealers,0.6,True,CENSUS_MRTS,2025-10-25 23:04:12.293595
2020-03-01,441,Motor Vehicle and Parts Dealers,-26.5,True,CENSUS_MRTS,2025-10-25 23:04:12.293595
2020-04-01,441,Motor Vehicle and Parts Dealers,-13.7,True,CENSUS_MRTS,2025-10-25 23:04:12.293595
2020-05-01,441,Motor Vehicle and Parts Dealers,50.5,True,CENSUS_MRTS,2025-10-25 23:04:12.293595
2020-06-01,441,Motor Vehicle and Parts Dealers,8.6,True,CENSUS_MRTS,2025-10-25 23:04:12.293595
2020-07-01,441,Motor Vehicle and Parts Dealers,-0.2,True,CENSUS_MRTS,2025-10-25 23:04:12.293595
2020-08-01,441,Motor Vehicle and Parts Dealers,0.6,True,CENSUS_MRTS,2025-10-25 23:04:12.293595
2020-09-01,441,Motor Vehicle and Parts Dealers,3.6,True,CENSUS_MRTS,2025-10-25 23:04:12.293595
2020-10-01,441,Motor Vehicle and Parts Dealers,-0.6,True,CENSUS_MRTS,2025-10-25 23:04:12.293595
2020-11-01,441,Motor Vehicle and Parts Dealers,-1.1,True,CENSUS_MRTS,2025-10-25 23:04:12.293595
2020-12-01,441,Motor Vehicle and Parts Dealers,1.9,True,CENSUS_MRTS,2025-10-25 23:04:12.293595
2020-01-01,441,Motor Vehicle and Parts Dealers,0.2,True,CENSUS_MRTS,2025-10-25 23:04:12.293595
2020-02-01,441,Motor Vehicle and Parts Dealers,0.3,True,CENSUS_MRTS,2025-10-25 23:04:12.293595
2020-03-01,441,Motor Vehicle and Parts Dealers,0.4,True,CENSUS_MRTS,2025-10-25 23:04:12.293595
2020-04-01,441,Motor Vehicle and Parts Dealers,0.5,True,CENSUS_MRTS,2025-10-25 23:04:12.293595
2020-05-01,441,Motor Vehicle and Parts Dealers,0.8,True,CENSUS_MRTS,2025-10-25 23:04:12.293595
2020-06-01,441,Motor Vehicle and Parts Dealers,0.4,True,CENSUS_MRTS,2025-10-25 23:04:12.293595
2020-07-01,441,Motor Vehicle and Parts Dealers,0.5,True,CENSUS_MRTS,2025-10-25 23:04:12.293595
2020-08-01,441,Motor Vehicle and Parts Dealers,0.5,True,CENSUS_MRTS,2025-10-25 23:04:12.293595
2020-09-01,441,Motor Vehicle and Parts Dealers,0.3,True,CENSUS_MRTS,2025-10-25 23:04:12.293595
2020-10-01,441,Motor Vehicle and Parts Dealers,0.3,True,CENSUS_MRTS,2025-10-25 23:04:12.293595
2020-11-01,441,Motor Vehicle and Parts Dealers,0.4,True,CENSUS_MRTS,2025-10-25 23:04:12.293595
2020-12-01,441,Motor Vehicle and Parts Dealers,0.4,True,CENSUS_MRTS,2025-10-25 23:04:12.293595
2020-01-01,441,Motor Vehicle and Parts Dealers,90334.0,False,CENSUS_MRTS,2025-10-25 23:04:12.293595
2020-02-01,441,Motor Vehicle and Parts Dealers,94306.0,False,CENSUS_MRTS,2025-10-25 23:04:12.293595
2020-03-01,441,Motor Vehicle and Parts Dealers,78965.0,False,CENSUS_MRTS,2025-10-25 23:04:12.293595
2020-04-01,441,Motor Vehicle and Parts Dealers,66554.0,False,CENSUS_MRTS,2025-10-25 23:04:12.293595
2020-05-01,441,Motor Vehicle and Parts Dealers,102567.0,False,CENSUS_MRTS,2025-10-25 23:04:12.293595
2020-06-01,441,Motor Vehicle and Parts Dealers,108953.0,False,CENSUS_MRTS,2025-10-25 23:04:12.293595
2020-07-01,441,Motor Vehicle and Parts Dealers,110709.0,False,CENSUS_MRTS,2025-10-25 23:04:12.293595
2020-08-01,441,Motor Vehicle and Parts Dealers,110073.0,False,CENSUS_MRTS,2025-10-25 23:04:12.293595
2020-09-01,441,Motor Vehicle and Parts Dealers,107551.0,False,CENSUS_MRTS,2025-10-25 23:04:12.293595
2020-10-01,441,Motor Vehicle and Parts Dealers,109130.0,False,CENSUS_MRTS,2025-10-25 23:04:12.293595
2020-11-01,441,Motor Vehicle and Parts Dealers,97966.0,False,CENSUS_MRTS,2025-10-25 23:04:12.293595
2020-12-01,441,Motor Vehicle and Parts Dealers,110688.0,False,CENSUS_MRTS,2025-10-25 23:04:12.293595
2020-01-01,441,Motor Vehicle and Parts Dealers,1.1,False,CENSUS_MRTS,2025-10-25 23:04:12.293595
2020-02-01,441,Motor Vehicle and Parts Dealers,1.0,False,CENSUS_MRTS,2025-10-25 23:04:12.293595
2020-03-01,441,Motor Vehicle and Parts Dealers,1.1,False,CENSUS_MRTS,2025-10-25 23:04:12.293595
2020-04-01,441,Motor Vehicle and Parts Dealers,1.2,False,CENSUS_MRTS,2025-10-25 23:04:12.293595
2020-05-01,441,Motor Vehicle and Parts Dealers,1.2,False,CENSUS_MRTS,2025-10-25 23:04:12.293595
2020-06-01,441,Motor Vehicle and Parts Dealers,1.0,False,CENSUS_MRTS,2025-10-25 23:04:12.293595
2020-07-01,441,Motor Vehicle and Parts Dealers,1.2,False,CENSUS_MRTS,2025-10-25 23:04:12.293595
2020-08-01,441,Motor Vehicle and Parts Dealers,1.2,False,CENSUS_MRTS,2025-10-25 23:04:12.293595
2020-09-01,441,Motor Vehicle and Parts Dealers,1.3,False,CENSUS_MRTS,2025-10-25 23:04:12.293595
2020-10-01,441,Motor Vehicle and Parts Dealers,1.4,False,CENSUS_MRTS,2025-10-25 23:04:12.293595
2020-11-01,441,Motor Vehicle and Parts Dealers,1.3,False,CENSUS_MRTS,2025-10-25 23:04:12.293595
2020-12-01,441,Motor Vehicle and Parts Dealers,1.4,False,CENSUS_MRTS,2025-10-25 23:04:12.293595
2020-01-01,441,Motor Vehicle and Parts Dealers,100852.0,True,CENSUS_MRTS,2025-10-25 23:04:12.293595
2020-02-01,441,Motor Vehicle and Parts Dealers,101452.0,True,CENSUS_MRTS,2025-10-25 23:04:12.293595
2020-03-01,441,Motor Vehicle and Parts Dealers,74573.0,True,CENSUS_MRTS,2025-10-25 23:04:12.293595
2020-04-01,441,Motor Vehicle and Parts Dealers,64335.0,True,CENSUS_MRTS,2025-10-25 23:04:12.293595
2020-05-01,441,Motor Vehicle and Parts Dealers,96823.0,True,CENSUS_MRTS,2025-10-25 23:04:12.293595
2020-06-01,441,Motor Vehicle and Parts Dealers,105134.0,True,CENSUS_MRTS,2025-10-25 23:04:12.293595
2020-07-01,441,Motor Vehicle and Parts Dealers,104887.0,True,CENSUS_MRTS,2025-10-25 23:04:12.293595
2020-08-01,441,Motor Vehicle and Parts Dealers,105564.0,True,CENSUS_MRTS,2025-10-25 23:04:12.293595
2020-09-01,441,Motor Vehicle and Parts Dealers,109319.0,True,CENSUS_MRTS,2025-10-25 23:04:12.293595
2020-10-01,441,Motor Vehicle and Parts Dealers,108681.0,True,CENSUS_MRTS,2025-10-25 23:04:12.293595
2020-11-01,441,Motor Vehicle and Parts Dealers,107494.0,True,CENSUS_MRTS,2025-10-25 23:04:12.293595
2020-12-01,441,Motor Vehicle and Parts Dealers,109545.0,True,CENSUS_MRTS,2025-10-25 23:04:12.293595
2020-01-01,441,Motor Vehicle and Parts Dealers,1.1,True,CENSUS_MRTS,2025-10-25 23:04:12.293595
2020-02-01,441,Motor Vehicle and Parts Dealers,1.0,True,CENSUS_MRTS,2025-10-25 23:04:12.293595
2020-03-01,441,Motor Vehicle and Parts Dealers,1.1,True,CENSUS_MRTS,2025-10-25 23:04:12.293595
2020-04-01,441,Motor Vehicle and Parts Dealers,1.2,True,CENSUS_MRTS,2025-10-25 23:04:12.293595
2020-05-01,441,Motor Vehicle and Parts Dealers,1.2,True,CENSUS_MRTS,2025-10-25 23:04:12.293595
2020-06-01,441,Motor Vehicle and Parts Dealers,1.0,True,CENSUS_MRTS,2025-10-25 23:04:12.293595
2020-07-01,441,Motor Vehicle and Parts Dealers,1.2,True,CENSUS_MRTS,2025-10-25 23:04:12.293595
2020-08-01,441,Motor Vehicle and Parts Dealers,1.2,True,CENSUS_MRTS,2025-10-25 23:04:12.293595
2020-09-01,441,Motor Vehicle and Parts Dealers,1.3,True,CENSUS_MRTS,2025-10-25 23:04:12.293595
2020-10-01,441,Motor Vehicle and Parts Dealers,1.4,True,CENSUS_MRTS,2025-10-25 23:04:12.293595
2020-11-01,441,Motor Vehicle and Parts Dealers,1.3,True,CENSUS_MRTS,2025-10-25 23:04:12.293595
2020-12-01,441,Motor Vehicle and Parts Dealers,1.4,True,CENSUS_MRTS,2025-10-25 23:04:12.293595
2020-01-01,441,Motor Vehicle and Parts Dealers,229885.0,False,CENSUS_MRTS,2025-10-25 23:04:12.293595
2020-02-01,441,Motor Vehicle and Parts Dealers,228861.0,False,CENSUS_MRTS,2025-10-25 23:04:12.293595
2020-03-01,441,Motor Vehicle and Parts Dealers,239413.0,False,CENSUS_MRTS,2025-10-25 23:04:12.293595
2020-04-01,441,Motor Vehicle and Parts Dealers,221045.0,False,CENSUS_MRTS,2025-10-25 23:04:12.293595
2020-05-01,441,Motor Vehicle and Parts Dealers,184919.0,False,CENSUS_MRTS,2025-10-25 23:04:12.293595
2020-06-01,441,Motor Vehicle and Parts Dealers,172015.0,False,CENSUS_MRTS,2025-10-25 23:04:12.293595
2020-07-01,441,Motor Vehicle and Parts Dealers,171789.0,False,CENSUS_MRTS,2025-10-25 23:04:12.293595
2020-08-01,441,Motor Vehicle and Parts Dealers,171683.0,False,CENSUS_MRTS,2025-10-25 23:04:12.293595
2020-09-01,441,Motor Vehicle and Parts Dealers,178228.0,False,CENSUS_MRTS,2025-10-25 23:04:12.293595
2020-10-01,441,Motor Vehicle and Parts Dealers,185146.0,False,CENSUS_MRTS,2025-10-25 23:04:12.293595
2020-11-01,441,Motor Vehicle and Parts Dealers,189416.0,False,CENSUS_MRTS,2025-10-25 23:04:12.293595
2020-12-01,441,Motor Vehicle and Parts Dealers,190054.0,False,CENSUS_MRTS,2025-10-25 23:04:12.293595
2020-01-01,441,Motor Vehicle and Parts Dealers,1.4,False,CENSUS_MRTS,2025-10-25 23:04:12.293595
2020-02-01,441,Motor Vehicle and Parts Dealers,1.4,False,CENSUS_MRTS,2025-10-25 23:04:12.293595
2020-03-01,441,Motor Vehicle and Parts Dealers,1.3,False,CENSUS_MRTS,2025-10-25 23:04:12.293595
2020-04-01,441,Motor Vehicle and Parts Dealers,1.3,False,CENSUS_MRTS,2025-10-25 23:04:12.293595
2020-05-01,441,Motor Vehicle and Parts Dealers,1.3,False,CENSUS_MRTS,2025-10-25 23:04:12.293595
2020-06-01,441,Motor Vehicle and Parts Dealers,1.4,False,CENSUS_MRTS,2025-10-25 23:04:12.293595
2020-07-01,441,Motor Vehicle and Parts Dealers,1.4,False,CENSUS_MRTS,2025-10-25 23:04:12.293595
2020-08-01,441,Motor Vehicle and Parts Dealers,1.4,False,CENSUS_MRTS,2025-10-25 23:04:12.293595
2020-09-01,441,Motor Vehicle and Parts Dealers,1.4,False,CENSUS_MRTS,2025-10-25 23:04:12.293595
2020-10-01,441,Motor Vehicle and Parts Dealers,1.6,False,CENSUS_MRTS,2025-10-25 23:04:12.293595
2020-11-01,441,Motor Vehicle and Parts Dealers,1.4,False,CENSUS_MRTS,2025-10-25 23:04:12.293595
2020-12-01,441,Motor Vehicle and Parts Dealers,1.4,False,CENSUS_MRTS,2025-10-25 23:04:12.293595
2020-01-01,441,Motor Vehicle and Parts Dealers,226557.0,True,CENSUS_MRTS,2025-10-25 23:04:12.293595
2020-02-01,441,Motor Vehicle and Parts Dealers,224705.0,True,CENSUS_MRTS,2025-10-25 23:04:12.293595
2020-03-01,441,Motor Vehicle and Parts Dealers,235093.0,True,CENSUS_MRTS,2025-10-25 23:04:12.293595
2020-04-01,441,Motor Vehicle and Parts Dealers,215135.0,True,CENSUS_MRTS,2025-10-25 23:04:12.293595
2020-05-01,441,Motor Vehicle and Parts Dealers,184878.0,True,CENSUS_MRTS,2025-10-25 23:04:12.293595
2020-06-01,441,Motor Vehicle and Parts Dealers,171905.0,True,CENSUS_MRTS,2025-10-25 23:04:12.293595
2020-07-01,441,Motor Vehicle and Parts Dealers,175613.0,True,CENSUS_MRTS,2025-10-25 23:04:12.293595
2020-08-01,441,Motor Vehicle and Parts Dealers,177396.0,True,CENSUS_MRTS,2025-10-25 23:04:12.293595
2020-09-01,441,Motor Vehicle and Parts Dealers,181987.0,True,CENSUS_MRTS,2025-10-25 23:04:12.293595
2020-10-01,441,Motor Vehicle and Parts Dealers,185828.0,True,CENSUS_MRTS,2025-10-25 23:04:12.293595
2020-11-01,441,Motor Vehicle and Parts Dealers,189018.0,True,CENSUS_MRTS,2025-10-25 23:04:12.293595
2020-12-01,441,Motor Vehicle and Parts Dealers,189106.0,True,CENSUS_MRTS,2025-10-25 23:04:12.293595
2020-01-01,441,Motor Vehicle and Parts Dealers,1.4,True,CENSUS_MRTS,2025-10-25 23:04:12.293595
2020-02-01,441,Motor Vehicle and Parts Dealers,1.4,True,CENSUS_MRTS,2025-10-25 23:04:12.293595
2020-03-01,441,Motor Vehicle and Parts Dealers,1.3,True,CENSUS_MRTS,2025-10-25 23:04:12.293595
2020-04-01,441,Motor Vehicle and Parts Dealers,1.3,True,CENSUS_MRTS,2025-10-25 23:04:12.293595
2020-05-01,441,Motor Vehicle and Parts Dealers,1.3,True,CENSUS_MRTS,2025-10-25 23:04:12.293595
2020-06-01,441,Motor Vehicle and Parts Dealers,1.4,True,CENSUS_MRTS,2025-10-25 23:04:12.293595
2020-07-01,441,Motor Vehicle and Parts Dealers,1.4,True,CENSUS_MRTS,2025-10-25 23:04:12.293595
2020-08-01,441,Motor Vehicle and Parts Dealers,1.4,True,CENSUS_MRTS,2025-10-25 23:04:12.293595
2020-09-01,441,Motor Vehicle and Parts Dealers,1.4,True,CENSUS_MRTS,2025-10-25 23:04:12.293595
2020-10-01,441,Motor Vehicle and Parts Dealers,1.6,True,CENSUS_MRTS,2025-10-25 23:04:12.293595
2020-11-01,441,Motor Vehicle and Parts Dealers,1.4,True,CENSUS_MRTS,2025-10-25 23:04:12.293595
2020-12-01,441,Motor Vehicle and Parts Dealers,1.4,True,CENSUS_MRTS,2025-10-25 23:04:12.293595
2020-01-01,441,Motor Vehicle and Parts Dealers,2.54,False,CENSUS_MRTS,2025-10-25 23:04:12.293595
2020-02-01,441,Motor Vehicle and Parts Dealers,2.43,False,CENSUS_MRTS,2025-10-25 23:04:12.293595
2020-03-01,441,Motor Vehicle and Parts Dealers,3.03,False,CENSUS_MRTS,2025-10-25 23:04:12.293595
2020-04-01,441,Motor Vehicle and Parts Dealers,3.32,False,CENSUS_MRTS,2025-10-25 23:04:12.293595
2020-05-01,441,Motor Vehicle and Parts Dealers,1.8,False,CENSUS_MRTS,2025-10-25 23:04:12.293595
2020-06-01,441,Motor Vehicle and Parts Dealers,1.58,False,CENSUS_MRTS,2025-10-25 23:04:12.293595
2020-07-01,441,Motor Vehicle and Parts Dealers,1.55,False,CENSUS_MRTS,2025-10-25 23:04:12.293595
2020-08-01,441,Motor Vehicle and Parts Dealers,1.56,False,CENSUS_MRTS,2025-10-25 23:04:12.293595
2020-09-01,441,Motor Vehicle and Parts Dealers,1.66,False,CENSUS_MRTS,2025-10-25 23:04:12.293595
2020-10-01,441,Motor Vehicle and Parts Dealers,1.7,False,CENSUS_MRTS,2025-10-25 23:04:12.293595
2020-11-01,441,Motor Vehicle and Parts Dealers,1.93,False,CENSUS_MRTS,2025-10-25 23:04:12.293595
2020-12-01,441,Motor Vehicle and Parts Dealers,1.72,False,CENSUS_MRTS,2025-10-25 23:04:12.293595
2020-01-01,441,Motor Vehicle and Parts Dealers,0.02,False,CENSUS_MRTS,2025-10-25 23:04:12.293595
2020-02-01,441,Motor Vehicle and Parts Dealers,0.02,False,CENSUS_MRTS,2025-10-25 23:04:12.293595
2020-03-01,441,Motor Vehicle and Parts Dealers,0.03,False,CENSUS_MRTS,2025-10-25 23:04:12.293595
2020-04-01,441,Motor Vehicle and Parts Dealers,0.03,False,CENSUS_MRTS,2025-10-25 23:04:12.293595
2020-05-01,441,Motor Vehicle and Parts Dealers,0.02,False,CENSUS_MRTS,2025-10-25 23:04:12.293595
2020-06-01,441,Motor Vehicle and Parts Dealers,0.02,False,CENSUS_MRTS,2025-10-25 23:04:12.293595
2020-07-01,441,Motor Vehicle and Parts Dealers,0.02,False,CENSUS_MRTS,2025-10-25 23:04:12.293595
2020-08-01,441,Motor Vehicle and Parts Dealers,0.02,False,CENSUS_MRTS,2025-10-25 23:04:12.293595
2020-09-01,441,Motor Vehicle and Parts Dealers,0.02,False,CENSUS_MRTS,2025-10-25 23:04:12.293595
2020-10-01,441,Motor Vehicle and Parts Dealers,0.02,False,CENSUS_MRTS,2025-10-25 23:04:12.293595
2020-11-01,441,Motor Vehicle and Parts Dealers,0.02,False,CENSUS_MRTS,2025-10-25 23:04:12.293595
2020-12-01,441,Motor Vehicle and Parts Dealers,0.02,False,CENSUS_MRTS,2025-10-25 23:04:12.293595
2020-01-01,441,Motor Vehicle and Parts Dealers,2.25,True,CENSUS_MRTS,2025-10-25 23:04:12.293595
2020-02-01,441,Motor Vehicle and Parts Dealers,2.21,True,CENSUS_MRTS,2025-10-25 23:04:12.293595
2020-03-01,441,Motor Vehicle and Parts Dealers,3.15,True,CENSUS_MRTS,2025-10-25 23:04:12.293595
2020-04-01,441,Motor Vehicle and Parts Dealers,3.34,True,CENSUS_MRTS,2025-10-25 23:04:12.293595
2020-05-01,441,Motor Vehicle and Parts Dealers,1.91,True,CENSUS_MRTS,2025-10-25 23:04:12.293595
2020-06-01,441,Motor Vehicle and Parts Dealers,1.64,True,CENSUS_MRTS,2025-10-25 23:04:12.293595
2020-07-01,441,Motor Vehicle and Parts Dealers,1.67,True,CENSUS_MRTS,2025-10-25 23:04:12.293595
2020-08-01,441,Motor Vehicle and Parts Dealers,1.68,True,CENSUS_MRTS,2025-10-25 23:04:12.293595
2020-09-01,441,Motor Vehicle and Parts Dealers,1.66,True,CENSUS_MRTS,2025-10-25 23:04:12.293595
2020-10-01,441,Motor Vehicle and Parts Dealers,1.71,True,CENSUS_MRTS,2025-10-25 23:04:12.293595
2020-11-01,441,Motor Vehicle and Parts Dealers,1.76,True,CENSUS_MRTS,2025-10-25 23:04:12.293595
2020-12-01,441,Motor Vehicle and Parts Dealers,1.73,True,CENSUS_MRTS,2025-10-25 23:04:12.293595
2020-01-01,441,Motor Vehicle and Parts Dealers,0.02,True,CENSUS_MRTS,2025-10-25 23:04:12.293595
2020-02-01,441,Motor Vehicle and Parts Dealers,0.02,True,CENSUS_MRTS,2025-10-25 23:04:12.293595
2020-03-01,441,Motor Vehicle and Parts Dealers,0.03,True,CENSUS_MRTS,2025-10-25 23:04:12.293595
2020-04-01,441,Motor Vehicle and Parts Dealers,0.03,True,CENSUS_MRTS,2025-10-25 23:04:12.293595
2020-05-01,441,Motor Vehicle and Parts Dealers,0.02,True,CENSUS_MRTS,2025-10-25 23:04:12.293595
2020-06-01,441,Motor Vehicle and Parts Dealers,0.02,True,CENSUS_MRTS,2025-10-25 23:04:12.293595
2020-07-01,441,Motor Vehicle and Parts Dealers,0.02,True,CENSUS_MRTS,2025-10-25 23:04:12.293595
2020-08-01,441,Motor Vehicle and Parts Dealers,0.02,True,CENSUS_MRTS,2025-10-25 23:04:12.293595
2020-09-01,441,Motor Vehicle and Parts Dealers,0.02,True,CENSUS_MRTS,2025-10-25 23:04:12.293595
2020-10-01,441,Motor Vehicle and Parts Dealers,0.02,True,CENSUS_MRTS,2025-10-25 23:04:12.293595
2020-11-01,441,Motor Vehicle and Parts Dealers,0.02,True,CENSUS_MRTS,2025-10-25 23:04:12.293595
2020-12-01,441,Motor Vehicle and Parts Dealers,0.02,True,CENSUS_MRTS,2025-10-25 23:04:12.293595
2020-01-01,441,Motor Vehicle and Parts Dealers,0.6,False,CENSUS_MRTS,2025-10-25 23:04:12.293595
2020-02-01,441,Motor Vehicle and Parts Dealers,-0.4,False,CENSUS_MRTS,2025-10-25 23:04:12.293595
2020-03-01,441,Motor Vehicle and Parts Dealers,4.6,False,CENSUS_MRTS,2025-10-25 23:04:12.293595
2020-04-01,441,Motor Vehicle and Parts Dealers,-7.7,False,CENSUS_MRTS,2025-10-25 23:04:12.293595
2020-05-01,441,Motor Vehicle and Parts Dealers,-16.3,False,CENSUS_MRTS,2025-10-25 23:04:12.293595
2020-06-01,441,Motor Vehicle and Parts Dealers,-7.0,False,CENSUS_MRTS,2025-10-25 23:04:12.293595
2020-07-01,441,Motor Vehicle and Parts Dealers,-0.1,False,CENSUS_MRTS,2025-10-25 23:04:12.293595
2020-08-01,441,Motor Vehicle and Parts Dealers,-0.1,False,CENSUS_MRTS,2025-10-25 23:04:12.293595
2020-09-01,441,Motor Vehicle and Parts Dealers,3.8,False,CENSUS_MRTS,2025-10-25 23:04:12.293595
2020-10-01,441,Motor Vehicle and Parts Dealers,3.9,False,CENSUS_MRTS,2025-10-25 23:04:12.293595
2020-11-01,441,Motor Vehicle and Parts Dealers,2.3,False,CENSUS_MRTS,2025-10-25 23:04:12.293595
2020-12-01,441,Motor Vehicle and Parts Dealers,0.3,False,CENSUS_MRTS,2025-10-25 23:04:12.293595
2020-01-01,441,Motor Vehicle and Parts Dealers,0.2,False,CENSUS_MRTS,2025-10-25 23:04:12.293595
2020-02-01,441,Motor Vehicle and Parts Dealers,0.2,False,CENSUS_MRTS,2025-10-25 23:04:12.293595
2020-03-01,441,Motor Vehicle and Parts Dealers,0.3,False,CENSUS_MRTS,2025-10-25 23:04:12.293595
2020-04-01,441,Motor Vehicle and Parts Dealers,0.2,False,CENSUS_MRTS,2025-10-25 23:04:12.293595
2020-05-01,441,Motor Vehicle and Parts Dealers,0.3,False,CENSUS_MRTS,2025-10-25 23:04:12.293595
2020-06-01,441,Motor Vehicle and Parts Dealers,0.4,False,CENSUS_MRTS,2025-10-25 23:04:12.293595
2020-07-01,441,Motor Vehicle and Parts Dealers,0.4,False,CENSUS_MRTS,2025-10-25 23:04:12.293595
2020-08-01,441,Motor Vehicle and Parts Dealers,0.4,False,CENSUS_MRTS,2025-10-25 23:04:12.293595
2020-09-01,441,Motor Vehicle and Parts Dealers,0.3,False,CENSUS_MRTS,2025-10-25 23:04:12.293595
2020-10-01,441,Motor Vehicle and Parts Dealers,0.4,False,CENSUS_MRTS,2025-10-25 23:04:12.293595
2020-11-01,441,Motor Vehicle and Parts Dealers,0.3,False,CENSUS_MRTS,2025-10-25 23:04:12.293595
2020-12-01,441,Motor Vehicle and Parts Dealers,0.3,False,CENSUS_MRTS,2025-10-25 23:04:12.293595
2020-01-01,441,Motor Vehicle and Parts Dealers,-0.8,True,CENSUS_MRTS,2025-10-25 23:04:12.293595
2020-02-01,441,Motor Vehicle and Parts Dealers,-0.8,True,CENSUS_MRTS,2025-10-25 23:04:12.293595
2020-03-01,441,Motor Vehicle and Parts Dealers,4.6,True,CENSUS_MRTS,2025-10-25 23:04:12.293595
2020-04-01,441,Motor Vehicle and Parts Dealers,-8.5,True,CENSUS_MRTS,2025-10-25 23:04:12.293595
2020-05-01,441,Motor Vehicle and Parts Dealers,-14.1,True,CENSUS_MRTS,2025-10-25 23:04:12.293595
2021-05-01,441,Motor Vehicle and Parts Dealers,149663.0,True,CENSUS_MRTS,2025-10-25 23:04:12.293595
2021-06-01,441,Motor Vehicle and Parts Dealers,149245.0,True,CENSUS_MRTS,2025-10-25 23:04:12.293595
2021-07-01,441,Motor Vehicle and Parts Dealers,149963.0,True,CENSUS_MRTS,2025-10-25 23:04:12.293595
2021-08-01,441,Motor Vehicle and Parts Dealers,147333.0,True,CENSUS_MRTS,2025-10-25 23:04:12.293595
2021-09-01,441,Motor Vehicle and Parts Dealers,143008.0,True,CENSUS_MRTS,2025-10-25 23:04:12.293595
2021-10-01,441,Motor Vehicle and Parts Dealers,142351.0,True,CENSUS_MRTS,2025-10-25 23:04:12.293595
2021-11-01,441,Motor Vehicle and Parts Dealers,148311.0,True,CENSUS_MRTS,2025-10-25 23:04:12.293595
2021-12-01,441,Motor Vehicle and Parts Dealers,158011.0,True,CENSUS_MRTS,2025-10-25 23:04:12.293595
2021-01-01,441,Motor Vehicle and Parts Dealers,1.4,True,CENSUS_MRTS,2025-10-25 23:04:12.293595
2021-02-01,441,Motor Vehicle and Parts Dealers,1.4,True,CENSUS_MRTS,2025-10-25 23:04:12.293595
2021-03-01,441,Motor Vehicle and Parts Dealers,1.5,True,CENSUS_MRTS,2025-10-25 23:04:12.293595
2021-04-01,441,Motor Vehicle and Parts Dealers,1.5,True,CENSUS_MRTS,2025-10-25 23:04:12.293595
2021-05-01,441,Motor Vehicle and Parts Dealers,1.6,True,CENSUS_MRTS,2025-10-25 23:04:12.293595
2021-06-01,441,Motor Vehicle and Parts Dealers,1.6,True,CENSUS_MRTS,2025-10-25 23:04:12.293595
2021-07-01,441,Motor Vehicle and Parts Dealers,1.6,True,CENSUS_MRTS,2025-10-25 23:04:12.293595
2021-08-01,441,Motor Vehicle and Parts Dealers,1.7,True,CENSUS_MRTS,2025-10-25 23:04:12.293595
2021-09-01,441,Motor Vehicle and Parts Dealers,1.7,True,CENSUS_MRTS,2025-10-25 23:04:12.293595
2021-10-01,441,Motor Vehicle and Parts Dealers,1.6,True,CENSUS_MRTS,2025-10-25 23:04:12.293595
2021-11-01,441,Motor Vehicle and Parts Dealers,1.7,True,CENSUS_MRTS,2025-10-25 23:04:12.293595
2021-12-01,441,Motor Vehicle and Parts Dealers,1.7,True,CENSUS_MRTS,2025-10-25 23:04:12.293595
2021-01-01,441,Motor Vehicle and Parts Dealers,1.92,False,CENSUS_MRTS,2025-10-25 23:04:12.293595
2021-02-01,441,Motor Vehicle and Parts Dealers,1.89,False,CENSUS_MRTS,2025-10-25 23:04:12.293595
2021-03-01,441,Motor Vehicle and Parts Dealers,1.25,False,CENSUS_MRTS,2025-10-25 23:04:12.293595
2021-04-01,441,Motor Vehicle and Parts Dealers,1.19,False,CENSUS_MRTS,2025-10-25 23:04:12.293595
2021-05-01,441,Motor Vehicle and Parts Dealers,1.11,False,CENSUS_MRTS,2025-10-25 23:04:12.293595
2021-06-01,441,Motor Vehicle and Parts Dealers,1.15,False,CENSUS_MRTS,2025-10-25 23:04:12.293595
2021-07-01,441,Motor Vehicle and Parts Dealers,1.16,False,CENSUS_MRTS,2025-10-25 23:04:12.293595
2021-08-01,441,Motor Vehicle and Parts Dealers,1.19,False,CENSUS_MRTS,2025-10-25 23:04:12.293595
2021-09-01,441,Motor Vehicle and Parts Dealers,1.21,False,CENSUS_MRTS,2025-10-25 23:04:12.293595
2021-10-01,441,Motor Vehicle and Parts Dealers,1.2,False,CENSUS_MRTS,2025-10-25 23:04:12.293595
2021-11-01,441,Motor Vehicle and Parts Dealers,1.31,False,CENSUS_MRTS,2025-10-25 23:04:12.293595
2021-12-01,441,Motor Vehicle and Parts Dealers,1.32,False,CENSUS_MRTS,2025-10-25 23:04:12.293595
2021-01-01,441,Motor Vehicle and Parts Dealers,0.02,False,CENSUS_MRTS,2025-10-25 23:04:12.293595
2021-02-01,441,Motor Vehicle and Parts Dealers,0.02,False,CENSUS_MRTS,2025-10-25 23:04:12.293595
2021-03-01,441,Motor Vehicle and Parts Dealers,0.01,False,CENSUS_MRTS,2025-10-25 23:04:12.293595
2021-04-01,441,Motor Vehicle and Parts Dealers,0.01,False,CENSUS_MRTS,2025-10-25 23:04:12.293595
2021-05-01,441,Motor Vehicle and Parts Dealers,0.01,False,CENSUS_MRTS,2025-10-25 23:04:12.293595
2021-06-01,441,Motor Vehicle and Parts Dealers,0.01,False,CENSUS_MRTS,2025-10-25 23:04:12.293595
2021-07-01,441,Motor Vehicle and Parts Dealers,0.01,False,CENSUS_MRTS,2025-10-25 23:04:12.293595
2021-08-01,441,Motor Vehicle and Parts Dealers,0.01,False,CENSUS_MRTS,2025-10-25 23:04:12.293595
2021-09-01,441,Motor Vehicle and Parts Dealers,0.01,False,CENSUS_MRTS,2025-10-25 23:04:12.293595
2021-10-01,441,Motor Vehicle and Parts Dealers,0.01,False,CENSUS_MRTS,2025-10-25 23:04:12.293595
2021-11-01,441,Motor Vehicle and Parts Dealers,0.01,False,CENSUS_MRTS,2025-10-25 23:04:12.293595
2021-12-01,441,Motor Vehicle and Parts Dealers,0.01,False,CENSUS_MRTS,2025-10-25 23:04:12.293595
2021-01-01,441,Motor Vehicle and Parts Dealers,1.68,True,CENSUS_MRTS,2025-10-25 23:04:12.293595
2021-02-01,441,Motor Vehicle and Parts Dealers,1.68,True,CENSUS_MRTS,2025-10-25 23:04:12.293595
2021-03-01,441,Motor Vehicle and Parts Dealers,1.34,True,CENSUS_MRTS,2025-10-25 23:04:12.293595
2021-04-01,441,Motor Vehicle and Parts Dealers,1.21,True,CENSUS_MRTS,2025-10-25 23:04:12.293595
2021-05-01,441,Motor Vehicle and Parts Dealers,1.17,True,CENSUS_MRTS,2025-10-25 23:04:12.293595
2021-06-01,441,Motor Vehicle and Parts Dealers,1.19,True,CENSUS_MRTS,2025-10-25 23:04:12.293595
2021-07-01,441,Motor Vehicle and Parts Dealers,1.25,True,CENSUS_MRTS,2025-10-25 23:04:12.293595
2021-08-01,441,Motor Vehicle and Parts Dealers,1.26,True,CENSUS_MRTS,2025-10-25 23:04:12.293595
2021-09-01,441,Motor Vehicle and Parts Dealers,1.21,True,CENSUS_MRTS,2025-10-25 23:04:12.293595
2021-10-01,441,Motor Vehicle and Parts Dealers,1.19,True,CENSUS_MRTS,2025-10-25 23:04:12.293595
2021-11-01,441,Motor Vehicle and Parts Dealers,1.22,True,CENSUS_MRTS,2025-10-25 23:04:12.293595
2021-12-01,441,Motor Vehicle and Parts Dealers,1.33,True,CENSUS_MRTS,2025-10-25 23:04:12.293595
2021-01-01,441,Motor Vehicle and Parts Dealers,0.02,True,CENSUS_MRTS,2025-10-25 23:04:12.293595
2021-02-01,441,Motor Vehicle and Parts Dealers,0.02,True,CENSUS_MRTS,2025-10-25 23:04:12.293595
2021-03-01,441,Motor Vehicle and Parts Dealers,0.01,True,CENSUS_MRTS,2025-10-25 23:04:12.293595
2021-04-01,441,Motor Vehicle and Parts Dealers,0.01,True,CENSUS_MRTS,2025-10-25 23:04:12.293595
2021-05-01,441,Motor Vehicle and Parts Dealers,0.01,True,CENSUS_MRTS,2025-10-25 23:04:12.293595
2021-06-01,441,Motor Vehicle and Parts Dealers,0.01,True,CENSUS_MRTS,2025-10-25 23:04:12.293595
2021-07-01,441,Motor Vehicle and Parts Dealers,0.01,True,CENSUS_MRTS,2025-10-25 23:04:12.293595
2021-08-01,441,Motor Vehicle and Parts Dealers,0.01,True,CENSUS_MRTS,2025-10-25 23:04:12.293595
2021-09-01,441,Motor Vehicle and Parts Dealers,0.01,True,CENSUS_MRTS,2025-10-25 23:04:12.293595
2021-10-01,441,Motor Vehicle and Parts Dealers,0.01,True,CENSUS_MRTS,2025-10-25 23:04:12.293595
2021-11-01,441,Motor Vehicle and Parts Dealers,0.01,True,CENSUS_MRTS,2025-10-25 23:04:12.293595
2021-12-01,441,Motor Vehicle and Parts Dealers,0.01,True,CENSUS_MRTS,2025-10-25 23:04:12.293595
2021-01-01,441,Motor Vehicle and Parts Dealers,-0.3,False,CENSUS_MRTS,2025-10-25 23:04:12.293595
2021-02-01,441,Motor Vehicle and Parts Dealers,-2.5,False,CENSUS_MRTS,2025-10-25 23:04:12.293595
2021-03-01,441,Motor Vehicle and Parts Dealers,-5.6,False,CENSUS_MRTS,2025-10-25 23:04:12.293595
2021-04-01,441,Motor Vehicle and Parts Dealers,-6.6,False,CENSUS_MRTS,2025-10-25 23:04:12.293595
2021-05-01,441,Motor Vehicle and Parts Dealers,-7.9,False,CENSUS_MRTS,2025-10-25 23:04:12.293595
2021-06-01,441,Motor Vehicle and Parts Dealers,-0.1,False,CENSUS_MRTS,2025-10-25 23:04:12.293595
2021-07-01,441,Motor Vehicle and Parts Dealers,-2.4,False,CENSUS_MRTS,2025-10-25 23:04:12.293595
2021-08-01,441,Motor Vehicle and Parts Dealers,-1.9,False,CENSUS_MRTS,2025-10-25 23:04:12.293595
2021-09-01,441,Motor Vehicle and Parts Dealers,-1.8,False,CENSUS_MRTS,2025-10-25 23:04:12.293595
2021-10-01,441,Motor Vehicle and Parts Dealers,0.3,False,CENSUS_MRTS,2025-10-25 23:04:12.293595
2021-11-01,441,Motor Vehicle and Parts Dealers,5.6,False,CENSUS_MRTS,2025-10-25 23:04:12.293595
2021-12-01,441,Motor Vehicle and Parts Dealers,6.6,False,CENSUS_MRTS,2025-10-25 23:04:12.293595
2021-01-01,441,Motor Vehicle and Parts Dealers,0.4,False,CENSUS_MRTS,2025-10-25 23:04:12.293595
2021-02-01,441,Motor Vehicle and Parts Dealers,0.3,False,CENSUS_MRTS,2025-10-25 23:04:12.293595
2021-03-01,441,Motor Vehicle and Parts Dealers,0.3,False,CENSUS_MRTS,2025-10-25 23:04:12.293595
2021-04-01,441,Motor Vehicle and Parts Dealers,0.2,False,CENSUS_MRTS,2025-10-25 23:04:12.293595
2021-05-01,441,Motor Vehicle and Parts Dealers,0.2,False,CENSUS_MRTS,2025-10-25 23:04:12.293595
2021-06-01,441,Motor Vehicle and Parts Dealers,0.3,False,CENSUS_MRTS,2025-10-25 23:04:12.293595
2021-07-01,441,Motor Vehicle and Parts Dealers,0.3,False,CENSUS_MRTS,2025-10-25 23:04:12.293595
2021-08-01,441,Motor Vehicle and Parts Dealers,0.2,False,CENSUS_MRTS,2025-10-25 23:04:12.293595
2021-09-01,441,Motor Vehicle and Parts Dealers,0.2,False,CENSUS_MRTS,2025-10-25 23:04:12.293595
2021-10-01,441,Motor Vehicle and Parts Dealers,0.4,False,CENSUS_MRTS,2025-10-25 23:04:12.293595
2021-11-01,441,Motor Vehicle and Parts Dealers,0.2,False,CENSUS_MRTS,2025-10-25 23:04:12.293595
2021-12-01,441,Motor Vehicle and Parts Dealers,0.3,False,CENSUS_MRTS,2025-10-25 23:04:12.293595
2021-01-01,441,Motor Vehicle and Parts Dealers,0.0,True,CENSUS_MRTS,2025-10-25 23:04:12.293595
2021-02-01,441,Motor Vehicle and Parts Dealers,-3.3,True,CENSUS_MRTS,2025-10-25 23:04:12.293595
2021-03-01,441,Motor Vehicle and Parts Dealers,-6.4,True,CENSUS_MRTS,2025-10-25 23:04:12.293595
2021-04-01,441,Motor Vehicle and Parts Dealers,-7.3,True,CENSUS_MRTS,2025-10-25 23:04:12.293595
2021-05-01,441,Motor Vehicle and Parts Dealers,-5.6,True,CENSUS_MRTS,2025-10-25 23:04:12.293595
2021-06-01,441,Motor Vehicle and Parts Dealers,-0.3,True,CENSUS_MRTS,2025-10-25 23:04:12.293595
2021-07-01,441,Motor Vehicle and Parts Dealers,0.5,True,CENSUS_MRTS,2025-10-25 23:04:12.293595
2021-08-01,441,Motor Vehicle and Parts Dealers,-1.8,True,CENSUS_MRTS,2025-10-25 23:04:12.293595
2021-09-01,441,Motor Vehicle and Parts Dealers,-2.9,True,CENSUS_MRTS,2025-10-25 23:04:12.293595
2021-10-01,441,Motor Vehicle and Parts Dealers,-0.5,True,CENSUS_MRTS,2025-10-25 23:04:12.293595
2021-11-01,441,Motor Vehicle and Parts Dealers,4.2,True,CENSUS_MRTS,2025-10-25 23:04:12.293595
2021-12-01,441,Motor Vehicle and Parts Dealers,6.5,True,CENSUS_MRTS,2025-10-25 23:04:12.293595
2021-01-01,441,Motor Vehicle and Parts Dealers,0.4,True,CENSUS_MRTS,2025-10-25 23:04:12.293595
2021-02-01,441,Motor Vehicle and Parts Dealers,0.3,True,CENSUS_MRTS,2025-10-25 23:04:12.293595
2021-03-01,441,Motor Vehicle and Parts Dealers,0.3,True,CENSUS_MRTS,2025-10-25 23:04:12.293595
2021-04-01,441,Motor Vehicle and Parts Dealers,0.2,True,CENSUS_MRTS,2025-10-25 23:04:12.293595
2021-05-01,441,Motor Vehicle and Parts Dealers,0.2,True,CENSUS_MRTS,2025-10-25 23:04:12.293595
2021-06-01,441,Motor Vehicle and Parts Dealers,0.3,True,CENSUS_MRTS,2025-10-25 23:04:12.293595
2021-07-01,441,Motor Vehicle and Parts Dealers,0.3,True,CENSUS_MRTS,2025-10-25 23:04:12.293595
2021-08-01,441,Motor Vehicle and Parts Dealers,0.2,True,CENSUS_MRTS,2025-10-25 23:04:12.293595
2021-09-01,441,Motor Vehicle and Parts Dealers,0.2,True,CENSUS_MRTS,2025-10-25 23:04:12.293595
2021-10-01,441,Motor Vehicle and Parts Dealers,0.4,True,CENSUS_MRTS,2025-10-25 23:04:12.293595
2021-11-01,441,Motor Vehicle and Parts Dealers,0.2,True,CENSUS_MRTS,2025-10-25 23:04:12.293595
2021-12-01,441,Motor Vehicle and Parts Dealers,0.3,True,CENSUS_MRTS,2025-10-25 23:04:12.293595
2021-01-01,441,Motor Vehicle and Parts Dealers,-10.6,False,CENSUS_MRTS,2025-10-25 23:04:12.293595
2021-02-01,441,Motor Vehicle and Parts Dealers,-1.5,False,CENSUS_MRTS,2025-10-25 23:04:12.293595
2021-03-01,441,Motor Vehicle and Parts Dealers,42.8,False,CENSUS_MRTS,2025-10-25 23:04:12.293595
2021-04-01,441,Motor Vehicle and Parts Dealers,-1.9,False,CENSUS_MRTS,2025-10-25 23:04:12.293595
2021-05-01,441,Motor Vehicle and Parts Dealers,-1.1,False,CENSUS_MRTS,2025-10-25 23:04:12.293595
2021-06-01,441,Motor Vehicle and Parts Dealers,-3.9,False,CENSUS_MRTS,2025-10-25 23:04:12.293595
2021-07-01,441,Motor Vehicle and Parts Dealers,-2.5,False,CENSUS_MRTS,2025-10-25 23:04:12.293595
2021-08-01,441,Motor Vehicle and Parts Dealers,-4.4,False,CENSUS_MRTS,2025-10-25 23:04:12.293595
2021-09-01,441,Motor Vehicle and Parts Dealers,-3.9,False,CENSUS_MRTS,2025-10-25 23:04:12.293595
2021-10-01,441,Motor Vehicle and Parts Dealers,1.2,False,CENSUS_MRTS,2025-10-25 23:04:12.293595
2021-11-01,441,Motor Vehicle and Parts Dealers,-3.5,False,CENSUS_MRTS,2025-10-25 23:04:12.293595
2021-12-01,441,Motor Vehicle and Parts Dealers,5.8,False,CENSUS_MRTS,2025-10-25 23:04:12.293595
2021-01-01,441,Motor Vehicle and Parts Dealers,0.6,False,CENSUS_MRTS,2025-10-25 23:04:12.293595
2021-02-01,441,Motor Vehicle and Parts Dealers,0.4,False,CENSUS_MRTS,2025-10-25 23:04:12.293595
2021-03-01,441,Motor Vehicle and Parts Dealers,0.6,False,CENSUS_MRTS,2025-10-25 23:04:12.293595
2021-04-01,441,Motor Vehicle and Parts Dealers,0.3,False,CENSUS_MRTS,2025-10-25 23:04:12.293595
2021-05-01,441,Motor Vehicle and Parts Dealers,0.4,False,CENSUS_MRTS,2025-10-25 23:04:12.293595
2021-06-01,441,Motor Vehicle and Parts Dealers,0.3,False,CENSUS_MRTS,2025-10-25 23:04:12.293595
2021-07-01,441,Motor Vehicle and Parts Dealers,0.3,False,CENSUS_MRTS,2025-10-25 23:04:12.293595
2021-08-01,441,Motor Vehicle and Parts Dealers,0.3,False,CENSUS_MRTS,2025-10-25 23:04:12.293595
2021-09-01,441,Motor Vehicle and Parts Dealers,0.3,False,CENSUS_MRTS,2025-10-25 23:04:12.293595
2021-10-01,441,Motor Vehicle and Parts Dealers,0.4,False,CENSUS_MRTS,2025-10-25 23:04:12.293595
2021-11-01,441,Motor Vehicle and Parts Dealers,0.4,False,CENSUS_MRTS,2025-10-25 23:04:12.293595
2021-12-01,441,Motor Vehicle and Parts Dealers,0.3,False,CENSUS_MRTS,2025-10-25 23:04:12.293595
2021-01-01,441,Motor Vehicle and Parts Dealers,2.9,True,CENSUS_MRTS,2025-10-25 23:04:12.293595
2021-02-01,441,Motor Vehicle and Parts Dealers,-3.4,True,CENSUS_MRTS,2025-10-25 23:04:12.293595
2021-03-01,441,Motor Vehicle and Parts Dealers,17.3,True,CENSUS_MRTS,2025-10-25 23:04:12.293595
2021-04-01,441,Motor Vehicle and Parts Dealers,2.5,True,CENSUS_MRTS,2025-10-25 23:04:12.293595
2021-05-01,441,Motor Vehicle and Parts Dealers,-2.1,True,CENSUS_MRTS,2025-10-25 23:04:12.293595
2021-06-01,441,Motor Vehicle and Parts Dealers,-2.4,True,CENSUS_MRTS,2025-10-25 23:04:12.293595
2021-07-01,441,Motor Vehicle and Parts Dealers,-3.8,True,CENSUS_MRTS,2025-10-25 23:04:12.293595
2021-08-01,441,Motor Vehicle and Parts Dealers,-2.7,True,CENSUS_MRTS,2025-10-25 23:04:12.293595
2021-09-01,441,Motor Vehicle and Parts Dealers,0.9,True,CENSUS_MRTS,2025-10-25 23:04:12.293595
2021-10-01,441,Motor Vehicle and Parts Dealers,1.6,True,CENSUS_MRTS,2025-10-25 23:04:12.293595
2021-11-01,441,Motor Vehicle and Parts Dealers,1.7,True,CENSUS_MRTS,2025-10-25 23:04:12.293595
2021-12-01,441,Motor Vehicle and Parts Dealers,-2.7,True,CENSUS_MRTS,2025-10-25 23:04:12.293595
2021-01-01,441,Motor Vehicle and Parts Dealers,0.6,True,CENSUS_MRTS,2025-10-25 23:04:12.293595
2021-02-01,441,Motor Vehicle and Parts Dealers,0.4,True,CENSUS_MRTS,2025-10-25 23:04:12.293595
2021-03-01,441,Motor Vehicle and Parts Dealers,0.6,True,CENSUS_MRTS,2025-10-25 23:04:12.293595
2021-04-01,441,Motor Vehicle and Parts Dealers,0.3,True,CENSUS_MRTS,2025-10-25 23:04:12.293595
2021-05-01,441,Motor Vehicle and Parts Dealers,0.4,True,CENSUS_MRTS,2025-10-25 23:04:12.293595
2021-06-01,441,Motor Vehicle and Parts Dealers,0.3,True,CENSUS_MRTS,2025-10-25 23:04:12.293595
2021-07-01,441,Motor Vehicle and Parts Dealers,0.3,True,CENSUS_MRTS,2025-10-25 23:04:12.293595
2021-08-01,441,Motor Vehicle and Parts Dealers,0.3,True,CENSUS_MRTS,2025-10-25 23:04:12.293595
2021-09-01,441,Motor Vehicle and Parts Dealers,0.3,True,CENSUS_MRTS,2025-10-25 23:04:12.293595
2021-10-01,441,Motor Vehicle and Parts Dealers,0.4,True,CENSUS_MRTS,2025-10-25 23:04:12.293595
2021-11-01,441,Motor Vehicle and Parts Dealers,0.4,True,CENSUS_MRTS,2025-10-25 23:04:12.293595
2021-12-01,441,Motor Vehicle and Parts Dealers,0.3,True,CENSUS_MRTS,2025-10-25 23:04:12.293595
2021-01-01,441,Motor Vehicle and Parts Dealers,98913.0,False,CENSUS_MRTS,2025-10-25 23:04:12.293595
2021-02-01,441,Motor Vehicle and Parts Dealers,97475.0,False,CENSUS_MRTS,2025-10-25 23:04:12.293595
2021-01-01,441,Motor Vehicle and Parts Dealers,189502.0,False,CENSUS_MRTS,2025-10-25 23:04:12.293595
2021-02-01,441,Motor Vehicle and Parts Dealers,184691.0,False,CENSUS_MRTS,2025-10-25 23:04:12.293595
2021-03-01,441,Motor Vehicle and Parts Dealers,174309.0,False,CENSUS_MRTS,2025-10-25 23:04:12.293595
2021-04-01,441,Motor Vehicle and Parts Dealers,162823.0,False,CENSUS_MRTS,2025-10-25 23:04:12.293595
2021-05-01,441,Motor Vehicle and Parts Dealers,149963.0,False,CENSUS_MRTS,2025-10-25 23:04:12.293595
2021-06-01,441,Motor Vehicle and Parts Dealers,149863.0,False,CENSUS_MRTS,2025-10-25 23:04:12.293595
2021-07-01,441,Motor Vehicle and Parts Dealers,146260.0,False,CENSUS_MRTS,2025-10-25 23:04:12.293595
2021-08-01,441,Motor Vehicle and Parts Dealers,143494.0,False,CENSUS_MRTS,2025-10-25 23:04:12.293595
2021-09-01,441,Motor Vehicle and Parts Dealers,140921.0,False,CENSUS_MRTS,2025-10-25 23:04:12.293595
2021-10-01,441,Motor Vehicle and Parts Dealers,141382.0,False,CENSUS_MRTS,2025-10-25 23:04:12.293595
2021-11-01,441,Motor Vehicle and Parts Dealers,149262.0,False,CENSUS_MRTS,2025-10-25 23:04:12.293595
2021-12-01,441,Motor Vehicle and Parts Dealers,159150.0,False,CENSUS_MRTS,2025-10-25 23:04:12.293595
2021-01-01,441,Motor Vehicle and Parts Dealers,1.4,False,CENSUS_MRTS,2025-10-25 23:04:12.293595
2021-02-01,441,Motor Vehicle and Parts Dealers,1.4,False,CENSUS_MRTS,2025-10-25 23:04:12.293595
2021-03-01,441,Motor Vehicle and Parts Dealers,1.5,False,CENSUS_MRTS,2025-10-25 23:04:12.293595
2021-04-01,441,Motor Vehicle and Parts Dealers,1.5,False,CENSUS_MRTS,2025-10-25 23:04:12.293595
2021-05-01,441,Motor Vehicle and Parts Dealers,1.6,False,CENSUS_MRTS,2025-10-25 23:04:12.293595
2021-06-01,441,Motor Vehicle and Parts Dealers,1.6,False,CENSUS_MRTS,2025-10-25 23:04:12.293595
2021-07-01,441,Motor Vehicle and Parts Dealers,1.6,False,CENSUS_MRTS,2025-10-25 23:04:12.293595
2021-08-01,441,Motor Vehicle and Parts Dealers,1.7,False,CENSUS_MRTS,2025-10-25 23:04:12.293595
2021-09-01,441,Motor Vehicle and Parts Dealers,1.7,False,CENSUS_MRTS,2025-10-25 23:04:12.293595
2021-10-01,441,Motor Vehicle and Parts Dealers,1.6,False,CENSUS_MRTS,2025-10-25 23:04:12.293595
2021-11-01,441,Motor Vehicle and Parts Dealers,1.7,False,CENSUS_MRTS,2025-10-25 23:04:12.293595
2021-12-01,441,Motor Vehicle and Parts Dealers,1.7,False,CENSUS_MRTS,2025-10-25 23:04:12.293595
2021-01-01,441,Motor Vehicle and Parts Dealers,189124.0,True,CENSUS_MRTS,2025-10-25 23:04:12.293595
2021-02-01,441,Motor Vehicle and Parts Dealers,182847.0,True,CENSUS_MRTS,2025-10-25 23:04:12.293595
2021-03-01,441,Motor Vehicle and Parts Dealers,171138.0,True,CENSUS_MRTS,2025-10-25 23:04:12.293595
2021-04-01,441,Motor Vehicle and Parts Dealers,158617.0,True,CENSUS_MRTS,2025-10-25 23:04:12.293595
2021-03-01,441,Motor Vehicle and Parts Dealers,139224.0,False,CENSUS_MRTS,2025-10-25 23:04:12.293595
2021-04-01,441,Motor Vehicle and Parts Dealers,136513.0,False,CENSUS_MRTS,2025-10-25 23:04:12.293595
2021-05-01,441,Motor Vehicle and Parts Dealers,135079.0,False,CENSUS_MRTS,2025-10-25 23:04:12.293595
2021-06-01,441,Motor Vehicle and Parts Dealers,129866.0,False,CENSUS_MRTS,2025-10-25 23:04:12.293595
2021-07-01,441,Motor Vehicle and Parts Dealers,126622.0,False,CENSUS_MRTS,2025-10-25 23:04:12.293595
2021-08-01,441,Motor Vehicle and Parts Dealers,121011.0,False,CENSUS_MRTS,2025-10-25 23:04:12.293595
2021-09-01,441,Motor Vehicle and Parts Dealers,116340.0,False,CENSUS_MRTS,2025-10-25 23:04:12.293595
2021-10-01,441,Motor Vehicle and Parts Dealers,117725.0,False,CENSUS_MRTS,2025-10-25 23:04:12.293595
2021-11-01,441,Motor Vehicle and Parts Dealers,113573.0,False,CENSUS_MRTS,2025-10-25 23:04:12.293595
2021-12-01,441,Motor Vehicle and Parts Dealers,120182.0,False,CENSUS_MRTS,2025-10-25 23:04:12.293595
2021-01-01,441,Motor Vehicle and Parts Dealers,1.1,False,CENSUS_MRTS,2025-10-25 23:04:12.293595
2021-02-01,441,Motor Vehicle and Parts Dealers,1.2,False,CENSUS_MRTS,2025-10-25 23:04:12.293595
2021-03-01,441,Motor Vehicle and Parts Dealers,1.1,False,CENSUS_MRTS,2025-10-25 23:04:12.293595
2021-04-01,441,Motor Vehicle and Parts Dealers,1.1,False,CENSUS_MRTS,2025-10-25 23:04:12.293595
2021-05-01,441,Motor Vehicle and Parts Dealers,1.1,False,CENSUS_MRTS,2025-10-25 23:04:12.293595
2021-06-01,441,Motor Vehicle and Parts Dealers,1.1,False,CENSUS_MRTS,2025-10-25 23:04:12.293595
2021-07-01,441,Motor Vehicle and Parts Dealers,1.2,False,CENSUS_MRTS,2025-10-25 23:04:12.293595
2021-08-01,441,Motor Vehicle and Parts Dealers,1.2,False,CENSUS_MRTS,2025-10-25 23:04:12.293595
2021-09-01,441,Motor Vehicle and Parts Dealers,1.3,False,CENSUS_MRTS,2025-10-25 23:04:12.293595
2021-10-01,441,Motor Vehicle and Parts Dealers,1.4,False,CENSUS_MRTS,2025-10-25 23:04:12.293595
2021-11-01,441,Motor Vehicle and Parts Dealers,1.4,False,CENSUS_MRTS,2025-10-25 23:04:12.293595
2021-12-01,441,Motor Vehicle and Parts Dealers,1.4,False,CENSUS_MRTS,2025-10-25 23:04:12.293595
2021-01-01,441,Motor Vehicle and Parts Dealers,112757.0,True,CENSUS_MRTS,2025-10-25 23:04:12.293595
2021-02-01,441,Motor Vehicle and Parts Dealers,108890.0,True,CENSUS_MRTS,2025-10-25 23:04:12.293595
2021-03-01,441,Motor Vehicle and Parts Dealers,127776.0,True,CENSUS_MRTS,2025-10-25 23:04:12.293595
2021-04-01,441,Motor Vehicle and Parts Dealers,130966.0,True,CENSUS_MRTS,2025-10-25 23:04:12.293595
2021-05-01,441,Motor Vehicle and Parts Dealers,128164.0,True,CENSUS_MRTS,2025-10-25 23:04:12.293595
2021-06-01,441,Motor Vehicle and Parts Dealers,125068.0,True,CENSUS_MRTS,2025-10-25 23:04:12.293595
2021-07-01,441,Motor Vehicle and Parts Dealers,120301.0,True,CENSUS_MRTS,2025-10-25 23:04:12.293595
2021-08-01,441,Motor Vehicle and Parts Dealers,117047.0,True,CENSUS_MRTS,2025-10-25 23:04:12.293595
2021-09-01,441,Motor Vehicle and Parts Dealers,118118.0,True,CENSUS_MRTS,2025-10-25 23:04:12.293595
2021-10-01,441,Motor Vehicle and Parts Dealers,120015.0,True,CENSUS_MRTS,2025-10-25 23:04:12.293595
2021-11-01,441,Motor Vehicle and Parts Dealers,121997.0,True,CENSUS_MRTS,2025-10-25 23:04:12.293595
2021-12-01,441,Motor Vehicle and Parts Dealers,118762.0,True,CENSUS_MRTS,2025-10-25 23:04:12.293595
2021-01-01,441,Motor Vehicle and Parts Dealers,1.1,True,CENSUS_MRTS,2025-10-25 23:04:12.293595
2021-02-01,441,Motor Vehicle and Parts Dealers,1.2,True,CENSUS_MRTS,2025-10-25 23:04:12.293595
2021-03-01,441,Motor Vehicle and Parts Dealers,1.1,True,CENSUS_MRTS,2025-10-25 23:04:12.293595
2021-04-01,441,Motor Vehicle and Parts Dealers,1.1,True,CENSUS_MRTS,2025-10-25 23:04:12.293595
2021-05-01,441,Motor Vehicle and Parts Dealers,1.1,True,CENSUS_MRTS,2025-10-25 23:04:12.293595
2021-06-01,441,Motor Vehicle and Parts Dealers,1.1,True,CENSUS_MRTS,2025-10-25 23:04:12.293595
2021-07-01,441,Motor Vehicle and Parts Dealers,1.2,True,CENSUS_MRTS,2025-10-25 23:04:12.293595
2021-08-01,441,Motor Vehicle and Parts Dealers,1.2,True,CENSUS_MRTS,2025-10-25 23:04:12.293595
2021-09-01,441,Motor Vehicle and Parts Dealers,1.3,True,CENSUS_MRTS,2025-10-25 23:04:12.293595
2021-10-01,441,Motor Vehicle and Parts Dealers,1.4,True,CENSUS_MRTS,2025-10-25 23:04:12.293595
2021-11-01,441,Motor Vehicle and Parts Dealers,1.4,True,CENSUS_MRTS,2025-10-25 23:04:12.293595
2021-12-01,441,Motor Vehicle and Parts Dealers,1.4,True,CENSUS_MRTS,2025-10-25 23:04:12.293595
2024-01-01,441,Motor Vehicle and Parts Dealers,1.4,True,CENSUS_MRTS,2025-10-25 23:04:12.293595
2024-06-01,441,Motor Vehicle and Parts Dealers,1.5,True,CENSUS_MRTS,2025-10-25 23:04:12.293595
2024-12-01,441,Motor Vehicle and Parts Dealers,1.4,True,CENSUS_MRTS,2025-10-25 23:04:12.293595
2024-06-01,441,Motor Vehicle and Parts Dealers,2.02,False,CENSUS_MRTS,2025-10-25 23:04:12.293595
2024-11-01,441,Motor Vehicle and Parts Dealers,2.05,False,CENSUS_MRTS,2025-10-25 23:04:12.293595
2024-04-01,441,Motor Vehicle and Parts Dealers,0.02,False,CENSUS_MRTS,2025-10-25 23:04:12.293595
2024-10-01,441,Motor Vehicle and Parts Dealers,0.02,False,CENSUS_MRTS,2025-10-25 23:04:12.293595
2024-01-01,441,Motor Vehicle and Parts Dealers,239409.0,False,CENSUS_MRTS,2025-10-25 23:04:12.293595
2024-02-01,441,Motor Vehicle and Parts Dealers,242978.0,False,CENSUS_MRTS,2025-10-25 23:04:12.293595
2024-03-01,441,Motor Vehicle and Parts Dealers,244564.0,False,CENSUS_MRTS,2025-10-25 23:04:12.293595
2024-04-01,441,Motor Vehicle and Parts Dealers,251242.0,False,CENSUS_MRTS,2025-10-25 23:04:12.293595
2024-05-01,441,Motor Vehicle and Parts Dealers,255182.0,False,CENSUS_MRTS,2025-10-25 23:04:12.293595
2024-06-01,441,Motor Vehicle and Parts Dealers,258870.0,False,CENSUS_MRTS,2025-10-25 23:04:12.293595
2024-07-01,441,Motor Vehicle and Parts Dealers,256487.0,False,CENSUS_MRTS,2025-10-25 23:04:12.293595
2024-08-01,441,Motor Vehicle and Parts Dealers,257431.0,False,CENSUS_MRTS,2025-10-25 23:04:12.293595
2024-09-01,441,Motor Vehicle and Parts Dealers,264597.0,False,CENSUS_MRTS,2025-10-25 23:04:12.293595
2024-10-01,441,Motor Vehicle and Parts Dealers,270637.0,False,CENSUS_MRTS,2025-10-25 23:04:12.293595
2024-11-01,441,Motor Vehicle and Parts Dealers,270720.0,False,CENSUS_MRTS,2025-10-25 23:04:12.293595
2024-12-01,441,Motor Vehicle and Parts Dealers,263556.0,False,CENSUS_MRTS,2025-10-25 23:04:12.293595
2024-01-01,441,Motor Vehicle and Parts Dealers,1.4,False,CENSUS_MRTS,2025-10-25 23:04:12.293595
2024-02-01,441,Motor Vehicle and Parts Dealers,1.4,False,CENSUS_MRTS,2025-10-25 23:04:12.293595
2024-03-01,441,Motor Vehicle and Parts Dealers,1.4,False,CENSUS_MRTS,2025-10-25 23:04:12.293595
2024-04-01,441,Motor Vehicle and Parts Dealers,1.5,False,CENSUS_MRTS,2025-10-25 23:04:12.293595
2024-05-01,441,Motor Vehicle and Parts Dealers,1.5,False,CENSUS_MRTS,2025-10-25 23:04:12.293595
2024-06-01,441,Motor Vehicle and Parts Dealers,1.5,False,CENSUS_MRTS,2025-10-25 23:04:12.293595
2024-07-01,441,Motor Vehicle and Parts Dealers,1.5,False,CENSUS_MRTS,2025-10-25 23:04:12.293595
2024-08-01,441,Motor Vehicle and Parts Dealers,1.4,False,CENSUS_MRTS,2025-10-25 23:04:12.293595
2024-09-01,441,Motor Vehicle and Parts Dealers,1.5,False,CENSUS_MRTS,2025-10-25 23:04:12.293595
2024-10-01,441,Motor Vehicle and Parts Dealers,1.4,False,CENSUS_MRTS,2025-10-25 23:04:12.293595
2024-11-01,441,Motor Vehicle and Parts Dealers,1.4,False,CENSUS_MRTS,2025-10-25 23:04:12.293595
2024-12-01,441,Motor Vehicle and Parts Dealers,1.4,False,CENSUS_MRTS,2025-10-25 23:04:12.293595
2024-01-01,441,Motor Vehicle and Parts Dealers,239196.0,True,CENSUS_MRTS,2025-10-25 23:04:12.293595
2024-02-01,441,Motor Vehicle and Parts Dealers,241955.0,True,CENSUS_MRTS,2025-10-25 23:04:12.293595
2024-03-01,441,Motor Vehicle and Parts Dealers,244537.0,True,CENSUS_MRTS,2025-10-25 23:04:12.293595
2024-04-01,441,Motor Vehicle and Parts Dealers,249381.0,True,CENSUS_MRTS,2025-10-25 23:04:12.293595
2024-05-01,441,Motor Vehicle and Parts Dealers,254138.0,True,CENSUS_MRTS,2025-10-25 23:04:12.293595
2024-06-01,441,Motor Vehicle and Parts Dealers,259459.0,True,CENSUS_MRTS,2025-10-25 23:04:12.293595
2024-07-01,441,Motor Vehicle and Parts Dealers,261642.0,True,CENSUS_MRTS,2025-10-25 23:04:12.293595
2024-08-01,441,Motor Vehicle and Parts Dealers,262635.0,True,CENSUS_MRTS,2025-10-25 23:04:12.293595
2024-09-01,441,Motor Vehicle and Parts Dealers,267666.0,True,CENSUS_MRTS,2025-10-25 23:04:12.293595
2024-10-01,441,Motor Vehicle and Parts Dealers,267674.0,True,CENSUS_MRTS,2025-10-25 23:04:12.293595
2024-11-01,441,Motor Vehicle and Parts Dealers,266132.0,True,CENSUS_MRTS,2025-10-25 23:04:12.293595
2024-12-01,441,Motor Vehicle and Parts Dealers,262754.0,True,CENSUS_MRTS,2025-10-25 23:04:12.293595
2024-02-01,441,Motor Vehicle and Parts Dealers,1.4,True,CENSUS_MRTS,2025-10-25 23:04:12.293595
2024-03-01,441,Motor Vehicle and Parts Dealers,1.4,True,CENSUS_MRTS,2025-10-25 23:04:12.293595
2024-04-01,441,Motor Vehicle and Parts Dealers,1.5,True,CENSUS_MRTS,2025-10-25 23:04:12.293595
2024-05-01,441,Motor Vehicle and Parts Dealers,1.5,True,CENSUS_MRTS,2025-10-25 23:04:12.293595
2024-07-01,441,Motor Vehicle and Parts Dealers,1.5,True,CENSUS_MRTS,2025-10-25 23:04:12.293595
2024-08-01,441,Motor Vehicle and Parts Dealers,1.4,True,CENSUS_MRTS,2025-10-25 23:04:12.293595
2024-09-01,441,Motor Vehicle and Parts Dealers,1.5,True,CENSUS_MRTS,2025-10-25 23:04:12.293595
2024-10-01,441,Motor Vehicle and Parts Dealers,1.4,True,CENSUS_MRTS,2025-10-25 23:04:12.293595
2024-11-01,441,Motor Vehicle and Parts Dealers,1.4,True,CENSUS_MRTS,2025-10-25 23:04:12.293595
2024-01-01,441,Motor Vehicle and Parts Dealers,2.06,False,CENSUS_MRTS,2025-10-25 23:04:12.293595
2024-02-01,441,Motor Vehicle and Parts Dealers,1.96,False,CENSUS_MRTS,2025-10-25 23:04:12.293595
2024-03-01,441,Motor Vehicle and Parts Dealers,1.77,False,CENSUS_MRTS,2025-10-25 23:04:12.293595
2024-04-01,441,Motor Vehicle and Parts Dealers,1.84,False,CENSUS_MRTS,2025-10-25 23:04:12.293595
2024-05-01,441,Motor Vehicle and Parts Dealers,1.79,False,CENSUS_MRTS,2025-10-25 23:04:12.293595
2024-07-01,441,Motor Vehicle and Parts Dealers,1.86,False,CENSUS_MRTS,2025-10-25 23:04:12.293595
2024-08-01,441,Motor Vehicle and Parts Dealers,1.83,False,CENSUS_MRTS,2025-10-25 23:04:12.293595
2024-09-01,441,Motor Vehicle and Parts Dealers,2.1,False,CENSUS_MRTS,2025-10-25 23:04:12.293595
2024-10-01,441,Motor Vehicle and Parts Dealers,2.0,False,CENSUS_MRTS,2025-10-25 23:04:12.293595
2024-12-01,441,Motor Vehicle and Parts Dealers,1.91,False,CENSUS_MRTS,2025-10-25 23:04:12.293595
2024-01-01,441,Motor Vehicle and Parts Dealers,0.02,False,CENSUS_MRTS,2025-10-25 23:04:12.293595
2024-02-01,441,Motor Vehicle and Parts Dealers,0.02,False,CENSUS_MRTS,2025-10-25 23:04:12.293595
2024-03-01,441,Motor Vehicle and Parts Dealers,0.01,False,CENSUS_MRTS,2025-10-25 23:04:12.293595
2024-05-01,441,Motor Vehicle and Parts Dealers,0.01,False,CENSUS_MRTS,2025-10-25 23:04:12.293595
2024-06-01,441,Motor Vehicle and Parts Dealers,0.02,False,CENSUS_MRTS,2025-10-25 23:04:12.293595
2024-07-01,441,Motor Vehicle and Parts Dealers,0.01,False,CENSUS_MRTS,2025-10-25 23:04:12.293595
2024-08-01,441,Motor Vehicle and Parts Dealers,0.02,False,CENSUS_MRTS,2025-10-25 23:04:12.293595
2024-09-01,441,Motor Vehicle and Parts Dealers,0.02,False,CENSUS_MRTS,2025-10-25 23:04:12.293595
2024-11-01,441,Motor Vehicle and Parts Dealers,0.02,False,CENSUS_MRTS,2025-10-25 23:04:12.293595
2024-12-01,441,Motor Vehicle and Parts Dealers,0.02,False,CENSUS_MRTS,2025-10-25 23:04:12.293595
2024-01-01,441,Motor Vehicle and Parts Dealers,1.85,True,CENSUS_MRTS,2025-10-25 23:04:12.293595
2024-02-01,441,Motor Vehicle and Parts Dealers,1.84,True,CENSUS_MRTS,2025-10-25 23:04:12.293595
2024-02-01,441,Motor Vehicle and Parts Dealers,0.4,False,CENSUS_MRTS,2025-10-25 23:04:12.293595
2024-08-01,441,Motor Vehicle and Parts Dealers,0.5,False,CENSUS_MRTS,2025-10-25 23:04:12.293595
2024-02-01,441,Motor Vehicle and Parts Dealers,1.6,True,CENSUS_MRTS,2025-10-25 23:04:12.293595
2024-08-01,441,Motor Vehicle and Parts Dealers,-0.4,True,CENSUS_MRTS,2025-10-25 23:04:12.293595
2024-02-01,441,Motor Vehicle and Parts Dealers,0.4,True,CENSUS_MRTS,2025-10-25 23:04:12.293595
2024-08-01,441,Motor Vehicle and Parts Dealers,0.5,True,CENSUS_MRTS,2025-10-25 23:04:12.293595
2024-02-01,441,Motor Vehicle and Parts Dealers,124174.0,False,CENSUS_MRTS,2025-10-25 23:04:12.293595
2023-03-01,441,Motor Vehicle and Parts Dealers,202765.0,False,CENSUS_MRTS,2025-10-25 23:04:12.293595
2023-09-01,441,Motor Vehicle and Parts Dealers,219524.0,False,CENSUS_MRTS,2025-10-25 23:04:12.293595
2023-03-01,441,Motor Vehicle and Parts Dealers,1.6,False,CENSUS_MRTS,2025-10-25 23:04:12.293595
2023-08-01,441,Motor Vehicle and Parts Dealers,1.4,False,CENSUS_MRTS,2025-10-25 23:04:12.293595
2023-02-01,441,Motor Vehicle and Parts Dealers,196408.0,True,CENSUS_MRTS,2025-10-25 23:04:12.293595
2023-08-01,441,Motor Vehicle and Parts Dealers,217912.0,True,CENSUS_MRTS,2025-10-25 23:04:12.293595
2024-03-01,441,Motor Vehicle and Parts Dealers,1.88,True,CENSUS_MRTS,2025-10-25 23:04:12.293595
2024-04-01,441,Motor Vehicle and Parts Dealers,1.93,True,CENSUS_MRTS,2025-10-25 23:04:12.293595
2024-05-01,441,Motor Vehicle and Parts Dealers,1.92,True,CENSUS_MRTS,2025-10-25 23:04:12.293595
2024-06-01,441,Motor Vehicle and Parts Dealers,2.02,True,CENSUS_MRTS,2025-10-25 23:04:12.293595
2024-07-01,441,Motor Vehicle and Parts Dealers,1.97,True,CENSUS_MRTS,2025-10-25 23:04:12.293595
2024-08-01,441,Motor Vehicle and Parts Dealers,1.98,True,CENSUS_MRTS,2025-10-25 23:04:12.293595
2024-09-01,441,Motor Vehicle and Parts Dealers,2.02,True,CENSUS_MRTS,2025-10-25 23:04:12.293595
2024-10-01,441,Motor Vehicle and Parts Dealers,1.98,True,CENSUS_MRTS,2025-10-25 23:04:12.293595
2024-11-01,441,Motor Vehicle and Parts Dealers,1.91,True,CENSUS_MRTS,2025-10-25 23:04:12.293595
2024-12-01,441,Motor Vehicle and Parts Dealers,1.86,True,CENSUS_MRTS,2025-10-25 23:04:12.293595
2024-01-01,441,Motor Vehicle and Parts Dealers,0.02,True,CENSUS_MRTS,2025-10-25 23:04:12.293595
2024-02-01,441,Motor Vehicle and Parts Dealers,0.02,True,CENSUS_MRTS,2025-10-25 23:04:12.293595
2024-03-01,441,Motor Vehicle and Parts Dealers,0.01,True,CENSUS_MRTS,2025-10-25 23:04:12.293595
2024-04-01,441,Motor Vehicle and Parts Dealers,0.02,True,CENSUS_MRTS,2025-10-25 23:04:12.293595
2024-05-01,441,Motor Vehicle and Parts Dealers,0.01,True,CENSUS_MRTS,2025-10-25 23:04:12.293595
2024-06-01,441,Motor Vehicle and Parts Dealers,0.02,True,CENSUS_MRTS,2025-10-25 23:04:12.293595
2024-07-01,441,Motor Vehicle and Parts Dealers,0.01,True,CENSUS_MRTS,2025-10-25 23:04:12.293595
2024-08-01,441,Motor Vehicle and Parts Dealers,0.02,True,CENSUS_MRTS,2025-10-25 23:04:12.293595
2024-09-01,441,Motor Vehicle and Parts Dealers,0.02,True,CENSUS_MRTS,2025-10-25 23:04:12.293595
2024-10-01,441,Motor Vehicle and Parts Dealers,0.02,True,CENSUS_MRTS,2025-10-25 23:04:12.293595
2024-11-01,441,Motor Vehicle and Parts Dealers,0.02,True,CENSUS_MRTS,2025-10-25 23:04:12.293595
2024-12-01,441,Motor Vehicle and Parts Dealers,0.02,True,CENSUS_MRTS,2025-10-25 23:04:12.293595
2024-01-01,441,Motor Vehicle and Parts Dealers,1.4,False,CENSUS_MRTS,2025-10-25 23:04:12.293595
2024-02-01,441,Motor Vehicle and Parts Dealers,1.5,False,CENSUS_MRTS,2025-10-25 23:04:12.293595
2024-03-01,441,Motor Vehicle and Parts Dealers,0.7,False,CENSUS_MRTS,2025-10-25 23:04:12.293595
2024-04-01,441,Motor Vehicle and Parts Dealers,2.7,False,CENSUS_MRTS,2025-10-25 23:04:12.293595
2024-05-01,441,Motor Vehicle and Parts Dealers,1.6,False,CENSUS_MRTS,2025-10-25 23:04:12.293595
2024-06-01,441,Motor Vehicle and Parts Dealers,1.4,False,CENSUS_MRTS,2025-10-25 23:04:12.293595
2024-07-01,441,Motor Vehicle and Parts Dealers,-0.9,False,CENSUS_MRTS,2025-10-25 23:04:12.293595
2024-08-01,441,Motor Vehicle and Parts Dealers,0.4,False,CENSUS_MRTS,2025-10-25 23:04:12.293595
2024-09-01,441,Motor Vehicle and Parts Dealers,2.8,False,CENSUS_MRTS,2025-10-25 23:04:12.293595
2024-10-01,441,Motor Vehicle and Parts Dealers,2.3,False,CENSUS_MRTS,2025-10-25 23:04:12.293595
2024-11-01,441,Motor Vehicle and Parts Dealers,0.0,False,CENSUS_MRTS,2025-10-25 23:04:12.293595
2024-12-01,441,Motor Vehicle and Parts Dealers,-2.6,False,CENSUS_MRTS,2025-10-25 23:04:12.293595
2024-01-01,441,Motor Vehicle and Parts Dealers,0.2,False,CENSUS_MRTS,2025-10-25 23:04:12.293595
2024-02-01,441,Motor Vehicle and Parts Dealers,0.2,False,CENSUS_MRTS,2025-10-25 23:04:12.293595
2024-03-01,441,Motor Vehicle and Parts Dealers,0.3,False,CENSUS_MRTS,2025-10-25 23:04:12.293595
2024-04-01,441,Motor Vehicle and Parts Dealers,0.3,False,CENSUS_MRTS,2025-10-25 23:04:12.293595
2024-05-01,441,Motor Vehicle and Parts Dealers,0.3,False,CENSUS_MRTS,2025-10-25 23:04:12.293595
2024-06-01,441,Motor Vehicle and Parts Dealers,0.2,False,CENSUS_MRTS,2025-10-25 23:04:12.293595
2024-07-01,441,Motor Vehicle and Parts Dealers,0.2,False,CENSUS_MRTS,2025-10-25 23:04:12.293595
2024-08-01,441,Motor Vehicle and Parts Dealers,0.3,False,CENSUS_MRTS,2025-10-25 23:04:12.293595
2024-09-01,441,Motor Vehicle and Parts Dealers,0.2,False,CENSUS_MRTS,2025-10-25 23:04:12.293595
2024-10-01,441,Motor Vehicle and Parts Dealers,0.3,False,CENSUS_MRTS,2025-10-25 23:04:12.293595
2024-11-01,441,Motor Vehicle and Parts Dealers,0.2,False,CENSUS_MRTS,2025-10-25 23:04:12.293595
2024-12-01,441,Motor Vehicle and Parts Dealers,0.2,False,CENSUS_MRTS,2025-10-25 23:04:12.293595
2024-01-01,441,Motor Vehicle and Parts Dealers,1.2,True,CENSUS_MRTS,2025-10-25 23:04:12.293595
2024-02-01,441,Motor Vehicle and Parts Dealers,1.2,True,CENSUS_MRTS,2025-10-25 23:04:12.293595
2024-03-01,441,Motor Vehicle and Parts Dealers,1.1,True,CENSUS_MRTS,2025-10-25 23:04:12.293595
2024-04-01,441,Motor Vehicle and Parts Dealers,2.0,True,CENSUS_MRTS,2025-10-25 23:04:12.293595
2024-05-01,441,Motor Vehicle and Parts Dealers,1.9,True,CENSUS_MRTS,2025-10-25 23:04:12.293595
2024-06-01,441,Motor Vehicle and Parts Dealers,2.1,True,CENSUS_MRTS,2025-10-25 23:04:12.293595
2024-07-01,441,Motor Vehicle and Parts Dealers,0.8,True,CENSUS_MRTS,2025-10-25 23:04:12.293595
2024-08-01,441,Motor Vehicle and Parts Dealers,0.4,True,CENSUS_MRTS,2025-10-25 23:04:12.293595
2024-09-01,441,Motor Vehicle and Parts Dealers,1.9,True,CENSUS_MRTS,2025-10-25 23:04:12.293595
2024-10-01,441,Motor Vehicle and Parts Dealers,0.0,True,CENSUS_MRTS,2025-10-25 23:04:12.293595
2024-11-01,441,Motor Vehicle and Parts Dealers,-0.6,True,CENSUS_MRTS,2025-10-25 23:04:12.293595
2024-12-01,441,Motor Vehicle and Parts Dealers,-1.3,True,CENSUS_MRTS,2025-10-25 23:04:12.293595
2024-01-01,441,Motor Vehicle and Parts Dealers,0.2,True,CENSUS_MRTS,2025-10-25 23:04:12.293595
2024-02-01,441,Motor Vehicle and Parts Dealers,0.2,True,CENSUS_MRTS,2025-10-25 23:04:12.293595
2024-03-01,441,Motor Vehicle and Parts Dealers,0.3,True,CENSUS_MRTS,2025-10-25 23:04:12.293595
2024-04-01,441,Motor Vehicle and Parts Dealers,0.3,True,CENSUS_MRTS,2025-10-25 23:04:12.293595
2024-05-01,441,Motor Vehicle and Parts Dealers,0.3,True,CENSUS_MRTS,2025-10-25 23:04:12.293595
2024-06-01,441,Motor Vehicle and Parts Dealers,0.2,True,CENSUS_MRTS,2025-10-25 23:04:12.293595
2024-07-01,441,Motor Vehicle and Parts Dealers,0.2,True,CENSUS_MRTS,2025-10-25 23:04:12.293595
2024-08-01,441,Motor Vehicle and Parts Dealers,0.3,True,CENSUS_MRTS,2025-10-25 23:04:12.293595
2024-09-01,441,Motor Vehicle and Parts Dealers,0.2,True,CENSUS_MRTS,2025-10-25 23:04:12.293595
2024-10-01,441,Motor Vehicle and Parts Dealers,0.3,True,CENSUS_MRTS,2025-10-25 23:04:12.293595
2024-11-01,441,Motor Vehicle and Parts Dealers,0.2,True,CENSUS_MRTS,2025-10-25 23:04:12.293595
2024-12-01,441,Motor Vehicle and Parts Dealers,0.2,True,CENSUS_MRTS,2025-10-25 23:04:12.293595
2024-01-01,441,Motor Vehicle and Parts Dealers,-9.7,False,CENSUS_MRTS,2025-10-25 23:04:12.293595
2024-02-01,441,Motor Vehicle and Parts Dealers,7.1,False,CENSUS_MRTS,2025-10-25 23:04:12.293595
2024-03-01,441,Motor Vehicle and Parts Dealers,11.3,False,CENSUS_MRTS,2025-10-25 23:04:12.293595
2024-04-01,441,Motor Vehicle and Parts Dealers,-1.3,False,CENSUS_MRTS,2025-10-25 23:04:12.293595
2024-05-01,441,Motor Vehicle and Parts Dealers,4.3,False,CENSUS_MRTS,2025-10-25 23:04:12.293595
2024-06-01,441,Motor Vehicle and Parts Dealers,-9.9,False,CENSUS_MRTS,2025-10-25 23:04:12.293595
2024-07-01,441,Motor Vehicle and Parts Dealers,7.6,False,CENSUS_MRTS,2025-10-25 23:04:12.293595
2024-08-01,441,Motor Vehicle and Parts Dealers,2.1,False,CENSUS_MRTS,2025-10-25 23:04:12.293595
2024-09-01,441,Motor Vehicle and Parts Dealers,-10.4,False,CENSUS_MRTS,2025-10-25 23:04:12.293595
2024-10-01,441,Motor Vehicle and Parts Dealers,7.4,False,CENSUS_MRTS,2025-10-25 23:04:12.293595
2024-11-01,441,Motor Vehicle and Parts Dealers,-2.5,False,CENSUS_MRTS,2025-10-25 23:04:12.293595
2024-12-01,441,Motor Vehicle and Parts Dealers,4.4,False,CENSUS_MRTS,2025-10-25 23:04:12.293595
2024-01-01,441,Motor Vehicle and Parts Dealers,0.4,False,CENSUS_MRTS,2025-10-25 23:04:12.293595
2024-03-01,441,Motor Vehicle and Parts Dealers,0.3,False,CENSUS_MRTS,2025-10-25 23:04:12.293595
2024-04-01,441,Motor Vehicle and Parts Dealers,0.3,False,CENSUS_MRTS,2025-10-25 23:04:12.293595
2024-05-01,441,Motor Vehicle and Parts Dealers,0.4,False,CENSUS_MRTS,2025-10-25 23:04:12.293595
2024-06-01,441,Motor Vehicle and Parts Dealers,0.4,False,CENSUS_MRTS,2025-10-25 23:04:12.293595
2024-07-01,441,Motor Vehicle and Parts Dealers,0.5,False,CENSUS_MRTS,2025-10-25 23:04:12.293595
2024-09-01,441,Motor Vehicle and Parts Dealers,0.4,False,CENSUS_MRTS,2025-10-25 23:04:12.293595
2024-10-01,441,Motor Vehicle and Parts Dealers,0.4,False,CENSUS_MRTS,2025-10-25 23:04:12.293595
2024-11-01,441,Motor Vehicle and Parts Dealers,0.3,False,CENSUS_MRTS,2025-10-25 23:04:12.293595
2024-12-01,441,Motor Vehicle and Parts Dealers,0.3,False,CENSUS_MRTS,2025-10-25 23:04:12.293595
2024-01-01,441,Motor Vehicle and Parts Dealers,-0.7,True,CENSUS_MRTS,2025-10-25 23:04:12.293595
2024-03-01,441,Motor Vehicle and Parts Dealers,-1.0,True,CENSUS_MRTS,2025-10-25 23:04:12.293595
2024-04-01,441,Motor Vehicle and Parts Dealers,-0.8,True,CENSUS_MRTS,2025-10-25 23:04:12.293595
2024-05-01,441,Motor Vehicle and Parts Dealers,2.7,True,CENSUS_MRTS,2025-10-25 23:04:12.293595
2024-06-01,441,Motor Vehicle and Parts Dealers,-3.1,True,CENSUS_MRTS,2025-10-25 23:04:12.293595
2024-07-01,441,Motor Vehicle and Parts Dealers,3.4,True,CENSUS_MRTS,2025-10-25 23:04:12.293595
2024-09-01,441,Motor Vehicle and Parts Dealers,0.0,True,CENSUS_MRTS,2025-10-25 23:04:12.293595
2024-10-01,441,Motor Vehicle and Parts Dealers,2.0,True,CENSUS_MRTS,2025-10-25 23:04:12.293595
2024-11-01,441,Motor Vehicle and Parts Dealers,3.4,True,CENSUS_MRTS,2025-10-25 23:04:12.293595
2024-12-01,441,Motor Vehicle and Parts Dealers,1.0,True,CENSUS_MRTS,2025-10-25 23:04:12.293595
2024-01-01,441,Motor Vehicle and Parts Dealers,0.4,True,CENSUS_MRTS,2025-10-25 23:04:12.293595
2024-03-01,441,Motor Vehicle and Parts Dealers,0.3,True,CENSUS_MRTS,2025-10-25 23:04:12.293595
2024-04-01,441,Motor Vehicle and Parts Dealers,0.3,True,CENSUS_MRTS,2025-10-25 23:04:12.293595
2024-05-01,441,Motor Vehicle and Parts Dealers,0.4,True,CENSUS_MRTS,2025-10-25 23:04:12.293595
2024-06-01,441,Motor Vehicle and Parts Dealers,0.4,True,CENSUS_MRTS,2025-10-25 23:04:12.293595
2024-07-01,441,Motor Vehicle and Parts Dealers,0.5,True,CENSUS_MRTS,2025-10-25 23:04:12.293595
2024-09-01,441,Motor Vehicle and Parts Dealers,0.4,True,CENSUS_MRTS,2025-10-25 23:04:12.293595
2024-10-01,441,Motor Vehicle and Parts Dealers,0.4,True,CENSUS_MRTS,2025-10-25 23:04:12.293595
2024-11-01,441,Motor Vehicle and Parts Dealers,0.3,True,CENSUS_MRTS,2025-10-25 23:04:12.293595
2024-12-01,441,Motor Vehicle and Parts Dealers,0.3,True,CENSUS_MRTS,2025-10-25 23:04:12.293595
2024-01-01,441,Motor Vehicle and Parts Dealers,115956.0,False,CENSUS_MRTS,2025-10-25 23:04:12.293595
2024-03-01,441,Motor Vehicle and Parts Dealers,138227.0,False,CENSUS_MRTS,2025-10-25 23:04:12.293595
2024-04-01,441,Motor Vehicle and Parts Dealers,136409.0,False,CENSUS_MRTS,2025-10-25 23:04:12.293595
2024-05-01,441,Motor Vehicle and Parts Dealers,142333.0,False,CENSUS_MRTS,2025-10-25 23:04:12.293595
2024-06-01,441,Motor Vehicle and Parts Dealers,128221.0,False,CENSUS_MRTS,2025-10-25 23:04:12.293595
2024-07-01,441,Motor Vehicle and Parts Dealers,137974.0,False,CENSUS_MRTS,2025-10-25 23:04:12.293595
2024-08-01,441,Motor Vehicle and Parts Dealers,140833.0,False,CENSUS_MRTS,2025-10-25 23:04:12.293595
2024-09-01,441,Motor Vehicle and Parts Dealers,126126.0,False,CENSUS_MRTS,2025-10-25 23:04:12.293595
2024-10-01,441,Motor Vehicle and Parts Dealers,135401.0,False,CENSUS_MRTS,2025-10-25 23:04:12.293595
2024-11-01,441,Motor Vehicle and Parts Dealers,132066.0,False,CENSUS_MRTS,2025-10-25 23:04:12.293595
2024-12-01,441,Motor Vehicle and Parts Dealers,137880.0,False,CENSUS_MRTS,2025-10-25 23:04:12.293595
2024-01-01,441,Motor Vehicle and Parts Dealers,1.3,False,CENSUS_MRTS,2025-10-25 23:04:12.293595
2024-02-01,441,Motor Vehicle and Parts Dealers,1.3,False,CENSUS_MRTS,2025-10-25 23:04:12.293595
2024-03-01,441,Motor Vehicle and Parts Dealers,1.3,False,CENSUS_MRTS,2025-10-25 23:04:12.293595
2024-04-01,441,Motor Vehicle and Parts Dealers,1.3,False,CENSUS_MRTS,2025-10-25 23:04:12.293595
2024-05-01,441,Motor Vehicle and Parts Dealers,1.3,False,CENSUS_MRTS,2025-10-25 23:04:12.293595
2024-06-01,441,Motor Vehicle and Parts Dealers,1.4,False,CENSUS_MRTS,2025-10-25 23:04:12.293595
2024-07-01,441,Motor Vehicle and Parts Dealers,1.5,False,CENSUS_MRTS,2025-10-25 23:04:12.293595
2024-08-01,441,Motor Vehicle and Parts Dealers,1.6,False,CENSUS_MRTS,2025-10-25 23:04:12.293595
2024-09-01,441,Motor Vehicle and Parts Dealers,1.5,False,CENSUS_MRTS,2025-10-25 23:04:12.293595
2024-10-01,441,Motor Vehicle and Parts Dealers,1.4,False,CENSUS_MRTS,2025-10-25 23:04:12.293595
2024-11-01,441,Motor Vehicle and Parts Dealers,1.6,False,CENSUS_MRTS,2025-10-25 23:04:12.293595
2024-12-01,441,Motor Vehicle and Parts Dealers,1.7,False,CENSUS_MRTS,2025-10-25 23:04:12.293595
2024-01-01,441,Motor Vehicle and Parts Dealers,129356.0,True,CENSUS_MRTS,2025-10-25 23:04:12.293595
2024-02-01,441,Motor Vehicle and Parts Dealers,131471.0,True,CENSUS_MRTS,2025-10-25 23:04:12.293595
2024-03-01,441,Motor Vehicle and Parts Dealers,130215.0,True,CENSUS_MRTS,2025-10-25 23:04:12.293595
2024-04-01,441,Motor Vehicle and Parts Dealers,129214.0,True,CENSUS_MRTS,2025-10-25 23:04:12.293595
2024-05-01,441,Motor Vehicle and Parts Dealers,132640.0,True,CENSUS_MRTS,2025-10-25 23:04:12.293595
2024-06-01,441,Motor Vehicle and Parts Dealers,128483.0,True,CENSUS_MRTS,2025-10-25 23:04:12.293595
2024-07-01,441,Motor Vehicle and Parts Dealers,132828.0,True,CENSUS_MRTS,2025-10-25 23:04:12.293595
2024-08-01,441,Motor Vehicle and Parts Dealers,132320.0,True,CENSUS_MRTS,2025-10-25 23:04:12.293595
2024-09-01,441,Motor Vehicle and Parts Dealers,132386.0,True,CENSUS_MRTS,2025-10-25 23:04:12.293595
2024-10-01,441,Motor Vehicle and Parts Dealers,135021.0,True,CENSUS_MRTS,2025-10-25 23:04:12.293595
2024-11-01,441,Motor Vehicle and Parts Dealers,139600.0,True,CENSUS_MRTS,2025-10-25 23:04:12.293595
2024-12-01,441,Motor Vehicle and Parts Dealers,140974.0,True,CENSUS_MRTS,2025-10-25 23:04:12.293595
2024-01-01,441,Motor Vehicle and Parts Dealers,1.3,True,CENSUS_MRTS,2025-10-25 23:04:12.293595
2024-02-01,441,Motor Vehicle and Parts Dealers,1.3,True,CENSUS_MRTS,2025-10-25 23:04:12.293595
2024-03-01,441,Motor Vehicle and Parts Dealers,1.3,True,CENSUS_MRTS,2025-10-25 23:04:12.293595
2024-04-01,441,Motor Vehicle and Parts Dealers,1.3,True,CENSUS_MRTS,2025-10-25 23:04:12.293595
2024-05-01,441,Motor Vehicle and Parts Dealers,1.3,True,CENSUS_MRTS,2025-10-25 23:04:12.293595
2024-06-01,441,Motor Vehicle and Parts Dealers,1.4,True,CENSUS_MRTS,2025-10-25 23:04:12.293595
2024-07-01,441,Motor Vehicle and Parts Dealers,1.5,True,CENSUS_MRTS,2025-10-25 23:04:12.293595
2024-08-01,441,Motor Vehicle and Parts Dealers,1.6,True,CENSUS_MRTS,2025-10-25 23:04:12.293595
2024-09-01,441,Motor Vehicle and Parts Dealers,1.5,True,CENSUS_MRTS,2025-10-25 23:04:12.293595
2024-10-01,441,Motor Vehicle and Parts Dealers,1.4,True,CENSUS_MRTS,2025-10-25 23:04:12.293595
2024-11-01,441,Motor Vehicle and Parts Dealers,1.6,True,CENSUS_MRTS,2025-10-25 23:04:12.293595
2024-12-01,441,Motor Vehicle and Parts Dealers,1.7,True,CENSUS_MRTS,2025-10-25 23:04:12.293595
2023-07-01,441,Motor Vehicle and Parts Dealers,0.2,False,CENSUS_MRTS,2025-10-25 23:04:12.293595
2023-01-01,441,Motor Vehicle and Parts Dealers,1.6,True,CENSUS_MRTS,2025-10-25 23:04:12.293595
2023-06-01,441,Motor Vehicle and Parts Dealers,1.1,True,CENSUS_MRTS,2025-10-25 23:04:12.293595
2023-12-01,441,Motor Vehicle and Parts Dealers,2.0,True,CENSUS_MRTS,2025-10-25 23:04:12.293595
2023-06-01,441,Motor Vehicle and Parts Dealers,0.3,True,CENSUS_MRTS,2025-10-25 23:04:12.293595
2023-12-01,441,Motor Vehicle and Parts Dealers,0.3,True,CENSUS_MRTS,2025-10-25 23:04:12.293595
2023-06-01,441,Motor Vehicle and Parts Dealers,-2.0,False,CENSUS_MRTS,2025-10-25 23:04:12.293595
2023-11-01,441,Motor Vehicle and Parts Dealers,-3.9,False,CENSUS_MRTS,2025-10-25 23:04:12.293595
2022-01-01,441,Motor Vehicle and Parts Dealers,162586.0,False,CENSUS_MRTS,2025-10-25 23:04:12.293595
2022-02-01,441,Motor Vehicle and Parts Dealers,164762.0,False,CENSUS_MRTS,2025-10-25 23:04:12.293595
2022-03-01,441,Motor Vehicle and Parts Dealers,167698.0,False,CENSUS_MRTS,2025-10-25 23:04:12.293595
2022-04-01,441,Motor Vehicle and Parts Dealers,164035.0,False,CENSUS_MRTS,2025-10-25 23:04:12.293595
2022-05-01,441,Motor Vehicle and Parts Dealers,164370.0,False,CENSUS_MRTS,2025-10-25 23:04:12.293595
2022-06-01,441,Motor Vehicle and Parts Dealers,169688.0,False,CENSUS_MRTS,2025-10-25 23:04:12.293595
2022-07-01,441,Motor Vehicle and Parts Dealers,168978.0,False,CENSUS_MRTS,2025-10-25 23:04:12.293595
2022-08-01,441,Motor Vehicle and Parts Dealers,174487.0,False,CENSUS_MRTS,2025-10-25 23:04:12.293595
2022-09-01,441,Motor Vehicle and Parts Dealers,180506.0,False,CENSUS_MRTS,2025-10-25 23:04:12.293595
2022-10-01,441,Motor Vehicle and Parts Dealers,183468.0,False,CENSUS_MRTS,2025-10-25 23:04:12.293595
2022-11-01,441,Motor Vehicle and Parts Dealers,189131.0,False,CENSUS_MRTS,2025-10-25 23:04:12.293595
2022-12-01,441,Motor Vehicle and Parts Dealers,191022.0,False,CENSUS_MRTS,2025-10-25 23:04:12.293595
2022-01-01,441,Motor Vehicle and Parts Dealers,1.8,False,CENSUS_MRTS,2025-10-25 23:04:12.293595
2022-02-01,441,Motor Vehicle and Parts Dealers,1.9,False,CENSUS_MRTS,2025-10-25 23:04:12.293595
2022-03-01,441,Motor Vehicle and Parts Dealers,1.8,False,CENSUS_MRTS,2025-10-25 23:04:12.293595
2022-04-01,441,Motor Vehicle and Parts Dealers,1.7,False,CENSUS_MRTS,2025-10-25 23:04:12.293595
2022-05-01,441,Motor Vehicle and Parts Dealers,1.5,False,CENSUS_MRTS,2025-10-25 23:04:12.293595
2022-06-01,441,Motor Vehicle and Parts Dealers,1.5,False,CENSUS_MRTS,2025-10-25 23:04:12.293595
2022-07-01,441,Motor Vehicle and Parts Dealers,1.5,False,CENSUS_MRTS,2025-10-25 23:04:12.293595
2022-08-01,441,Motor Vehicle and Parts Dealers,1.6,False,CENSUS_MRTS,2025-10-25 23:04:12.293595
2022-09-01,441,Motor Vehicle and Parts Dealers,1.6,False,CENSUS_MRTS,2025-10-25 23:04:12.293595
2022-10-01,441,Motor Vehicle and Parts Dealers,1.5,False,CENSUS_MRTS,2025-10-25 23:04:12.293595
2022-11-01,441,Motor Vehicle and Parts Dealers,1.6,False,CENSUS_MRTS,2025-10-25 23:04:12.293595
2022-12-01,441,Motor Vehicle and Parts Dealers,1.6,False,CENSUS_MRTS,2025-10-25 23:04:12.293595
2022-01-01,441,Motor Vehicle and Parts Dealers,162424.0,True,CENSUS_MRTS,2025-10-25 23:04:12.293595
2022-02-01,441,Motor Vehicle and Parts Dealers,163609.0,True,CENSUS_MRTS,2025-10-25 23:04:12.293595
2022-03-01,441,Motor Vehicle and Parts Dealers,164851.0,True,CENSUS_MRTS,2025-10-25 23:04:12.293595
2022-04-01,441,Motor Vehicle and Parts Dealers,161199.0,True,CENSUS_MRTS,2025-10-25 23:04:12.293595
2022-05-01,441,Motor Vehicle and Parts Dealers,163761.0,True,CENSUS_MRTS,2025-10-25 23:04:12.293595
2022-06-01,441,Motor Vehicle and Parts Dealers,168528.0,True,CENSUS_MRTS,2025-10-25 23:04:12.293595
2022-07-01,441,Motor Vehicle and Parts Dealers,173881.0,True,CENSUS_MRTS,2025-10-25 23:04:12.293595
2022-08-01,441,Motor Vehicle and Parts Dealers,178235.0,True,CENSUS_MRTS,2025-10-25 23:04:12.293595
2022-09-01,441,Motor Vehicle and Parts Dealers,182215.0,True,CENSUS_MRTS,2025-10-25 23:04:12.293595
2022-10-01,441,Motor Vehicle and Parts Dealers,183897.0,True,CENSUS_MRTS,2025-10-25 23:04:12.293595
2022-11-01,441,Motor Vehicle and Parts Dealers,186949.0,True,CENSUS_MRTS,2025-10-25 23:04:12.293595
2022-12-01,441,Motor Vehicle and Parts Dealers,190482.0,True,CENSUS_MRTS,2025-10-25 23:04:12.293595
2022-01-01,441,Motor Vehicle and Parts Dealers,1.8,True,CENSUS_MRTS,2025-10-25 23:04:12.293595
2022-02-01,441,Motor Vehicle and Parts Dealers,1.9,True,CENSUS_MRTS,2025-10-25 23:04:12.293595
2022-03-01,441,Motor Vehicle and Parts Dealers,1.8,True,CENSUS_MRTS,2025-10-25 23:04:12.293595
2022-04-01,441,Motor Vehicle and Parts Dealers,1.7,True,CENSUS_MRTS,2025-10-25 23:04:12.293595
2022-05-01,441,Motor Vehicle and Parts Dealers,1.5,True,CENSUS_MRTS,2025-10-25 23:04:12.293595
2022-06-01,441,Motor Vehicle and Parts Dealers,1.5,True,CENSUS_MRTS,2025-10-25 23:04:12.293595
2022-07-01,441,Motor Vehicle and Parts Dealers,1.5,True,CENSUS_MRTS,2025-10-25 23:04:12.293595
2022-08-01,441,Motor Vehicle and Parts Dealers,1.6,True,CENSUS_MRTS,2025-10-25 23:04:12.293595
2022-09-01,441,Motor Vehicle and Parts Dealers,1.6,True,CENSUS_MRTS,2025-10-25 23:04:12.293595
2022-10-01,441,Motor Vehicle and Parts Dealers,1.5,True,CENSUS_MRTS,2025-10-25 23:04:12.293595
2022-11-01,441,Motor Vehicle and Parts Dealers,1.6,True,CENSUS_MRTS,2025-10-25 23:04:12.293595
2022-12-01,441,Motor Vehicle and Parts Dealers,1.6,True,CENSUS_MRTS,2025-10-25 23:04:12.293595
2022-01-01,441,Motor Vehicle and Parts Dealers,1.46,False,CENSUS_MRTS,2025-10-25 23:04:12.293595
2022-02-01,441,Motor Vehicle and Parts Dealers,1.44,False,CENSUS_MRTS,2025-10-25 23:04:12.293595
2022-03-01,441,Motor Vehicle and Parts Dealers,1.22,False,CENSUS_MRTS,2025-10-25 23:04:12.293595
2022-04-01,441,Motor Vehicle and Parts Dealers,1.22,False,CENSUS_MRTS,2025-10-25 23:04:12.293595
2022-05-01,441,Motor Vehicle and Parts Dealers,1.27,False,CENSUS_MRTS,2025-10-25 23:04:12.293595
2022-06-01,441,Motor Vehicle and Parts Dealers,1.31,False,CENSUS_MRTS,2025-10-25 23:04:12.293595
2022-07-01,441,Motor Vehicle and Parts Dealers,1.36,False,CENSUS_MRTS,2025-10-25 23:04:12.293595
2022-08-01,441,Motor Vehicle and Parts Dealers,1.31,False,CENSUS_MRTS,2025-10-25 23:04:12.293595
2022-09-01,441,Motor Vehicle and Parts Dealers,1.47,False,CENSUS_MRTS,2025-10-25 23:04:12.293595
2022-10-01,441,Motor Vehicle and Parts Dealers,1.48,False,CENSUS_MRTS,2025-10-25 23:04:12.293595
2022-11-01,441,Motor Vehicle and Parts Dealers,1.64,False,CENSUS_MRTS,2025-10-25 23:04:12.293595
2022-12-01,441,Motor Vehicle and Parts Dealers,1.58,False,CENSUS_MRTS,2025-10-25 23:04:12.293595
2022-01-01,441,Motor Vehicle and Parts Dealers,0.01,False,CENSUS_MRTS,2025-10-25 23:04:12.293595
2022-02-01,441,Motor Vehicle and Parts Dealers,0.02,False,CENSUS_MRTS,2025-10-25 23:04:12.293595
2022-03-01,441,Motor Vehicle and Parts Dealers,0.01,False,CENSUS_MRTS,2025-10-25 23:04:12.293595
2022-04-01,441,Motor Vehicle and Parts Dealers,0.01,False,CENSUS_MRTS,2025-10-25 23:04:12.293595
2022-05-01,441,Motor Vehicle and Parts Dealers,0.01,False,CENSUS_MRTS,2025-10-25 23:04:12.293595
2022-06-01,441,Motor Vehicle and Parts Dealers,0.01,False,CENSUS_MRTS,2025-10-25 23:04:12.293595
2022-07-01,441,Motor Vehicle and Parts Dealers,0.01,False,CENSUS_MRTS,2025-10-25 23:04:12.293595
2022-08-01,441,Motor Vehicle and Parts Dealers,0.01,False,CENSUS_MRTS,2025-10-25 23:04:12.293595
2022-09-01,441,Motor Vehicle and Parts Dealers,0.01,False,CENSUS_MRTS,2025-10-25 23:04:12.293595
2022-10-01,441,Motor Vehicle and Parts Dealers,0.01,False,CENSUS_MRTS,2025-10-25 23:04:12.293595
2022-12-01,441,Motor Vehicle and Parts Dealers,0.02,False,CENSUS_MRTS,2025-10-25 23:04:12.293595
2022-01-01,441,Motor Vehicle and Parts Dealers,1.28,True,CENSUS_MRTS,2025-10-25 23:04:12.293595
2022-02-01,441,Motor Vehicle and Parts Dealers,1.29,True,CENSUS_MRTS,2025-10-25 23:04:12.293595
2022-03-01,441,Motor Vehicle and Parts Dealers,1.31,True,CENSUS_MRTS,2025-10-25 23:04:12.293595
2022-04-01,441,Motor Vehicle and Parts Dealers,1.26,True,CENSUS_MRTS,2025-10-25 23:04:12.293595
2022-06-01,441,Motor Vehicle and Parts Dealers,1.35,True,CENSUS_MRTS,2025-10-25 23:04:12.293595
2022-07-01,441,Motor Vehicle and Parts Dealers,1.43,True,CENSUS_MRTS,2025-10-25 23:04:12.293595
2022-08-01,441,Motor Vehicle and Parts Dealers,1.42,True,CENSUS_MRTS,2025-10-25 23:04:12.293595
2022-09-01,441,Motor Vehicle and Parts Dealers,1.47,True,CENSUS_MRTS,2025-10-25 23:04:12.293595
2022-10-01,441,Motor Vehicle and Parts Dealers,1.45,True,CENSUS_MRTS,2025-10-25 23:04:12.293595
2022-12-01,441,Motor Vehicle and Parts Dealers,1.59,True,CENSUS_MRTS,2025-10-25 23:04:12.293595
2022-01-01,441,Motor Vehicle and Parts Dealers,0.01,True,CENSUS_MRTS,2025-10-25 23:04:12.293595
2022-02-01,441,Motor Vehicle and Parts Dealers,0.02,True,CENSUS_MRTS,2025-10-25 23:04:12.293595
2022-03-01,441,Motor Vehicle and Parts Dealers,0.01,True,CENSUS_MRTS,2025-10-25 23:04:12.293595
2022-05-01,441,Motor Vehicle and Parts Dealers,0.01,True,CENSUS_MRTS,2025-10-25 23:04:12.293595
2022-06-01,441,Motor Vehicle and Parts Dealers,0.01,True,CENSUS_MRTS,2025-10-25 23:04:12.293595
2022-07-01,441,Motor Vehicle and Parts Dealers,0.01,True,CENSUS_MRTS,2025-10-25 23:04:12.293595
2022-08-01,441,Motor Vehicle and Parts Dealers,0.01,True,CENSUS_MRTS,2025-10-25 23:04:12.293595
2022-09-01,441,Motor Vehicle and Parts Dealers,0.01,True,CENSUS_MRTS,2025-10-25 23:04:12.293595
2022-11-01,441,Motor Vehicle and Parts Dealers,0.01,True,CENSUS_MRTS,2025-10-25 23:04:12.293595
2022-12-01,441,Motor Vehicle and Parts Dealers,0.02,True,CENSUS_MRTS,2025-10-25 23:04:12.293595
2022-01-01,441,Motor Vehicle and Parts Dealers,2.2,False,CENSUS_MRTS,2025-10-25 23:04:12.293595
2022-02-01,441,Motor Vehicle and Parts Dealers,1.3,False,CENSUS_MRTS,2025-10-25 23:04:12.293595
2022-03-01,441,Motor Vehicle and Parts Dealers,1.8,False,CENSUS_MRTS,2025-10-25 23:04:12.293595
2022-05-01,441,Motor Vehicle and Parts Dealers,0.2,False,CENSUS_MRTS,2025-10-25 23:04:12.293595
2022-06-01,441,Motor Vehicle and Parts Dealers,3.2,False,CENSUS_MRTS,2025-10-25 23:04:12.293595
2022-07-01,441,Motor Vehicle and Parts Dealers,-0.4,False,CENSUS_MRTS,2025-10-25 23:04:12.293595
2022-08-01,441,Motor Vehicle and Parts Dealers,3.3,False,CENSUS_MRTS,2025-10-25 23:04:12.293595
2022-10-01,441,Motor Vehicle and Parts Dealers,1.6,False,CENSUS_MRTS,2025-10-25 23:04:12.293595
2022-11-01,441,Motor Vehicle and Parts Dealers,3.1,False,CENSUS_MRTS,2025-10-25 23:04:12.293595
2022-12-01,441,Motor Vehicle and Parts Dealers,1.0,False,CENSUS_MRTS,2025-10-25 23:04:12.293595
2022-01-01,441,Motor Vehicle and Parts Dealers,0.3,False,CENSUS_MRTS,2025-10-25 23:04:12.293595
2022-02-01,441,Motor Vehicle and Parts Dealers,0.3,False,CENSUS_MRTS,2025-10-25 23:04:12.293595
2022-04-01,441,Motor Vehicle and Parts Dealers,0.4,False,CENSUS_MRTS,2025-10-25 23:04:12.293595
2022-05-01,441,Motor Vehicle and Parts Dealers,0.3,False,CENSUS_MRTS,2025-10-25 23:04:12.293595
2022-06-01,441,Motor Vehicle and Parts Dealers,0.3,False,CENSUS_MRTS,2025-10-25 23:04:12.293595
2022-07-01,441,Motor Vehicle and Parts Dealers,0.3,False,CENSUS_MRTS,2025-10-25 23:04:12.293595
2022-08-01,441,Motor Vehicle and Parts Dealers,0.2,False,CENSUS_MRTS,2025-10-25 23:04:12.293595
2022-11-01,441,Motor Vehicle and Parts Dealers,0.01,False,CENSUS_MRTS,2025-10-25 23:04:12.293595
2022-05-01,441,Motor Vehicle and Parts Dealers,1.33,True,CENSUS_MRTS,2025-10-25 23:04:12.293595
2022-11-01,441,Motor Vehicle and Parts Dealers,1.52,True,CENSUS_MRTS,2025-10-25 23:04:12.293595
2022-04-01,441,Motor Vehicle and Parts Dealers,0.01,True,CENSUS_MRTS,2025-10-25 23:04:12.293595
2022-10-01,441,Motor Vehicle and Parts Dealers,0.01,True,CENSUS_MRTS,2025-10-25 23:04:12.293595
2022-04-01,441,Motor Vehicle and Parts Dealers,-2.2,False,CENSUS_MRTS,2025-10-25 23:04:12.293595
2022-09-01,441,Motor Vehicle and Parts Dealers,3.4,False,CENSUS_MRTS,2025-10-25 23:04:12.293595
2022-03-01,441,Motor Vehicle and Parts Dealers,0.3,False,CENSUS_MRTS,2025-10-25 23:04:12.293595
2022-09-01,441,Motor Vehicle and Parts Dealers,0.3,False,CENSUS_MRTS,2025-10-25 23:04:12.293595
2022-10-01,441,Motor Vehicle and Parts Dealers,0.3,False,CENSUS_MRTS,2025-10-25 23:04:12.293595
2022-11-01,441,Motor Vehicle and Parts Dealers,0.4,False,CENSUS_MRTS,2025-10-25 23:04:12.293595
2022-12-01,441,Motor Vehicle and Parts Dealers,0.3,False,CENSUS_MRTS,2025-10-25 23:04:12.293595
2022-01-01,441,Motor Vehicle and Parts Dealers,2.8,True,CENSUS_MRTS,2025-10-25 23:04:12.293595
2022-02-01,441,Motor Vehicle and Parts Dealers,0.7,True,CENSUS_MRTS,2025-10-25 23:04:12.293595
2022-03-01,441,Motor Vehicle and Parts Dealers,0.8,True,CENSUS_MRTS,2025-10-25 23:04:12.293595
2022-04-01,441,Motor Vehicle and Parts Dealers,-2.2,True,CENSUS_MRTS,2025-10-25 23:04:12.293595
2022-05-01,441,Motor Vehicle and Parts Dealers,1.6,True,CENSUS_MRTS,2025-10-25 23:04:12.293595
2022-06-01,441,Motor Vehicle and Parts Dealers,2.9,True,CENSUS_MRTS,2025-10-25 23:04:12.293595
2022-07-01,441,Motor Vehicle and Parts Dealers,3.2,True,CENSUS_MRTS,2025-10-25 23:04:12.293595
2022-08-01,441,Motor Vehicle and Parts Dealers,2.5,True,CENSUS_MRTS,2025-10-25 23:04:12.293595
2022-09-01,441,Motor Vehicle and Parts Dealers,2.2,True,CENSUS_MRTS,2025-10-25 23:04:12.293595
2022-10-01,441,Motor Vehicle and Parts Dealers,0.9,True,CENSUS_MRTS,2025-10-25 23:04:12.293595
2022-11-01,441,Motor Vehicle and Parts Dealers,1.7,True,CENSUS_MRTS,2025-10-25 23:04:12.293595
2022-12-01,441,Motor Vehicle and Parts Dealers,1.9,True,CENSUS_MRTS,2025-10-25 23:04:12.293595
2022-01-01,441,Motor Vehicle and Parts Dealers,0.3,True,CENSUS_MRTS,2025-10-25 23:04:12.293595
2022-02-01,441,Motor Vehicle and Parts Dealers,0.3,True,CENSUS_MRTS,2025-10-25 23:04:12.293595
2022-03-01,441,Motor Vehicle and Parts Dealers,0.3,True,CENSUS_MRTS,2025-10-25 23:04:12.293595
2022-04-01,441,Motor Vehicle and Parts Dealers,0.4,True,CENSUS_MRTS,2025-10-25 23:04:12.293595
2022-05-01,441,Motor Vehicle and Parts Dealers,0.3,True,CENSUS_MRTS,2025-10-25 23:04:12.293595
2022-06-01,441,Motor Vehicle and Parts Dealers,0.3,True,CENSUS_MRTS,2025-10-25 23:04:12.293595
2022-07-01,441,Motor Vehicle and Parts Dealers,0.3,True,CENSUS_MRTS,2025-10-25 23:04:12.293595
2022-08-01,441,Motor Vehicle and Parts Dealers,0.2,True,CENSUS_MRTS,2025-10-25 23:04:12.293595
2022-09-01,441,Motor Vehicle and Parts Dealers,0.3,True,CENSUS_MRTS,2025-10-25 23:04:12.293595
2022-10-01,441,Motor Vehicle and Parts Dealers,0.3,True,CENSUS_MRTS,2025-10-25 23:04:12.293595
2022-11-01,441,Motor Vehicle and Parts Dealers,0.4,True,CENSUS_MRTS,2025-10-25 23:04:12.293595
2022-12-01,441,Motor Vehicle and Parts Dealers,0.3,True,CENSUS_MRTS,2025-10-25 23:04:12.293595
2022-01-01,441,Motor Vehicle and Parts Dealers,-7.3,False,CENSUS_MRTS,2025-10-25 23:04:12.293595
2022-02-01,441,Motor Vehicle and Parts Dealers,2.9,False,CENSUS_MRTS,2025-10-25 23:04:12.293595
2022-03-01,441,Motor Vehicle and Parts Dealers,19.6,False,CENSUS_MRTS,2025-10-25 23:04:12.293595
2022-04-01,441,Motor Vehicle and Parts Dealers,-2.1,False,CENSUS_MRTS,2025-10-25 23:04:12.293595
2022-05-01,441,Motor Vehicle and Parts Dealers,-3.9,False,CENSUS_MRTS,2025-10-25 23:04:12.293595
2022-06-01,441,Motor Vehicle and Parts Dealers,0.3,False,CENSUS_MRTS,2025-10-25 23:04:12.293595
2022-07-01,441,Motor Vehicle and Parts Dealers,-3.8,False,CENSUS_MRTS,2025-10-25 23:04:12.293595
2022-08-01,441,Motor Vehicle and Parts Dealers,6.6,False,CENSUS_MRTS,2025-10-25 23:04:12.293595
2022-09-01,441,Motor Vehicle and Parts Dealers,-7.7,False,CENSUS_MRTS,2025-10-25 23:04:12.293595
2022-10-01,441,Motor Vehicle and Parts Dealers,1.3,False,CENSUS_MRTS,2025-10-25 23:04:12.293595
2022-11-01,441,Motor Vehicle and Parts Dealers,-7.0,False,CENSUS_MRTS,2025-10-25 23:04:12.293595
2022-12-01,441,Motor Vehicle and Parts Dealers,4.8,False,CENSUS_MRTS,2025-10-25 23:04:12.293595
2022-01-01,441,Motor Vehicle and Parts Dealers,0.4,False,CENSUS_MRTS,2025-10-25 23:04:12.293595
2022-02-01,441,Motor Vehicle and Parts Dealers,0.3,False,CENSUS_MRTS,2025-10-25 23:04:12.293595
2022-03-01,441,Motor Vehicle and Parts Dealers,0.4,False,CENSUS_MRTS,2025-10-25 23:04:12.293595
2022-04-01,441,Motor Vehicle and Parts Dealers,0.4,False,CENSUS_MRTS,2025-10-25 23:04:12.293595
2022-05-01,441,Motor Vehicle and Parts Dealers,0.3,False,CENSUS_MRTS,2025-10-25 23:04:12.293595
2022-06-01,441,Motor Vehicle and Parts Dealers,0.3,False,CENSUS_MRTS,2025-10-25 23:04:12.293595
2022-07-01,441,Motor Vehicle and Parts Dealers,0.2,False,CENSUS_MRTS,2025-10-25 23:04:12.293595
2022-08-01,441,Motor Vehicle and Parts Dealers,0.4,False,CENSUS_MRTS,2025-10-25 23:04:12.293595
2022-09-01,441,Motor Vehicle and Parts Dealers,0.3,False,CENSUS_MRTS,2025-10-25 23:04:12.293595
2022-10-01,441,Motor Vehicle and Parts Dealers,0.3,False,CENSUS_MRTS,2025-10-25 23:04:12.293595
2022-11-01,441,Motor Vehicle and Parts Dealers,0.3,False,CENSUS_MRTS,2025-10-25 23:04:12.293595
2022-12-01,441,Motor Vehicle and Parts Dealers,0.5,False,CENSUS_MRTS,2025-10-25 23:04:12.293595
2022-01-01,441,Motor Vehicle and Parts Dealers,7.0,True,CENSUS_MRTS,2025-10-25 23:04:12.293595
2022-02-01,441,Motor Vehicle and Parts Dealers,0.1,True,CENSUS_MRTS,2025-10-25 23:04:12.293595
2022-03-01,441,Motor Vehicle and Parts Dealers,-1.2,True,CENSUS_MRTS,2025-10-25 23:04:12.293595
2022-04-01,441,Motor Vehicle and Parts Dealers,1.9,True,CENSUS_MRTS,2025-10-25 23:04:12.293595
2022-05-01,441,Motor Vehicle and Parts Dealers,-3.7,True,CENSUS_MRTS,2025-10-25 23:04:12.293595
2022-06-01,441,Motor Vehicle and Parts Dealers,1.1,True,CENSUS_MRTS,2025-10-25 23:04:12.293595
2022-07-01,441,Motor Vehicle and Parts Dealers,-2.3,True,CENSUS_MRTS,2025-10-25 23:04:12.293595
2022-08-01,441,Motor Vehicle and Parts Dealers,2.9,True,CENSUS_MRTS,2025-10-25 23:04:12.293595
2022-09-01,441,Motor Vehicle and Parts Dealers,-0.7,True,CENSUS_MRTS,2025-10-25 23:04:12.293595
2022-10-01,441,Motor Vehicle and Parts Dealers,2.0,True,CENSUS_MRTS,2025-10-25 23:04:12.293595
2022-11-01,441,Motor Vehicle and Parts Dealers,-2.7,True,CENSUS_MRTS,2025-10-25 23:04:12.293595
2022-12-01,441,Motor Vehicle and Parts Dealers,-3.1,True,CENSUS_MRTS,2025-10-25 23:04:12.293595
2022-01-01,441,Motor Vehicle and Parts Dealers,0.4,True,CENSUS_MRTS,2025-10-25 23:04:12.293595
2022-02-01,441,Motor Vehicle and Parts Dealers,0.3,True,CENSUS_MRTS,2025-10-25 23:04:12.293595
2022-03-01,441,Motor Vehicle and Parts Dealers,0.4,True,CENSUS_MRTS,2025-10-25 23:04:12.293595
2022-04-01,441,Motor Vehicle and Parts Dealers,0.4,True,CENSUS_MRTS,2025-10-25 23:04:12.293595
2022-05-01,441,Motor Vehicle and Parts Dealers,0.3,True,CENSUS_MRTS,2025-10-25 23:04:12.293595
2022-06-01,441,Motor Vehicle and Parts Dealers,0.3,True,CENSUS_MRTS,2025-10-25 23:04:12.293595
2022-07-01,441,Motor Vehicle and Parts Dealers,0.2,True,CENSUS_MRTS,2025-10-25 23:04:12.293595
2022-08-01,441,Motor Vehicle and Parts Dealers,0.4,True,CENSUS_MRTS,2025-10-25 23:04:12.293595
2022-09-01,441,Motor Vehicle and Parts Dealers,0.3,True,CENSUS_MRTS,2025-10-25 23:04:12.293595
2022-10-01,441,Motor Vehicle and Parts Dealers,0.3,True,CENSUS_MRTS,2025-10-25 23:04:12.293595
2022-11-01,441,Motor Vehicle and Parts Dealers,0.3,True,CENSUS_MRTS,2025-10-25 23:04:12.293595
2022-12-01,441,Motor Vehicle and Parts Dealers,0.5,True,CENSUS_MRTS,2025-10-25 23:04:12.293595
2022-01-01,441,Motor Vehicle and Parts Dealers,111440.0,False,CENSUS_MRTS,2025-10-25 23:04:12.293595
2022-02-01,441,Motor Vehicle and Parts Dealers,114685.0,False,CENSUS_MRTS,2025-10-25 23:04:12.293595
2022-03-01,441,Motor Vehicle and Parts Dealers,137205.0,False,CENSUS_MRTS,2025-10-25 23:04:12.293595
2022-04-01,441,Motor Vehicle and Parts Dealers,134311.0,False,CENSUS_MRTS,2025-10-25 23:04:12.293595
2022-05-01,441,Motor Vehicle and Parts Dealers,129041.0,False,CENSUS_MRTS,2025-10-25 23:04:12.293595
2022-06-01,441,Motor Vehicle and Parts Dealers,129399.0,False,CENSUS_MRTS,2025-10-25 23:04:12.293595
2022-07-01,441,Motor Vehicle and Parts Dealers,124512.0,False,CENSUS_MRTS,2025-10-25 23:04:12.293595
2022-08-01,441,Motor Vehicle and Parts Dealers,132691.0,False,CENSUS_MRTS,2025-10-25 23:04:12.293595
2022-09-01,441,Motor Vehicle and Parts Dealers,122444.0,False,CENSUS_MRTS,2025-10-25 23:04:12.293595
2022-11-01,441,Motor Vehicle and Parts Dealers,115342.0,False,CENSUS_MRTS,2025-10-25 23:04:12.293595
2022-12-01,441,Motor Vehicle and Parts Dealers,120864.0,False,CENSUS_MRTS,2025-10-25 23:04:12.293595
2022-01-01,441,Motor Vehicle and Parts Dealers,1.4,False,CENSUS_MRTS,2025-10-25 23:04:12.293595
2022-02-01,441,Motor Vehicle and Parts Dealers,1.3,False,CENSUS_MRTS,2025-10-25 23:04:12.293595
2022-03-01,441,Motor Vehicle and Parts Dealers,1.3,False,CENSUS_MRTS,2025-10-25 23:04:12.293595
2022-05-01,441,Motor Vehicle and Parts Dealers,1.3,False,CENSUS_MRTS,2025-10-25 23:04:12.293595
2022-06-01,441,Motor Vehicle and Parts Dealers,1.4,False,CENSUS_MRTS,2025-10-25 23:04:12.293595
2022-07-01,441,Motor Vehicle and Parts Dealers,1.3,False,CENSUS_MRTS,2025-10-25 23:04:12.293595
2022-08-01,441,Motor Vehicle and Parts Dealers,1.5,False,CENSUS_MRTS,2025-10-25 23:04:12.293595
2022-10-01,441,Motor Vehicle and Parts Dealers,1.5,False,CENSUS_MRTS,2025-10-25 23:04:12.293595
2022-11-01,441,Motor Vehicle and Parts Dealers,1.5,False,CENSUS_MRTS,2025-10-25 23:04:12.293595
2022-12-01,441,Motor Vehicle and Parts Dealers,1.7,False,CENSUS_MRTS,2025-10-25 23:04:12.293595
2022-01-01,441,Motor Vehicle and Parts Dealers,127081.0,True,CENSUS_MRTS,2025-10-25 23:04:12.293595
2022-02-01,441,Motor Vehicle and Parts Dealers,127230.0,True,CENSUS_MRTS,2025-10-25 23:04:12.293595
2022-04-01,441,Motor Vehicle and Parts Dealers,127991.0,True,CENSUS_MRTS,2025-10-25 23:04:12.293595
2022-05-01,441,Motor Vehicle and Parts Dealers,123204.0,True,CENSUS_MRTS,2025-10-25 23:04:12.293595
2022-06-01,441,Motor Vehicle and Parts Dealers,124585.0,True,CENSUS_MRTS,2025-10-25 23:04:12.293595
2022-07-01,441,Motor Vehicle and Parts Dealers,121670.0,True,CENSUS_MRTS,2025-10-25 23:04:12.293595
2022-09-01,441,Motor Vehicle and Parts Dealers,124363.0,True,CENSUS_MRTS,2025-10-25 23:04:12.293595
2022-10-01,441,Motor Vehicle and Parts Dealers,126809.0,True,CENSUS_MRTS,2025-10-25 23:04:12.293595
2022-11-01,441,Motor Vehicle and Parts Dealers,123350.0,True,CENSUS_MRTS,2025-10-25 23:04:12.293595
2022-12-01,441,Motor Vehicle and Parts Dealers,119551.0,True,CENSUS_MRTS,2025-10-25 23:04:12.293595
2022-01-01,441,Motor Vehicle and Parts Dealers,1.4,True,CENSUS_MRTS,2025-10-25 23:04:12.293595
2022-03-01,441,Motor Vehicle and Parts Dealers,1.3,True,CENSUS_MRTS,2025-10-25 23:04:12.293595
2022-04-01,441,Motor Vehicle and Parts Dealers,1.4,True,CENSUS_MRTS,2025-10-25 23:04:12.293595
2022-05-01,441,Motor Vehicle and Parts Dealers,1.3,True,CENSUS_MRTS,2025-10-25 23:04:12.293595
2022-06-01,441,Motor Vehicle and Parts Dealers,1.4,True,CENSUS_MRTS,2025-10-25 23:04:12.293595
2022-07-01,441,Motor Vehicle and Parts Dealers,1.3,True,CENSUS_MRTS,2025-10-25 23:04:12.293595
2022-09-01,441,Motor Vehicle and Parts Dealers,1.4,True,CENSUS_MRTS,2025-10-25 23:04:12.293595
2022-10-01,441,Motor Vehicle and Parts Dealers,1.5,True,CENSUS_MRTS,2025-10-25 23:04:12.293595
2022-11-01,441,Motor Vehicle and Parts Dealers,1.5,True,CENSUS_MRTS,2025-10-25 23:04:12.293595
2022-12-01,441,Motor Vehicle and Parts Dealers,1.7,True,CENSUS_MRTS,2025-10-25 23:04:12.293595
2025-01-01,441,Motor Vehicle and Parts Dealers,260856.0,False,CENSUS_MRTS,2025-10-25 23:04:12.293595
2025-02-01,441,Motor Vehicle and Parts Dealers,261176.0,False,CENSUS_MRTS,2025-10-25 23:04:12.293595
2025-03-01,441,Motor Vehicle and Parts Dealers,254951.0,False,CENSUS_MRTS,2025-10-25 23:04:12.293595
2025-04-01,441,Motor Vehicle and Parts Dealers,254161.0,False,CENSUS_MRTS,2025-10-25 23:04:12.293595
2025-05-01,441,Motor Vehicle and Parts Dealers,253045.0,False,CENSUS_MRTS,2025-10-25 23:04:12.293595
2025-06-01,441,Motor Vehicle and Parts Dealers,256877.0,False,CENSUS_MRTS,2025-10-25 23:04:12.293595
2025-07-01,441,Motor Vehicle and Parts Dealers,253433.0,False,CENSUS_MRTS,2025-10-25 23:04:12.293595
2025-01-01,441,Motor Vehicle and Parts Dealers,1.5,False,CENSUS_MRTS,2025-10-25 23:04:12.293595
2025-02-01,441,Motor Vehicle and Parts Dealers,1.5,False,CENSUS_MRTS,2025-10-25 23:04:12.293595
2025-03-01,441,Motor Vehicle and Parts Dealers,1.5,False,CENSUS_MRTS,2025-10-25 23:04:12.293595
2025-04-01,441,Motor Vehicle and Parts Dealers,1.6,False,CENSUS_MRTS,2025-10-25 23:04:12.293595
2025-05-01,441,Motor Vehicle and Parts Dealers,1.7,False,CENSUS_MRTS,2025-10-25 23:04:12.293595
2025-06-01,441,Motor Vehicle and Parts Dealers,1.6,False,CENSUS_MRTS,2025-10-25 23:04:12.293595
2025-07-01,441,Motor Vehicle and Parts Dealers,1.6,False,CENSUS_MRTS,2025-10-25 23:04:12.293595
2025-01-01,441,Motor Vehicle and Parts Dealers,259928.0,True,CENSUS_MRTS,2025-10-25 23:04:12.293595
2025-02-01,441,Motor Vehicle and Parts Dealers,258293.0,True,CENSUS_MRTS,2025-10-25 23:04:12.293595
2025-03-01,441,Motor Vehicle and Parts Dealers,254498.0,True,CENSUS_MRTS,2025-10-25 23:04:12.293595
2025-04-01,441,Motor Vehicle and Parts Dealers,252758.0,True,CENSUS_MRTS,2025-10-25 23:04:12.293595
2025-05-01,441,Motor Vehicle and Parts Dealers,254315.0,True,CENSUS_MRTS,2025-10-25 23:04:12.293595
2025-06-01,441,Motor Vehicle and Parts Dealers,256534.0,True,CENSUS_MRTS,2025-10-25 23:04:12.293595
2025-07-01,441,Motor Vehicle and Parts Dealers,257751.0,True,CENSUS_MRTS,2025-10-25 23:04:12.293595
2025-01-01,441,Motor Vehicle and Parts Dealers,1.5,True,CENSUS_MRTS,2025-10-25 23:04:12.293595
2025-02-01,441,Motor Vehicle and Parts Dealers,1.5,True,CENSUS_MRTS,2025-10-25 23:04:12.293595
2025-03-01,441,Motor Vehicle and Parts Dealers,1.5,True,CENSUS_MRTS,2025-10-25 23:04:12.293595
2025-04-01,441,Motor Vehicle and Parts Dealers,1.6,True,CENSUS_MRTS,2025-10-25 23:04:12.293595
2025-05-01,441,Motor Vehicle and Parts Dealers,1.7,True,CENSUS_MRTS,2025-10-25 23:04:12.293595
2025-06-01,441,Motor Vehicle and Parts Dealers,1.6,True,CENSUS_MRTS,2025-10-25 23:04:12.293595
2025-07-01,441,Motor Vehicle and Parts Dealers,1.6,True,CENSUS_MRTS,2025-10-25 23:04:12.293595
2025-01-01,441,Motor Vehicle and Parts Dealers,2.13,False,CENSUS_MRTS,2025-10-25 23:04:12.293595
2025-02-01,441,Motor Vehicle and Parts Dealers,2.14,False,CENSUS_MRTS,2025-10-25 23:04:12.293595
2025-03-01,441,Motor Vehicle and Parts Dealers,1.67,False,CENSUS_MRTS,2025-10-25 23:04:12.293595
2025-04-01,441,Motor Vehicle and Parts Dealers,1.72,False,CENSUS_MRTS,2025-10-25 23:04:12.293595
2025-05-01,441,Motor Vehicle and Parts Dealers,1.75,False,CENSUS_MRTS,2025-10-25 23:04:12.293595
2025-06-01,441,Motor Vehicle and Parts Dealers,1.9,False,CENSUS_MRTS,2025-10-25 23:04:12.293595
2025-07-01,441,Motor Vehicle and Parts Dealers,1.75,False,CENSUS_MRTS,2025-10-25 23:04:12.293595
2025-01-01,441,Motor Vehicle and Parts Dealers,0.02,False,CENSUS_MRTS,2025-10-25 23:04:12.293595
2025-02-01,441,Motor Vehicle and Parts Dealers,0.02,False,CENSUS_MRTS,2025-10-25 23:04:12.293595
2025-03-01,441,Motor Vehicle and Parts Dealers,0.01,False,CENSUS_MRTS,2025-10-25 23:04:12.293595
2025-04-01,441,Motor Vehicle and Parts Dealers,0.02,False,CENSUS_MRTS,2025-10-25 23:04:12.293595
2025-05-01,441,Motor Vehicle and Parts Dealers,0.02,False,CENSUS_MRTS,2025-10-25 23:04:12.293595
2025-06-01,441,Motor Vehicle and Parts Dealers,0.02,False,CENSUS_MRTS,2025-10-25 23:04:12.293595
2025-07-01,441,Motor Vehicle and Parts Dealers,0.02,False,CENSUS_MRTS,2025-10-25 23:04:12.293595
2025-01-01,441,Motor Vehicle and Parts Dealers,1.91,True,CENSUS_MRTS,2025-10-25 23:04:12.293595
2025-02-01,441,Motor Vehicle and Parts Dealers,1.92,True,CENSUS_MRTS,2025-10-25 23:04:12.293595
2025-03-01,441,Motor Vehicle and Parts Dealers,1.8,True,CENSUS_MRTS,2025-10-25 23:04:12.293595
2025-04-01,441,Motor Vehicle and Parts Dealers,1.8,True,CENSUS_MRTS,2025-10-25 23:04:12.293595
2025-05-01,441,Motor Vehicle and Parts Dealers,1.88,True,CENSUS_MRTS,2025-10-25 23:04:12.293595
2025-06-01,441,Motor Vehicle and Parts Dealers,1.88,True,CENSUS_MRTS,2025-10-25 23:04:12.293595
2025-07-01,441,Motor Vehicle and Parts Dealers,1.85,True,CENSUS_MRTS,2025-10-25 23:04:12.293595
2025-01-01,441,Motor Vehicle and Parts Dealers,0.02,True,CENSUS_MRTS,2025-10-25 23:04:12.293595
2025-02-01,441,Motor Vehicle and Parts Dealers,0.02,True,CENSUS_MRTS,2025-10-25 23:04:12.293595
2025-03-01,441,Motor Vehicle and Parts Dealers,0.01,True,CENSUS_MRTS,2025-10-25 23:04:12.293595
2025-04-01,441,Motor Vehicle and Parts Dealers,0.02,True,CENSUS_MRTS,2025-10-25 23:04:12.293595
2025-05-01,441,Motor Vehicle and Parts Dealers,0.02,True,CENSUS_MRTS,2025-10-25 23:04:12.293595
2025-06-01,441,Motor Vehicle and Parts Dealers,0.02,True,CENSUS_MRTS,2025-10-25 23:04:12.293595
2025-07-01,441,Motor Vehicle and Parts Dealers,0.02,True,CENSUS_MRTS,2025-10-25 23:04:12.293595
2025-01-01,441,Motor Vehicle and Parts Dealers,-1.0,False,CENSUS_MRTS,2025-10-25 23:04:12.293595
2025-02-01,441,Motor Vehicle and Parts Dealers,0.1,False,CENSUS_MRTS,2025-10-25 23:04:12.293595
2025-03-01,441,Motor Vehicle and Parts Dealers,-2.4,False,CENSUS_MRTS,2025-10-25 23:04:12.293595
2025-04-01,441,Motor Vehicle and Parts Dealers,-0.3,False,CENSUS_MRTS,2025-10-25 23:04:12.293595
2025-05-01,441,Motor Vehicle and Parts Dealers,-0.4,False,CENSUS_MRTS,2025-10-25 23:04:12.293595
2025-06-01,441,Motor Vehicle and Parts Dealers,1.5,False,CENSUS_MRTS,2025-10-25 23:04:12.293595
2025-07-01,441,Motor Vehicle and Parts Dealers,-1.3,False,CENSUS_MRTS,2025-10-25 23:04:12.293595
2025-01-01,441,Motor Vehicle and Parts Dealers,0.2,False,CENSUS_MRTS,2025-10-25 23:04:12.293595
2025-02-01,441,Motor Vehicle and Parts Dealers,0.2,False,CENSUS_MRTS,2025-10-25 23:04:12.293595
2025-03-01,441,Motor Vehicle and Parts Dealers,0.3,False,CENSUS_MRTS,2025-10-25 23:04:12.293595
2025-04-01,441,Motor Vehicle and Parts Dealers,0.2,False,CENSUS_MRTS,2025-10-25 23:04:12.293595
2025-05-01,441,Motor Vehicle and Parts Dealers,0.2,False,CENSUS_MRTS,2025-10-25 23:04:12.293595
2025-06-01,441,Motor Vehicle and Parts Dealers,0.2,False,CENSUS_MRTS,2025-10-25 23:04:12.293595
2025-07-01,441,Motor Vehicle and Parts Dealers,0.2,False,CENSUS_MRTS,2025-10-25 23:04:12.293595
2025-01-01,441,Motor Vehicle and Parts Dealers,-1.1,True,CENSUS_MRTS,2025-10-25 23:04:12.293595
2025-02-01,441,Motor Vehicle and Parts Dealers,-0.6,True,CENSUS_MRTS,2025-10-25 23:04:12.293595
2025-03-01,441,Motor Vehicle and Parts Dealers,-1.5,True,CENSUS_MRTS,2025-10-25 23:04:12.293595
2025-04-01,441,Motor Vehicle and Parts Dealers,-0.7,True,CENSUS_MRTS,2025-10-25 23:04:12.293595
2025-05-01,441,Motor Vehicle and Parts Dealers,0.6,True,CENSUS_MRTS,2025-10-25 23:04:12.293595
2025-06-01,441,Motor Vehicle and Parts Dealers,0.9,True,CENSUS_MRTS,2025-10-25 23:04:12.293595
2025-07-01,441,Motor Vehicle and Parts Dealers,0.5,True,CENSUS_MRTS,2025-10-25 23:04:12.293595
2025-01-01,441,Motor Vehicle and Parts Dealers,0.2,True,CENSUS_MRTS,2025-10-25 23:04:12.293595
2025-02-01,441,Motor Vehicle and Parts Dealers,0.2,True,CENSUS_MRTS,2025-10-25 23:04:12.293595
2025-04-01,441,Motor Vehicle and Parts Dealers,0.2,True,CENSUS_MRTS,2025-10-25 23:04:12.293595
2025-05-01,441,Motor Vehicle and Parts Dealers,0.2,True,CENSUS_MRTS,2025-10-25 23:04:12.293595
2025-06-01,441,Motor Vehicle and Parts Dealers,0.2,True,CENSUS_MRTS,2025-10-25 23:04:12.293595
2025-07-01,441,Motor Vehicle and Parts Dealers,0.2,True,CENSUS_MRTS,2025-10-25 23:04:12.293595
2025-01-01,441,Motor Vehicle and Parts Dealers,-11.0,False,CENSUS_MRTS,2025-10-25 23:04:12.293595
2025-03-01,441,Motor Vehicle and Parts Dealers,24.8,False,CENSUS_MRTS,2025-10-25 23:04:12.293595
2025-04-01,441,Motor Vehicle and Parts Dealers,-3.1,False,CENSUS_MRTS,2025-10-25 23:04:12.293595
2025-05-01,441,Motor Vehicle and Parts Dealers,-1.9,False,CENSUS_MRTS,2025-10-25 23:04:12.293595
2025-06-01,441,Motor Vehicle and Parts Dealers,-6.9,False,CENSUS_MRTS,2025-10-25 23:04:12.293595
2025-01-01,441,Motor Vehicle and Parts Dealers,0.3,False,CENSUS_MRTS,2025-10-25 23:04:12.293595
2025-02-01,441,Motor Vehicle and Parts Dealers,0.3,False,CENSUS_MRTS,2025-10-25 23:04:12.293595
2025-03-01,441,Motor Vehicle and Parts Dealers,0.2,False,CENSUS_MRTS,2025-10-25 23:04:12.293595
2025-04-01,441,Motor Vehicle and Parts Dealers,0.3,False,CENSUS_MRTS,2025-10-25 23:04:12.293595
2025-05-01,441,Motor Vehicle and Parts Dealers,0.3,False,CENSUS_MRTS,2025-10-25 23:04:12.293595
2025-07-01,441,Motor Vehicle and Parts Dealers,0.4,False,CENSUS_MRTS,2025-10-25 23:04:12.293595
2025-01-01,441,Motor Vehicle and Parts Dealers,-3.3,True,CENSUS_MRTS,2025-10-25 23:04:12.293595
2025-02-01,441,Motor Vehicle and Parts Dealers,-1.4,True,CENSUS_MRTS,2025-10-25 23:04:12.293595
2025-03-01,441,Motor Vehicle and Parts Dealers,5.3,True,CENSUS_MRTS,2025-10-25 23:04:12.293595
2025-04-01,441,Motor Vehicle and Parts Dealers,-0.7,True,CENSUS_MRTS,2025-10-25 23:04:12.293595
2025-06-01,441,Motor Vehicle and Parts Dealers,1.2,True,CENSUS_MRTS,2025-10-25 23:04:12.293595
2025-07-01,441,Motor Vehicle and Parts Dealers,1.7,True,CENSUS_MRTS,2025-10-25 23:04:12.293595
2025-01-01,441,Motor Vehicle and Parts Dealers,0.3,True,CENSUS_MRTS,2025-10-25 23:04:12.293595
2025-02-01,441,Motor Vehicle and Parts Dealers,0.3,True,CENSUS_MRTS,2025-10-25 23:04:12.293595
2025-03-01,441,Motor Vehicle and Parts Dealers,0.2,True,CENSUS_MRTS,2025-10-25 23:04:12.293595
2025-05-01,441,Motor Vehicle and Parts Dealers,0.3,True,CENSUS_MRTS,2025-10-25 23:04:12.293595
2025-06-01,441,Motor Vehicle and Parts Dealers,0.3,True,CENSUS_MRTS,2025-10-25 23:04:12.293595
2025-07-01,441,Motor Vehicle and Parts Dealers,0.4,True,CENSUS_MRTS,2025-10-25 23:04:12.293595
2025-01-01,441,Motor Vehicle and Parts Dealers,122727.0,False,CENSUS_MRTS,2025-10-25 23:04:12.293595
2025-02-01,441,Motor Vehicle and Parts Dealers,122176.0,False,CENSUS_MRTS,2025-10-25 23:04:12.293595
2025-04-01,441,Motor Vehicle and Parts Dealers,147665.0,False,CENSUS_MRTS,2025-10-25 23:04:12.293595
2025-05-01,441,Motor Vehicle and Parts Dealers,144930.0,False,CENSUS_MRTS,2025-10-25 23:04:12.293595
2025-06-01,441,Motor Vehicle and Parts Dealers,134972.0,False,CENSUS_MRTS,2025-10-25 23:04:12.293595
2025-07-01,441,Motor Vehicle and Parts Dealers,144538.0,False,CENSUS_MRTS,2025-10-25 23:04:12.293595
2025-01-01,441,Motor Vehicle and Parts Dealers,1.6,False,CENSUS_MRTS,2025-10-25 23:04:12.293595
2025-02-01,441,Motor Vehicle and Parts Dealers,1.5,False,CENSUS_MRTS,2025-10-25 23:04:12.293595
2025-03-01,441,Motor Vehicle and Parts Dealers,1.5,False,CENSUS_MRTS,2025-10-25 23:04:12.293595
2025-04-01,441,Motor Vehicle and Parts Dealers,1.6,False,CENSUS_MRTS,2025-10-25 23:04:12.293595
2025-05-01,441,Motor Vehicle and Parts Dealers,1.7,False,CENSUS_MRTS,2025-10-25 23:04:12.293595
2025-06-01,441,Motor Vehicle and Parts Dealers,1.6,False,CENSUS_MRTS,2025-10-25 23:04:12.293595
2025-07-01,441,Motor Vehicle and Parts Dealers,1.7,False,CENSUS_MRTS,2025-10-25 23:04:12.293595
2025-01-01,441,Motor Vehicle and Parts Dealers,136323.0,True,CENSUS_MRTS,2025-10-25 23:04:12.293595
2025-02-01,441,Motor Vehicle and Parts Dealers,134374.0,True,CENSUS_MRTS,2025-10-25 23:04:12.293595
2025-03-01,441,Motor Vehicle and Parts Dealers,141531.0,True,CENSUS_MRTS,2025-10-25 23:04:12.293595
2025-04-01,441,Motor Vehicle and Parts Dealers,140505.0,True,CENSUS_MRTS,2025-10-25 23:04:12.293595
2025-05-01,441,Motor Vehicle and Parts Dealers,135158.0,True,CENSUS_MRTS,2025-10-25 23:04:12.293595
2025-06-01,441,Motor Vehicle and Parts Dealers,136761.0,True,CENSUS_MRTS,2025-10-25 23:04:12.293595
2025-07-01,441,Motor Vehicle and Parts Dealers,139068.0,True,CENSUS_MRTS,2025-10-25 23:04:12.293595
2025-01-01,441,Motor Vehicle and Parts Dealers,1.6,True,CENSUS_MRTS,2025-10-25 23:04:12.293595
2025-02-01,441,Motor Vehicle and Parts Dealers,1.5,True,CENSUS_MRTS,2025-10-25 23:04:12.293595
2025-03-01,441,Motor Vehicle and Parts Dealers,1.5,True,CENSUS_MRTS,2025-10-25 23:04:12.293595
2025-04-01,441,Motor Vehicle and Parts Dealers,1.6,True,CENSUS_MRTS,2025-10-25 23:04:12.293595
2025-05-01,441,Motor Vehicle and Parts Dealers,1.7,True,CENSUS_MRTS,2025-10-25 23:04:12.293595
2025-06-01,441,Motor Vehicle and Parts Dealers,1.6,True,CENSUS_MRTS,2025-10-25 23:04:12.293595
2025-07-01,441,Motor Vehicle and Parts Dealers,1.7,True,CENSUS_MRTS,2025-10-25 23:04:12.293595
2022-10-01,441,Motor Vehicle and Parts Dealers,124003.0,False,CENSUS_MRTS,2025-10-25 23:04:12.293595
2022-04-01,441,Motor Vehicle and Parts Dealers,1.4,False,CENSUS_MRTS,2025-10-25 23:04:12.293595
2022-09-01,441,Motor Vehicle and Parts Dealers,1.4,False,CENSUS_MRTS,2025-10-25 23:04:12.293595
2022-03-01,441,Motor Vehicle and Parts Dealers,125665.0,True,CENSUS_MRTS,2025-10-25 23:04:12.293595
2022-08-01,441,Motor Vehicle and Parts Dealers,125193.0,True,CENSUS_MRTS,2025-10-25 23:04:12.293595
2022-02-01,441,Motor Vehicle and Parts Dealers,1.3,True,CENSUS_MRTS,2025-10-25 23:04:12.293595
2022-08-01,441,Motor Vehicle and Parts Dealers,1.5,True,CENSUS_MRTS,2025-10-25 23:04:12.293595
2023-01-01,441,Motor Vehicle and Parts Dealers,193646.0,False,CENSUS_MRTS,2025-10-25 23:04:12.293595
2023-02-01,441,Motor Vehicle and Parts Dealers,197241.0,False,CENSUS_MRTS,2025-10-25 23:04:12.293595
2023-04-01,441,Motor Vehicle and Parts Dealers,203783.0,False,CENSUS_MRTS,2025-10-25 23:04:12.293595
2023-05-01,441,Motor Vehicle and Parts Dealers,208552.0,False,CENSUS_MRTS,2025-10-25 23:04:12.293595
2023-06-01,441,Motor Vehicle and Parts Dealers,212374.0,False,CENSUS_MRTS,2025-10-25 23:04:12.293595
2023-07-01,441,Motor Vehicle and Parts Dealers,207873.0,False,CENSUS_MRTS,2025-10-25 23:04:12.293595
2023-08-01,441,Motor Vehicle and Parts Dealers,214023.0,False,CENSUS_MRTS,2025-10-25 23:04:12.293595
2023-10-01,441,Motor Vehicle and Parts Dealers,227366.0,False,CENSUS_MRTS,2025-10-25 23:04:12.293595
2023-11-01,441,Motor Vehicle and Parts Dealers,235819.0,False,CENSUS_MRTS,2025-10-25 23:04:12.293595
2023-12-01,441,Motor Vehicle and Parts Dealers,235994.0,False,CENSUS_MRTS,2025-10-25 23:04:12.293595
2023-01-01,441,Motor Vehicle and Parts Dealers,1.7,False,CENSUS_MRTS,2025-10-25 23:04:12.293595
2023-02-01,441,Motor Vehicle and Parts Dealers,1.7,False,CENSUS_MRTS,2025-10-25 23:04:12.293595
2023-04-01,441,Motor Vehicle and Parts Dealers,1.7,False,CENSUS_MRTS,2025-10-25 23:04:12.293595
2023-05-01,441,Motor Vehicle and Parts Dealers,1.5,False,CENSUS_MRTS,2025-10-25 23:04:12.293595
2023-06-01,441,Motor Vehicle and Parts Dealers,1.4,False,CENSUS_MRTS,2025-10-25 23:04:12.293595
2023-07-01,441,Motor Vehicle and Parts Dealers,1.4,False,CENSUS_MRTS,2025-10-25 23:04:12.293595
2023-09-01,441,Motor Vehicle and Parts Dealers,1.4,False,CENSUS_MRTS,2025-10-25 23:04:12.293595
2023-10-01,441,Motor Vehicle and Parts Dealers,1.5,False,CENSUS_MRTS,2025-10-25 23:04:12.293595
2023-11-01,441,Motor Vehicle and Parts Dealers,1.4,False,CENSUS_MRTS,2025-10-25 23:04:12.293595
2023-12-01,441,Motor Vehicle and Parts Dealers,1.4,False,CENSUS_MRTS,2025-10-25 23:04:12.293595
2023-01-01,441,Motor Vehicle and Parts Dealers,193452.0,True,CENSUS_MRTS,2025-10-25 23:04:12.293595
2023-03-01,441,Motor Vehicle and Parts Dealers,199624.0,True,CENSUS_MRTS,2025-10-25 23:04:12.293595
2023-04-01,441,Motor Vehicle and Parts Dealers,202167.0,True,CENSUS_MRTS,2025-10-25 23:04:12.293595
2023-05-01,441,Motor Vehicle and Parts Dealers,207746.0,True,CENSUS_MRTS,2025-10-25 23:04:12.293595
2023-06-01,441,Motor Vehicle and Parts Dealers,210135.0,True,CENSUS_MRTS,2025-10-25 23:04:12.293595
2023-07-01,441,Motor Vehicle and Parts Dealers,213198.0,True,CENSUS_MRTS,2025-10-25 23:04:12.293595
2025-03-01,441,Motor Vehicle and Parts Dealers,0.3,True,CENSUS_MRTS,2025-10-25 23:04:12.293595
2025-02-01,441,Motor Vehicle and Parts Dealers,-0.4,False,CENSUS_MRTS,2025-10-25 23:04:12.293595
2025-07-01,441,Motor Vehicle and Parts Dealers,7.1,False,CENSUS_MRTS,2025-10-25 23:04:12.293595
2025-06-01,441,Motor Vehicle and Parts Dealers,0.3,False,CENSUS_MRTS,2025-10-25 23:04:12.293595
2025-05-01,441,Motor Vehicle and Parts Dealers,-3.8,True,CENSUS_MRTS,2025-10-25 23:04:12.293595
2025-04-01,441,Motor Vehicle and Parts Dealers,0.3,True,CENSUS_MRTS,2025-10-25 23:04:12.293595
2025-03-01,441,Motor Vehicle and Parts Dealers,152434.0,False,CENSUS_MRTS,2025-10-25 23:04:12.293595
2023-09-01,441,Motor Vehicle and Parts Dealers,222043.0,True,CENSUS_MRTS,2025-10-25 23:04:12.293595
2023-10-01,441,Motor Vehicle and Parts Dealers,226686.0,True,CENSUS_MRTS,2025-10-25 23:04:12.293595
2023-11-01,441,Motor Vehicle and Parts Dealers,231634.0,True,CENSUS_MRTS,2025-10-25 23:04:12.293595
2023-12-01,441,Motor Vehicle and Parts Dealers,236336.0,True,CENSUS_MRTS,2025-10-25 23:04:12.293595
2023-01-01,441,Motor Vehicle and Parts Dealers,1.7,True,CENSUS_MRTS,2025-10-25 23:04:12.293595
2023-02-01,441,Motor Vehicle and Parts Dealers,1.7,True,CENSUS_MRTS,2025-10-25 23:04:12.293595
2023-03-01,441,Motor Vehicle and Parts Dealers,1.6,True,CENSUS_MRTS,2025-10-25 23:04:12.293595
2023-04-01,441,Motor Vehicle and Parts Dealers,1.7,True,CENSUS_MRTS,2025-10-25 23:04:12.293595
2023-05-01,441,Motor Vehicle and Parts Dealers,1.5,True,CENSUS_MRTS,2025-10-25 23:04:12.293595
2023-06-01,441,Motor Vehicle and Parts Dealers,1.4,True,CENSUS_MRTS,2025-10-25 23:04:12.293595
2023-07-01,441,Motor Vehicle and Parts Dealers,1.4,True,CENSUS_MRTS,2025-10-25 23:04:12.293595
2023-08-01,441,Motor Vehicle and Parts Dealers,1.4,True,CENSUS_MRTS,2025-10-25 23:04:12.293595
2023-09-01,441,Motor Vehicle and Parts Dealers,1.4,True,CENSUS_MRTS,2025-10-25 23:04:12.293595
2023-10-01,441,Motor Vehicle and Parts Dealers,1.5,True,CENSUS_MRTS,2025-10-25 23:04:12.293595
2023-11-01,441,Motor Vehicle and Parts Dealers,1.4,True,CENSUS_MRTS,2025-10-25 23:04:12.293595
2023-12-01,441,Motor Vehicle and Parts Dealers,1.4,True,CENSUS_MRTS,2025-10-25 23:04:12.293595
2023-01-01,441,Motor Vehicle and Parts Dealers,1.67,False,CENSUS_MRTS,2025-10-25 23:04:12.293595
2023-02-01,441,Motor Vehicle and Parts Dealers,1.7,False,CENSUS_MRTS,2025-10-25 23:04:12.293595
2023-03-01,441,Motor Vehicle and Parts Dealers,1.46,False,CENSUS_MRTS,2025-10-25 23:04:12.293595
2023-04-01,441,Motor Vehicle and Parts Dealers,1.56,False,CENSUS_MRTS,2025-10-25 23:04:12.293595
2023-05-01,441,Motor Vehicle and Parts Dealers,1.49,False,CENSUS_MRTS,2025-10-25 23:04:12.293595
2023-06-01,441,Motor Vehicle and Parts Dealers,1.55,False,CENSUS_MRTS,2025-10-25 23:04:12.293595
2023-07-01,441,Motor Vehicle and Parts Dealers,1.57,False,CENSUS_MRTS,2025-10-25 23:04:12.293595
2023-08-01,441,Motor Vehicle and Parts Dealers,1.54,False,CENSUS_MRTS,2025-10-25 23:04:12.293595
2023-09-01,441,Motor Vehicle and Parts Dealers,1.68,False,CENSUS_MRTS,2025-10-25 23:04:12.293595
2023-10-01,441,Motor Vehicle and Parts Dealers,1.79,False,CENSUS_MRTS,2025-10-25 23:04:12.293595
2023-11-01,441,Motor Vehicle and Parts Dealers,1.93,False,CENSUS_MRTS,2025-10-25 23:04:12.293595
2023-12-01,441,Motor Vehicle and Parts Dealers,1.84,False,CENSUS_MRTS,2025-10-25 23:04:12.293595
2023-01-01,441,Motor Vehicle and Parts Dealers,0.01,False,CENSUS_MRTS,2025-10-25 23:04:12.293595
2023-02-01,441,Motor Vehicle and Parts Dealers,0.02,False,CENSUS_MRTS,2025-10-25 23:04:12.293595
2023-03-01,441,Motor Vehicle and Parts Dealers,0.01,False,CENSUS_MRTS,2025-10-25 23:04:12.293595
2023-04-01,441,Motor Vehicle and Parts Dealers,0.01,False,CENSUS_MRTS,2025-10-25 23:04:12.293595
2023-05-01,441,Motor Vehicle and Parts Dealers,0.01,False,CENSUS_MRTS,2025-10-25 23:04:12.293595
2023-06-01,441,Motor Vehicle and Parts Dealers,0.01,False,CENSUS_MRTS,2025-10-25 23:04:12.293595
2023-07-01,441,Motor Vehicle and Parts Dealers,0.01,False,CENSUS_MRTS,2025-10-25 23:04:12.293595
2023-08-01,441,Motor Vehicle and Parts Dealers,0.01,False,CENSUS_MRTS,2025-10-25 23:04:12.293595
2023-09-01,441,Motor Vehicle and Parts Dealers,0.01,False,CENSUS_MRTS,2025-10-25 23:04:12.293595
2023-10-01,441,Motor Vehicle and Parts Dealers,0.01,False,CENSUS_MRTS,2025-10-25 23:04:12.293595
2023-11-01,441,Motor Vehicle and Parts Dealers,0.01,False,CENSUS_MRTS,2025-10-25 23:04:12.293595
2023-12-01,441,Motor Vehicle and Parts Dealers,0.02,False,CENSUS_MRTS,2025-10-25 23:04:12.293595
2023-01-01,441,Motor Vehicle and Parts Dealers,1.46,True,CENSUS_MRTS,2025-10-25 23:04:12.293595
2023-02-01,441,Motor Vehicle and Parts Dealers,1.53,True,CENSUS_MRTS,2025-10-25 23:04:12.293595
2023-03-01,441,Motor Vehicle and Parts Dealers,1.58,True,CENSUS_MRTS,2025-10-25 23:04:12.293595
2023-04-01,441,Motor Vehicle and Parts Dealers,1.58,True,CENSUS_MRTS,2025-10-25 23:04:12.293595
2023-05-01,441,Motor Vehicle and Parts Dealers,1.6,True,CENSUS_MRTS,2025-10-25 23:04:12.293595
2023-06-01,441,Motor Vehicle and Parts Dealers,1.59,True,CENSUS_MRTS,2025-10-25 23:04:12.293595
2023-07-01,441,Motor Vehicle and Parts Dealers,1.63,True,CENSUS_MRTS,2025-10-25 23:04:12.293595
2023-08-01,441,Motor Vehicle and Parts Dealers,1.66,True,CENSUS_MRTS,2025-10-25 23:04:12.293595
2023-09-01,441,Motor Vehicle and Parts Dealers,1.67,True,CENSUS_MRTS,2025-10-25 23:04:12.293595
2023-10-01,441,Motor Vehicle and Parts Dealers,1.74,True,CENSUS_MRTS,2025-10-25 23:04:12.293595
2023-11-01,441,Motor Vehicle and Parts Dealers,1.78,True,CENSUS_MRTS,2025-10-25 23:04:12.293595
2023-12-01,441,Motor Vehicle and Parts Dealers,1.81,True,CENSUS_MRTS,2025-10-25 23:04:12.293595
2023-01-01,441,Motor Vehicle and Parts Dealers,0.01,True,CENSUS_MRTS,2025-10-25 23:04:12.293595
2023-02-01,441,Motor Vehicle and Parts Dealers,0.02,True,CENSUS_MRTS,2025-10-25 23:04:12.293595
2023-03-01,441,Motor Vehicle and Parts Dealers,0.01,True,CENSUS_MRTS,2025-10-25 23:04:12.293595
2023-04-01,441,Motor Vehicle and Parts Dealers,0.01,True,CENSUS_MRTS,2025-10-25 23:04:12.293595
2023-05-01,441,Motor Vehicle and Parts Dealers,0.01,True,CENSUS_MRTS,2025-10-25 23:04:12.293595
2023-06-01,441,Motor Vehicle and Parts Dealers,0.01,True,CENSUS_MRTS,2025-10-25 23:04:12.293595
2023-07-01,441,Motor Vehicle and Parts Dealers,0.01,True,CENSUS_MRTS,2025-10-25 23:04:12.293595
2023-08-01,441,Motor Vehicle and Parts Dealers,0.01,True,CENSUS_MRTS,2025-10-25 23:04:12.293595
2023-09-01,441,Motor Vehicle and Parts Dealers,0.01,True,CENSUS_MRTS,2025-10-25 23:04:12.293595
2023-10-01,441,Motor Vehicle and Parts Dealers,0.01,True,CENSUS_MRTS,2025-10-25 23:04:12.293595
2023-11-01,441,Motor Vehicle and Parts Dealers,0.01,True,CENSUS_MRTS,2025-10-25 23:04:12.293595
2023-12-01,441,Motor Vehicle and Parts Dealers,0.02,True,CENSUS_MRTS,2025-10-25 23:04:12.293595
2023-01-01,441,Motor Vehicle and Parts Dealers,1.4,False,CENSUS_MRTS,2025-10-25 23:04:12.293595
2023-02-01,441,Motor Vehicle and Parts Dealers,1.9,False,CENSUS_MRTS,2025-10-25 23:04:12.293595
2023-03-01,441,Motor Vehicle and Parts Dealers,2.8,False,CENSUS_MRTS,2025-10-25 23:04:12.293595
2023-04-01,441,Motor Vehicle and Parts Dealers,0.5,False,CENSUS_MRTS,2025-10-25 23:04:12.293595
2023-05-01,441,Motor Vehicle and Parts Dealers,2.3,False,CENSUS_MRTS,2025-10-25 23:04:12.293595
2023-06-01,441,Motor Vehicle and Parts Dealers,1.8,False,CENSUS_MRTS,2025-10-25 23:04:12.293595
2023-07-01,441,Motor Vehicle and Parts Dealers,-2.1,False,CENSUS_MRTS,2025-10-25 23:04:12.293595
2023-08-01,441,Motor Vehicle and Parts Dealers,3.0,False,CENSUS_MRTS,2025-10-25 23:04:12.293595
2023-09-01,441,Motor Vehicle and Parts Dealers,2.6,False,CENSUS_MRTS,2025-10-25 23:04:12.293595
2023-10-01,441,Motor Vehicle and Parts Dealers,3.6,False,CENSUS_MRTS,2025-10-25 23:04:12.293595
2023-11-01,441,Motor Vehicle and Parts Dealers,3.7,False,CENSUS_MRTS,2025-10-25 23:04:12.293595
2023-12-01,441,Motor Vehicle and Parts Dealers,0.1,False,CENSUS_MRTS,2025-10-25 23:04:12.293595
2023-01-01,441,Motor Vehicle and Parts Dealers,0.4,False,CENSUS_MRTS,2025-10-25 23:04:12.293595
2023-02-01,441,Motor Vehicle and Parts Dealers,0.4,False,CENSUS_MRTS,2025-10-25 23:04:12.293595
2023-03-01,441,Motor Vehicle and Parts Dealers,0.4,False,CENSUS_MRTS,2025-10-25 23:04:12.293595
2023-04-01,441,Motor Vehicle and Parts Dealers,0.2,False,CENSUS_MRTS,2025-10-25 23:04:12.293595
2023-05-01,441,Motor Vehicle and Parts Dealers,0.3,False,CENSUS_MRTS,2025-10-25 23:04:12.293595
2023-06-01,441,Motor Vehicle and Parts Dealers,0.3,False,CENSUS_MRTS,2025-10-25 23:04:12.293595
2023-08-01,441,Motor Vehicle and Parts Dealers,0.3,False,CENSUS_MRTS,2025-10-25 23:04:12.293595
2023-09-01,441,Motor Vehicle and Parts Dealers,0.3,False,CENSUS_MRTS,2025-10-25 23:04:12.293595
2023-10-01,441,Motor Vehicle and Parts Dealers,0.3,False,CENSUS_MRTS,2025-10-25 23:04:12.293595
2023-11-01,441,Motor Vehicle and Parts Dealers,0.3,False,CENSUS_MRTS,2025-10-25 23:04:12.293595
2023-12-01,441,Motor Vehicle and Parts Dealers,0.3,False,CENSUS_MRTS,2025-10-25 23:04:12.293595
2023-02-01,441,Motor Vehicle and Parts Dealers,1.5,True,CENSUS_MRTS,2025-10-25 23:04:12.293595
2023-03-01,441,Motor Vehicle and Parts Dealers,1.6,True,CENSUS_MRTS,2025-10-25 23:04:12.293595
2023-04-01,441,Motor Vehicle and Parts Dealers,1.3,True,CENSUS_MRTS,2025-10-25 23:04:12.293595
2023-05-01,441,Motor Vehicle and Parts Dealers,2.8,True,CENSUS_MRTS,2025-10-25 23:04:12.293595
2023-07-01,441,Motor Vehicle and Parts Dealers,1.5,True,CENSUS_MRTS,2025-10-25 23:04:12.293595
2023-08-01,441,Motor Vehicle and Parts Dealers,2.2,True,CENSUS_MRTS,2025-10-25 23:04:12.293595
2023-09-01,441,Motor Vehicle and Parts Dealers,1.9,True,CENSUS_MRTS,2025-10-25 23:04:12.293595
2023-10-01,441,Motor Vehicle and Parts Dealers,2.1,True,CENSUS_MRTS,2025-10-25 23:04:12.293595
2023-11-01,441,Motor Vehicle and Parts Dealers,2.2,True,CENSUS_MRTS,2025-10-25 23:04:12.293595
2023-01-01,441,Motor Vehicle and Parts Dealers,0.4,True,CENSUS_MRTS,2025-10-25 23:04:12.293595
2023-02-01,441,Motor Vehicle and Parts Dealers,0.4,True,CENSUS_MRTS,2025-10-25 23:04:12.293595
2023-03-01,441,Motor Vehicle and Parts Dealers,0.4,True,CENSUS_MRTS,2025-10-25 23:04:12.293595
2023-04-01,441,Motor Vehicle and Parts Dealers,0.2,True,CENSUS_MRTS,2025-10-25 23:04:12.293595
2023-05-01,441,Motor Vehicle and Parts Dealers,0.3,True,CENSUS_MRTS,2025-10-25 23:04:12.293595
2023-07-01,441,Motor Vehicle and Parts Dealers,0.2,True,CENSUS_MRTS,2025-10-25 23:04:12.293595
2023-08-01,441,Motor Vehicle and Parts Dealers,0.3,True,CENSUS_MRTS,2025-10-25 23:04:12.293595
2023-09-01,441,Motor Vehicle and Parts Dealers,0.3,True,CENSUS_MRTS,2025-10-25 23:04:12.293595
2023-10-01,441,Motor Vehicle and Parts Dealers,0.3,True,CENSUS_MRTS,2025-10-25 23:04:12.293595
2023-11-01,441,Motor Vehicle and Parts Dealers,0.3,True,CENSUS_MRTS,2025-10-25 23:04:12.293595
2023-01-01,441,Motor Vehicle and Parts Dealers,-4.3,False,CENSUS_MRTS,2025-10-25 23:04:12.293595
2023-02-01,441,Motor Vehicle and Parts Dealers,0.6,False,CENSUS_MRTS,2025-10-25 23:04:12.293595
2023-03-01,441,Motor Vehicle and Parts Dealers,19.2,False,CENSUS_MRTS,2025-10-25 23:04:12.293595
2023-04-01,441,Motor Vehicle and Parts Dealers,-5.7,False,CENSUS_MRTS,2025-10-25 23:04:12.293595
2023-05-01,441,Motor Vehicle and Parts Dealers,7.1,False,CENSUS_MRTS,2025-10-25 23:04:12.293595
2023-07-01,441,Motor Vehicle and Parts Dealers,-3.2,False,CENSUS_MRTS,2025-10-25 23:04:12.293595
2023-08-01,441,Motor Vehicle and Parts Dealers,4.9,False,CENSUS_MRTS,2025-10-25 23:04:12.293595
2023-09-01,441,Motor Vehicle and Parts Dealers,-5.9,False,CENSUS_MRTS,2025-10-25 23:04:12.293595
2023-10-01,441,Motor Vehicle and Parts Dealers,-2.9,False,CENSUS_MRTS,2025-10-25 23:04:12.293595
2023-12-01,441,Motor Vehicle and Parts Dealers,5.1,False,CENSUS_MRTS,2025-10-25 23:04:12.293595
2023-01-01,441,Motor Vehicle and Parts Dealers,0.4,False,CENSUS_MRTS,2025-10-25 23:04:12.293595
2023-02-01,441,Motor Vehicle and Parts Dealers,0.4,False,CENSUS_MRTS,2025-10-25 23:04:12.293595
2023-03-01,441,Motor Vehicle and Parts Dealers,0.3,False,CENSUS_MRTS,2025-10-25 23:04:12.293595
2023-04-01,441,Motor Vehicle and Parts Dealers,0.4,False,CENSUS_MRTS,2025-10-25 23:04:12.293595
2023-05-01,441,Motor Vehicle and Parts Dealers,0.4,False,CENSUS_MRTS,2025-10-25 23:04:12.293595
2023-06-01,441,Motor Vehicle and Parts Dealers,0.4,False,CENSUS_MRTS,2025-10-25 23:04:12.293595
2023-07-01,441,Motor Vehicle and Parts Dealers,0.3,False,CENSUS_MRTS,2025-10-25 23:04:12.293595
2023-08-01,441,Motor Vehicle and Parts Dealers,0.4,False,CENSUS_MRTS,2025-10-25 23:04:12.293595
2023-09-01,441,Motor Vehicle and Parts Dealers,0.3,False,CENSUS_MRTS,2025-10-25 23:04:12.293595
2023-10-01,441,Motor Vehicle and Parts Dealers,0.3,False,CENSUS_MRTS,2025-10-25 23:04:12.293595
2023-11-01,441,Motor Vehicle and Parts Dealers,0.3,False,CENSUS_MRTS,2025-10-25 23:04:12.293595
2023-12-01,441,Motor Vehicle and Parts Dealers,0.5,False,CENSUS_MRTS,2025-10-25 23:04:12.293595
2023-01-01,441,Motor Vehicle and Parts Dealers,10.7,True,CENSUS_MRTS,2025-10-25 23:04:12.293595
2023-02-01,441,Motor Vehicle and Parts Dealers,-3.1,True,CENSUS_MRTS,2025-10-25 23:04:12.293595
2023-03-01,441,Motor Vehicle and Parts Dealers,-1.5,True,CENSUS_MRTS,2025-10-25 23:04:12.293595
2023-04-01,441,Motor Vehicle and Parts Dealers,1.2,True,CENSUS_MRTS,2025-10-25 23:04:12.293595
2023-05-01,441,Motor Vehicle and Parts Dealers,1.7,True,CENSUS_MRTS,2025-10-25 23:04:12.293595
2023-06-01,441,Motor Vehicle and Parts Dealers,1.8,True,CENSUS_MRTS,2025-10-25 23:04:12.293595
2023-07-01,441,Motor Vehicle and Parts Dealers,-1.5,True,CENSUS_MRTS,2025-10-25 23:04:12.293595
2023-08-01,441,Motor Vehicle and Parts Dealers,0.7,True,CENSUS_MRTS,2025-10-25 23:04:12.293595
2023-09-01,441,Motor Vehicle and Parts Dealers,1.1,True,CENSUS_MRTS,2025-10-25 23:04:12.293595
2023-10-01,441,Motor Vehicle and Parts Dealers,-1.8,True,CENSUS_MRTS,2025-10-25 23:04:12.293595
2023-11-01,441,Motor Vehicle and Parts Dealers,-0.3,True,CENSUS_MRTS,2025-10-25 23:04:12.293595
2023-12-01,441,Motor Vehicle and Parts Dealers,0.1,True,CENSUS_MRTS,2025-10-25 23:04:12.293595
2023-01-01,441,Motor Vehicle and Parts Dealers,0.4,True,CENSUS_MRTS,2025-10-25 23:04:12.293595
2023-02-01,441,Motor Vehicle and Parts Dealers,0.4,True,CENSUS_MRTS,2025-10-25 23:04:12.293595
2023-03-01,441,Motor Vehicle and Parts Dealers,0.3,True,CENSUS_MRTS,2025-10-25 23:04:12.293595
2023-04-01,441,Motor Vehicle and Parts Dealers,0.4,True,CENSUS_MRTS,2025-10-25 23:04:12.293595
2023-05-01,441,Motor Vehicle and Parts Dealers,0.4,True,CENSUS_MRTS,2025-10-25 23:04:12.293595
2023-06-01,441,Motor Vehicle and Parts Dealers,0.4,True,CENSUS_MRTS,2025-10-25 23:04:12.293595
2023-07-01,441,Motor Vehicle and Parts Dealers,0.3,True,CENSUS_MRTS,2025-10-25 23:04:12.293595
2023-08-01,441,Motor Vehicle and Parts Dealers,0.4,True,CENSUS_MRTS,2025-10-25 23:04:12.293595
2023-09-01,441,Motor Vehicle and Parts Dealers,0.3,True,CENSUS_MRTS,2025-10-25 23:04:12.293595
2023-10-01,441,Motor Vehicle and Parts Dealers,0.3,True,CENSUS_MRTS,2025-10-25 23:04:12.293595
2023-11-01,441,Motor Vehicle and Parts Dealers,0.3,True,CENSUS_MRTS,2025-10-25 23:04:12.293595
2023-12-01,441,Motor Vehicle and Parts Dealers,0.5,True,CENSUS_MRTS,2025-10-25 23:04:12.293595
2023-01-01,441,Motor Vehicle and Parts Dealers,115614.0,False,CENSUS_MRTS,2025-10-25 23:04:12.293595
2023-02-01,441,Motor Vehicle and Parts Dealers,116278.0,False,CENSUS_MRTS,2025-10-25 23:04:12.293595
2023-03-01,441,Motor Vehicle and Parts Dealers,138654.0,False,CENSUS_MRTS,2025-10-25 23:04:12.293595
2023-04-01,441,Motor Vehicle and Parts Dealers,130789.0,False,CENSUS_MRTS,2025-10-25 23:04:12.293595
2023-05-01,441,Motor Vehicle and Parts Dealers,140011.0,False,CENSUS_MRTS,2025-10-25 23:04:12.293595
2023-06-01,441,Motor Vehicle and Parts Dealers,137143.0,False,CENSUS_MRTS,2025-10-25 23:04:12.293595
2023-07-01,441,Motor Vehicle and Parts Dealers,132751.0,False,CENSUS_MRTS,2025-10-25 23:04:12.293595
2023-08-01,441,Motor Vehicle and Parts Dealers,139223.0,False,CENSUS_MRTS,2025-10-25 23:04:12.293595
2023-09-01,441,Motor Vehicle and Parts Dealers,130990.0,False,CENSUS_MRTS,2025-10-25 23:04:12.293595
2023-10-01,441,Motor Vehicle and Parts Dealers,127157.0,False,CENSUS_MRTS,2025-10-25 23:04:12.293595
2023-11-01,441,Motor Vehicle and Parts Dealers,122137.0,False,CENSUS_MRTS,2025-10-25 23:04:12.293595
2023-12-01,441,Motor Vehicle and Parts Dealers,128422.0,False,CENSUS_MRTS,2025-10-25 23:04:12.293595
2023-01-01,441,Motor Vehicle and Parts Dealers,1.6,False,CENSUS_MRTS,2025-10-25 23:04:12.293595
2023-02-01,441,Motor Vehicle and Parts Dealers,1.4,False,CENSUS_MRTS,2025-10-25 23:04:12.293595
2023-03-01,441,Motor Vehicle and Parts Dealers,1.5,False,CENSUS_MRTS,2025-10-25 23:04:12.293595
2023-04-01,441,Motor Vehicle and Parts Dealers,1.4,False,CENSUS_MRTS,2025-10-25 23:04:12.293595
2023-05-01,441,Motor Vehicle and Parts Dealers,1.4,False,CENSUS_MRTS,2025-10-25 23:04:12.293595
2023-06-01,441,Motor Vehicle and Parts Dealers,1.3,False,CENSUS_MRTS,2025-10-25 23:04:12.293595
2023-07-01,441,Motor Vehicle and Parts Dealers,1.3,False,CENSUS_MRTS,2025-10-25 23:04:12.293595
2023-08-01,441,Motor Vehicle and Parts Dealers,1.3,False,CENSUS_MRTS,2025-10-25 23:04:12.293595
2023-09-01,441,Motor Vehicle and Parts Dealers,1.3,False,CENSUS_MRTS,2025-10-25 23:04:12.293595
2023-10-01,441,Motor Vehicle and Parts Dealers,1.2,False,CENSUS_MRTS,2025-10-25 23:04:12.293595
2023-11-01,441,Motor Vehicle and Parts Dealers,1.3,False,CENSUS_MRTS,2025-10-25 23:04:12.293595
2023-12-01,441,Motor Vehicle and Parts Dealers,1.4,False,CENSUS_MRTS,2025-10-25 23:04:12.293595
2023-01-01,441,Motor Vehicle and Parts Dealers,132373.0,True,CENSUS_MRTS,2025-10-25 23:04:12.293595
2023-02-01,441,Motor Vehicle and Parts Dealers,128257.0,True,CENSUS_MRTS,2025-10-25 23:04:12.293595
2023-03-01,441,Motor Vehicle and Parts Dealers,126396.0,True,CENSUS_MRTS,2025-10-25 23:04:12.293595
2023-04-01,441,Motor Vehicle and Parts Dealers,127973.0,True,CENSUS_MRTS,2025-10-25 23:04:12.293595
2023-05-01,441,Motor Vehicle and Parts Dealers,130110.0,True,CENSUS_MRTS,2025-10-25 23:04:12.293595
2023-06-01,441,Motor Vehicle and Parts Dealers,132443.0,True,CENSUS_MRTS,2025-10-25 23:04:12.293595
2023-07-01,441,Motor Vehicle and Parts Dealers,130481.0,True,CENSUS_MRTS,2025-10-25 23:04:12.293595
2023-08-01,441,Motor Vehicle and Parts Dealers,131374.0,True,CENSUS_MRTS,2025-10-25 23:04:12.293595
2023-09-01,441,Motor Vehicle and Parts Dealers,132828.0,True,CENSUS_MRTS,2025-10-25 23:04:12.293595
2023-10-01,441,Motor Vehicle and Parts Dealers,130458.0,True,CENSUS_MRTS,2025-10-25 23:04:12.293595
2023-11-01,441,Motor Vehicle and Parts Dealers,130084.0,True,CENSUS_MRTS,2025-10-25 23:04:12.293595
2023-12-01,441,Motor Vehicle and Parts Dealers,130225.0,True,CENSUS_MRTS,2025-10-25 23:04:12.293595
2023-01-01,441,Motor Vehicle and Parts Dealers,1.6,True,CENSUS_MRTS,2025-10-25 23:04:12.293595
2023-02-01,441,Motor Vehicle and Parts Dealers,1.4,True,CENSUS_MRTS,2025-10-25 23:04:12.293595
2023-03-01,441,Motor Vehicle and Parts Dealers,1.5,True,CENSUS_MRTS,2025-10-25 23:04:12.293595
2023-04-01,441,Motor Vehicle and Parts Dealers,1.4,True,CENSUS_MRTS,2025-10-25 23:04:12.293595
2023-05-01,441,Motor Vehicle and Parts Dealers,1.4,True,CENSUS_MRTS,2025-10-25 23:04:12.293595
2023-06-01,441,Motor Vehicle and Parts Dealers,1.3,True,CENSUS_MRTS,2025-10-25 23:04:12.293595
2023-07-01,441,Motor Vehicle and Parts Dealers,1.3,True,CENSUS_MRTS,2025-10-25 23:04:12.293595
2023-08-01,441,Motor Vehicle and Parts Dealers,1.3,True,CENSUS_MRTS,2025-10-25 23:04:12.293595
2023-09-01,441,Motor Vehicle and Parts Dealers,1.3,True,CENSUS_MRTS,2025-10-25 23:04:12.293595
2023-10-01,441,Motor Vehicle and Parts Dealers,1.2,True,CENSUS_MRTS,2025-10-25 23:04:12.293595
2023-11-01,441,Motor Vehicle and Parts Dealers,1.3,True,CENSUS_MRTS,2025-10-25 23:04:12.293595
2023-12-01,441,Motor Vehicle and Parts Dealers,1.4,True,CENSUS_MRTS,2025-10-25 23:04:12.293595
2015-08-01,444,Building Material & Garden Equipment,26938.0,False,CENSUS_MRTS,2025-10-25 23:04:12.293595
2015-09-01,444,Building Material & Garden Equipment,26707.0,False,CENSUS_MRTS,2025-10-25 23:04:12.293595
2015-10-01,444,Building Material & Garden Equipment,27486.0,False,CENSUS_MRTS,2025-10-25 23:04:12.293595
2015-11-01,444,Building Material & Garden Equipment,25913.0,False,CENSUS_MRTS,2025-10-25 23:04:12.293595
2015-12-01,444,Building Material & Garden Equipment,26071.0,False,CENSUS_MRTS,2025-10-25 23:04:12.293595
2015-01-01,444,Building Material & Garden Equipment,1.2,False,CENSUS_MRTS,2025-10-25 23:04:12.293595
2015-02-01,444,Building Material & Garden Equipment,1.5,False,CENSUS_MRTS,2025-10-25 23:04:12.293595
2015-03-01,444,Building Material & Garden Equipment,1.4,False,CENSUS_MRTS,2025-10-25 23:04:12.293595
2015-04-01,444,Building Material & Garden Equipment,1.7,False,CENSUS_MRTS,2025-10-25 23:04:12.293595
2015-05-01,444,Building Material & Garden Equipment,1.9,False,CENSUS_MRTS,2025-10-25 23:04:12.293595
2015-06-01,444,Building Material & Garden Equipment,1.8,False,CENSUS_MRTS,2025-10-25 23:04:12.293595
2015-07-01,444,Building Material & Garden Equipment,1.7,False,CENSUS_MRTS,2025-10-25 23:04:12.293595
2015-08-01,444,Building Material & Garden Equipment,1.7,False,CENSUS_MRTS,2025-10-25 23:04:12.293595
2015-09-01,444,Building Material & Garden Equipment,1.7,False,CENSUS_MRTS,2025-10-25 23:04:12.293595
2015-10-01,444,Building Material & Garden Equipment,1.7,False,CENSUS_MRTS,2025-10-25 23:04:12.293595
2015-11-01,444,Building Material & Garden Equipment,1.6,False,CENSUS_MRTS,2025-10-25 23:04:12.293595
2015-12-01,444,Building Material & Garden Equipment,1.4,False,CENSUS_MRTS,2025-10-25 23:04:12.293595
2015-01-01,444,Building Material & Garden Equipment,26312.0,True,CENSUS_MRTS,2025-10-25 23:04:12.293595
2015-02-01,444,Building Material & Garden Equipment,25376.0,True,CENSUS_MRTS,2025-10-25 23:04:12.293595
2015-03-01,444,Building Material & Garden Equipment,26305.0,True,CENSUS_MRTS,2025-10-25 23:04:12.293595
2015-04-01,444,Building Material & Garden Equipment,26563.0,True,CENSUS_MRTS,2025-10-25 23:04:12.293595
2015-05-01,444,Building Material & Garden Equipment,26619.0,True,CENSUS_MRTS,2025-10-25 23:04:12.293595
2015-06-01,444,Building Material & Garden Equipment,26331.0,True,CENSUS_MRTS,2025-10-25 23:04:12.293595
2015-07-01,444,Building Material & Garden Equipment,27215.0,True,CENSUS_MRTS,2025-10-25 23:04:12.293595
2015-08-01,444,Building Material & Garden Equipment,27209.0,True,CENSUS_MRTS,2025-10-25 23:04:12.293595
2015-09-01,444,Building Material & Garden Equipment,27029.0,True,CENSUS_MRTS,2025-10-25 23:04:12.293595
2015-10-01,444,Building Material & Garden Equipment,27176.0,True,CENSUS_MRTS,2025-10-25 23:04:12.293595
2015-11-01,444,Building Material & Garden Equipment,27437.0,True,CENSUS_MRTS,2025-10-25 23:04:12.293595
2015-12-01,444,Building Material & Garden Equipment,27988.0,True,CENSUS_MRTS,2025-10-25 23:04:12.293595
2015-01-01,444,Building Material & Garden Equipment,1.2,True,CENSUS_MRTS,2025-10-25 23:04:12.293595
2015-02-01,444,Building Material & Garden Equipment,1.5,True,CENSUS_MRTS,2025-10-25 23:04:12.293595
2015-03-01,444,Building Material & Garden Equipment,1.4,True,CENSUS_MRTS,2025-10-25 23:04:12.293595
2015-04-01,444,Building Material & Garden Equipment,1.7,True,CENSUS_MRTS,2025-10-25 23:04:12.293595
2015-05-01,444,Building Material & Garden Equipment,1.9,True,CENSUS_MRTS,2025-10-25 23:04:12.293595
2015-06-01,444,Building Material & Garden Equipment,1.8,True,CENSUS_MRTS,2025-10-25 23:04:12.293595
2015-07-01,444,Building Material & Garden Equipment,1.7,True,CENSUS_MRTS,2025-10-25 23:04:12.293595
2015-08-01,444,Building Material & Garden Equipment,1.7,True,CENSUS_MRTS,2025-10-25 23:04:12.293595
2015-09-01,444,Building Material & Garden Equipment,1.7,True,CENSUS_MRTS,2025-10-25 23:04:12.293595
2015-10-01,444,Building Material & Garden Equipment,1.7,True,CENSUS_MRTS,2025-10-25 23:04:12.293595
2015-11-01,444,Building Material & Garden Equipment,1.6,True,CENSUS_MRTS,2025-10-25 23:04:12.293595
2015-12-01,444,Building Material & Garden Equipment,1.4,True,CENSUS_MRTS,2025-10-25 23:04:12.293595
2015-10-01,444,Building Material & Garden Equipment,48921.0,False,CENSUS_MRTS,2025-10-25 23:04:12.293595
2015-04-01,444,Building Material & Garden Equipment,1.4,False,CENSUS_MRTS,2025-10-25 23:04:12.293595
2015-09-01,444,Building Material & Garden Equipment,1.3,False,CENSUS_MRTS,2025-10-25 23:04:12.293595
2015-03-01,444,Building Material & Garden Equipment,47783.0,True,CENSUS_MRTS,2025-10-25 23:04:12.293595
2015-08-01,444,Building Material & Garden Equipment,48894.0,True,CENSUS_MRTS,2025-10-25 23:04:12.293595
2015-02-01,444,Building Material & Garden Equipment,1.5,True,CENSUS_MRTS,2025-10-25 23:04:12.293595
2015-08-01,444,Building Material & Garden Equipment,1.3,True,CENSUS_MRTS,2025-10-25 23:04:12.293595
2015-04-01,444,Building Material & Garden Equipment,0.7,False,CENSUS_MRTS,2025-10-25 23:04:12.293595
2015-10-01,444,Building Material & Garden Equipment,0.3,False,CENSUS_MRTS,2025-10-25 23:04:12.293595
2015-04-01,444,Building Material & Garden Equipment,1.0,True,CENSUS_MRTS,2025-10-25 23:04:12.293595
2015-10-01,444,Building Material & Garden Equipment,0.5,True,CENSUS_MRTS,2025-10-25 23:04:12.293595
2015-03-01,444,Building Material & Garden Equipment,0.9,True,CENSUS_MRTS,2025-10-25 23:04:12.293595
2015-09-01,444,Building Material & Garden Equipment,0.3,True,CENSUS_MRTS,2025-10-25 23:04:12.293595
2015-03-01,444,Building Material & Garden Equipment,25741.0,False,CENSUS_MRTS,2025-10-25 23:04:12.293595
2015-01-01,444,Building Material & Garden Equipment,45875.0,False,CENSUS_MRTS,2025-10-25 23:04:12.293595
2015-02-01,444,Building Material & Garden Equipment,48552.0,False,CENSUS_MRTS,2025-10-25 23:04:12.293595
2015-03-01,444,Building Material & Garden Equipment,50507.0,False,CENSUS_MRTS,2025-10-25 23:04:12.293595
2015-04-01,444,Building Material & Garden Equipment,51375.0,False,CENSUS_MRTS,2025-10-25 23:04:12.293595
2015-05-01,444,Building Material & Garden Equipment,50021.0,False,CENSUS_MRTS,2025-10-25 23:04:12.293595
2015-06-01,444,Building Material & Garden Equipment,48909.0,False,CENSUS_MRTS,2025-10-25 23:04:12.293595
2015-07-01,444,Building Material & Garden Equipment,47620.0,False,CENSUS_MRTS,2025-10-25 23:04:12.293595
2015-08-01,444,Building Material & Garden Equipment,47965.0,False,CENSUS_MRTS,2025-10-25 23:04:12.293595
2015-09-01,444,Building Material & Garden Equipment,48550.0,False,CENSUS_MRTS,2025-10-25 23:04:12.293595
2015-11-01,444,Building Material & Garden Equipment,47864.0,False,CENSUS_MRTS,2025-10-25 23:04:12.293595
2015-12-01,444,Building Material & Garden Equipment,46638.0,False,CENSUS_MRTS,2025-10-25 23:04:12.293595
2015-01-01,444,Building Material & Garden Equipment,1.5,False,CENSUS_MRTS,2025-10-25 23:04:12.293595
2015-02-01,444,Building Material & Garden Equipment,1.5,False,CENSUS_MRTS,2025-10-25 23:04:12.293595
2015-03-01,444,Building Material & Garden Equipment,1.5,False,CENSUS_MRTS,2025-10-25 23:04:12.293595
2015-05-01,444,Building Material & Garden Equipment,1.4,False,CENSUS_MRTS,2025-10-25 23:04:12.293595
2015-06-01,444,Building Material & Garden Equipment,1.3,False,CENSUS_MRTS,2025-10-25 23:04:12.293595
2015-07-01,444,Building Material & Garden Equipment,1.3,False,CENSUS_MRTS,2025-10-25 23:04:12.293595
2015-08-01,444,Building Material & Garden Equipment,1.3,False,CENSUS_MRTS,2025-10-25 23:04:12.293595
2015-10-01,444,Building Material & Garden Equipment,1.3,False,CENSUS_MRTS,2025-10-25 23:04:12.293595
2015-11-01,444,Building Material & Garden Equipment,1.2,False,CENSUS_MRTS,2025-10-25 23:04:12.293595
2015-12-01,444,Building Material & Garden Equipment,1.2,False,CENSUS_MRTS,2025-10-25 23:04:12.293595
2015-01-01,444,Building Material & Garden Equipment,47294.0,True,CENSUS_MRTS,2025-10-25 23:04:12.293595
2015-02-01,444,Building Material & Garden Equipment,47834.0,True,CENSUS_MRTS,2025-10-25 23:04:12.293595
2015-04-01,444,Building Material & Garden Equipment,48239.0,True,CENSUS_MRTS,2025-10-25 23:04:12.293595
2015-05-01,444,Building Material & Garden Equipment,48236.0,True,CENSUS_MRTS,2025-10-25 23:04:12.293595
2015-06-01,444,Building Material & Garden Equipment,48763.0,True,CENSUS_MRTS,2025-10-25 23:04:12.293595
2015-07-01,444,Building Material & Garden Equipment,48641.0,True,CENSUS_MRTS,2025-10-25 23:04:12.293595
2015-09-01,444,Building Material & Garden Equipment,49040.0,True,CENSUS_MRTS,2025-10-25 23:04:12.293595
2015-10-01,444,Building Material & Garden Equipment,49365.0,True,CENSUS_MRTS,2025-10-25 23:04:12.293595
2015-11-01,444,Building Material & Garden Equipment,49446.0,True,CENSUS_MRTS,2025-10-25 23:04:12.293595
2015-12-01,444,Building Material & Garden Equipment,49196.0,True,CENSUS_MRTS,2025-10-25 23:04:12.293595
2015-01-01,444,Building Material & Garden Equipment,1.5,True,CENSUS_MRTS,2025-10-25 23:04:12.293595
2015-03-01,444,Building Material & Garden Equipment,1.5,True,CENSUS_MRTS,2025-10-25 23:04:12.293595
2015-04-01,444,Building Material & Garden Equipment,1.4,True,CENSUS_MRTS,2025-10-25 23:04:12.293595
2015-05-01,444,Building Material & Garden Equipment,1.4,True,CENSUS_MRTS,2025-10-25 23:04:12.293595
2015-06-01,444,Building Material & Garden Equipment,1.3,True,CENSUS_MRTS,2025-10-25 23:04:12.293595
2015-07-01,444,Building Material & Garden Equipment,1.3,True,CENSUS_MRTS,2025-10-25 23:04:12.293595
2015-09-01,444,Building Material & Garden Equipment,1.3,True,CENSUS_MRTS,2025-10-25 23:04:12.293595
2015-10-01,444,Building Material & Garden Equipment,1.3,True,CENSUS_MRTS,2025-10-25 23:04:12.293595
2015-11-01,444,Building Material & Garden Equipment,1.2,True,CENSUS_MRTS,2025-10-25 23:04:12.293595
2015-12-01,444,Building Material & Garden Equipment,1.2,True,CENSUS_MRTS,2025-10-25 23:04:12.293595
2015-01-01,444,Building Material & Garden Equipment,2.23,False,CENSUS_MRTS,2025-10-25 23:04:12.293595
2015-02-01,444,Building Material & Garden Equipment,2.51,False,CENSUS_MRTS,2025-10-25 23:04:12.293595
2015-03-01,444,Building Material & Garden Equipment,1.96,False,CENSUS_MRTS,2025-10-25 23:04:12.293595
2015-04-01,444,Building Material & Garden Equipment,1.68,False,CENSUS_MRTS,2025-10-25 23:04:12.293595
2015-05-01,444,Building Material & Garden Equipment,1.55,False,CENSUS_MRTS,2025-10-25 23:04:12.293595
2015-06-01,444,Building Material & Garden Equipment,1.6,False,CENSUS_MRTS,2025-10-25 23:04:12.293595
2015-07-01,444,Building Material & Garden Equipment,1.61,False,CENSUS_MRTS,2025-10-25 23:04:12.293595
2015-08-01,444,Building Material & Garden Equipment,1.78,False,CENSUS_MRTS,2025-10-25 23:04:12.293595
2015-09-01,444,Building Material & Garden Equipment,1.82,False,CENSUS_MRTS,2025-10-25 23:04:12.293595
2015-10-01,444,Building Material & Garden Equipment,1.78,False,CENSUS_MRTS,2025-10-25 23:04:12.293595
2015-11-01,444,Building Material & Garden Equipment,1.85,False,CENSUS_MRTS,2025-10-25 23:04:12.293595
2015-12-01,444,Building Material & Garden Equipment,1.79,False,CENSUS_MRTS,2025-10-25 23:04:12.293595
2015-01-01,444,Building Material & Garden Equipment,0.03,False,CENSUS_MRTS,2025-10-25 23:04:12.293595
2015-02-01,444,Building Material & Garden Equipment,0.04,False,CENSUS_MRTS,2025-10-25 23:04:12.293595
2015-03-01,444,Building Material & Garden Equipment,0.02,False,CENSUS_MRTS,2025-10-25 23:04:12.293595
2015-04-01,444,Building Material & Garden Equipment,0.02,False,CENSUS_MRTS,2025-10-25 23:04:12.293595
2015-05-01,444,Building Material & Garden Equipment,0.02,False,CENSUS_MRTS,2025-10-25 23:04:12.293595
2015-06-01,444,Building Material & Garden Equipment,0.02,False,CENSUS_MRTS,2025-10-25 23:04:12.293595
2015-07-01,444,Building Material & Garden Equipment,0.02,False,CENSUS_MRTS,2025-10-25 23:04:12.293595
2015-08-01,444,Building Material & Garden Equipment,0.03,False,CENSUS_MRTS,2025-10-25 23:04:12.293595
2015-09-01,444,Building Material & Garden Equipment,0.03,False,CENSUS_MRTS,2025-10-25 23:04:12.293595
2015-10-01,444,Building Material & Garden Equipment,0.03,False,CENSUS_MRTS,2025-10-25 23:04:12.293595
2015-11-01,444,Building Material & Garden Equipment,0.03,False,CENSUS_MRTS,2025-10-25 23:04:12.293595
2015-12-01,444,Building Material & Garden Equipment,0.02,False,CENSUS_MRTS,2025-10-25 23:04:12.293595
2015-01-01,444,Building Material & Garden Equipment,1.8,True,CENSUS_MRTS,2025-10-25 23:04:12.293595
2015-02-01,444,Building Material & Garden Equipment,1.89,True,CENSUS_MRTS,2025-10-25 23:04:12.293595
2015-03-01,444,Building Material & Garden Equipment,1.82,True,CENSUS_MRTS,2025-10-25 23:04:12.293595
2015-04-01,444,Building Material & Garden Equipment,1.82,True,CENSUS_MRTS,2025-10-25 23:04:12.293595
2015-05-01,444,Building Material & Garden Equipment,1.81,True,CENSUS_MRTS,2025-10-25 23:04:12.293595
2015-06-01,444,Building Material & Garden Equipment,1.85,True,CENSUS_MRTS,2025-10-25 23:04:12.293595
2015-07-01,444,Building Material & Garden Equipment,1.79,True,CENSUS_MRTS,2025-10-25 23:04:12.293595
2015-08-01,444,Building Material & Garden Equipment,1.8,True,CENSUS_MRTS,2025-10-25 23:04:12.293595
2015-09-01,444,Building Material & Garden Equipment,1.81,True,CENSUS_MRTS,2025-10-25 23:04:12.293595
2015-10-01,444,Building Material & Garden Equipment,1.82,True,CENSUS_MRTS,2025-10-25 23:04:12.293595
2015-11-01,444,Building Material & Garden Equipment,1.8,True,CENSUS_MRTS,2025-10-25 23:04:12.293595
2015-12-01,444,Building Material & Garden Equipment,1.76,True,CENSUS_MRTS,2025-10-25 23:04:12.293595
2015-01-01,444,Building Material & Garden Equipment,0.03,True,CENSUS_MRTS,2025-10-25 23:04:12.293595
2015-02-01,444,Building Material & Garden Equipment,0.04,True,CENSUS_MRTS,2025-10-25 23:04:12.293595
2015-03-01,444,Building Material & Garden Equipment,0.02,True,CENSUS_MRTS,2025-10-25 23:04:12.293595
2015-04-01,444,Building Material & Garden Equipment,0.02,True,CENSUS_MRTS,2025-10-25 23:04:12.293595
2015-05-01,444,Building Material & Garden Equipment,0.02,True,CENSUS_MRTS,2025-10-25 23:04:12.293595
2015-06-01,444,Building Material & Garden Equipment,0.02,True,CENSUS_MRTS,2025-10-25 23:04:12.293595
2015-07-01,444,Building Material & Garden Equipment,0.02,True,CENSUS_MRTS,2025-10-25 23:04:12.293595
2015-08-01,444,Building Material & Garden Equipment,0.03,True,CENSUS_MRTS,2025-10-25 23:04:12.293595
2015-09-01,444,Building Material & Garden Equipment,0.03,True,CENSUS_MRTS,2025-10-25 23:04:12.293595
2015-10-01,444,Building Material & Garden Equipment,0.03,True,CENSUS_MRTS,2025-10-25 23:04:12.293595
2015-11-01,444,Building Material & Garden Equipment,0.03,True,CENSUS_MRTS,2025-10-25 23:04:12.293595
2015-12-01,444,Building Material & Garden Equipment,0.02,True,CENSUS_MRTS,2025-10-25 23:04:12.293595
2015-01-01,444,Building Material & Garden Equipment,1.5,False,CENSUS_MRTS,2025-10-25 23:04:12.293595
2015-02-01,444,Building Material & Garden Equipment,5.8,False,CENSUS_MRTS,2025-10-25 23:04:12.293595
2015-03-01,444,Building Material & Garden Equipment,4.0,False,CENSUS_MRTS,2025-10-25 23:04:12.293595
2015-04-01,444,Building Material & Garden Equipment,1.7,False,CENSUS_MRTS,2025-10-25 23:04:12.293595
2015-05-01,444,Building Material & Garden Equipment,-2.6,False,CENSUS_MRTS,2025-10-25 23:04:12.293595
2015-06-01,444,Building Material & Garden Equipment,-2.2,False,CENSUS_MRTS,2025-10-25 23:04:12.293595
2015-07-01,444,Building Material & Garden Equipment,-2.6,False,CENSUS_MRTS,2025-10-25 23:04:12.293595
2015-08-01,444,Building Material & Garden Equipment,0.7,False,CENSUS_MRTS,2025-10-25 23:04:12.293595
2015-09-01,444,Building Material & Garden Equipment,1.2,False,CENSUS_MRTS,2025-10-25 23:04:12.293595
2015-10-01,444,Building Material & Garden Equipment,0.8,False,CENSUS_MRTS,2025-10-25 23:04:12.293595
2015-11-01,444,Building Material & Garden Equipment,-2.2,False,CENSUS_MRTS,2025-10-25 23:04:12.293595
2015-12-01,444,Building Material & Garden Equipment,-2.6,False,CENSUS_MRTS,2025-10-25 23:04:12.293595
2015-01-01,444,Building Material & Garden Equipment,0.2,False,CENSUS_MRTS,2025-10-25 23:04:12.293595
2015-02-01,444,Building Material & Garden Equipment,0.2,False,CENSUS_MRTS,2025-10-25 23:04:12.293595
2015-03-01,444,Building Material & Garden Equipment,0.4,False,CENSUS_MRTS,2025-10-25 23:04:12.293595
2015-04-01,444,Building Material & Garden Equipment,0.3,False,CENSUS_MRTS,2025-10-25 23:04:12.293595
2015-05-01,444,Building Material & Garden Equipment,0.3,False,CENSUS_MRTS,2025-10-25 23:04:12.293595
2015-06-01,444,Building Material & Garden Equipment,0.3,False,CENSUS_MRTS,2025-10-25 23:04:12.293595
2015-07-01,444,Building Material & Garden Equipment,0.2,False,CENSUS_MRTS,2025-10-25 23:04:12.293595
2015-08-01,444,Building Material & Garden Equipment,0.1,False,CENSUS_MRTS,2025-10-25 23:04:12.293595
2015-09-01,444,Building Material & Garden Equipment,0.2,False,CENSUS_MRTS,2025-10-25 23:04:12.293595
2015-10-01,444,Building Material & Garden Equipment,0.2,False,CENSUS_MRTS,2025-10-25 23:04:12.293595
2015-11-01,444,Building Material & Garden Equipment,0.3,False,CENSUS_MRTS,2025-10-25 23:04:12.293595
2015-12-01,444,Building Material & Garden Equipment,0.3,False,CENSUS_MRTS,2025-10-25 23:04:12.293595
2015-01-01,444,Building Material & Garden Equipment,-0.9,True,CENSUS_MRTS,2025-10-25 23:04:12.293595
2015-02-01,444,Building Material & Garden Equipment,1.1,True,CENSUS_MRTS,2025-10-25 23:04:12.293595
2015-03-01,444,Building Material & Garden Equipment,-0.1,True,CENSUS_MRTS,2025-10-25 23:04:12.293595
2015-04-01,444,Building Material & Garden Equipment,1.0,True,CENSUS_MRTS,2025-10-25 23:04:12.293595
2015-05-01,444,Building Material & Garden Equipment,0.0,True,CENSUS_MRTS,2025-10-25 23:04:12.293595
2015-06-01,444,Building Material & Garden Equipment,1.1,True,CENSUS_MRTS,2025-10-25 23:04:12.293595
2015-07-01,444,Building Material & Garden Equipment,-0.3,True,CENSUS_MRTS,2025-10-25 23:04:12.293595
2015-08-01,444,Building Material & Garden Equipment,0.5,True,CENSUS_MRTS,2025-10-25 23:04:12.293595
2015-09-01,444,Building Material & Garden Equipment,0.3,True,CENSUS_MRTS,2025-10-25 23:04:12.293595
2015-10-01,444,Building Material & Garden Equipment,0.7,True,CENSUS_MRTS,2025-10-25 23:04:12.293595
2015-11-01,444,Building Material & Garden Equipment,0.2,True,CENSUS_MRTS,2025-10-25 23:04:12.293595
2015-12-01,444,Building Material & Garden Equipment,-0.5,True,CENSUS_MRTS,2025-10-25 23:04:12.293595
2015-01-01,444,Building Material & Garden Equipment,0.2,True,CENSUS_MRTS,2025-10-25 23:04:12.293595
2015-02-01,444,Building Material & Garden Equipment,0.2,True,CENSUS_MRTS,2025-10-25 23:04:12.293595
2015-03-01,444,Building Material & Garden Equipment,0.4,True,CENSUS_MRTS,2025-10-25 23:04:12.293595
2015-04-01,444,Building Material & Garden Equipment,0.3,True,CENSUS_MRTS,2025-10-25 23:04:12.293595
2015-05-01,444,Building Material & Garden Equipment,0.3,True,CENSUS_MRTS,2025-10-25 23:04:12.293595
2015-06-01,444,Building Material & Garden Equipment,0.3,True,CENSUS_MRTS,2025-10-25 23:04:12.293595
2015-07-01,444,Building Material & Garden Equipment,0.2,True,CENSUS_MRTS,2025-10-25 23:04:12.293595
2015-08-01,444,Building Material & Garden Equipment,0.1,True,CENSUS_MRTS,2025-10-25 23:04:12.293595
2015-09-01,444,Building Material & Garden Equipment,0.2,True,CENSUS_MRTS,2025-10-25 23:04:12.293595
2015-10-01,444,Building Material & Garden Equipment,0.2,True,CENSUS_MRTS,2025-10-25 23:04:12.293595
2015-11-01,444,Building Material & Garden Equipment,0.3,True,CENSUS_MRTS,2025-10-25 23:04:12.293595
2015-12-01,444,Building Material & Garden Equipment,0.3,True,CENSUS_MRTS,2025-10-25 23:04:12.293595
2015-01-01,444,Building Material & Garden Equipment,-13.8,False,CENSUS_MRTS,2025-10-25 23:04:12.293595
2015-02-01,444,Building Material & Garden Equipment,-6.0,False,CENSUS_MRTS,2025-10-25 23:04:12.293595
2015-03-01,444,Building Material & Garden Equipment,33.1,False,CENSUS_MRTS,2025-10-25 23:04:12.293595
2015-04-01,444,Building Material & Garden Equipment,18.6,False,CENSUS_MRTS,2025-10-25 23:04:12.293595
2015-05-01,444,Building Material & Garden Equipment,5.6,False,CENSUS_MRTS,2025-10-25 23:04:12.293595
2015-06-01,444,Building Material & Garden Equipment,-4.9,False,CENSUS_MRTS,2025-10-25 23:04:12.293595
2015-07-01,444,Building Material & Garden Equipment,-3.2,False,CENSUS_MRTS,2025-10-25 23:04:12.293595
2015-08-01,444,Building Material & Garden Equipment,-9.2,False,CENSUS_MRTS,2025-10-25 23:04:12.293595
2015-09-01,444,Building Material & Garden Equipment,-0.9,False,CENSUS_MRTS,2025-10-25 23:04:12.293595
2015-10-01,444,Building Material & Garden Equipment,2.9,False,CENSUS_MRTS,2025-10-25 23:04:12.293595
2015-11-01,444,Building Material & Garden Equipment,-5.7,False,CENSUS_MRTS,2025-10-25 23:04:12.293595
2015-12-01,444,Building Material & Garden Equipment,0.6,False,CENSUS_MRTS,2025-10-25 23:04:12.293595
2015-01-01,444,Building Material & Garden Equipment,0.7,False,CENSUS_MRTS,2025-10-25 23:04:12.293595
2015-02-01,444,Building Material & Garden Equipment,0.6,False,CENSUS_MRTS,2025-10-25 23:04:12.293595
2015-03-01,444,Building Material & Garden Equipment,0.9,False,CENSUS_MRTS,2025-10-25 23:04:12.293595
2015-05-01,444,Building Material & Garden Equipment,0.6,False,CENSUS_MRTS,2025-10-25 23:04:12.293595
2015-06-01,444,Building Material & Garden Equipment,0.7,False,CENSUS_MRTS,2025-10-25 23:04:12.293595
2015-07-01,444,Building Material & Garden Equipment,0.4,False,CENSUS_MRTS,2025-10-25 23:04:12.293595
2015-08-01,444,Building Material & Garden Equipment,0.3,False,CENSUS_MRTS,2025-10-25 23:04:12.293595
2015-09-01,444,Building Material & Garden Equipment,0.3,False,CENSUS_MRTS,2025-10-25 23:04:12.293595
2015-11-01,444,Building Material & Garden Equipment,0.4,False,CENSUS_MRTS,2025-10-25 23:04:12.293595
2015-12-01,444,Building Material & Garden Equipment,0.7,False,CENSUS_MRTS,2025-10-25 23:04:12.293595
2015-01-01,444,Building Material & Garden Equipment,0.8,True,CENSUS_MRTS,2025-10-25 23:04:12.293595
2015-02-01,444,Building Material & Garden Equipment,-3.6,True,CENSUS_MRTS,2025-10-25 23:04:12.293595
2015-03-01,444,Building Material & Garden Equipment,3.7,True,CENSUS_MRTS,2025-10-25 23:04:12.293595
2015-05-01,444,Building Material & Garden Equipment,0.2,True,CENSUS_MRTS,2025-10-25 23:04:12.293595
2015-06-01,444,Building Material & Garden Equipment,-1.1,True,CENSUS_MRTS,2025-10-25 23:04:12.293595
2015-07-01,444,Building Material & Garden Equipment,3.4,True,CENSUS_MRTS,2025-10-25 23:04:12.293595
2015-08-01,444,Building Material & Garden Equipment,0.0,True,CENSUS_MRTS,2025-10-25 23:04:12.293595
2015-09-01,444,Building Material & Garden Equipment,-0.7,True,CENSUS_MRTS,2025-10-25 23:04:12.293595
2015-11-01,444,Building Material & Garden Equipment,1.0,True,CENSUS_MRTS,2025-10-25 23:04:12.293595
2015-12-01,444,Building Material & Garden Equipment,2.0,True,CENSUS_MRTS,2025-10-25 23:04:12.293595
2015-01-01,444,Building Material & Garden Equipment,0.7,True,CENSUS_MRTS,2025-10-25 23:04:12.293595
2015-02-01,444,Building Material & Garden Equipment,0.6,True,CENSUS_MRTS,2025-10-25 23:04:12.293595
2015-04-01,444,Building Material & Garden Equipment,0.7,True,CENSUS_MRTS,2025-10-25 23:04:12.293595
2015-05-01,444,Building Material & Garden Equipment,0.6,True,CENSUS_MRTS,2025-10-25 23:04:12.293595
2015-06-01,444,Building Material & Garden Equipment,0.7,True,CENSUS_MRTS,2025-10-25 23:04:12.293595
2015-07-01,444,Building Material & Garden Equipment,0.4,True,CENSUS_MRTS,2025-10-25 23:04:12.293595
2015-08-01,444,Building Material & Garden Equipment,0.3,True,CENSUS_MRTS,2025-10-25 23:04:12.293595
2015-10-01,444,Building Material & Garden Equipment,0.3,True,CENSUS_MRTS,2025-10-25 23:04:12.293595
2015-11-01,444,Building Material & Garden Equipment,0.4,True,CENSUS_MRTS,2025-10-25 23:04:12.293595
2015-12-01,444,Building Material & Garden Equipment,0.7,True,CENSUS_MRTS,2025-10-25 23:04:12.293595
2015-01-01,444,Building Material & Garden Equipment,20571.0,False,CENSUS_MRTS,2025-10-25 23:04:12.293595
2015-02-01,444,Building Material & Garden Equipment,19341.0,False,CENSUS_MRTS,2025-10-25 23:04:12.293595
2015-04-01,444,Building Material & Garden Equipment,30525.0,False,CENSUS_MRTS,2025-10-25 23:04:12.293595
2015-05-01,444,Building Material & Garden Equipment,32231.0,False,CENSUS_MRTS,2025-10-25 23:04:12.293595
2015-06-01,444,Building Material & Garden Equipment,30642.0,False,CENSUS_MRTS,2025-10-25 23:04:12.293595
2015-07-01,444,Building Material & Garden Equipment,29655.0,False,CENSUS_MRTS,2025-10-25 23:04:12.293595
2020-01-01,444,Building Material & Garden Equipment,54975.0,False,CENSUS_MRTS,2025-10-25 23:04:12.293595
2020-02-01,444,Building Material & Garden Equipment,57866.0,False,CENSUS_MRTS,2025-10-25 23:04:12.293595
2020-04-01,444,Building Material & Garden Equipment,58371.0,False,CENSUS_MRTS,2025-10-25 23:04:12.293595
2020-05-01,444,Building Material & Garden Equipment,55739.0,False,CENSUS_MRTS,2025-10-25 23:04:12.293595
2020-06-01,444,Building Material & Garden Equipment,54533.0,False,CENSUS_MRTS,2025-10-25 23:04:12.293595
2022-05-01,444,Building Material & Garden Equipment,0.7,False,CENSUS_MRTS,2025-10-25 23:04:12.293595
2022-06-01,444,Building Material & Garden Equipment,0.3,False,CENSUS_MRTS,2025-10-25 23:04:12.293595
2022-07-01,444,Building Material & Garden Equipment,0.4,False,CENSUS_MRTS,2025-10-25 23:04:12.293595
2022-08-01,444,Building Material & Garden Equipment,0.4,False,CENSUS_MRTS,2025-10-25 23:04:12.293595
2022-09-01,444,Building Material & Garden Equipment,0.3,False,CENSUS_MRTS,2025-10-25 23:04:12.293595
2022-10-01,444,Building Material & Garden Equipment,0.3,False,CENSUS_MRTS,2025-10-25 23:04:12.293595
2022-11-01,444,Building Material & Garden Equipment,0.3,False,CENSUS_MRTS,2025-10-25 23:04:12.293595
2022-12-01,444,Building Material & Garden Equipment,0.4,False,CENSUS_MRTS,2025-10-25 23:04:12.293595
2022-01-01,444,Building Material & Garden Equipment,3.1,True,CENSUS_MRTS,2025-10-25 23:04:12.293595
2022-02-01,444,Building Material & Garden Equipment,-0.9,True,CENSUS_MRTS,2025-10-25 23:04:12.293595
2022-03-01,444,Building Material & Garden Equipment,2.1,True,CENSUS_MRTS,2025-10-25 23:04:12.293595
2022-04-01,444,Building Material & Garden Equipment,0.1,True,CENSUS_MRTS,2025-10-25 23:04:12.293595
2022-05-01,444,Building Material & Garden Equipment,-0.9,True,CENSUS_MRTS,2025-10-25 23:04:12.293595
2022-06-01,444,Building Material & Garden Equipment,-0.2,True,CENSUS_MRTS,2025-10-25 23:04:12.293595
2022-07-01,444,Building Material & Garden Equipment,0.0,True,CENSUS_MRTS,2025-10-25 23:04:12.293595
2022-08-01,444,Building Material & Garden Equipment,1.0,True,CENSUS_MRTS,2025-10-25 23:04:12.293595
2022-09-01,444,Building Material & Garden Equipment,-0.7,True,CENSUS_MRTS,2025-10-25 23:04:12.293595
2022-10-01,444,Building Material & Garden Equipment,0.5,True,CENSUS_MRTS,2025-10-25 23:04:12.293595
2022-11-01,444,Building Material & Garden Equipment,-3.0,True,CENSUS_MRTS,2025-10-25 23:04:12.293595
2022-12-01,444,Building Material & Garden Equipment,0.9,True,CENSUS_MRTS,2025-10-25 23:04:12.293595
2022-01-01,444,Building Material & Garden Equipment,0.4,True,CENSUS_MRTS,2025-10-25 23:04:12.293595
2022-02-01,444,Building Material & Garden Equipment,0.4,True,CENSUS_MRTS,2025-10-25 23:04:12.293595
2022-03-01,444,Building Material & Garden Equipment,0.5,True,CENSUS_MRTS,2025-10-25 23:04:12.293595
2022-04-01,444,Building Material & Garden Equipment,0.4,True,CENSUS_MRTS,2025-10-25 23:04:12.293595
2022-05-01,444,Building Material & Garden Equipment,0.7,True,CENSUS_MRTS,2025-10-25 23:04:12.293595
2022-06-01,444,Building Material & Garden Equipment,0.3,True,CENSUS_MRTS,2025-10-25 23:04:12.293595
2022-07-01,444,Building Material & Garden Equipment,0.4,True,CENSUS_MRTS,2025-10-25 23:04:12.293595
2022-08-01,444,Building Material & Garden Equipment,0.4,True,CENSUS_MRTS,2025-10-25 23:04:12.293595
2022-09-01,444,Building Material & Garden Equipment,0.3,True,CENSUS_MRTS,2025-10-25 23:04:12.293595
2022-10-01,444,Building Material & Garden Equipment,0.3,True,CENSUS_MRTS,2025-10-25 23:04:12.293595
2022-11-01,444,Building Material & Garden Equipment,0.3,True,CENSUS_MRTS,2025-10-25 23:04:12.293595
2022-12-01,444,Building Material & Garden Equipment,0.4,True,CENSUS_MRTS,2025-10-25 23:04:12.293595
2022-01-01,444,Building Material & Garden Equipment,33739.0,False,CENSUS_MRTS,2025-10-25 23:04:12.293595
2022-02-01,444,Building Material & Garden Equipment,33462.0,False,CENSUS_MRTS,2025-10-25 23:04:12.293595
2022-03-01,444,Building Material & Garden Equipment,44366.0,False,CENSUS_MRTS,2025-10-25 23:04:12.293595
2022-04-01,444,Building Material & Garden Equipment,46049.0,False,CENSUS_MRTS,2025-10-25 23:04:12.293595
2022-05-01,444,Building Material & Garden Equipment,49997.0,False,CENSUS_MRTS,2025-10-25 23:04:12.293595
2022-06-01,444,Building Material & Garden Equipment,48014.0,False,CENSUS_MRTS,2025-10-25 23:04:12.293595
2022-07-01,444,Building Material & Garden Equipment,43314.0,False,CENSUS_MRTS,2025-10-25 23:04:12.293595
2022-08-01,444,Building Material & Garden Equipment,45032.0,False,CENSUS_MRTS,2025-10-25 23:04:12.293595
2022-09-01,444,Building Material & Garden Equipment,42475.0,False,CENSUS_MRTS,2025-10-25 23:04:12.293595
2022-10-01,444,Building Material & Garden Equipment,42886.0,False,CENSUS_MRTS,2025-10-25 23:04:12.293595
2022-11-01,444,Building Material & Garden Equipment,40393.0,False,CENSUS_MRTS,2025-10-25 23:04:12.293595
2022-12-01,444,Building Material & Garden Equipment,38663.0,False,CENSUS_MRTS,2025-10-25 23:04:12.293595
2022-01-01,444,Building Material & Garden Equipment,2.3,False,CENSUS_MRTS,2025-10-25 23:04:12.293595
2022-02-01,444,Building Material & Garden Equipment,2.2,False,CENSUS_MRTS,2025-10-25 23:04:12.293595
2022-03-01,444,Building Material & Garden Equipment,2.5,False,CENSUS_MRTS,2025-10-25 23:04:12.293595
2022-04-01,444,Building Material & Garden Equipment,2.4,False,CENSUS_MRTS,2025-10-25 23:04:12.293595
2022-05-01,444,Building Material & Garden Equipment,2.4,False,CENSUS_MRTS,2025-10-25 23:04:12.293595
2022-06-01,444,Building Material & Garden Equipment,2.3,False,CENSUS_MRTS,2025-10-25 23:04:12.293595
2022-07-01,444,Building Material & Garden Equipment,2.5,False,CENSUS_MRTS,2025-10-25 23:04:12.293595
2022-08-01,444,Building Material & Garden Equipment,2.6,False,CENSUS_MRTS,2025-10-25 23:04:12.293595
2022-09-01,444,Building Material & Garden Equipment,2.5,False,CENSUS_MRTS,2025-10-25 23:04:12.293595
2022-10-01,444,Building Material & Garden Equipment,2.5,False,CENSUS_MRTS,2025-10-25 23:04:12.293595
2022-11-01,444,Building Material & Garden Equipment,2.3,False,CENSUS_MRTS,2025-10-25 23:04:12.293595
2022-12-01,444,Building Material & Garden Equipment,2.3,False,CENSUS_MRTS,2025-10-25 23:04:12.293595
2022-01-01,444,Building Material & Garden Equipment,42350.0,True,CENSUS_MRTS,2025-10-25 23:04:12.293595
2022-02-01,444,Building Material & Garden Equipment,41952.0,True,CENSUS_MRTS,2025-10-25 23:04:12.293595
2022-03-01,444,Building Material & Garden Equipment,42837.0,True,CENSUS_MRTS,2025-10-25 23:04:12.293595
2022-04-01,444,Building Material & Garden Equipment,42862.0,True,CENSUS_MRTS,2025-10-25 23:04:12.293595
2022-05-01,444,Building Material & Garden Equipment,42483.0,True,CENSUS_MRTS,2025-10-25 23:04:12.293595
2022-06-01,444,Building Material & Garden Equipment,42396.0,True,CENSUS_MRTS,2025-10-25 23:04:12.293595
2022-07-01,444,Building Material & Garden Equipment,42405.0,True,CENSUS_MRTS,2025-10-25 23:04:12.293595
2022-08-01,444,Building Material & Garden Equipment,42823.0,True,CENSUS_MRTS,2025-10-25 23:04:12.293595
2022-09-01,444,Building Material & Garden Equipment,42510.0,True,CENSUS_MRTS,2025-10-25 23:04:12.293595
2022-10-01,444,Building Material & Garden Equipment,42724.0,True,CENSUS_MRTS,2025-10-25 23:04:12.293595
2022-11-01,444,Building Material & Garden Equipment,41459.0,True,CENSUS_MRTS,2025-10-25 23:04:12.293595
2022-12-01,444,Building Material & Garden Equipment,41847.0,True,CENSUS_MRTS,2025-10-25 23:04:12.293595
2022-01-01,444,Building Material & Garden Equipment,2.3,True,CENSUS_MRTS,2025-10-25 23:04:12.293595
2022-02-01,444,Building Material & Garden Equipment,2.2,True,CENSUS_MRTS,2025-10-25 23:04:12.293595
2022-03-01,444,Building Material & Garden Equipment,2.5,True,CENSUS_MRTS,2025-10-25 23:04:12.293595
2022-04-01,444,Building Material & Garden Equipment,2.4,True,CENSUS_MRTS,2025-10-25 23:04:12.293595
2022-05-01,444,Building Material & Garden Equipment,2.4,True,CENSUS_MRTS,2025-10-25 23:04:12.293595
2022-06-01,444,Building Material & Garden Equipment,2.3,True,CENSUS_MRTS,2025-10-25 23:04:12.293595
2022-07-01,444,Building Material & Garden Equipment,2.5,True,CENSUS_MRTS,2025-10-25 23:04:12.293595
2022-08-01,444,Building Material & Garden Equipment,2.6,True,CENSUS_MRTS,2025-10-25 23:04:12.293595
2022-09-01,444,Building Material & Garden Equipment,2.5,True,CENSUS_MRTS,2025-10-25 23:04:12.293595
2022-10-01,444,Building Material & Garden Equipment,2.5,True,CENSUS_MRTS,2025-10-25 23:04:12.293595
2022-11-01,444,Building Material & Garden Equipment,2.3,True,CENSUS_MRTS,2025-10-25 23:04:12.293595
2022-12-01,444,Building Material & Garden Equipment,2.3,True,CENSUS_MRTS,2025-10-25 23:04:12.293595
2024-03-01,444,Building Material & Garden Equipment,81783.0,False,CENSUS_MRTS,2025-10-25 23:04:12.293595
2024-04-01,444,Building Material & Garden Equipment,81754.0,False,CENSUS_MRTS,2025-10-25 23:04:12.293595
2024-05-01,444,Building Material & Garden Equipment,80263.0,False,CENSUS_MRTS,2025-10-25 23:04:12.293595
2024-06-01,444,Building Material & Garden Equipment,78300.0,False,CENSUS_MRTS,2025-10-25 23:04:12.293595
2024-07-01,444,Building Material & Garden Equipment,77766.0,False,CENSUS_MRTS,2025-10-25 23:04:12.293595
2024-08-01,444,Building Material & Garden Equipment,77810.0,False,CENSUS_MRTS,2025-10-25 23:04:12.293595
2024-09-01,444,Building Material & Garden Equipment,78775.0,False,CENSUS_MRTS,2025-10-25 23:04:12.293595
2024-10-01,444,Building Material & Garden Equipment,79441.0,False,CENSUS_MRTS,2025-10-25 23:04:12.293595
2024-11-01,444,Building Material & Garden Equipment,79240.0,False,CENSUS_MRTS,2025-10-25 23:04:12.293595
2024-12-01,444,Building Material & Garden Equipment,79382.0,False,CENSUS_MRTS,2025-10-25 23:04:12.293595
2024-01-01,444,Building Material & Garden Equipment,1.8,False,CENSUS_MRTS,2025-10-25 23:04:12.293595
2024-02-01,444,Building Material & Garden Equipment,1.8,False,CENSUS_MRTS,2025-10-25 23:04:12.293595
2024-03-01,444,Building Material & Garden Equipment,1.8,False,CENSUS_MRTS,2025-10-25 23:04:12.293595
2024-04-01,444,Building Material & Garden Equipment,1.8,False,CENSUS_MRTS,2025-10-25 23:04:12.293595
2024-05-01,444,Building Material & Garden Equipment,1.8,False,CENSUS_MRTS,2025-10-25 23:04:12.293595
2024-06-01,444,Building Material & Garden Equipment,1.9,False,CENSUS_MRTS,2025-10-25 23:04:12.293595
2024-07-01,444,Building Material & Garden Equipment,2.1,False,CENSUS_MRTS,2025-10-25 23:04:12.293595
2024-08-01,444,Building Material & Garden Equipment,2.0,False,CENSUS_MRTS,2025-10-25 23:04:12.293595
2024-09-01,444,Building Material & Garden Equipment,2.0,False,CENSUS_MRTS,2025-10-25 23:04:12.293595
2024-10-01,444,Building Material & Garden Equipment,2.0,False,CENSUS_MRTS,2025-10-25 23:04:12.293595
2024-11-01,444,Building Material & Garden Equipment,2.1,False,CENSUS_MRTS,2025-10-25 23:04:12.293595
2024-12-01,444,Building Material & Garden Equipment,2.1,False,CENSUS_MRTS,2025-10-25 23:04:12.293595
2024-01-01,444,Building Material & Garden Equipment,77556.0,True,CENSUS_MRTS,2025-10-25 23:04:12.293595
2024-02-01,444,Building Material & Garden Equipment,77599.0,True,CENSUS_MRTS,2025-10-25 23:04:12.293595
2024-03-01,444,Building Material & Garden Equipment,77740.0,True,CENSUS_MRTS,2025-10-25 23:04:12.293595
2024-04-01,444,Building Material & Garden Equipment,77713.0,True,CENSUS_MRTS,2025-10-25 23:04:12.293595
2024-05-01,444,Building Material & Garden Equipment,78229.0,True,CENSUS_MRTS,2025-10-25 23:04:12.293595
2024-06-01,444,Building Material & Garden Equipment,78457.0,True,CENSUS_MRTS,2025-10-25 23:04:12.293595
2024-07-01,444,Building Material & Garden Equipment,79191.0,True,CENSUS_MRTS,2025-10-25 23:04:12.293595
2024-08-01,444,Building Material & Garden Equipment,79642.0,True,CENSUS_MRTS,2025-10-25 23:04:12.293595
2024-09-01,444,Building Material & Garden Equipment,80137.0,True,CENSUS_MRTS,2025-10-25 23:04:12.293595
2024-10-01,444,Building Material & Garden Equipment,80487.0,True,CENSUS_MRTS,2025-10-25 23:04:12.293595
2024-11-01,444,Building Material & Garden Equipment,81607.0,True,CENSUS_MRTS,2025-10-25 23:04:12.293595
2024-12-01,444,Building Material & Garden Equipment,82432.0,True,CENSUS_MRTS,2025-10-25 23:04:12.293595
2024-01-01,444,Building Material & Garden Equipment,1.8,True,CENSUS_MRTS,2025-10-25 23:04:12.293595
2024-02-01,444,Building Material & Garden Equipment,1.8,True,CENSUS_MRTS,2025-10-25 23:04:12.293595
2024-03-01,444,Building Material & Garden Equipment,1.8,True,CENSUS_MRTS,2025-10-25 23:04:12.293595
2024-04-01,444,Building Material & Garden Equipment,1.8,True,CENSUS_MRTS,2025-10-25 23:04:12.293595
2024-05-01,444,Building Material & Garden Equipment,1.8,True,CENSUS_MRTS,2025-10-25 23:04:12.293595
2024-06-01,444,Building Material & Garden Equipment,1.9,True,CENSUS_MRTS,2025-10-25 23:04:12.293595
2024-07-01,444,Building Material & Garden Equipment,2.1,True,CENSUS_MRTS,2025-10-25 23:04:12.293595
2024-08-01,444,Building Material & Garden Equipment,2.0,True,CENSUS_MRTS,2025-10-25 23:04:12.293595
2024-09-01,444,Building Material & Garden Equipment,2.0,True,CENSUS_MRTS,2025-10-25 23:04:12.293595
2024-10-01,444,Building Material & Garden Equipment,2.0,True,CENSUS_MRTS,2025-10-25 23:04:12.293595
2024-11-01,444,Building Material & Garden Equipment,2.1,True,CENSUS_MRTS,2025-10-25 23:04:12.293595
2024-12-01,444,Building Material & Garden Equipment,2.1,True,CENSUS_MRTS,2025-10-25 23:04:12.293595
2024-01-01,444,Building Material & Garden Equipment,2.35,False,CENSUS_MRTS,2025-10-25 23:04:12.293595
2024-02-01,444,Building Material & Garden Equipment,2.36,False,CENSUS_MRTS,2025-10-25 23:04:12.293595
2024-03-01,444,Building Material & Garden Equipment,2.13,False,CENSUS_MRTS,2025-10-25 23:04:12.293595
2024-04-01,444,Building Material & Garden Equipment,1.84,False,CENSUS_MRTS,2025-10-25 23:04:12.293595
2024-05-01,444,Building Material & Garden Equipment,1.67,False,CENSUS_MRTS,2025-10-25 23:04:12.293595
2024-06-01,444,Building Material & Garden Equipment,1.81,False,CENSUS_MRTS,2025-10-25 23:04:12.293595
2024-07-01,444,Building Material & Garden Equipment,1.78,False,CENSUS_MRTS,2025-10-25 23:04:12.293595
2024-08-01,444,Building Material & Garden Equipment,1.83,False,CENSUS_MRTS,2025-10-25 23:04:12.293595
2024-09-01,444,Building Material & Garden Equipment,1.97,False,CENSUS_MRTS,2025-10-25 23:04:12.293595
2024-10-01,444,Building Material & Garden Equipment,1.78,False,CENSUS_MRTS,2025-10-25 23:04:12.293595
2024-11-01,444,Building Material & Garden Equipment,1.99,False,CENSUS_MRTS,2025-10-25 23:04:12.293595
2024-12-01,444,Building Material & Garden Equipment,2.15,False,CENSUS_MRTS,2025-10-25 23:04:12.293595
2024-01-01,444,Building Material & Garden Equipment,0.05,False,CENSUS_MRTS,2025-10-25 23:04:12.293595
2024-02-01,444,Building Material & Garden Equipment,0.06,False,CENSUS_MRTS,2025-10-25 23:04:12.293595
2024-03-01,444,Building Material & Garden Equipment,0.05,False,CENSUS_MRTS,2025-10-25 23:04:12.293595
2024-04-01,444,Building Material & Garden Equipment,0.04,False,CENSUS_MRTS,2025-10-25 23:04:12.293595
2024-05-01,444,Building Material & Garden Equipment,0.04,False,CENSUS_MRTS,2025-10-25 23:04:12.293595
2024-06-01,444,Building Material & Garden Equipment,0.04,False,CENSUS_MRTS,2025-10-25 23:04:12.293595
2024-07-01,444,Building Material & Garden Equipment,0.04,False,CENSUS_MRTS,2025-10-25 23:04:12.293595
2024-08-01,444,Building Material & Garden Equipment,0.05,False,CENSUS_MRTS,2025-10-25 23:04:12.293595
2024-09-01,444,Building Material & Garden Equipment,0.05,False,CENSUS_MRTS,2025-10-25 23:04:12.293595
2024-10-01,444,Building Material & Garden Equipment,0.04,False,CENSUS_MRTS,2025-10-25 23:04:12.293595
2024-11-01,444,Building Material & Garden Equipment,0.04,False,CENSUS_MRTS,2025-10-25 23:04:12.293595
2024-12-01,444,Building Material & Garden Equipment,0.05,False,CENSUS_MRTS,2025-10-25 23:04:12.293595
2024-01-01,444,Building Material & Garden Equipment,1.96,True,CENSUS_MRTS,2025-10-25 23:04:12.293595
2024-02-01,444,Building Material & Garden Equipment,1.93,True,CENSUS_MRTS,2025-10-25 23:04:12.293595
2024-03-01,444,Building Material & Garden Equipment,1.93,True,CENSUS_MRTS,2025-10-25 23:04:12.293595
2024-04-01,444,Building Material & Garden Equipment,1.95,True,CENSUS_MRTS,2025-10-25 23:04:12.293595
2024-05-01,444,Building Material & Garden Equipment,1.95,True,CENSUS_MRTS,2025-10-25 23:04:12.293595
2024-06-01,444,Building Material & Garden Equipment,1.94,True,CENSUS_MRTS,2025-10-25 23:04:12.293595
2024-07-01,444,Building Material & Garden Equipment,1.94,True,CENSUS_MRTS,2025-10-25 23:04:12.293595
2024-08-01,444,Building Material & Garden Equipment,1.95,True,CENSUS_MRTS,2025-10-25 23:04:12.293595
2024-09-01,444,Building Material & Garden Equipment,1.95,True,CENSUS_MRTS,2025-10-25 23:04:12.293595
2024-10-01,444,Building Material & Garden Equipment,1.94,True,CENSUS_MRTS,2025-10-25 23:04:12.293595
2024-11-01,444,Building Material & Garden Equipment,1.98,True,CENSUS_MRTS,2025-10-25 23:04:12.293595
2024-12-01,444,Building Material & Garden Equipment,2.03,True,CENSUS_MRTS,2025-10-25 23:04:12.293595
2024-01-01,444,Building Material & Garden Equipment,0.05,True,CENSUS_MRTS,2025-10-25 23:04:12.293595
2024-03-01,444,Building Material & Garden Equipment,0.05,True,CENSUS_MRTS,2025-10-25 23:04:12.293595
2024-04-01,444,Building Material & Garden Equipment,0.04,True,CENSUS_MRTS,2025-10-25 23:04:12.293595
2024-05-01,444,Building Material & Garden Equipment,0.04,True,CENSUS_MRTS,2025-10-25 23:04:12.293595
2024-06-01,444,Building Material & Garden Equipment,0.04,True,CENSUS_MRTS,2025-10-25 23:04:12.293595
2024-07-01,444,Building Material & Garden Equipment,0.04,True,CENSUS_MRTS,2025-10-25 23:04:12.293595
2024-09-01,444,Building Material & Garden Equipment,0.05,True,CENSUS_MRTS,2025-10-25 23:04:12.293595
2024-10-01,444,Building Material & Garden Equipment,0.04,True,CENSUS_MRTS,2025-10-25 23:04:12.293595
2024-11-01,444,Building Material & Garden Equipment,0.04,True,CENSUS_MRTS,2025-10-25 23:04:12.293595
2024-12-01,444,Building Material & Garden Equipment,0.05,True,CENSUS_MRTS,2025-10-25 23:04:12.293595
2024-01-01,444,Building Material & Garden Equipment,2.0,False,CENSUS_MRTS,2025-10-25 23:04:12.293595
2024-03-01,444,Building Material & Garden Equipment,3.2,False,CENSUS_MRTS,2025-10-25 23:04:12.293595
2024-04-01,444,Building Material & Garden Equipment,0.0,False,CENSUS_MRTS,2025-10-25 23:04:12.293595
2024-05-01,444,Building Material & Garden Equipment,-1.8,False,CENSUS_MRTS,2025-10-25 23:04:12.293595
2024-06-01,444,Building Material & Garden Equipment,-2.4,False,CENSUS_MRTS,2025-10-25 23:04:12.293595
2024-08-01,444,Building Material & Garden Equipment,0.1,False,CENSUS_MRTS,2025-10-25 23:04:12.293595
2024-09-01,444,Building Material & Garden Equipment,1.2,False,CENSUS_MRTS,2025-10-25 23:04:12.293595
2024-10-01,444,Building Material & Garden Equipment,0.8,False,CENSUS_MRTS,2025-10-25 23:04:12.293595
2024-11-01,444,Building Material & Garden Equipment,-0.3,False,CENSUS_MRTS,2025-10-25 23:04:12.293595
2024-12-01,444,Building Material & Garden Equipment,0.2,False,CENSUS_MRTS,2025-10-25 23:04:12.293595
2024-02-01,444,Building Material & Garden Equipment,0.3,False,CENSUS_MRTS,2025-10-25 23:04:12.293595
2024-03-01,444,Building Material & Garden Equipment,0.1,False,CENSUS_MRTS,2025-10-25 23:04:12.293595
2024-04-01,444,Building Material & Garden Equipment,0.1,False,CENSUS_MRTS,2025-10-25 23:04:12.293595
2024-05-01,444,Building Material & Garden Equipment,0.3,False,CENSUS_MRTS,2025-10-25 23:04:12.293595
2024-06-01,444,Building Material & Garden Equipment,0.4,False,CENSUS_MRTS,2025-10-25 23:04:12.293595
2024-08-01,444,Building Material & Garden Equipment,0.1,False,CENSUS_MRTS,2025-10-25 23:04:12.293595
2024-09-01,444,Building Material & Garden Equipment,0.2,False,CENSUS_MRTS,2025-10-25 23:04:12.293595
2024-10-01,444,Building Material & Garden Equipment,0.1,False,CENSUS_MRTS,2025-10-25 23:04:12.293595
2024-11-01,444,Building Material & Garden Equipment,0.2,False,CENSUS_MRTS,2025-10-25 23:04:12.293595
2024-12-01,444,Building Material & Garden Equipment,0.2,False,CENSUS_MRTS,2025-10-25 23:04:12.293595
2024-02-01,444,Building Material & Garden Equipment,0.1,True,CENSUS_MRTS,2025-10-25 23:04:12.293595
2024-03-01,444,Building Material & Garden Equipment,0.2,True,CENSUS_MRTS,2025-10-25 23:04:12.293595
2024-04-01,444,Building Material & Garden Equipment,0.0,True,CENSUS_MRTS,2025-10-25 23:04:12.293595
2024-05-01,444,Building Material & Garden Equipment,0.7,True,CENSUS_MRTS,2025-10-25 23:04:12.293595
2024-06-01,444,Building Material & Garden Equipment,0.3,True,CENSUS_MRTS,2025-10-25 23:04:12.293595
2024-08-01,444,Building Material & Garden Equipment,0.6,True,CENSUS_MRTS,2025-10-25 23:04:12.293595
2020-07-01,444,Building Material & Garden Equipment,54444.0,False,CENSUS_MRTS,2025-10-25 23:04:12.293595
2020-08-01,444,Building Material & Garden Equipment,55160.0,False,CENSUS_MRTS,2025-10-25 23:04:12.293595
2020-09-01,444,Building Material & Garden Equipment,56779.0,False,CENSUS_MRTS,2025-10-25 23:04:12.293595
2020-10-01,444,Building Material & Garden Equipment,59520.0,False,CENSUS_MRTS,2025-10-25 23:04:12.293595
2020-11-01,444,Building Material & Garden Equipment,58818.0,False,CENSUS_MRTS,2025-10-25 23:04:12.293595
2020-12-01,444,Building Material & Garden Equipment,59066.0,False,CENSUS_MRTS,2025-10-25 23:04:12.293595
2020-01-01,444,Building Material & Garden Equipment,1.6,False,CENSUS_MRTS,2025-10-25 23:04:12.293595
2020-02-01,444,Building Material & Garden Equipment,1.7,False,CENSUS_MRTS,2025-10-25 23:04:12.293595
2020-03-01,444,Building Material & Garden Equipment,1.8,False,CENSUS_MRTS,2025-10-25 23:04:12.293595
2020-04-01,444,Building Material & Garden Equipment,2.0,False,CENSUS_MRTS,2025-10-25 23:04:12.293595
2020-05-01,444,Building Material & Garden Equipment,2.0,False,CENSUS_MRTS,2025-10-25 23:04:12.293595
2020-06-01,444,Building Material & Garden Equipment,1.9,False,CENSUS_MRTS,2025-10-25 23:04:12.293595
2020-07-01,444,Building Material & Garden Equipment,1.9,False,CENSUS_MRTS,2025-10-25 23:04:12.293595
2020-08-01,444,Building Material & Garden Equipment,1.8,False,CENSUS_MRTS,2025-10-25 23:04:12.293595
2020-09-01,444,Building Material & Garden Equipment,1.7,False,CENSUS_MRTS,2025-10-25 23:04:12.293595
2020-10-01,444,Building Material & Garden Equipment,1.7,False,CENSUS_MRTS,2025-10-25 23:04:12.293595
2020-11-01,444,Building Material & Garden Equipment,1.7,False,CENSUS_MRTS,2025-10-25 23:04:12.293595
2020-12-01,444,Building Material & Garden Equipment,1.8,False,CENSUS_MRTS,2025-10-25 23:04:12.293595
2020-01-01,444,Building Material & Garden Equipment,56385.0,True,CENSUS_MRTS,2025-10-25 23:04:12.293595
2020-02-01,444,Building Material & Garden Equipment,56787.0,True,CENSUS_MRTS,2025-10-25 23:04:12.293595
2020-03-01,444,Building Material & Garden Equipment,56735.0,True,CENSUS_MRTS,2025-10-25 23:04:12.293595
2020-04-01,444,Building Material & Garden Equipment,55328.0,True,CENSUS_MRTS,2025-10-25 23:04:12.293595
2020-05-01,444,Building Material & Garden Equipment,53958.0,True,CENSUS_MRTS,2025-10-25 23:04:12.293595
2020-06-01,444,Building Material & Garden Equipment,54424.0,True,CENSUS_MRTS,2025-10-25 23:04:12.293595
2020-07-01,444,Building Material & Garden Equipment,55386.0,True,CENSUS_MRTS,2025-10-25 23:04:12.293595
2020-08-01,444,Building Material & Garden Equipment,56459.0,True,CENSUS_MRTS,2025-10-25 23:04:12.293595
2020-09-01,444,Building Material & Garden Equipment,57702.0,True,CENSUS_MRTS,2025-10-25 23:04:12.293595
2020-10-01,444,Building Material & Garden Equipment,60061.0,True,CENSUS_MRTS,2025-10-25 23:04:12.293595
2020-11-01,444,Building Material & Garden Equipment,60637.0,True,CENSUS_MRTS,2025-10-25 23:04:12.293595
2020-12-01,444,Building Material & Garden Equipment,61656.0,True,CENSUS_MRTS,2025-10-25 23:04:12.293595
2020-01-01,444,Building Material & Garden Equipment,1.6,True,CENSUS_MRTS,2025-10-25 23:04:12.293595
2020-02-01,444,Building Material & Garden Equipment,1.7,True,CENSUS_MRTS,2025-10-25 23:04:12.293595
2020-03-01,444,Building Material & Garden Equipment,1.8,True,CENSUS_MRTS,2025-10-25 23:04:12.293595
2020-04-01,444,Building Material & Garden Equipment,2.0,True,CENSUS_MRTS,2025-10-25 23:04:12.293595
2020-05-01,444,Building Material & Garden Equipment,2.0,True,CENSUS_MRTS,2025-10-25 23:04:12.293595
2020-06-01,444,Building Material & Garden Equipment,1.9,True,CENSUS_MRTS,2025-10-25 23:04:12.293595
2020-07-01,444,Building Material & Garden Equipment,1.9,True,CENSUS_MRTS,2025-10-25 23:04:12.293595
2020-08-01,444,Building Material & Garden Equipment,1.8,True,CENSUS_MRTS,2025-10-25 23:04:12.293595
2020-09-01,444,Building Material & Garden Equipment,1.7,True,CENSUS_MRTS,2025-10-25 23:04:12.293595
2020-10-01,444,Building Material & Garden Equipment,1.7,True,CENSUS_MRTS,2025-10-25 23:04:12.293595
2020-11-01,444,Building Material & Garden Equipment,1.7,True,CENSUS_MRTS,2025-10-25 23:04:12.293595
2020-12-01,444,Building Material & Garden Equipment,1.8,True,CENSUS_MRTS,2025-10-25 23:04:12.293595
2020-01-01,444,Building Material & Garden Equipment,2.07,False,CENSUS_MRTS,2025-10-25 23:04:12.293595
2020-02-01,444,Building Material & Garden Equipment,2.24,False,CENSUS_MRTS,2025-10-25 23:04:12.293595
2020-03-01,444,Building Material & Garden Equipment,1.89,False,CENSUS_MRTS,2025-10-25 23:04:12.293595
2020-04-01,444,Building Material & Garden Equipment,1.65,False,CENSUS_MRTS,2025-10-25 23:04:12.293595
2020-05-01,444,Building Material & Garden Equipment,1.34,False,CENSUS_MRTS,2025-10-25 23:04:12.293595
2020-06-01,444,Building Material & Garden Equipment,1.32,False,CENSUS_MRTS,2025-10-25 23:04:12.293595
2020-07-01,444,Building Material & Garden Equipment,1.41,False,CENSUS_MRTS,2025-10-25 23:04:12.293595
2020-08-01,444,Building Material & Garden Equipment,1.53,False,CENSUS_MRTS,2025-10-25 23:04:12.293595
2020-09-01,444,Building Material & Garden Equipment,1.56,False,CENSUS_MRTS,2025-10-25 23:04:12.293595
2020-10-01,444,Building Material & Garden Equipment,1.61,False,CENSUS_MRTS,2025-10-25 23:04:12.293595
2020-11-01,444,Building Material & Garden Equipment,1.72,False,CENSUS_MRTS,2025-10-25 23:04:12.293595
2020-12-01,444,Building Material & Garden Equipment,1.74,False,CENSUS_MRTS,2025-10-25 23:04:12.293595
2020-01-01,444,Building Material & Garden Equipment,0.05,False,CENSUS_MRTS,2025-10-25 23:04:12.293595
2020-02-01,444,Building Material & Garden Equipment,0.05,False,CENSUS_MRTS,2025-10-25 23:04:12.293595
2020-03-01,444,Building Material & Garden Equipment,0.05,False,CENSUS_MRTS,2025-10-25 23:04:12.293595
2020-04-01,444,Building Material & Garden Equipment,0.04,False,CENSUS_MRTS,2025-10-25 23:04:12.293595
2020-05-01,444,Building Material & Garden Equipment,0.03,False,CENSUS_MRTS,2025-10-25 23:04:12.293595
2020-06-01,444,Building Material & Garden Equipment,0.03,False,CENSUS_MRTS,2025-10-25 23:04:12.293595
2020-07-01,444,Building Material & Garden Equipment,0.03,False,CENSUS_MRTS,2025-10-25 23:04:12.293595
2020-08-01,444,Building Material & Garden Equipment,0.03,False,CENSUS_MRTS,2025-10-25 23:04:12.293595
2020-09-01,444,Building Material & Garden Equipment,0.03,False,CENSUS_MRTS,2025-10-25 23:04:12.293595
2020-10-01,444,Building Material & Garden Equipment,0.03,False,CENSUS_MRTS,2025-10-25 23:04:12.293595
2020-11-01,444,Building Material & Garden Equipment,0.03,False,CENSUS_MRTS,2025-10-25 23:04:12.293595
2020-12-01,444,Building Material & Garden Equipment,0.03,False,CENSUS_MRTS,2025-10-25 23:04:12.293595
2020-01-01,444,Building Material & Garden Equipment,1.77,True,CENSUS_MRTS,2025-10-25 23:04:12.293595
2020-02-01,444,Building Material & Garden Equipment,1.78,True,CENSUS_MRTS,2025-10-25 23:04:12.293595
2020-03-01,444,Building Material & Garden Equipment,1.79,True,CENSUS_MRTS,2025-10-25 23:04:12.293595
2020-04-01,444,Building Material & Garden Equipment,1.75,True,CENSUS_MRTS,2025-10-25 23:04:12.293595
2020-05-01,444,Building Material & Garden Equipment,1.5,True,CENSUS_MRTS,2025-10-25 23:04:12.293595
2020-06-01,444,Building Material & Garden Equipment,1.5,True,CENSUS_MRTS,2025-10-25 23:04:12.293595
2020-07-01,444,Building Material & Garden Equipment,1.55,True,CENSUS_MRTS,2025-10-25 23:04:12.293595
2020-08-01,444,Building Material & Garden Equipment,1.56,True,CENSUS_MRTS,2025-10-25 23:04:12.293595
2020-09-01,444,Building Material & Garden Equipment,1.58,True,CENSUS_MRTS,2025-10-25 23:04:12.293595
2020-10-01,444,Building Material & Garden Equipment,1.67,True,CENSUS_MRTS,2025-10-25 23:04:12.293595
2020-11-01,444,Building Material & Garden Equipment,1.67,True,CENSUS_MRTS,2025-10-25 23:04:12.293595
2020-12-01,444,Building Material & Garden Equipment,1.7,True,CENSUS_MRTS,2025-10-25 23:04:12.293595
2020-01-01,444,Building Material & Garden Equipment,0.05,True,CENSUS_MRTS,2025-10-25 23:04:12.293595
2020-02-01,444,Building Material & Garden Equipment,0.05,True,CENSUS_MRTS,2025-10-25 23:04:12.293595
2020-03-01,444,Building Material & Garden Equipment,0.05,True,CENSUS_MRTS,2025-10-25 23:04:12.293595
2020-04-01,444,Building Material & Garden Equipment,0.04,True,CENSUS_MRTS,2025-10-25 23:04:12.293595
2020-06-01,444,Building Material & Garden Equipment,0.03,True,CENSUS_MRTS,2025-10-25 23:04:12.293595
2020-07-01,444,Building Material & Garden Equipment,0.03,True,CENSUS_MRTS,2025-10-25 23:04:12.293595
2020-08-01,444,Building Material & Garden Equipment,0.03,True,CENSUS_MRTS,2025-10-25 23:04:12.293595
2020-09-01,444,Building Material & Garden Equipment,0.03,True,CENSUS_MRTS,2025-10-25 23:04:12.293595
2020-10-01,444,Building Material & Garden Equipment,0.03,True,CENSUS_MRTS,2025-10-25 23:04:12.293595
2020-12-01,444,Building Material & Garden Equipment,0.03,True,CENSUS_MRTS,2025-10-25 23:04:12.293595
2020-01-01,444,Building Material & Garden Equipment,1.2,False,CENSUS_MRTS,2025-10-25 23:04:12.293595
2020-02-01,444,Building Material & Garden Equipment,5.3,False,CENSUS_MRTS,2025-10-25 23:04:12.293595
2020-03-01,444,Building Material & Garden Equipment,3.1,False,CENSUS_MRTS,2025-10-25 23:04:12.293595
2020-04-01,444,Building Material & Garden Equipment,-2.2,False,CENSUS_MRTS,2025-10-25 23:04:12.293595
2020-06-01,444,Building Material & Garden Equipment,-2.2,False,CENSUS_MRTS,2025-10-25 23:04:12.293595
2020-07-01,444,Building Material & Garden Equipment,-0.2,False,CENSUS_MRTS,2025-10-25 23:04:12.293595
2020-08-01,444,Building Material & Garden Equipment,1.3,False,CENSUS_MRTS,2025-10-25 23:04:12.293595
2020-09-01,444,Building Material & Garden Equipment,2.9,False,CENSUS_MRTS,2025-10-25 23:04:12.293595
2020-11-01,444,Building Material & Garden Equipment,-1.2,False,CENSUS_MRTS,2025-10-25 23:04:12.293595
2020-12-01,444,Building Material & Garden Equipment,0.4,False,CENSUS_MRTS,2025-10-25 23:04:12.293595
2020-01-01,444,Building Material & Garden Equipment,0.2,False,CENSUS_MRTS,2025-10-25 23:04:12.293595
2020-02-01,444,Building Material & Garden Equipment,0.3,False,CENSUS_MRTS,2025-10-25 23:04:12.293595
2020-03-01,444,Building Material & Garden Equipment,0.2,False,CENSUS_MRTS,2025-10-25 23:04:12.293595
2020-05-01,444,Building Material & Garden Equipment,0.2,False,CENSUS_MRTS,2025-10-25 23:04:12.293595
2020-06-01,444,Building Material & Garden Equipment,0.2,False,CENSUS_MRTS,2025-10-25 23:04:12.293595
2020-07-01,444,Building Material & Garden Equipment,0.1,False,CENSUS_MRTS,2025-10-25 23:04:12.293595
2020-08-01,444,Building Material & Garden Equipment,0.3,False,CENSUS_MRTS,2025-10-25 23:04:12.293595
2020-09-01,444,Building Material & Garden Equipment,0.3,False,CENSUS_MRTS,2025-10-25 23:04:12.293595
2020-11-01,444,Building Material & Garden Equipment,0.2,False,CENSUS_MRTS,2025-10-25 23:04:12.293595
2020-12-01,444,Building Material & Garden Equipment,0.2,False,CENSUS_MRTS,2025-10-25 23:04:12.293595
2020-01-01,444,Building Material & Garden Equipment,-0.7,True,CENSUS_MRTS,2025-10-25 23:04:12.293595
2020-02-01,444,Building Material & Garden Equipment,0.7,True,CENSUS_MRTS,2025-10-25 23:04:12.293595
2020-03-01,444,Building Material & Garden Equipment,-0.1,True,CENSUS_MRTS,2025-10-25 23:04:12.293595
2020-05-01,444,Building Material & Garden Equipment,-2.5,True,CENSUS_MRTS,2025-10-25 23:04:12.293595
2020-06-01,444,Building Material & Garden Equipment,0.9,True,CENSUS_MRTS,2025-10-25 23:04:12.293595
2020-07-01,444,Building Material & Garden Equipment,1.8,True,CENSUS_MRTS,2025-10-25 23:04:12.293595
2020-08-01,444,Building Material & Garden Equipment,1.9,True,CENSUS_MRTS,2025-10-25 23:04:12.293595
2020-09-01,444,Building Material & Garden Equipment,2.2,True,CENSUS_MRTS,2025-10-25 23:04:12.293595
2020-11-01,444,Building Material & Garden Equipment,1.0,True,CENSUS_MRTS,2025-10-25 23:04:12.293595
2020-12-01,444,Building Material & Garden Equipment,1.7,True,CENSUS_MRTS,2025-10-25 23:04:12.293595
2024-09-01,444,Building Material & Garden Equipment,0.6,True,CENSUS_MRTS,2025-10-25 23:04:12.293595
2024-10-01,444,Building Material & Garden Equipment,0.4,True,CENSUS_MRTS,2025-10-25 23:04:12.293595
2024-11-01,444,Building Material & Garden Equipment,1.4,True,CENSUS_MRTS,2025-10-25 23:04:12.293595
2024-12-01,444,Building Material & Garden Equipment,1.0,True,CENSUS_MRTS,2025-10-25 23:04:12.293595
2024-01-01,444,Building Material & Garden Equipment,0.2,True,CENSUS_MRTS,2025-10-25 23:04:12.293595
2024-02-01,444,Building Material & Garden Equipment,0.3,True,CENSUS_MRTS,2025-10-25 23:04:12.293595
2024-03-01,444,Building Material & Garden Equipment,0.1,True,CENSUS_MRTS,2025-10-25 23:04:12.293595
2024-04-01,444,Building Material & Garden Equipment,0.1,True,CENSUS_MRTS,2025-10-25 23:04:12.293595
2024-05-01,444,Building Material & Garden Equipment,0.3,True,CENSUS_MRTS,2025-10-25 23:04:12.293595
2024-06-01,444,Building Material & Garden Equipment,0.4,True,CENSUS_MRTS,2025-10-25 23:04:12.293595
2024-07-01,444,Building Material & Garden Equipment,0.3,True,CENSUS_MRTS,2025-10-25 23:04:12.293595
2024-08-01,444,Building Material & Garden Equipment,0.1,True,CENSUS_MRTS,2025-10-25 23:04:12.293595
2024-09-01,444,Building Material & Garden Equipment,0.2,True,CENSUS_MRTS,2025-10-25 23:04:12.293595
2024-10-01,444,Building Material & Garden Equipment,0.1,True,CENSUS_MRTS,2025-10-25 23:04:12.293595
2024-11-01,444,Building Material & Garden Equipment,0.2,True,CENSUS_MRTS,2025-10-25 23:04:12.293595
2024-12-01,444,Building Material & Garden Equipment,0.2,True,CENSUS_MRTS,2025-10-25 23:04:12.293595
2024-01-01,444,Building Material & Garden Equipment,-10.5,False,CENSUS_MRTS,2025-10-25 23:04:12.293595
2024-02-01,444,Building Material & Garden Equipment,3.1,False,CENSUS_MRTS,2025-10-25 23:04:12.293595
2024-03-01,444,Building Material & Garden Equipment,14.4,False,CENSUS_MRTS,2025-10-25 23:04:12.293595
2024-04-01,444,Building Material & Garden Equipment,15.8,False,CENSUS_MRTS,2025-10-25 23:04:12.293595
2024-05-01,444,Building Material & Garden Equipment,8.1,False,CENSUS_MRTS,2025-10-25 23:04:12.293595
2024-06-01,444,Building Material & Garden Equipment,-10.0,False,CENSUS_MRTS,2025-10-25 23:04:12.293595
2024-07-01,444,Building Material & Garden Equipment,1.0,False,CENSUS_MRTS,2025-10-25 23:04:12.293595
2024-08-01,444,Building Material & Garden Equipment,-2.7,False,CENSUS_MRTS,2025-10-25 23:04:12.293595
2024-09-01,444,Building Material & Garden Equipment,-6.0,False,CENSUS_MRTS,2025-10-25 23:04:12.293595
2024-10-01,444,Building Material & Garden Equipment,11.6,False,CENSUS_MRTS,2025-10-25 23:04:12.293595
2024-11-01,444,Building Material & Garden Equipment,-10.8,False,CENSUS_MRTS,2025-10-25 23:04:12.293595
2024-12-01,444,Building Material & Garden Equipment,-7.5,False,CENSUS_MRTS,2025-10-25 23:04:12.293595
2024-01-01,444,Building Material & Garden Equipment,0.4,False,CENSUS_MRTS,2025-10-25 23:04:12.293595
2024-02-01,444,Building Material & Garden Equipment,0.5,False,CENSUS_MRTS,2025-10-25 23:04:12.293595
2024-03-01,444,Building Material & Garden Equipment,0.5,False,CENSUS_MRTS,2025-10-25 23:04:12.293595
2024-04-01,444,Building Material & Garden Equipment,0.5,False,CENSUS_MRTS,2025-10-25 23:04:12.293595
2024-05-01,444,Building Material & Garden Equipment,0.6,False,CENSUS_MRTS,2025-10-25 23:04:12.293595
2024-06-01,444,Building Material & Garden Equipment,0.4,False,CENSUS_MRTS,2025-10-25 23:04:12.293595
2024-07-01,444,Building Material & Garden Equipment,0.7,False,CENSUS_MRTS,2025-10-25 23:04:12.293595
2024-08-01,444,Building Material & Garden Equipment,0.4,False,CENSUS_MRTS,2025-10-25 23:04:12.293595
2024-09-01,444,Building Material & Garden Equipment,0.3,False,CENSUS_MRTS,2025-10-25 23:04:12.293595
2024-10-01,444,Building Material & Garden Equipment,0.4,False,CENSUS_MRTS,2025-10-25 23:04:12.293595
2024-11-01,444,Building Material & Garden Equipment,0.5,False,CENSUS_MRTS,2025-10-25 23:04:12.293595
2024-12-01,444,Building Material & Garden Equipment,0.4,False,CENSUS_MRTS,2025-10-25 23:04:12.293595
2024-01-01,444,Building Material & Garden Equipment,-2.9,True,CENSUS_MRTS,2025-10-25 23:04:12.293595
2024-02-01,444,Building Material & Garden Equipment,1.7,True,CENSUS_MRTS,2025-10-25 23:04:12.293595
2024-03-01,444,Building Material & Garden Equipment,0.0,True,CENSUS_MRTS,2025-10-25 23:04:12.293595
2024-04-01,444,Building Material & Garden Equipment,-0.7,True,CENSUS_MRTS,2025-10-25 23:04:12.293595
2024-05-01,444,Building Material & Garden Equipment,0.6,True,CENSUS_MRTS,2025-10-25 23:04:12.293595
2024-06-01,444,Building Material & Garden Equipment,0.5,True,CENSUS_MRTS,2025-10-25 23:04:12.293595
2024-07-01,444,Building Material & Garden Equipment,1.3,True,CENSUS_MRTS,2025-10-25 23:04:12.293595
2024-08-01,444,Building Material & Garden Equipment,-0.1,True,CENSUS_MRTS,2025-10-25 23:04:12.293595
2024-09-01,444,Building Material & Garden Equipment,0.7,True,CENSUS_MRTS,2025-10-25 23:04:12.293595
2024-10-01,444,Building Material & Garden Equipment,0.7,True,CENSUS_MRTS,2025-10-25 23:04:12.293595
2024-11-01,444,Building Material & Garden Equipment,-0.4,True,CENSUS_MRTS,2025-10-25 23:04:12.293595
2024-12-01,444,Building Material & Garden Equipment,-1.5,True,CENSUS_MRTS,2025-10-25 23:04:12.293595
2024-01-01,444,Building Material & Garden Equipment,0.4,True,CENSUS_MRTS,2025-10-25 23:04:12.293595
2024-02-01,444,Building Material & Garden Equipment,0.5,True,CENSUS_MRTS,2025-10-25 23:04:12.293595
2024-03-01,444,Building Material & Garden Equipment,0.5,True,CENSUS_MRTS,2025-10-25 23:04:12.293595
2024-04-01,444,Building Material & Garden Equipment,0.5,True,CENSUS_MRTS,2025-10-25 23:04:12.293595
2024-05-01,444,Building Material & Garden Equipment,0.6,True,CENSUS_MRTS,2025-10-25 23:04:12.293595
2024-06-01,444,Building Material & Garden Equipment,0.4,True,CENSUS_MRTS,2025-10-25 23:04:12.293595
2024-07-01,444,Building Material & Garden Equipment,0.7,True,CENSUS_MRTS,2025-10-25 23:04:12.293595
2024-08-01,444,Building Material & Garden Equipment,0.4,True,CENSUS_MRTS,2025-10-25 23:04:12.293595
2024-09-01,444,Building Material & Garden Equipment,0.3,True,CENSUS_MRTS,2025-10-25 23:04:12.293595
2024-10-01,444,Building Material & Garden Equipment,0.4,True,CENSUS_MRTS,2025-10-25 23:04:12.293595
2024-11-01,444,Building Material & Garden Equipment,0.5,True,CENSUS_MRTS,2025-10-25 23:04:12.293595
2024-12-01,444,Building Material & Garden Equipment,0.4,True,CENSUS_MRTS,2025-10-25 23:04:12.293595
2024-01-01,444,Building Material & Garden Equipment,32594.0,False,CENSUS_MRTS,2025-10-25 23:04:12.293595
2024-02-01,444,Building Material & Garden Equipment,33608.0,False,CENSUS_MRTS,2025-10-25 23:04:12.293595
2024-03-01,444,Building Material & Garden Equipment,38450.0,False,CENSUS_MRTS,2025-10-25 23:04:12.293595
2024-04-01,444,Building Material & Garden Equipment,44528.0,False,CENSUS_MRTS,2025-10-25 23:04:12.293595
2024-05-01,444,Building Material & Garden Equipment,48136.0,False,CENSUS_MRTS,2025-10-25 23:04:12.293595
2024-06-01,444,Building Material & Garden Equipment,43334.0,False,CENSUS_MRTS,2025-10-25 23:04:12.293595
2024-07-01,444,Building Material & Garden Equipment,43769.0,False,CENSUS_MRTS,2025-10-25 23:04:12.293595
2024-08-01,444,Building Material & Garden Equipment,42578.0,False,CENSUS_MRTS,2025-10-25 23:04:12.293595
2024-09-01,444,Building Material & Garden Equipment,40035.0,False,CENSUS_MRTS,2025-10-25 23:04:12.293595
2024-10-01,444,Building Material & Garden Equipment,44693.0,False,CENSUS_MRTS,2025-10-25 23:04:12.293595
2024-11-01,444,Building Material & Garden Equipment,39856.0,False,CENSUS_MRTS,2025-10-25 23:04:12.293595
2024-12-01,444,Building Material & Garden Equipment,36876.0,False,CENSUS_MRTS,2025-10-25 23:04:12.293595
2024-01-01,444,Building Material & Garden Equipment,2.8,False,CENSUS_MRTS,2025-10-25 23:04:12.293595
2024-02-01,444,Building Material & Garden Equipment,3.1,False,CENSUS_MRTS,2025-10-25 23:04:12.293595
2024-03-01,444,Building Material & Garden Equipment,3.1,False,CENSUS_MRTS,2025-10-25 23:04:12.293595
2024-04-01,444,Building Material & Garden Equipment,3.0,False,CENSUS_MRTS,2025-10-25 23:04:12.293595
2024-05-01,444,Building Material & Garden Equipment,3.1,False,CENSUS_MRTS,2025-10-25 23:04:12.293595
2024-07-01,444,Building Material & Garden Equipment,3.4,False,CENSUS_MRTS,2025-10-25 23:04:12.293595
2024-08-01,444,Building Material & Garden Equipment,3.5,False,CENSUS_MRTS,2025-10-25 23:04:12.293595
2024-09-01,444,Building Material & Garden Equipment,3.6,False,CENSUS_MRTS,2025-10-25 23:04:12.293595
2024-10-01,444,Building Material & Garden Equipment,3.6,False,CENSUS_MRTS,2025-10-25 23:04:12.293595
2024-11-01,444,Building Material & Garden Equipment,3.4,False,CENSUS_MRTS,2025-10-25 23:04:12.293595
2024-01-01,444,Building Material & Garden Equipment,39535.0,True,CENSUS_MRTS,2025-10-25 23:04:12.293595
2024-02-01,444,Building Material & Garden Equipment,40215.0,True,CENSUS_MRTS,2025-10-25 23:04:12.293595
2024-03-01,444,Building Material & Garden Equipment,40219.0,True,CENSUS_MRTS,2025-10-25 23:04:12.293595
2024-04-01,444,Building Material & Garden Equipment,39930.0,True,CENSUS_MRTS,2025-10-25 23:04:12.293595
2024-06-01,444,Building Material & Garden Equipment,40389.0,True,CENSUS_MRTS,2025-10-25 23:04:12.293595
2024-07-01,444,Building Material & Garden Equipment,40925.0,True,CENSUS_MRTS,2025-10-25 23:04:12.293595
2024-08-01,444,Building Material & Garden Equipment,40897.0,True,CENSUS_MRTS,2025-10-25 23:04:12.293595
2024-09-01,444,Building Material & Garden Equipment,41193.0,True,CENSUS_MRTS,2025-10-25 23:04:12.293595
2024-10-01,444,Building Material & Garden Equipment,41467.0,True,CENSUS_MRTS,2025-10-25 23:04:12.293595
2024-12-01,444,Building Material & Garden Equipment,40684.0,True,CENSUS_MRTS,2025-10-25 23:04:12.293595
2024-01-01,444,Building Material & Garden Equipment,2.8,True,CENSUS_MRTS,2025-10-25 23:04:12.293595
2024-02-01,444,Building Material & Garden Equipment,3.1,True,CENSUS_MRTS,2025-10-25 23:04:12.293595
2024-03-01,444,Building Material & Garden Equipment,3.1,True,CENSUS_MRTS,2025-10-25 23:04:12.293595
2024-05-01,444,Building Material & Garden Equipment,3.1,True,CENSUS_MRTS,2025-10-25 23:04:12.293595
2024-06-01,444,Building Material & Garden Equipment,3.3,True,CENSUS_MRTS,2025-10-25 23:04:12.293595
2024-07-01,444,Building Material & Garden Equipment,3.4,True,CENSUS_MRTS,2025-10-25 23:04:12.293595
2024-08-01,444,Building Material & Garden Equipment,3.5,True,CENSUS_MRTS,2025-10-25 23:04:12.293595
2024-09-01,444,Building Material & Garden Equipment,3.6,True,CENSUS_MRTS,2025-10-25 23:04:12.293595
2024-11-01,444,Building Material & Garden Equipment,3.4,True,CENSUS_MRTS,2025-10-25 23:04:12.293595
2024-12-01,444,Building Material & Garden Equipment,3.5,True,CENSUS_MRTS,2025-10-25 23:04:12.293595
2020-01-01,444,Building Material & Garden Equipment,0.2,True,CENSUS_MRTS,2025-10-25 23:04:12.293595
2020-02-01,444,Building Material & Garden Equipment,0.3,True,CENSUS_MRTS,2025-10-25 23:04:12.293595
2020-03-01,444,Building Material & Garden Equipment,0.2,True,CENSUS_MRTS,2025-10-25 23:04:12.293595
2020-04-01,444,Building Material & Garden Equipment,0.3,True,CENSUS_MRTS,2025-10-25 23:04:12.293595
2020-05-01,444,Building Material & Garden Equipment,0.2,True,CENSUS_MRTS,2025-10-25 23:04:12.293595
2020-06-01,444,Building Material & Garden Equipment,0.2,True,CENSUS_MRTS,2025-10-25 23:04:12.293595
2020-07-01,444,Building Material & Garden Equipment,0.1,True,CENSUS_MRTS,2025-10-25 23:04:12.293595
2020-08-01,444,Building Material & Garden Equipment,0.3,True,CENSUS_MRTS,2025-10-25 23:04:12.293595
2020-09-01,444,Building Material & Garden Equipment,0.3,True,CENSUS_MRTS,2025-10-25 23:04:12.293595
2020-10-01,444,Building Material & Garden Equipment,0.3,True,CENSUS_MRTS,2025-10-25 23:04:12.293595
2020-11-01,444,Building Material & Garden Equipment,0.2,True,CENSUS_MRTS,2025-10-25 23:04:12.293595
2020-12-01,444,Building Material & Garden Equipment,0.2,True,CENSUS_MRTS,2025-10-25 23:04:12.293595
2020-01-01,444,Building Material & Garden Equipment,-6.0,False,CENSUS_MRTS,2025-10-25 23:04:12.293595
2020-02-01,444,Building Material & Garden Equipment,-2.8,False,CENSUS_MRTS,2025-10-25 23:04:12.293595
2020-03-01,444,Building Material & Garden Equipment,22.5,False,CENSUS_MRTS,2025-10-25 23:04:12.293595
2020-04-01,444,Building Material & Garden Equipment,11.5,False,CENSUS_MRTS,2025-10-25 23:04:12.293595
2020-05-01,444,Building Material & Garden Equipment,18.2,False,CENSUS_MRTS,2025-10-25 23:04:12.293595
2020-06-01,444,Building Material & Garden Equipment,-0.8,False,CENSUS_MRTS,2025-10-25 23:04:12.293595
2020-07-01,444,Building Material & Garden Equipment,-6.5,False,CENSUS_MRTS,2025-10-25 23:04:12.293595
2020-08-01,444,Building Material & Garden Equipment,-6.8,False,CENSUS_MRTS,2025-10-25 23:04:12.293595
2020-09-01,444,Building Material & Garden Equipment,0.8,False,CENSUS_MRTS,2025-10-25 23:04:12.293595
2020-10-01,444,Building Material & Garden Equipment,1.8,False,CENSUS_MRTS,2025-10-25 23:04:12.293595
2020-11-01,444,Building Material & Garden Equipment,-7.7,False,CENSUS_MRTS,2025-10-25 23:04:12.293595
2020-12-01,444,Building Material & Garden Equipment,-0.3,False,CENSUS_MRTS,2025-10-25 23:04:12.293595
2020-01-01,444,Building Material & Garden Equipment,0.5,False,CENSUS_MRTS,2025-10-25 23:04:12.293595
2020-02-01,444,Building Material & Garden Equipment,0.3,False,CENSUS_MRTS,2025-10-25 23:04:12.293595
2020-03-01,444,Building Material & Garden Equipment,0.4,False,CENSUS_MRTS,2025-10-25 23:04:12.293595
2020-04-01,444,Building Material & Garden Equipment,1.0,False,CENSUS_MRTS,2025-10-25 23:04:12.293595
2020-05-01,444,Building Material & Garden Equipment,0.6,False,CENSUS_MRTS,2025-10-25 23:04:12.293595
2020-06-01,444,Building Material & Garden Equipment,0.5,False,CENSUS_MRTS,2025-10-25 23:04:12.293595
2020-07-01,444,Building Material & Garden Equipment,0.3,False,CENSUS_MRTS,2025-10-25 23:04:12.293595
2020-08-01,444,Building Material & Garden Equipment,0.3,False,CENSUS_MRTS,2025-10-25 23:04:12.293595
2020-09-01,444,Building Material & Garden Equipment,0.4,False,CENSUS_MRTS,2025-10-25 23:04:12.293595
2020-10-01,444,Building Material & Garden Equipment,0.4,False,CENSUS_MRTS,2025-10-25 23:04:12.293595
2020-11-01,444,Building Material & Garden Equipment,0.4,False,CENSUS_MRTS,2025-10-25 23:04:12.293595
2020-12-01,444,Building Material & Garden Equipment,0.3,False,CENSUS_MRTS,2025-10-25 23:04:12.293595
2020-01-01,444,Building Material & Garden Equipment,1.6,True,CENSUS_MRTS,2025-10-25 23:04:12.293595
2020-02-01,444,Building Material & Garden Equipment,-0.1,True,CENSUS_MRTS,2025-10-25 23:04:12.293595
2020-03-01,444,Building Material & Garden Equipment,-0.3,True,CENSUS_MRTS,2025-10-25 23:04:12.293595
2020-04-01,444,Building Material & Garden Equipment,-0.6,True,CENSUS_MRTS,2025-10-25 23:04:12.293595
2020-05-01,444,Building Material & Garden Equipment,14.0,True,CENSUS_MRTS,2025-10-25 23:04:12.293595
2020-06-01,444,Building Material & Garden Equipment,0.9,True,CENSUS_MRTS,2025-10-25 23:04:12.293595
2020-07-01,444,Building Material & Garden Equipment,-1.5,True,CENSUS_MRTS,2025-10-25 23:04:12.293595
2020-08-01,444,Building Material & Garden Equipment,1.1,True,CENSUS_MRTS,2025-10-25 23:04:12.293595
2020-09-01,444,Building Material & Garden Equipment,1.2,True,CENSUS_MRTS,2025-10-25 23:04:12.293595
2020-10-01,444,Building Material & Garden Equipment,-1.5,True,CENSUS_MRTS,2025-10-25 23:04:12.293595
2020-11-01,444,Building Material & Garden Equipment,0.6,True,CENSUS_MRTS,2025-10-25 23:04:12.293595
2020-12-01,444,Building Material & Garden Equipment,-0.1,True,CENSUS_MRTS,2025-10-25 23:04:12.293595
2020-01-01,444,Building Material & Garden Equipment,0.5,True,CENSUS_MRTS,2025-10-25 23:04:12.293595
2020-02-01,444,Building Material & Garden Equipment,0.3,True,CENSUS_MRTS,2025-10-25 23:04:12.293595
2020-03-01,444,Building Material & Garden Equipment,0.4,True,CENSUS_MRTS,2025-10-25 23:04:12.293595
2020-04-01,444,Building Material & Garden Equipment,1.0,True,CENSUS_MRTS,2025-10-25 23:04:12.293595
2020-05-01,444,Building Material & Garden Equipment,0.6,True,CENSUS_MRTS,2025-10-25 23:04:12.293595
2020-06-01,444,Building Material & Garden Equipment,0.5,True,CENSUS_MRTS,2025-10-25 23:04:12.293595
2020-07-01,444,Building Material & Garden Equipment,0.3,True,CENSUS_MRTS,2025-10-25 23:04:12.293595
2020-08-01,444,Building Material & Garden Equipment,0.3,True,CENSUS_MRTS,2025-10-25 23:04:12.293595
2020-09-01,444,Building Material & Garden Equipment,0.4,True,CENSUS_MRTS,2025-10-25 23:04:12.293595
2020-10-01,444,Building Material & Garden Equipment,0.4,True,CENSUS_MRTS,2025-10-25 23:04:12.293595
2020-11-01,444,Building Material & Garden Equipment,0.4,True,CENSUS_MRTS,2025-10-25 23:04:12.293595
2020-12-01,444,Building Material & Garden Equipment,0.3,True,CENSUS_MRTS,2025-10-25 23:04:12.293595
2020-01-01,444,Building Material & Garden Equipment,26579.0,False,CENSUS_MRTS,2025-10-25 23:04:12.293595
2020-02-01,444,Building Material & Garden Equipment,25832.0,False,CENSUS_MRTS,2025-10-25 23:04:12.293595
2020-03-01,444,Building Material & Garden Equipment,31649.0,False,CENSUS_MRTS,2025-10-25 23:04:12.293595
2020-04-01,444,Building Material & Garden Equipment,35274.0,False,CENSUS_MRTS,2025-10-25 23:04:12.293595
2020-05-01,444,Building Material & Garden Equipment,41683.0,False,CENSUS_MRTS,2025-10-25 23:04:12.293595
2020-06-01,444,Building Material & Garden Equipment,41350.0,False,CENSUS_MRTS,2025-10-25 23:04:12.293595
2020-07-01,444,Building Material & Garden Equipment,38673.0,False,CENSUS_MRTS,2025-10-25 23:04:12.293595
2020-08-01,444,Building Material & Garden Equipment,36047.0,False,CENSUS_MRTS,2025-10-25 23:04:12.293595
2020-09-01,444,Building Material & Garden Equipment,36342.0,False,CENSUS_MRTS,2025-10-25 23:04:12.293595
2020-10-01,444,Building Material & Garden Equipment,36978.0,False,CENSUS_MRTS,2025-10-25 23:04:12.293595
2020-11-01,444,Building Material & Garden Equipment,34130.0,False,CENSUS_MRTS,2025-10-25 23:04:12.293595
2020-12-01,444,Building Material & Garden Equipment,34040.0,False,CENSUS_MRTS,2025-10-25 23:04:12.293595
2020-01-01,444,Building Material & Garden Equipment,1.7,False,CENSUS_MRTS,2025-10-25 23:04:12.293595
2020-02-01,444,Building Material & Garden Equipment,1.6,False,CENSUS_MRTS,2025-10-25 23:04:12.293595
2020-03-01,444,Building Material & Garden Equipment,1.6,False,CENSUS_MRTS,2025-10-25 23:04:12.293595
2020-04-01,444,Building Material & Garden Equipment,1.7,False,CENSUS_MRTS,2025-10-25 23:04:12.293595
2020-05-01,444,Building Material & Garden Equipment,1.6,False,CENSUS_MRTS,2025-10-25 23:04:12.293595
2020-06-01,444,Building Material & Garden Equipment,1.6,False,CENSUS_MRTS,2025-10-25 23:04:12.293595
2020-07-01,444,Building Material & Garden Equipment,1.6,False,CENSUS_MRTS,2025-10-25 23:04:12.293595
2020-08-01,444,Building Material & Garden Equipment,1.8,False,CENSUS_MRTS,2025-10-25 23:04:12.293595
2020-09-01,444,Building Material & Garden Equipment,2.0,False,CENSUS_MRTS,2025-10-25 23:04:12.293595
2020-10-01,444,Building Material & Garden Equipment,2.0,False,CENSUS_MRTS,2025-10-25 23:04:12.293595
2020-11-01,444,Building Material & Garden Equipment,1.9,False,CENSUS_MRTS,2025-10-25 23:04:12.293595
2020-12-01,444,Building Material & Garden Equipment,1.8,False,CENSUS_MRTS,2025-10-25 23:04:12.293595
2020-01-01,444,Building Material & Garden Equipment,31869.0,True,CENSUS_MRTS,2025-10-25 23:04:12.293595
2020-02-01,444,Building Material & Garden Equipment,31846.0,True,CENSUS_MRTS,2025-10-25 23:04:12.293595
2020-04-01,444,Building Material & Garden Equipment,31576.0,True,CENSUS_MRTS,2025-10-25 23:04:12.293595
2020-05-01,444,Building Material & Garden Equipment,35988.0,True,CENSUS_MRTS,2025-10-25 23:04:12.293595
2020-06-01,444,Building Material & Garden Equipment,36303.0,True,CENSUS_MRTS,2025-10-25 23:04:12.293595
2020-07-01,444,Building Material & Garden Equipment,35761.0,True,CENSUS_MRTS,2025-10-25 23:04:12.293595
2020-08-01,444,Building Material & Garden Equipment,36148.0,True,CENSUS_MRTS,2025-10-25 23:04:12.293595
2020-10-01,444,Building Material & Garden Equipment,36025.0,True,CENSUS_MRTS,2025-10-25 23:04:12.293595
2020-11-01,444,Building Material & Garden Equipment,36236.0,True,CENSUS_MRTS,2025-10-25 23:04:12.293595
2020-12-01,444,Building Material & Garden Equipment,36208.0,True,CENSUS_MRTS,2025-10-25 23:04:12.293595
2020-01-01,444,Building Material & Garden Equipment,1.7,True,CENSUS_MRTS,2025-10-25 23:04:12.293595
2020-03-01,444,Building Material & Garden Equipment,1.6,True,CENSUS_MRTS,2025-10-25 23:04:12.293595
2020-04-01,444,Building Material & Garden Equipment,1.7,True,CENSUS_MRTS,2025-10-25 23:04:12.293595
2020-05-01,444,Building Material & Garden Equipment,1.6,True,CENSUS_MRTS,2025-10-25 23:04:12.293595
2020-06-01,444,Building Material & Garden Equipment,1.6,True,CENSUS_MRTS,2025-10-25 23:04:12.293595
2020-07-01,444,Building Material & Garden Equipment,1.6,True,CENSUS_MRTS,2025-10-25 23:04:12.293595
2020-09-01,444,Building Material & Garden Equipment,2.0,True,CENSUS_MRTS,2025-10-25 23:04:12.293595
2020-10-01,444,Building Material & Garden Equipment,2.0,True,CENSUS_MRTS,2025-10-25 23:04:12.293595
2020-11-01,444,Building Material & Garden Equipment,1.9,True,CENSUS_MRTS,2025-10-25 23:04:12.293595
2020-12-01,444,Building Material & Garden Equipment,1.8,True,CENSUS_MRTS,2025-10-25 23:04:12.293595
2020-03-01,444,Building Material & Garden Equipment,59685.0,False,CENSUS_MRTS,2025-10-25 23:04:12.293595
2018-01-01,444,Building Material & Garden Equipment,50541.0,False,CENSUS_MRTS,2025-10-25 23:04:12.293595
2018-02-01,444,Building Material & Garden Equipment,53413.0,False,CENSUS_MRTS,2025-10-25 23:04:12.293595
2018-03-01,444,Building Material & Garden Equipment,55595.0,False,CENSUS_MRTS,2025-10-25 23:04:12.293595
2018-04-01,444,Building Material & Garden Equipment,56079.0,False,CENSUS_MRTS,2025-10-25 23:04:12.293595
2018-05-01,444,Building Material & Garden Equipment,55325.0,False,CENSUS_MRTS,2025-10-25 23:04:12.293595
2018-06-01,444,Building Material & Garden Equipment,54381.0,False,CENSUS_MRTS,2025-10-25 23:04:12.293595
2018-07-01,444,Building Material & Garden Equipment,53565.0,False,CENSUS_MRTS,2025-10-25 23:04:12.293595
2018-08-01,444,Building Material & Garden Equipment,53902.0,False,CENSUS_MRTS,2025-10-25 23:04:12.293595
2018-09-01,444,Building Material & Garden Equipment,54284.0,False,CENSUS_MRTS,2025-10-25 23:04:12.293595
2018-10-01,444,Building Material & Garden Equipment,54518.0,False,CENSUS_MRTS,2025-10-25 23:04:12.293595
2018-11-01,444,Building Material & Garden Equipment,53180.0,False,CENSUS_MRTS,2025-10-25 23:04:12.293595
2018-12-01,444,Building Material & Garden Equipment,52447.0,False,CENSUS_MRTS,2025-10-25 23:04:12.293595
2018-01-01,444,Building Material & Garden Equipment,1.8,False,CENSUS_MRTS,2025-10-25 23:04:12.293595
2018-02-01,444,Building Material & Garden Equipment,1.7,False,CENSUS_MRTS,2025-10-25 23:04:12.293595
2018-03-01,444,Building Material & Garden Equipment,1.2,False,CENSUS_MRTS,2025-10-25 23:04:12.293595
2018-04-01,444,Building Material & Garden Equipment,1.2,False,CENSUS_MRTS,2025-10-25 23:04:12.293595
2018-05-01,444,Building Material & Garden Equipment,1.1,False,CENSUS_MRTS,2025-10-25 23:04:12.293595
2018-06-01,444,Building Material & Garden Equipment,1.1,False,CENSUS_MRTS,2025-10-25 23:04:12.293595
2018-07-01,444,Building Material & Garden Equipment,1.2,False,CENSUS_MRTS,2025-10-25 23:04:12.293595
2018-08-01,444,Building Material & Garden Equipment,1.3,False,CENSUS_MRTS,2025-10-25 23:04:12.293595
2018-09-01,444,Building Material & Garden Equipment,1.3,False,CENSUS_MRTS,2025-10-25 23:04:12.293595
2018-10-01,444,Building Material & Garden Equipment,1.4,False,CENSUS_MRTS,2025-10-25 23:04:12.293595
2018-11-01,444,Building Material & Garden Equipment,1.4,False,CENSUS_MRTS,2025-10-25 23:04:12.293595
2018-12-01,444,Building Material & Garden Equipment,1.4,False,CENSUS_MRTS,2025-10-25 23:04:12.293595
2018-01-01,444,Building Material & Garden Equipment,52050.0,True,CENSUS_MRTS,2025-10-25 23:04:12.293595
2018-02-01,444,Building Material & Garden Equipment,52520.0,True,CENSUS_MRTS,2025-10-25 23:04:12.293595
2018-03-01,444,Building Material & Garden Equipment,52847.0,True,CENSUS_MRTS,2025-10-25 23:04:12.293595
2018-04-01,444,Building Material & Garden Equipment,53055.0,True,CENSUS_MRTS,2025-10-25 23:04:12.293595
2018-05-01,444,Building Material & Garden Equipment,53454.0,True,CENSUS_MRTS,2025-10-25 23:04:12.293595
2018-06-01,444,Building Material & Garden Equipment,54272.0,True,CENSUS_MRTS,2025-10-25 23:04:12.293595
2018-07-01,444,Building Material & Garden Equipment,54547.0,True,CENSUS_MRTS,2025-10-25 23:04:12.293595
2018-08-01,444,Building Material & Garden Equipment,55002.0,True,CENSUS_MRTS,2025-10-25 23:04:12.293595
2018-10-01,444,Building Material & Garden Equipment,54902.0,True,CENSUS_MRTS,2025-10-25 23:04:12.293595
2018-11-01,444,Building Material & Garden Equipment,54768.0,True,CENSUS_MRTS,2025-10-25 23:04:12.293595
2018-12-01,444,Building Material & Garden Equipment,55034.0,True,CENSUS_MRTS,2025-10-25 23:04:12.293595
2018-01-01,444,Building Material & Garden Equipment,1.8,True,CENSUS_MRTS,2025-10-25 23:04:12.293595
2018-02-01,444,Building Material & Garden Equipment,1.7,True,CENSUS_MRTS,2025-10-25 23:04:12.293595
2018-04-01,444,Building Material & Garden Equipment,1.2,True,CENSUS_MRTS,2025-10-25 23:04:12.293595
2018-05-01,444,Building Material & Garden Equipment,1.1,True,CENSUS_MRTS,2025-10-25 23:04:12.293595
2018-06-01,444,Building Material & Garden Equipment,1.1,True,CENSUS_MRTS,2025-10-25 23:04:12.293595
2018-07-01,444,Building Material & Garden Equipment,1.2,True,CENSUS_MRTS,2025-10-25 23:04:12.293595
2018-08-01,444,Building Material & Garden Equipment,1.3,True,CENSUS_MRTS,2025-10-25 23:04:12.293595
2018-10-01,444,Building Material & Garden Equipment,1.4,True,CENSUS_MRTS,2025-10-25 23:04:12.293595
2018-11-01,444,Building Material & Garden Equipment,1.4,True,CENSUS_MRTS,2025-10-25 23:04:12.293595
2018-12-01,444,Building Material & Garden Equipment,1.4,True,CENSUS_MRTS,2025-10-25 23:04:12.293595
2018-01-01,444,Building Material & Garden Equipment,2.16,False,CENSUS_MRTS,2025-10-25 23:04:12.293595
2018-03-01,444,Building Material & Garden Equipment,1.88,False,CENSUS_MRTS,2025-10-25 23:04:12.293595
2018-04-01,444,Building Material & Garden Equipment,1.76,False,CENSUS_MRTS,2025-10-25 23:04:12.293595
2018-05-01,444,Building Material & Garden Equipment,1.46,False,CENSUS_MRTS,2025-10-25 23:04:12.293595
2018-06-01,444,Building Material & Garden Equipment,1.56,False,CENSUS_MRTS,2025-10-25 23:04:12.293595
2018-07-01,444,Building Material & Garden Equipment,1.62,False,CENSUS_MRTS,2025-10-25 23:04:12.293595
2018-09-01,444,Building Material & Garden Equipment,1.86,False,CENSUS_MRTS,2025-10-25 23:04:12.293595
2018-10-01,444,Building Material & Garden Equipment,1.69,False,CENSUS_MRTS,2025-10-25 23:04:12.293595
2018-11-01,444,Building Material & Garden Equipment,1.79,False,CENSUS_MRTS,2025-10-25 23:04:12.293595
2018-12-01,444,Building Material & Garden Equipment,1.91,False,CENSUS_MRTS,2025-10-25 23:04:12.293595
2018-02-01,444,Building Material & Garden Equipment,0.03,False,CENSUS_MRTS,2025-10-25 23:04:12.293595
2018-03-01,444,Building Material & Garden Equipment,0.03,False,CENSUS_MRTS,2025-10-25 23:04:12.293595
2018-04-01,444,Building Material & Garden Equipment,0.03,False,CENSUS_MRTS,2025-10-25 23:04:12.293595
2018-05-01,444,Building Material & Garden Equipment,0.02,False,CENSUS_MRTS,2025-10-25 23:04:12.293595
2018-06-01,444,Building Material & Garden Equipment,0.02,False,CENSUS_MRTS,2025-10-25 23:04:12.293595
2018-08-01,444,Building Material & Garden Equipment,0.03,False,CENSUS_MRTS,2025-10-25 23:04:12.293595
2018-09-01,444,Building Material & Garden Equipment,0.03,False,CENSUS_MRTS,2025-10-25 23:04:12.293595
2018-10-01,444,Building Material & Garden Equipment,0.03,False,CENSUS_MRTS,2025-10-25 23:04:12.293595
2018-10-01,444,Building Material & Garden Equipment,10.7,False,CENSUS_MRTS,2025-10-25 23:04:12.293595
2018-03-01,444,Building Material & Garden Equipment,0.7,False,CENSUS_MRTS,2025-10-25 23:04:12.293595
2018-09-01,444,Building Material & Garden Equipment,0.3,False,CENSUS_MRTS,2025-10-25 23:04:12.293595
2018-03-01,444,Building Material & Garden Equipment,-1.1,True,CENSUS_MRTS,2025-10-25 23:04:12.293595
2018-09-01,444,Building Material & Garden Equipment,0.6,True,CENSUS_MRTS,2025-10-25 23:04:12.293595
2018-03-01,444,Building Material & Garden Equipment,0.7,True,CENSUS_MRTS,2025-10-25 23:04:12.293595
2018-09-01,444,Building Material & Garden Equipment,0.3,True,CENSUS_MRTS,2025-10-25 23:04:12.293595
2018-11-01,444,Building Material & Garden Equipment,0.03,False,CENSUS_MRTS,2025-10-25 23:04:12.293595
2018-12-01,444,Building Material & Garden Equipment,0.03,False,CENSUS_MRTS,2025-10-25 23:04:12.293595
2018-01-01,444,Building Material & Garden Equipment,1.81,True,CENSUS_MRTS,2025-10-25 23:04:12.293595
2018-02-01,444,Building Material & Garden Equipment,1.77,True,CENSUS_MRTS,2025-10-25 23:04:12.293595
2018-03-01,444,Building Material & Garden Equipment,1.8,True,CENSUS_MRTS,2025-10-25 23:04:12.293595
2018-04-01,444,Building Material & Garden Equipment,1.79,True,CENSUS_MRTS,2025-10-25 23:04:12.293595
2018-05-01,444,Building Material & Garden Equipment,1.75,True,CENSUS_MRTS,2025-10-25 23:04:12.293595
2018-06-01,444,Building Material & Garden Equipment,1.75,True,CENSUS_MRTS,2025-10-25 23:04:12.293595
2018-07-01,444,Building Material & Garden Equipment,1.75,True,CENSUS_MRTS,2025-10-25 23:04:12.293595
2018-08-01,444,Building Material & Garden Equipment,1.79,True,CENSUS_MRTS,2025-10-25 23:04:12.293595
2018-09-01,444,Building Material & Garden Equipment,1.78,True,CENSUS_MRTS,2025-10-25 23:04:12.293595
2018-10-01,444,Building Material & Garden Equipment,1.75,True,CENSUS_MRTS,2025-10-25 23:04:12.293595
2018-11-01,444,Building Material & Garden Equipment,1.78,True,CENSUS_MRTS,2025-10-25 23:04:12.293595
2018-12-01,444,Building Material & Garden Equipment,1.79,True,CENSUS_MRTS,2025-10-25 23:04:12.293595
2018-01-01,444,Building Material & Garden Equipment,0.03,True,CENSUS_MRTS,2025-10-25 23:04:12.293595
2018-02-01,444,Building Material & Garden Equipment,0.03,True,CENSUS_MRTS,2025-10-25 23:04:12.293595
2018-03-01,444,Building Material & Garden Equipment,0.03,True,CENSUS_MRTS,2025-10-25 23:04:12.293595
2018-04-01,444,Building Material & Garden Equipment,0.03,True,CENSUS_MRTS,2025-10-25 23:04:12.293595
2018-05-01,444,Building Material & Garden Equipment,0.02,True,CENSUS_MRTS,2025-10-25 23:04:12.293595
2018-06-01,444,Building Material & Garden Equipment,0.02,True,CENSUS_MRTS,2025-10-25 23:04:12.293595
2018-07-01,444,Building Material & Garden Equipment,0.02,True,CENSUS_MRTS,2025-10-25 23:04:12.293595
2018-08-01,444,Building Material & Garden Equipment,0.03,True,CENSUS_MRTS,2025-10-25 23:04:12.293595
2018-09-01,444,Building Material & Garden Equipment,0.03,True,CENSUS_MRTS,2025-10-25 23:04:12.293595
2018-10-01,444,Building Material & Garden Equipment,0.03,True,CENSUS_MRTS,2025-10-25 23:04:12.293595
2018-11-01,444,Building Material & Garden Equipment,0.03,True,CENSUS_MRTS,2025-10-25 23:04:12.293595
2018-12-01,444,Building Material & Garden Equipment,0.03,True,CENSUS_MRTS,2025-10-25 23:04:12.293595
2018-01-01,444,Building Material & Garden Equipment,2.7,False,CENSUS_MRTS,2025-10-25 23:04:12.293595
2018-02-01,444,Building Material & Garden Equipment,5.7,False,CENSUS_MRTS,2025-10-25 23:04:12.293595
2018-03-01,444,Building Material & Garden Equipment,4.1,False,CENSUS_MRTS,2025-10-25 23:04:12.293595
2018-04-01,444,Building Material & Garden Equipment,0.9,False,CENSUS_MRTS,2025-10-25 23:04:12.293595
2018-05-01,444,Building Material & Garden Equipment,-1.3,False,CENSUS_MRTS,2025-10-25 23:04:12.293595
2018-06-01,444,Building Material & Garden Equipment,-1.7,False,CENSUS_MRTS,2025-10-25 23:04:12.293595
2018-07-01,444,Building Material & Garden Equipment,-1.5,False,CENSUS_MRTS,2025-10-25 23:04:12.293595
2018-08-01,444,Building Material & Garden Equipment,0.6,False,CENSUS_MRTS,2025-10-25 23:04:12.293595
2018-09-01,444,Building Material & Garden Equipment,0.7,False,CENSUS_MRTS,2025-10-25 23:04:12.293595
2018-10-01,444,Building Material & Garden Equipment,0.4,False,CENSUS_MRTS,2025-10-25 23:04:12.293595
2018-11-01,444,Building Material & Garden Equipment,-2.5,False,CENSUS_MRTS,2025-10-25 23:04:12.293595
2018-12-01,444,Building Material & Garden Equipment,-1.4,False,CENSUS_MRTS,2025-10-25 23:04:12.293595
2018-01-01,444,Building Material & Garden Equipment,0.4,False,CENSUS_MRTS,2025-10-25 23:04:12.293595
2018-02-01,444,Building Material & Garden Equipment,0.2,False,CENSUS_MRTS,2025-10-25 23:04:12.293595
2018-03-01,444,Building Material & Garden Equipment,0.3,False,CENSUS_MRTS,2025-10-25 23:04:12.293595
2018-04-01,444,Building Material & Garden Equipment,0.2,False,CENSUS_MRTS,2025-10-25 23:04:12.293595
2018-05-01,444,Building Material & Garden Equipment,0.2,False,CENSUS_MRTS,2025-10-25 23:04:12.293595
2018-06-01,444,Building Material & Garden Equipment,0.2,False,CENSUS_MRTS,2025-10-25 23:04:12.293595
2018-07-01,444,Building Material & Garden Equipment,0.2,False,CENSUS_MRTS,2025-10-25 23:04:12.293595
2018-08-01,444,Building Material & Garden Equipment,0.3,False,CENSUS_MRTS,2025-10-25 23:04:12.293595
2018-09-01,444,Building Material & Garden Equipment,0.2,False,CENSUS_MRTS,2025-10-25 23:04:12.293595
2018-10-01,444,Building Material & Garden Equipment,0.2,False,CENSUS_MRTS,2025-10-25 23:04:12.293595
2018-11-01,444,Building Material & Garden Equipment,0.2,False,CENSUS_MRTS,2025-10-25 23:04:12.293595
2018-12-01,444,Building Material & Garden Equipment,0.3,False,CENSUS_MRTS,2025-10-25 23:04:12.293595
2018-01-01,444,Building Material & Garden Equipment,0.5,True,CENSUS_MRTS,2025-10-25 23:04:12.293595
2018-02-01,444,Building Material & Garden Equipment,0.9,True,CENSUS_MRTS,2025-10-25 23:04:12.293595
2018-03-01,444,Building Material & Garden Equipment,0.6,True,CENSUS_MRTS,2025-10-25 23:04:12.293595
2018-04-01,444,Building Material & Garden Equipment,0.4,True,CENSUS_MRTS,2025-10-25 23:04:12.293595
2018-05-01,444,Building Material & Garden Equipment,0.8,True,CENSUS_MRTS,2025-10-25 23:04:12.293595
2018-06-01,444,Building Material & Garden Equipment,1.5,True,CENSUS_MRTS,2025-10-25 23:04:12.293595
2018-07-01,444,Building Material & Garden Equipment,0.5,True,CENSUS_MRTS,2025-10-25 23:04:12.293595
2018-08-01,444,Building Material & Garden Equipment,0.8,True,CENSUS_MRTS,2025-10-25 23:04:12.293595
2018-09-01,444,Building Material & Garden Equipment,0.0,True,CENSUS_MRTS,2025-10-25 23:04:12.293595
2018-10-01,444,Building Material & Garden Equipment,-0.2,True,CENSUS_MRTS,2025-10-25 23:04:12.293595
2018-11-01,444,Building Material & Garden Equipment,-0.2,True,CENSUS_MRTS,2025-10-25 23:04:12.293595
2018-12-01,444,Building Material & Garden Equipment,0.5,True,CENSUS_MRTS,2025-10-25 23:04:12.293595
2018-01-01,444,Building Material & Garden Equipment,0.4,True,CENSUS_MRTS,2025-10-25 23:04:12.293595
2018-02-01,444,Building Material & Garden Equipment,0.2,True,CENSUS_MRTS,2025-10-25 23:04:12.293595
2018-03-01,444,Building Material & Garden Equipment,0.3,True,CENSUS_MRTS,2025-10-25 23:04:12.293595
2018-04-01,444,Building Material & Garden Equipment,0.2,True,CENSUS_MRTS,2025-10-25 23:04:12.293595
2018-05-01,444,Building Material & Garden Equipment,0.2,True,CENSUS_MRTS,2025-10-25 23:04:12.293595
2018-06-01,444,Building Material & Garden Equipment,0.2,True,CENSUS_MRTS,2025-10-25 23:04:12.293595
2018-07-01,444,Building Material & Garden Equipment,0.2,True,CENSUS_MRTS,2025-10-25 23:04:12.293595
2018-08-01,444,Building Material & Garden Equipment,0.3,True,CENSUS_MRTS,2025-10-25 23:04:12.293595
2018-09-01,444,Building Material & Garden Equipment,0.2,True,CENSUS_MRTS,2025-10-25 23:04:12.293595
2018-10-01,444,Building Material & Garden Equipment,0.2,True,CENSUS_MRTS,2025-10-25 23:04:12.293595
2018-11-01,444,Building Material & Garden Equipment,0.2,True,CENSUS_MRTS,2025-10-25 23:04:12.293595
2018-12-01,444,Building Material & Garden Equipment,0.3,True,CENSUS_MRTS,2025-10-25 23:04:12.293595
2018-01-01,444,Building Material & Garden Equipment,-11.9,False,CENSUS_MRTS,2025-10-25 23:04:12.293595
2018-02-01,444,Building Material & Garden Equipment,-0.1,False,CENSUS_MRTS,2025-10-25 23:04:12.293595
2018-03-01,444,Building Material & Garden Equipment,26.6,False,CENSUS_MRTS,2025-10-25 23:04:12.293595
2018-04-01,444,Building Material & Garden Equipment,7.7,False,CENSUS_MRTS,2025-10-25 23:04:12.293595
2018-05-01,444,Building Material & Garden Equipment,18.5,False,CENSUS_MRTS,2025-10-25 23:04:12.293595
2018-06-01,444,Building Material & Garden Equipment,-7.8,False,CENSUS_MRTS,2025-10-25 23:04:12.293595
2018-07-01,444,Building Material & Garden Equipment,-5.2,False,CENSUS_MRTS,2025-10-25 23:04:12.293595
2018-08-01,444,Building Material & Garden Equipment,-3.2,False,CENSUS_MRTS,2025-10-25 23:04:12.293595
2018-09-01,444,Building Material & Garden Equipment,-8.6,False,CENSUS_MRTS,2025-10-25 23:04:12.293595
2018-11-01,444,Building Material & Garden Equipment,-8.0,False,CENSUS_MRTS,2025-10-25 23:04:12.293595
2018-12-01,444,Building Material & Garden Equipment,-7.9,False,CENSUS_MRTS,2025-10-25 23:04:12.293595
2018-01-01,444,Building Material & Garden Equipment,0.6,False,CENSUS_MRTS,2025-10-25 23:04:12.293595
2018-02-01,444,Building Material & Garden Equipment,0.4,False,CENSUS_MRTS,2025-10-25 23:04:12.293595
2018-04-01,444,Building Material & Garden Equipment,0.5,False,CENSUS_MRTS,2025-10-25 23:04:12.293595
2018-05-01,444,Building Material & Garden Equipment,0.6,False,CENSUS_MRTS,2025-10-25 23:04:12.293595
2018-06-01,444,Building Material & Garden Equipment,0.4,False,CENSUS_MRTS,2025-10-25 23:04:12.293595
2018-07-01,444,Building Material & Garden Equipment,0.4,False,CENSUS_MRTS,2025-10-25 23:04:12.293595
2018-08-01,444,Building Material & Garden Equipment,0.3,False,CENSUS_MRTS,2025-10-25 23:04:12.293595
2018-10-01,444,Building Material & Garden Equipment,0.4,False,CENSUS_MRTS,2025-10-25 23:04:12.293595
2018-11-01,444,Building Material & Garden Equipment,0.4,False,CENSUS_MRTS,2025-10-25 23:04:12.293595
2018-12-01,444,Building Material & Garden Equipment,0.4,False,CENSUS_MRTS,2025-10-25 23:04:12.293595
2018-01-01,444,Building Material & Garden Equipment,-3.5,True,CENSUS_MRTS,2025-10-25 23:04:12.293595
2018-02-01,444,Building Material & Garden Equipment,3.3,True,CENSUS_MRTS,2025-10-25 23:04:12.293595
2018-04-01,444,Building Material & Garden Equipment,0.7,True,CENSUS_MRTS,2025-10-25 23:04:12.293595
2018-05-01,444,Building Material & Garden Equipment,2.8,True,CENSUS_MRTS,2025-10-25 23:04:12.293595
2018-06-01,444,Building Material & Garden Equipment,1.6,True,CENSUS_MRTS,2025-10-25 23:04:12.293595
2018-07-01,444,Building Material & Garden Equipment,0.4,True,CENSUS_MRTS,2025-10-25 23:04:12.293595
2018-08-01,444,Building Material & Garden Equipment,-1.2,True,CENSUS_MRTS,2025-10-25 23:04:12.293595
2018-10-01,444,Building Material & Garden Equipment,1.6,True,CENSUS_MRTS,2025-10-25 23:04:12.293595
2018-11-01,444,Building Material & Garden Equipment,-2.0,True,CENSUS_MRTS,2025-10-25 23:04:12.293595
2018-12-01,444,Building Material & Garden Equipment,-0.1,True,CENSUS_MRTS,2025-10-25 23:04:12.293595
2018-01-01,444,Building Material & Garden Equipment,0.6,True,CENSUS_MRTS,2025-10-25 23:04:12.293595
2018-02-01,444,Building Material & Garden Equipment,0.4,True,CENSUS_MRTS,2025-10-25 23:04:12.293595
2018-04-01,444,Building Material & Garden Equipment,0.5,True,CENSUS_MRTS,2025-10-25 23:04:12.293595
2018-05-01,444,Building Material & Garden Equipment,0.6,True,CENSUS_MRTS,2025-10-25 23:04:12.293595
2018-06-01,444,Building Material & Garden Equipment,0.4,True,CENSUS_MRTS,2025-10-25 23:04:12.293595
2018-07-01,444,Building Material & Garden Equipment,0.4,True,CENSUS_MRTS,2025-10-25 23:04:12.293595
2018-08-01,444,Building Material & Garden Equipment,0.3,True,CENSUS_MRTS,2025-10-25 23:04:12.293595
2018-10-01,444,Building Material & Garden Equipment,0.4,True,CENSUS_MRTS,2025-10-25 23:04:12.293595
2018-11-01,444,Building Material & Garden Equipment,0.4,True,CENSUS_MRTS,2025-10-25 23:04:12.293595
2018-12-01,444,Building Material & Garden Equipment,0.4,True,CENSUS_MRTS,2025-10-25 23:04:12.293595
2018-01-01,444,Building Material & Garden Equipment,23406.0,False,CENSUS_MRTS,2025-10-25 23:04:12.293595
2024-02-01,444,Building Material & Garden Equipment,0.06,True,CENSUS_MRTS,2025-10-25 23:04:12.293595
2024-08-01,444,Building Material & Garden Equipment,0.05,True,CENSUS_MRTS,2025-10-25 23:04:12.293595
2024-02-01,444,Building Material & Garden Equipment,3.6,False,CENSUS_MRTS,2025-10-25 23:04:12.293595
2024-07-01,444,Building Material & Garden Equipment,-0.7,False,CENSUS_MRTS,2025-10-25 23:04:12.293595
2024-01-01,444,Building Material & Garden Equipment,0.2,False,CENSUS_MRTS,2025-10-25 23:04:12.293595
2024-07-01,444,Building Material & Garden Equipment,0.3,False,CENSUS_MRTS,2025-10-25 23:04:12.293595
2024-01-01,444,Building Material & Garden Equipment,-0.4,True,CENSUS_MRTS,2025-10-25 23:04:12.293595
2024-07-01,444,Building Material & Garden Equipment,0.9,True,CENSUS_MRTS,2025-10-25 23:04:12.293595
2018-02-01,444,Building Material & Garden Equipment,23391.0,False,CENSUS_MRTS,2025-10-25 23:04:12.293595
2018-03-01,444,Building Material & Garden Equipment,29618.0,False,CENSUS_MRTS,2025-10-25 23:04:12.293595
2018-04-01,444,Building Material & Garden Equipment,31905.0,False,CENSUS_MRTS,2025-10-25 23:04:12.293595
2018-05-01,444,Building Material & Garden Equipment,37806.0,False,CENSUS_MRTS,2025-10-25 23:04:12.293595
2018-06-01,444,Building Material & Garden Equipment,34857.0,False,CENSUS_MRTS,2025-10-25 23:04:12.293595
2018-07-01,444,Building Material & Garden Equipment,33031.0,False,CENSUS_MRTS,2025-10-25 23:04:12.293595
2018-08-01,444,Building Material & Garden Equipment,31962.0,False,CENSUS_MRTS,2025-10-25 23:04:12.293595
2018-09-01,444,Building Material & Garden Equipment,29217.0,False,CENSUS_MRTS,2025-10-25 23:04:12.293595
2018-10-01,444,Building Material & Garden Equipment,32350.0,False,CENSUS_MRTS,2025-10-25 23:04:12.293595
2018-11-01,444,Building Material & Garden Equipment,29776.0,False,CENSUS_MRTS,2025-10-25 23:04:12.293595
2018-12-01,444,Building Material & Garden Equipment,27420.0,False,CENSUS_MRTS,2025-10-25 23:04:12.293595
2018-01-01,444,Building Material & Garden Equipment,2.0,False,CENSUS_MRTS,2025-10-25 23:04:12.293595
2018-02-01,444,Building Material & Garden Equipment,2.0,False,CENSUS_MRTS,2025-10-25 23:04:12.293595
2018-03-01,444,Building Material & Garden Equipment,1.3,False,CENSUS_MRTS,2025-10-25 23:04:12.293595
2018-04-01,444,Building Material & Garden Equipment,1.2,False,CENSUS_MRTS,2025-10-25 23:04:12.293595
2018-05-01,444,Building Material & Garden Equipment,1.3,False,CENSUS_MRTS,2025-10-25 23:04:12.293595
2018-06-01,444,Building Material & Garden Equipment,1.4,False,CENSUS_MRTS,2025-10-25 23:04:12.293595
2018-07-01,444,Building Material & Garden Equipment,1.5,False,CENSUS_MRTS,2025-10-25 23:04:12.293595
2018-08-01,444,Building Material & Garden Equipment,1.6,False,CENSUS_MRTS,2025-10-25 23:04:12.293595
2018-09-01,444,Building Material & Garden Equipment,1.6,False,CENSUS_MRTS,2025-10-25 23:04:12.293595
2018-10-01,444,Building Material & Garden Equipment,1.7,False,CENSUS_MRTS,2025-10-25 23:04:12.293595
2018-11-01,444,Building Material & Garden Equipment,1.6,False,CENSUS_MRTS,2025-10-25 23:04:12.293595
2018-12-01,444,Building Material & Garden Equipment,1.6,False,CENSUS_MRTS,2025-10-25 23:04:12.293595
2018-01-01,444,Building Material & Garden Equipment,28805.0,True,CENSUS_MRTS,2025-10-25 23:04:12.293595
2018-02-01,444,Building Material & Garden Equipment,29754.0,True,CENSUS_MRTS,2025-10-25 23:04:12.293595
2018-03-01,444,Building Material & Garden Equipment,29427.0,True,CENSUS_MRTS,2025-10-25 23:04:12.293595
2018-04-01,444,Building Material & Garden Equipment,29637.0,True,CENSUS_MRTS,2025-10-25 23:04:12.293595
2018-05-01,444,Building Material & Garden Equipment,30464.0,True,CENSUS_MRTS,2025-10-25 23:04:12.293595
2018-06-01,444,Building Material & Garden Equipment,30962.0,True,CENSUS_MRTS,2025-10-25 23:04:12.293595
2018-07-01,444,Building Material & Garden Equipment,31095.0,True,CENSUS_MRTS,2025-10-25 23:04:12.293595
2018-08-01,444,Building Material & Garden Equipment,30714.0,True,CENSUS_MRTS,2025-10-25 23:04:12.293595
2018-09-01,444,Building Material & Garden Equipment,30883.0,True,CENSUS_MRTS,2025-10-25 23:04:12.293595
2018-10-01,444,Building Material & Garden Equipment,31386.0,True,CENSUS_MRTS,2025-10-25 23:04:12.293595
2018-11-01,444,Building Material & Garden Equipment,30743.0,True,CENSUS_MRTS,2025-10-25 23:04:12.293595
2018-12-01,444,Building Material & Garden Equipment,30713.0,True,CENSUS_MRTS,2025-10-25 23:04:12.293595
2018-01-01,444,Building Material & Garden Equipment,2.0,True,CENSUS_MRTS,2025-10-25 23:04:12.293595
2018-02-01,444,Building Material & Garden Equipment,2.0,True,CENSUS_MRTS,2025-10-25 23:04:12.293595
2018-03-01,444,Building Material & Garden Equipment,1.3,True,CENSUS_MRTS,2025-10-25 23:04:12.293595
2018-04-01,444,Building Material & Garden Equipment,1.2,True,CENSUS_MRTS,2025-10-25 23:04:12.293595
2018-05-01,444,Building Material & Garden Equipment,1.3,True,CENSUS_MRTS,2025-10-25 23:04:12.293595
2018-06-01,444,Building Material & Garden Equipment,1.4,True,CENSUS_MRTS,2025-10-25 23:04:12.293595
2018-07-01,444,Building Material & Garden Equipment,1.5,True,CENSUS_MRTS,2025-10-25 23:04:12.293595
2018-08-01,444,Building Material & Garden Equipment,1.6,True,CENSUS_MRTS,2025-10-25 23:04:12.293595
2018-09-01,444,Building Material & Garden Equipment,1.6,True,CENSUS_MRTS,2025-10-25 23:04:12.293595
2018-10-01,444,Building Material & Garden Equipment,1.7,True,CENSUS_MRTS,2025-10-25 23:04:12.293595
2018-11-01,444,Building Material & Garden Equipment,1.6,True,CENSUS_MRTS,2025-10-25 23:04:12.293595
2018-12-01,444,Building Material & Garden Equipment,1.6,True,CENSUS_MRTS,2025-10-25 23:04:12.293595
2023-01-01,444,Building Material & Garden Equipment,83233.0,False,CENSUS_MRTS,2025-10-25 23:04:12.293595
2023-02-01,444,Building Material & Garden Equipment,85130.0,False,CENSUS_MRTS,2025-10-25 23:04:12.293595
2023-03-01,444,Building Material & Garden Equipment,86681.0,False,CENSUS_MRTS,2025-10-25 23:04:12.293595
2023-04-01,444,Building Material & Garden Equipment,86222.0,False,CENSUS_MRTS,2025-10-25 23:04:12.293595
2023-05-01,444,Building Material & Garden Equipment,83270.0,False,CENSUS_MRTS,2025-10-25 23:04:12.293595
2023-06-01,444,Building Material & Garden Equipment,80843.0,False,CENSUS_MRTS,2025-10-25 23:04:12.293595
2023-07-01,444,Building Material & Garden Equipment,78778.0,False,CENSUS_MRTS,2025-10-25 23:04:12.293595
2023-08-01,444,Building Material & Garden Equipment,78611.0,False,CENSUS_MRTS,2025-10-25 23:04:12.293595
2023-09-01,444,Building Material & Garden Equipment,78640.0,False,CENSUS_MRTS,2025-10-25 23:04:12.293595
2023-10-01,444,Building Material & Garden Equipment,78481.0,False,CENSUS_MRTS,2025-10-25 23:04:12.293595
2023-11-01,444,Building Material & Garden Equipment,76168.0,False,CENSUS_MRTS,2025-10-25 23:04:12.293595
2023-12-01,444,Building Material & Garden Equipment,74978.0,False,CENSUS_MRTS,2025-10-25 23:04:12.293595
2023-01-01,444,Building Material & Garden Equipment,1.6,False,CENSUS_MRTS,2025-10-25 23:04:12.293595
2023-02-01,444,Building Material & Garden Equipment,1.5,False,CENSUS_MRTS,2025-10-25 23:04:12.293595
2023-03-01,444,Building Material & Garden Equipment,1.5,False,CENSUS_MRTS,2025-10-25 23:04:12.293595
2023-04-01,444,Building Material & Garden Equipment,1.5,False,CENSUS_MRTS,2025-10-25 23:04:12.293595
2023-05-01,444,Building Material & Garden Equipment,1.6,False,CENSUS_MRTS,2025-10-25 23:04:12.293595
2023-06-01,444,Building Material & Garden Equipment,1.7,False,CENSUS_MRTS,2025-10-25 23:04:12.293595
2023-07-01,444,Building Material & Garden Equipment,1.7,False,CENSUS_MRTS,2025-10-25 23:04:12.293595
2023-08-01,444,Building Material & Garden Equipment,1.7,False,CENSUS_MRTS,2025-10-25 23:04:12.293595
2023-09-01,444,Building Material & Garden Equipment,1.6,False,CENSUS_MRTS,2025-10-25 23:04:12.293595
2023-10-01,444,Building Material & Garden Equipment,1.7,False,CENSUS_MRTS,2025-10-25 23:04:12.293595
2023-11-01,444,Building Material & Garden Equipment,1.8,False,CENSUS_MRTS,2025-10-25 23:04:12.293595
2023-12-01,444,Building Material & Garden Equipment,1.8,False,CENSUS_MRTS,2025-10-25 23:04:12.293595
2023-01-01,444,Building Material & Garden Equipment,84586.0,True,CENSUS_MRTS,2025-10-25 23:04:12.293595
2023-02-01,444,Building Material & Garden Equipment,83379.0,True,CENSUS_MRTS,2025-10-25 23:04:12.293595
2023-03-01,444,Building Material & Garden Equipment,82318.0,True,CENSUS_MRTS,2025-10-25 23:04:12.293595
2023-04-01,444,Building Material & Garden Equipment,81882.0,True,CENSUS_MRTS,2025-10-25 23:04:12.293595
2023-05-01,444,Building Material & Garden Equipment,81002.0,True,CENSUS_MRTS,2025-10-25 23:04:12.293595
2023-06-01,444,Building Material & Garden Equipment,80924.0,True,CENSUS_MRTS,2025-10-25 23:04:12.293595
2023-07-01,444,Building Material & Garden Equipment,80222.0,True,CENSUS_MRTS,2025-10-25 23:04:12.293595
2023-08-01,444,Building Material & Garden Equipment,80462.0,True,CENSUS_MRTS,2025-10-25 23:04:12.293595
2023-09-01,444,Building Material & Garden Equipment,80081.0,True,CENSUS_MRTS,2025-10-25 23:04:12.293595
2023-10-01,444,Building Material & Garden Equipment,79515.0,True,CENSUS_MRTS,2025-10-25 23:04:12.293595
2023-11-01,444,Building Material & Garden Equipment,78524.0,True,CENSUS_MRTS,2025-10-25 23:04:12.293595
2023-12-01,444,Building Material & Garden Equipment,77859.0,True,CENSUS_MRTS,2025-10-25 23:04:12.293595
2023-01-01,444,Building Material & Garden Equipment,1.6,True,CENSUS_MRTS,2025-10-25 23:04:12.293595
2023-02-01,444,Building Material & Garden Equipment,1.5,True,CENSUS_MRTS,2025-10-25 23:04:12.293595
2023-03-01,444,Building Material & Garden Equipment,1.5,True,CENSUS_MRTS,2025-10-25 23:04:12.293595
2023-04-01,444,Building Material & Garden Equipment,1.5,True,CENSUS_MRTS,2025-10-25 23:04:12.293595
2023-05-01,444,Building Material & Garden Equipment,1.6,True,CENSUS_MRTS,2025-10-25 23:04:12.293595
2023-06-01,444,Building Material & Garden Equipment,1.7,True,CENSUS_MRTS,2025-10-25 23:04:12.293595
2023-08-01,444,Building Material & Garden Equipment,1.7,True,CENSUS_MRTS,2025-10-25 23:04:12.293595
2023-09-01,444,Building Material & Garden Equipment,1.6,True,CENSUS_MRTS,2025-10-25 23:04:12.293595
2023-10-01,444,Building Material & Garden Equipment,1.7,True,CENSUS_MRTS,2025-10-25 23:04:12.293595
2023-11-01,444,Building Material & Garden Equipment,1.8,True,CENSUS_MRTS,2025-10-25 23:04:12.293595
2023-12-01,444,Building Material & Garden Equipment,1.8,True,CENSUS_MRTS,2025-10-25 23:04:12.293595
2023-02-01,444,Building Material & Garden Equipment,2.53,False,CENSUS_MRTS,2025-10-25 23:04:12.293595
2023-03-01,444,Building Material & Garden Equipment,2.09,False,CENSUS_MRTS,2025-10-25 23:04:12.293595
2023-04-01,444,Building Material & Garden Equipment,2.01,False,CENSUS_MRTS,2025-10-25 23:04:12.293595
2023-05-01,444,Building Material & Garden Equipment,1.66,False,CENSUS_MRTS,2025-10-25 23:04:12.293595
2023-07-01,444,Building Material & Garden Equipment,1.9,False,CENSUS_MRTS,2025-10-25 23:04:12.293595
2023-08-01,444,Building Material & Garden Equipment,1.8,False,CENSUS_MRTS,2025-10-25 23:04:12.293595
2023-09-01,444,Building Material & Garden Equipment,1.98,False,CENSUS_MRTS,2025-10-25 23:04:12.293595
2023-10-01,444,Building Material & Garden Equipment,1.88,False,CENSUS_MRTS,2025-10-25 23:04:12.293595
2023-11-01,444,Building Material & Garden Equipment,1.93,False,CENSUS_MRTS,2025-10-25 23:04:12.293595
2023-01-01,444,Building Material & Garden Equipment,0.04,False,CENSUS_MRTS,2025-10-25 23:04:12.293595
2023-02-01,444,Building Material & Garden Equipment,0.05,False,CENSUS_MRTS,2025-10-25 23:04:12.293595
2023-03-01,444,Building Material & Garden Equipment,0.04,False,CENSUS_MRTS,2025-10-25 23:04:12.293595
2023-04-01,444,Building Material & Garden Equipment,0.04,False,CENSUS_MRTS,2025-10-25 23:04:12.293595
2023-06-01,444,Building Material & Garden Equipment,0.03,False,CENSUS_MRTS,2025-10-25 23:04:12.293595
2023-07-01,444,Building Material & Garden Equipment,0.04,False,CENSUS_MRTS,2025-10-25 23:04:12.293595
2023-08-01,444,Building Material & Garden Equipment,0.04,False,CENSUS_MRTS,2025-10-25 23:04:12.293595
2023-09-01,444,Building Material & Garden Equipment,0.05,False,CENSUS_MRTS,2025-10-25 23:04:12.293595
2023-10-01,444,Building Material & Garden Equipment,0.05,False,CENSUS_MRTS,2025-10-25 23:04:12.293595
2023-12-01,444,Building Material & Garden Equipment,0.05,False,CENSUS_MRTS,2025-10-25 23:04:12.293595
2023-01-01,444,Building Material & Garden Equipment,1.97,True,CENSUS_MRTS,2025-10-25 23:04:12.293595
2023-02-01,444,Building Material & Garden Equipment,1.97,True,CENSUS_MRTS,2025-10-25 23:04:12.293595
2023-03-01,444,Building Material & Garden Equipment,2.04,True,CENSUS_MRTS,2025-10-25 23:04:12.293595
2023-04-01,444,Building Material & Garden Equipment,2.01,True,CENSUS_MRTS,2025-10-25 23:04:12.293595
2023-06-01,444,Building Material & Garden Equipment,1.98,True,CENSUS_MRTS,2025-10-25 23:04:12.293595
2023-07-01,444,Building Material & Garden Equipment,1.97,True,CENSUS_MRTS,2025-10-25 23:04:12.293595
2023-08-01,444,Building Material & Garden Equipment,1.97,True,CENSUS_MRTS,2025-10-25 23:04:12.293595
2023-09-01,444,Building Material & Garden Equipment,1.97,True,CENSUS_MRTS,2025-10-25 23:04:12.293595
2023-11-01,444,Building Material & Garden Equipment,1.95,True,CENSUS_MRTS,2025-10-25 23:04:12.293595
2023-12-01,444,Building Material & Garden Equipment,1.91,True,CENSUS_MRTS,2025-10-25 23:04:12.293595
2016-01-01,444,Building Material & Garden Equipment,47830.0,False,CENSUS_MRTS,2025-10-25 23:04:12.293595
2016-02-01,444,Building Material & Garden Equipment,50151.0,False,CENSUS_MRTS,2025-10-25 23:04:12.293595
2016-03-01,444,Building Material & Garden Equipment,52412.0,False,CENSUS_MRTS,2025-10-25 23:04:12.293595
2016-04-01,444,Building Material & Garden Equipment,52671.0,False,CENSUS_MRTS,2025-10-25 23:04:12.293595
2016-05-01,444,Building Material & Garden Equipment,51656.0,False,CENSUS_MRTS,2025-10-25 23:04:12.293595
2016-07-01,444,Building Material & Garden Equipment,48579.0,False,CENSUS_MRTS,2025-10-25 23:04:12.293595
2016-08-01,444,Building Material & Garden Equipment,49027.0,False,CENSUS_MRTS,2025-10-25 23:04:12.293595
2016-09-01,444,Building Material & Garden Equipment,49462.0,False,CENSUS_MRTS,2025-10-25 23:04:12.293595
2016-10-01,444,Building Material & Garden Equipment,49617.0,False,CENSUS_MRTS,2025-10-25 23:04:12.293595
2016-11-01,444,Building Material & Garden Equipment,49014.0,False,CENSUS_MRTS,2025-10-25 23:04:12.293595
2016-01-01,444,Building Material & Garden Equipment,1.6,False,CENSUS_MRTS,2025-10-25 23:04:12.293595
2016-02-01,444,Building Material & Garden Equipment,1.6,False,CENSUS_MRTS,2025-10-25 23:04:12.293595
2016-03-01,444,Building Material & Garden Equipment,1.6,False,CENSUS_MRTS,2025-10-25 23:04:12.293595
2016-04-01,444,Building Material & Garden Equipment,1.5,False,CENSUS_MRTS,2025-10-25 23:04:12.293595
2016-06-01,444,Building Material & Garden Equipment,1.5,False,CENSUS_MRTS,2025-10-25 23:04:12.293595
2016-07-01,444,Building Material & Garden Equipment,1.5,False,CENSUS_MRTS,2025-10-25 23:04:12.293595
2016-08-01,444,Building Material & Garden Equipment,1.5,False,CENSUS_MRTS,2025-10-25 23:04:12.293595
2016-09-01,444,Building Material & Garden Equipment,1.5,False,CENSUS_MRTS,2025-10-25 23:04:12.293595
2016-10-01,444,Building Material & Garden Equipment,1.5,False,CENSUS_MRTS,2025-10-25 23:04:12.293595
2016-12-01,444,Building Material & Garden Equipment,1.5,False,CENSUS_MRTS,2025-10-25 23:04:12.293595
2016-01-01,444,Building Material & Garden Equipment,49258.0,True,CENSUS_MRTS,2025-10-25 23:04:12.293595
2016-02-01,444,Building Material & Garden Equipment,49410.0,True,CENSUS_MRTS,2025-10-25 23:04:12.293595
2016-03-01,444,Building Material & Garden Equipment,49680.0,True,CENSUS_MRTS,2025-10-25 23:04:12.293595
2016-05-01,444,Building Material & Garden Equipment,49861.0,True,CENSUS_MRTS,2025-10-25 23:04:12.293595
2016-06-01,444,Building Material & Garden Equipment,49561.0,True,CENSUS_MRTS,2025-10-25 23:04:12.293595
2023-01-01,444,Building Material & Garden Equipment,0.04,True,CENSUS_MRTS,2025-10-25 23:04:12.293595
2023-02-01,444,Building Material & Garden Equipment,0.05,True,CENSUS_MRTS,2025-10-25 23:04:12.293595
2023-03-01,444,Building Material & Garden Equipment,0.04,True,CENSUS_MRTS,2025-10-25 23:04:12.293595
2023-04-01,444,Building Material & Garden Equipment,0.04,True,CENSUS_MRTS,2025-10-25 23:04:12.293595
2023-05-01,444,Building Material & Garden Equipment,0.03,True,CENSUS_MRTS,2025-10-25 23:04:12.293595
2023-06-01,444,Building Material & Garden Equipment,0.03,True,CENSUS_MRTS,2025-10-25 23:04:12.293595
2023-07-01,444,Building Material & Garden Equipment,0.04,True,CENSUS_MRTS,2025-10-25 23:04:12.293595
2023-08-01,444,Building Material & Garden Equipment,0.04,True,CENSUS_MRTS,2025-10-25 23:04:12.293595
2023-09-01,444,Building Material & Garden Equipment,0.05,True,CENSUS_MRTS,2025-10-25 23:04:12.293595
2023-10-01,444,Building Material & Garden Equipment,0.05,True,CENSUS_MRTS,2025-10-25 23:04:12.293595
2023-11-01,444,Building Material & Garden Equipment,0.04,True,CENSUS_MRTS,2025-10-25 23:04:12.293595
2023-12-01,444,Building Material & Garden Equipment,0.05,True,CENSUS_MRTS,2025-10-25 23:04:12.293595
2023-01-01,444,Building Material & Garden Equipment,2.0,False,CENSUS_MRTS,2025-10-25 23:04:12.293595
2023-02-01,444,Building Material & Garden Equipment,2.3,False,CENSUS_MRTS,2025-10-25 23:04:12.293595
2023-03-01,444,Building Material & Garden Equipment,1.8,False,CENSUS_MRTS,2025-10-25 23:04:12.293595
2023-04-01,444,Building Material & Garden Equipment,-0.5,False,CENSUS_MRTS,2025-10-25 23:04:12.293595
2023-05-01,444,Building Material & Garden Equipment,-3.4,False,CENSUS_MRTS,2025-10-25 23:04:12.293595
2023-06-01,444,Building Material & Garden Equipment,-2.9,False,CENSUS_MRTS,2025-10-25 23:04:12.293595
2023-07-01,444,Building Material & Garden Equipment,-2.6,False,CENSUS_MRTS,2025-10-25 23:04:12.293595
2023-08-01,444,Building Material & Garden Equipment,-0.2,False,CENSUS_MRTS,2025-10-25 23:04:12.293595
2023-09-01,444,Building Material & Garden Equipment,0.0,False,CENSUS_MRTS,2025-10-25 23:04:12.293595
2023-10-01,444,Building Material & Garden Equipment,-0.2,False,CENSUS_MRTS,2025-10-25 23:04:12.293595
2023-11-01,444,Building Material & Garden Equipment,-2.9,False,CENSUS_MRTS,2025-10-25 23:04:12.293595
2023-12-01,444,Building Material & Garden Equipment,-1.6,False,CENSUS_MRTS,2025-10-25 23:04:12.293595
2023-01-01,444,Building Material & Garden Equipment,0.2,False,CENSUS_MRTS,2025-10-25 23:04:12.293595
2023-02-01,444,Building Material & Garden Equipment,0.2,False,CENSUS_MRTS,2025-10-25 23:04:12.293595
2023-03-01,444,Building Material & Garden Equipment,0.1,False,CENSUS_MRTS,2025-10-25 23:04:12.293595
2023-04-01,444,Building Material & Garden Equipment,0.1,False,CENSUS_MRTS,2025-10-25 23:04:12.293595
2023-05-01,444,Building Material & Garden Equipment,0.2,False,CENSUS_MRTS,2025-10-25 23:04:12.293595
2023-06-01,444,Building Material & Garden Equipment,0.2,False,CENSUS_MRTS,2025-10-25 23:04:12.293595
2023-07-01,444,Building Material & Garden Equipment,0.1,False,CENSUS_MRTS,2025-10-25 23:04:12.293595
2023-08-01,444,Building Material & Garden Equipment,0.2,False,CENSUS_MRTS,2025-10-25 23:04:12.293595
2023-09-01,444,Building Material & Garden Equipment,0.3,False,CENSUS_MRTS,2025-10-25 23:04:12.293595
2023-10-01,444,Building Material & Garden Equipment,0.3,False,CENSUS_MRTS,2025-10-25 23:04:12.293595
2023-11-01,444,Building Material & Garden Equipment,0.2,False,CENSUS_MRTS,2025-10-25 23:04:12.293595
2023-12-01,444,Building Material & Garden Equipment,0.2,False,CENSUS_MRTS,2025-10-25 23:04:12.293595
2023-01-01,444,Building Material & Garden Equipment,-0.3,True,CENSUS_MRTS,2025-10-25 23:04:12.293595
2023-02-01,444,Building Material & Garden Equipment,-1.4,True,CENSUS_MRTS,2025-10-25 23:04:12.293595
2023-03-01,444,Building Material & Garden Equipment,-1.3,True,CENSUS_MRTS,2025-10-25 23:04:12.293595
2023-04-01,444,Building Material & Garden Equipment,-0.5,True,CENSUS_MRTS,2025-10-25 23:04:12.293595
2023-05-01,444,Building Material & Garden Equipment,-1.1,True,CENSUS_MRTS,2025-10-25 23:04:12.293595
2023-06-01,444,Building Material & Garden Equipment,-0.1,True,CENSUS_MRTS,2025-10-25 23:04:12.293595
2023-07-01,444,Building Material & Garden Equipment,-0.9,True,CENSUS_MRTS,2025-10-25 23:04:12.293595
2023-08-01,444,Building Material & Garden Equipment,0.3,True,CENSUS_MRTS,2025-10-25 23:04:12.293595
2023-09-01,444,Building Material & Garden Equipment,-0.5,True,CENSUS_MRTS,2025-10-25 23:04:12.293595
2023-10-01,444,Building Material & Garden Equipment,-0.7,True,CENSUS_MRTS,2025-10-25 23:04:12.293595
2023-11-01,444,Building Material & Garden Equipment,-1.2,True,CENSUS_MRTS,2025-10-25 23:04:12.293595
2023-12-01,444,Building Material & Garden Equipment,-0.8,True,CENSUS_MRTS,2025-10-25 23:04:12.293595
2023-01-01,444,Building Material & Garden Equipment,0.2,True,CENSUS_MRTS,2025-10-25 23:04:12.293595
2023-02-01,444,Building Material & Garden Equipment,0.2,True,CENSUS_MRTS,2025-10-25 23:04:12.293595
2023-03-01,444,Building Material & Garden Equipment,0.1,True,CENSUS_MRTS,2025-10-25 23:04:12.293595
2023-04-01,444,Building Material & Garden Equipment,0.1,True,CENSUS_MRTS,2025-10-25 23:04:12.293595
2023-05-01,444,Building Material & Garden Equipment,0.2,True,CENSUS_MRTS,2025-10-25 23:04:12.293595
2023-06-01,444,Building Material & Garden Equipment,0.2,True,CENSUS_MRTS,2025-10-25 23:04:12.293595
2023-07-01,444,Building Material & Garden Equipment,0.1,True,CENSUS_MRTS,2025-10-25 23:04:12.293595
2023-08-01,444,Building Material & Garden Equipment,0.2,True,CENSUS_MRTS,2025-10-25 23:04:12.293595
2023-09-01,444,Building Material & Garden Equipment,0.3,True,CENSUS_MRTS,2025-10-25 23:04:12.293595
2023-10-01,444,Building Material & Garden Equipment,0.3,True,CENSUS_MRTS,2025-10-25 23:04:12.293595
2023-11-01,444,Building Material & Garden Equipment,0.2,True,CENSUS_MRTS,2025-10-25 23:04:12.293595
2023-12-01,444,Building Material & Garden Equipment,0.2,True,CENSUS_MRTS,2025-10-25 23:04:12.293595
2023-01-01,444,Building Material & Garden Equipment,-10.0,False,CENSUS_MRTS,2025-10-25 23:04:12.293595
2023-02-01,444,Building Material & Garden Equipment,-3.1,False,CENSUS_MRTS,2025-10-25 23:04:12.293595
2023-03-01,444,Building Material & Garden Equipment,23.1,False,CENSUS_MRTS,2025-10-25 23:04:12.293595
2023-04-01,444,Building Material & Garden Equipment,3.3,False,CENSUS_MRTS,2025-10-25 23:04:12.293595
2023-05-01,444,Building Material & Garden Equipment,16.9,False,CENSUS_MRTS,2025-10-25 23:04:12.293595
2023-06-01,444,Building Material & Garden Equipment,-8.3,False,CENSUS_MRTS,2025-10-25 23:04:12.293595
2023-07-01,444,Building Material & Garden Equipment,-9.6,False,CENSUS_MRTS,2025-10-25 23:04:12.293595
2023-08-01,444,Building Material & Garden Equipment,5.1,False,CENSUS_MRTS,2025-10-25 23:04:12.293595
2023-09-01,444,Building Material & Garden Equipment,-9.1,False,CENSUS_MRTS,2025-10-25 23:04:12.293595
2023-10-01,444,Building Material & Garden Equipment,5.2,False,CENSUS_MRTS,2025-10-25 23:04:12.293595
2023-11-01,444,Building Material & Garden Equipment,-5.3,False,CENSUS_MRTS,2025-10-25 23:04:12.293595
2023-12-01,444,Building Material & Garden Equipment,-7.9,False,CENSUS_MRTS,2025-10-25 23:04:12.293595
2023-01-01,444,Building Material & Garden Equipment,0.6,False,CENSUS_MRTS,2025-10-25 23:04:12.293595
2023-02-01,444,Building Material & Garden Equipment,0.4,False,CENSUS_MRTS,2025-10-25 23:04:12.293595
2023-03-01,444,Building Material & Garden Equipment,0.6,False,CENSUS_MRTS,2025-10-25 23:04:12.293595
2023-04-01,444,Building Material & Garden Equipment,0.5,False,CENSUS_MRTS,2025-10-25 23:04:12.293595
2023-05-01,444,Building Material & Garden Equipment,0.5,False,CENSUS_MRTS,2025-10-25 23:04:12.293595
2023-06-01,444,Building Material & Garden Equipment,0.5,False,CENSUS_MRTS,2025-10-25 23:04:12.293595
2023-07-01,444,Building Material & Garden Equipment,0.4,False,CENSUS_MRTS,2025-10-25 23:04:12.293595
2023-08-01,444,Building Material & Garden Equipment,0.5,False,CENSUS_MRTS,2025-10-25 23:04:12.293595
2023-09-01,444,Building Material & Garden Equipment,0.3,False,CENSUS_MRTS,2025-10-25 23:04:12.293595
2023-10-01,444,Building Material & Garden Equipment,0.4,False,CENSUS_MRTS,2025-10-25 23:04:12.293595
2023-12-01,444,Building Material & Garden Equipment,0.5,False,CENSUS_MRTS,2025-10-25 23:04:12.293595
2023-01-01,444,Building Material & Garden Equipment,2.6,True,CENSUS_MRTS,2025-10-25 23:04:12.293595
2023-02-01,444,Building Material & Garden Equipment,-1.6,True,CENSUS_MRTS,2025-10-25 23:04:12.293595
2023-03-01,444,Building Material & Garden Equipment,-4.3,True,CENSUS_MRTS,2025-10-25 23:04:12.293595
2023-05-01,444,Building Material & Garden Equipment,2.0,True,CENSUS_MRTS,2025-10-25 23:04:12.293595
2023-06-01,444,Building Material & Garden Equipment,-2.0,True,CENSUS_MRTS,2025-10-25 23:04:12.293595
2023-07-01,444,Building Material & Garden Equipment,-0.3,True,CENSUS_MRTS,2025-10-25 23:04:12.293595
2023-08-01,444,Building Material & Garden Equipment,0.5,True,CENSUS_MRTS,2025-10-25 23:04:12.293595
2023-09-01,444,Building Material & Garden Equipment,-0.7,True,CENSUS_MRTS,2025-10-25 23:04:12.293595
2023-11-01,444,Building Material & Garden Equipment,0.0,True,CENSUS_MRTS,2025-10-25 23:04:12.293595
2023-12-01,444,Building Material & Garden Equipment,1.0,True,CENSUS_MRTS,2025-10-25 23:04:12.293595
2023-01-01,444,Building Material & Garden Equipment,0.6,True,CENSUS_MRTS,2025-10-25 23:04:12.293595
2023-02-01,444,Building Material & Garden Equipment,0.4,True,CENSUS_MRTS,2025-10-25 23:04:12.293595
2023-03-01,444,Building Material & Garden Equipment,0.6,True,CENSUS_MRTS,2025-10-25 23:04:12.293595
2023-05-01,444,Building Material & Garden Equipment,0.5,True,CENSUS_MRTS,2025-10-25 23:04:12.293595
2023-06-01,444,Building Material & Garden Equipment,0.5,True,CENSUS_MRTS,2025-10-25 23:04:12.293595
2023-07-01,444,Building Material & Garden Equipment,0.4,True,CENSUS_MRTS,2025-10-25 23:04:12.293595
2023-08-01,444,Building Material & Garden Equipment,0.5,True,CENSUS_MRTS,2025-10-25 23:04:12.293595
2023-09-01,444,Building Material & Garden Equipment,0.3,True,CENSUS_MRTS,2025-10-25 23:04:12.293595
2023-11-01,444,Building Material & Garden Equipment,0.4,True,CENSUS_MRTS,2025-10-25 23:04:12.293595
2023-12-01,444,Building Material & Garden Equipment,0.5,True,CENSUS_MRTS,2025-10-25 23:04:12.293595
2023-01-01,444,Building Material & Garden Equipment,34795.0,False,CENSUS_MRTS,2025-10-25 23:04:12.293595
2023-02-01,444,Building Material & Garden Equipment,33711.0,False,CENSUS_MRTS,2025-10-25 23:04:12.293595
2023-03-01,444,Building Material & Garden Equipment,41509.0,False,CENSUS_MRTS,2025-10-25 23:04:12.293595
2023-05-01,444,Building Material & Garden Equipment,50120.0,False,CENSUS_MRTS,2025-10-25 23:04:12.293595
2023-06-01,444,Building Material & Garden Equipment,45974.0,False,CENSUS_MRTS,2025-10-25 23:04:12.293595
2023-07-01,444,Building Material & Garden Equipment,41538.0,False,CENSUS_MRTS,2025-10-25 23:04:12.293595
2023-08-01,444,Building Material & Garden Equipment,43636.0,False,CENSUS_MRTS,2025-10-25 23:04:12.293595
2023-10-01,444,Building Material & Garden Equipment,41722.0,False,CENSUS_MRTS,2025-10-25 23:04:12.293595
2023-11-01,444,Building Material & Garden Equipment,39514.0,False,CENSUS_MRTS,2025-10-25 23:04:12.293595
2023-12-01,444,Building Material & Garden Equipment,36403.0,False,CENSUS_MRTS,2025-10-25 23:04:12.293595
2023-01-01,444,Building Material & Garden Equipment,2.3,False,CENSUS_MRTS,2025-10-25 23:04:12.293595
2023-02-01,444,Building Material & Garden Equipment,2.4,False,CENSUS_MRTS,2025-10-25 23:04:12.293595
2024-01-01,444,Building Material & Garden Equipment,76470.0,False,CENSUS_MRTS,2025-10-25 23:04:12.293595
2020-05-01,444,Building Material & Garden Equipment,0.03,True,CENSUS_MRTS,2025-10-25 23:04:12.293595
2020-11-01,444,Building Material & Garden Equipment,0.03,True,CENSUS_MRTS,2025-10-25 23:04:12.293595
2020-05-01,444,Building Material & Garden Equipment,-4.5,False,CENSUS_MRTS,2025-10-25 23:04:12.293595
2020-10-01,444,Building Material & Garden Equipment,4.8,False,CENSUS_MRTS,2025-10-25 23:04:12.293595
2020-04-01,444,Building Material & Garden Equipment,0.3,False,CENSUS_MRTS,2025-10-25 23:04:12.293595
2020-10-01,444,Building Material & Garden Equipment,0.3,False,CENSUS_MRTS,2025-10-25 23:04:12.293595
2020-04-01,444,Building Material & Garden Equipment,-2.5,True,CENSUS_MRTS,2025-10-25 23:04:12.293595
2020-10-01,444,Building Material & Garden Equipment,4.1,True,CENSUS_MRTS,2025-10-25 23:04:12.293595
2016-12-01,444,Building Material & Garden Equipment,1.9,True,CENSUS_MRTS,2025-10-25 23:04:12.293595
2019-10-01,444,Building Material & Garden Equipment,0.5,True,CENSUS_MRTS,2025-10-25 23:04:12.293595
2019-04-01,444,Building Material & Garden Equipment,0.3,True,CENSUS_MRTS,2025-10-25 23:04:12.293595
2019-10-01,444,Building Material & Garden Equipment,0.2,True,CENSUS_MRTS,2025-10-25 23:04:12.293595
2019-04-01,444,Building Material & Garden Equipment,13.7,False,CENSUS_MRTS,2025-10-25 23:04:12.293595
2019-10-01,444,Building Material & Garden Equipment,8.9,False,CENSUS_MRTS,2025-10-25 23:04:12.293595
2019-03-01,444,Building Material & Garden Equipment,0.6,False,CENSUS_MRTS,2025-10-25 23:04:12.293595
2019-09-01,444,Building Material & Garden Equipment,0.2,False,CENSUS_MRTS,2025-10-25 23:04:12.293595
2016-07-01,444,Building Material & Garden Equipment,49570.0,True,CENSUS_MRTS,2025-10-25 23:04:12.293595
2016-08-01,444,Building Material & Garden Equipment,49977.0,True,CENSUS_MRTS,2025-10-25 23:04:12.293595
2016-09-01,444,Building Material & Garden Equipment,49962.0,True,CENSUS_MRTS,2025-10-25 23:04:12.293595
2016-10-01,444,Building Material & Garden Equipment,49967.0,True,CENSUS_MRTS,2025-10-25 23:04:12.293595
2016-11-01,444,Building Material & Garden Equipment,50530.0,True,CENSUS_MRTS,2025-10-25 23:04:12.293595
2016-12-01,444,Building Material & Garden Equipment,50548.0,True,CENSUS_MRTS,2025-10-25 23:04:12.293595
2016-01-01,444,Building Material & Garden Equipment,1.6,True,CENSUS_MRTS,2025-10-25 23:04:12.293595
2016-02-01,444,Building Material & Garden Equipment,1.6,True,CENSUS_MRTS,2025-10-25 23:04:12.293595
2016-03-01,444,Building Material & Garden Equipment,1.6,True,CENSUS_MRTS,2025-10-25 23:04:12.293595
2016-04-01,444,Building Material & Garden Equipment,1.5,True,CENSUS_MRTS,2025-10-25 23:04:12.293595
2016-05-01,444,Building Material & Garden Equipment,1.5,True,CENSUS_MRTS,2025-10-25 23:04:12.293595
2016-06-01,444,Building Material & Garden Equipment,1.5,True,CENSUS_MRTS,2025-10-25 23:04:12.293595
2016-07-01,444,Building Material & Garden Equipment,1.5,True,CENSUS_MRTS,2025-10-25 23:04:12.293595
2016-08-01,444,Building Material & Garden Equipment,1.5,True,CENSUS_MRTS,2025-10-25 23:04:12.293595
2016-09-01,444,Building Material & Garden Equipment,1.5,True,CENSUS_MRTS,2025-10-25 23:04:12.293595
2016-10-01,444,Building Material & Garden Equipment,1.5,True,CENSUS_MRTS,2025-10-25 23:04:12.293595
2016-11-01,444,Building Material & Garden Equipment,1.5,True,CENSUS_MRTS,2025-10-25 23:04:12.293595
2016-12-01,444,Building Material & Garden Equipment,1.5,True,CENSUS_MRTS,2025-10-25 23:04:12.293595
2016-01-01,444,Building Material & Garden Equipment,2.25,False,CENSUS_MRTS,2025-10-25 23:04:12.293595
2016-02-01,444,Building Material & Garden Equipment,2.24,False,CENSUS_MRTS,2025-10-25 23:04:12.293595
2016-03-01,444,Building Material & Garden Equipment,1.81,False,CENSUS_MRTS,2025-10-25 23:04:12.293595
2016-04-01,444,Building Material & Garden Equipment,1.68,False,CENSUS_MRTS,2025-10-25 23:04:12.293595
2016-05-01,444,Building Material & Garden Equipment,1.55,False,CENSUS_MRTS,2025-10-25 23:04:12.293595
2016-06-01,444,Building Material & Garden Equipment,1.51,False,CENSUS_MRTS,2025-10-25 23:04:12.293595
2016-07-01,444,Building Material & Garden Equipment,1.68,False,CENSUS_MRTS,2025-10-25 23:04:12.293595
2016-08-01,444,Building Material & Garden Equipment,1.71,False,CENSUS_MRTS,2025-10-25 23:04:12.293595
2016-09-01,444,Building Material & Garden Equipment,1.79,False,CENSUS_MRTS,2025-10-25 23:04:12.293595
2016-10-01,444,Building Material & Garden Equipment,1.82,False,CENSUS_MRTS,2025-10-25 23:04:12.293595
2016-11-01,444,Building Material & Garden Equipment,1.8,False,CENSUS_MRTS,2025-10-25 23:04:12.293595
2016-12-01,444,Building Material & Garden Equipment,1.87,False,CENSUS_MRTS,2025-10-25 23:04:12.293595
2016-01-01,444,Building Material & Garden Equipment,0.04,False,CENSUS_MRTS,2025-10-25 23:04:12.293595
2016-02-01,444,Building Material & Garden Equipment,0.04,False,CENSUS_MRTS,2025-10-25 23:04:12.293595
2016-03-01,444,Building Material & Garden Equipment,0.03,False,CENSUS_MRTS,2025-10-25 23:04:12.293595
2016-04-01,444,Building Material & Garden Equipment,0.03,False,CENSUS_MRTS,2025-10-25 23:04:12.293595
2016-05-01,444,Building Material & Garden Equipment,0.03,False,CENSUS_MRTS,2025-10-25 23:04:12.293595
2016-06-01,444,Building Material & Garden Equipment,0.03,False,CENSUS_MRTS,2025-10-25 23:04:12.293595
2016-07-01,444,Building Material & Garden Equipment,0.03,False,CENSUS_MRTS,2025-10-25 23:04:12.293595
2016-08-01,444,Building Material & Garden Equipment,0.03,False,CENSUS_MRTS,2025-10-25 23:04:12.293595
2016-09-01,444,Building Material & Garden Equipment,0.03,False,CENSUS_MRTS,2025-10-25 23:04:12.293595
2016-10-01,444,Building Material & Garden Equipment,0.04,False,CENSUS_MRTS,2025-10-25 23:04:12.293595
2016-11-01,444,Building Material & Garden Equipment,0.03,False,CENSUS_MRTS,2025-10-25 23:04:12.293595
2016-12-01,444,Building Material & Garden Equipment,0.03,False,CENSUS_MRTS,2025-10-25 23:04:12.293595
2016-01-01,444,Building Material & Garden Equipment,1.76,True,CENSUS_MRTS,2025-10-25 23:04:12.293595
2016-02-01,444,Building Material & Garden Equipment,1.76,True,CENSUS_MRTS,2025-10-25 23:04:12.293595
2016-03-01,444,Building Material & Garden Equipment,1.73,True,CENSUS_MRTS,2025-10-25 23:04:12.293595
2016-04-01,444,Building Material & Garden Equipment,1.78,True,CENSUS_MRTS,2025-10-25 23:04:12.293595
2016-05-01,444,Building Material & Garden Equipment,1.82,True,CENSUS_MRTS,2025-10-25 23:04:12.293595
2016-06-01,444,Building Material & Garden Equipment,1.76,True,CENSUS_MRTS,2025-10-25 23:04:12.293595
2016-07-01,444,Building Material & Garden Equipment,1.78,True,CENSUS_MRTS,2025-10-25 23:04:12.293595
2016-08-01,444,Building Material & Garden Equipment,1.81,True,CENSUS_MRTS,2025-10-25 23:04:12.293595
2016-09-01,444,Building Material & Garden Equipment,1.79,True,CENSUS_MRTS,2025-10-25 23:04:12.293595
2016-10-01,444,Building Material & Garden Equipment,1.79,True,CENSUS_MRTS,2025-10-25 23:04:12.293595
2016-11-01,444,Building Material & Garden Equipment,1.8,True,CENSUS_MRTS,2025-10-25 23:04:12.293595
2016-12-01,444,Building Material & Garden Equipment,1.81,True,CENSUS_MRTS,2025-10-25 23:04:12.293595
2016-01-01,444,Building Material & Garden Equipment,0.04,True,CENSUS_MRTS,2025-10-25 23:04:12.293595
2016-02-01,444,Building Material & Garden Equipment,0.04,True,CENSUS_MRTS,2025-10-25 23:04:12.293595
2016-03-01,444,Building Material & Garden Equipment,0.03,True,CENSUS_MRTS,2025-10-25 23:04:12.293595
2016-04-01,444,Building Material & Garden Equipment,0.03,True,CENSUS_MRTS,2025-10-25 23:04:12.293595
2016-05-01,444,Building Material & Garden Equipment,0.03,True,CENSUS_MRTS,2025-10-25 23:04:12.293595
2016-06-01,444,Building Material & Garden Equipment,0.03,True,CENSUS_MRTS,2025-10-25 23:04:12.293595
2016-07-01,444,Building Material & Garden Equipment,0.03,True,CENSUS_MRTS,2025-10-25 23:04:12.293595
2016-08-01,444,Building Material & Garden Equipment,0.03,True,CENSUS_MRTS,2025-10-25 23:04:12.293595
2016-09-01,444,Building Material & Garden Equipment,0.03,True,CENSUS_MRTS,2025-10-25 23:04:12.293595
2016-10-01,444,Building Material & Garden Equipment,0.04,True,CENSUS_MRTS,2025-10-25 23:04:12.293595
2016-11-01,444,Building Material & Garden Equipment,0.03,True,CENSUS_MRTS,2025-10-25 23:04:12.293595
2016-12-01,444,Building Material & Garden Equipment,0.03,True,CENSUS_MRTS,2025-10-25 23:04:12.293595
2016-01-01,444,Building Material & Garden Equipment,2.6,False,CENSUS_MRTS,2025-10-25 23:04:12.293595
2016-02-01,444,Building Material & Garden Equipment,4.9,False,CENSUS_MRTS,2025-10-25 23:04:12.293595
2016-03-01,444,Building Material & Garden Equipment,4.5,False,CENSUS_MRTS,2025-10-25 23:04:12.293595
2016-04-01,444,Building Material & Garden Equipment,0.5,False,CENSUS_MRTS,2025-10-25 23:04:12.293595
2016-05-01,444,Building Material & Garden Equipment,-1.9,False,CENSUS_MRTS,2025-10-25 23:04:12.293595
2016-06-01,444,Building Material & Garden Equipment,-3.9,False,CENSUS_MRTS,2025-10-25 23:04:12.293595
2016-07-01,444,Building Material & Garden Equipment,-2.2,False,CENSUS_MRTS,2025-10-25 23:04:12.293595
2016-08-01,444,Building Material & Garden Equipment,0.9,False,CENSUS_MRTS,2025-10-25 23:04:12.293595
2016-09-01,444,Building Material & Garden Equipment,0.9,False,CENSUS_MRTS,2025-10-25 23:04:12.293595
2016-10-01,444,Building Material & Garden Equipment,0.3,False,CENSUS_MRTS,2025-10-25 23:04:12.293595
2016-11-01,444,Building Material & Garden Equipment,-1.2,False,CENSUS_MRTS,2025-10-25 23:04:12.293595
2016-12-01,444,Building Material & Garden Equipment,-2.1,False,CENSUS_MRTS,2025-10-25 23:04:12.293595
2016-01-01,444,Building Material & Garden Equipment,0.9,False,CENSUS_MRTS,2025-10-25 23:04:12.293595
2016-02-01,444,Building Material & Garden Equipment,0.2,False,CENSUS_MRTS,2025-10-25 23:04:12.293595
2016-03-01,444,Building Material & Garden Equipment,0.2,False,CENSUS_MRTS,2025-10-25 23:04:12.293595
2016-04-01,444,Building Material & Garden Equipment,0.2,False,CENSUS_MRTS,2025-10-25 23:04:12.293595
2016-06-01,444,Building Material & Garden Equipment,0.3,False,CENSUS_MRTS,2025-10-25 23:04:12.293595
2016-07-01,444,Building Material & Garden Equipment,0.2,False,CENSUS_MRTS,2025-10-25 23:04:12.293595
2016-08-01,444,Building Material & Garden Equipment,0.2,False,CENSUS_MRTS,2025-10-25 23:04:12.293595
2016-09-01,444,Building Material & Garden Equipment,0.1,False,CENSUS_MRTS,2025-10-25 23:04:12.293595
2016-11-01,444,Building Material & Garden Equipment,0.2,False,CENSUS_MRTS,2025-10-25 23:04:12.293595
2016-12-01,444,Building Material & Garden Equipment,0.2,False,CENSUS_MRTS,2025-10-25 23:04:12.293595
2016-01-01,444,Building Material & Garden Equipment,0.1,True,CENSUS_MRTS,2025-10-25 23:04:12.293595
2016-02-01,444,Building Material & Garden Equipment,0.3,True,CENSUS_MRTS,2025-10-25 23:04:12.293595
2016-03-01,444,Building Material & Garden Equipment,0.5,True,CENSUS_MRTS,2025-10-25 23:04:12.293595
2016-05-01,444,Building Material & Garden Equipment,0.5,True,CENSUS_MRTS,2025-10-25 23:04:12.293595
2016-06-01,444,Building Material & Garden Equipment,-0.6,True,CENSUS_MRTS,2025-10-25 23:04:12.293595
2016-07-01,444,Building Material & Garden Equipment,0.0,True,CENSUS_MRTS,2025-10-25 23:04:12.293595
2016-08-01,444,Building Material & Garden Equipment,0.8,True,CENSUS_MRTS,2025-10-25 23:04:12.293595
2016-09-01,444,Building Material & Garden Equipment,0.0,True,CENSUS_MRTS,2025-10-25 23:04:12.293595
2016-11-01,444,Building Material & Garden Equipment,1.1,True,CENSUS_MRTS,2025-10-25 23:04:12.293595
2016-12-01,444,Building Material & Garden Equipment,0.0,True,CENSUS_MRTS,2025-10-25 23:04:12.293595
2016-01-01,444,Building Material & Garden Equipment,0.9,True,CENSUS_MRTS,2025-10-25 23:04:12.293595
2016-02-01,444,Building Material & Garden Equipment,0.2,True,CENSUS_MRTS,2025-10-25 23:04:12.293595
2016-03-01,444,Building Material & Garden Equipment,0.2,True,CENSUS_MRTS,2025-10-25 23:04:12.293595
2016-05-01,444,Building Material & Garden Equipment,0.2,True,CENSUS_MRTS,2025-10-25 23:04:12.293595
2016-06-01,444,Building Material & Garden Equipment,0.3,True,CENSUS_MRTS,2025-10-25 23:04:12.293595
2016-07-01,444,Building Material & Garden Equipment,0.2,True,CENSUS_MRTS,2025-10-25 23:04:12.293595
2016-08-01,444,Building Material & Garden Equipment,0.2,True,CENSUS_MRTS,2025-10-25 23:04:12.293595
2016-09-01,444,Building Material & Garden Equipment,0.1,True,CENSUS_MRTS,2025-10-25 23:04:12.293595
2016-11-01,444,Building Material & Garden Equipment,0.2,True,CENSUS_MRTS,2025-10-25 23:04:12.293595
2016-12-01,444,Building Material & Garden Equipment,0.2,True,CENSUS_MRTS,2025-10-25 23:04:12.293595
2016-01-01,444,Building Material & Garden Equipment,-18.4,False,CENSUS_MRTS,2025-10-25 23:04:12.293595
2016-02-01,444,Building Material & Garden Equipment,5.3,False,CENSUS_MRTS,2025-10-25 23:04:12.293595
2016-03-01,444,Building Material & Garden Equipment,29.1,False,CENSUS_MRTS,2025-10-25 23:04:12.293595
2016-05-01,444,Building Material & Garden Equipment,6.8,False,CENSUS_MRTS,2025-10-25 23:04:12.293595
2016-06-01,444,Building Material & Garden Equipment,-1.6,False,CENSUS_MRTS,2025-10-25 23:04:12.293595
2016-07-01,444,Building Material & Garden Equipment,-12.1,False,CENSUS_MRTS,2025-10-25 23:04:12.293595
2016-08-01,444,Building Material & Garden Equipment,-0.9,False,CENSUS_MRTS,2025-10-25 23:04:12.293595
2016-10-01,444,Building Material & Garden Equipment,-1.2,False,CENSUS_MRTS,2025-10-25 23:04:12.293595
2016-11-01,444,Building Material & Garden Equipment,-0.1,False,CENSUS_MRTS,2025-10-25 23:04:12.293595
2021-01-01,444,Building Material & Garden Equipment,60781.0,False,CENSUS_MRTS,2025-10-25 23:04:12.293595
2021-02-01,444,Building Material & Garden Equipment,65047.0,False,CENSUS_MRTS,2025-10-25 23:04:12.293595
2021-03-01,444,Building Material & Garden Equipment,67964.0,False,CENSUS_MRTS,2025-10-25 23:04:12.293595
2023-04-01,444,Building Material & Garden Equipment,2.4,False,CENSUS_MRTS,2025-10-25 23:04:12.293595
2023-05-01,444,Building Material & Garden Equipment,2.4,False,CENSUS_MRTS,2025-10-25 23:04:12.293595
2023-06-01,444,Building Material & Garden Equipment,2.6,False,CENSUS_MRTS,2025-10-25 23:04:12.293595
2023-07-01,444,Building Material & Garden Equipment,2.7,False,CENSUS_MRTS,2025-10-25 23:04:12.293595
2023-08-01,444,Building Material & Garden Equipment,2.9,False,CENSUS_MRTS,2025-10-25 23:04:12.293595
2023-09-01,444,Building Material & Garden Equipment,2.9,False,CENSUS_MRTS,2025-10-25 23:04:12.293595
2023-10-01,444,Building Material & Garden Equipment,2.8,False,CENSUS_MRTS,2025-10-25 23:04:12.293595
2023-11-01,444,Building Material & Garden Equipment,2.9,False,CENSUS_MRTS,2025-10-25 23:04:12.293595
2023-12-01,444,Building Material & Garden Equipment,2.9,False,CENSUS_MRTS,2025-10-25 23:04:12.293595
2023-01-01,444,Building Material & Garden Equipment,42941.0,True,CENSUS_MRTS,2025-10-25 23:04:12.293595
2023-02-01,444,Building Material & Garden Equipment,42268.0,True,CENSUS_MRTS,2025-10-25 23:04:12.293595
2023-03-01,444,Building Material & Garden Equipment,40431.0,True,CENSUS_MRTS,2025-10-25 23:04:12.293595
2023-04-01,444,Building Material & Garden Equipment,40815.0,True,CENSUS_MRTS,2025-10-25 23:04:12.293595
2023-05-01,444,Building Material & Garden Equipment,41622.0,True,CENSUS_MRTS,2025-10-25 23:04:12.293595
2023-06-01,444,Building Material & Garden Equipment,40807.0,True,CENSUS_MRTS,2025-10-25 23:04:12.293595
2023-07-01,444,Building Material & Garden Equipment,40702.0,True,CENSUS_MRTS,2025-10-25 23:04:12.293595
2023-08-01,444,Building Material & Garden Equipment,40914.0,True,CENSUS_MRTS,2025-10-25 23:04:12.293595
2023-09-01,444,Building Material & Garden Equipment,40631.0,True,CENSUS_MRTS,2025-10-25 23:04:12.293595
2023-10-01,444,Building Material & Garden Equipment,40338.0,True,CENSUS_MRTS,2025-10-25 23:04:12.293595
2023-11-01,444,Building Material & Garden Equipment,40323.0,True,CENSUS_MRTS,2025-10-25 23:04:12.293595
2023-12-01,444,Building Material & Garden Equipment,40720.0,True,CENSUS_MRTS,2025-10-25 23:04:12.293595
2023-01-01,444,Building Material & Garden Equipment,2.3,True,CENSUS_MRTS,2025-10-25 23:04:12.293595
2023-02-01,444,Building Material & Garden Equipment,2.4,True,CENSUS_MRTS,2025-10-25 23:04:12.293595
2023-03-01,444,Building Material & Garden Equipment,2.4,True,CENSUS_MRTS,2025-10-25 23:04:12.293595
2023-04-01,444,Building Material & Garden Equipment,2.4,True,CENSUS_MRTS,2025-10-25 23:04:12.293595
2023-05-01,444,Building Material & Garden Equipment,2.4,True,CENSUS_MRTS,2025-10-25 23:04:12.293595
2023-06-01,444,Building Material & Garden Equipment,2.6,True,CENSUS_MRTS,2025-10-25 23:04:12.293595
2023-07-01,444,Building Material & Garden Equipment,2.7,True,CENSUS_MRTS,2025-10-25 23:04:12.293595
2023-08-01,444,Building Material & Garden Equipment,2.9,True,CENSUS_MRTS,2025-10-25 23:04:12.293595
2023-09-01,444,Building Material & Garden Equipment,2.9,True,CENSUS_MRTS,2025-10-25 23:04:12.293595
2023-10-01,444,Building Material & Garden Equipment,2.8,True,CENSUS_MRTS,2025-10-25 23:04:12.293595
2023-11-01,444,Building Material & Garden Equipment,2.9,True,CENSUS_MRTS,2025-10-25 23:04:12.293595
2023-12-01,444,Building Material & Garden Equipment,2.9,True,CENSUS_MRTS,2025-10-25 23:04:12.293595
2021-03-01,444,Building Material & Garden Equipment,0.03,True,CENSUS_MRTS,2025-10-25 23:04:12.293595
2021-09-01,444,Building Material & Garden Equipment,0.03,True,CENSUS_MRTS,2025-10-25 23:04:12.293595
2021-03-01,444,Building Material & Garden Equipment,4.5,False,CENSUS_MRTS,2025-10-25 23:04:12.293595
2021-08-01,444,Building Material & Garden Equipment,-0.5,False,CENSUS_MRTS,2025-10-25 23:04:12.293595
2021-02-01,444,Building Material & Garden Equipment,0.2,False,CENSUS_MRTS,2025-10-25 23:04:12.293595
2021-08-01,444,Building Material & Garden Equipment,0.2,False,CENSUS_MRTS,2025-10-25 23:04:12.293595
2021-02-01,444,Building Material & Garden Equipment,2.6,True,CENSUS_MRTS,2025-10-25 23:04:12.293595
2021-08-01,444,Building Material & Garden Equipment,0.2,True,CENSUS_MRTS,2025-10-25 23:04:12.293595
2016-12-01,444,Building Material & Garden Equipment,-5.9,False,CENSUS_MRTS,2025-10-25 23:04:12.293595
2016-01-01,444,Building Material & Garden Equipment,0.8,False,CENSUS_MRTS,2025-10-25 23:04:12.293595
2016-02-01,444,Building Material & Garden Equipment,0.3,False,CENSUS_MRTS,2025-10-25 23:04:12.293595
2016-03-01,444,Building Material & Garden Equipment,1.0,False,CENSUS_MRTS,2025-10-25 23:04:12.293595
2016-04-01,444,Building Material & Garden Equipment,0.6,False,CENSUS_MRTS,2025-10-25 23:04:12.293595
2016-05-01,444,Building Material & Garden Equipment,0.4,False,CENSUS_MRTS,2025-10-25 23:04:12.293595
2016-06-01,444,Building Material & Garden Equipment,0.5,False,CENSUS_MRTS,2025-10-25 23:04:12.293595
2016-07-01,444,Building Material & Garden Equipment,0.5,False,CENSUS_MRTS,2025-10-25 23:04:12.293595
2016-08-01,444,Building Material & Garden Equipment,0.4,False,CENSUS_MRTS,2025-10-25 23:04:12.293595
2016-09-01,444,Building Material & Garden Equipment,0.4,False,CENSUS_MRTS,2025-10-25 23:04:12.293595
2016-10-01,444,Building Material & Garden Equipment,0.3,False,CENSUS_MRTS,2025-10-25 23:04:12.293595
2016-11-01,444,Building Material & Garden Equipment,0.4,False,CENSUS_MRTS,2025-10-25 23:04:12.293595
2016-12-01,444,Building Material & Garden Equipment,0.4,False,CENSUS_MRTS,2025-10-25 23:04:12.293595
2016-01-01,444,Building Material & Garden Equipment,0.0,True,CENSUS_MRTS,2025-10-25 23:04:12.293595
2016-02-01,444,Building Material & Garden Equipment,0.2,True,CENSUS_MRTS,2025-10-25 23:04:12.293595
2016-03-01,444,Building Material & Garden Equipment,2.4,True,CENSUS_MRTS,2025-10-25 23:04:12.293595
2016-04-01,444,Building Material & Garden Equipment,-3.2,True,CENSUS_MRTS,2025-10-25 23:04:12.293595
2016-05-01,444,Building Material & Garden Equipment,-1.6,True,CENSUS_MRTS,2025-10-25 23:04:12.293595
2016-06-01,444,Building Material & Garden Equipment,3.0,True,CENSUS_MRTS,2025-10-25 23:04:12.293595
2016-07-01,444,Building Material & Garden Equipment,-1.1,True,CENSUS_MRTS,2025-10-25 23:04:12.293595
2016-08-01,444,Building Material & Garden Equipment,-0.7,True,CENSUS_MRTS,2025-10-25 23:04:12.293595
2016-09-01,444,Building Material & Garden Equipment,0.7,True,CENSUS_MRTS,2025-10-25 23:04:12.293595
2016-10-01,444,Building Material & Garden Equipment,0.1,True,CENSUS_MRTS,2025-10-25 23:04:12.293595
2016-11-01,444,Building Material & Garden Equipment,0.6,True,CENSUS_MRTS,2025-10-25 23:04:12.293595
2016-12-01,444,Building Material & Garden Equipment,-0.3,True,CENSUS_MRTS,2025-10-25 23:04:12.293595
2016-01-01,444,Building Material & Garden Equipment,0.8,True,CENSUS_MRTS,2025-10-25 23:04:12.293595
2016-02-01,444,Building Material & Garden Equipment,0.3,True,CENSUS_MRTS,2025-10-25 23:04:12.293595
2016-03-01,444,Building Material & Garden Equipment,1.0,True,CENSUS_MRTS,2025-10-25 23:04:12.293595
2016-04-01,444,Building Material & Garden Equipment,0.6,True,CENSUS_MRTS,2025-10-25 23:04:12.293595
2016-05-01,444,Building Material & Garden Equipment,0.4,True,CENSUS_MRTS,2025-10-25 23:04:12.293595
2016-06-01,444,Building Material & Garden Equipment,0.5,True,CENSUS_MRTS,2025-10-25 23:04:12.293595
2016-07-01,444,Building Material & Garden Equipment,0.5,True,CENSUS_MRTS,2025-10-25 23:04:12.293595
2016-08-01,444,Building Material & Garden Equipment,0.4,True,CENSUS_MRTS,2025-10-25 23:04:12.293595
2016-09-01,444,Building Material & Garden Equipment,0.4,True,CENSUS_MRTS,2025-10-25 23:04:12.293595
2016-10-01,444,Building Material & Garden Equipment,0.3,True,CENSUS_MRTS,2025-10-25 23:04:12.293595
2016-11-01,444,Building Material & Garden Equipment,0.4,True,CENSUS_MRTS,2025-10-25 23:04:12.293595
2016-12-01,444,Building Material & Garden Equipment,0.4,True,CENSUS_MRTS,2025-10-25 23:04:12.293595
2016-01-01,444,Building Material & Garden Equipment,21269.0,False,CENSUS_MRTS,2025-10-25 23:04:12.293595
2016-02-01,444,Building Material & Garden Equipment,22391.0,False,CENSUS_MRTS,2025-10-25 23:04:12.293595
2016-03-01,444,Building Material & Garden Equipment,28908.0,False,CENSUS_MRTS,2025-10-25 23:04:12.293595
2016-04-01,444,Building Material & Garden Equipment,31287.0,False,CENSUS_MRTS,2025-10-25 23:04:12.293595
2016-05-01,444,Building Material & Garden Equipment,33425.0,False,CENSUS_MRTS,2025-10-25 23:04:12.293595
2016-06-01,444,Building Material & Garden Equipment,32902.0,False,CENSUS_MRTS,2025-10-25 23:04:12.293595
2016-07-01,444,Building Material & Garden Equipment,28929.0,False,CENSUS_MRTS,2025-10-25 23:04:12.293595
2016-08-01,444,Building Material & Garden Equipment,28673.0,False,CENSUS_MRTS,2025-10-25 23:04:12.293595
2016-09-01,444,Building Material & Garden Equipment,27595.0,False,CENSUS_MRTS,2025-10-25 23:04:12.293595
2016-10-01,444,Building Material & Garden Equipment,27272.0,False,CENSUS_MRTS,2025-10-25 23:04:12.293595
2016-11-01,444,Building Material & Garden Equipment,27249.0,False,CENSUS_MRTS,2025-10-25 23:04:12.293595
2016-12-01,444,Building Material & Garden Equipment,25634.0,False,CENSUS_MRTS,2025-10-25 23:04:12.293595
2016-01-01,444,Building Material & Garden Equipment,2.0,False,CENSUS_MRTS,2025-10-25 23:04:12.293595
2016-02-01,444,Building Material & Garden Equipment,1.8,False,CENSUS_MRTS,2025-10-25 23:04:12.293595
2016-03-01,444,Building Material & Garden Equipment,1.8,False,CENSUS_MRTS,2025-10-25 23:04:12.293595
2016-04-01,444,Building Material & Garden Equipment,1.9,False,CENSUS_MRTS,2025-10-25 23:04:12.293595
2016-05-01,444,Building Material & Garden Equipment,1.9,False,CENSUS_MRTS,2025-10-25 23:04:12.293595
2016-06-01,444,Building Material & Garden Equipment,1.9,False,CENSUS_MRTS,2025-10-25 23:04:12.293595
2016-07-01,444,Building Material & Garden Equipment,2.0,False,CENSUS_MRTS,2025-10-25 23:04:12.293595
2016-08-01,444,Building Material & Garden Equipment,2.2,False,CENSUS_MRTS,2025-10-25 23:04:12.293595
2016-09-01,444,Building Material & Garden Equipment,2.0,False,CENSUS_MRTS,2025-10-25 23:04:12.293595
2016-10-01,444,Building Material & Garden Equipment,2.2,False,CENSUS_MRTS,2025-10-25 23:04:12.293595
2016-11-01,444,Building Material & Garden Equipment,2.1,False,CENSUS_MRTS,2025-10-25 23:04:12.293595
2016-12-01,444,Building Material & Garden Equipment,1.9,False,CENSUS_MRTS,2025-10-25 23:04:12.293595
2016-01-01,444,Building Material & Garden Equipment,27988.0,True,CENSUS_MRTS,2025-10-25 23:04:12.293595
2016-02-01,444,Building Material & Garden Equipment,28041.0,True,CENSUS_MRTS,2025-10-25 23:04:12.293595
2016-03-01,444,Building Material & Garden Equipment,28714.0,True,CENSUS_MRTS,2025-10-25 23:04:12.293595
2016-04-01,444,Building Material & Garden Equipment,27785.0,True,CENSUS_MRTS,2025-10-25 23:04:12.293595
2016-05-01,444,Building Material & Garden Equipment,27334.0,True,CENSUS_MRTS,2025-10-25 23:04:12.293595
2016-06-01,444,Building Material & Garden Equipment,28143.0,True,CENSUS_MRTS,2025-10-25 23:04:12.293595
2016-07-01,444,Building Material & Garden Equipment,27843.0,True,CENSUS_MRTS,2025-10-25 23:04:12.293595
2016-08-01,444,Building Material & Garden Equipment,27655.0,True,CENSUS_MRTS,2025-10-25 23:04:12.293595
2016-09-01,444,Building Material & Garden Equipment,27836.0,True,CENSUS_MRTS,2025-10-25 23:04:12.293595
2016-10-01,444,Building Material & Garden Equipment,27853.0,True,CENSUS_MRTS,2025-10-25 23:04:12.293595
2016-11-01,444,Building Material & Garden Equipment,28030.0,True,CENSUS_MRTS,2025-10-25 23:04:12.293595
2016-12-01,444,Building Material & Garden Equipment,27950.0,True,CENSUS_MRTS,2025-10-25 23:04:12.293595
2016-01-01,444,Building Material & Garden Equipment,2.0,True,CENSUS_MRTS,2025-10-25 23:04:12.293595
2016-02-01,444,Building Material & Garden Equipment,1.8,True,CENSUS_MRTS,2025-10-25 23:04:12.293595
2016-03-01,444,Building Material & Garden Equipment,1.8,True,CENSUS_MRTS,2025-10-25 23:04:12.293595
2016-04-01,444,Building Material & Garden Equipment,1.9,True,CENSUS_MRTS,2025-10-25 23:04:12.293595
2016-05-01,444,Building Material & Garden Equipment,1.9,True,CENSUS_MRTS,2025-10-25 23:04:12.293595
2016-06-01,444,Building Material & Garden Equipment,1.9,True,CENSUS_MRTS,2025-10-25 23:04:12.293595
2016-07-01,444,Building Material & Garden Equipment,2.0,True,CENSUS_MRTS,2025-10-25 23:04:12.293595
2016-08-01,444,Building Material & Garden Equipment,2.2,True,CENSUS_MRTS,2025-10-25 23:04:12.293595
2016-09-01,444,Building Material & Garden Equipment,2.0,True,CENSUS_MRTS,2025-10-25 23:04:12.293595
2016-10-01,444,Building Material & Garden Equipment,2.2,True,CENSUS_MRTS,2025-10-25 23:04:12.293595
2016-11-01,444,Building Material & Garden Equipment,2.1,True,CENSUS_MRTS,2025-10-25 23:04:12.293595
2021-04-01,444,Building Material & Garden Equipment,68929.0,False,CENSUS_MRTS,2025-10-25 23:04:12.293595
2021-05-01,444,Building Material & Garden Equipment,69163.0,False,CENSUS_MRTS,2025-10-25 23:04:12.293595
2021-06-01,444,Building Material & Garden Equipment,68363.0,False,CENSUS_MRTS,2025-10-25 23:04:12.293595
2021-07-01,444,Building Material & Garden Equipment,67928.0,False,CENSUS_MRTS,2025-10-25 23:04:12.293595
2021-08-01,444,Building Material & Garden Equipment,67601.0,False,CENSUS_MRTS,2025-10-25 23:04:12.293595
2021-09-01,444,Building Material & Garden Equipment,68597.0,False,CENSUS_MRTS,2025-10-25 23:04:12.293595
2021-10-01,444,Building Material & Garden Equipment,69855.0,False,CENSUS_MRTS,2025-10-25 23:04:12.293595
2021-11-01,444,Building Material & Garden Equipment,69854.0,False,CENSUS_MRTS,2025-10-25 23:04:12.293595
2021-12-01,444,Building Material & Garden Equipment,71327.0,False,CENSUS_MRTS,2025-10-25 23:04:12.293595
2021-01-01,444,Building Material & Garden Equipment,1.8,False,CENSUS_MRTS,2025-10-25 23:04:12.293595
2021-02-01,444,Building Material & Garden Equipment,1.8,False,CENSUS_MRTS,2025-10-25 23:04:12.293595
2021-03-01,444,Building Material & Garden Equipment,1.8,False,CENSUS_MRTS,2025-10-25 23:04:12.293595
2021-04-01,444,Building Material & Garden Equipment,1.8,False,CENSUS_MRTS,2025-10-25 23:04:12.293595
2021-05-01,444,Building Material & Garden Equipment,1.8,False,CENSUS_MRTS,2025-10-25 23:04:12.293595
2021-06-01,444,Building Material & Garden Equipment,1.8,False,CENSUS_MRTS,2025-10-25 23:04:12.293595
2021-07-01,444,Building Material & Garden Equipment,1.8,False,CENSUS_MRTS,2025-10-25 23:04:12.293595
2021-08-01,444,Building Material & Garden Equipment,1.7,False,CENSUS_MRTS,2025-10-25 23:04:12.293595
2021-09-01,444,Building Material & Garden Equipment,1.7,False,CENSUS_MRTS,2025-10-25 23:04:12.293595
2021-10-01,444,Building Material & Garden Equipment,1.8,False,CENSUS_MRTS,2025-10-25 23:04:12.293595
2021-11-01,444,Building Material & Garden Equipment,1.8,False,CENSUS_MRTS,2025-10-25 23:04:12.293595
2021-12-01,444,Building Material & Garden Equipment,1.8,False,CENSUS_MRTS,2025-10-25 23:04:12.293595
2021-01-01,444,Building Material & Garden Equipment,62148.0,True,CENSUS_MRTS,2025-10-25 23:04:12.293595
2021-02-01,444,Building Material & Garden Equipment,63772.0,True,CENSUS_MRTS,2025-10-25 23:04:12.293595
2021-03-01,444,Building Material & Garden Equipment,64605.0,True,CENSUS_MRTS,2025-10-25 23:04:12.293595
2021-04-01,444,Building Material & Garden Equipment,65398.0,True,CENSUS_MRTS,2025-10-25 23:04:12.293595
2021-05-01,444,Building Material & Garden Equipment,67018.0,True,CENSUS_MRTS,2025-10-25 23:04:12.293595
2021-06-01,444,Building Material & Garden Equipment,68295.0,True,CENSUS_MRTS,2025-10-25 23:04:12.293595
2021-07-01,444,Building Material & Garden Equipment,69103.0,True,CENSUS_MRTS,2025-10-25 23:04:12.293595
2021-08-01,444,Building Material & Garden Equipment,69263.0,True,CENSUS_MRTS,2025-10-25 23:04:12.293595
2021-09-01,444,Building Material & Garden Equipment,69783.0,True,CENSUS_MRTS,2025-10-25 23:04:12.293595
2021-10-01,444,Building Material & Garden Equipment,70632.0,True,CENSUS_MRTS,2025-10-25 23:04:12.293595
2021-11-01,444,Building Material & Garden Equipment,72014.0,True,CENSUS_MRTS,2025-10-25 23:04:12.293595
2021-12-01,444,Building Material & Garden Equipment,74222.0,True,CENSUS_MRTS,2025-10-25 23:04:12.293595
2021-01-01,444,Building Material & Garden Equipment,1.8,True,CENSUS_MRTS,2025-10-25 23:04:12.293595
2021-02-01,444,Building Material & Garden Equipment,1.8,True,CENSUS_MRTS,2025-10-25 23:04:12.293595
2021-03-01,444,Building Material & Garden Equipment,1.8,True,CENSUS_MRTS,2025-10-25 23:04:12.293595
2021-04-01,444,Building Material & Garden Equipment,1.8,True,CENSUS_MRTS,2025-10-25 23:04:12.293595
2021-05-01,444,Building Material & Garden Equipment,1.8,True,CENSUS_MRTS,2025-10-25 23:04:12.293595
2021-06-01,444,Building Material & Garden Equipment,1.8,True,CENSUS_MRTS,2025-10-25 23:04:12.293595
2021-07-01,444,Building Material & Garden Equipment,1.8,True,CENSUS_MRTS,2025-10-25 23:04:12.293595
2021-08-01,444,Building Material & Garden Equipment,1.7,True,CENSUS_MRTS,2025-10-25 23:04:12.293595
2021-09-01,444,Building Material & Garden Equipment,1.7,True,CENSUS_MRTS,2025-10-25 23:04:12.293595
2021-10-01,444,Building Material & Garden Equipment,1.8,True,CENSUS_MRTS,2025-10-25 23:04:12.293595
2021-11-01,444,Building Material & Garden Equipment,1.8,True,CENSUS_MRTS,2025-10-25 23:04:12.293595
2021-12-01,444,Building Material & Garden Equipment,1.8,True,CENSUS_MRTS,2025-10-25 23:04:12.293595
2021-01-01,444,Building Material & Garden Equipment,1.98,False,CENSUS_MRTS,2025-10-25 23:04:12.293595
2021-02-01,444,Building Material & Garden Equipment,2.23,False,CENSUS_MRTS,2025-10-25 23:04:12.293595
2021-03-01,444,Building Material & Garden Equipment,1.58,False,CENSUS_MRTS,2025-10-25 23:04:12.293595
2021-04-01,444,Building Material & Garden Equipment,1.48,False,CENSUS_MRTS,2025-10-25 23:04:12.293595
2021-05-01,444,Building Material & Garden Equipment,1.49,False,CENSUS_MRTS,2025-10-25 23:04:12.293595
2021-06-01,444,Building Material & Garden Equipment,1.52,False,CENSUS_MRTS,2025-10-25 23:04:12.293595
2021-07-01,444,Building Material & Garden Equipment,1.65,False,CENSUS_MRTS,2025-10-25 23:04:12.293595
2021-08-01,444,Building Material & Garden Equipment,1.7,False,CENSUS_MRTS,2025-10-25 23:04:12.293595
2021-09-01,444,Building Material & Garden Equipment,1.76,False,CENSUS_MRTS,2025-10-25 23:04:12.293595
2021-10-01,444,Building Material & Garden Equipment,1.77,False,CENSUS_MRTS,2025-10-25 23:04:12.293595
2021-11-01,444,Building Material & Garden Equipment,1.76,False,CENSUS_MRTS,2025-10-25 23:04:12.293595
2021-12-01,444,Building Material & Garden Equipment,1.86,False,CENSUS_MRTS,2025-10-25 23:04:12.293595
2021-01-01,444,Building Material & Garden Equipment,0.04,False,CENSUS_MRTS,2025-10-25 23:04:12.293595
2021-02-01,444,Building Material & Garden Equipment,0.04,False,CENSUS_MRTS,2025-10-25 23:04:12.293595
2021-03-01,444,Building Material & Garden Equipment,0.03,False,CENSUS_MRTS,2025-10-25 23:04:12.293595
2021-04-01,444,Building Material & Garden Equipment,0.03,False,CENSUS_MRTS,2025-10-25 23:04:12.293595
2021-05-01,444,Building Material & Garden Equipment,0.03,False,CENSUS_MRTS,2025-10-25 23:04:12.293595
2021-06-01,444,Building Material & Garden Equipment,0.03,False,CENSUS_MRTS,2025-10-25 23:04:12.293595
2021-07-01,444,Building Material & Garden Equipment,0.03,False,CENSUS_MRTS,2025-10-25 23:04:12.293595
2021-08-01,444,Building Material & Garden Equipment,0.03,False,CENSUS_MRTS,2025-10-25 23:04:12.293595
2021-09-01,444,Building Material & Garden Equipment,0.03,False,CENSUS_MRTS,2025-10-25 23:04:12.293595
2021-10-01,444,Building Material & Garden Equipment,0.03,False,CENSUS_MRTS,2025-10-25 23:04:12.293595
2021-11-01,444,Building Material & Garden Equipment,0.03,False,CENSUS_MRTS,2025-10-25 23:04:12.293595
2021-12-01,444,Building Material & Garden Equipment,0.03,False,CENSUS_MRTS,2025-10-25 23:04:12.293595
2021-01-01,444,Building Material & Garden Equipment,1.61,True,CENSUS_MRTS,2025-10-25 23:04:12.293595
2021-02-01,444,Building Material & Garden Equipment,1.74,True,CENSUS_MRTS,2025-10-25 23:04:12.293595
2021-03-01,444,Building Material & Garden Equipment,1.54,True,CENSUS_MRTS,2025-10-25 23:04:12.293595
2021-04-01,444,Building Material & Garden Equipment,1.56,True,CENSUS_MRTS,2025-10-25 23:04:12.293595
2021-05-01,444,Building Material & Garden Equipment,1.67,True,CENSUS_MRTS,2025-10-25 23:04:12.293595
2021-06-01,444,Building Material & Garden Equipment,1.72,True,CENSUS_MRTS,2025-10-25 23:04:12.293595
2021-07-01,444,Building Material & Garden Equipment,1.78,True,CENSUS_MRTS,2025-10-25 23:04:12.293595
2021-08-01,444,Building Material & Garden Equipment,1.79,True,CENSUS_MRTS,2025-10-25 23:04:12.293595
2021-09-01,444,Building Material & Garden Equipment,1.79,True,CENSUS_MRTS,2025-10-25 23:04:12.293595
2021-10-01,444,Building Material & Garden Equipment,1.78,True,CENSUS_MRTS,2025-10-25 23:04:12.293595
2021-11-01,444,Building Material & Garden Equipment,1.76,True,CENSUS_MRTS,2025-10-25 23:04:12.293595
2021-12-01,444,Building Material & Garden Equipment,1.81,True,CENSUS_MRTS,2025-10-25 23:04:12.293595
2021-01-01,444,Building Material & Garden Equipment,0.04,True,CENSUS_MRTS,2025-10-25 23:04:12.293595
2021-02-01,444,Building Material & Garden Equipment,0.04,True,CENSUS_MRTS,2025-10-25 23:04:12.293595
2021-04-01,444,Building Material & Garden Equipment,0.03,True,CENSUS_MRTS,2025-10-25 23:04:12.293595
2021-05-01,444,Building Material & Garden Equipment,0.03,True,CENSUS_MRTS,2025-10-25 23:04:12.293595
2021-06-01,444,Building Material & Garden Equipment,0.03,True,CENSUS_MRTS,2025-10-25 23:04:12.293595
2021-07-01,444,Building Material & Garden Equipment,0.03,True,CENSUS_MRTS,2025-10-25 23:04:12.293595
2021-08-01,444,Building Material & Garden Equipment,0.03,True,CENSUS_MRTS,2025-10-25 23:04:12.293595
2021-10-01,444,Building Material & Garden Equipment,0.03,True,CENSUS_MRTS,2025-10-25 23:04:12.293595
2021-11-01,444,Building Material & Garden Equipment,0.03,True,CENSUS_MRTS,2025-10-25 23:04:12.293595
2021-12-01,444,Building Material & Garden Equipment,0.03,True,CENSUS_MRTS,2025-10-25 23:04:12.293595
2021-01-01,444,Building Material & Garden Equipment,2.9,False,CENSUS_MRTS,2025-10-25 23:04:12.293595
2021-02-01,444,Building Material & Garden Equipment,7.0,False,CENSUS_MRTS,2025-10-25 23:04:12.293595
2021-04-01,444,Building Material & Garden Equipment,1.4,False,CENSUS_MRTS,2025-10-25 23:04:12.293595
2021-05-01,444,Building Material & Garden Equipment,0.3,False,CENSUS_MRTS,2025-10-25 23:04:12.293595
2021-06-01,444,Building Material & Garden Equipment,-1.2,False,CENSUS_MRTS,2025-10-25 23:04:12.293595
2021-07-01,444,Building Material & Garden Equipment,-0.6,False,CENSUS_MRTS,2025-10-25 23:04:12.293595
2021-09-01,444,Building Material & Garden Equipment,1.5,False,CENSUS_MRTS,2025-10-25 23:04:12.293595
2021-10-01,444,Building Material & Garden Equipment,1.8,False,CENSUS_MRTS,2025-10-25 23:04:12.293595
2021-11-01,444,Building Material & Garden Equipment,0.0,False,CENSUS_MRTS,2025-10-25 23:04:12.293595
2021-12-01,444,Building Material & Garden Equipment,2.1,False,CENSUS_MRTS,2025-10-25 23:04:12.293595
2021-01-01,444,Building Material & Garden Equipment,0.2,False,CENSUS_MRTS,2025-10-25 23:04:12.293595
2021-03-01,444,Building Material & Garden Equipment,0.2,False,CENSUS_MRTS,2025-10-25 23:04:12.293595
2021-04-01,444,Building Material & Garden Equipment,0.1,False,CENSUS_MRTS,2025-10-25 23:04:12.293595
2021-05-01,444,Building Material & Garden Equipment,0.2,False,CENSUS_MRTS,2025-10-25 23:04:12.293595
2021-06-01,444,Building Material & Garden Equipment,0.2,False,CENSUS_MRTS,2025-10-25 23:04:12.293595
2021-07-01,444,Building Material & Garden Equipment,0.1,False,CENSUS_MRTS,2025-10-25 23:04:12.293595
2021-09-01,444,Building Material & Garden Equipment,0.2,False,CENSUS_MRTS,2025-10-25 23:04:12.293595
2021-10-01,444,Building Material & Garden Equipment,0.2,False,CENSUS_MRTS,2025-10-25 23:04:12.293595
2021-11-01,444,Building Material & Garden Equipment,0.1,False,CENSUS_MRTS,2025-10-25 23:04:12.293595
2021-12-01,444,Building Material & Garden Equipment,0.2,False,CENSUS_MRTS,2025-10-25 23:04:12.293595
2021-01-01,444,Building Material & Garden Equipment,0.8,True,CENSUS_MRTS,2025-10-25 23:04:12.293595
2021-03-01,444,Building Material & Garden Equipment,1.3,True,CENSUS_MRTS,2025-10-25 23:04:12.293595
2021-04-01,444,Building Material & Garden Equipment,1.2,True,CENSUS_MRTS,2025-10-25 23:04:12.293595
2021-05-01,444,Building Material & Garden Equipment,2.5,True,CENSUS_MRTS,2025-10-25 23:04:12.293595
2021-06-01,444,Building Material & Garden Equipment,1.9,True,CENSUS_MRTS,2025-10-25 23:04:12.293595
2021-07-01,444,Building Material & Garden Equipment,1.2,True,CENSUS_MRTS,2025-10-25 23:04:12.293595
2021-09-01,444,Building Material & Garden Equipment,0.8,True,CENSUS_MRTS,2025-10-25 23:04:12.293595
2024-06-01,444,Building Material & Garden Equipment,3.3,False,CENSUS_MRTS,2025-10-25 23:04:12.293595
2024-12-01,444,Building Material & Garden Equipment,3.5,False,CENSUS_MRTS,2025-10-25 23:04:12.293595
2024-05-01,444,Building Material & Garden Equipment,40171.0,True,CENSUS_MRTS,2025-10-25 23:04:12.293595
2024-11-01,444,Building Material & Garden Equipment,41312.0,True,CENSUS_MRTS,2025-10-25 23:04:12.293595
2024-04-01,444,Building Material & Garden Equipment,3.0,True,CENSUS_MRTS,2025-10-25 23:04:12.293595
2024-10-01,444,Building Material & Garden Equipment,3.6,True,CENSUS_MRTS,2025-10-25 23:04:12.293595
2017-01-01,444,Building Material & Garden Equipment,49138.0,False,CENSUS_MRTS,2025-10-25 23:04:12.293595
2017-07-01,444,Building Material & Garden Equipment,50079.0,False,CENSUS_MRTS,2025-10-25 23:04:12.293595
2021-10-01,444,Building Material & Garden Equipment,1.2,True,CENSUS_MRTS,2025-10-25 23:04:12.293595
2021-11-01,444,Building Material & Garden Equipment,2.0,True,CENSUS_MRTS,2025-10-25 23:04:12.293595
2021-12-01,444,Building Material & Garden Equipment,3.1,True,CENSUS_MRTS,2025-10-25 23:04:12.293595
2021-01-01,444,Building Material & Garden Equipment,0.2,True,CENSUS_MRTS,2025-10-25 23:04:12.293595
2021-02-01,444,Building Material & Garden Equipment,0.2,True,CENSUS_MRTS,2025-10-25 23:04:12.293595
2021-03-01,444,Building Material & Garden Equipment,0.2,True,CENSUS_MRTS,2025-10-25 23:04:12.293595
2021-04-01,444,Building Material & Garden Equipment,0.1,True,CENSUS_MRTS,2025-10-25 23:04:12.293595
2021-05-01,444,Building Material & Garden Equipment,0.2,True,CENSUS_MRTS,2025-10-25 23:04:12.293595
2021-06-01,444,Building Material & Garden Equipment,0.2,True,CENSUS_MRTS,2025-10-25 23:04:12.293595
2021-07-01,444,Building Material & Garden Equipment,0.1,True,CENSUS_MRTS,2025-10-25 23:04:12.293595
2021-08-01,444,Building Material & Garden Equipment,0.2,True,CENSUS_MRTS,2025-10-25 23:04:12.293595
2021-09-01,444,Building Material & Garden Equipment,0.2,True,CENSUS_MRTS,2025-10-25 23:04:12.293595
2021-10-01,444,Building Material & Garden Equipment,0.2,True,CENSUS_MRTS,2025-10-25 23:04:12.293595
2021-11-01,444,Building Material & Garden Equipment,0.1,True,CENSUS_MRTS,2025-10-25 23:04:12.293595
2021-12-01,444,Building Material & Garden Equipment,0.2,True,CENSUS_MRTS,2025-10-25 23:04:12.293595
2021-01-01,444,Building Material & Garden Equipment,-9.7,False,CENSUS_MRTS,2025-10-25 23:04:12.293595
2021-02-01,444,Building Material & Garden Equipment,-5.0,False,CENSUS_MRTS,2025-10-25 23:04:12.293595
2021-03-01,444,Building Material & Garden Equipment,47.0,False,CENSUS_MRTS,2025-10-25 23:04:12.293595
2021-04-01,444,Building Material & Garden Equipment,8.5,False,CENSUS_MRTS,2025-10-25 23:04:12.293595
2021-05-01,444,Building Material & Garden Equipment,-0.3,False,CENSUS_MRTS,2025-10-25 23:04:12.293595
2021-06-01,444,Building Material & Garden Equipment,-3.0,False,CENSUS_MRTS,2025-10-25 23:04:12.293595
2021-07-01,444,Building Material & Garden Equipment,-8.4,False,CENSUS_MRTS,2025-10-25 23:04:12.293595
2021-08-01,444,Building Material & Garden Equipment,-3.8,False,CENSUS_MRTS,2025-10-25 23:04:12.293595
2021-09-01,444,Building Material & Garden Equipment,-1.8,False,CENSUS_MRTS,2025-10-25 23:04:12.293595
2021-10-01,444,Building Material & Garden Equipment,1.5,False,CENSUS_MRTS,2025-10-25 23:04:12.293595
2021-11-01,444,Building Material & Garden Equipment,0.2,False,CENSUS_MRTS,2025-10-25 23:04:12.293595
2021-12-01,444,Building Material & Garden Equipment,-3.2,False,CENSUS_MRTS,2025-10-25 23:04:12.293595
2021-01-01,444,Building Material & Garden Equipment,0.4,False,CENSUS_MRTS,2025-10-25 23:04:12.293595
2021-02-01,444,Building Material & Garden Equipment,0.4,False,CENSUS_MRTS,2025-10-25 23:04:12.293595
2021-03-01,444,Building Material & Garden Equipment,0.6,False,CENSUS_MRTS,2025-10-25 23:04:12.293595
2021-04-01,444,Building Material & Garden Equipment,0.5,False,CENSUS_MRTS,2025-10-25 23:04:12.293595
2021-05-01,444,Building Material & Garden Equipment,0.4,False,CENSUS_MRTS,2025-10-25 23:04:12.293595
2021-06-01,444,Building Material & Garden Equipment,0.4,False,CENSUS_MRTS,2025-10-25 23:04:12.293595
2021-07-01,444,Building Material & Garden Equipment,0.2,False,CENSUS_MRTS,2025-10-25 23:04:12.293595
2021-08-01,444,Building Material & Garden Equipment,0.2,False,CENSUS_MRTS,2025-10-25 23:04:12.293595
2021-09-01,444,Building Material & Garden Equipment,0.2,False,CENSUS_MRTS,2025-10-25 23:04:12.293595
2021-10-01,444,Building Material & Garden Equipment,0.3,False,CENSUS_MRTS,2025-10-25 23:04:12.293595
2021-11-01,444,Building Material & Garden Equipment,0.4,False,CENSUS_MRTS,2025-10-25 23:04:12.293595
2021-12-01,444,Building Material & Garden Equipment,0.4,False,CENSUS_MRTS,2025-10-25 23:04:12.293595
2021-01-01,444,Building Material & Garden Equipment,6.4,True,CENSUS_MRTS,2025-10-25 23:04:12.293595
2021-02-01,444,Building Material & Garden Equipment,-4.7,True,CENSUS_MRTS,2025-10-25 23:04:12.293595
2021-03-01,444,Building Material & Garden Equipment,14.1,True,CENSUS_MRTS,2025-10-25 23:04:12.293595
2021-04-01,444,Building Material & Garden Equipment,0.1,True,CENSUS_MRTS,2025-10-25 23:04:12.293595
2021-05-01,444,Building Material & Garden Equipment,-4.1,True,CENSUS_MRTS,2025-10-25 23:04:12.293595
2021-06-01,444,Building Material & Garden Equipment,-1.3,True,CENSUS_MRTS,2025-10-25 23:04:12.293595
2021-07-01,444,Building Material & Garden Equipment,-2.1,True,CENSUS_MRTS,2025-10-25 23:04:12.293595
2021-08-01,444,Building Material & Garden Equipment,-0.3,True,CENSUS_MRTS,2025-10-25 23:04:12.293595
2021-09-01,444,Building Material & Garden Equipment,0.6,True,CENSUS_MRTS,2025-10-25 23:04:12.293595
2021-10-01,444,Building Material & Garden Equipment,1.8,True,CENSUS_MRTS,2025-10-25 23:04:12.293595
2021-11-01,444,Building Material & Garden Equipment,2.8,True,CENSUS_MRTS,2025-10-25 23:04:12.293595
2021-12-01,444,Building Material & Garden Equipment,0.6,True,CENSUS_MRTS,2025-10-25 23:04:12.293595
2021-01-01,444,Building Material & Garden Equipment,0.4,True,CENSUS_MRTS,2025-10-25 23:04:12.293595
2021-02-01,444,Building Material & Garden Equipment,0.4,True,CENSUS_MRTS,2025-10-25 23:04:12.293595
2021-03-01,444,Building Material & Garden Equipment,0.6,True,CENSUS_MRTS,2025-10-25 23:04:12.293595
2021-04-01,444,Building Material & Garden Equipment,0.5,True,CENSUS_MRTS,2025-10-25 23:04:12.293595
2021-05-01,444,Building Material & Garden Equipment,0.4,True,CENSUS_MRTS,2025-10-25 23:04:12.293595
2021-06-01,444,Building Material & Garden Equipment,0.4,True,CENSUS_MRTS,2025-10-25 23:04:12.293595
2021-07-01,444,Building Material & Garden Equipment,0.2,True,CENSUS_MRTS,2025-10-25 23:04:12.293595
2021-08-01,444,Building Material & Garden Equipment,0.2,True,CENSUS_MRTS,2025-10-25 23:04:12.293595
2021-09-01,444,Building Material & Garden Equipment,0.2,True,CENSUS_MRTS,2025-10-25 23:04:12.293595
2021-10-01,444,Building Material & Garden Equipment,0.3,True,CENSUS_MRTS,2025-10-25 23:04:12.293595
2021-11-01,444,Building Material & Garden Equipment,0.4,True,CENSUS_MRTS,2025-10-25 23:04:12.293595
2021-12-01,444,Building Material & Garden Equipment,0.4,True,CENSUS_MRTS,2025-10-25 23:04:12.293595
2021-01-01,444,Building Material & Garden Equipment,30726.0,False,CENSUS_MRTS,2025-10-25 23:04:12.293595
2021-02-01,444,Building Material & Garden Equipment,29193.0,False,CENSUS_MRTS,2025-10-25 23:04:12.293595
2021-03-01,444,Building Material & Garden Equipment,42904.0,False,CENSUS_MRTS,2025-10-25 23:04:12.293595
2021-04-01,444,Building Material & Garden Equipment,46543.0,False,CENSUS_MRTS,2025-10-25 23:04:12.293595
2021-05-01,444,Building Material & Garden Equipment,46416.0,False,CENSUS_MRTS,2025-10-25 23:04:12.293595
2021-06-01,444,Building Material & Garden Equipment,45013.0,False,CENSUS_MRTS,2025-10-25 23:04:12.293595
2021-07-01,444,Building Material & Garden Equipment,41231.0,False,CENSUS_MRTS,2025-10-25 23:04:12.293595
2021-08-01,444,Building Material & Garden Equipment,39673.0,False,CENSUS_MRTS,2025-10-25 23:04:12.293595
2021-09-01,444,Building Material & Garden Equipment,38971.0,False,CENSUS_MRTS,2025-10-25 23:04:12.293595
2021-10-01,444,Building Material & Garden Equipment,39559.0,False,CENSUS_MRTS,2025-10-25 23:04:12.293595
2021-11-01,444,Building Material & Garden Equipment,39647.0,False,CENSUS_MRTS,2025-10-25 23:04:12.293595
2021-12-01,444,Building Material & Garden Equipment,38367.0,False,CENSUS_MRTS,2025-10-25 23:04:12.293595
2021-01-01,444,Building Material & Garden Equipment,2.0,False,CENSUS_MRTS,2025-10-25 23:04:12.293595
2021-02-01,444,Building Material & Garden Equipment,1.9,False,CENSUS_MRTS,2025-10-25 23:04:12.293595
2021-03-01,444,Building Material & Garden Equipment,2.1,False,CENSUS_MRTS,2025-10-25 23:04:12.293595
2021-04-01,444,Building Material & Garden Equipment,2.0,False,CENSUS_MRTS,2025-10-25 23:04:12.293595
2021-05-01,444,Building Material & Garden Equipment,2.1,False,CENSUS_MRTS,2025-10-25 23:04:12.293595
2021-06-01,444,Building Material & Garden Equipment,2.2,False,CENSUS_MRTS,2025-10-25 23:04:12.293595
2021-08-01,444,Building Material & Garden Equipment,2.3,False,CENSUS_MRTS,2025-10-25 23:04:12.293595
2021-09-01,444,Building Material & Garden Equipment,2.2,False,CENSUS_MRTS,2025-10-25 23:04:12.293595
2021-10-01,444,Building Material & Garden Equipment,2.3,False,CENSUS_MRTS,2025-10-25 23:04:12.293595
2021-11-01,444,Building Material & Garden Equipment,2.3,False,CENSUS_MRTS,2025-10-25 23:04:12.293595
2021-12-01,444,Building Material & Garden Equipment,2.2,False,CENSUS_MRTS,2025-10-25 23:04:12.293595
2021-02-01,444,Building Material & Garden Equipment,36716.0,True,CENSUS_MRTS,2025-10-25 23:04:12.293595
2021-03-01,444,Building Material & Garden Equipment,41910.0,True,CENSUS_MRTS,2025-10-25 23:04:12.293595
2021-04-01,444,Building Material & Garden Equipment,41953.0,True,CENSUS_MRTS,2025-10-25 23:04:12.293595
2021-05-01,444,Building Material & Garden Equipment,40226.0,True,CENSUS_MRTS,2025-10-25 23:04:12.293595
2021-07-01,444,Building Material & Garden Equipment,38865.0,True,CENSUS_MRTS,2025-10-25 23:04:12.293595
2021-08-01,444,Building Material & Garden Equipment,38760.0,True,CENSUS_MRTS,2025-10-25 23:04:12.293595
2021-09-01,444,Building Material & Garden Equipment,38996.0,True,CENSUS_MRTS,2025-10-25 23:04:12.293595
2021-10-01,444,Building Material & Garden Equipment,39698.0,True,CENSUS_MRTS,2025-10-25 23:04:12.293595
2021-11-01,444,Building Material & Garden Equipment,40804.0,True,CENSUS_MRTS,2025-10-25 23:04:12.293595
2021-01-01,444,Building Material & Garden Equipment,2.0,True,CENSUS_MRTS,2025-10-25 23:04:12.293595
2021-02-01,444,Building Material & Garden Equipment,1.9,True,CENSUS_MRTS,2025-10-25 23:04:12.293595
2021-03-01,444,Building Material & Garden Equipment,2.1,True,CENSUS_MRTS,2025-10-25 23:04:12.293595
2021-04-01,444,Building Material & Garden Equipment,2.0,True,CENSUS_MRTS,2025-10-25 23:04:12.293595
2021-06-01,444,Building Material & Garden Equipment,2.2,True,CENSUS_MRTS,2025-10-25 23:04:12.293595
2021-07-01,444,Building Material & Garden Equipment,2.2,True,CENSUS_MRTS,2025-10-25 23:04:12.293595
2021-08-01,444,Building Material & Garden Equipment,2.3,True,CENSUS_MRTS,2025-10-25 23:04:12.293595
2021-09-01,444,Building Material & Garden Equipment,2.2,True,CENSUS_MRTS,2025-10-25 23:04:12.293595
2021-10-01,444,Building Material & Garden Equipment,2.3,True,CENSUS_MRTS,2025-10-25 23:04:12.293595
2021-12-01,444,Building Material & Garden Equipment,2.2,True,CENSUS_MRTS,2025-10-25 23:04:12.293595
2025-01-01,444,Building Material & Garden Equipment,81979.0,False,CENSUS_MRTS,2025-10-25 23:04:12.293595
2025-02-01,444,Building Material & Garden Equipment,84902.0,False,CENSUS_MRTS,2025-10-25 23:04:12.293595
2025-03-01,444,Building Material & Garden Equipment,87050.0,False,CENSUS_MRTS,2025-10-25 23:04:12.293595
2025-04-01,444,Building Material & Garden Equipment,87748.0,False,CENSUS_MRTS,2025-10-25 23:04:12.293595
2025-05-01,444,Building Material & Garden Equipment,85495.0,False,CENSUS_MRTS,2025-10-25 23:04:12.293595
2025-06-01,444,Building Material & Garden Equipment,83438.0,False,CENSUS_MRTS,2025-10-25 23:04:12.293595
2025-07-01,444,Building Material & Garden Equipment,82500.0,False,CENSUS_MRTS,2025-10-25 23:04:12.293595
2025-01-01,444,Building Material & Garden Equipment,2.2,False,CENSUS_MRTS,2025-10-25 23:04:12.293595
2025-03-01,444,Building Material & Garden Equipment,2.1,False,CENSUS_MRTS,2025-10-25 23:04:12.293595
2025-04-01,444,Building Material & Garden Equipment,2.2,False,CENSUS_MRTS,2025-10-25 23:04:12.293595
2025-05-01,444,Building Material & Garden Equipment,2.3,False,CENSUS_MRTS,2025-10-25 23:04:12.293595
2025-06-01,444,Building Material & Garden Equipment,2.4,False,CENSUS_MRTS,2025-10-25 23:04:12.293595
2025-07-01,444,Building Material & Garden Equipment,2.5,False,CENSUS_MRTS,2025-10-25 23:04:12.293595
2025-02-01,444,Building Material & Garden Equipment,82993.0,True,CENSUS_MRTS,2025-10-25 23:04:12.293595
2025-03-01,444,Building Material & Garden Equipment,82826.0,True,CENSUS_MRTS,2025-10-25 23:04:12.293595
2025-04-01,444,Building Material & Garden Equipment,83411.0,True,CENSUS_MRTS,2025-10-25 23:04:12.293595
2025-05-01,444,Building Material & Garden Equipment,83410.0,True,CENSUS_MRTS,2025-10-25 23:04:12.293595
2025-07-01,444,Building Material & Garden Equipment,84012.0,True,CENSUS_MRTS,2025-10-25 23:04:12.293595
2025-01-01,444,Building Material & Garden Equipment,2.2,True,CENSUS_MRTS,2025-10-25 23:04:12.293595
2025-02-01,444,Building Material & Garden Equipment,2.1,True,CENSUS_MRTS,2025-10-25 23:04:12.293595
2025-03-01,444,Building Material & Garden Equipment,2.1,True,CENSUS_MRTS,2025-10-25 23:04:12.293595
2025-04-01,444,Building Material & Garden Equipment,2.2,True,CENSUS_MRTS,2025-10-25 23:04:12.293595
2025-06-01,444,Building Material & Garden Equipment,2.4,True,CENSUS_MRTS,2025-10-25 23:04:12.293595
2025-07-01,444,Building Material & Garden Equipment,2.5,True,CENSUS_MRTS,2025-10-25 23:04:12.293595
2025-01-01,444,Building Material & Garden Equipment,2.49,False,CENSUS_MRTS,2025-10-25 23:04:12.293595
2025-02-01,444,Building Material & Garden Equipment,2.69,False,CENSUS_MRTS,2025-10-25 23:04:12.293595
2025-03-01,444,Building Material & Garden Equipment,2.19,False,CENSUS_MRTS,2025-10-25 23:04:12.293595
2025-05-01,444,Building Material & Garden Equipment,1.83,False,CENSUS_MRTS,2025-10-25 23:04:12.293595
2025-06-01,444,Building Material & Garden Equipment,1.9,False,CENSUS_MRTS,2025-10-25 23:04:12.293595
2025-07-01,444,Building Material & Garden Equipment,1.91,False,CENSUS_MRTS,2025-10-25 23:04:12.293595
2025-01-01,444,Building Material & Garden Equipment,0.05,False,CENSUS_MRTS,2025-10-25 23:04:12.293595
2025-03-01,444,Building Material & Garden Equipment,0.05,False,CENSUS_MRTS,2025-10-25 23:04:12.293595
2025-04-01,444,Building Material & Garden Equipment,0.04,False,CENSUS_MRTS,2025-10-25 23:04:12.293595
2025-05-01,444,Building Material & Garden Equipment,0.04,False,CENSUS_MRTS,2025-10-25 23:04:12.293595
2025-06-01,444,Building Material & Garden Equipment,0.04,False,CENSUS_MRTS,2025-10-25 23:04:12.293595
2025-07-01,444,Building Material & Garden Equipment,0.04,False,CENSUS_MRTS,2025-10-25 23:04:12.293595
2025-02-01,444,Building Material & Garden Equipment,2.08,True,CENSUS_MRTS,2025-10-25 23:04:12.293595
2025-03-01,444,Building Material & Garden Equipment,2.04,True,CENSUS_MRTS,2025-10-25 23:04:12.293595
2025-04-01,444,Building Material & Garden Equipment,2.04,True,CENSUS_MRTS,2025-10-25 23:04:12.293595
2025-05-01,444,Building Material & Garden Equipment,2.1,True,CENSUS_MRTS,2025-10-25 23:04:12.293595
2023-07-01,444,Building Material & Garden Equipment,1.7,True,CENSUS_MRTS,2025-10-25 23:04:12.293595
2023-01-01,444,Building Material & Garden Equipment,2.39,False,CENSUS_MRTS,2025-10-25 23:04:12.293595
2023-06-01,444,Building Material & Garden Equipment,1.76,False,CENSUS_MRTS,2025-10-25 23:04:12.293595
2023-12-01,444,Building Material & Garden Equipment,2.06,False,CENSUS_MRTS,2025-10-25 23:04:12.293595
2023-05-01,444,Building Material & Garden Equipment,0.03,False,CENSUS_MRTS,2025-10-25 23:04:12.293595
2023-11-01,444,Building Material & Garden Equipment,0.04,False,CENSUS_MRTS,2025-10-25 23:04:12.293595
2023-05-01,444,Building Material & Garden Equipment,1.95,True,CENSUS_MRTS,2025-10-25 23:04:12.293595
2023-10-01,444,Building Material & Garden Equipment,1.97,True,CENSUS_MRTS,2025-10-25 23:04:12.293595
2022-08-01,444,Building Material & Garden Equipment,0.2,False,CENSUS_MRTS,2025-10-25 23:04:12.293595
2022-02-01,444,Building Material & Garden Equipment,0.9,True,CENSUS_MRTS,2025-10-25 23:04:12.293595
2022-08-01,444,Building Material & Garden Equipment,0.2,True,CENSUS_MRTS,2025-10-25 23:04:12.293595
2022-02-01,444,Building Material & Garden Equipment,0.3,True,CENSUS_MRTS,2025-10-25 23:04:12.293595
2022-08-01,444,Building Material & Garden Equipment,0.2,True,CENSUS_MRTS,2025-10-25 23:04:12.293595
2022-02-01,444,Building Material & Garden Equipment,-0.8,False,CENSUS_MRTS,2025-10-25 23:04:12.293595
2022-07-01,444,Building Material & Garden Equipment,-9.8,False,CENSUS_MRTS,2025-10-25 23:04:12.293595
2022-01-01,444,Building Material & Garden Equipment,0.4,False,CENSUS_MRTS,2025-10-25 23:04:12.293595
2019-01-01,444,Building Material & Garden Equipment,54385.0,False,CENSUS_MRTS,2025-10-25 23:04:12.293595
2019-02-01,444,Building Material & Garden Equipment,55784.0,False,CENSUS_MRTS,2025-10-25 23:04:12.293595
2019-03-01,444,Building Material & Garden Equipment,57981.0,False,CENSUS_MRTS,2025-10-25 23:04:12.293595
2019-04-01,444,Building Material & Garden Equipment,58883.0,False,CENSUS_MRTS,2025-10-25 23:04:12.293595
2019-05-01,444,Building Material & Garden Equipment,58027.0,False,CENSUS_MRTS,2025-10-25 23:04:12.293595
2019-06-01,444,Building Material & Garden Equipment,56282.0,False,CENSUS_MRTS,2025-10-25 23:04:12.293595
2019-07-01,444,Building Material & Garden Equipment,55672.0,False,CENSUS_MRTS,2025-10-25 23:04:12.293595
2019-08-01,444,Building Material & Garden Equipment,55556.0,False,CENSUS_MRTS,2025-10-25 23:04:12.293595
2019-09-01,444,Building Material & Garden Equipment,56386.0,False,CENSUS_MRTS,2025-10-25 23:04:12.293595
2019-10-01,444,Building Material & Garden Equipment,57010.0,False,CENSUS_MRTS,2025-10-25 23:04:12.293595
2019-12-01,444,Building Material & Garden Equipment,54302.0,False,CENSUS_MRTS,2025-10-25 23:04:12.293595
2019-01-01,444,Building Material & Garden Equipment,1.3,False,CENSUS_MRTS,2025-10-25 23:04:12.293595
2019-02-01,444,Building Material & Garden Equipment,1.3,False,CENSUS_MRTS,2025-10-25 23:04:12.293595
2019-03-01,444,Building Material & Garden Equipment,1.4,False,CENSUS_MRTS,2025-10-25 23:04:12.293595
2019-05-01,444,Building Material & Garden Equipment,1.4,False,CENSUS_MRTS,2025-10-25 23:04:12.293595
2019-06-01,444,Building Material & Garden Equipment,1.4,False,CENSUS_MRTS,2025-10-25 23:04:12.293595
2019-07-01,444,Building Material & Garden Equipment,1.4,False,CENSUS_MRTS,2025-10-25 23:04:12.293595
2019-08-01,444,Building Material & Garden Equipment,1.5,False,CENSUS_MRTS,2025-10-25 23:04:12.293595
2019-09-01,444,Building Material & Garden Equipment,1.6,False,CENSUS_MRTS,2025-10-25 23:04:12.293595
2019-11-01,444,Building Material & Garden Equipment,1.6,False,CENSUS_MRTS,2025-10-25 23:04:12.293595
2019-12-01,444,Building Material & Garden Equipment,1.7,False,CENSUS_MRTS,2025-10-25 23:04:12.293595
2019-01-01,444,Building Material & Garden Equipment,55952.0,True,CENSUS_MRTS,2025-10-25 23:04:12.293595
2019-02-01,444,Building Material & Garden Equipment,54798.0,True,CENSUS_MRTS,2025-10-25 23:04:12.293595
2019-04-01,444,Building Material & Garden Equipment,55760.0,True,CENSUS_MRTS,2025-10-25 23:04:12.293595
2019-05-01,444,Building Material & Garden Equipment,56119.0,True,CENSUS_MRTS,2025-10-25 23:04:12.293595
2019-06-01,444,Building Material & Garden Equipment,56170.0,True,CENSUS_MRTS,2025-10-25 23:04:12.293595
2019-07-01,444,Building Material & Garden Equipment,56635.0,True,CENSUS_MRTS,2025-10-25 23:04:12.293595
2019-08-01,444,Building Material & Garden Equipment,56748.0,True,CENSUS_MRTS,2025-10-25 23:04:12.293595
2019-10-01,444,Building Material & Garden Equipment,57470.0,True,CENSUS_MRTS,2025-10-25 23:04:12.293595
2019-11-01,444,Building Material & Garden Equipment,57200.0,True,CENSUS_MRTS,2025-10-25 23:04:12.293595
2019-12-01,444,Building Material & Garden Equipment,56801.0,True,CENSUS_MRTS,2025-10-25 23:04:12.293595
2019-01-01,444,Building Material & Garden Equipment,1.3,True,CENSUS_MRTS,2025-10-25 23:04:12.293595
2019-02-01,444,Building Material & Garden Equipment,1.3,True,CENSUS_MRTS,2025-10-25 23:04:12.293595
2019-04-01,444,Building Material & Garden Equipment,1.5,True,CENSUS_MRTS,2025-10-25 23:04:12.293595
2019-05-01,444,Building Material & Garden Equipment,1.4,True,CENSUS_MRTS,2025-10-25 23:04:12.293595
2019-06-01,444,Building Material & Garden Equipment,1.4,True,CENSUS_MRTS,2025-10-25 23:04:12.293595
2019-07-01,444,Building Material & Garden Equipment,1.4,True,CENSUS_MRTS,2025-10-25 23:04:12.293595
2019-09-01,444,Building Material & Garden Equipment,1.6,True,CENSUS_MRTS,2025-10-25 23:04:12.293595
2025-07-01,444,Building Material & Garden Equipment,2.1,True,CENSUS_MRTS,2025-10-25 23:04:12.293595
2025-01-01,444,Building Material & Garden Equipment,0.05,True,CENSUS_MRTS,2025-10-25 23:04:12.293595
2025-02-01,444,Building Material & Garden Equipment,0.06,True,CENSUS_MRTS,2025-10-25 23:04:12.293595
2025-03-01,444,Building Material & Garden Equipment,0.05,True,CENSUS_MRTS,2025-10-25 23:04:12.293595
2025-04-01,444,Building Material & Garden Equipment,0.04,True,CENSUS_MRTS,2025-10-25 23:04:12.293595
2025-05-01,444,Building Material & Garden Equipment,0.04,True,CENSUS_MRTS,2025-10-25 23:04:12.293595
2025-06-01,444,Building Material & Garden Equipment,0.04,True,CENSUS_MRTS,2025-10-25 23:04:12.293595
2025-07-01,444,Building Material & Garden Equipment,0.04,True,CENSUS_MRTS,2025-10-25 23:04:12.293595
2025-01-01,444,Building Material & Garden Equipment,3.3,False,CENSUS_MRTS,2025-10-25 23:04:12.293595
2025-02-01,444,Building Material & Garden Equipment,3.6,False,CENSUS_MRTS,2025-10-25 23:04:12.293595
2025-03-01,444,Building Material & Garden Equipment,2.5,False,CENSUS_MRTS,2025-10-25 23:04:12.293595
2025-04-01,444,Building Material & Garden Equipment,0.8,False,CENSUS_MRTS,2025-10-25 23:04:12.293595
2025-05-01,444,Building Material & Garden Equipment,-2.6,False,CENSUS_MRTS,2025-10-25 23:04:12.293595
2025-06-01,444,Building Material & Garden Equipment,-2.4,False,CENSUS_MRTS,2025-10-25 23:04:12.293595
2025-07-01,444,Building Material & Garden Equipment,-1.1,False,CENSUS_MRTS,2025-10-25 23:04:12.293595
2025-01-01,444,Building Material & Garden Equipment,0.2,False,CENSUS_MRTS,2025-10-25 23:04:12.293595
2025-02-01,444,Building Material & Garden Equipment,0.2,False,CENSUS_MRTS,2025-10-25 23:04:12.293595
2025-03-01,444,Building Material & Garden Equipment,0.2,False,CENSUS_MRTS,2025-10-25 23:04:12.293595
2025-04-01,444,Building Material & Garden Equipment,0.2,False,CENSUS_MRTS,2025-10-25 23:04:12.293595
2025-05-01,444,Building Material & Garden Equipment,0.2,False,CENSUS_MRTS,2025-10-25 23:04:12.293595
2025-06-01,444,Building Material & Garden Equipment,0.2,False,CENSUS_MRTS,2025-10-25 23:04:12.293595
2025-07-01,444,Building Material & Garden Equipment,0.2,False,CENSUS_MRTS,2025-10-25 23:04:12.293595
2025-01-01,444,Building Material & Garden Equipment,0.8,True,CENSUS_MRTS,2025-10-25 23:04:12.293595
2025-02-01,444,Building Material & Garden Equipment,-0.1,True,CENSUS_MRTS,2025-10-25 23:04:12.293595
2025-03-01,444,Building Material & Garden Equipment,-0.2,True,CENSUS_MRTS,2025-10-25 23:04:12.293595
2025-04-01,444,Building Material & Garden Equipment,0.7,True,CENSUS_MRTS,2025-10-25 23:04:12.293595
2025-05-01,444,Building Material & Garden Equipment,0.0,True,CENSUS_MRTS,2025-10-25 23:04:12.293595
2025-06-01,444,Building Material & Garden Equipment,0.3,True,CENSUS_MRTS,2025-10-25 23:04:12.293595
2025-07-01,444,Building Material & Garden Equipment,0.4,True,CENSUS_MRTS,2025-10-25 23:04:12.293595
2025-01-01,444,Building Material & Garden Equipment,0.2,True,CENSUS_MRTS,2025-10-25 23:04:12.293595
2025-02-01,444,Building Material & Garden Equipment,0.2,True,CENSUS_MRTS,2025-10-25 23:04:12.293595
2025-03-01,444,Building Material & Garden Equipment,0.2,True,CENSUS_MRTS,2025-10-25 23:04:12.293595
2025-04-01,444,Building Material & Garden Equipment,0.2,True,CENSUS_MRTS,2025-10-25 23:04:12.293595
2025-05-01,444,Building Material & Garden Equipment,0.2,True,CENSUS_MRTS,2025-10-25 23:04:12.293595
2025-06-01,444,Building Material & Garden Equipment,0.2,True,CENSUS_MRTS,2025-10-25 23:04:12.293595
2025-07-01,444,Building Material & Garden Equipment,0.2,True,CENSUS_MRTS,2025-10-25 23:04:12.293595
2025-01-01,444,Building Material & Garden Equipment,-10.8,False,CENSUS_MRTS,2025-10-25 23:04:12.293595
2025-02-01,444,Building Material & Garden Equipment,-4.1,False,CENSUS_MRTS,2025-10-25 23:04:12.293595
2025-03-01,444,Building Material & Garden Equipment,26.1,False,CENSUS_MRTS,2025-10-25 23:04:12.293595
2025-04-01,444,Building Material & Garden Equipment,13.2,False,CENSUS_MRTS,2025-10-25 23:04:12.293595
2025-05-01,444,Building Material & Garden Equipment,3.9,False,CENSUS_MRTS,2025-10-25 23:04:12.293595
2025-06-01,444,Building Material & Garden Equipment,-6.2,False,CENSUS_MRTS,2025-10-25 23:04:12.293595
2025-07-01,444,Building Material & Garden Equipment,-1.6,False,CENSUS_MRTS,2025-10-25 23:04:12.293595
2025-01-01,444,Building Material & Garden Equipment,0.3,False,CENSUS_MRTS,2025-10-25 23:04:12.293595
2025-02-01,444,Building Material & Garden Equipment,0.3,False,CENSUS_MRTS,2025-10-25 23:04:12.293595
2025-03-01,444,Building Material & Garden Equipment,0.5,False,CENSUS_MRTS,2025-10-25 23:04:12.293595
2025-04-01,444,Building Material & Garden Equipment,0.6,False,CENSUS_MRTS,2025-10-25 23:04:12.293595
2025-05-01,444,Building Material & Garden Equipment,0.6,False,CENSUS_MRTS,2025-10-25 23:04:12.293595
2025-06-01,444,Building Material & Garden Equipment,0.6,False,CENSUS_MRTS,2025-10-25 23:04:12.293595
2025-07-01,444,Building Material & Garden Equipment,0.3,False,CENSUS_MRTS,2025-10-25 23:04:12.293595
2025-01-01,444,Building Material & Garden Equipment,-1.8,True,CENSUS_MRTS,2025-10-25 23:04:12.293595
2025-02-01,444,Building Material & Garden Equipment,-0.2,True,CENSUS_MRTS,2025-10-25 23:04:12.293595
2025-03-01,444,Building Material & Garden Equipment,2.0,True,CENSUS_MRTS,2025-10-25 23:04:12.293595
2025-04-01,444,Building Material & Garden Equipment,0.5,True,CENSUS_MRTS,2025-10-25 23:04:12.293595
2025-05-01,444,Building Material & Garden Equipment,-2.7,True,CENSUS_MRTS,2025-10-25 23:04:12.293595
2025-06-01,444,Building Material & Garden Equipment,1.4,True,CENSUS_MRTS,2025-10-25 23:04:12.293595
2025-07-01,444,Building Material & Garden Equipment,-0.9,True,CENSUS_MRTS,2025-10-25 23:04:12.293595
2025-01-01,444,Building Material & Garden Equipment,0.3,True,CENSUS_MRTS,2025-10-25 23:04:12.293595
2025-02-01,444,Building Material & Garden Equipment,0.3,True,CENSUS_MRTS,2025-10-25 23:04:12.293595
2025-03-01,444,Building Material & Garden Equipment,0.5,True,CENSUS_MRTS,2025-10-25 23:04:12.293595
2025-04-01,444,Building Material & Garden Equipment,0.6,True,CENSUS_MRTS,2025-10-25 23:04:12.293595
2025-05-01,444,Building Material & Garden Equipment,0.6,True,CENSUS_MRTS,2025-10-25 23:04:12.293595
2025-06-01,444,Building Material & Garden Equipment,0.6,True,CENSUS_MRTS,2025-10-25 23:04:12.293595
2025-07-01,444,Building Material & Garden Equipment,0.3,True,CENSUS_MRTS,2025-10-25 23:04:12.293595
2025-01-01,444,Building Material & Garden Equipment,32904.0,False,CENSUS_MRTS,2025-10-25 23:04:12.293595
2025-02-01,444,Building Material & Garden Equipment,31549.0,False,CENSUS_MRTS,2025-10-25 23:04:12.293595
2025-03-01,444,Building Material & Garden Equipment,39789.0,False,CENSUS_MRTS,2025-10-25 23:04:12.293595
2025-04-01,444,Building Material & Garden Equipment,45042.0,False,CENSUS_MRTS,2025-10-25 23:04:12.293595
2025-05-01,444,Building Material & Garden Equipment,46780.0,False,CENSUS_MRTS,2025-10-25 23:04:12.293595
2025-06-01,444,Building Material & Garden Equipment,43863.0,False,CENSUS_MRTS,2025-10-25 23:04:12.293595
2025-07-01,444,Building Material & Garden Equipment,43170.0,False,CENSUS_MRTS,2025-10-25 23:04:12.293595
2025-01-01,444,Building Material & Garden Equipment,3.4,False,CENSUS_MRTS,2025-10-25 23:04:12.293595
2025-02-01,444,Building Material & Garden Equipment,3.5,False,CENSUS_MRTS,2025-10-25 23:04:12.293595
2025-03-01,444,Building Material & Garden Equipment,3.3,False,CENSUS_MRTS,2025-10-25 23:04:12.293595
2025-04-01,444,Building Material & Garden Equipment,3.3,False,CENSUS_MRTS,2025-10-25 23:04:12.293595
2025-05-01,444,Building Material & Garden Equipment,3.2,False,CENSUS_MRTS,2025-10-25 23:04:12.293595
2025-06-01,444,Building Material & Garden Equipment,3.1,False,CENSUS_MRTS,2025-10-25 23:04:12.293595
2025-07-01,444,Building Material & Garden Equipment,3.4,False,CENSUS_MRTS,2025-10-25 23:04:12.293595
2025-01-01,444,Building Material & Garden Equipment,39948.0,True,CENSUS_MRTS,2025-10-25 23:04:12.293595
2025-02-01,444,Building Material & Garden Equipment,39861.0,True,CENSUS_MRTS,2025-10-25 23:04:12.293595
2025-03-01,444,Building Material & Garden Equipment,40640.0,True,CENSUS_MRTS,2025-10-25 23:04:12.293595
2025-04-01,444,Building Material & Garden Equipment,40859.0,True,CENSUS_MRTS,2025-10-25 23:04:12.293595
2025-06-01,444,Building Material & Garden Equipment,40297.0,True,CENSUS_MRTS,2025-10-25 23:04:12.293595
2025-07-01,444,Building Material & Garden Equipment,39919.0,True,CENSUS_MRTS,2025-10-25 23:04:12.293595
2025-01-01,444,Building Material & Garden Equipment,3.4,True,CENSUS_MRTS,2025-10-25 23:04:12.293595
2025-02-01,444,Building Material & Garden Equipment,3.5,True,CENSUS_MRTS,2025-10-25 23:04:12.293595
2025-03-01,444,Building Material & Garden Equipment,3.3,True,CENSUS_MRTS,2025-10-25 23:04:12.293595
2025-05-01,444,Building Material & Garden Equipment,3.2,True,CENSUS_MRTS,2025-10-25 23:04:12.293595
2025-06-01,444,Building Material & Garden Equipment,3.1,True,CENSUS_MRTS,2025-10-25 23:04:12.293595
2025-07-01,444,Building Material & Garden Equipment,3.4,True,CENSUS_MRTS,2025-10-25 23:04:12.293595
2020-03-01,444,Building Material & Garden Equipment,31761.0,True,CENSUS_MRTS,2025-10-25 23:04:12.293595
2020-09-01,444,Building Material & Garden Equipment,36584.0,True,CENSUS_MRTS,2025-10-25 23:04:12.293595
2020-02-01,444,Building Material & Garden Equipment,1.6,True,CENSUS_MRTS,2025-10-25 23:04:12.293595
2020-08-01,444,Building Material & Garden Equipment,1.8,True,CENSUS_MRTS,2025-10-25 23:04:12.293595
2016-06-01,444,Building Material & Garden Equipment,49660.0,False,CENSUS_MRTS,2025-10-25 23:04:12.293595
2016-12-01,444,Building Material & Garden Equipment,47970.0,False,CENSUS_MRTS,2025-10-25 23:04:12.293595
2016-05-01,444,Building Material & Garden Equipment,1.5,False,CENSUS_MRTS,2025-10-25 23:04:12.293595
2016-11-01,444,Building Material & Garden Equipment,1.5,False,CENSUS_MRTS,2025-10-25 23:04:12.293595
2016-04-01,444,Building Material & Garden Equipment,49596.0,True,CENSUS_MRTS,2025-10-25 23:04:12.293595
2021-07-01,444,Building Material & Garden Equipment,2.2,False,CENSUS_MRTS,2025-10-25 23:04:12.293595
2021-01-01,444,Building Material & Garden Equipment,38530.0,True,CENSUS_MRTS,2025-10-25 23:04:12.293595
2021-06-01,444,Building Material & Garden Equipment,39712.0,True,CENSUS_MRTS,2025-10-25 23:04:12.293595
2021-12-01,444,Building Material & Garden Equipment,41064.0,True,CENSUS_MRTS,2025-10-25 23:04:12.293595
2021-05-01,444,Building Material & Garden Equipment,2.1,True,CENSUS_MRTS,2025-10-25 23:04:12.293595
2021-11-01,444,Building Material & Garden Equipment,2.3,True,CENSUS_MRTS,2025-10-25 23:04:12.293595
2019-10-01,444,Building Material & Garden Equipment,1.6,True,CENSUS_MRTS,2025-10-25 23:04:12.293595
2019-11-01,444,Building Material & Garden Equipment,1.6,True,CENSUS_MRTS,2025-10-25 23:04:12.293595
2019-12-01,444,Building Material & Garden Equipment,1.7,True,CENSUS_MRTS,2025-10-25 23:04:12.293595
2019-01-01,444,Building Material & Garden Equipment,2.05,False,CENSUS_MRTS,2025-10-25 23:04:12.293595
2019-02-01,444,Building Material & Garden Equipment,2.33,False,CENSUS_MRTS,2025-10-25 23:04:12.293595
2019-03-01,444,Building Material & Garden Equipment,1.95,False,CENSUS_MRTS,2025-10-25 23:04:12.293595
2019-04-01,444,Building Material & Garden Equipment,1.74,False,CENSUS_MRTS,2025-10-25 23:04:12.293595
2019-05-01,444,Building Material & Garden Equipment,1.56,False,CENSUS_MRTS,2025-10-25 23:04:12.293595
2019-06-01,444,Building Material & Garden Equipment,1.69,False,CENSUS_MRTS,2025-10-25 23:04:12.293595
2019-07-01,444,Building Material & Garden Equipment,1.66,False,CENSUS_MRTS,2025-10-25 23:04:12.293595
2019-08-01,444,Building Material & Garden Equipment,1.73,False,CENSUS_MRTS,2025-10-25 23:04:12.293595
2019-09-01,444,Building Material & Garden Equipment,1.9,False,CENSUS_MRTS,2025-10-25 23:04:12.293595
2019-10-01,444,Building Material & Garden Equipment,1.76,False,CENSUS_MRTS,2025-10-25 23:04:12.293595
2019-11-01,444,Building Material & Garden Equipment,1.88,False,CENSUS_MRTS,2025-10-25 23:04:12.293595
2019-12-01,444,Building Material & Garden Equipment,1.92,False,CENSUS_MRTS,2025-10-25 23:04:12.293595
2019-01-01,444,Building Material & Garden Equipment,0.03,False,CENSUS_MRTS,2025-10-25 23:04:12.293595
2019-02-01,444,Building Material & Garden Equipment,0.04,False,CENSUS_MRTS,2025-10-25 23:04:12.293595
2019-03-01,444,Building Material & Garden Equipment,0.04,False,CENSUS_MRTS,2025-10-25 23:04:12.293595
2019-04-01,444,Building Material & Garden Equipment,0.03,False,CENSUS_MRTS,2025-10-25 23:04:12.293595
2019-05-01,444,Building Material & Garden Equipment,0.03,False,CENSUS_MRTS,2025-10-25 23:04:12.293595
2019-06-01,444,Building Material & Garden Equipment,0.03,False,CENSUS_MRTS,2025-10-25 23:04:12.293595
2019-07-01,444,Building Material & Garden Equipment,0.03,False,CENSUS_MRTS,2025-10-25 23:04:12.293595
2019-08-01,444,Building Material & Garden Equipment,0.03,False,CENSUS_MRTS,2025-10-25 23:04:12.293595
2019-09-01,444,Building Material & Garden Equipment,0.04,False,CENSUS_MRTS,2025-10-25 23:04:12.293595
2019-10-01,444,Building Material & Garden Equipment,0.04,False,CENSUS_MRTS,2025-10-25 23:04:12.293595
2019-11-01,444,Building Material & Garden Equipment,0.04,False,CENSUS_MRTS,2025-10-25 23:04:12.293595
2019-12-01,444,Building Material & Garden Equipment,0.04,False,CENSUS_MRTS,2025-10-25 23:04:12.293595
2019-01-01,444,Building Material & Garden Equipment,1.76,True,CENSUS_MRTS,2025-10-25 23:04:12.293595
2019-02-01,444,Building Material & Garden Equipment,1.81,True,CENSUS_MRTS,2025-10-25 23:04:12.293595
2019-03-01,444,Building Material & Garden Equipment,1.8,True,CENSUS_MRTS,2025-10-25 23:04:12.293595
2019-04-01,444,Building Material & Garden Equipment,1.82,True,CENSUS_MRTS,2025-10-25 23:04:12.293595
2019-05-01,444,Building Material & Garden Equipment,1.84,True,CENSUS_MRTS,2025-10-25 23:04:12.293595
2019-06-01,444,Building Material & Garden Equipment,1.85,True,CENSUS_MRTS,2025-10-25 23:04:12.293595
2019-07-01,444,Building Material & Garden Equipment,1.83,True,CENSUS_MRTS,2025-10-25 23:04:12.293595
2019-08-01,444,Building Material & Garden Equipment,1.81,True,CENSUS_MRTS,2025-10-25 23:04:12.293595
2019-09-01,444,Building Material & Garden Equipment,1.85,True,CENSUS_MRTS,2025-10-25 23:04:12.293595
2019-10-01,444,Building Material & Garden Equipment,1.86,True,CENSUS_MRTS,2025-10-25 23:04:12.293595
2019-11-01,444,Building Material & Garden Equipment,1.85,True,CENSUS_MRTS,2025-10-25 23:04:12.293595
2019-12-01,444,Building Material & Garden Equipment,1.81,True,CENSUS_MRTS,2025-10-25 23:04:12.293595
2019-01-01,444,Building Material & Garden Equipment,0.03,True,CENSUS_MRTS,2025-10-25 23:04:12.293595
2019-02-01,444,Building Material & Garden Equipment,0.04,True,CENSUS_MRTS,2025-10-25 23:04:12.293595
2019-03-01,444,Building Material & Garden Equipment,0.04,True,CENSUS_MRTS,2025-10-25 23:04:12.293595
2019-04-01,444,Building Material & Garden Equipment,0.03,True,CENSUS_MRTS,2025-10-25 23:04:12.293595
2019-05-01,444,Building Material & Garden Equipment,0.03,True,CENSUS_MRTS,2025-10-25 23:04:12.293595
2019-06-01,444,Building Material & Garden Equipment,0.03,True,CENSUS_MRTS,2025-10-25 23:04:12.293595
2019-07-01,444,Building Material & Garden Equipment,0.03,True,CENSUS_MRTS,2025-10-25 23:04:12.293595
2019-08-01,444,Building Material & Garden Equipment,0.03,True,CENSUS_MRTS,2025-10-25 23:04:12.293595
2019-09-01,444,Building Material & Garden Equipment,0.04,True,CENSUS_MRTS,2025-10-25 23:04:12.293595
2019-10-01,444,Building Material & Garden Equipment,0.04,True,CENSUS_MRTS,2025-10-25 23:04:12.293595
2019-11-01,444,Building Material & Garden Equipment,0.04,True,CENSUS_MRTS,2025-10-25 23:04:12.293595
2019-12-01,444,Building Material & Garden Equipment,0.04,True,CENSUS_MRTS,2025-10-25 23:04:12.293595
2019-01-01,444,Building Material & Garden Equipment,3.7,False,CENSUS_MRTS,2025-10-25 23:04:12.293595
2019-02-01,444,Building Material & Garden Equipment,2.6,False,CENSUS_MRTS,2025-10-25 23:04:12.293595
2019-03-01,444,Building Material & Garden Equipment,3.9,False,CENSUS_MRTS,2025-10-25 23:04:12.293595
2019-04-01,444,Building Material & Garden Equipment,1.6,False,CENSUS_MRTS,2025-10-25 23:04:12.293595
2019-05-01,444,Building Material & Garden Equipment,-1.5,False,CENSUS_MRTS,2025-10-25 23:04:12.293595
2019-06-01,444,Building Material & Garden Equipment,-3.0,False,CENSUS_MRTS,2025-10-25 23:04:12.293595
2019-07-01,444,Building Material & Garden Equipment,-1.1,False,CENSUS_MRTS,2025-10-25 23:04:12.293595
2019-08-01,444,Building Material & Garden Equipment,-0.2,False,CENSUS_MRTS,2025-10-25 23:04:12.293595
2019-09-01,444,Building Material & Garden Equipment,1.5,False,CENSUS_MRTS,2025-10-25 23:04:12.293595
2019-10-01,444,Building Material & Garden Equipment,1.1,False,CENSUS_MRTS,2025-10-25 23:04:12.293595
2019-11-01,444,Building Material & Garden Equipment,-2.7,False,CENSUS_MRTS,2025-10-25 23:04:12.293595
2019-12-01,444,Building Material & Garden Equipment,-2.1,False,CENSUS_MRTS,2025-10-25 23:04:12.293595
2019-01-01,444,Building Material & Garden Equipment,0.2,False,CENSUS_MRTS,2025-10-25 23:04:12.293595
2019-02-01,444,Building Material & Garden Equipment,0.3,False,CENSUS_MRTS,2025-10-25 23:04:12.293595
2019-03-01,444,Building Material & Garden Equipment,0.3,False,CENSUS_MRTS,2025-10-25 23:04:12.293595
2019-04-01,444,Building Material & Garden Equipment,0.3,False,CENSUS_MRTS,2025-10-25 23:04:12.293595
2019-05-01,444,Building Material & Garden Equipment,0.2,False,CENSUS_MRTS,2025-10-25 23:04:12.293595
2019-06-01,444,Building Material & Garden Equipment,0.1,False,CENSUS_MRTS,2025-10-25 23:04:12.293595
2019-07-01,444,Building Material & Garden Equipment,0.1,False,CENSUS_MRTS,2025-10-25 23:04:12.293595
2019-08-01,444,Building Material & Garden Equipment,0.2,False,CENSUS_MRTS,2025-10-25 23:04:12.293595
2019-09-01,444,Building Material & Garden Equipment,0.2,False,CENSUS_MRTS,2025-10-25 23:04:12.293595
2019-10-01,444,Building Material & Garden Equipment,0.2,False,CENSUS_MRTS,2025-10-25 23:04:12.293595
2019-11-01,444,Building Material & Garden Equipment,0.3,False,CENSUS_MRTS,2025-10-25 23:04:12.293595
2019-12-01,444,Building Material & Garden Equipment,0.3,False,CENSUS_MRTS,2025-10-25 23:04:12.293595
2019-01-01,444,Building Material & Garden Equipment,1.7,True,CENSUS_MRTS,2025-10-25 23:04:12.293595
2019-02-01,444,Building Material & Garden Equipment,-2.1,True,CENSUS_MRTS,2025-10-25 23:04:12.293595
2019-03-01,444,Building Material & Garden Equipment,0.6,True,CENSUS_MRTS,2025-10-25 23:04:12.293595
2019-04-01,444,Building Material & Garden Equipment,1.2,True,CENSUS_MRTS,2025-10-25 23:04:12.293595
2019-05-01,444,Building Material & Garden Equipment,0.6,True,CENSUS_MRTS,2025-10-25 23:04:12.293595
2019-06-01,444,Building Material & Garden Equipment,0.1,True,CENSUS_MRTS,2025-10-25 23:04:12.293595
2019-07-01,444,Building Material & Garden Equipment,0.8,True,CENSUS_MRTS,2025-10-25 23:04:12.293595
2019-08-01,444,Building Material & Garden Equipment,0.2,True,CENSUS_MRTS,2025-10-25 23:04:12.293595
2019-09-01,444,Building Material & Garden Equipment,0.8,True,CENSUS_MRTS,2025-10-25 23:04:12.293595
2019-11-01,444,Building Material & Garden Equipment,-0.5,True,CENSUS_MRTS,2025-10-25 23:04:12.293595
2019-12-01,444,Building Material & Garden Equipment,-0.7,True,CENSUS_MRTS,2025-10-25 23:04:12.293595
2019-01-01,444,Building Material & Garden Equipment,0.2,True,CENSUS_MRTS,2025-10-25 23:04:12.293595
2019-02-01,444,Building Material & Garden Equipment,0.3,True,CENSUS_MRTS,2025-10-25 23:04:12.293595
2019-03-01,444,Building Material & Garden Equipment,0.3,True,CENSUS_MRTS,2025-10-25 23:04:12.293595
2019-05-01,444,Building Material & Garden Equipment,0.2,True,CENSUS_MRTS,2025-10-25 23:04:12.293595
2019-06-01,444,Building Material & Garden Equipment,0.1,True,CENSUS_MRTS,2025-10-25 23:04:12.293595
2019-07-01,444,Building Material & Garden Equipment,0.1,True,CENSUS_MRTS,2025-10-25 23:04:12.293595
2019-08-01,444,Building Material & Garden Equipment,0.2,True,CENSUS_MRTS,2025-10-25 23:04:12.293595
2019-09-01,444,Building Material & Garden Equipment,0.2,True,CENSUS_MRTS,2025-10-25 23:04:12.293595
2019-11-01,444,Building Material & Garden Equipment,0.3,True,CENSUS_MRTS,2025-10-25 23:04:12.293595
2019-12-01,444,Building Material & Garden Equipment,0.3,True,CENSUS_MRTS,2025-10-25 23:04:12.293595
2019-01-01,444,Building Material & Garden Equipment,-3.3,False,CENSUS_MRTS,2025-10-25 23:04:12.293595
2019-02-01,444,Building Material & Garden Equipment,-9.8,False,CENSUS_MRTS,2025-10-25 23:04:12.293595
2019-03-01,444,Building Material & Garden Equipment,24.6,False,CENSUS_MRTS,2025-10-25 23:04:12.293595
2019-05-01,444,Building Material & Garden Equipment,9.4,False,CENSUS_MRTS,2025-10-25 23:04:12.293595
2019-06-01,444,Building Material & Garden Equipment,-10.1,False,CENSUS_MRTS,2025-10-25 23:04:12.293595
2019-07-01,444,Building Material & Garden Equipment,0.4,False,CENSUS_MRTS,2025-10-25 23:04:12.293595
2019-08-01,444,Building Material & Garden Equipment,-4.0,False,CENSUS_MRTS,2025-10-25 23:04:12.293595
2019-09-01,444,Building Material & Garden Equipment,-7.5,False,CENSUS_MRTS,2025-10-25 23:04:12.293595
2019-11-01,444,Building Material & Garden Equipment,-8.9,False,CENSUS_MRTS,2025-10-25 23:04:12.293595
2019-12-01,444,Building Material & Garden Equipment,-4.1,False,CENSUS_MRTS,2025-10-25 23:04:12.293595
2019-01-01,444,Building Material & Garden Equipment,0.5,False,CENSUS_MRTS,2025-10-25 23:04:12.293595
2019-02-01,444,Building Material & Garden Equipment,0.4,False,CENSUS_MRTS,2025-10-25 23:04:12.293595
2019-04-01,444,Building Material & Garden Equipment,0.6,False,CENSUS_MRTS,2025-10-25 23:04:12.293595
2019-05-01,444,Building Material & Garden Equipment,0.5,False,CENSUS_MRTS,2025-10-25 23:04:12.293595
2019-06-01,444,Building Material & Garden Equipment,0.4,False,CENSUS_MRTS,2025-10-25 23:04:12.293595
2019-07-01,444,Building Material & Garden Equipment,0.3,False,CENSUS_MRTS,2025-10-25 23:04:12.293595
2019-08-01,444,Building Material & Garden Equipment,0.3,False,CENSUS_MRTS,2025-10-25 23:04:12.293595
2019-10-01,444,Building Material & Garden Equipment,0.5,False,CENSUS_MRTS,2025-10-25 23:04:12.293595
2019-11-01,444,Building Material & Garden Equipment,0.5,False,CENSUS_MRTS,2025-10-25 23:04:12.293595
2019-12-01,444,Building Material & Garden Equipment,0.5,False,CENSUS_MRTS,2025-10-25 23:04:12.293595
2019-01-01,444,Building Material & Garden Equipment,3.6,True,CENSUS_MRTS,2025-10-25 23:04:12.293595
2025-02-01,444,Building Material & Garden Equipment,2.1,False,CENSUS_MRTS,2025-10-25 23:04:12.293595
2025-01-01,444,Building Material & Garden Equipment,83059.0,True,CENSUS_MRTS,2025-10-25 23:04:12.293595
2025-06-01,444,Building Material & Garden Equipment,83689.0,True,CENSUS_MRTS,2025-10-25 23:04:12.293595
2025-05-01,444,Building Material & Garden Equipment,2.3,True,CENSUS_MRTS,2025-10-25 23:04:12.293595
2017-02-01,444,Building Material & Garden Equipment,4.5,False,CENSUS_MRTS,2025-10-25 23:04:12.293595
2017-07-01,444,Building Material & Garden Equipment,-1.5,False,CENSUS_MRTS,2025-10-25 23:04:12.293595
2017-01-01,444,Building Material & Garden Equipment,0.3,False,CENSUS_MRTS,2025-10-25 23:04:12.293595
2017-07-01,444,Building Material & Garden Equipment,0.2,False,CENSUS_MRTS,2025-10-25 23:04:12.293595
2017-01-01,444,Building Material & Garden Equipment,0.1,True,CENSUS_MRTS,2025-10-25 23:04:12.293595
2017-07-01,444,Building Material & Garden Equipment,0.7,True,CENSUS_MRTS,2025-10-25 23:04:12.293595
2017-12-01,444,Building Material & Garden Equipment,0.4,True,CENSUS_MRTS,2025-10-25 23:04:12.293595
2017-02-01,444,Building Material & Garden Equipment,51336.0,False,CENSUS_MRTS,2025-10-25 23:04:12.293595
2017-03-01,444,Building Material & Garden Equipment,53486.0,False,CENSUS_MRTS,2025-10-25 23:04:12.293595
2017-04-01,444,Building Material & Garden Equipment,53688.0,False,CENSUS_MRTS,2025-10-25 23:04:12.293595
2017-05-01,444,Building Material & Garden Equipment,52475.0,False,CENSUS_MRTS,2025-10-25 23:04:12.293595
2017-06-01,444,Building Material & Garden Equipment,50820.0,False,CENSUS_MRTS,2025-10-25 23:04:12.293595
2017-08-01,444,Building Material & Garden Equipment,50109.0,False,CENSUS_MRTS,2025-10-25 23:04:12.293595
2017-09-01,444,Building Material & Garden Equipment,50700.0,False,CENSUS_MRTS,2025-10-25 23:04:12.293595
2017-10-01,444,Building Material & Garden Equipment,51100.0,False,CENSUS_MRTS,2025-10-25 23:04:12.293595
2017-11-01,444,Building Material & Garden Equipment,50091.0,False,CENSUS_MRTS,2025-10-25 23:04:12.293595
2019-02-01,444,Building Material & Garden Equipment,-4.8,True,CENSUS_MRTS,2025-10-25 23:04:12.293595
2019-03-01,444,Building Material & Garden Equipment,1.1,True,CENSUS_MRTS,2025-10-25 23:04:12.293595
2019-04-01,444,Building Material & Garden Equipment,0.1,True,CENSUS_MRTS,2025-10-25 23:04:12.293595
2019-05-01,444,Building Material & Garden Equipment,-0.7,True,CENSUS_MRTS,2025-10-25 23:04:12.293595
2019-06-01,444,Building Material & Garden Equipment,0.0,True,CENSUS_MRTS,2025-10-25 23:04:12.293595
2019-07-01,444,Building Material & Garden Equipment,1.6,True,CENSUS_MRTS,2025-10-25 23:04:12.293595
2019-08-01,444,Building Material & Garden Equipment,1.1,True,CENSUS_MRTS,2025-10-25 23:04:12.293595
2019-09-01,444,Building Material & Garden Equipment,-1.0,True,CENSUS_MRTS,2025-10-25 23:04:12.293595
2019-10-01,444,Building Material & Garden Equipment,-0.2,True,CENSUS_MRTS,2025-10-25 23:04:12.293595
2019-11-01,444,Building Material & Garden Equipment,0.1,True,CENSUS_MRTS,2025-10-25 23:04:12.293595
2019-12-01,444,Building Material & Garden Equipment,1.5,True,CENSUS_MRTS,2025-10-25 23:04:12.293595
2019-01-01,444,Building Material & Garden Equipment,0.5,True,CENSUS_MRTS,2025-10-25 23:04:12.293595
2019-02-01,444,Building Material & Garden Equipment,0.4,True,CENSUS_MRTS,2025-10-25 23:04:12.293595
2019-03-01,444,Building Material & Garden Equipment,0.6,True,CENSUS_MRTS,2025-10-25 23:04:12.293595
2019-04-01,444,Building Material & Garden Equipment,0.6,True,CENSUS_MRTS,2025-10-25 23:04:12.293595
2019-05-01,444,Building Material & Garden Equipment,0.5,True,CENSUS_MRTS,2025-10-25 23:04:12.293595
2019-06-01,444,Building Material & Garden Equipment,0.4,True,CENSUS_MRTS,2025-10-25 23:04:12.293595
2019-07-01,444,Building Material & Garden Equipment,0.3,True,CENSUS_MRTS,2025-10-25 23:04:12.293595
2019-08-01,444,Building Material & Garden Equipment,0.3,True,CENSUS_MRTS,2025-10-25 23:04:12.293595
2019-09-01,444,Building Material & Garden Equipment,0.2,True,CENSUS_MRTS,2025-10-25 23:04:12.293595
2019-10-01,444,Building Material & Garden Equipment,0.5,True,CENSUS_MRTS,2025-10-25 23:04:12.293595
2019-11-01,444,Building Material & Garden Equipment,0.5,True,CENSUS_MRTS,2025-10-25 23:04:12.293595
2019-12-01,444,Building Material & Garden Equipment,0.5,True,CENSUS_MRTS,2025-10-25 23:04:12.293595
2019-01-01,444,Building Material & Garden Equipment,26519.0,False,CENSUS_MRTS,2025-10-25 23:04:12.293595
2019-02-01,444,Building Material & Garden Equipment,23923.0,False,CENSUS_MRTS,2025-10-25 23:04:12.293595
2019-03-01,444,Building Material & Garden Equipment,29807.0,False,CENSUS_MRTS,2025-10-25 23:04:12.293595
2019-04-01,444,Building Material & Garden Equipment,33897.0,False,CENSUS_MRTS,2025-10-25 23:04:12.293595
2019-05-01,444,Building Material & Garden Equipment,37095.0,False,CENSUS_MRTS,2025-10-25 23:04:12.293595
2019-06-01,444,Building Material & Garden Equipment,33354.0,False,CENSUS_MRTS,2025-10-25 23:04:12.293595
2019-07-01,444,Building Material & Garden Equipment,33491.0,False,CENSUS_MRTS,2025-10-25 23:04:12.293595
2019-08-01,444,Building Material & Garden Equipment,32150.0,False,CENSUS_MRTS,2025-10-25 23:04:12.293595
2019-09-01,444,Building Material & Garden Equipment,29738.0,False,CENSUS_MRTS,2025-10-25 23:04:12.293595
2019-10-01,444,Building Material & Garden Equipment,32376.0,False,CENSUS_MRTS,2025-10-25 23:04:12.293595
2019-11-01,444,Building Material & Garden Equipment,29479.0,False,CENSUS_MRTS,2025-10-25 23:04:12.293595
2019-12-01,444,Building Material & Garden Equipment,28261.0,False,CENSUS_MRTS,2025-10-25 23:04:12.293595
2019-01-01,444,Building Material & Garden Equipment,1.5,False,CENSUS_MRTS,2025-10-25 23:04:12.293595
2019-02-01,444,Building Material & Garden Equipment,1.5,False,CENSUS_MRTS,2025-10-25 23:04:12.293595
2019-03-01,444,Building Material & Garden Equipment,1.3,False,CENSUS_MRTS,2025-10-25 23:04:12.293595
2019-04-01,444,Building Material & Garden Equipment,1.2,False,CENSUS_MRTS,2025-10-25 23:04:12.293595
2019-05-01,444,Building Material & Garden Equipment,1.3,False,CENSUS_MRTS,2025-10-25 23:04:12.293595
2019-06-01,444,Building Material & Garden Equipment,1.3,False,CENSUS_MRTS,2025-10-25 23:04:12.293595
2019-07-01,444,Building Material & Garden Equipment,1.4,False,CENSUS_MRTS,2025-10-25 23:04:12.293595
2019-08-01,444,Building Material & Garden Equipment,1.5,False,CENSUS_MRTS,2025-10-25 23:04:12.293595
2019-09-01,444,Building Material & Garden Equipment,1.6,False,CENSUS_MRTS,2025-10-25 23:04:12.293595
2019-10-01,444,Building Material & Garden Equipment,1.7,False,CENSUS_MRTS,2025-10-25 23:04:12.293595
2019-11-01,444,Building Material & Garden Equipment,1.6,False,CENSUS_MRTS,2025-10-25 23:04:12.293595
2019-12-01,444,Building Material & Garden Equipment,1.6,False,CENSUS_MRTS,2025-10-25 23:04:12.293595
2019-01-01,444,Building Material & Garden Equipment,31817.0,True,CENSUS_MRTS,2025-10-25 23:04:12.293595
2019-02-01,444,Building Material & Garden Equipment,30290.0,True,CENSUS_MRTS,2025-10-25 23:04:12.293595
2019-03-01,444,Building Material & Garden Equipment,30625.0,True,CENSUS_MRTS,2025-10-25 23:04:12.293595
2019-04-01,444,Building Material & Garden Equipment,30643.0,True,CENSUS_MRTS,2025-10-25 23:04:12.293595
2019-05-01,444,Building Material & Garden Equipment,30423.0,True,CENSUS_MRTS,2025-10-25 23:04:12.293595
2019-06-01,444,Building Material & Garden Equipment,30417.0,True,CENSUS_MRTS,2025-10-25 23:04:12.293595
2019-07-01,444,Building Material & Garden Equipment,30915.0,True,CENSUS_MRTS,2025-10-25 23:04:12.293595
2019-08-01,444,Building Material & Garden Equipment,31270.0,True,CENSUS_MRTS,2025-10-25 23:04:12.293595
2019-09-01,444,Building Material & Garden Equipment,30945.0,True,CENSUS_MRTS,2025-10-25 23:04:12.293595
2019-10-01,444,Building Material & Garden Equipment,30876.0,True,CENSUS_MRTS,2025-10-25 23:04:12.293595
2019-11-01,444,Building Material & Garden Equipment,30895.0,True,CENSUS_MRTS,2025-10-25 23:04:12.293595
2019-12-01,444,Building Material & Garden Equipment,31358.0,True,CENSUS_MRTS,2025-10-25 23:04:12.293595
2019-01-01,444,Building Material & Garden Equipment,1.5,True,CENSUS_MRTS,2025-10-25 23:04:12.293595
2019-02-01,444,Building Material & Garden Equipment,1.5,True,CENSUS_MRTS,2025-10-25 23:04:12.293595
2019-03-01,444,Building Material & Garden Equipment,1.3,True,CENSUS_MRTS,2025-10-25 23:04:12.293595
2019-04-01,444,Building Material & Garden Equipment,1.2,True,CENSUS_MRTS,2025-10-25 23:04:12.293595
2019-05-01,444,Building Material & Garden Equipment,1.3,True,CENSUS_MRTS,2025-10-25 23:04:12.293595
2019-06-01,444,Building Material & Garden Equipment,1.3,True,CENSUS_MRTS,2025-10-25 23:04:12.293595
2019-07-01,444,Building Material & Garden Equipment,1.4,True,CENSUS_MRTS,2025-10-25 23:04:12.293595
2019-08-01,444,Building Material & Garden Equipment,1.5,True,CENSUS_MRTS,2025-10-25 23:04:12.293595
2019-09-01,444,Building Material & Garden Equipment,1.6,True,CENSUS_MRTS,2025-10-25 23:04:12.293595
2019-10-01,444,Building Material & Garden Equipment,1.7,True,CENSUS_MRTS,2025-10-25 23:04:12.293595
2019-11-01,444,Building Material & Garden Equipment,1.6,True,CENSUS_MRTS,2025-10-25 23:04:12.293595
2019-12-01,444,Building Material & Garden Equipment,1.6,True,CENSUS_MRTS,2025-10-25 23:04:12.293595
2023-11-01,444,Building Material & Garden Equipment,0.4,False,CENSUS_MRTS,2025-10-25 23:04:12.293595
2023-04-01,444,Building Material & Garden Equipment,0.9,True,CENSUS_MRTS,2025-10-25 23:04:12.293595
2023-10-01,444,Building Material & Garden Equipment,-0.7,True,CENSUS_MRTS,2025-10-25 23:04:12.293595
2023-04-01,444,Building Material & Garden Equipment,0.5,True,CENSUS_MRTS,2025-10-25 23:04:12.293595
2023-10-01,444,Building Material & Garden Equipment,0.4,True,CENSUS_MRTS,2025-10-25 23:04:12.293595
2023-04-01,444,Building Material & Garden Equipment,42867.0,False,CENSUS_MRTS,2025-10-25 23:04:12.293595
2023-09-01,444,Building Material & Garden Equipment,39666.0,False,CENSUS_MRTS,2025-10-25 23:04:12.293595
2023-03-01,444,Building Material & Garden Equipment,2.4,False,CENSUS_MRTS,2025-10-25 23:04:12.293595
2025-04-01,444,Building Material & Garden Equipment,1.95,False,CENSUS_MRTS,2025-10-25 23:04:12.293595
2025-02-01,444,Building Material & Garden Equipment,0.06,False,CENSUS_MRTS,2025-10-25 23:04:12.293595
2025-01-01,444,Building Material & Garden Equipment,2.08,True,CENSUS_MRTS,2025-10-25 23:04:12.293595
2025-06-01,444,Building Material & Garden Equipment,2.08,True,CENSUS_MRTS,2025-10-25 23:04:12.293595
2017-12-01,444,Building Material & Garden Equipment,49235.0,False,CENSUS_MRTS,2025-10-25 23:04:12.293595
2017-01-01,444,Building Material & Garden Equipment,1.6,False,CENSUS_MRTS,2025-10-25 23:04:12.293595
2017-02-01,444,Building Material & Garden Equipment,1.6,False,CENSUS_MRTS,2025-10-25 23:04:12.293595
2017-03-01,444,Building Material & Garden Equipment,1.6,False,CENSUS_MRTS,2025-10-25 23:04:12.293595
2017-04-01,444,Building Material & Garden Equipment,1.6,False,CENSUS_MRTS,2025-10-25 23:04:12.293595
2017-05-01,444,Building Material & Garden Equipment,1.5,False,CENSUS_MRTS,2025-10-25 23:04:12.293595
2017-06-01,444,Building Material & Garden Equipment,1.6,False,CENSUS_MRTS,2025-10-25 23:04:12.293595
2017-07-01,444,Building Material & Garden Equipment,1.6,False,CENSUS_MRTS,2025-10-25 23:04:12.293595
2017-08-01,444,Building Material & Garden Equipment,1.6,False,CENSUS_MRTS,2025-10-25 23:04:12.293595
2017-09-01,444,Building Material & Garden Equipment,1.6,False,CENSUS_MRTS,2025-10-25 23:04:12.293595
2017-10-01,444,Building Material & Garden Equipment,1.6,False,CENSUS_MRTS,2025-10-25 23:04:12.293595
2017-11-01,444,Building Material & Garden Equipment,1.6,False,CENSUS_MRTS,2025-10-25 23:04:12.293595
2017-12-01,444,Building Material & Garden Equipment,1.7,False,CENSUS_MRTS,2025-10-25 23:04:12.293595
2017-01-01,444,Building Material & Garden Equipment,50606.0,True,CENSUS_MRTS,2025-10-25 23:04:12.293595
2017-02-01,444,Building Material & Garden Equipment,50528.0,True,CENSUS_MRTS,2025-10-25 23:04:12.293595
2017-03-01,444,Building Material & Garden Equipment,50794.0,True,CENSUS_MRTS,2025-10-25 23:04:12.293595
2017-04-01,444,Building Material & Garden Equipment,50697.0,True,CENSUS_MRTS,2025-10-25 23:04:12.293595
2017-05-01,444,Building Material & Garden Equipment,50700.0,True,CENSUS_MRTS,2025-10-25 23:04:12.293595
2017-06-01,444,Building Material & Garden Equipment,50719.0,True,CENSUS_MRTS,2025-10-25 23:04:12.293595
2017-07-01,444,Building Material & Garden Equipment,51049.0,True,CENSUS_MRTS,2025-10-25 23:04:12.293595
2017-08-01,444,Building Material & Garden Equipment,51080.0,True,CENSUS_MRTS,2025-10-25 23:04:12.293595
2017-09-01,444,Building Material & Garden Equipment,51264.0,True,CENSUS_MRTS,2025-10-25 23:04:12.293595
2017-10-01,444,Building Material & Garden Equipment,51460.0,True,CENSUS_MRTS,2025-10-25 23:04:12.293595
2017-11-01,444,Building Material & Garden Equipment,51587.0,True,CENSUS_MRTS,2025-10-25 23:04:12.293595
2017-12-01,444,Building Material & Garden Equipment,51772.0,True,CENSUS_MRTS,2025-10-25 23:04:12.293595
2017-01-01,444,Building Material & Garden Equipment,1.6,True,CENSUS_MRTS,2025-10-25 23:04:12.293595
2017-02-01,444,Building Material & Garden Equipment,1.6,True,CENSUS_MRTS,2025-10-25 23:04:12.293595
2017-03-01,444,Building Material & Garden Equipment,1.6,True,CENSUS_MRTS,2025-10-25 23:04:12.293595
2017-04-01,444,Building Material & Garden Equipment,1.6,True,CENSUS_MRTS,2025-10-25 23:04:12.293595
2017-05-01,444,Building Material & Garden Equipment,1.5,True,CENSUS_MRTS,2025-10-25 23:04:12.293595
2017-06-01,444,Building Material & Garden Equipment,1.6,True,CENSUS_MRTS,2025-10-25 23:04:12.293595
2017-07-01,444,Building Material & Garden Equipment,1.6,True,CENSUS_MRTS,2025-10-25 23:04:12.293595
2017-08-01,444,Building Material & Garden Equipment,1.6,True,CENSUS_MRTS,2025-10-25 23:04:12.293595
2017-09-01,444,Building Material & Garden Equipment,1.6,True,CENSUS_MRTS,2025-10-25 23:04:12.293595
2017-10-01,444,Building Material & Garden Equipment,1.6,True,CENSUS_MRTS,2025-10-25 23:04:12.293595
2017-11-01,444,Building Material & Garden Equipment,1.6,True,CENSUS_MRTS,2025-10-25 23:04:12.293595
2017-12-01,444,Building Material & Garden Equipment,1.7,True,CENSUS_MRTS,2025-10-25 23:04:12.293595
2017-01-01,444,Building Material & Garden Equipment,2.21,False,CENSUS_MRTS,2025-10-25 23:04:12.293595
2017-02-01,444,Building Material & Garden Equipment,2.3,False,CENSUS_MRTS,2025-10-25 23:04:12.293595
2017-03-01,444,Building Material & Garden Equipment,1.84,False,CENSUS_MRTS,2025-10-25 23:04:12.293595
2017-04-01,444,Building Material & Garden Equipment,1.73,False,CENSUS_MRTS,2025-10-25 23:04:12.293595
2017-05-01,444,Building Material & Garden Equipment,1.48,False,CENSUS_MRTS,2025-10-25 23:04:12.293595
2017-06-01,444,Building Material & Garden Equipment,1.53,False,CENSUS_MRTS,2025-10-25 23:04:12.293595
2017-07-01,444,Building Material & Garden Equipment,1.68,False,CENSUS_MRTS,2025-10-25 23:04:12.293595
2017-08-01,444,Building Material & Garden Equipment,1.67,False,CENSUS_MRTS,2025-10-25 23:04:12.293595
2017-09-01,444,Building Material & Garden Equipment,1.76,False,CENSUS_MRTS,2025-10-25 23:04:12.293595
2017-10-01,444,Building Material & Garden Equipment,1.73,False,CENSUS_MRTS,2025-10-25 23:04:12.293595
2017-11-01,444,Building Material & Garden Equipment,1.73,False,CENSUS_MRTS,2025-10-25 23:04:12.293595
2017-12-01,444,Building Material & Garden Equipment,1.85,False,CENSUS_MRTS,2025-10-25 23:04:12.293595
2017-01-01,444,Building Material & Garden Equipment,0.04,False,CENSUS_MRTS,2025-10-25 23:04:12.293595
2017-02-01,444,Building Material & Garden Equipment,0.04,False,CENSUS_MRTS,2025-10-25 23:04:12.293595
2017-03-01,444,Building Material & Garden Equipment,0.03,False,CENSUS_MRTS,2025-10-25 23:04:12.293595
2017-04-01,444,Building Material & Garden Equipment,0.04,False,CENSUS_MRTS,2025-10-25 23:04:12.293595
2017-05-01,444,Building Material & Garden Equipment,0.03,False,CENSUS_MRTS,2025-10-25 23:04:12.293595
2017-06-01,444,Building Material & Garden Equipment,0.03,False,CENSUS_MRTS,2025-10-25 23:04:12.293595
2017-07-01,444,Building Material & Garden Equipment,0.03,False,CENSUS_MRTS,2025-10-25 23:04:12.293595
2017-08-01,444,Building Material & Garden Equipment,0.03,False,CENSUS_MRTS,2025-10-25 23:04:12.293595
2017-09-01,444,Building Material & Garden Equipment,0.03,False,CENSUS_MRTS,2025-10-25 23:04:12.293595
2017-10-01,444,Building Material & Garden Equipment,0.03,False,CENSUS_MRTS,2025-10-25 23:04:12.293595
2017-11-01,444,Building Material & Garden Equipment,0.03,False,CENSUS_MRTS,2025-10-25 23:04:12.293595
2017-12-01,444,Building Material & Garden Equipment,0.03,False,CENSUS_MRTS,2025-10-25 23:04:12.293595
2017-01-01,444,Building Material & Garden Equipment,1.79,True,CENSUS_MRTS,2025-10-25 23:04:12.293595
2017-02-01,444,Building Material & Garden Equipment,1.76,True,CENSUS_MRTS,2025-10-25 23:04:12.293595
2017-03-01,444,Building Material & Garden Equipment,1.78,True,CENSUS_MRTS,2025-10-25 23:04:12.293595
2017-04-01,444,Building Material & Garden Equipment,1.76,True,CENSUS_MRTS,2025-10-25 23:04:12.293595
2017-05-01,444,Building Material & Garden Equipment,1.78,True,CENSUS_MRTS,2025-10-25 23:04:12.293595
2017-06-01,444,Building Material & Garden Equipment,1.78,True,CENSUS_MRTS,2025-10-25 23:04:12.293595
2017-07-01,444,Building Material & Garden Equipment,1.78,True,CENSUS_MRTS,2025-10-25 23:04:12.293595
2017-08-01,444,Building Material & Garden Equipment,1.78,True,CENSUS_MRTS,2025-10-25 23:04:12.293595
2017-09-01,444,Building Material & Garden Equipment,1.72,True,CENSUS_MRTS,2025-10-25 23:04:12.293595
2017-10-01,444,Building Material & Garden Equipment,1.75,True,CENSUS_MRTS,2025-10-25 23:04:12.293595
2017-11-01,444,Building Material & Garden Equipment,1.73,True,CENSUS_MRTS,2025-10-25 23:04:12.293595
2017-12-01,444,Building Material & Garden Equipment,1.73,True,CENSUS_MRTS,2025-10-25 23:04:12.293595
2017-01-01,444,Building Material & Garden Equipment,0.04,True,CENSUS_MRTS,2025-10-25 23:04:12.293595
2017-02-01,444,Building Material & Garden Equipment,0.04,True,CENSUS_MRTS,2025-10-25 23:04:12.293595
2017-03-01,444,Building Material & Garden Equipment,0.03,True,CENSUS_MRTS,2025-10-25 23:04:12.293595
2017-04-01,444,Building Material & Garden Equipment,0.04,True,CENSUS_MRTS,2025-10-25 23:04:12.293595
2017-05-01,444,Building Material & Garden Equipment,0.03,True,CENSUS_MRTS,2025-10-25 23:04:12.293595
2017-06-01,444,Building Material & Garden Equipment,0.03,True,CENSUS_MRTS,2025-10-25 23:04:12.293595
2017-07-01,444,Building Material & Garden Equipment,0.03,True,CENSUS_MRTS,2025-10-25 23:04:12.293595
2017-08-01,444,Building Material & Garden Equipment,0.03,True,CENSUS_MRTS,2025-10-25 23:04:12.293595
2017-09-01,444,Building Material & Garden Equipment,0.03,True,CENSUS_MRTS,2025-10-25 23:04:12.293595
2017-10-01,444,Building Material & Garden Equipment,0.03,True,CENSUS_MRTS,2025-10-25 23:04:12.293595
2017-11-01,444,Building Material & Garden Equipment,0.03,True,CENSUS_MRTS,2025-10-25 23:04:12.293595
2017-12-01,444,Building Material & Garden Equipment,0.03,True,CENSUS_MRTS,2025-10-25 23:04:12.293595
2017-01-01,444,Building Material & Garden Equipment,2.4,False,CENSUS_MRTS,2025-10-25 23:04:12.293595
2017-03-01,444,Building Material & Garden Equipment,4.2,False,CENSUS_MRTS,2025-10-25 23:04:12.293595
2017-04-01,444,Building Material & Garden Equipment,0.4,False,CENSUS_MRTS,2025-10-25 23:04:12.293595
2017-05-01,444,Building Material & Garden Equipment,-2.3,False,CENSUS_MRTS,2025-10-25 23:04:12.293595
2017-06-01,444,Building Material & Garden Equipment,-3.2,False,CENSUS_MRTS,2025-10-25 23:04:12.293595
2017-08-01,444,Building Material & Garden Equipment,0.1,False,CENSUS_MRTS,2025-10-25 23:04:12.293595
2017-09-01,444,Building Material & Garden Equipment,1.2,False,CENSUS_MRTS,2025-10-25 23:04:12.293595
2017-10-01,444,Building Material & Garden Equipment,0.8,False,CENSUS_MRTS,2025-10-25 23:04:12.293595
2017-11-01,444,Building Material & Garden Equipment,-2.0,False,CENSUS_MRTS,2025-10-25 23:04:12.293595
2017-12-01,444,Building Material & Garden Equipment,-1.7,False,CENSUS_MRTS,2025-10-25 23:04:12.293595
2017-02-01,444,Building Material & Garden Equipment,0.2,False,CENSUS_MRTS,2025-10-25 23:04:12.293595
2017-03-01,444,Building Material & Garden Equipment,0.3,False,CENSUS_MRTS,2025-10-25 23:04:12.293595
2017-04-01,444,Building Material & Garden Equipment,0.1,False,CENSUS_MRTS,2025-10-25 23:04:12.293595
2017-05-01,444,Building Material & Garden Equipment,0.3,False,CENSUS_MRTS,2025-10-25 23:04:12.293595
2017-06-01,444,Building Material & Garden Equipment,0.3,False,CENSUS_MRTS,2025-10-25 23:04:12.293595
2017-08-01,444,Building Material & Garden Equipment,0.1,False,CENSUS_MRTS,2025-10-25 23:04:12.293595
2017-09-01,444,Building Material & Garden Equipment,0.2,False,CENSUS_MRTS,2025-10-25 23:04:12.293595
2017-10-01,444,Building Material & Garden Equipment,0.1,False,CENSUS_MRTS,2025-10-25 23:04:12.293595
2017-11-01,444,Building Material & Garden Equipment,0.3,False,CENSUS_MRTS,2025-10-25 23:04:12.293595
2017-12-01,444,Building Material & Garden Equipment,0.3,False,CENSUS_MRTS,2025-10-25 23:04:12.293595
2017-02-01,444,Building Material & Garden Equipment,-0.2,True,CENSUS_MRTS,2025-10-25 23:04:12.293595
2017-03-01,444,Building Material & Garden Equipment,0.5,True,CENSUS_MRTS,2025-10-25 23:04:12.293595
2017-04-01,444,Building Material & Garden Equipment,-0.2,True,CENSUS_MRTS,2025-10-25 23:04:12.293595
2017-05-01,444,Building Material & Garden Equipment,0.0,True,CENSUS_MRTS,2025-10-25 23:04:12.293595
2017-06-01,444,Building Material & Garden Equipment,0.0,True,CENSUS_MRTS,2025-10-25 23:04:12.293595
2017-08-01,444,Building Material & Garden Equipment,0.1,True,CENSUS_MRTS,2025-10-25 23:04:12.293595
2017-09-01,444,Building Material & Garden Equipment,0.4,True,CENSUS_MRTS,2025-10-25 23:04:12.293595
2017-10-01,444,Building Material & Garden Equipment,0.4,True,CENSUS_MRTS,2025-10-25 23:04:12.293595
2017-11-01,444,Building Material & Garden Equipment,0.2,True,CENSUS_MRTS,2025-10-25 23:04:12.293595
2017-01-01,444,Building Material & Garden Equipment,0.3,True,CENSUS_MRTS,2025-10-25 23:04:12.293595
2017-02-01,444,Building Material & Garden Equipment,0.2,True,CENSUS_MRTS,2025-10-25 23:04:12.293595
2017-03-01,444,Building Material & Garden Equipment,0.3,True,CENSUS_MRTS,2025-10-25 23:04:12.293595
2017-04-01,444,Building Material & Garden Equipment,0.1,True,CENSUS_MRTS,2025-10-25 23:04:12.293595
2018-09-01,444,Building Material & Garden Equipment,54999.0,True,CENSUS_MRTS,2025-10-25 23:04:12.293595
2018-03-01,444,Building Material & Garden Equipment,1.2,True,CENSUS_MRTS,2025-10-25 23:04:12.293595
2018-09-01,444,Building Material & Garden Equipment,1.3,True,CENSUS_MRTS,2025-10-25 23:04:12.293595
2018-02-01,444,Building Material & Garden Equipment,2.28,False,CENSUS_MRTS,2025-10-25 23:04:12.293595
2018-08-01,444,Building Material & Garden Equipment,1.69,False,CENSUS_MRTS,2025-10-25 23:04:12.293595
2018-01-01,444,Building Material & Garden Equipment,0.03,False,CENSUS_MRTS,2025-10-25 23:04:12.293595
2018-07-01,444,Building Material & Garden Equipment,0.02,False,CENSUS_MRTS,2025-10-25 23:04:12.293595
2024-02-01,444,Building Material & Garden Equipment,79229.0,False,CENSUS_MRTS,2025-10-25 23:04:12.293595
2016-05-01,444,Building Material & Garden Equipment,0.2,False,CENSUS_MRTS,2025-10-25 23:04:12.293595
2016-10-01,444,Building Material & Garden Equipment,0.1,False,CENSUS_MRTS,2025-10-25 23:04:12.293595
2016-04-01,444,Building Material & Garden Equipment,-0.2,True,CENSUS_MRTS,2025-10-25 23:04:12.293595
2016-10-01,444,Building Material & Garden Equipment,0.0,True,CENSUS_MRTS,2025-10-25 23:04:12.293595
2016-04-01,444,Building Material & Garden Equipment,0.2,True,CENSUS_MRTS,2025-10-25 23:04:12.293595
2016-10-01,444,Building Material & Garden Equipment,0.1,True,CENSUS_MRTS,2025-10-25 23:04:12.293595
2016-04-01,444,Building Material & Garden Equipment,8.2,False,CENSUS_MRTS,2025-10-25 23:04:12.293595
2016-09-01,444,Building Material & Garden Equipment,-3.8,False,CENSUS_MRTS,2025-10-25 23:04:12.293595
2019-11-01,444,Building Material & Garden Equipment,55484.0,False,CENSUS_MRTS,2025-10-25 23:04:12.293595
2019-04-01,444,Building Material & Garden Equipment,1.5,False,CENSUS_MRTS,2025-10-25 23:04:12.293595
2019-10-01,444,Building Material & Garden Equipment,1.6,False,CENSUS_MRTS,2025-10-25 23:04:12.293595
2019-03-01,444,Building Material & Garden Equipment,55115.0,True,CENSUS_MRTS,2025-10-25 23:04:12.293595
2019-09-01,444,Building Material & Garden Equipment,57187.0,True,CENSUS_MRTS,2025-10-25 23:04:12.293595
2019-03-01,444,Building Material & Garden Equipment,1.4,True,CENSUS_MRTS,2025-10-25 23:04:12.293595
2019-08-01,444,Building Material & Garden Equipment,1.5,True,CENSUS_MRTS,2025-10-25 23:04:12.293595
2017-05-01,444,Building Material & Garden Equipment,0.3,True,CENSUS_MRTS,2025-10-25 23:04:12.293595
2017-06-01,444,Building Material & Garden Equipment,0.3,True,CENSUS_MRTS,2025-10-25 23:04:12.293595
2017-07-01,444,Building Material & Garden Equipment,0.2,True,CENSUS_MRTS,2025-10-25 23:04:12.293595
2017-08-01,444,Building Material & Garden Equipment,0.1,True,CENSUS_MRTS,2025-10-25 23:04:12.293595
2017-09-01,444,Building Material & Garden Equipment,0.2,True,CENSUS_MRTS,2025-10-25 23:04:12.293595
2017-10-01,444,Building Material & Garden Equipment,0.1,True,CENSUS_MRTS,2025-10-25 23:04:12.293595
2017-11-01,444,Building Material & Garden Equipment,0.3,True,CENSUS_MRTS,2025-10-25 23:04:12.293595
2017-12-01,444,Building Material & Garden Equipment,0.3,True,CENSUS_MRTS,2025-10-25 23:04:12.293595
2017-01-01,444,Building Material & Garden Equipment,-13.3,False,CENSUS_MRTS,2025-10-25 23:04:12.293595
2017-02-01,444,Building Material & Garden Equipment,0.5,False,CENSUS_MRTS,2025-10-25 23:04:12.293595
2017-03-01,444,Building Material & Garden Equipment,29.9,False,CENSUS_MRTS,2025-10-25 23:04:12.293595
2017-04-01,444,Building Material & Garden Equipment,7.0,False,CENSUS_MRTS,2025-10-25 23:04:12.293595
2017-05-01,444,Building Material & Garden Equipment,14.0,False,CENSUS_MRTS,2025-10-25 23:04:12.293595
2017-06-01,444,Building Material & Garden Equipment,-6.2,False,CENSUS_MRTS,2025-10-25 23:04:12.293595
2017-07-01,444,Building Material & Garden Equipment,-10.1,False,CENSUS_MRTS,2025-10-25 23:04:12.293595
2017-08-01,444,Building Material & Garden Equipment,0.8,False,CENSUS_MRTS,2025-10-25 23:04:12.293595
2017-09-01,444,Building Material & Garden Equipment,-4.3,False,CENSUS_MRTS,2025-10-25 23:04:12.293595
2017-10-01,444,Building Material & Garden Equipment,2.4,False,CENSUS_MRTS,2025-10-25 23:04:12.293595
2017-11-01,444,Building Material & Garden Equipment,-1.6,False,CENSUS_MRTS,2025-10-25 23:04:12.293595
2017-12-01,444,Building Material & Garden Equipment,-8.4,False,CENSUS_MRTS,2025-10-25 23:04:12.293595
2017-01-01,444,Building Material & Garden Equipment,0.5,False,CENSUS_MRTS,2025-10-25 23:04:12.293595
2017-02-01,444,Building Material & Garden Equipment,0.3,False,CENSUS_MRTS,2025-10-25 23:04:12.293595
2017-03-01,444,Building Material & Garden Equipment,1.0,False,CENSUS_MRTS,2025-10-25 23:04:12.293595
2017-04-01,444,Building Material & Garden Equipment,0.7,False,CENSUS_MRTS,2025-10-25 23:04:12.293595
2017-05-01,444,Building Material & Garden Equipment,0.4,False,CENSUS_MRTS,2025-10-25 23:04:12.293595
2017-06-01,444,Building Material & Garden Equipment,0.7,False,CENSUS_MRTS,2025-10-25 23:04:12.293595
2017-07-01,444,Building Material & Garden Equipment,0.3,False,CENSUS_MRTS,2025-10-25 23:04:12.293595
2017-08-01,444,Building Material & Garden Equipment,0.5,False,CENSUS_MRTS,2025-10-25 23:04:12.293595
2017-09-01,444,Building Material & Garden Equipment,0.2,False,CENSUS_MRTS,2025-10-25 23:04:12.293595
2017-10-01,444,Building Material & Garden Equipment,0.4,False,CENSUS_MRTS,2025-10-25 23:04:12.293595
2017-11-01,444,Building Material & Garden Equipment,0.6,False,CENSUS_MRTS,2025-10-25 23:04:12.293595
2017-12-01,444,Building Material & Garden Equipment,0.5,False,CENSUS_MRTS,2025-10-25 23:04:12.293595
2017-01-01,444,Building Material & Garden Equipment,1.1,True,CENSUS_MRTS,2025-10-25 23:04:12.293595
2017-02-01,444,Building Material & Garden Equipment,1.5,True,CENSUS_MRTS,2025-10-25 23:04:12.293595
2017-03-01,444,Building Material & Garden Equipment,-0.6,True,CENSUS_MRTS,2025-10-25 23:04:12.293595
2017-04-01,444,Building Material & Garden Equipment,1.2,True,CENSUS_MRTS,2025-10-25 23:04:12.293595
2017-05-01,444,Building Material & Garden Equipment,-1.0,True,CENSUS_MRTS,2025-10-25 23:04:12.293595
2017-06-01,444,Building Material & Garden Equipment,0.1,True,CENSUS_MRTS,2025-10-25 23:04:12.293595
2017-07-01,444,Building Material & Garden Equipment,0.6,True,CENSUS_MRTS,2025-10-25 23:04:12.293595
2017-08-01,444,Building Material & Garden Equipment,-0.1,True,CENSUS_MRTS,2025-10-25 23:04:12.293595
2017-09-01,444,Building Material & Garden Equipment,3.8,True,CENSUS_MRTS,2025-10-25 23:04:12.293595
2017-10-01,444,Building Material & Garden Equipment,-1.5,True,CENSUS_MRTS,2025-10-25 23:04:12.293595
2017-11-01,444,Building Material & Garden Equipment,1.7,True,CENSUS_MRTS,2025-10-25 23:04:12.293595
2017-12-01,444,Building Material & Garden Equipment,0.1,True,CENSUS_MRTS,2025-10-25 23:04:12.293595
2017-01-01,444,Building Material & Garden Equipment,0.5,True,CENSUS_MRTS,2025-10-25 23:04:12.293595
2017-02-01,444,Building Material & Garden Equipment,0.3,True,CENSUS_MRTS,2025-10-25 23:04:12.293595
2017-03-01,444,Building Material & Garden Equipment,1.0,True,CENSUS_MRTS,2025-10-25 23:04:12.293595
2017-04-01,444,Building Material & Garden Equipment,0.7,True,CENSUS_MRTS,2025-10-25 23:04:12.293595
2017-05-01,444,Building Material & Garden Equipment,0.4,True,CENSUS_MRTS,2025-10-25 23:04:12.293595
2017-06-01,444,Building Material & Garden Equipment,0.7,True,CENSUS_MRTS,2025-10-25 23:04:12.293595
2017-07-01,444,Building Material & Garden Equipment,0.3,True,CENSUS_MRTS,2025-10-25 23:04:12.293595
2017-08-01,444,Building Material & Garden Equipment,0.5,True,CENSUS_MRTS,2025-10-25 23:04:12.293595
2017-09-01,444,Building Material & Garden Equipment,0.2,True,CENSUS_MRTS,2025-10-25 23:04:12.293595
2017-10-01,444,Building Material & Garden Equipment,0.4,True,CENSUS_MRTS,2025-10-25 23:04:12.293595
2017-11-01,444,Building Material & Garden Equipment,0.6,True,CENSUS_MRTS,2025-10-25 23:04:12.293595
2017-12-01,444,Building Material & Garden Equipment,0.5,True,CENSUS_MRTS,2025-10-25 23:04:12.293595
2017-01-01,444,Building Material & Garden Equipment,22227.0,False,CENSUS_MRTS,2025-10-25 23:04:12.293595
2017-02-01,444,Building Material & Garden Equipment,22330.0,False,CENSUS_MRTS,2025-10-25 23:04:12.293595
2017-03-01,444,Building Material & Garden Equipment,29011.0,False,CENSUS_MRTS,2025-10-25 23:04:12.293595
2017-04-01,444,Building Material & Garden Equipment,31030.0,False,CENSUS_MRTS,2025-10-25 23:04:12.293595
2017-05-01,444,Building Material & Garden Equipment,35374.0,False,CENSUS_MRTS,2025-10-25 23:04:12.293595
2017-06-01,444,Building Material & Garden Equipment,33198.0,False,CENSUS_MRTS,2025-10-25 23:04:12.293595
2017-07-01,444,Building Material & Garden Equipment,29852.0,False,CENSUS_MRTS,2025-10-25 23:04:12.293595
2017-08-01,444,Building Material & Garden Equipment,30094.0,False,CENSUS_MRTS,2025-10-25 23:04:12.293595
2017-09-01,444,Building Material & Garden Equipment,28786.0,False,CENSUS_MRTS,2025-10-25 23:04:12.293595
2017-10-01,444,Building Material & Garden Equipment,29477.0,False,CENSUS_MRTS,2025-10-25 23:04:12.293595
2017-11-01,444,Building Material & Garden Equipment,29002.0,False,CENSUS_MRTS,2025-10-25 23:04:12.293595
2017-12-01,444,Building Material & Garden Equipment,26572.0,False,CENSUS_MRTS,2025-10-25 23:04:12.293595
2017-01-01,444,Building Material & Garden Equipment,1.9,False,CENSUS_MRTS,2025-10-25 23:04:12.293595
2017-02-01,444,Building Material & Garden Equipment,2.0,False,CENSUS_MRTS,2025-10-25 23:04:12.293595
2017-03-01,444,Building Material & Garden Equipment,1.9,False,CENSUS_MRTS,2025-10-25 23:04:12.293595
2017-04-01,444,Building Material & Garden Equipment,2.3,False,CENSUS_MRTS,2025-10-25 23:04:12.293595
2017-05-01,444,Building Material & Garden Equipment,2.5,False,CENSUS_MRTS,2025-10-25 23:04:12.293595
2017-06-01,444,Building Material & Garden Equipment,2.3,False,CENSUS_MRTS,2025-10-25 23:04:12.293595
2017-07-01,444,Building Material & Garden Equipment,2.4,False,CENSUS_MRTS,2025-10-25 23:04:12.293595
2017-08-01,444,Building Material & Garden Equipment,2.3,False,CENSUS_MRTS,2025-10-25 23:04:12.293595
2017-09-01,444,Building Material & Garden Equipment,2.3,False,CENSUS_MRTS,2025-10-25 23:04:12.293595
2017-10-01,444,Building Material & Garden Equipment,2.4,False,CENSUS_MRTS,2025-10-25 23:04:12.293595
2017-11-01,444,Building Material & Garden Equipment,2.1,False,CENSUS_MRTS,2025-10-25 23:04:12.293595
2017-12-01,444,Building Material & Garden Equipment,1.9,False,CENSUS_MRTS,2025-10-25 23:04:12.293595
2017-01-01,444,Building Material & Garden Equipment,28260.0,True,CENSUS_MRTS,2025-10-25 23:04:12.293595
2017-02-01,444,Building Material & Garden Equipment,28684.0,True,CENSUS_MRTS,2025-10-25 23:04:12.293595
2017-03-01,444,Building Material & Garden Equipment,28506.0,True,CENSUS_MRTS,2025-10-25 23:04:12.293595
2017-04-01,444,Building Material & Garden Equipment,28835.0,True,CENSUS_MRTS,2025-10-25 23:04:12.293595
2017-05-01,444,Building Material & Garden Equipment,28534.0,True,CENSUS_MRTS,2025-10-25 23:04:12.293595
2017-06-01,444,Building Material & Garden Equipment,28571.0,True,CENSUS_MRTS,2025-10-25 23:04:12.293595
2017-08-01,444,Building Material & Garden Equipment,28700.0,True,CENSUS_MRTS,2025-10-25 23:04:12.293595
2017-09-01,444,Building Material & Garden Equipment,29783.0,True,CENSUS_MRTS,2025-10-25 23:04:12.293595
2017-10-01,444,Building Material & Garden Equipment,29325.0,True,CENSUS_MRTS,2025-10-25 23:04:12.293595
2017-11-01,444,Building Material & Garden Equipment,29817.0,True,CENSUS_MRTS,2025-10-25 23:04:12.293595
2017-12-01,444,Building Material & Garden Equipment,29848.0,True,CENSUS_MRTS,2025-10-25 23:04:12.293595
2017-02-01,444,Building Material & Garden Equipment,2.0,True,CENSUS_MRTS,2025-10-25 23:04:12.293595
2017-03-01,444,Building Material & Garden Equipment,1.9,True,CENSUS_MRTS,2025-10-25 23:04:12.293595
2017-04-01,444,Building Material & Garden Equipment,2.3,True,CENSUS_MRTS,2025-10-25 23:04:12.293595
2017-05-01,444,Building Material & Garden Equipment,2.5,True,CENSUS_MRTS,2025-10-25 23:04:12.293595
2017-06-01,444,Building Material & Garden Equipment,2.3,True,CENSUS_MRTS,2025-10-25 23:04:12.293595
2017-08-01,444,Building Material & Garden Equipment,2.3,True,CENSUS_MRTS,2025-10-25 23:04:12.293595
2017-09-01,444,Building Material & Garden Equipment,2.3,True,CENSUS_MRTS,2025-10-25 23:04:12.293595
2017-10-01,444,Building Material & Garden Equipment,2.4,True,CENSUS_MRTS,2025-10-25 23:04:12.293595
2017-11-01,444,Building Material & Garden Equipment,2.1,True,CENSUS_MRTS,2025-10-25 23:04:12.293595
2022-01-01,444,Building Material & Garden Equipment,75006.0,False,CENSUS_MRTS,2025-10-25 23:04:12.293595
2022-02-01,444,Building Material & Garden Equipment,78787.0,False,CENSUS_MRTS,2025-10-25 23:04:12.293595
2022-03-01,444,Building Material & Garden Equipment,83704.0,False,CENSUS_MRTS,2025-10-25 23:04:12.293595
2022-05-01,444,Building Material & Garden Equipment,84239.0,False,CENSUS_MRTS,2025-10-25 23:04:12.293595
2022-06-01,444,Building Material & Garden Equipment,83474.0,False,CENSUS_MRTS,2025-10-25 23:04:12.293595
2022-07-01,444,Building Material & Garden Equipment,83455.0,False,CENSUS_MRTS,2025-10-25 23:04:12.293595
2022-08-01,444,Building Material & Garden Equipment,83092.0,False,CENSUS_MRTS,2025-10-25 23:04:12.293595
2022-10-01,444,Building Material & Garden Equipment,84161.0,False,CENSUS_MRTS,2025-10-25 23:04:12.293595
2022-11-01,444,Building Material & Garden Equipment,82596.0,False,CENSUS_MRTS,2025-10-25 23:04:12.293595
2022-12-01,444,Building Material & Garden Equipment,81613.0,False,CENSUS_MRTS,2025-10-25 23:04:12.293595
2022-01-01,444,Building Material & Garden Equipment,1.8,False,CENSUS_MRTS,2025-10-25 23:04:12.293595
2022-02-01,444,Building Material & Garden Equipment,1.7,False,CENSUS_MRTS,2025-10-25 23:04:12.293595
2022-04-01,444,Building Material & Garden Equipment,1.8,False,CENSUS_MRTS,2025-10-25 23:04:12.293595
2022-05-01,444,Building Material & Garden Equipment,1.8,False,CENSUS_MRTS,2025-10-25 23:04:12.293595
2022-06-01,444,Building Material & Garden Equipment,1.8,False,CENSUS_MRTS,2025-10-25 23:04:12.293595
2022-07-01,444,Building Material & Garden Equipment,1.7,False,CENSUS_MRTS,2025-10-25 23:04:12.293595
2022-09-01,444,Building Material & Garden Equipment,1.7,False,CENSUS_MRTS,2025-10-25 23:04:12.293595
2022-10-01,444,Building Material & Garden Equipment,1.6,False,CENSUS_MRTS,2025-10-25 23:04:12.293595
2022-11-01,444,Building Material & Garden Equipment,1.6,False,CENSUS_MRTS,2025-10-25 23:04:12.293595
2022-12-01,444,Building Material & Garden Equipment,1.6,False,CENSUS_MRTS,2025-10-25 23:04:12.293595
2022-01-01,444,Building Material & Garden Equipment,76459.0,True,CENSUS_MRTS,2025-10-25 23:04:12.293595
2022-03-01,444,Building Material & Garden Equipment,79491.0,True,CENSUS_MRTS,2025-10-25 23:04:12.293595
2022-04-01,444,Building Material & Garden Equipment,80923.0,True,CENSUS_MRTS,2025-10-25 23:04:12.293595
2022-05-01,444,Building Material & Garden Equipment,81785.0,True,CENSUS_MRTS,2025-10-25 23:04:12.293595
2022-06-01,444,Building Material & Garden Equipment,83474.0,True,CENSUS_MRTS,2025-10-25 23:04:12.293595
2022-07-01,444,Building Material & Garden Equipment,84985.0,True,CENSUS_MRTS,2025-10-25 23:04:12.293595
2022-09-01,444,Building Material & Garden Equipment,85237.0,True,CENSUS_MRTS,2025-10-25 23:04:12.293595
2022-10-01,444,Building Material & Garden Equipment,85183.0,True,CENSUS_MRTS,2025-10-25 23:04:12.293595
2022-11-01,444,Building Material & Garden Equipment,85151.0,True,CENSUS_MRTS,2025-10-25 23:04:12.293595
2025-05-01,444,Building Material & Garden Equipment,39744.0,True,CENSUS_MRTS,2025-10-25 23:04:12.293595
2025-04-01,444,Building Material & Garden Equipment,3.3,True,CENSUS_MRTS,2025-10-25 23:04:12.293595
2017-07-01,444,Building Material & Garden Equipment,28732.0,True,CENSUS_MRTS,2025-10-25 23:04:12.293595
2017-01-01,444,Building Material & Garden Equipment,1.9,True,CENSUS_MRTS,2025-10-25 23:04:12.293595
2017-07-01,444,Building Material & Garden Equipment,2.4,True,CENSUS_MRTS,2025-10-25 23:04:12.293595
2017-12-01,444,Building Material & Garden Equipment,1.9,True,CENSUS_MRTS,2025-10-25 23:04:12.293595
2022-12-01,444,Building Material & Garden Equipment,84837.0,True,CENSUS_MRTS,2025-10-25 23:04:12.293595
2022-01-01,444,Building Material & Garden Equipment,1.8,True,CENSUS_MRTS,2025-10-25 23:04:12.293595
2022-02-01,444,Building Material & Garden Equipment,1.7,True,CENSUS_MRTS,2025-10-25 23:04:12.293595
2022-03-01,444,Building Material & Garden Equipment,1.8,True,CENSUS_MRTS,2025-10-25 23:04:12.293595
2022-04-01,444,Building Material & Garden Equipment,1.8,True,CENSUS_MRTS,2025-10-25 23:04:12.293595
2022-05-01,444,Building Material & Garden Equipment,1.8,True,CENSUS_MRTS,2025-10-25 23:04:12.293595
2022-06-01,444,Building Material & Garden Equipment,1.8,True,CENSUS_MRTS,2025-10-25 23:04:12.293595
2022-07-01,444,Building Material & Garden Equipment,1.7,True,CENSUS_MRTS,2025-10-25 23:04:12.293595
2022-08-01,444,Building Material & Garden Equipment,1.7,True,CENSUS_MRTS,2025-10-25 23:04:12.293595
2022-09-01,444,Building Material & Garden Equipment,1.7,True,CENSUS_MRTS,2025-10-25 23:04:12.293595
2022-10-01,444,Building Material & Garden Equipment,1.6,True,CENSUS_MRTS,2025-10-25 23:04:12.293595
2022-11-01,444,Building Material & Garden Equipment,1.6,True,CENSUS_MRTS,2025-10-25 23:04:12.293595
2022-12-01,444,Building Material & Garden Equipment,1.6,True,CENSUS_MRTS,2025-10-25 23:04:12.293595
2022-01-01,444,Building Material & Garden Equipment,2.22,False,CENSUS_MRTS,2025-10-25 23:04:12.293595
2022-02-01,444,Building Material & Garden Equipment,2.35,False,CENSUS_MRTS,2025-10-25 23:04:12.293595
2022-03-01,444,Building Material & Garden Equipment,1.89,False,CENSUS_MRTS,2025-10-25 23:04:12.293595
2022-04-01,444,Building Material & Garden Equipment,1.85,False,CENSUS_MRTS,2025-10-25 23:04:12.293595
2022-05-01,444,Building Material & Garden Equipment,1.68,False,CENSUS_MRTS,2025-10-25 23:04:12.293595
2022-06-01,444,Building Material & Garden Equipment,1.74,False,CENSUS_MRTS,2025-10-25 23:04:12.293595
2022-07-01,444,Building Material & Garden Equipment,1.93,False,CENSUS_MRTS,2025-10-25 23:04:12.293595
2022-08-01,444,Building Material & Garden Equipment,1.85,False,CENSUS_MRTS,2025-10-25 23:04:12.293595
2022-09-01,444,Building Material & Garden Equipment,1.97,False,CENSUS_MRTS,2025-10-25 23:04:12.293595
2022-10-01,444,Building Material & Garden Equipment,1.96,False,CENSUS_MRTS,2025-10-25 23:04:12.293595
2022-11-01,444,Building Material & Garden Equipment,2.04,False,CENSUS_MRTS,2025-10-25 23:04:12.293595
2022-12-01,444,Building Material & Garden Equipment,2.11,False,CENSUS_MRTS,2025-10-25 23:04:12.293595
2022-01-01,444,Building Material & Garden Equipment,0.04,False,CENSUS_MRTS,2025-10-25 23:04:12.293595
2022-02-01,444,Building Material & Garden Equipment,0.04,False,CENSUS_MRTS,2025-10-25 23:04:12.293595
2022-03-01,444,Building Material & Garden Equipment,0.04,False,CENSUS_MRTS,2025-10-25 23:04:12.293595
2022-04-01,444,Building Material & Garden Equipment,0.03,False,CENSUS_MRTS,2025-10-25 23:04:12.293595
2022-05-01,444,Building Material & Garden Equipment,0.03,False,CENSUS_MRTS,2025-10-25 23:04:12.293595
2022-06-01,444,Building Material & Garden Equipment,0.03,False,CENSUS_MRTS,2025-10-25 23:04:12.293595
2022-07-01,444,Building Material & Garden Equipment,0.04,False,CENSUS_MRTS,2025-10-25 23:04:12.293595
2022-08-01,444,Building Material & Garden Equipment,0.04,False,CENSUS_MRTS,2025-10-25 23:04:12.293595
2022-09-01,444,Building Material & Garden Equipment,0.04,False,CENSUS_MRTS,2025-10-25 23:04:12.293595
2022-10-01,444,Building Material & Garden Equipment,0.04,False,CENSUS_MRTS,2025-10-25 23:04:12.293595
2022-11-01,444,Building Material & Garden Equipment,0.04,False,CENSUS_MRTS,2025-10-25 23:04:12.293595
2022-12-01,444,Building Material & Garden Equipment,0.04,False,CENSUS_MRTS,2025-10-25 23:04:12.293595
2022-01-01,444,Building Material & Garden Equipment,1.81,True,CENSUS_MRTS,2025-10-25 23:04:12.293595
2022-02-01,444,Building Material & Garden Equipment,1.84,True,CENSUS_MRTS,2025-10-25 23:04:12.293595
2022-03-01,444,Building Material & Garden Equipment,1.86,True,CENSUS_MRTS,2025-10-25 23:04:12.293595
2022-04-01,444,Building Material & Garden Equipment,1.89,True,CENSUS_MRTS,2025-10-25 23:04:12.293595
2022-05-01,444,Building Material & Garden Equipment,1.93,True,CENSUS_MRTS,2025-10-25 23:04:12.293595
2022-06-01,444,Building Material & Garden Equipment,1.97,True,CENSUS_MRTS,2025-10-25 23:04:12.293595
2022-07-01,444,Building Material & Garden Equipment,2.0,True,CENSUS_MRTS,2025-10-25 23:04:12.293595
2022-08-01,444,Building Material & Garden Equipment,1.99,True,CENSUS_MRTS,2025-10-25 23:04:12.293595
2022-09-01,444,Building Material & Garden Equipment,2.01,True,CENSUS_MRTS,2025-10-25 23:04:12.293595
2022-10-01,444,Building Material & Garden Equipment,1.99,True,CENSUS_MRTS,2025-10-25 23:04:12.293595
2022-11-01,444,Building Material & Garden Equipment,2.05,True,CENSUS_MRTS,2025-10-25 23:04:12.293595
2022-12-01,444,Building Material & Garden Equipment,2.03,True,CENSUS_MRTS,2025-10-25 23:04:12.293595
2022-01-01,444,Building Material & Garden Equipment,0.04,True,CENSUS_MRTS,2025-10-25 23:04:12.293595
2022-02-01,444,Building Material & Garden Equipment,0.04,True,CENSUS_MRTS,2025-10-25 23:04:12.293595
2022-03-01,444,Building Material & Garden Equipment,0.04,True,CENSUS_MRTS,2025-10-25 23:04:12.293595
2022-04-01,444,Building Material & Garden Equipment,0.03,True,CENSUS_MRTS,2025-10-25 23:04:12.293595
2022-05-01,444,Building Material & Garden Equipment,0.03,True,CENSUS_MRTS,2025-10-25 23:04:12.293595
2022-06-01,444,Building Material & Garden Equipment,0.03,True,CENSUS_MRTS,2025-10-25 23:04:12.293595
2022-07-01,444,Building Material & Garden Equipment,0.04,True,CENSUS_MRTS,2025-10-25 23:04:12.293595
2022-08-01,444,Building Material & Garden Equipment,0.04,True,CENSUS_MRTS,2025-10-25 23:04:12.293595
2022-09-01,444,Building Material & Garden Equipment,0.04,True,CENSUS_MRTS,2025-10-25 23:04:12.293595
2022-10-01,444,Building Material & Garden Equipment,0.04,True,CENSUS_MRTS,2025-10-25 23:04:12.293595
2022-11-01,444,Building Material & Garden Equipment,0.04,True,CENSUS_MRTS,2025-10-25 23:04:12.293595
2022-12-01,444,Building Material & Garden Equipment,0.04,True,CENSUS_MRTS,2025-10-25 23:04:12.293595
2022-01-01,444,Building Material & Garden Equipment,5.2,False,CENSUS_MRTS,2025-10-25 23:04:12.293595
2022-02-01,444,Building Material & Garden Equipment,5.0,False,CENSUS_MRTS,2025-10-25 23:04:12.293595
2022-03-01,444,Building Material & Garden Equipment,6.2,False,CENSUS_MRTS,2025-10-25 23:04:12.293595
2022-04-01,444,Building Material & Garden Equipment,1.9,False,CENSUS_MRTS,2025-10-25 23:04:12.293595
2022-05-01,444,Building Material & Garden Equipment,-1.2,False,CENSUS_MRTS,2025-10-25 23:04:12.293595
2022-06-01,444,Building Material & Garden Equipment,-0.9,False,CENSUS_MRTS,2025-10-25 23:04:12.293595
2022-07-01,444,Building Material & Garden Equipment,0.0,False,CENSUS_MRTS,2025-10-25 23:04:12.293595
2022-08-01,444,Building Material & Garden Equipment,-0.4,False,CENSUS_MRTS,2025-10-25 23:04:12.293595
2022-09-01,444,Building Material & Garden Equipment,0.7,False,CENSUS_MRTS,2025-10-25 23:04:12.293595
2022-10-01,444,Building Material & Garden Equipment,0.5,False,CENSUS_MRTS,2025-10-25 23:04:12.293595
2022-11-01,444,Building Material & Garden Equipment,-1.9,False,CENSUS_MRTS,2025-10-25 23:04:12.293595
2022-12-01,444,Building Material & Garden Equipment,-1.2,False,CENSUS_MRTS,2025-10-25 23:04:12.293595
2022-01-01,444,Building Material & Garden Equipment,0.3,False,CENSUS_MRTS,2025-10-25 23:04:12.293595
2022-02-01,444,Building Material & Garden Equipment,0.3,False,CENSUS_MRTS,2025-10-25 23:04:12.293595
2022-03-01,444,Building Material & Garden Equipment,0.2,False,CENSUS_MRTS,2025-10-25 23:04:12.293595
2022-04-01,444,Building Material & Garden Equipment,0.1,False,CENSUS_MRTS,2025-10-25 23:04:12.293595
2022-05-01,444,Building Material & Garden Equipment,0.2,False,CENSUS_MRTS,2025-10-25 23:04:12.293595
2022-06-01,444,Building Material & Garden Equipment,0.2,False,CENSUS_MRTS,2025-10-25 23:04:12.293595
2022-07-01,444,Building Material & Garden Equipment,0.2,False,CENSUS_MRTS,2025-10-25 23:04:12.293595
2022-09-01,444,Building Material & Garden Equipment,0.1,False,CENSUS_MRTS,2025-10-25 23:04:12.293595
2022-10-01,444,Building Material & Garden Equipment,0.1,False,CENSUS_MRTS,2025-10-25 23:04:12.293595
2022-11-01,444,Building Material & Garden Equipment,0.2,False,CENSUS_MRTS,2025-10-25 23:04:12.293595
2022-12-01,444,Building Material & Garden Equipment,0.2,False,CENSUS_MRTS,2025-10-25 23:04:12.293595
2022-01-01,444,Building Material & Garden Equipment,3.0,True,CENSUS_MRTS,2025-10-25 23:04:12.293595
2022-03-01,444,Building Material & Garden Equipment,3.0,True,CENSUS_MRTS,2025-10-25 23:04:12.293595
2022-04-01,444,Building Material & Garden Equipment,1.8,True,CENSUS_MRTS,2025-10-25 23:04:12.293595
2022-05-01,444,Building Material & Garden Equipment,1.1,True,CENSUS_MRTS,2025-10-25 23:04:12.293595
2022-06-01,444,Building Material & Garden Equipment,2.1,True,CENSUS_MRTS,2025-10-25 23:04:12.293595
2022-07-01,444,Building Material & Garden Equipment,1.8,True,CENSUS_MRTS,2025-10-25 23:04:12.293595
2022-09-01,444,Building Material & Garden Equipment,0.1,True,CENSUS_MRTS,2025-10-25 23:04:12.293595
2022-10-01,444,Building Material & Garden Equipment,-0.1,True,CENSUS_MRTS,2025-10-25 23:04:12.293595
2022-11-01,444,Building Material & Garden Equipment,0.0,True,CENSUS_MRTS,2025-10-25 23:04:12.293595
2022-12-01,444,Building Material & Garden Equipment,-0.4,True,CENSUS_MRTS,2025-10-25 23:04:12.293595
2022-01-01,444,Building Material & Garden Equipment,0.3,True,CENSUS_MRTS,2025-10-25 23:04:12.293595
2022-03-01,444,Building Material & Garden Equipment,0.2,True,CENSUS_MRTS,2025-10-25 23:04:12.293595
2022-04-01,444,Building Material & Garden Equipment,0.1,True,CENSUS_MRTS,2025-10-25 23:04:12.293595
2022-05-01,444,Building Material & Garden Equipment,0.2,True,CENSUS_MRTS,2025-10-25 23:04:12.293595
2022-06-01,444,Building Material & Garden Equipment,0.2,True,CENSUS_MRTS,2025-10-25 23:04:12.293595
2022-07-01,444,Building Material & Garden Equipment,0.2,True,CENSUS_MRTS,2025-10-25 23:04:12.293595
2022-09-01,444,Building Material & Garden Equipment,0.1,True,CENSUS_MRTS,2025-10-25 23:04:12.293595
2022-10-01,444,Building Material & Garden Equipment,0.1,True,CENSUS_MRTS,2025-10-25 23:04:12.293595
2022-11-01,444,Building Material & Garden Equipment,0.2,True,CENSUS_MRTS,2025-10-25 23:04:12.293595
2022-12-01,444,Building Material & Garden Equipment,0.2,True,CENSUS_MRTS,2025-10-25 23:04:12.293595
2022-01-01,444,Building Material & Garden Equipment,-12.1,False,CENSUS_MRTS,2025-10-25 23:04:12.293595
2022-03-01,444,Building Material & Garden Equipment,32.6,False,CENSUS_MRTS,2025-10-25 23:04:12.293595
2022-04-01,444,Building Material & Garden Equipment,3.8,False,CENSUS_MRTS,2025-10-25 23:04:12.293595
2022-05-01,444,Building Material & Garden Equipment,8.6,False,CENSUS_MRTS,2025-10-25 23:04:12.293595
2022-06-01,444,Building Material & Garden Equipment,-4.0,False,CENSUS_MRTS,2025-10-25 23:04:12.293595
2022-08-01,444,Building Material & Garden Equipment,4.0,False,CENSUS_MRTS,2025-10-25 23:04:12.293595
2022-09-01,444,Building Material & Garden Equipment,-5.7,False,CENSUS_MRTS,2025-10-25 23:04:12.293595
2022-10-01,444,Building Material & Garden Equipment,1.0,False,CENSUS_MRTS,2025-10-25 23:04:12.293595
2022-11-01,444,Building Material & Garden Equipment,-5.8,False,CENSUS_MRTS,2025-10-25 23:04:12.293595
2022-12-01,444,Building Material & Garden Equipment,-4.3,False,CENSUS_MRTS,2025-10-25 23:04:12.293595
2022-02-01,444,Building Material & Garden Equipment,0.4,False,CENSUS_MRTS,2025-10-25 23:04:12.293595
2022-03-01,444,Building Material & Garden Equipment,0.5,False,CENSUS_MRTS,2025-10-25 23:04:12.293595
2022-04-01,444,Building Material & Garden Equipment,0.4,False,CENSUS_MRTS,2025-10-25 23:04:12.293595
2022-04-01,444,Building Material & Garden Equipment,85293.0,False,CENSUS_MRTS,2025-10-25 23:04:12.293595
2022-09-01,444,Building Material & Garden Equipment,83703.0,False,CENSUS_MRTS,2025-10-25 23:04:12.293595
2022-03-01,444,Building Material & Garden Equipment,1.8,False,CENSUS_MRTS,2025-10-25 23:04:12.293595
2022-08-01,444,Building Material & Garden Equipment,1.7,False,CENSUS_MRTS,2025-10-25 23:04:12.293595
2022-02-01,444,Building Material & Garden Equipment,77167.0,True,CENSUS_MRTS,2025-10-25 23:04:12.293595
2022-08-01,444,Building Material & Garden Equipment,85135.0,True,CENSUS_MRTS,2025-10-25 23:04:12.293595
2015-11-01,4441,Building Material and Supplies Dealers,23919.0,True,CENSUS_MRTS,2025-10-25 23:04:12.293595
2015-12-01,4441,Building Material and Supplies Dealers,24548.0,True,CENSUS_MRTS,2025-10-25 23:04:12.293595
2015-01-01,4441,Building Material and Supplies Dealers,1.1,True,CENSUS_MRTS,2025-10-25 23:04:12.293595
2015-02-01,4441,Building Material and Supplies Dealers,1.5,True,CENSUS_MRTS,2025-10-25 23:04:12.293595
2015-03-01,4441,Building Material and Supplies Dealers,1.1,True,CENSUS_MRTS,2025-10-25 23:04:12.293595
2015-04-01,4441,Building Material and Supplies Dealers,1.3,True,CENSUS_MRTS,2025-10-25 23:04:12.293595
2015-05-01,4441,Building Material and Supplies Dealers,1.3,True,CENSUS_MRTS,2025-10-25 23:04:12.293595
2015-06-01,4441,Building Material and Supplies Dealers,1.7,True,CENSUS_MRTS,2025-10-25 23:04:12.293595
2015-07-01,4441,Building Material and Supplies Dealers,1.5,True,CENSUS_MRTS,2025-10-25 23:04:12.293595
2015-08-01,4441,Building Material and Supplies Dealers,1.7,True,CENSUS_MRTS,2025-10-25 23:04:12.293595
2015-09-01,4441,Building Material and Supplies Dealers,1.7,True,CENSUS_MRTS,2025-10-25 23:04:12.293595
2015-10-01,4441,Building Material and Supplies Dealers,1.7,True,CENSUS_MRTS,2025-10-25 23:04:12.293595
2015-11-01,4441,Building Material and Supplies Dealers,1.7,True,CENSUS_MRTS,2025-10-25 23:04:12.293595
2015-12-01,4441,Building Material and Supplies Dealers,1.5,True,CENSUS_MRTS,2025-10-25 23:04:12.293595
2015-11-01,4441,Building Material and Supplies Dealers,0.3,False,CENSUS_MRTS,2025-10-25 23:04:12.293595
2015-12-01,4441,Building Material and Supplies Dealers,0.6,False,CENSUS_MRTS,2025-10-25 23:04:12.293595
2015-01-01,4441,Building Material and Supplies Dealers,1.3,True,CENSUS_MRTS,2025-10-25 23:04:12.293595
2015-02-01,4441,Building Material and Supplies Dealers,-3.6,True,CENSUS_MRTS,2025-10-25 23:04:12.293595
2015-03-01,4441,Building Material and Supplies Dealers,4.3,True,CENSUS_MRTS,2025-10-25 23:04:12.293595
2015-04-01,4441,Building Material and Supplies Dealers,0.5,True,CENSUS_MRTS,2025-10-25 23:04:12.293595
2015-05-01,4441,Building Material and Supplies Dealers,-0.3,True,CENSUS_MRTS,2025-10-25 23:04:12.293595
2015-06-01,4441,Building Material and Supplies Dealers,-0.9,True,CENSUS_MRTS,2025-10-25 23:04:12.293595
2015-07-01,4441,Building Material and Supplies Dealers,3.4,True,CENSUS_MRTS,2025-10-25 23:04:12.293595
2015-08-01,4441,Building Material and Supplies Dealers,0.1,True,CENSUS_MRTS,2025-10-25 23:04:12.293595
2015-09-01,4441,Building Material and Supplies Dealers,-0.6,True,CENSUS_MRTS,2025-10-25 23:04:12.293595
2015-10-01,4441,Building Material and Supplies Dealers,0.4,True,CENSUS_MRTS,2025-10-25 23:04:12.293595
2015-11-01,4441,Building Material and Supplies Dealers,1.5,True,CENSUS_MRTS,2025-10-25 23:04:12.293595
2015-12-01,4441,Building Material and Supplies Dealers,2.6,True,CENSUS_MRTS,2025-10-25 23:04:12.293595
2015-01-01,4441,Building Material and Supplies Dealers,0.4,True,CENSUS_MRTS,2025-10-25 23:04:12.293595
2015-02-01,4441,Building Material and Supplies Dealers,0.6,True,CENSUS_MRTS,2025-10-25 23:04:12.293595
2015-03-01,4441,Building Material and Supplies Dealers,0.7,True,CENSUS_MRTS,2025-10-25 23:04:12.293595
2015-04-01,4441,Building Material and Supplies Dealers,0.5,True,CENSUS_MRTS,2025-10-25 23:04:12.293595
2015-05-01,4441,Building Material and Supplies Dealers,0.4,True,CENSUS_MRTS,2025-10-25 23:04:12.293595
2015-06-01,4441,Building Material and Supplies Dealers,0.5,True,CENSUS_MRTS,2025-10-25 23:04:12.293595
2015-07-01,4441,Building Material and Supplies Dealers,0.3,True,CENSUS_MRTS,2025-10-25 23:04:12.293595
2015-08-01,4441,Building Material and Supplies Dealers,0.3,True,CENSUS_MRTS,2025-10-25 23:04:12.293595
2015-09-01,4441,Building Material and Supplies Dealers,0.2,True,CENSUS_MRTS,2025-10-25 23:04:12.293595
2015-10-01,4441,Building Material and Supplies Dealers,0.4,True,CENSUS_MRTS,2025-10-25 23:04:12.293595
2015-11-01,4441,Building Material and Supplies Dealers,0.3,True,CENSUS_MRTS,2025-10-25 23:04:12.293595
2015-12-01,4441,Building Material and Supplies Dealers,0.6,True,CENSUS_MRTS,2025-10-25 23:04:12.293595
2015-01-01,4441,Building Material and Supplies Dealers,18375.0,False,CENSUS_MRTS,2025-10-25 23:04:12.293595
2015-02-01,4441,Building Material and Supplies Dealers,17210.0,False,CENSUS_MRTS,2025-10-25 23:04:12.293595
2015-03-01,4441,Building Material and Supplies Dealers,22423.0,False,CENSUS_MRTS,2025-10-25 23:04:12.293595
2015-04-01,4441,Building Material and Supplies Dealers,25133.0,False,CENSUS_MRTS,2025-10-25 23:04:12.293595
2015-05-01,4441,Building Material and Supplies Dealers,26412.0,False,CENSUS_MRTS,2025-10-25 23:04:12.293595
2015-06-01,4441,Building Material and Supplies Dealers,26105.0,False,CENSUS_MRTS,2025-10-25 23:04:12.293595
2015-07-01,4441,Building Material and Supplies Dealers,26155.0,False,CENSUS_MRTS,2025-10-25 23:04:12.293595
2015-08-01,4441,Building Material and Supplies Dealers,23950.0,False,CENSUS_MRTS,2025-10-25 23:04:12.293595
2015-09-01,4441,Building Material and Supplies Dealers,23829.0,False,CENSUS_MRTS,2025-10-25 23:04:12.293595
2015-10-01,4441,Building Material and Supplies Dealers,24239.0,False,CENSUS_MRTS,2025-10-25 23:04:12.293595
2015-11-01,4441,Building Material and Supplies Dealers,22986.0,False,CENSUS_MRTS,2025-10-25 23:04:12.293595
2015-12-01,4441,Building Material and Supplies Dealers,22879.0,False,CENSUS_MRTS,2025-10-25 23:04:12.293595
2015-01-01,4441,Building Material and Supplies Dealers,1.1,False,CENSUS_MRTS,2025-10-25 23:04:12.293595
2015-02-01,4441,Building Material and Supplies Dealers,1.5,False,CENSUS_MRTS,2025-10-25 23:04:12.293595
2015-03-01,4441,Building Material and Supplies Dealers,1.1,False,CENSUS_MRTS,2025-10-25 23:04:12.293595
2015-04-01,4441,Building Material and Supplies Dealers,1.3,False,CENSUS_MRTS,2025-10-25 23:04:12.293595
2015-05-01,4441,Building Material and Supplies Dealers,1.3,False,CENSUS_MRTS,2025-10-25 23:04:12.293595
2015-06-01,4441,Building Material and Supplies Dealers,1.7,False,CENSUS_MRTS,2025-10-25 23:04:12.293595
2015-07-01,4441,Building Material and Supplies Dealers,1.5,False,CENSUS_MRTS,2025-10-25 23:04:12.293595
2015-08-01,4441,Building Material and Supplies Dealers,1.7,False,CENSUS_MRTS,2025-10-25 23:04:12.293595
2015-09-01,4441,Building Material and Supplies Dealers,1.7,False,CENSUS_MRTS,2025-10-25 23:04:12.293595
2015-10-01,4441,Building Material and Supplies Dealers,1.7,False,CENSUS_MRTS,2025-10-25 23:04:12.293595
2015-11-01,4441,Building Material and Supplies Dealers,1.7,False,CENSUS_MRTS,2025-10-25 23:04:12.293595
2015-12-01,4441,Building Material and Supplies Dealers,1.5,False,CENSUS_MRTS,2025-10-25 23:04:12.293595
2015-01-01,4441,Building Material and Supplies Dealers,22854.0,True,CENSUS_MRTS,2025-10-25 23:04:12.293595
2015-02-01,4441,Building Material and Supplies Dealers,22036.0,True,CENSUS_MRTS,2025-10-25 23:04:12.293595
2015-03-01,4441,Building Material and Supplies Dealers,22974.0,True,CENSUS_MRTS,2025-10-25 23:04:12.293595
2015-04-01,4441,Building Material and Supplies Dealers,23100.0,True,CENSUS_MRTS,2025-10-25 23:04:12.293595
2015-05-01,4441,Building Material and Supplies Dealers,23027.0,True,CENSUS_MRTS,2025-10-25 23:04:12.293595
2015-06-01,4441,Building Material and Supplies Dealers,22819.0,True,CENSUS_MRTS,2025-10-25 23:04:12.293595
2015-07-01,4441,Building Material and Supplies Dealers,23584.0,True,CENSUS_MRTS,2025-10-25 23:04:12.293595
2015-08-01,4441,Building Material and Supplies Dealers,23596.0,True,CENSUS_MRTS,2025-10-25 23:04:12.293595
2015-09-01,4441,Building Material and Supplies Dealers,23454.0,True,CENSUS_MRTS,2025-10-25 23:04:12.293595
2015-10-01,4441,Building Material and Supplies Dealers,23556.0,True,CENSUS_MRTS,2025-10-25 23:04:12.293595
2015-01-01,4441,Building Material and Supplies Dealers,-11.0,False,CENSUS_MRTS,2025-10-25 23:04:12.293595
2015-02-01,4441,Building Material and Supplies Dealers,-6.3,False,CENSUS_MRTS,2025-10-25 23:04:12.293595
2015-03-01,4441,Building Material and Supplies Dealers,30.3,False,CENSUS_MRTS,2025-10-25 23:04:12.293595
2015-04-01,4441,Building Material and Supplies Dealers,12.1,False,CENSUS_MRTS,2025-10-25 23:04:12.293595
2015-05-01,4441,Building Material and Supplies Dealers,5.1,False,CENSUS_MRTS,2025-10-25 23:04:12.293595
2015-06-01,4441,Building Material and Supplies Dealers,-1.2,False,CENSUS_MRTS,2025-10-25 23:04:12.293595
2015-07-01,4441,Building Material and Supplies Dealers,0.2,False,CENSUS_MRTS,2025-10-25 23:04:12.293595
2015-08-01,4441,Building Material and Supplies Dealers,-8.4,False,CENSUS_MRTS,2025-10-25 23:04:12.293595
2015-09-01,4441,Building Material and Supplies Dealers,-0.5,False,CENSUS_MRTS,2025-10-25 23:04:12.293595
2015-10-01,4441,Building Material and Supplies Dealers,1.7,False,CENSUS_MRTS,2025-10-25 23:04:12.293595
2015-11-01,4441,Building Material and Supplies Dealers,-5.2,False,CENSUS_MRTS,2025-10-25 23:04:12.293595
2015-12-01,4441,Building Material and Supplies Dealers,-0.5,False,CENSUS_MRTS,2025-10-25 23:04:12.293595
2015-01-01,4441,Building Material and Supplies Dealers,0.4,False,CENSUS_MRTS,2025-10-25 23:04:12.293595
2015-02-01,4441,Building Material and Supplies Dealers,0.6,False,CENSUS_MRTS,2025-10-25 23:04:12.293595
2015-03-01,4441,Building Material and Supplies Dealers,0.7,False,CENSUS_MRTS,2025-10-25 23:04:12.293595
2015-04-01,4441,Building Material and Supplies Dealers,0.5,False,CENSUS_MRTS,2025-10-25 23:04:12.293595
2015-05-01,4441,Building Material and Supplies Dealers,0.4,False,CENSUS_MRTS,2025-10-25 23:04:12.293595
2015-06-01,4441,Building Material and Supplies Dealers,0.5,False,CENSUS_MRTS,2025-10-25 23:04:12.293595
2015-07-01,4441,Building Material and Supplies Dealers,0.3,False,CENSUS_MRTS,2025-10-25 23:04:12.293595
2015-08-01,4441,Building Material and Supplies Dealers,0.3,False,CENSUS_MRTS,2025-10-25 23:04:12.293595
2015-09-01,4441,Building Material and Supplies Dealers,0.2,False,CENSUS_MRTS,2025-10-25 23:04:12.293595
2015-10-01,4441,Building Material and Supplies Dealers,0.4,False,CENSUS_MRTS,2025-10-25 23:04:12.293595
2016-12-01,4441,Building Material and Supplies Dealers,-7.6,False,CENSUS_MRTS,2025-10-25 23:04:12.293595
2016-01-01,4441,Building Material and Supplies Dealers,0.8,False,CENSUS_MRTS,2025-10-25 23:04:12.293595
2016-02-01,4441,Building Material and Supplies Dealers,0.3,False,CENSUS_MRTS,2025-10-25 23:04:12.293595
2016-03-01,4441,Building Material and Supplies Dealers,0.5,False,CENSUS_MRTS,2025-10-25 23:04:12.293595
2016-04-01,4441,Building Material and Supplies Dealers,0.4,False,CENSUS_MRTS,2025-10-25 23:04:12.293595
2016-05-01,4441,Building Material and Supplies Dealers,0.2,False,CENSUS_MRTS,2025-10-25 23:04:12.293595
2016-06-01,4441,Building Material and Supplies Dealers,0.3,False,CENSUS_MRTS,2025-10-25 23:04:12.293595
2016-07-01,4441,Building Material and Supplies Dealers,0.2,False,CENSUS_MRTS,2025-10-25 23:04:12.293595
2016-08-01,4441,Building Material and Supplies Dealers,0.4,False,CENSUS_MRTS,2025-10-25 23:04:12.293595
2016-09-01,4441,Building Material and Supplies Dealers,0.4,False,CENSUS_MRTS,2025-10-25 23:04:12.293595
2016-10-01,4441,Building Material and Supplies Dealers,0.3,False,CENSUS_MRTS,2025-10-25 23:04:12.293595
2016-11-01,4441,Building Material and Supplies Dealers,0.3,False,CENSUS_MRTS,2025-10-25 23:04:12.293595
2016-12-01,4441,Building Material and Supplies Dealers,0.4,False,CENSUS_MRTS,2025-10-25 23:04:12.293595
2016-01-01,4441,Building Material and Supplies Dealers,-0.6,True,CENSUS_MRTS,2025-10-25 23:04:12.293595
2016-02-01,4441,Building Material and Supplies Dealers,0.5,True,CENSUS_MRTS,2025-10-25 23:04:12.293595
2016-03-01,4441,Building Material and Supplies Dealers,1.3,True,CENSUS_MRTS,2025-10-25 23:04:12.293595
2016-04-01,4441,Building Material and Supplies Dealers,-2.5,True,CENSUS_MRTS,2025-10-25 23:04:12.293595
2016-05-01,4441,Building Material and Supplies Dealers,-1.5,True,CENSUS_MRTS,2025-10-25 23:04:12.293595
2016-06-01,4441,Building Material and Supplies Dealers,2.7,True,CENSUS_MRTS,2025-10-25 23:04:12.293595
2016-07-01,4441,Building Material and Supplies Dealers,-0.4,True,CENSUS_MRTS,2025-10-25 23:04:12.293595
2016-08-01,4441,Building Material and Supplies Dealers,-0.7,True,CENSUS_MRTS,2025-10-25 23:04:12.293595
2016-09-01,4441,Building Material and Supplies Dealers,0.5,True,CENSUS_MRTS,2025-10-25 23:04:12.293595
2016-10-01,4441,Building Material and Supplies Dealers,0.8,True,CENSUS_MRTS,2025-10-25 23:04:12.293595
2016-11-01,4441,Building Material and Supplies Dealers,1.0,True,CENSUS_MRTS,2025-10-25 23:04:12.293595
2016-12-01,4441,Building Material and Supplies Dealers,-0.5,True,CENSUS_MRTS,2025-10-25 23:04:12.293595
2016-01-01,4441,Building Material and Supplies Dealers,0.8,True,CENSUS_MRTS,2025-10-25 23:04:12.293595
2016-02-01,4441,Building Material and Supplies Dealers,0.3,True,CENSUS_MRTS,2025-10-25 23:04:12.293595
2016-03-01,4441,Building Material and Supplies Dealers,0.5,True,CENSUS_MRTS,2025-10-25 23:04:12.293595
2016-04-01,4441,Building Material and Supplies Dealers,0.4,True,CENSUS_MRTS,2025-10-25 23:04:12.293595
2016-05-01,4441,Building Material and Supplies Dealers,0.2,True,CENSUS_MRTS,2025-10-25 23:04:12.293595
2016-06-01,4441,Building Material and Supplies Dealers,0.3,True,CENSUS_MRTS,2025-10-25 23:04:12.293595
2016-07-01,4441,Building Material and Supplies Dealers,0.2,True,CENSUS_MRTS,2025-10-25 23:04:12.293595
2016-08-01,4441,Building Material and Supplies Dealers,0.4,True,CENSUS_MRTS,2025-10-25 23:04:12.293595
2016-09-01,4441,Building Material and Supplies Dealers,0.4,True,CENSUS_MRTS,2025-10-25 23:04:12.293595
2016-10-01,4441,Building Material and Supplies Dealers,0.3,True,CENSUS_MRTS,2025-10-25 23:04:12.293595
2016-11-01,4441,Building Material and Supplies Dealers,0.3,True,CENSUS_MRTS,2025-10-25 23:04:12.293595
2016-12-01,4441,Building Material and Supplies Dealers,0.4,True,CENSUS_MRTS,2025-10-25 23:04:12.293595
2016-01-01,4441,Building Material and Supplies Dealers,19050.0,False,CENSUS_MRTS,2025-10-25 23:04:12.293595
2016-02-01,4441,Building Material and Supplies Dealers,19922.0,False,CENSUS_MRTS,2025-10-25 23:04:12.293595
2016-03-01,4441,Building Material and Supplies Dealers,24667.0,False,CENSUS_MRTS,2025-10-25 23:04:12.293595
2016-04-01,4441,Building Material and Supplies Dealers,26032.0,False,CENSUS_MRTS,2025-10-25 23:04:12.293595
2016-05-01,4441,Building Material and Supplies Dealers,27892.0,False,CENSUS_MRTS,2025-10-25 23:04:12.293595
2016-06-01,4441,Building Material and Supplies Dealers,28065.0,False,CENSUS_MRTS,2025-10-25 23:04:12.293595
2016-07-01,4441,Building Material and Supplies Dealers,25777.0,False,CENSUS_MRTS,2025-10-25 23:04:12.293595
2016-08-01,4441,Building Material and Supplies Dealers,25748.0,False,CENSUS_MRTS,2025-10-25 23:04:12.293595
2016-09-01,4441,Building Material and Supplies Dealers,24727.0,False,CENSUS_MRTS,2025-10-25 23:04:12.293595
2016-10-01,4441,Building Material and Supplies Dealers,24358.0,False,CENSUS_MRTS,2025-10-25 23:04:12.293595
2016-11-01,4441,Building Material and Supplies Dealers,24484.0,False,CENSUS_MRTS,2025-10-25 23:04:12.293595
2016-12-01,4441,Building Material and Supplies Dealers,22617.0,False,CENSUS_MRTS,2025-10-25 23:04:12.293595
2016-01-01,4441,Building Material and Supplies Dealers,2.1,False,CENSUS_MRTS,2025-10-25 23:04:12.293595
2016-02-01,4441,Building Material and Supplies Dealers,2.1,False,CENSUS_MRTS,2025-10-25 23:04:12.293595
2016-03-01,4441,Building Material and Supplies Dealers,1.9,False,CENSUS_MRTS,2025-10-25 23:04:12.293595
2016-04-01,4441,Building Material and Supplies Dealers,1.8,False,CENSUS_MRTS,2025-10-25 23:04:12.293595
2016-05-01,4441,Building Material and Supplies Dealers,1.7,False,CENSUS_MRTS,2025-10-25 23:04:12.293595
2016-06-01,4441,Building Material and Supplies Dealers,1.9,False,CENSUS_MRTS,2025-10-25 23:04:12.293595
2016-07-01,4441,Building Material and Supplies Dealers,1.9,False,CENSUS_MRTS,2025-10-25 23:04:12.293595
2016-08-01,4441,Building Material and Supplies Dealers,2.2,False,CENSUS_MRTS,2025-10-25 23:04:12.293595
2016-09-01,4441,Building Material and Supplies Dealers,1.9,False,CENSUS_MRTS,2025-10-25 23:04:12.293595
2016-10-01,4441,Building Material and Supplies Dealers,2.2,False,CENSUS_MRTS,2025-10-25 23:04:12.293595
2016-11-01,4441,Building Material and Supplies Dealers,2.1,False,CENSUS_MRTS,2025-10-25 23:04:12.293595
2016-12-01,4441,Building Material and Supplies Dealers,1.9,False,CENSUS_MRTS,2025-10-25 23:04:12.293595
2016-01-01,4441,Building Material and Supplies Dealers,24392.0,True,CENSUS_MRTS,2025-10-25 23:04:12.293595
2016-02-01,4441,Building Material and Supplies Dealers,24504.0,True,CENSUS_MRTS,2025-10-25 23:04:12.293595
2016-03-01,4441,Building Material and Supplies Dealers,24816.0,True,CENSUS_MRTS,2025-10-25 23:04:12.293595
2016-04-01,4441,Building Material and Supplies Dealers,24193.0,True,CENSUS_MRTS,2025-10-25 23:04:12.293595
2016-05-01,4441,Building Material and Supplies Dealers,23839.0,True,CENSUS_MRTS,2025-10-25 23:04:12.293595
2016-06-01,4441,Building Material and Supplies Dealers,24490.0,True,CENSUS_MRTS,2025-10-25 23:04:12.293595
2016-07-01,4441,Building Material and Supplies Dealers,24387.0,True,CENSUS_MRTS,2025-10-25 23:04:12.293595
2016-08-01,4441,Building Material and Supplies Dealers,24222.0,True,CENSUS_MRTS,2025-10-25 23:04:12.293595
2016-09-01,4441,Building Material and Supplies Dealers,24338.0,True,CENSUS_MRTS,2025-10-25 23:04:12.293595
2016-10-01,4441,Building Material and Supplies Dealers,24530.0,True,CENSUS_MRTS,2025-10-25 23:04:12.293595
2016-11-01,4441,Building Material and Supplies Dealers,24781.0,True,CENSUS_MRTS,2025-10-25 23:04:12.293595
2016-12-01,4441,Building Material and Supplies Dealers,24664.0,True,CENSUS_MRTS,2025-10-25 23:04:12.293595
2016-01-01,4441,Building Material and Supplies Dealers,2.1,True,CENSUS_MRTS,2025-10-25 23:04:12.293595
2016-02-01,4441,Building Material and Supplies Dealers,2.1,True,CENSUS_MRTS,2025-10-25 23:04:12.293595
2016-03-01,4441,Building Material and Supplies Dealers,1.9,True,CENSUS_MRTS,2025-10-25 23:04:12.293595
2016-01-01,4441,Building Material and Supplies Dealers,-16.7,False,CENSUS_MRTS,2025-10-25 23:04:12.293595
2016-02-01,4441,Building Material and Supplies Dealers,4.6,False,CENSUS_MRTS,2025-10-25 23:04:12.293595
2016-03-01,4441,Building Material and Supplies Dealers,23.8,False,CENSUS_MRTS,2025-10-25 23:04:12.293595
2016-04-01,4441,Building Material and Supplies Dealers,5.5,False,CENSUS_MRTS,2025-10-25 23:04:12.293595
2016-05-01,4441,Building Material and Supplies Dealers,7.1,False,CENSUS_MRTS,2025-10-25 23:04:12.293595
2016-06-01,4441,Building Material and Supplies Dealers,0.6,False,CENSUS_MRTS,2025-10-25 23:04:12.293595
2016-07-01,4441,Building Material and Supplies Dealers,-8.2,False,CENSUS_MRTS,2025-10-25 23:04:12.293595
2016-08-01,4441,Building Material and Supplies Dealers,-0.1,False,CENSUS_MRTS,2025-10-25 23:04:12.293595
2016-09-01,4441,Building Material and Supplies Dealers,-4.0,False,CENSUS_MRTS,2025-10-25 23:04:12.293595
2016-10-01,4441,Building Material and Supplies Dealers,-1.5,False,CENSUS_MRTS,2025-10-25 23:04:12.293595
2016-11-01,4441,Building Material and Supplies Dealers,0.5,False,CENSUS_MRTS,2025-10-25 23:04:12.293595
2016-04-01,4441,Building Material and Supplies Dealers,1.8,True,CENSUS_MRTS,2025-10-25 23:04:12.293595
2016-05-01,4441,Building Material and Supplies Dealers,1.7,True,CENSUS_MRTS,2025-10-25 23:04:12.293595
2016-06-01,4441,Building Material and Supplies Dealers,1.9,True,CENSUS_MRTS,2025-10-25 23:04:12.293595
2016-07-01,4441,Building Material and Supplies Dealers,1.9,True,CENSUS_MRTS,2025-10-25 23:04:12.293595
2016-08-01,4441,Building Material and Supplies Dealers,2.2,True,CENSUS_MRTS,2025-10-25 23:04:12.293595
2016-09-01,4441,Building Material and Supplies Dealers,1.9,True,CENSUS_MRTS,2025-10-25 23:04:12.293595
2016-10-01,4441,Building Material and Supplies Dealers,2.2,True,CENSUS_MRTS,2025-10-25 23:04:12.293595
2016-11-01,4441,Building Material and Supplies Dealers,2.1,True,CENSUS_MRTS,2025-10-25 23:04:12.293595
2016-12-01,4441,Building Material and Supplies Dealers,1.9,True,CENSUS_MRTS,2025-10-25 23:04:12.293595
2017-05-01,4441,Building Material and Supplies Dealers,0.2,False,CENSUS_MRTS,2025-10-25 23:04:12.293595
2017-06-01,4441,Building Material and Supplies Dealers,0.4,False,CENSUS_MRTS,2025-10-25 23:04:12.293595
2017-07-01,4441,Building Material and Supplies Dealers,0.1,False,CENSUS_MRTS,2025-10-25 23:04:12.293595
2017-08-01,4441,Building Material and Supplies Dealers,0.3,False,CENSUS_MRTS,2025-10-25 23:04:12.293595
2017-09-01,4441,Building Material and Supplies Dealers,0.3,False,CENSUS_MRTS,2025-10-25 23:04:12.293595
2017-10-01,4441,Building Material and Supplies Dealers,0.3,False,CENSUS_MRTS,2025-10-25 23:04:12.293595
2017-11-01,4441,Building Material and Supplies Dealers,0.5,False,CENSUS_MRTS,2025-10-25 23:04:12.293595
2017-12-01,4441,Building Material and Supplies Dealers,0.4,False,CENSUS_MRTS,2025-10-25 23:04:12.293595
2017-01-01,4441,Building Material and Supplies Dealers,1.5,True,CENSUS_MRTS,2025-10-25 23:04:12.293595
2017-03-01,4441,Building Material and Supplies Dealers,24926.0,True,CENSUS_MRTS,2025-10-25 23:04:12.293595
2017-04-01,4441,Building Material and Supplies Dealers,25096.0,True,CENSUS_MRTS,2025-10-25 23:04:12.293595
2017-05-01,4441,Building Material and Supplies Dealers,24837.0,True,CENSUS_MRTS,2025-10-25 23:04:12.293595
2017-06-01,4441,Building Material and Supplies Dealers,24941.0,True,CENSUS_MRTS,2025-10-25 23:04:12.293595
2017-07-01,4441,Building Material and Supplies Dealers,24984.0,True,CENSUS_MRTS,2025-10-25 23:04:12.293595
2017-08-01,4441,Building Material and Supplies Dealers,25032.0,True,CENSUS_MRTS,2025-10-25 23:04:12.293595
2017-09-01,4441,Building Material and Supplies Dealers,26197.0,True,CENSUS_MRTS,2025-10-25 23:04:12.293595
2017-10-01,4441,Building Material and Supplies Dealers,25835.0,True,CENSUS_MRTS,2025-10-25 23:04:12.293595
2017-11-01,4441,Building Material and Supplies Dealers,26211.0,True,CENSUS_MRTS,2025-10-25 23:04:12.293595
2017-12-01,4441,Building Material and Supplies Dealers,26180.0,True,CENSUS_MRTS,2025-10-25 23:04:12.293595
2017-01-01,4441,Building Material and Supplies Dealers,2.0,True,CENSUS_MRTS,2025-10-25 23:04:12.293595
2017-02-01,4441,Building Material and Supplies Dealers,2.2,True,CENSUS_MRTS,2025-10-25 23:04:12.293595
2017-07-01,4441,Building Material and Supplies Dealers,2.1,True,CENSUS_MRTS,2025-10-25 23:04:12.293595
2017-08-01,4441,Building Material and Supplies Dealers,2.2,True,CENSUS_MRTS,2025-10-25 23:04:12.293595
2017-09-01,4441,Building Material and Supplies Dealers,2.2,True,CENSUS_MRTS,2025-10-25 23:04:12.293595
2017-10-01,4441,Building Material and Supplies Dealers,2.3,True,CENSUS_MRTS,2025-10-25 23:04:12.293595
2017-11-01,4441,Building Material and Supplies Dealers,2.0,True,CENSUS_MRTS,2025-10-25 23:04:12.293595
2017-12-01,4441,Building Material and Supplies Dealers,1.9,True,CENSUS_MRTS,2025-10-25 23:04:12.293595
2017-02-01,4441,Building Material and Supplies Dealers,0.7,True,CENSUS_MRTS,2025-10-25 23:04:12.293595
2017-03-01,4441,Building Material and Supplies Dealers,-1.1,True,CENSUS_MRTS,2025-10-25 23:04:12.293595
2017-04-01,4441,Building Material and Supplies Dealers,0.7,True,CENSUS_MRTS,2025-10-25 23:04:12.293595
2017-05-01,4441,Building Material and Supplies Dealers,-1.0,True,CENSUS_MRTS,2025-10-25 23:04:12.293595
2017-06-01,4441,Building Material and Supplies Dealers,0.4,True,CENSUS_MRTS,2025-10-25 23:04:12.293595
2017-07-01,4441,Building Material and Supplies Dealers,0.2,True,CENSUS_MRTS,2025-10-25 23:04:12.293595
2017-08-01,4441,Building Material and Supplies Dealers,0.2,True,CENSUS_MRTS,2025-10-25 23:04:12.293595
2017-09-01,4441,Building Material and Supplies Dealers,4.7,True,CENSUS_MRTS,2025-10-25 23:04:12.293595
2017-10-01,4441,Building Material and Supplies Dealers,-1.4,True,CENSUS_MRTS,2025-10-25 23:04:12.293595
2017-11-01,4441,Building Material and Supplies Dealers,1.5,True,CENSUS_MRTS,2025-10-25 23:04:12.293595
2017-12-01,4441,Building Material and Supplies Dealers,-0.1,True,CENSUS_MRTS,2025-10-25 23:04:12.293595
2017-01-01,4441,Building Material and Supplies Dealers,0.5,True,CENSUS_MRTS,2025-10-25 23:04:12.293595
2017-02-01,4441,Building Material and Supplies Dealers,0.4,True,CENSUS_MRTS,2025-10-25 23:04:12.293595
2017-03-01,4441,Building Material and Supplies Dealers,0.6,True,CENSUS_MRTS,2025-10-25 23:04:12.293595
2017-04-01,4441,Building Material and Supplies Dealers,0.3,True,CENSUS_MRTS,2025-10-25 23:04:12.293595
2017-05-01,4441,Building Material and Supplies Dealers,0.2,True,CENSUS_MRTS,2025-10-25 23:04:12.293595
2017-06-01,4441,Building Material and Supplies Dealers,0.4,True,CENSUS_MRTS,2025-10-25 23:04:12.293595
2017-07-01,4441,Building Material and Supplies Dealers,0.1,True,CENSUS_MRTS,2025-10-25 23:04:12.293595
2017-08-01,4441,Building Material and Supplies Dealers,0.3,True,CENSUS_MRTS,2025-10-25 23:04:12.293595
2017-09-01,4441,Building Material and Supplies Dealers,0.3,True,CENSUS_MRTS,2025-10-25 23:04:12.293595
2017-10-01,4441,Building Material and Supplies Dealers,0.3,True,CENSUS_MRTS,2025-10-25 23:04:12.293595
2017-11-01,4441,Building Material and Supplies Dealers,0.5,True,CENSUS_MRTS,2025-10-25 23:04:12.293595
2017-12-01,4441,Building Material and Supplies Dealers,0.4,True,CENSUS_MRTS,2025-10-25 23:04:12.293595
2017-01-01,4441,Building Material and Supplies Dealers,20122.0,False,CENSUS_MRTS,2025-10-25 23:04:12.293595
2017-02-01,4441,Building Material and Supplies Dealers,19830.0,False,CENSUS_MRTS,2025-10-25 23:04:12.293595
2017-03-01,4441,Building Material and Supplies Dealers,25051.0,False,CENSUS_MRTS,2025-10-25 23:04:12.293595
2017-04-01,4441,Building Material and Supplies Dealers,25799.0,False,CENSUS_MRTS,2025-10-25 23:04:12.293595
2017-05-01,4441,Building Material and Supplies Dealers,29581.0,False,CENSUS_MRTS,2025-10-25 23:04:12.293595
2017-06-01,4441,Building Material and Supplies Dealers,28657.0,False,CENSUS_MRTS,2025-10-25 23:04:12.293595
2017-07-01,4441,Building Material and Supplies Dealers,26333.0,False,CENSUS_MRTS,2025-10-25 23:04:12.293595
2017-08-01,4441,Building Material and Supplies Dealers,26859.0,False,CENSUS_MRTS,2025-10-25 23:04:12.293595
2017-09-01,4441,Building Material and Supplies Dealers,25856.0,False,CENSUS_MRTS,2025-10-25 23:04:12.293595
2017-10-01,4441,Building Material and Supplies Dealers,26378.0,False,CENSUS_MRTS,2025-10-25 23:04:12.293595
2017-11-01,4441,Building Material and Supplies Dealers,25818.0,False,CENSUS_MRTS,2025-10-25 23:04:12.293595
2017-12-01,4441,Building Material and Supplies Dealers,23326.0,False,CENSUS_MRTS,2025-10-25 23:04:12.293595
2017-01-01,4441,Building Material and Supplies Dealers,2.0,False,CENSUS_MRTS,2025-10-25 23:04:12.293595
2017-02-01,4441,Building Material and Supplies Dealers,2.2,False,CENSUS_MRTS,2025-10-25 23:04:12.293595
2017-03-01,4441,Building Material and Supplies Dealers,2.0,False,CENSUS_MRTS,2025-10-25 23:04:12.293595
2017-04-01,4441,Building Material and Supplies Dealers,2.0,False,CENSUS_MRTS,2025-10-25 23:04:12.293595
2017-05-01,4441,Building Material and Supplies Dealers,2.0,False,CENSUS_MRTS,2025-10-25 23:04:12.293595
2017-06-01,4441,Building Material and Supplies Dealers,2.1,False,CENSUS_MRTS,2025-10-25 23:04:12.293595
2017-07-01,4441,Building Material and Supplies Dealers,2.1,False,CENSUS_MRTS,2025-10-25 23:04:12.293595
2017-08-01,4441,Building Material and Supplies Dealers,2.2,False,CENSUS_MRTS,2025-10-25 23:04:12.293595
2017-09-01,4441,Building Material and Supplies Dealers,2.2,False,CENSUS_MRTS,2025-10-25 23:04:12.293595
2017-10-01,4441,Building Material and Supplies Dealers,2.3,False,CENSUS_MRTS,2025-10-25 23:04:12.293595
2017-03-01,4441,Building Material and Supplies Dealers,2.0,True,CENSUS_MRTS,2025-10-25 23:04:12.293595
2017-04-01,4441,Building Material and Supplies Dealers,2.0,True,CENSUS_MRTS,2025-10-25 23:04:12.293595
2017-05-01,4441,Building Material and Supplies Dealers,2.0,True,CENSUS_MRTS,2025-10-25 23:04:12.293595
2017-06-01,4441,Building Material and Supplies Dealers,2.1,True,CENSUS_MRTS,2025-10-25 23:04:12.293595
2017-11-01,4441,Building Material and Supplies Dealers,2.0,False,CENSUS_MRTS,2025-10-25 23:04:12.293595
2017-12-01,4441,Building Material and Supplies Dealers,1.9,False,CENSUS_MRTS,2025-10-25 23:04:12.293595
2017-01-01,4441,Building Material and Supplies Dealers,25027.0,True,CENSUS_MRTS,2025-10-25 23:04:12.293595
2017-02-01,4441,Building Material and Supplies Dealers,25197.0,True,CENSUS_MRTS,2025-10-25 23:04:12.293595
2017-01-01,4441,Building Material and Supplies Dealers,-11.0,False,CENSUS_MRTS,2025-10-25 23:04:12.293595
2017-02-01,4441,Building Material and Supplies Dealers,-1.5,False,CENSUS_MRTS,2025-10-25 23:04:12.293595
2017-03-01,4441,Building Material and Supplies Dealers,26.3,False,CENSUS_MRTS,2025-10-25 23:04:12.293595
2017-04-01,4441,Building Material and Supplies Dealers,3.0,False,CENSUS_MRTS,2025-10-25 23:04:12.293595
2017-05-01,4441,Building Material and Supplies Dealers,14.7,False,CENSUS_MRTS,2025-10-25 23:04:12.293595
2017-06-01,4441,Building Material and Supplies Dealers,-3.1,False,CENSUS_MRTS,2025-10-25 23:04:12.293595
2017-07-01,4441,Building Material and Supplies Dealers,-8.1,False,CENSUS_MRTS,2025-10-25 23:04:12.293595
2017-08-01,4441,Building Material and Supplies Dealers,2.0,False,CENSUS_MRTS,2025-10-25 23:04:12.293595
2017-09-01,4441,Building Material and Supplies Dealers,-3.7,False,CENSUS_MRTS,2025-10-25 23:04:12.293595
2017-10-01,4441,Building Material and Supplies Dealers,2.0,False,CENSUS_MRTS,2025-10-25 23:04:12.293595
2017-11-01,4441,Building Material and Supplies Dealers,-2.1,False,CENSUS_MRTS,2025-10-25 23:04:12.293595
2017-12-01,4441,Building Material and Supplies Dealers,-9.7,False,CENSUS_MRTS,2025-10-25 23:04:12.293595
2017-01-01,4441,Building Material and Supplies Dealers,0.5,False,CENSUS_MRTS,2025-10-25 23:04:12.293595
2017-02-01,4441,Building Material and Supplies Dealers,0.4,False,CENSUS_MRTS,2025-10-25 23:04:12.293595
2017-03-01,4441,Building Material and Supplies Dealers,0.6,False,CENSUS_MRTS,2025-10-25 23:04:12.293595
2017-04-01,4441,Building Material and Supplies Dealers,0.3,False,CENSUS_MRTS,2025-10-25 23:04:12.293595
2018-01-01,4441,Building Material and Supplies Dealers,-10.0,False,CENSUS_MRTS,2025-10-25 23:04:12.293595
2018-02-01,4441,Building Material and Supplies Dealers,-1.5,False,CENSUS_MRTS,2025-10-25 23:04:12.293595
2018-03-01,4441,Building Material and Supplies Dealers,23.8,False,CENSUS_MRTS,2025-10-25 23:04:12.293595
2018-04-01,4441,Building Material and Supplies Dealers,6.8,False,CENSUS_MRTS,2025-10-25 23:04:12.293595
2018-05-01,4441,Building Material and Supplies Dealers,18.1,False,CENSUS_MRTS,2025-10-25 23:04:12.293595
2018-06-01,4441,Building Material and Supplies Dealers,-5.5,False,CENSUS_MRTS,2025-10-25 23:04:12.293595
2018-07-01,4441,Building Material and Supplies Dealers,-3.0,False,CENSUS_MRTS,2025-10-25 23:04:12.293595
2018-08-01,4441,Building Material and Supplies Dealers,-3.5,False,CENSUS_MRTS,2025-10-25 23:04:12.293595
2018-09-01,4441,Building Material and Supplies Dealers,-9.2,False,CENSUS_MRTS,2025-10-25 23:04:12.293595
2018-10-01,4441,Building Material and Supplies Dealers,9.7,False,CENSUS_MRTS,2025-10-25 23:04:12.293595
2018-11-01,4441,Building Material and Supplies Dealers,-7.4,False,CENSUS_MRTS,2025-10-25 23:04:12.293595
2018-12-01,4441,Building Material and Supplies Dealers,-9.3,False,CENSUS_MRTS,2025-10-25 23:04:12.293595
2018-01-01,4441,Building Material and Supplies Dealers,0.5,False,CENSUS_MRTS,2025-10-25 23:04:12.293595
2018-02-01,4441,Building Material and Supplies Dealers,0.3,False,CENSUS_MRTS,2025-10-25 23:04:12.293595
2018-03-01,4441,Building Material and Supplies Dealers,0.6,False,CENSUS_MRTS,2025-10-25 23:04:12.293595
2018-04-01,4441,Building Material and Supplies Dealers,0.3,False,CENSUS_MRTS,2025-10-25 23:04:12.293595
2018-05-01,4441,Building Material and Supplies Dealers,0.4,False,CENSUS_MRTS,2025-10-25 23:04:12.293595
2018-06-01,4441,Building Material and Supplies Dealers,0.3,False,CENSUS_MRTS,2025-10-25 23:04:12.293595
2018-07-01,4441,Building Material and Supplies Dealers,0.3,False,CENSUS_MRTS,2025-10-25 23:04:12.293595
2018-08-01,4441,Building Material and Supplies Dealers,0.3,False,CENSUS_MRTS,2025-10-25 23:04:12.293595
2018-09-01,4441,Building Material and Supplies Dealers,0.2,False,CENSUS_MRTS,2025-10-25 23:04:12.293595
2018-10-01,4441,Building Material and Supplies Dealers,0.4,False,CENSUS_MRTS,2025-10-25 23:04:12.293595
2018-11-01,4441,Building Material and Supplies Dealers,0.4,False,CENSUS_MRTS,2025-10-25 23:04:12.293595
2018-12-01,4441,Building Material and Supplies Dealers,0.3,False,CENSUS_MRTS,2025-10-25 23:04:12.293595
2018-01-01,4441,Building Material and Supplies Dealers,-2.9,True,CENSUS_MRTS,2025-10-25 23:04:12.293595
2018-02-01,4441,Building Material and Supplies Dealers,2.9,True,CENSUS_MRTS,2025-10-25 23:04:12.293595
2018-03-01,4441,Building Material and Supplies Dealers,-1.2,True,CENSUS_MRTS,2025-10-25 23:04:12.293595
2018-04-01,4441,Building Material and Supplies Dealers,1.6,True,CENSUS_MRTS,2025-10-25 23:04:12.293595
2018-05-01,4441,Building Material and Supplies Dealers,2.4,True,CENSUS_MRTS,2025-10-25 23:04:12.293595
2018-06-01,4441,Building Material and Supplies Dealers,1.7,True,CENSUS_MRTS,2025-10-25 23:04:12.293595
2018-07-01,4441,Building Material and Supplies Dealers,0.3,True,CENSUS_MRTS,2025-10-25 23:04:12.293595
2018-08-01,4441,Building Material and Supplies Dealers,-2.1,True,CENSUS_MRTS,2025-10-25 23:04:12.293595
2018-09-01,4441,Building Material and Supplies Dealers,0.3,True,CENSUS_MRTS,2025-10-25 23:04:12.293595
2018-10-01,4441,Building Material and Supplies Dealers,1.2,True,CENSUS_MRTS,2025-10-25 23:04:12.293595
2018-11-01,4441,Building Material and Supplies Dealers,-1.6,True,CENSUS_MRTS,2025-10-25 23:04:12.293595
2018-12-01,4441,Building Material and Supplies Dealers,0.0,True,CENSUS_MRTS,2025-10-25 23:04:12.293595
2018-01-01,4441,Building Material and Supplies Dealers,0.5,True,CENSUS_MRTS,2025-10-25 23:04:12.293595
2018-02-01,4441,Building Material and Supplies Dealers,0.3,True,CENSUS_MRTS,2025-10-25 23:04:12.293595
2018-03-01,4441,Building Material and Supplies Dealers,0.6,True,CENSUS_MRTS,2025-10-25 23:04:12.293595
2018-04-01,4441,Building Material and Supplies Dealers,0.3,True,CENSUS_MRTS,2025-10-25 23:04:12.293595
2018-05-01,4441,Building Material and Supplies Dealers,0.4,True,CENSUS_MRTS,2025-10-25 23:04:12.293595
2018-06-01,4441,Building Material and Supplies Dealers,0.3,True,CENSUS_MRTS,2025-10-25 23:04:12.293595
2018-07-01,4441,Building Material and Supplies Dealers,0.3,True,CENSUS_MRTS,2025-10-25 23:04:12.293595
2018-08-01,4441,Building Material and Supplies Dealers,0.3,True,CENSUS_MRTS,2025-10-25 23:04:12.293595
2018-09-01,4441,Building Material and Supplies Dealers,0.2,True,CENSUS_MRTS,2025-10-25 23:04:12.293595
2018-10-01,4441,Building Material and Supplies Dealers,0.4,True,CENSUS_MRTS,2025-10-25 23:04:12.293595
2018-11-01,4441,Building Material and Supplies Dealers,0.4,True,CENSUS_MRTS,2025-10-25 23:04:12.293595
2018-12-01,4441,Building Material and Supplies Dealers,0.3,True,CENSUS_MRTS,2025-10-25 23:04:12.293595
2018-01-01,4441,Building Material and Supplies Dealers,2.0,False,CENSUS_MRTS,2025-10-25 23:04:12.293595
2018-02-01,4441,Building Material and Supplies Dealers,2.0,False,CENSUS_MRTS,2025-10-25 23:04:12.293595
2018-03-01,4441,Building Material and Supplies Dealers,1.2,False,CENSUS_MRTS,2025-10-25 23:04:12.293595
2018-04-01,4441,Building Material and Supplies Dealers,1.2,False,CENSUS_MRTS,2025-10-25 23:04:12.293595
2018-05-01,4441,Building Material and Supplies Dealers,1.2,False,CENSUS_MRTS,2025-10-25 23:04:12.293595
2018-06-01,4441,Building Material and Supplies Dealers,1.4,False,CENSUS_MRTS,2025-10-25 23:04:12.293595
2018-07-01,4441,Building Material and Supplies Dealers,1.4,False,CENSUS_MRTS,2025-10-25 23:04:12.293595
2018-08-01,4441,Building Material and Supplies Dealers,1.5,False,CENSUS_MRTS,2025-10-25 23:04:12.293595
2018-09-01,4441,Building Material and Supplies Dealers,1.5,False,CENSUS_MRTS,2025-10-25 23:04:12.293595
2018-10-01,4441,Building Material and Supplies Dealers,1.7,False,CENSUS_MRTS,2025-10-25 23:04:12.293595
2018-11-01,4441,Building Material and Supplies Dealers,1.4,False,CENSUS_MRTS,2025-10-25 23:04:12.293595
2018-12-01,4441,Building Material and Supplies Dealers,1.4,False,CENSUS_MRTS,2025-10-25 23:04:12.293595
2018-01-01,4441,Building Material and Supplies Dealers,25409.0,True,CENSUS_MRTS,2025-10-25 23:04:12.293595
2018-02-01,4441,Building Material and Supplies Dealers,26143.0,True,CENSUS_MRTS,2025-10-25 23:04:12.293595
2018-03-01,4441,Building Material and Supplies Dealers,25837.0,True,CENSUS_MRTS,2025-10-25 23:04:12.293595
2018-04-01,4441,Building Material and Supplies Dealers,26251.0,True,CENSUS_MRTS,2025-10-25 23:04:12.293595
2018-05-01,4441,Building Material and Supplies Dealers,26874.0,True,CENSUS_MRTS,2025-10-25 23:04:12.293595
2018-06-01,4441,Building Material and Supplies Dealers,27330.0,True,CENSUS_MRTS,2025-10-25 23:04:12.293595
2018-07-01,4441,Building Material and Supplies Dealers,27419.0,True,CENSUS_MRTS,2025-10-25 23:04:12.293595
2018-08-01,4441,Building Material and Supplies Dealers,26856.0,True,CENSUS_MRTS,2025-10-25 23:04:12.293595
2018-09-01,4441,Building Material and Supplies Dealers,26949.0,True,CENSUS_MRTS,2025-10-25 23:04:12.293595
2018-10-01,4441,Building Material and Supplies Dealers,27260.0,True,CENSUS_MRTS,2025-10-25 23:04:12.293595
2018-11-01,4441,Building Material and Supplies Dealers,26811.0,True,CENSUS_MRTS,2025-10-25 23:04:12.293595
2018-12-01,4441,Building Material and Supplies Dealers,26820.0,True,CENSUS_MRTS,2025-10-25 23:04:12.293595
2018-01-01,4441,Building Material and Supplies Dealers,2.0,True,CENSUS_MRTS,2025-10-25 23:04:12.293595
2018-02-01,4441,Building Material and Supplies Dealers,2.0,True,CENSUS_MRTS,2025-10-25 23:04:12.293595
2018-03-01,4441,Building Material and Supplies Dealers,1.2,True,CENSUS_MRTS,2025-10-25 23:04:12.293595
2018-04-01,4441,Building Material and Supplies Dealers,1.2,True,CENSUS_MRTS,2025-10-25 23:04:12.293595
2018-05-01,4441,Building Material and Supplies Dealers,1.2,True,CENSUS_MRTS,2025-10-25 23:04:12.293595
2018-06-01,4441,Building Material and Supplies Dealers,1.4,True,CENSUS_MRTS,2025-10-25 23:04:12.293595
2018-07-01,4441,Building Material and Supplies Dealers,1.4,True,CENSUS_MRTS,2025-10-25 23:04:12.293595
2018-08-01,4441,Building Material and Supplies Dealers,1.5,True,CENSUS_MRTS,2025-10-25 23:04:12.293595
2018-09-01,4441,Building Material and Supplies Dealers,1.5,True,CENSUS_MRTS,2025-10-25 23:04:12.293595
2018-10-01,4441,Building Material and Supplies Dealers,1.7,True,CENSUS_MRTS,2025-10-25 23:04:12.293595
2018-11-01,4441,Building Material and Supplies Dealers,1.4,True,CENSUS_MRTS,2025-10-25 23:04:12.293595
2018-12-01,4441,Building Material and Supplies Dealers,1.4,True,CENSUS_MRTS,2025-10-25 23:04:12.293595
2018-01-01,4441,Building Material and Supplies Dealers,20988.0,False,CENSUS_MRTS,2025-10-25 23:04:12.293595
2018-02-01,4441,Building Material and Supplies Dealers,20679.0,False,CENSUS_MRTS,2025-10-25 23:04:12.293595
2018-03-01,4441,Building Material and Supplies Dealers,25604.0,False,CENSUS_MRTS,2025-10-25 23:04:12.293595
2018-04-01,4441,Building Material and Supplies Dealers,27354.0,False,CENSUS_MRTS,2025-10-25 23:04:12.293595
2018-05-01,4441,Building Material and Supplies Dealers,32302.0,False,CENSUS_MRTS,2025-10-25 23:04:12.293595
2018-06-01,4441,Building Material and Supplies Dealers,30528.0,False,CENSUS_MRTS,2025-10-25 23:04:12.293595
2018-07-01,4441,Building Material and Supplies Dealers,29612.0,False,CENSUS_MRTS,2025-10-25 23:04:12.293595
2018-08-01,4441,Building Material and Supplies Dealers,28575.0,False,CENSUS_MRTS,2025-10-25 23:04:12.293595
2018-09-01,4441,Building Material and Supplies Dealers,25952.0,False,CENSUS_MRTS,2025-10-25 23:04:12.293595
2018-10-01,4441,Building Material and Supplies Dealers,28459.0,False,CENSUS_MRTS,2025-10-25 23:04:12.293595
2018-11-01,4441,Building Material and Supplies Dealers,26355.0,False,CENSUS_MRTS,2025-10-25 23:04:12.293595
2018-12-01,4441,Building Material and Supplies Dealers,23897.0,False,CENSUS_MRTS,2025-10-25 23:04:12.293595
2021-05-01,4441,Building Material and Supplies Dealers,39559.0,False,CENSUS_MRTS,2025-10-25 23:04:12.293595
2021-11-01,4441,Building Material and Supplies Dealers,34982.0,False,CENSUS_MRTS,2025-10-25 23:04:12.293595
2021-04-01,4441,Building Material and Supplies Dealers,2.1,False,CENSUS_MRTS,2025-10-25 23:04:12.293595
2021-10-01,4441,Building Material and Supplies Dealers,2.4,False,CENSUS_MRTS,2025-10-25 23:04:12.293595
2021-04-01,4441,Building Material and Supplies Dealers,36582.0,True,CENSUS_MRTS,2025-10-25 23:04:12.293595
2021-10-01,4441,Building Material and Supplies Dealers,34477.0,True,CENSUS_MRTS,2025-10-25 23:04:12.293595
2019-01-01,4441,Building Material and Supplies Dealers,-2.3,False,CENSUS_MRTS,2025-10-25 23:04:12.293595
2019-02-01,4441,Building Material and Supplies Dealers,-10.2,False,CENSUS_MRTS,2025-10-25 23:04:12.293595
2019-03-01,4441,Building Material and Supplies Dealers,23.0,False,CENSUS_MRTS,2025-10-25 23:04:12.293595
2019-04-01,4441,Building Material and Supplies Dealers,13.0,False,CENSUS_MRTS,2025-10-25 23:04:12.293595
2019-05-01,4441,Building Material and Supplies Dealers,10.2,False,CENSUS_MRTS,2025-10-25 23:04:12.293595
2019-06-01,4441,Building Material and Supplies Dealers,-9.2,False,CENSUS_MRTS,2025-10-25 23:04:12.293595
2019-07-01,4441,Building Material and Supplies Dealers,2.1,False,CENSUS_MRTS,2025-10-25 23:04:12.293595
2019-08-01,4441,Building Material and Supplies Dealers,-3.5,False,CENSUS_MRTS,2025-10-25 23:04:12.293595
2019-11-01,4441,Building Material and Supplies Dealers,-8.8,False,CENSUS_MRTS,2025-10-25 23:04:12.293595
2019-12-01,4441,Building Material and Supplies Dealers,-4.9,False,CENSUS_MRTS,2025-10-25 23:04:12.293595
2019-01-01,4441,Building Material and Supplies Dealers,0.4,False,CENSUS_MRTS,2025-10-25 23:04:12.293595
2019-02-01,4441,Building Material and Supplies Dealers,0.3,False,CENSUS_MRTS,2025-10-25 23:04:12.293595
2019-03-01,4441,Building Material and Supplies Dealers,0.5,False,CENSUS_MRTS,2025-10-25 23:04:12.293595
2019-04-01,4441,Building Material and Supplies Dealers,0.5,False,CENSUS_MRTS,2025-10-25 23:04:12.293595
2019-05-01,4441,Building Material and Supplies Dealers,0.4,False,CENSUS_MRTS,2025-10-25 23:04:12.293595
2019-06-01,4441,Building Material and Supplies Dealers,0.4,False,CENSUS_MRTS,2025-10-25 23:04:12.293595
2019-07-01,4441,Building Material and Supplies Dealers,0.3,False,CENSUS_MRTS,2025-10-25 23:04:12.293595
2019-08-01,4441,Building Material and Supplies Dealers,0.3,False,CENSUS_MRTS,2025-10-25 23:04:12.293595
2019-09-01,4441,Building Material and Supplies Dealers,0.2,False,CENSUS_MRTS,2025-10-25 23:04:12.293595
2019-10-01,4441,Building Material and Supplies Dealers,0.3,False,CENSUS_MRTS,2025-10-25 23:04:12.293595
2019-11-01,4441,Building Material and Supplies Dealers,0.4,False,CENSUS_MRTS,2025-10-25 23:04:12.293595
2019-12-01,4441,Building Material and Supplies Dealers,0.4,False,CENSUS_MRTS,2025-10-25 23:04:12.293595
2019-01-01,4441,Building Material and Supplies Dealers,3.5,True,CENSUS_MRTS,2025-10-25 23:04:12.293595
2019-02-01,4441,Building Material and Supplies Dealers,-4.8,True,CENSUS_MRTS,2025-10-25 23:04:12.293595
2019-03-01,4441,Building Material and Supplies Dealers,1.5,True,CENSUS_MRTS,2025-10-25 23:04:12.293595
2019-04-01,4441,Building Material and Supplies Dealers,1.0,True,CENSUS_MRTS,2025-10-25 23:04:12.293595
2019-05-01,4441,Building Material and Supplies Dealers,-0.5,True,CENSUS_MRTS,2025-10-25 23:04:12.293595
2019-06-01,4441,Building Material and Supplies Dealers,-0.8,True,CENSUS_MRTS,2025-10-25 23:04:12.293595
2019-07-01,4441,Building Material and Supplies Dealers,1.0,True,CENSUS_MRTS,2025-10-25 23:04:12.293595
2019-08-01,4441,Building Material and Supplies Dealers,1.3,True,CENSUS_MRTS,2025-10-25 23:04:12.293595
2019-09-01,4441,Building Material and Supplies Dealers,-1.3,True,CENSUS_MRTS,2025-10-25 23:04:12.293595
2019-10-01,4441,Building Material and Supplies Dealers,-0.5,True,CENSUS_MRTS,2025-10-25 23:04:12.293595
2019-11-01,4441,Building Material and Supplies Dealers,-0.3,True,CENSUS_MRTS,2025-10-25 23:04:12.293595
2019-12-01,4441,Building Material and Supplies Dealers,2.2,True,CENSUS_MRTS,2025-10-25 23:04:12.293595
2019-01-01,4441,Building Material and Supplies Dealers,0.4,True,CENSUS_MRTS,2025-10-25 23:04:12.293595
2019-02-01,4441,Building Material and Supplies Dealers,0.3,True,CENSUS_MRTS,2025-10-25 23:04:12.293595
2019-03-01,4441,Building Material and Supplies Dealers,0.5,True,CENSUS_MRTS,2025-10-25 23:04:12.293595
2019-04-01,4441,Building Material and Supplies Dealers,0.5,True,CENSUS_MRTS,2025-10-25 23:04:12.293595
2019-05-01,4441,Building Material and Supplies Dealers,0.4,True,CENSUS_MRTS,2025-10-25 23:04:12.293595
2019-06-01,4441,Building Material and Supplies Dealers,0.4,True,CENSUS_MRTS,2025-10-25 23:04:12.293595
2019-07-01,4441,Building Material and Supplies Dealers,0.3,True,CENSUS_MRTS,2025-10-25 23:04:12.293595
2019-08-01,4441,Building Material and Supplies Dealers,0.3,True,CENSUS_MRTS,2025-10-25 23:04:12.293595
2019-09-01,4441,Building Material and Supplies Dealers,0.2,True,CENSUS_MRTS,2025-10-25 23:04:12.293595
2019-10-01,4441,Building Material and Supplies Dealers,0.3,True,CENSUS_MRTS,2025-10-25 23:04:12.293595
2019-11-01,4441,Building Material and Supplies Dealers,0.4,True,CENSUS_MRTS,2025-10-25 23:04:12.293595
2019-12-01,4441,Building Material and Supplies Dealers,0.4,True,CENSUS_MRTS,2025-10-25 23:04:12.293595
2019-01-01,4441,Building Material and Supplies Dealers,23347.0,False,CENSUS_MRTS,2025-10-25 23:04:12.293595
2019-02-01,4441,Building Material and Supplies Dealers,20961.0,False,CENSUS_MRTS,2025-10-25 23:04:12.293595
2019-03-01,4441,Building Material and Supplies Dealers,25786.0,False,CENSUS_MRTS,2025-10-25 23:04:12.293595
2019-04-01,4441,Building Material and Supplies Dealers,29138.0,False,CENSUS_MRTS,2025-10-25 23:04:12.293595
2019-05-01,4441,Building Material and Supplies Dealers,32109.0,False,CENSUS_MRTS,2025-10-25 23:04:12.293595
2019-06-01,4441,Building Material and Supplies Dealers,29159.0,False,CENSUS_MRTS,2025-10-25 23:04:12.293595
2019-07-01,4441,Building Material and Supplies Dealers,29776.0,False,CENSUS_MRTS,2025-10-25 23:04:12.293595
2019-08-01,4441,Building Material and Supplies Dealers,28726.0,False,CENSUS_MRTS,2025-10-25 23:04:12.293595
2019-09-01,4441,Building Material and Supplies Dealers,26452.0,False,CENSUS_MRTS,2025-10-25 23:04:12.293595
2019-10-01,4441,Building Material and Supplies Dealers,28465.0,False,CENSUS_MRTS,2025-10-25 23:04:12.293595
2019-11-01,4441,Building Material and Supplies Dealers,25961.0,False,CENSUS_MRTS,2025-10-25 23:04:12.293595
2019-12-01,4441,Building Material and Supplies Dealers,24699.0,False,CENSUS_MRTS,2025-10-25 23:04:12.293595
2019-01-01,4441,Building Material and Supplies Dealers,1.5,False,CENSUS_MRTS,2025-10-25 23:04:12.293595
2019-02-01,4441,Building Material and Supplies Dealers,1.4,False,CENSUS_MRTS,2025-10-25 23:04:12.293595
2019-03-01,4441,Building Material and Supplies Dealers,1.2,False,CENSUS_MRTS,2025-10-25 23:04:12.293595
2019-04-01,4441,Building Material and Supplies Dealers,1.1,False,CENSUS_MRTS,2025-10-25 23:04:12.293595
2019-05-01,4441,Building Material and Supplies Dealers,1.3,False,CENSUS_MRTS,2025-10-25 23:04:12.293595
2019-06-01,4441,Building Material and Supplies Dealers,1.3,False,CENSUS_MRTS,2025-10-25 23:04:12.293595
2019-07-01,4441,Building Material and Supplies Dealers,1.5,False,CENSUS_MRTS,2025-10-25 23:04:12.293595
2019-08-01,4441,Building Material and Supplies Dealers,1.5,False,CENSUS_MRTS,2025-10-25 23:04:12.293595
2019-09-01,4441,Building Material and Supplies Dealers,1.5,False,CENSUS_MRTS,2025-10-25 23:04:12.293595
2019-10-01,4441,Building Material and Supplies Dealers,1.6,False,CENSUS_MRTS,2025-10-25 23:04:12.293595
2019-11-01,4441,Building Material and Supplies Dealers,1.4,False,CENSUS_MRTS,2025-10-25 23:04:12.293595
2019-12-01,4441,Building Material and Supplies Dealers,1.4,False,CENSUS_MRTS,2025-10-25 23:04:12.293595
2019-01-01,4441,Building Material and Supplies Dealers,27761.0,True,CENSUS_MRTS,2025-10-25 23:04:12.293595
2019-02-01,4441,Building Material and Supplies Dealers,26433.0,True,CENSUS_MRTS,2025-10-25 23:04:12.293595
2019-03-01,4441,Building Material and Supplies Dealers,26832.0,True,CENSUS_MRTS,2025-10-25 23:04:12.293595
2019-04-01,4441,Building Material and Supplies Dealers,27105.0,True,CENSUS_MRTS,2025-10-25 23:04:12.293595
2019-05-01,4441,Building Material and Supplies Dealers,26982.0,True,CENSUS_MRTS,2025-10-25 23:04:12.293595
2019-06-01,4441,Building Material and Supplies Dealers,26776.0,True,CENSUS_MRTS,2025-10-25 23:04:12.293595
2019-09-01,4441,Building Material and Supplies Dealers,-7.9,False,CENSUS_MRTS,2025-10-25 23:04:12.293595
2019-10-01,4441,Building Material and Supplies Dealers,7.6,False,CENSUS_MRTS,2025-10-25 23:04:12.293595
2019-07-01,4441,Building Material and Supplies Dealers,27045.0,True,CENSUS_MRTS,2025-10-25 23:04:12.293595
2019-08-01,4441,Building Material and Supplies Dealers,27410.0,True,CENSUS_MRTS,2025-10-25 23:04:12.293595
2019-09-01,4441,Building Material and Supplies Dealers,27047.0,True,CENSUS_MRTS,2025-10-25 23:04:12.293595
2019-10-01,4441,Building Material and Supplies Dealers,26905.0,True,CENSUS_MRTS,2025-10-25 23:04:12.293595
2019-11-01,4441,Building Material and Supplies Dealers,26819.0,True,CENSUS_MRTS,2025-10-25 23:04:12.293595
2019-12-01,4441,Building Material and Supplies Dealers,27413.0,True,CENSUS_MRTS,2025-10-25 23:04:12.293595
2019-01-01,4441,Building Material and Supplies Dealers,1.5,True,CENSUS_MRTS,2025-10-25 23:04:12.293595
2019-02-01,4441,Building Material and Supplies Dealers,1.4,True,CENSUS_MRTS,2025-10-25 23:04:12.293595
2019-03-01,4441,Building Material and Supplies Dealers,1.2,True,CENSUS_MRTS,2025-10-25 23:04:12.293595
2019-04-01,4441,Building Material and Supplies Dealers,1.1,True,CENSUS_MRTS,2025-10-25 23:04:12.293595
2019-05-01,4441,Building Material and Supplies Dealers,1.3,True,CENSUS_MRTS,2025-10-25 23:04:12.293595
2019-06-01,4441,Building Material and Supplies Dealers,1.3,True,CENSUS_MRTS,2025-10-25 23:04:12.293595
2019-07-01,4441,Building Material and Supplies Dealers,1.5,True,CENSUS_MRTS,2025-10-25 23:04:12.293595
2019-08-01,4441,Building Material and Supplies Dealers,1.5,True,CENSUS_MRTS,2025-10-25 23:04:12.293595
2019-09-01,4441,Building Material and Supplies Dealers,1.5,True,CENSUS_MRTS,2025-10-25 23:04:12.293595
2019-10-01,4441,Building Material and Supplies Dealers,1.6,True,CENSUS_MRTS,2025-10-25 23:04:12.293595
2019-11-01,4441,Building Material and Supplies Dealers,1.4,True,CENSUS_MRTS,2025-10-25 23:04:12.293595
2019-12-01,4441,Building Material and Supplies Dealers,1.4,True,CENSUS_MRTS,2025-10-25 23:04:12.293595
2020-01-01,4441,Building Material and Supplies Dealers,-5.3,False,CENSUS_MRTS,2025-10-25 23:04:12.293595
2020-02-01,4441,Building Material and Supplies Dealers,-3.0,False,CENSUS_MRTS,2025-10-25 23:04:12.293595
2020-03-01,4441,Building Material and Supplies Dealers,21.6,False,CENSUS_MRTS,2025-10-25 23:04:12.293595
2020-04-01,4441,Building Material and Supplies Dealers,7.1,False,CENSUS_MRTS,2025-10-25 23:04:12.293595
2020-05-01,4441,Building Material and Supplies Dealers,20.0,False,CENSUS_MRTS,2025-10-25 23:04:12.293595
2020-06-01,4441,Building Material and Supplies Dealers,1.1,False,CENSUS_MRTS,2025-10-25 23:04:12.293595
2020-07-01,4441,Building Material and Supplies Dealers,-4.4,False,CENSUS_MRTS,2025-10-25 23:04:12.293595
2020-08-01,4441,Building Material and Supplies Dealers,-6.3,False,CENSUS_MRTS,2025-10-25 23:04:12.293595
2020-09-01,4441,Building Material and Supplies Dealers,0.2,False,CENSUS_MRTS,2025-10-25 23:04:12.293595
2020-10-01,4441,Building Material and Supplies Dealers,1.1,False,CENSUS_MRTS,2025-10-25 23:04:12.293595
2020-11-01,4441,Building Material and Supplies Dealers,-7.1,False,CENSUS_MRTS,2025-10-25 23:04:12.293595
2020-12-01,4441,Building Material and Supplies Dealers,-1.6,False,CENSUS_MRTS,2025-10-25 23:04:12.293595
2020-01-01,4441,Building Material and Supplies Dealers,0.4,False,CENSUS_MRTS,2025-10-25 23:04:12.293595
2020-02-01,4441,Building Material and Supplies Dealers,0.3,False,CENSUS_MRTS,2025-10-25 23:04:12.293595
2020-03-01,4441,Building Material and Supplies Dealers,0.3,False,CENSUS_MRTS,2025-10-25 23:04:12.293595
2020-04-01,4441,Building Material and Supplies Dealers,0.7,False,CENSUS_MRTS,2025-10-25 23:04:12.293595
2020-05-01,4441,Building Material and Supplies Dealers,0.5,False,CENSUS_MRTS,2025-10-25 23:04:12.293595
2020-06-01,4441,Building Material and Supplies Dealers,0.5,False,CENSUS_MRTS,2025-10-25 23:04:12.293595
2020-07-01,4441,Building Material and Supplies Dealers,0.2,False,CENSUS_MRTS,2025-10-25 23:04:12.293595
2020-08-01,4441,Building Material and Supplies Dealers,0.3,False,CENSUS_MRTS,2025-10-25 23:04:12.293595
2020-09-01,4441,Building Material and Supplies Dealers,0.3,False,CENSUS_MRTS,2025-10-25 23:04:12.293595
2020-10-01,4441,Building Material and Supplies Dealers,0.3,False,CENSUS_MRTS,2025-10-25 23:04:12.293595
2020-11-01,4441,Building Material and Supplies Dealers,0.3,False,CENSUS_MRTS,2025-10-25 23:04:12.293595
2020-12-01,4441,Building Material and Supplies Dealers,0.3,False,CENSUS_MRTS,2025-10-25 23:04:12.293595
2020-01-01,4441,Building Material and Supplies Dealers,1.8,True,CENSUS_MRTS,2025-10-25 23:04:12.293595
2020-02-01,4441,Building Material and Supplies Dealers,0.1,True,CENSUS_MRTS,2025-10-25 23:04:12.293595
2020-03-01,4441,Building Material and Supplies Dealers,-0.1,True,CENSUS_MRTS,2025-10-25 23:04:12.293595
2020-04-01,4441,Building Material and Supplies Dealers,-1.7,True,CENSUS_MRTS,2025-10-25 23:04:12.293595
2020-05-01,4441,Building Material and Supplies Dealers,14.1,True,CENSUS_MRTS,2025-10-25 23:04:12.293595
2020-06-01,4441,Building Material and Supplies Dealers,0.8,True,CENSUS_MRTS,2025-10-25 23:04:12.293595
2020-07-01,4441,Building Material and Supplies Dealers,-1.2,True,CENSUS_MRTS,2025-10-25 23:04:12.293595
2020-08-01,4441,Building Material and Supplies Dealers,1.4,True,CENSUS_MRTS,2025-10-25 23:04:12.293595
2020-09-01,4441,Building Material and Supplies Dealers,0.7,True,CENSUS_MRTS,2025-10-25 23:04:12.293595
2020-10-01,4441,Building Material and Supplies Dealers,-1.1,True,CENSUS_MRTS,2025-10-25 23:04:12.293595
2020-11-01,4441,Building Material and Supplies Dealers,0.6,True,CENSUS_MRTS,2025-10-25 23:04:12.293595
2020-12-01,4441,Building Material and Supplies Dealers,0.0,True,CENSUS_MRTS,2025-10-25 23:04:12.293595
2020-01-01,4441,Building Material and Supplies Dealers,0.4,True,CENSUS_MRTS,2025-10-25 23:04:12.293595
2020-02-01,4441,Building Material and Supplies Dealers,0.3,True,CENSUS_MRTS,2025-10-25 23:04:12.293595
2020-03-01,4441,Building Material and Supplies Dealers,0.3,True,CENSUS_MRTS,2025-10-25 23:04:12.293595
2020-04-01,4441,Building Material and Supplies Dealers,0.7,True,CENSUS_MRTS,2025-10-25 23:04:12.293595
2020-05-01,4441,Building Material and Supplies Dealers,0.5,True,CENSUS_MRTS,2025-10-25 23:04:12.293595
2020-06-01,4441,Building Material and Supplies Dealers,0.5,True,CENSUS_MRTS,2025-10-25 23:04:12.293595
2020-07-01,4441,Building Material and Supplies Dealers,0.2,True,CENSUS_MRTS,2025-10-25 23:04:12.293595
2020-08-01,4441,Building Material and Supplies Dealers,0.3,True,CENSUS_MRTS,2025-10-25 23:04:12.293595
2020-09-01,4441,Building Material and Supplies Dealers,0.3,True,CENSUS_MRTS,2025-10-25 23:04:12.293595
2020-10-01,4441,Building Material and Supplies Dealers,0.3,True,CENSUS_MRTS,2025-10-25 23:04:12.293595
2020-11-01,4441,Building Material and Supplies Dealers,0.3,True,CENSUS_MRTS,2025-10-25 23:04:12.293595
2020-12-01,4441,Building Material and Supplies Dealers,0.3,True,CENSUS_MRTS,2025-10-25 23:04:12.293595
2020-01-01,4441,Building Material and Supplies Dealers,23386.0,False,CENSUS_MRTS,2025-10-25 23:04:12.293595
2020-02-01,4441,Building Material and Supplies Dealers,22685.0,False,CENSUS_MRTS,2025-10-25 23:04:12.293595
2020-03-01,4441,Building Material and Supplies Dealers,27577.0,False,CENSUS_MRTS,2025-10-25 23:04:12.293595
2020-04-01,4441,Building Material and Supplies Dealers,29547.0,False,CENSUS_MRTS,2025-10-25 23:04:12.293595
2020-05-01,4441,Building Material and Supplies Dealers,35445.0,False,CENSUS_MRTS,2025-10-25 23:04:12.293595
2020-06-01,4441,Building Material and Supplies Dealers,35850.0,False,CENSUS_MRTS,2025-10-25 23:04:12.293595
2020-07-01,4441,Building Material and Supplies Dealers,34261.0,False,CENSUS_MRTS,2025-10-25 23:04:12.293595
2020-08-01,4441,Building Material and Supplies Dealers,32095.0,False,CENSUS_MRTS,2025-10-25 23:04:12.293595
2020-09-01,4441,Building Material and Supplies Dealers,32156.0,False,CENSUS_MRTS,2025-10-25 23:04:12.293595
2020-10-01,4441,Building Material and Supplies Dealers,32513.0,False,CENSUS_MRTS,2025-10-25 23:04:12.293595
2020-11-01,4441,Building Material and Supplies Dealers,30204.0,False,CENSUS_MRTS,2025-10-25 23:04:12.293595
2020-12-01,4441,Building Material and Supplies Dealers,29708.0,False,CENSUS_MRTS,2025-10-25 23:04:12.293595
2020-01-01,4441,Building Material and Supplies Dealers,1.5,False,CENSUS_MRTS,2025-10-25 23:04:12.293595
2020-02-01,4441,Building Material and Supplies Dealers,1.5,False,CENSUS_MRTS,2025-10-25 23:04:12.293595
2020-03-01,4441,Building Material and Supplies Dealers,1.4,False,CENSUS_MRTS,2025-10-25 23:04:12.293595
2020-04-01,4441,Building Material and Supplies Dealers,1.4,False,CENSUS_MRTS,2025-10-25 23:04:12.293595
2020-05-01,4441,Building Material and Supplies Dealers,1.3,False,CENSUS_MRTS,2025-10-25 23:04:12.293595
2020-06-01,4441,Building Material and Supplies Dealers,1.5,False,CENSUS_MRTS,2025-10-25 23:04:12.293595
2020-07-01,4441,Building Material and Supplies Dealers,1.6,False,CENSUS_MRTS,2025-10-25 23:04:12.293595
2020-08-01,4441,Building Material and Supplies Dealers,1.7,False,CENSUS_MRTS,2025-10-25 23:04:12.293595
2020-09-01,4441,Building Material and Supplies Dealers,1.9,False,CENSUS_MRTS,2025-10-25 23:04:12.293595
2020-10-01,4441,Building Material and Supplies Dealers,1.9,False,CENSUS_MRTS,2025-10-25 23:04:12.293595
2020-11-01,4441,Building Material and Supplies Dealers,1.9,False,CENSUS_MRTS,2025-10-25 23:04:12.293595
2020-12-01,4441,Building Material and Supplies Dealers,1.9,False,CENSUS_MRTS,2025-10-25 23:04:12.293595
2020-01-01,4441,Building Material and Supplies Dealers,27907.0,True,CENSUS_MRTS,2025-10-25 23:04:12.293595
2020-02-01,4441,Building Material and Supplies Dealers,27937.0,True,CENSUS_MRTS,2025-10-25 23:04:12.293595
2020-03-01,4441,Building Material and Supplies Dealers,27912.0,True,CENSUS_MRTS,2025-10-25 23:04:12.293595
2020-04-01,4441,Building Material and Supplies Dealers,27435.0,True,CENSUS_MRTS,2025-10-25 23:04:12.293595
2020-05-01,4441,Building Material and Supplies Dealers,31312.0,True,CENSUS_MRTS,2025-10-25 23:04:12.293595
2020-06-01,4441,Building Material and Supplies Dealers,31558.0,True,CENSUS_MRTS,2025-10-25 23:04:12.293595
2020-07-01,4441,Building Material and Supplies Dealers,31175.0,True,CENSUS_MRTS,2025-10-25 23:04:12.293595
2020-08-01,4441,Building Material and Supplies Dealers,31621.0,True,CENSUS_MRTS,2025-10-25 23:04:12.293595
2020-09-01,4441,Building Material and Supplies Dealers,31838.0,True,CENSUS_MRTS,2025-10-25 23:04:12.293595
2020-10-01,4441,Building Material and Supplies Dealers,31474.0,True,CENSUS_MRTS,2025-10-25 23:04:12.293595
2020-11-01,4441,Building Material and Supplies Dealers,31660.0,True,CENSUS_MRTS,2025-10-25 23:04:12.293595
2020-12-01,4441,Building Material and Supplies Dealers,31672.0,True,CENSUS_MRTS,2025-10-25 23:04:12.293595
2020-01-01,4441,Building Material and Supplies Dealers,1.5,True,CENSUS_MRTS,2025-10-25 23:04:12.293595
2020-02-01,4441,Building Material and Supplies Dealers,1.5,True,CENSUS_MRTS,2025-10-25 23:04:12.293595
2020-03-01,4441,Building Material and Supplies Dealers,1.4,True,CENSUS_MRTS,2025-10-25 23:04:12.293595
2020-04-01,4441,Building Material and Supplies Dealers,1.4,True,CENSUS_MRTS,2025-10-25 23:04:12.293595
2020-05-01,4441,Building Material and Supplies Dealers,1.3,True,CENSUS_MRTS,2025-10-25 23:04:12.293595
2020-06-01,4441,Building Material and Supplies Dealers,1.5,True,CENSUS_MRTS,2025-10-25 23:04:12.293595
2020-07-01,4441,Building Material and Supplies Dealers,1.6,True,CENSUS_MRTS,2025-10-25 23:04:12.293595
2020-08-01,4441,Building Material and Supplies Dealers,1.7,True,CENSUS_MRTS,2025-10-25 23:04:12.293595
2020-09-01,4441,Building Material and Supplies Dealers,1.9,True,CENSUS_MRTS,2025-10-25 23:04:12.293595
2020-10-01,4441,Building Material and Supplies Dealers,1.9,True,CENSUS_MRTS,2025-10-25 23:04:12.293595
2020-11-01,4441,Building Material and Supplies Dealers,1.9,True,CENSUS_MRTS,2025-10-25 23:04:12.293595
2020-12-01,4441,Building Material and Supplies Dealers,1.9,True,CENSUS_MRTS,2025-10-25 23:04:12.293595
2021-01-01,4441,Building Material and Supplies Dealers,-10.2,False,CENSUS_MRTS,2025-10-25 23:04:12.293595
2021-02-01,4441,Building Material and Supplies Dealers,-5.4,False,CENSUS_MRTS,2025-10-25 23:04:12.293595
2021-03-01,4441,Building Material and Supplies Dealers,45.6,False,CENSUS_MRTS,2025-10-25 23:04:12.293595
2021-04-01,4441,Building Material and Supplies Dealers,7.1,False,CENSUS_MRTS,2025-10-25 23:04:12.293595
2021-05-01,4441,Building Material and Supplies Dealers,0.5,False,CENSUS_MRTS,2025-10-25 23:04:12.293595
2021-06-01,4441,Building Material and Supplies Dealers,-1.3,False,CENSUS_MRTS,2025-10-25 23:04:12.293595
2021-07-01,4441,Building Material and Supplies Dealers,-7.0,False,CENSUS_MRTS,2025-10-25 23:04:12.293595
2021-08-01,4441,Building Material and Supplies Dealers,-3.7,False,CENSUS_MRTS,2025-10-25 23:04:12.293595
2021-09-01,4441,Building Material and Supplies Dealers,-1.9,False,CENSUS_MRTS,2025-10-25 23:04:12.293595
2021-10-01,4441,Building Material and Supplies Dealers,0.9,False,CENSUS_MRTS,2025-10-25 23:04:12.293595
2021-11-01,4441,Building Material and Supplies Dealers,1.1,False,CENSUS_MRTS,2025-10-25 23:04:12.293595
2021-12-01,4441,Building Material and Supplies Dealers,-4.8,False,CENSUS_MRTS,2025-10-25 23:04:12.293595
2021-01-01,4441,Building Material and Supplies Dealers,0.4,False,CENSUS_MRTS,2025-10-25 23:04:12.293595
2021-02-01,4441,Building Material and Supplies Dealers,0.4,False,CENSUS_MRTS,2025-10-25 23:04:12.293595
2021-03-01,4441,Building Material and Supplies Dealers,0.8,False,CENSUS_MRTS,2025-10-25 23:04:12.293595
2021-04-01,4441,Building Material and Supplies Dealers,0.4,False,CENSUS_MRTS,2025-10-25 23:04:12.293595
2021-05-01,4441,Building Material and Supplies Dealers,0.2,False,CENSUS_MRTS,2025-10-25 23:04:12.293595
2021-06-01,4441,Building Material and Supplies Dealers,0.3,False,CENSUS_MRTS,2025-10-25 23:04:12.293595
2021-07-01,4441,Building Material and Supplies Dealers,0.2,False,CENSUS_MRTS,2025-10-25 23:04:12.293595
2021-08-01,4441,Building Material and Supplies Dealers,0.2,False,CENSUS_MRTS,2025-10-25 23:04:12.293595
2021-09-01,4441,Building Material and Supplies Dealers,0.2,False,CENSUS_MRTS,2025-10-25 23:04:12.293595
2021-10-01,4441,Building Material and Supplies Dealers,0.3,False,CENSUS_MRTS,2025-10-25 23:04:12.293595
2021-11-01,4441,Building Material and Supplies Dealers,0.4,False,CENSUS_MRTS,2025-10-25 23:04:12.293595
2021-12-01,4441,Building Material and Supplies Dealers,0.4,False,CENSUS_MRTS,2025-10-25 23:04:12.293595
2021-01-01,4441,Building Material and Supplies Dealers,5.3,True,CENSUS_MRTS,2025-10-25 23:04:12.293595
2021-02-01,4441,Building Material and Supplies Dealers,-5.2,True,CENSUS_MRTS,2025-10-25 23:04:12.293595
2021-03-01,4441,Building Material and Supplies Dealers,14.6,True,CENSUS_MRTS,2025-10-25 23:04:12.293595
2021-04-01,4441,Building Material and Supplies Dealers,0.9,True,CENSUS_MRTS,2025-10-25 23:04:12.293595
2021-05-01,4441,Building Material and Supplies Dealers,-4.0,True,CENSUS_MRTS,2025-10-25 23:04:12.293595
2021-06-01,4441,Building Material and Supplies Dealers,-1.6,True,CENSUS_MRTS,2025-10-25 23:04:12.293595
2021-07-01,4441,Building Material and Supplies Dealers,-2.3,True,CENSUS_MRTS,2025-10-25 23:04:12.293595
2021-08-01,4441,Building Material and Supplies Dealers,-0.8,True,CENSUS_MRTS,2025-10-25 23:04:12.293595
2021-09-01,4441,Building Material and Supplies Dealers,1.4,True,CENSUS_MRTS,2025-10-25 23:04:12.293595
2021-10-01,4441,Building Material and Supplies Dealers,1.7,True,CENSUS_MRTS,2025-10-25 23:04:12.293595
2021-11-01,4441,Building Material and Supplies Dealers,3.1,True,CENSUS_MRTS,2025-10-25 23:04:12.293595
2021-12-01,4441,Building Material and Supplies Dealers,0.6,True,CENSUS_MRTS,2025-10-25 23:04:12.293595
2021-01-01,4441,Building Material and Supplies Dealers,0.4,True,CENSUS_MRTS,2025-10-25 23:04:12.293595
2021-02-01,4441,Building Material and Supplies Dealers,0.4,True,CENSUS_MRTS,2025-10-25 23:04:12.293595
2021-03-01,4441,Building Material and Supplies Dealers,0.8,True,CENSUS_MRTS,2025-10-25 23:04:12.293595
2021-04-01,4441,Building Material and Supplies Dealers,0.4,True,CENSUS_MRTS,2025-10-25 23:04:12.293595
2021-05-01,4441,Building Material and Supplies Dealers,0.2,True,CENSUS_MRTS,2025-10-25 23:04:12.293595
2021-06-01,4441,Building Material and Supplies Dealers,0.3,True,CENSUS_MRTS,2025-10-25 23:04:12.293595
2021-07-01,4441,Building Material and Supplies Dealers,0.2,True,CENSUS_MRTS,2025-10-25 23:04:12.293595
2021-08-01,4441,Building Material and Supplies Dealers,0.2,True,CENSUS_MRTS,2025-10-25 23:04:12.293595
2021-09-01,4441,Building Material and Supplies Dealers,0.2,True,CENSUS_MRTS,2025-10-25 23:04:12.293595
2021-10-01,4441,Building Material and Supplies Dealers,0.3,True,CENSUS_MRTS,2025-10-25 23:04:12.293595
2021-11-01,4441,Building Material and Supplies Dealers,0.4,True,CENSUS_MRTS,2025-10-25 23:04:12.293595
2021-12-01,4441,Building Material and Supplies Dealers,0.4,True,CENSUS_MRTS,2025-10-25 23:04:12.293595
2021-01-01,4441,Building Material and Supplies Dealers,26691.0,False,CENSUS_MRTS,2025-10-25 23:04:12.293595
2021-02-01,4441,Building Material and Supplies Dealers,25244.0,False,CENSUS_MRTS,2025-10-25 23:04:12.293595
2021-03-01,4441,Building Material and Supplies Dealers,36757.0,False,CENSUS_MRTS,2025-10-25 23:04:12.293595
2021-04-01,4441,Building Material and Supplies Dealers,39362.0,False,CENSUS_MRTS,2025-10-25 23:04:12.293595
2021-06-01,4441,Building Material and Supplies Dealers,39048.0,False,CENSUS_MRTS,2025-10-25 23:04:12.293595
2021-07-01,4441,Building Material and Supplies Dealers,36321.0,False,CENSUS_MRTS,2025-10-25 23:04:12.293595
2021-08-01,4441,Building Material and Supplies Dealers,34992.0,False,CENSUS_MRTS,2025-10-25 23:04:12.293595
2021-09-01,4441,Building Material and Supplies Dealers,34322.0,False,CENSUS_MRTS,2025-10-25 23:04:12.293595
2021-10-01,4441,Building Material and Supplies Dealers,34615.0,False,CENSUS_MRTS,2025-10-25 23:04:12.293595
2021-12-01,4441,Building Material and Supplies Dealers,33318.0,False,CENSUS_MRTS,2025-10-25 23:04:12.293595
2021-01-01,4441,Building Material and Supplies Dealers,2.0,False,CENSUS_MRTS,2025-10-25 23:04:12.293595
2021-02-01,4441,Building Material and Supplies Dealers,1.9,False,CENSUS_MRTS,2025-10-25 23:04:12.293595
2021-03-01,4441,Building Material and Supplies Dealers,2.2,False,CENSUS_MRTS,2025-10-25 23:04:12.293595
2021-05-01,4441,Building Material and Supplies Dealers,2.2,False,CENSUS_MRTS,2025-10-25 23:04:12.293595
2021-06-01,4441,Building Material and Supplies Dealers,2.4,False,CENSUS_MRTS,2025-10-25 23:04:12.293595
2021-07-01,4441,Building Material and Supplies Dealers,2.4,False,CENSUS_MRTS,2025-10-25 23:04:12.293595
2021-08-01,4441,Building Material and Supplies Dealers,2.4,False,CENSUS_MRTS,2025-10-25 23:04:12.293595
2021-09-01,4441,Building Material and Supplies Dealers,2.3,False,CENSUS_MRTS,2025-10-25 23:04:12.293595
2021-11-01,4441,Building Material and Supplies Dealers,2.4,False,CENSUS_MRTS,2025-10-25 23:04:12.293595
2021-12-01,4441,Building Material and Supplies Dealers,2.4,False,CENSUS_MRTS,2025-10-25 23:04:12.293595
2021-01-01,4441,Building Material and Supplies Dealers,33364.0,True,CENSUS_MRTS,2025-10-25 23:04:12.293595
2021-02-01,4441,Building Material and Supplies Dealers,31634.0,True,CENSUS_MRTS,2025-10-25 23:04:12.293595
2021-03-01,4441,Building Material and Supplies Dealers,36250.0,True,CENSUS_MRTS,2025-10-25 23:04:12.293595
2021-05-01,4441,Building Material and Supplies Dealers,35101.0,True,CENSUS_MRTS,2025-10-25 23:04:12.293595
2021-06-01,4441,Building Material and Supplies Dealers,34525.0,True,CENSUS_MRTS,2025-10-25 23:04:12.293595
2021-07-01,4441,Building Material and Supplies Dealers,33724.0,True,CENSUS_MRTS,2025-10-25 23:04:12.293595
2021-08-01,4441,Building Material and Supplies Dealers,33453.0,True,CENSUS_MRTS,2025-10-25 23:04:12.293595
2021-09-01,4441,Building Material and Supplies Dealers,33915.0,True,CENSUS_MRTS,2025-10-25 23:04:12.293595
2021-11-01,4441,Building Material and Supplies Dealers,35551.0,True,CENSUS_MRTS,2025-10-25 23:04:12.293595
2021-12-01,4441,Building Material and Supplies Dealers,35749.0,True,CENSUS_MRTS,2025-10-25 23:04:12.293595
2021-01-01,4441,Building Material and Supplies Dealers,2.0,True,CENSUS_MRTS,2025-10-25 23:04:12.293595
2021-02-01,4441,Building Material and Supplies Dealers,1.9,True,CENSUS_MRTS,2025-10-25 23:04:12.293595
2021-03-01,4441,Building Material and Supplies Dealers,2.2,True,CENSUS_MRTS,2025-10-25 23:04:12.293595
2021-04-01,4441,Building Material and Supplies Dealers,2.1,True,CENSUS_MRTS,2025-10-25 23:04:12.293595
2021-05-01,4441,Building Material and Supplies Dealers,2.2,True,CENSUS_MRTS,2025-10-25 23:04:12.293595
2021-06-01,4441,Building Material and Supplies Dealers,2.4,True,CENSUS_MRTS,2025-10-25 23:04:12.293595
2021-07-01,4441,Building Material and Supplies Dealers,2.4,True,CENSUS_MRTS,2025-10-25 23:04:12.293595
2021-08-01,4441,Building Material and Supplies Dealers,2.4,True,CENSUS_MRTS,2025-10-25 23:04:12.293595
2021-09-01,4441,Building Material and Supplies Dealers,2.3,True,CENSUS_MRTS,2025-10-25 23:04:12.293595
2021-10-01,4441,Building Material and Supplies Dealers,2.4,True,CENSUS_MRTS,2025-10-25 23:04:12.293595
2021-11-01,4441,Building Material and Supplies Dealers,2.4,True,CENSUS_MRTS,2025-10-25 23:04:12.293595
2021-12-01,4441,Building Material and Supplies Dealers,2.4,True,CENSUS_MRTS,2025-10-25 23:04:12.293595
2023-05-01,4441,Building Material and Supplies Dealers,17.6,False,CENSUS_MRTS,2025-10-25 23:04:12.293595
2023-11-01,4441,Building Material and Supplies Dealers,-5.1,False,CENSUS_MRTS,2025-10-25 23:04:12.293595
2023-05-01,4441,Building Material and Supplies Dealers,0.4,False,CENSUS_MRTS,2025-10-25 23:04:12.293595
2023-11-01,4441,Building Material and Supplies Dealers,0.5,False,CENSUS_MRTS,2025-10-25 23:04:12.293595
2025-01-01,4441,Building Material and Supplies Dealers,-10.3,False,CENSUS_MRTS,2025-10-25 23:04:12.293595
2025-02-01,4441,Building Material and Supplies Dealers,-4.2,False,CENSUS_MRTS,2025-10-25 23:04:12.293595
2025-03-01,4441,Building Material and Supplies Dealers,24.0,False,CENSUS_MRTS,2025-10-25 23:04:12.293595
2025-04-01,4441,Building Material and Supplies Dealers,12.2,False,CENSUS_MRTS,2025-10-25 23:04:12.293595
2025-05-01,4441,Building Material and Supplies Dealers,3.6,False,CENSUS_MRTS,2025-10-25 23:04:12.293595
2025-06-01,4441,Building Material and Supplies Dealers,-4.6,False,CENSUS_MRTS,2025-10-25 23:04:12.293595
2025-07-01,4441,Building Material and Supplies Dealers,0.0,False,CENSUS_MRTS,2025-10-25 23:04:12.293595
2025-01-01,4441,Building Material and Supplies Dealers,0.3,False,CENSUS_MRTS,2025-10-25 23:04:12.293595
2025-02-01,4441,Building Material and Supplies Dealers,0.4,False,CENSUS_MRTS,2025-10-25 23:04:12.293595
2025-03-01,4441,Building Material and Supplies Dealers,0.5,False,CENSUS_MRTS,2025-10-25 23:04:12.293595
2025-04-01,4441,Building Material and Supplies Dealers,0.3,False,CENSUS_MRTS,2025-10-25 23:04:12.293595
2025-05-01,4441,Building Material and Supplies Dealers,0.4,False,CENSUS_MRTS,2025-10-25 23:04:12.293595
2025-06-01,4441,Building Material and Supplies Dealers,0.5,False,CENSUS_MRTS,2025-10-25 23:04:12.293595
2025-07-01,4441,Building Material and Supplies Dealers,0.3,False,CENSUS_MRTS,2025-10-25 23:04:12.293595
2025-01-01,4441,Building Material and Supplies Dealers,-2.1,True,CENSUS_MRTS,2025-10-25 23:04:12.293595
2025-02-01,4441,Building Material and Supplies Dealers,-0.3,True,CENSUS_MRTS,2025-10-25 23:04:12.293595
2025-03-01,4441,Building Material and Supplies Dealers,2.2,True,CENSUS_MRTS,2025-10-25 23:04:12.293595
2025-04-01,4441,Building Material and Supplies Dealers,0.7,True,CENSUS_MRTS,2025-10-25 23:04:12.293595
2025-05-01,4441,Building Material and Supplies Dealers,-3.1,True,CENSUS_MRTS,2025-10-25 23:04:12.293595
2025-06-01,4441,Building Material and Supplies Dealers,1.2,True,CENSUS_MRTS,2025-10-25 23:04:12.293595
2025-07-01,4441,Building Material and Supplies Dealers,-1.3,True,CENSUS_MRTS,2025-10-25 23:04:12.293595
2025-01-01,4441,Building Material and Supplies Dealers,0.3,True,CENSUS_MRTS,2025-10-25 23:04:12.293595
2025-02-01,4441,Building Material and Supplies Dealers,0.4,True,CENSUS_MRTS,2025-10-25 23:04:12.293595
2025-03-01,4441,Building Material and Supplies Dealers,0.5,True,CENSUS_MRTS,2025-10-25 23:04:12.293595
2025-04-01,4441,Building Material and Supplies Dealers,0.3,True,CENSUS_MRTS,2025-10-25 23:04:12.293595
2025-05-01,4441,Building Material and Supplies Dealers,0.4,True,CENSUS_MRTS,2025-10-25 23:04:12.293595
2025-06-01,4441,Building Material and Supplies Dealers,0.5,True,CENSUS_MRTS,2025-10-25 23:04:12.293595
2025-07-01,4441,Building Material and Supplies Dealers,0.3,True,CENSUS_MRTS,2025-10-25 23:04:12.293595
2025-01-01,4441,Building Material and Supplies Dealers,28596.0,False,CENSUS_MRTS,2025-10-25 23:04:12.293595
2025-02-01,4441,Building Material and Supplies Dealers,27387.0,False,CENSUS_MRTS,2025-10-25 23:04:12.293595
2025-03-01,4441,Building Material and Supplies Dealers,33963.0,False,CENSUS_MRTS,2025-10-25 23:04:12.293595
2025-04-01,4441,Building Material and Supplies Dealers,38113.0,False,CENSUS_MRTS,2025-10-25 23:04:12.293595
2025-05-01,4441,Building Material and Supplies Dealers,39483.0,False,CENSUS_MRTS,2025-10-25 23:04:12.293595
2025-06-01,4441,Building Material and Supplies Dealers,37658.0,False,CENSUS_MRTS,2025-10-25 23:04:12.293595
2025-07-01,4441,Building Material and Supplies Dealers,37675.0,False,CENSUS_MRTS,2025-10-25 23:04:12.293595
2025-01-01,4441,Building Material and Supplies Dealers,3.7,False,CENSUS_MRTS,2025-10-25 23:04:12.293595
2025-02-01,4441,Building Material and Supplies Dealers,3.8,False,CENSUS_MRTS,2025-10-25 23:04:12.293595
2025-03-01,4441,Building Material and Supplies Dealers,3.6,False,CENSUS_MRTS,2025-10-25 23:04:12.293595
2025-04-01,4441,Building Material and Supplies Dealers,3.5,False,CENSUS_MRTS,2025-10-25 23:04:12.293595
2025-05-01,4441,Building Material and Supplies Dealers,3.3,False,CENSUS_MRTS,2025-10-25 23:04:12.293595
2025-06-01,4441,Building Material and Supplies Dealers,3.4,False,CENSUS_MRTS,2025-10-25 23:04:12.293595
2025-07-01,4441,Building Material and Supplies Dealers,3.6,False,CENSUS_MRTS,2025-10-25 23:04:12.293595
2025-01-01,4441,Building Material and Supplies Dealers,34536.0,True,CENSUS_MRTS,2025-10-25 23:04:12.293595
2025-02-01,4441,Building Material and Supplies Dealers,34449.0,True,CENSUS_MRTS,2025-10-25 23:04:12.293595
2025-03-01,4441,Building Material and Supplies Dealers,35195.0,True,CENSUS_MRTS,2025-10-25 23:04:12.293595
2025-04-01,4441,Building Material and Supplies Dealers,35454.0,True,CENSUS_MRTS,2025-10-25 23:04:12.293595
2025-05-01,4441,Building Material and Supplies Dealers,34363.0,True,CENSUS_MRTS,2025-10-25 23:04:12.293595
2025-06-01,4441,Building Material and Supplies Dealers,34772.0,True,CENSUS_MRTS,2025-10-25 23:04:12.293595
2025-07-01,4441,Building Material and Supplies Dealers,34312.0,True,CENSUS_MRTS,2025-10-25 23:04:12.293595
2025-01-01,4441,Building Material and Supplies Dealers,3.7,True,CENSUS_MRTS,2025-10-25 23:04:12.293595
2025-02-01,4441,Building Material and Supplies Dealers,3.8,True,CENSUS_MRTS,2025-10-25 23:04:12.293595
2025-03-01,4441,Building Material and Supplies Dealers,3.6,True,CENSUS_MRTS,2025-10-25 23:04:12.293595
2025-05-01,4441,Building Material and Supplies Dealers,3.3,True,CENSUS_MRTS,2025-10-25 23:04:12.293595
2025-06-01,4441,Building Material and Supplies Dealers,3.4,True,CENSUS_MRTS,2025-10-25 23:04:12.293595
2025-07-01,4441,Building Material and Supplies Dealers,3.6,True,CENSUS_MRTS,2025-10-25 23:04:12.293595
2024-01-01,4441,Building Material and Supplies Dealers,-9.8,False,CENSUS_MRTS,2025-10-25 23:04:12.293595
2024-02-01,4441,Building Material and Supplies Dealers,3.2,False,CENSUS_MRTS,2025-10-25 23:04:12.293595
2024-03-01,4441,Building Material and Supplies Dealers,12.5,False,CENSUS_MRTS,2025-10-25 23:04:12.293595
2024-04-01,4441,Building Material and Supplies Dealers,14.5,False,CENSUS_MRTS,2025-10-25 23:04:12.293595
2024-05-01,4441,Building Material and Supplies Dealers,8.3,False,CENSUS_MRTS,2025-10-25 23:04:12.293595
2024-06-01,4441,Building Material and Supplies Dealers,-8.7,False,CENSUS_MRTS,2025-10-25 23:04:12.293595
2024-07-01,4441,Building Material and Supplies Dealers,3.8,False,CENSUS_MRTS,2025-10-25 23:04:12.293595
2024-08-01,4441,Building Material and Supplies Dealers,-2.4,False,CENSUS_MRTS,2025-10-25 23:04:12.293595
2024-09-01,4441,Building Material and Supplies Dealers,-6.7,False,CENSUS_MRTS,2025-10-25 23:04:12.293595
2024-10-01,4441,Building Material and Supplies Dealers,10.5,False,CENSUS_MRTS,2025-10-25 23:04:12.293595
2024-11-01,4441,Building Material and Supplies Dealers,-10.2,False,CENSUS_MRTS,2025-10-25 23:04:12.293595
2024-12-01,4441,Building Material and Supplies Dealers,-9.2,False,CENSUS_MRTS,2025-10-25 23:04:12.293595
2024-01-01,4441,Building Material and Supplies Dealers,0.4,False,CENSUS_MRTS,2025-10-25 23:04:12.293595
2024-02-01,4441,Building Material and Supplies Dealers,0.6,False,CENSUS_MRTS,2025-10-25 23:04:12.293595
2024-03-01,4441,Building Material and Supplies Dealers,0.5,False,CENSUS_MRTS,2025-10-25 23:04:12.293595
2024-04-01,4441,Building Material and Supplies Dealers,0.4,False,CENSUS_MRTS,2025-10-25 23:04:12.293595
2024-05-01,4441,Building Material and Supplies Dealers,0.4,False,CENSUS_MRTS,2025-10-25 23:04:12.293595
2024-06-01,4441,Building Material and Supplies Dealers,0.4,False,CENSUS_MRTS,2025-10-25 23:04:12.293595
2024-07-01,4441,Building Material and Supplies Dealers,0.7,False,CENSUS_MRTS,2025-10-25 23:04:12.293595
2024-08-01,4441,Building Material and Supplies Dealers,0.4,False,CENSUS_MRTS,2025-10-25 23:04:12.293595
2024-09-01,4441,Building Material and Supplies Dealers,0.3,False,CENSUS_MRTS,2025-10-25 23:04:12.293595
2024-10-01,4441,Building Material and Supplies Dealers,0.4,False,CENSUS_MRTS,2025-10-25 23:04:12.293595
2024-11-01,4441,Building Material and Supplies Dealers,0.5,False,CENSUS_MRTS,2025-10-25 23:04:12.293595
2024-12-01,4441,Building Material and Supplies Dealers,0.5,False,CENSUS_MRTS,2025-10-25 23:04:12.293595
2024-01-01,4441,Building Material and Supplies Dealers,-3.0,True,CENSUS_MRTS,2025-10-25 23:04:12.293595
2024-02-01,4441,Building Material and Supplies Dealers,2.3,True,CENSUS_MRTS,2025-10-25 23:04:12.293595
2024-03-01,4441,Building Material and Supplies Dealers,-0.2,True,CENSUS_MRTS,2025-10-25 23:04:12.293595
2024-04-01,4441,Building Material and Supplies Dealers,-1.0,True,CENSUS_MRTS,2025-10-25 23:04:12.293595
2024-05-01,4441,Building Material and Supplies Dealers,0.9,True,CENSUS_MRTS,2025-10-25 23:04:12.293595
2024-06-01,4441,Building Material and Supplies Dealers,0.5,True,CENSUS_MRTS,2025-10-25 23:04:12.293595
2024-08-01,4441,Building Material and Supplies Dealers,0.0,True,CENSUS_MRTS,2025-10-25 23:04:12.293595
2024-09-01,4441,Building Material and Supplies Dealers,0.4,True,CENSUS_MRTS,2025-10-25 23:04:12.293595
2024-10-01,4441,Building Material and Supplies Dealers,0.6,True,CENSUS_MRTS,2025-10-25 23:04:12.293595
2024-11-01,4441,Building Material and Supplies Dealers,-0.4,True,CENSUS_MRTS,2025-10-25 23:04:12.293595
2024-01-01,4441,Building Material and Supplies Dealers,0.4,True,CENSUS_MRTS,2025-10-25 23:04:12.293595
2024-02-01,4441,Building Material and Supplies Dealers,0.6,True,CENSUS_MRTS,2025-10-25 23:04:12.293595
2024-03-01,4441,Building Material and Supplies Dealers,0.5,True,CENSUS_MRTS,2025-10-25 23:04:12.293595
2024-04-01,4441,Building Material and Supplies Dealers,0.4,True,CENSUS_MRTS,2025-10-25 23:04:12.293595
2024-05-01,4441,Building Material and Supplies Dealers,0.4,True,CENSUS_MRTS,2025-10-25 23:04:12.293595
2024-07-01,4441,Building Material and Supplies Dealers,0.7,True,CENSUS_MRTS,2025-10-25 23:04:12.293595
2024-08-01,4441,Building Material and Supplies Dealers,0.4,True,CENSUS_MRTS,2025-10-25 23:04:12.293595
2024-09-01,4441,Building Material and Supplies Dealers,0.3,True,CENSUS_MRTS,2025-10-25 23:04:12.293595
2024-10-01,4441,Building Material and Supplies Dealers,0.4,True,CENSUS_MRTS,2025-10-25 23:04:12.293595
2024-11-01,4441,Building Material and Supplies Dealers,0.5,True,CENSUS_MRTS,2025-10-25 23:04:12.293595
2024-01-01,4441,Building Material and Supplies Dealers,28463.0,False,CENSUS_MRTS,2025-10-25 23:04:12.293595
2024-02-01,4441,Building Material and Supplies Dealers,29375.0,False,CENSUS_MRTS,2025-10-25 23:04:12.293595
2024-03-01,4441,Building Material and Supplies Dealers,33060.0,False,CENSUS_MRTS,2025-10-25 23:04:12.293595
2024-04-01,4441,Building Material and Supplies Dealers,37865.0,False,CENSUS_MRTS,2025-10-25 23:04:12.293595
2024-05-01,4441,Building Material and Supplies Dealers,41009.0,False,CENSUS_MRTS,2025-10-25 23:04:12.293595
2024-06-01,4441,Building Material and Supplies Dealers,37435.0,False,CENSUS_MRTS,2025-10-25 23:04:12.293595
2024-08-01,4441,Building Material and Supplies Dealers,37893.0,False,CENSUS_MRTS,2025-10-25 23:04:12.293595
2024-09-01,4441,Building Material and Supplies Dealers,35365.0,False,CENSUS_MRTS,2025-10-25 23:04:12.293595
2024-10-01,4441,Building Material and Supplies Dealers,39092.0,False,CENSUS_MRTS,2025-10-25 23:04:12.293595
2024-11-01,4441,Building Material and Supplies Dealers,35115.0,False,CENSUS_MRTS,2025-10-25 23:04:12.293595
2024-01-01,4441,Building Material and Supplies Dealers,3.1,False,CENSUS_MRTS,2025-10-25 23:04:12.293595
2024-02-01,4441,Building Material and Supplies Dealers,3.6,False,CENSUS_MRTS,2025-10-25 23:04:12.293595
2024-03-01,4441,Building Material and Supplies Dealers,3.4,False,CENSUS_MRTS,2025-10-25 23:04:12.293595
2024-04-01,4441,Building Material and Supplies Dealers,3.2,False,CENSUS_MRTS,2025-10-25 23:04:12.293595
2024-05-01,4441,Building Material and Supplies Dealers,3.3,False,CENSUS_MRTS,2025-10-25 23:04:12.293595
2024-07-01,4441,Building Material and Supplies Dealers,3.6,False,CENSUS_MRTS,2025-10-25 23:04:12.293595
2024-08-01,4441,Building Material and Supplies Dealers,3.8,False,CENSUS_MRTS,2025-10-25 23:04:12.293595
2024-09-01,4441,Building Material and Supplies Dealers,3.8,False,CENSUS_MRTS,2025-10-25 23:04:12.293595
2024-10-01,4441,Building Material and Supplies Dealers,3.8,False,CENSUS_MRTS,2025-10-25 23:04:12.293595
2024-11-01,4441,Building Material and Supplies Dealers,3.7,False,CENSUS_MRTS,2025-10-25 23:04:12.293595
2024-12-01,4441,Building Material and Supplies Dealers,3.8,False,CENSUS_MRTS,2025-10-25 23:04:12.293595
2024-01-01,4441,Building Material and Supplies Dealers,34293.0,True,CENSUS_MRTS,2025-10-25 23:04:12.293595
2024-02-01,4441,Building Material and Supplies Dealers,35096.0,True,CENSUS_MRTS,2025-10-25 23:04:12.293595
2024-03-01,4441,Building Material and Supplies Dealers,35021.0,True,CENSUS_MRTS,2025-10-25 23:04:12.293595
2024-04-01,4441,Building Material and Supplies Dealers,34675.0,True,CENSUS_MRTS,2025-10-25 23:04:12.293595
2024-05-01,4441,Building Material and Supplies Dealers,34991.0,True,CENSUS_MRTS,2025-10-25 23:04:12.293595
2024-06-01,4441,Building Material and Supplies Dealers,35150.0,True,CENSUS_MRTS,2025-10-25 23:04:12.293595
2024-07-01,4441,Building Material and Supplies Dealers,35767.0,True,CENSUS_MRTS,2025-10-25 23:04:12.293595
2024-08-01,4441,Building Material and Supplies Dealers,35782.0,True,CENSUS_MRTS,2025-10-25 23:04:12.293595
2024-09-01,4441,Building Material and Supplies Dealers,35940.0,True,CENSUS_MRTS,2025-10-25 23:04:12.293595
2024-10-01,4441,Building Material and Supplies Dealers,36163.0,True,CENSUS_MRTS,2025-10-25 23:04:12.293595
2024-11-01,4441,Building Material and Supplies Dealers,36015.0,True,CENSUS_MRTS,2025-10-25 23:04:12.293595
2024-12-01,4441,Building Material and Supplies Dealers,35259.0,True,CENSUS_MRTS,2025-10-25 23:04:12.293595
2024-01-01,4441,Building Material and Supplies Dealers,3.1,True,CENSUS_MRTS,2025-10-25 23:04:12.293595
2024-02-01,4441,Building Material and Supplies Dealers,3.6,True,CENSUS_MRTS,2025-10-25 23:04:12.293595
2024-03-01,4441,Building Material and Supplies Dealers,3.4,True,CENSUS_MRTS,2025-10-25 23:04:12.293595
2024-04-01,4441,Building Material and Supplies Dealers,3.2,True,CENSUS_MRTS,2025-10-25 23:04:12.293595
2024-05-01,4441,Building Material and Supplies Dealers,3.3,True,CENSUS_MRTS,2025-10-25 23:04:12.293595
2024-06-01,4441,Building Material and Supplies Dealers,3.6,True,CENSUS_MRTS,2025-10-25 23:04:12.293595
2024-07-01,4441,Building Material and Supplies Dealers,3.6,True,CENSUS_MRTS,2025-10-25 23:04:12.293595
2024-08-01,4441,Building Material and Supplies Dealers,3.8,True,CENSUS_MRTS,2025-10-25 23:04:12.293595
2024-09-01,4441,Building Material and Supplies Dealers,3.8,True,CENSUS_MRTS,2025-10-25 23:04:12.293595
2024-10-01,4441,Building Material and Supplies Dealers,3.8,True,CENSUS_MRTS,2025-10-25 23:04:12.293595
2024-11-01,4441,Building Material and Supplies Dealers,3.7,True,CENSUS_MRTS,2025-10-25 23:04:12.293595
2024-12-01,4441,Building Material and Supplies Dealers,3.8,True,CENSUS_MRTS,2025-10-25 23:04:12.293595
2022-05-01,4441,Building Material and Supplies Dealers,2.6,False,CENSUS_MRTS,2025-10-25 23:04:12.293595
2022-11-01,4441,Building Material and Supplies Dealers,2.6,False,CENSUS_MRTS,2025-10-25 23:04:12.293595
2022-05-01,4441,Building Material and Supplies Dealers,37081.0,True,CENSUS_MRTS,2025-10-25 23:04:12.293595
2022-11-01,4441,Building Material and Supplies Dealers,35805.0,True,CENSUS_MRTS,2025-10-25 23:04:12.293595
2022-04-01,4441,Building Material and Supplies Dealers,2.6,True,CENSUS_MRTS,2025-10-25 23:04:12.293595
2022-10-01,4441,Building Material and Supplies Dealers,2.7,True,CENSUS_MRTS,2025-10-25 23:04:12.293595
2022-01-01,4441,Building Material and Supplies Dealers,-10.9,False,CENSUS_MRTS,2025-10-25 23:04:12.293595
2022-02-01,4441,Building Material and Supplies Dealers,-1.1,False,CENSUS_MRTS,2025-10-25 23:04:12.293595
2022-03-01,4441,Building Material and Supplies Dealers,31.6,False,CENSUS_MRTS,2025-10-25 23:04:12.293595
2022-04-01,4441,Building Material and Supplies Dealers,2.1,False,CENSUS_MRTS,2025-10-25 23:04:12.293595
2022-05-01,4441,Building Material and Supplies Dealers,8.6,False,CENSUS_MRTS,2025-10-25 23:04:12.293595
2022-06-01,4441,Building Material and Supplies Dealers,-2.8,False,CENSUS_MRTS,2025-10-25 23:04:12.293595
2022-07-01,4441,Building Material and Supplies Dealers,-8.4,False,CENSUS_MRTS,2025-10-25 23:04:12.293595
2022-08-01,4441,Building Material and Supplies Dealers,4.2,False,CENSUS_MRTS,2025-10-25 23:04:12.293595
2022-09-01,4441,Building Material and Supplies Dealers,-6.1,False,CENSUS_MRTS,2025-10-25 23:04:12.293595
2022-10-01,4441,Building Material and Supplies Dealers,-0.1,False,CENSUS_MRTS,2025-10-25 23:04:12.293595
2022-11-01,4441,Building Material and Supplies Dealers,-5.3,False,CENSUS_MRTS,2025-10-25 23:04:12.293595
2022-12-01,4441,Building Material and Supplies Dealers,-5.7,False,CENSUS_MRTS,2025-10-25 23:04:12.293595
2022-01-01,4441,Building Material and Supplies Dealers,0.5,False,CENSUS_MRTS,2025-10-25 23:04:12.293595
2022-02-01,4441,Building Material and Supplies Dealers,0.3,False,CENSUS_MRTS,2025-10-25 23:04:12.293595
2022-03-01,4441,Building Material and Supplies Dealers,0.6,False,CENSUS_MRTS,2025-10-25 23:04:12.293595
2022-04-01,4441,Building Material and Supplies Dealers,0.4,False,CENSUS_MRTS,2025-10-25 23:04:12.293595
2022-05-01,4441,Building Material and Supplies Dealers,0.4,False,CENSUS_MRTS,2025-10-25 23:04:12.293595
2022-06-01,4441,Building Material and Supplies Dealers,0.3,False,CENSUS_MRTS,2025-10-25 23:04:12.293595
2022-07-01,4441,Building Material and Supplies Dealers,0.3,False,CENSUS_MRTS,2025-10-25 23:04:12.293595
2022-08-01,4441,Building Material and Supplies Dealers,0.3,False,CENSUS_MRTS,2025-10-25 23:04:12.293595
2022-09-01,4441,Building Material and Supplies Dealers,0.2,False,CENSUS_MRTS,2025-10-25 23:04:12.293595
2022-10-01,4441,Building Material and Supplies Dealers,0.2,False,CENSUS_MRTS,2025-10-25 23:04:12.293595
2022-11-01,4441,Building Material and Supplies Dealers,0.4,False,CENSUS_MRTS,2025-10-25 23:04:12.293595
2022-12-01,4441,Building Material and Supplies Dealers,0.3,False,CENSUS_MRTS,2025-10-25 23:04:12.293595
2022-01-01,4441,Building Material and Supplies Dealers,4.1,True,CENSUS_MRTS,2025-10-25 23:04:12.293595
2022-02-01,4441,Building Material and Supplies Dealers,-1.4,True,CENSUS_MRTS,2025-10-25 23:04:12.293595
2022-03-01,4441,Building Material and Supplies Dealers,2.6,True,CENSUS_MRTS,2025-10-25 23:04:12.293595
2022-04-01,4441,Building Material and Supplies Dealers,0.1,True,CENSUS_MRTS,2025-10-25 23:04:12.293595
2022-05-01,4441,Building Material and Supplies Dealers,-1.6,True,CENSUS_MRTS,2025-10-25 23:04:12.293595
2022-06-01,4441,Building Material and Supplies Dealers,-0.3,True,CENSUS_MRTS,2025-10-25 23:04:12.293595
2022-07-01,4441,Building Material and Supplies Dealers,-0.7,True,CENSUS_MRTS,2025-10-25 23:04:12.293595
2022-08-01,4441,Building Material and Supplies Dealers,0.9,True,CENSUS_MRTS,2025-10-25 23:04:12.293595
2022-09-01,4441,Building Material and Supplies Dealers,-0.6,True,CENSUS_MRTS,2025-10-25 23:04:12.293595
2022-10-01,4441,Building Material and Supplies Dealers,0.6,True,CENSUS_MRTS,2025-10-25 23:04:12.293595
2022-11-01,4441,Building Material and Supplies Dealers,-3.3,True,CENSUS_MRTS,2025-10-25 23:04:12.293595
2022-12-01,4441,Building Material and Supplies Dealers,1.1,True,CENSUS_MRTS,2025-10-25 23:04:12.293595
2022-01-01,4441,Building Material and Supplies Dealers,0.5,True,CENSUS_MRTS,2025-10-25 23:04:12.293595
2022-02-01,4441,Building Material and Supplies Dealers,0.3,True,CENSUS_MRTS,2025-10-25 23:04:12.293595
2022-03-01,4441,Building Material and Supplies Dealers,0.6,True,CENSUS_MRTS,2025-10-25 23:04:12.293595
2022-04-01,4441,Building Material and Supplies Dealers,0.4,True,CENSUS_MRTS,2025-10-25 23:04:12.293595
2022-05-01,4441,Building Material and Supplies Dealers,0.4,True,CENSUS_MRTS,2025-10-25 23:04:12.293595
2022-06-01,4441,Building Material and Supplies Dealers,0.3,True,CENSUS_MRTS,2025-10-25 23:04:12.293595
2022-07-01,4441,Building Material and Supplies Dealers,0.3,True,CENSUS_MRTS,2025-10-25 23:04:12.293595
2022-08-01,4441,Building Material and Supplies Dealers,0.3,True,CENSUS_MRTS,2025-10-25 23:04:12.293595
2022-09-01,4441,Building Material and Supplies Dealers,0.2,True,CENSUS_MRTS,2025-10-25 23:04:12.293595
2022-10-01,4441,Building Material and Supplies Dealers,0.2,True,CENSUS_MRTS,2025-10-25 23:04:12.293595
2022-11-01,4441,Building Material and Supplies Dealers,0.4,True,CENSUS_MRTS,2025-10-25 23:04:12.293595
2022-12-01,4441,Building Material and Supplies Dealers,0.3,True,CENSUS_MRTS,2025-10-25 23:04:12.293595
2022-01-01,4441,Building Material and Supplies Dealers,29693.0,False,CENSUS_MRTS,2025-10-25 23:04:12.293595
2022-02-01,4441,Building Material and Supplies Dealers,29363.0,False,CENSUS_MRTS,2025-10-25 23:04:12.293595
2022-03-01,4441,Building Material and Supplies Dealers,38628.0,False,CENSUS_MRTS,2025-10-25 23:04:12.293595
2022-04-01,4441,Building Material and Supplies Dealers,39425.0,False,CENSUS_MRTS,2025-10-25 23:04:12.293595
2022-05-01,4441,Building Material and Supplies Dealers,42829.0,False,CENSUS_MRTS,2025-10-25 23:04:12.293595
2022-06-01,4441,Building Material and Supplies Dealers,41645.0,False,CENSUS_MRTS,2025-10-25 23:04:12.293595
2022-07-01,4441,Building Material and Supplies Dealers,38151.0,False,CENSUS_MRTS,2025-10-25 23:04:12.293595
2022-08-01,4441,Building Material and Supplies Dealers,39763.0,False,CENSUS_MRTS,2025-10-25 23:04:12.293595
2022-09-01,4441,Building Material and Supplies Dealers,37344.0,False,CENSUS_MRTS,2025-10-25 23:04:12.293595
2022-10-01,4441,Building Material and Supplies Dealers,37297.0,False,CENSUS_MRTS,2025-10-25 23:04:12.293595
2022-11-01,4441,Building Material and Supplies Dealers,35304.0,False,CENSUS_MRTS,2025-10-25 23:04:12.293595
2022-12-01,4441,Building Material and Supplies Dealers,33307.0,False,CENSUS_MRTS,2025-10-25 23:04:12.293595
2022-01-01,4441,Building Material and Supplies Dealers,2.6,False,CENSUS_MRTS,2025-10-25 23:04:12.293595
2022-02-01,4441,Building Material and Supplies Dealers,2.5,False,CENSUS_MRTS,2025-10-25 23:04:12.293595
2022-03-01,4441,Building Material and Supplies Dealers,2.8,False,CENSUS_MRTS,2025-10-25 23:04:12.293595
2022-04-01,4441,Building Material and Supplies Dealers,2.6,False,CENSUS_MRTS,2025-10-25 23:04:12.293595
2022-06-01,4441,Building Material and Supplies Dealers,2.6,False,CENSUS_MRTS,2025-10-25 23:04:12.293595
2022-07-01,4441,Building Material and Supplies Dealers,2.7,False,CENSUS_MRTS,2025-10-25 23:04:12.293595
2022-08-01,4441,Building Material and Supplies Dealers,2.8,False,CENSUS_MRTS,2025-10-25 23:04:12.293595
2022-09-01,4441,Building Material and Supplies Dealers,2.6,False,CENSUS_MRTS,2025-10-25 23:04:12.293595
2022-10-01,4441,Building Material and Supplies Dealers,2.7,False,CENSUS_MRTS,2025-10-25 23:04:12.293595
2022-12-01,4441,Building Material and Supplies Dealers,2.6,False,CENSUS_MRTS,2025-10-25 23:04:12.293595
2022-01-01,4441,Building Material and Supplies Dealers,37209.0,True,CENSUS_MRTS,2025-10-25 23:04:12.293595
2022-02-01,4441,Building Material and Supplies Dealers,36704.0,True,CENSUS_MRTS,2025-10-25 23:04:12.293595
2022-03-01,4441,Building Material and Supplies Dealers,37649.0,True,CENSUS_MRTS,2025-10-25 23:04:12.293595
2022-04-01,4441,Building Material and Supplies Dealers,37691.0,True,CENSUS_MRTS,2025-10-25 23:04:12.293595
2022-06-01,4441,Building Material and Supplies Dealers,36985.0,True,CENSUS_MRTS,2025-10-25 23:04:12.293595
2022-07-01,4441,Building Material and Supplies Dealers,36719.0,True,CENSUS_MRTS,2025-10-25 23:04:12.293595
2022-08-01,4441,Building Material and Supplies Dealers,37058.0,True,CENSUS_MRTS,2025-10-25 23:04:12.293595
2022-09-01,4441,Building Material and Supplies Dealers,36828.0,True,CENSUS_MRTS,2025-10-25 23:04:12.293595
2022-10-01,4441,Building Material and Supplies Dealers,37038.0,True,CENSUS_MRTS,2025-10-25 23:04:12.293595
2022-12-01,4441,Building Material and Supplies Dealers,36203.0,True,CENSUS_MRTS,2025-10-25 23:04:12.293595
2022-01-01,4441,Building Material and Supplies Dealers,2.6,True,CENSUS_MRTS,2025-10-25 23:04:12.293595
2022-02-01,4441,Building Material and Supplies Dealers,2.5,True,CENSUS_MRTS,2025-10-25 23:04:12.293595
2022-03-01,4441,Building Material and Supplies Dealers,2.8,True,CENSUS_MRTS,2025-10-25 23:04:12.293595
2022-05-01,4441,Building Material and Supplies Dealers,2.6,True,CENSUS_MRTS,2025-10-25 23:04:12.293595
2022-06-01,4441,Building Material and Supplies Dealers,2.6,True,CENSUS_MRTS,2025-10-25 23:04:12.293595
2022-07-01,4441,Building Material and Supplies Dealers,2.7,True,CENSUS_MRTS,2025-10-25 23:04:12.293595
2022-08-01,4441,Building Material and Supplies Dealers,2.8,True,CENSUS_MRTS,2025-10-25 23:04:12.293595
2022-09-01,4441,Building Material and Supplies Dealers,2.6,True,CENSUS_MRTS,2025-10-25 23:04:12.293595
2022-11-01,4441,Building Material and Supplies Dealers,2.6,True,CENSUS_MRTS,2025-10-25 23:04:12.293595
2022-12-01,4441,Building Material and Supplies Dealers,2.6,True,CENSUS_MRTS,2025-10-25 23:04:12.293595
2023-01-01,4441,Building Material and Supplies Dealers,-8.7,False,CENSUS_MRTS,2025-10-25 23:04:12.293595
2023-02-01,4441,Building Material and Supplies Dealers,-3.8,False,CENSUS_MRTS,2025-10-25 23:04:12.293595
2023-03-01,4441,Building Material and Supplies Dealers,22.2,False,CENSUS_MRTS,2025-10-25 23:04:12.293595
2023-04-01,4441,Building Material and Supplies Dealers,0.5,False,CENSUS_MRTS,2025-10-25 23:04:12.293595
2023-06-01,4441,Building Material and Supplies Dealers,-6.6,False,CENSUS_MRTS,2025-10-25 23:04:12.293595
2023-07-01,4441,Building Material and Supplies Dealers,-7.9,False,CENSUS_MRTS,2025-10-25 23:04:12.293595
2023-08-01,4441,Building Material and Supplies Dealers,5.7,False,CENSUS_MRTS,2025-10-25 23:04:12.293595
2023-09-01,4441,Building Material and Supplies Dealers,-10.0,False,CENSUS_MRTS,2025-10-25 23:04:12.293595
2023-10-01,4441,Building Material and Supplies Dealers,4.5,False,CENSUS_MRTS,2025-10-25 23:04:12.293595
2023-12-01,4441,Building Material and Supplies Dealers,-8.0,False,CENSUS_MRTS,2025-10-25 23:04:12.293595
2023-01-01,4441,Building Material and Supplies Dealers,0.6,False,CENSUS_MRTS,2025-10-25 23:04:12.293595
2023-02-01,4441,Building Material and Supplies Dealers,0.5,False,CENSUS_MRTS,2025-10-25 23:04:12.293595
2023-03-01,4441,Building Material and Supplies Dealers,0.5,False,CENSUS_MRTS,2025-10-25 23:04:12.293595
2023-04-01,4441,Building Material and Supplies Dealers,0.4,False,CENSUS_MRTS,2025-10-25 23:04:12.293595
2023-06-01,4441,Building Material and Supplies Dealers,0.4,False,CENSUS_MRTS,2025-10-25 23:04:12.293595
2023-07-01,4441,Building Material and Supplies Dealers,0.4,False,CENSUS_MRTS,2025-10-25 23:04:12.293595
2023-08-01,4441,Building Material and Supplies Dealers,0.5,False,CENSUS_MRTS,2025-10-25 23:04:12.293595
2023-09-01,4441,Building Material and Supplies Dealers,0.2,False,CENSUS_MRTS,2025-10-25 23:04:12.293595
2023-10-01,4441,Building Material and Supplies Dealers,0.4,False,CENSUS_MRTS,2025-10-25 23:04:12.293595
2023-12-01,4441,Building Material and Supplies Dealers,0.5,False,CENSUS_MRTS,2025-10-25 23:04:12.293595
2025-04-01,4441,Building Material and Supplies Dealers,3.5,True,CENSUS_MRTS,2025-10-25 23:04:12.293595
2023-01-01,4441,Building Material and Supplies Dealers,2.9,True,CENSUS_MRTS,2025-10-25 23:04:12.293595
2023-02-01,4441,Building Material and Supplies Dealers,-1.9,True,CENSUS_MRTS,2025-10-25 23:04:12.293595
2023-03-01,4441,Building Material and Supplies Dealers,-3.8,True,CENSUS_MRTS,2025-10-25 23:04:12.293595
2023-04-01,4441,Building Material and Supplies Dealers,0.3,True,CENSUS_MRTS,2025-10-25 23:04:12.293595
2023-05-01,4441,Building Material and Supplies Dealers,1.7,True,CENSUS_MRTS,2025-10-25 23:04:12.293595
2023-06-01,4441,Building Material and Supplies Dealers,-2.1,True,CENSUS_MRTS,2025-10-25 23:04:12.293595
2023-07-01,4441,Building Material and Supplies Dealers,-0.2,True,CENSUS_MRTS,2025-10-25 23:04:12.293595
2023-08-01,4441,Building Material and Supplies Dealers,0.7,True,CENSUS_MRTS,2025-10-25 23:04:12.293595
2023-09-01,4441,Building Material and Supplies Dealers,-1.1,True,CENSUS_MRTS,2025-10-25 23:04:12.293595
2023-10-01,4441,Building Material and Supplies Dealers,-0.6,True,CENSUS_MRTS,2025-10-25 23:04:12.293595
2023-11-01,4441,Building Material and Supplies Dealers,0.1,True,CENSUS_MRTS,2025-10-25 23:04:12.293595
2023-12-01,4441,Building Material and Supplies Dealers,1.8,True,CENSUS_MRTS,2025-10-25 23:04:12.293595
2023-01-01,4441,Building Material and Supplies Dealers,0.6,True,CENSUS_MRTS,2025-10-25 23:04:12.293595
2023-02-01,4441,Building Material and Supplies Dealers,0.5,True,CENSUS_MRTS,2025-10-25 23:04:12.293595
2023-03-01,4441,Building Material and Supplies Dealers,0.5,True,CENSUS_MRTS,2025-10-25 23:04:12.293595
2023-04-01,4441,Building Material and Supplies Dealers,0.4,True,CENSUS_MRTS,2025-10-25 23:04:12.293595
2023-05-01,4441,Building Material and Supplies Dealers,0.4,True,CENSUS_MRTS,2025-10-25 23:04:12.293595
2023-06-01,4441,Building Material and Supplies Dealers,0.4,True,CENSUS_MRTS,2025-10-25 23:04:12.293595
2023-07-01,4441,Building Material and Supplies Dealers,0.4,True,CENSUS_MRTS,2025-10-25 23:04:12.293595
2023-08-01,4441,Building Material and Supplies Dealers,0.5,True,CENSUS_MRTS,2025-10-25 23:04:12.293595
2023-09-01,4441,Building Material and Supplies Dealers,0.2,True,CENSUS_MRTS,2025-10-25 23:04:12.293595
2023-10-01,4441,Building Material and Supplies Dealers,0.4,True,CENSUS_MRTS,2025-10-25 23:04:12.293595
2023-11-01,4441,Building Material and Supplies Dealers,0.5,True,CENSUS_MRTS,2025-10-25 23:04:12.293595
2023-12-01,4441,Building Material and Supplies Dealers,0.5,True,CENSUS_MRTS,2025-10-25 23:04:12.293595
2023-01-01,4441,Building Material and Supplies Dealers,30403.0,False,CENSUS_MRTS,2025-10-25 23:04:12.293595
2023-02-01,4441,Building Material and Supplies Dealers,29246.0,False,CENSUS_MRTS,2025-10-25 23:04:12.293595
2023-03-01,4441,Building Material and Supplies Dealers,35752.0,False,CENSUS_MRTS,2025-10-25 23:04:12.293595
2023-04-01,4441,Building Material and Supplies Dealers,35937.0,False,CENSUS_MRTS,2025-10-25 23:04:12.293595
2023-05-01,4441,Building Material and Supplies Dealers,42271.0,False,CENSUS_MRTS,2025-10-25 23:04:12.293595
2023-06-01,4441,Building Material and Supplies Dealers,39460.0,False,CENSUS_MRTS,2025-10-25 23:04:12.293595
2023-07-01,4441,Building Material and Supplies Dealers,36341.0,False,CENSUS_MRTS,2025-10-25 23:04:12.293595
2023-08-01,4441,Building Material and Supplies Dealers,38428.0,False,CENSUS_MRTS,2025-10-25 23:04:12.293595
2023-09-01,4441,Building Material and Supplies Dealers,34579.0,False,CENSUS_MRTS,2025-10-25 23:04:12.293595
2023-10-01,4441,Building Material and Supplies Dealers,36128.0,False,CENSUS_MRTS,2025-10-25 23:04:12.293595
2023-11-01,4441,Building Material and Supplies Dealers,34288.0,False,CENSUS_MRTS,2025-10-25 23:04:12.293595
2023-12-01,4441,Building Material and Supplies Dealers,31544.0,False,CENSUS_MRTS,2025-10-25 23:04:12.293595
2023-01-01,4441,Building Material and Supplies Dealers,2.5,False,CENSUS_MRTS,2025-10-25 23:04:12.293595
2023-02-01,4441,Building Material and Supplies Dealers,2.8,False,CENSUS_MRTS,2025-10-25 23:04:12.293595
2023-03-01,4441,Building Material and Supplies Dealers,2.6,False,CENSUS_MRTS,2025-10-25 23:04:12.293595
2023-04-01,4441,Building Material and Supplies Dealers,2.6,False,CENSUS_MRTS,2025-10-25 23:04:12.293595
2023-05-01,4441,Building Material and Supplies Dealers,2.5,False,CENSUS_MRTS,2025-10-25 23:04:12.293595
2023-06-01,4441,Building Material and Supplies Dealers,2.8,False,CENSUS_MRTS,2025-10-25 23:04:12.293595
2023-07-01,4441,Building Material and Supplies Dealers,2.9,False,CENSUS_MRTS,2025-10-25 23:04:12.293595
2023-08-01,4441,Building Material and Supplies Dealers,3.1,False,CENSUS_MRTS,2025-10-25 23:04:12.293595
2023-09-01,4441,Building Material and Supplies Dealers,3.0,False,CENSUS_MRTS,2025-10-25 23:04:12.293595
2023-10-01,4441,Building Material and Supplies Dealers,3.0,False,CENSUS_MRTS,2025-10-25 23:04:12.293595
2023-11-01,4441,Building Material and Supplies Dealers,3.2,False,CENSUS_MRTS,2025-10-25 23:04:12.293595
2023-12-01,4441,Building Material and Supplies Dealers,3.1,False,CENSUS_MRTS,2025-10-25 23:04:12.293595
2023-01-01,4441,Building Material and Supplies Dealers,37259.0,True,CENSUS_MRTS,2025-10-25 23:04:12.293595
2023-02-01,4441,Building Material and Supplies Dealers,36558.0,True,CENSUS_MRTS,2025-10-25 23:04:12.293595
2023-03-01,4441,Building Material and Supplies Dealers,35154.0,True,CENSUS_MRTS,2025-10-25 23:04:12.293595
2023-04-01,4441,Building Material and Supplies Dealers,35267.0,True,CENSUS_MRTS,2025-10-25 23:04:12.293595
2023-05-01,4441,Building Material and Supplies Dealers,35884.0,True,CENSUS_MRTS,2025-10-25 23:04:12.293595
2023-06-01,4441,Building Material and Supplies Dealers,35138.0,True,CENSUS_MRTS,2025-10-25 23:04:12.293595
2023-07-01,4441,Building Material and Supplies Dealers,35078.0,True,CENSUS_MRTS,2025-10-25 23:04:12.293595
2023-08-01,4441,Building Material and Supplies Dealers,35320.0,True,CENSUS_MRTS,2025-10-25 23:04:12.293595
2023-09-01,4441,Building Material and Supplies Dealers,34928.0,True,CENSUS_MRTS,2025-10-25 23:04:12.293595
2023-10-01,4441,Building Material and Supplies Dealers,34705.0,True,CENSUS_MRTS,2025-10-25 23:04:12.293595
2023-11-01,4441,Building Material and Supplies Dealers,34740.0,True,CENSUS_MRTS,2025-10-25 23:04:12.293595
2023-12-01,4441,Building Material and Supplies Dealers,35363.0,True,CENSUS_MRTS,2025-10-25 23:04:12.293595
2023-01-01,4441,Building Material and Supplies Dealers,2.5,True,CENSUS_MRTS,2025-10-25 23:04:12.293595
2023-02-01,4441,Building Material and Supplies Dealers,2.8,True,CENSUS_MRTS,2025-10-25 23:04:12.293595
2023-03-01,4441,Building Material and Supplies Dealers,2.6,True,CENSUS_MRTS,2025-10-25 23:04:12.293595
2023-04-01,4441,Building Material and Supplies Dealers,2.6,True,CENSUS_MRTS,2025-10-25 23:04:12.293595
2023-05-01,4441,Building Material and Supplies Dealers,2.5,True,CENSUS_MRTS,2025-10-25 23:04:12.293595
2023-06-01,4441,Building Material and Supplies Dealers,2.8,True,CENSUS_MRTS,2025-10-25 23:04:12.293595
2023-07-01,4441,Building Material and Supplies Dealers,2.9,True,CENSUS_MRTS,2025-10-25 23:04:12.293595
2023-08-01,4441,Building Material and Supplies Dealers,3.1,True,CENSUS_MRTS,2025-10-25 23:04:12.293595
2023-09-01,4441,Building Material and Supplies Dealers,3.0,True,CENSUS_MRTS,2025-10-25 23:04:12.293595
2023-10-01,4441,Building Material and Supplies Dealers,3.0,True,CENSUS_MRTS,2025-10-25 23:04:12.293595
2023-11-01,4441,Building Material and Supplies Dealers,3.2,True,CENSUS_MRTS,2025-10-25 23:04:12.293595
2023-12-01,4441,Building Material and Supplies Dealers,3.1,True,CENSUS_MRTS,2025-10-25 23:04:12.293595
2024-07-01,4441,Building Material and Supplies Dealers,1.8,True,CENSUS_MRTS,2025-10-25 23:04:12.293595
2024-12-01,4441,Building Material and Supplies Dealers,-2.1,True,CENSUS_MRTS,2025-10-25 23:04:12.293595
2024-06-01,4441,Building Material and Supplies Dealers,0.4,True,CENSUS_MRTS,2025-10-25 23:04:12.293595
2024-12-01,4441,Building Material and Supplies Dealers,0.5,True,CENSUS_MRTS,2025-10-25 23:04:12.293595
2024-07-01,4441,Building Material and Supplies Dealers,38843.0,False,CENSUS_MRTS,2025-10-25 23:04:12.293595
2024-12-01,4441,Building Material and Supplies Dealers,31874.0,False,CENSUS_MRTS,2025-10-25 23:04:12.293595
2024-06-01,4441,Building Material and Supplies Dealers,3.6,False,CENSUS_MRTS,2025-10-25 23:04:12.293595
