Date,Finished_Goods_Inventory,Inventory_Shipments_Ratio,Materials_Supplies_Inventory,New_Orders,Pct_Change_Finished_Inventory,Pct_Change_Materials_Inventory,Pct_Change_New_Orders,Pct_Change_Shipments_Value,Pct_Change_Total_Inventory,Pct_Change_Unfilled_Orders,Pct_Change_WIP_Inventory,Total_Inventories,Unfilled_Orders,Unfilled_Shipments_Ratio,Value_of_Shipments,Work_In_Process_Inventory,Adv_New_Orders,Adv_Pct_Change_New_Orders,Adv_Pct_Change_Shipments_Value,Adv_Pct_Change_Total_Inventory,Adv_Pct_Change_Unfilled_Orders,Adv_Total_Inventories,Adv_Unfilled_Orders,Adv_Value_of_Shipments,Private_Construction_E_T,Private_Construction_E_V,Private_Construction_T,Private_Construction_V,Residential_Construction_MPCT,Residential_Construction_MPCV,Total_Construction_E_P,Total_Construction_E_T,Total_Construction_P,Total_Construction_T,Building_Material_&_Garden_Equipment,Building_Material_and_Supplies_Dealers,Motor_Vehicle_Parts_Dealers,Housing_Completions_E_MULTI,Housing_Completions_E_SINGLE,Housing_Completions_E_TOTAL,Housing_Completions_MULTI,Housing_Completions_SINGLE,Housing_Completions_TOTAL,Housing_Permits_MULTI,Housing_Permits_SINGLE,Housing_Permits_TOTAL,Housing_Starts_E_MULTI,Housing_Starts_E_SINGLE,Housing_Starts_E_TOTAL,Housing_Starts_MULTI,Housing_Starts_SINGLE,Housing_Starts_TOTAL,Adv_New_Orders_Lag1mo,Adv_Pct_Change_New_Orders_Lag1mo,Adv_Pct_Change_Shipments_Value_Lag1mo,Adv_Pct_Change_Total_Inventory_Lag1mo,Adv_Pct_Change_Unfilled_Orders_Lag1mo,Adv_Total_Inventories_Lag1mo,Adv_Unfilled_Orders_Lag1mo,Adv_Value_of_Shipments_Lag1mo,Private_Construction_E_T_Lag1mo,Private_Construction_E_V_Lag1mo,Private_Construction_T_Lag1mo,Private_Construction_V_Lag1mo,Residential_Construction_MPCT_Lag1mo,Residential_Construction_MPCV_Lag1mo,Total_Construction_E_P_Lag1mo,Total_Construction_E_T_Lag1mo,Total_Construction_P_Lag1mo,Total_Construction_T_Lag1mo,Building_Material_&_Garden_Equipment_Lag1mo,Building_Material_and_Supplies_Dealers_Lag1mo,Motor_Vehicle_Parts_Dealers_Lag1mo,Housing_Completions_E_MULTI_Lag1mo,Housing_Completions_E_SINGLE_Lag1mo,Housing_Completions_E_TOTAL_Lag1mo,Housing_Completions_MULTI_Lag1mo,Housing_Completions_SINGLE_Lag1mo,Housing_Completions_TOTAL_Lag1mo,Housing_Permits_MULTI_Lag1mo,Housing_Permits_SINGLE_Lag1mo,Housing_Permits_TOTAL_Lag1mo,Housing_Starts_E_MULTI_Lag1mo,Housing_Starts_E_SINGLE_Lag1mo,Housing_Starts_E_TOTAL_Lag1mo,Housing_Starts_MULTI_Lag1mo,Housing_Starts_SINGLE_Lag1mo,Housing_Starts_TOTAL_Lag1mo,Adv_New_Orders_Lag2mo,Adv_Pct_Change_New_Orders_Lag2mo,Adv_Pct_Change_Shipments_Value_Lag2mo,Adv_Pct_Change_Total_Inventory_Lag2mo,Adv_Pct_Change_Unfilled_Orders_Lag2mo,Adv_Total_Inventories_Lag2mo,Adv_Unfilled_Orders_Lag2mo,Adv_Value_of_Shipments_Lag2mo,Private_Construction_E_T_Lag2mo,Private_Construction_E_V_Lag2mo,Private_Construction_T_Lag2mo,Private_Construction_V_Lag2mo,Residential_Construction_MPCT_Lag2mo,Residential_Construction_MPCV_Lag2mo,Total_Construction_E_P_Lag2mo,Total_Construction_E_T_Lag2mo,Total_Construction_P_Lag2mo,Total_Construction_T_Lag2mo,Building_Material_&_Garden_Equipment_Lag2mo,Building_Material_and_Supplies_Dealers_Lag2mo,Motor_Vehicle_Parts_Dealers_Lag2mo,Housing_Completions_E_MULTI_Lag2mo,Housing_Completions_E_SINGLE_Lag2mo,Housing_Completions_E_TOTAL_Lag2mo,Housing_Completions_MULTI_Lag2mo,Housing_Completions_SINGLE_Lag2mo,Housing_Completions_TOTAL_Lag2mo,Housing_Permits_MULTI_Lag2mo,Housing_Permits_SINGLE_Lag2mo,Housing_Permits_TOTAL_Lag2mo,Housing_Starts_E_MULTI_Lag2mo,Housing_Starts_E_SINGLE_Lag2mo,Housing_Starts_E_TOTAL_Lag2mo,Housing_Starts_MULTI_Lag2mo,Housing_Starts_SINGLE_Lag2mo,Housing_Starts_TOTAL_Lag2mo,Adv_New_Orders_Lag3mo,Adv_Pct_Change_New_Orders_Lag3mo,Adv_Pct_Change_Shipments_Value_Lag3mo,Adv_Pct_Change_Total_Inventory_Lag3mo,Adv_Pct_Change_Unfilled_Orders_Lag3mo,Adv_Total_Inventories_Lag3mo,Adv_Unfilled_Orders_Lag3mo,Adv_Value_of_Shipments_Lag3mo,Private_Construction_E_T_Lag3mo,Private_Construction_E_V_Lag3mo,Private_Construction_T_Lag3mo,Private_Construction_V_Lag3mo,Residential_Construction_MPCT_Lag3mo,Residential_Construction_MPCV_Lag3mo,Total_Construction_E_P_Lag3mo,Total_Construction_E_T_Lag3mo,Total_Construction_P_Lag3mo,Total_Construction_T_Lag3mo,Building_Material_&_Garden_Equipment_Lag3mo,Building_Material_and_Supplies_Dealers_Lag3mo,Motor_Vehicle_Parts_Dealers_Lag3mo,Housing_Completions_E_MULTI_Lag3mo,Housing_Completions_E_SINGLE_Lag3mo,Housing_Completions_E_TOTAL_Lag3mo,Housing_Completions_MULTI_Lag3mo,Housing_Completions_SINGLE_Lag3mo,Housing_Completions_TOTAL_Lag3mo,Housing_Permits_MULTI_Lag3mo,Housing_Permits_SINGLE_Lag3mo,Housing_Permits_TOTAL_Lag3mo,Housing_Starts_E_MULTI_Lag3mo,Housing_Starts_E_SINGLE_Lag3mo,Housing_Starts_E_TOTAL_Lag3mo,Housing_Starts_MULTI_Lag3mo,Housing_Starts_SINGLE_Lag3mo,Housing_Starts_TOTAL_Lag3mo,Adv_New_Orders_Lag6mo,Adv_Pct_Change_New_Orders_Lag6mo,Adv_Pct_Change_Shipments_Value_Lag6mo,Adv_Pct_Change_Total_Inventory_Lag6mo,Adv_Pct_Change_Unfilled_Orders_Lag6mo,Adv_Total_Inventories_Lag6mo,Adv_Unfilled_Orders_Lag6mo,Adv_Value_of_Shipments_Lag6mo,Private_Construction_E_T_Lag6mo,Private_Construction_E_V_Lag6mo,Private_Construction_T_Lag6mo,Private_Construction_V_Lag6mo,Residential_Construction_MPCT_Lag6mo,Residential_Construction_MPCV_Lag6mo,Total_Construction_E_P_Lag6mo,Total_Construction_E_T_Lag6mo,Total_Construction_P_Lag6mo,Total_Construction_T_Lag6mo,Building_Material_&_Garden_Equipment_Lag6mo,Building_Material_and_Supplies_Dealers_Lag6mo,Motor_Vehicle_Parts_Dealers_Lag6mo,Housing_Completions_E_MULTI_Lag6mo,Housing_Completions_E_SINGLE_Lag6mo,Housing_Completions_E_TOTAL_Lag6mo,Housing_Completions_MULTI_Lag6mo,Housing_Completions_SINGLE_Lag6mo,Housing_Completions_TOTAL_Lag6mo,Housing_Permits_MULTI_Lag6mo,Housing_Permits_SINGLE_Lag6mo,Housing_Permits_TOTAL_Lag6mo,Housing_Starts_E_MULTI_Lag6mo,Housing_Starts_E_SINGLE_Lag6mo,Housing_Starts_E_TOTAL_Lag6mo,Housing_Starts_MULTI_Lag6mo,Housing_Starts_SINGLE_Lag6mo,Housing_Starts_TOTAL_Lag6mo,Adv_New_Orders_Lag12mo,Adv_Pct_Change_New_Orders_Lag12mo,Adv_Pct_Change_Shipments_Value_Lag12mo,Adv_Pct_Change_Total_Inventory_Lag12mo,Adv_Pct_Change_Unfilled_Orders_Lag12mo,Adv_Total_Inventories_Lag12mo,Adv_Unfilled_Orders_Lag12mo,Adv_Value_of_Shipments_Lag12mo,Private_Construction_E_T_Lag12mo,Private_Construction_E_V_Lag12mo,Private_Construction_T_Lag12mo,Private_Construction_V_Lag12mo,Residential_Construction_MPCT_Lag12mo,Residential_Construction_MPCV_Lag12mo,Total_Construction_E_P_Lag12mo,Total_Construction_E_T_Lag12mo,Total_Construction_P_Lag12mo,Total_Construction_T_Lag12mo,Building_Material_&_Garden_Equipment_Lag12mo,Building_Material_and_Supplies_Dealers_Lag12mo,Motor_Vehicle_Parts_Dealers_Lag12mo,Housing_Completions_E_MULTI_Lag12mo,Housing_Completions_E_SINGLE_Lag12mo,Housing_Completions_E_TOTAL_Lag12mo,Housing_Completions_MULTI_Lag12mo,Housing_Completions_SINGLE_Lag12mo,Housing_Completions_TOTAL_Lag12mo,Housing_Permits_MULTI_Lag12mo,Housing_Permits_SINGLE_Lag12mo,Housing_Permits_TOTAL_Lag12mo,Housing_Starts_E_MULTI_Lag12mo,Housing_Starts_E_SINGLE_Lag12mo,Housing_Starts_E_TOTAL_Lag12mo,Housing_Starts_MULTI_Lag12mo,Housing_Starts_SINGLE_Lag12mo,Housing_Starts_TOTAL_Lag12mo,Adv_New_Orders_MA3mo,Adv_Pct_Change_New_Orders_MA3mo,Adv_Pct_Change_Shipments_Value_MA3mo,Adv_Pct_Change_Total_Inventory_MA3mo,Adv_Pct_Change_Unfilled_Orders_MA3mo,Adv_Total_Inventories_MA3mo,Adv_Unfilled_Orders_MA3mo,Adv_Value_of_Shipments_MA3mo,Private_Construction_E_T_MA3mo,Private_Construction_E_V_MA3mo,Private_Construction_T_MA3mo,Private_Construction_V_MA3mo,Residential_Construction_MPCT_MA3mo,Residential_Construction_MPCV_MA3mo,Total_Construction_E_P_MA3mo,Total_Construction_E_T_MA3mo,Total_Construction_P_MA3mo,Total_Construction_T_MA3mo,Building_Material_&_Garden_Equipment_MA3mo,Building_Material_and_Supplies_Dealers_MA3mo,Motor_Vehicle_Parts_Dealers_MA3mo,Housing_Completions_E_MULTI_MA3mo,Housing_Completions_E_SINGLE_MA3mo,Housing_Completions_E_TOTAL_MA3mo,Housing_Completions_MULTI_MA3mo,Housing_Completions_SINGLE_MA3mo,Housing_Completions_TOTAL_MA3mo,Housing_Permits_MULTI_MA3mo,Housing_Permits_SINGLE_MA3mo,Housing_Permits_TOTAL_MA3mo,Housing_Starts_E_MULTI_MA3mo,Housing_Starts_E_SINGLE_MA3mo,Housing_Starts_E_TOTAL_MA3mo,Housing_Starts_MULTI_MA3mo,Housing_Starts_SINGLE_MA3mo,Housing_Starts_TOTAL_MA3mo,Adv_New_Orders_MA6mo,Adv_Pct_Change_New_Orders_MA6mo,Adv_Pct_Change_Shipments_Value_MA6mo,Adv_Pct_Change_Total_Inventory_MA6mo,Adv_Pct_Change_Unfilled_Orders_MA6mo,Adv_Total_Inventories_MA6mo,Adv_Unfilled_Orders_MA6mo,Adv_Value_of_Shipments_MA6mo,Private_Construction_E_T_MA6mo,Private_Construction_E_V_MA6mo,Private_Construction_T_MA6mo,Private_Construction_V_MA6mo,Residential_Construction_MPCT_MA6mo,Residential_Construction_MPCV_MA6mo,Total_Construction_E_P_MA6mo,Total_Construction_E_T_MA6mo,Total_Construction_P_MA6mo,Total_Construction_T_MA6mo,Building_Material_&_Garden_Equipment_MA6mo,Building_Material_and_Supplies_Dealers_MA6mo,Motor_Vehicle_Parts_Dealers_MA6mo,Housing_Completions_E_MULTI_MA6mo,Housing_Completions_E_SINGLE_MA6mo,Housing_Completions_E_TOTAL_MA6mo,Housing_Completions_MULTI_MA6mo,Housing_Completions_SINGLE_MA6mo,Housing_Completions_TOTAL_MA6mo,Housing_Permits_MULTI_MA6mo,Housing_Permits_SINGLE_MA6mo,Housing_Permits_TOTAL_MA6mo,Housing_Starts_E_MULTI_MA6mo,Housing_Starts_E_SINGLE_MA6mo,Housing_Starts_E_TOTAL_MA6mo,Housing_Starts_MULTI_MA6mo,Housing_Starts_SINGLE_MA6mo,Housing_Starts_TOTAL_MA6mo,Adv_New_Orders_MA12mo,Adv_Pct_Change_New_Orders_MA12mo,Adv_Pct_Change_Shipments_Value_MA12mo,Adv_Pct_Change_Total_Inventory_MA12mo,Adv_Pct_Change_Unfilled_Orders_MA12mo,Adv_Total_Inventories_MA12mo,Adv_Unfilled_Orders_MA12mo,Adv_Value_of_Shipments_MA12mo,Private_Construction_E_T_MA12mo,Private_Construction_E_V_MA12mo,Private_Construction_T_MA12mo,Private_Construction_V_MA12mo,Residential_Construction_MPCT_MA12mo,Residential_Construction_MPCV_MA12mo,Total_Construction_E_P_MA12mo,Total_Construction_E_T_MA12mo,Total_Construction_P_MA12mo,Total_Construction_T_MA12mo,Building_Material_&_Garden_Equipment_MA12mo,Building_Material_and_Supplies_Dealers_MA12mo,Motor_Vehicle_Parts_Dealers_MA12mo,Housing_Completions_E_MULTI_MA12mo,Housing_Completions_E_SINGLE_MA12mo,Housing_Completions_E_TOTAL_MA12mo,Housing_Completions_MULTI_MA12mo,Housing_Completions_SINGLE_MA12mo,Housing_Completions_TOTAL_MA12mo,Housing_Permits_MULTI_MA12mo,Housing_Permits_SINGLE_MA12mo,Housing_Permits_TOTAL_MA12mo,Housing_Starts_E_MULTI_MA12mo,Housing_Starts_E_SINGLE_MA12mo,Housing_Starts_E_TOTAL_MA12mo,Housing_Starts_MULTI_MA12mo,Housing_Starts_SINGLE_MA12mo,Housing_Starts_TOTAL_MA12mo,Adv_New_Orders_MoM_Growth,Adv_New_Orders_YoY_Growth,Adv_Pct_Change_New_Orders_MoM_Growth,Adv_Pct_Change_New_Orders_YoY_Growth,Adv_Pct_Change_Shipments_Value_MoM_Growth,Adv_Pct_Change_Shipments_Value_YoY_Growth,Adv_Pct_Change_Total_Inventory_MoM_Growth,Adv_Pct_Change_Total_Inventory_YoY_Growth,Adv_Pct_Change_Unfilled_Orders_MoM_Growth,Adv_Pct_Change_Unfilled_Orders_YoY_Growth,Adv_Total_Inventories_MoM_Growth,Adv_Total_Inventories_YoY_Growth,Adv_Unfilled_Orders_MoM_Growth,Adv_Unfilled_Orders_YoY_Growth,Adv_Value_of_Shipments_MoM_Growth,Adv_Value_of_Shipments_YoY_Growth,Private_Construction_E_T_MoM_Growth,Private_Construction_E_T_YoY_Growth,Private_Construction_E_V_MoM_Growth,Private_Construction_E_V_YoY_Growth,Private_Construction_T_MoM_Growth,Private_Construction_T_YoY_Growth,Private_Construction_V_MoM_Growth,Private_Construction_V_YoY_Growth,Residential_Construction_MPCT_MoM_Growth,Residential_Construction_MPCT_YoY_Growth,Residential_Construction_MPCV_MoM_Growth,Residential_Construction_MPCV_YoY_Growth,Total_Construction_E_P_MoM_Growth,Total_Construction_E_P_YoY_Growth,Total_Construction_E_T_MoM_Growth,Total_Construction_E_T_YoY_Growth,Total_Construction_P_MoM_Growth,Total_Construction_P_YoY_Growth,Total_Construction_T_MoM_Growth,Total_Construction_T_YoY_Growth,Building_Material_&_Garden_Equipment_MoM_Growth,Building_Material_&_Garden_Equipment_YoY_Growth,Building_Material_and_Supplies_Dealers_MoM_Growth,Building_Material_and_Supplies_Dealers_YoY_Growth,Motor_Vehicle_Parts_Dealers_MoM_Growth,Motor_Vehicle_Parts_Dealers_YoY_Growth,Housing_Completions_E_MULTI_MoM_Growth,Housing_Completions_E_MULTI_YoY_Growth,Housing_Completions_E_SINGLE_MoM_Growth,Housing_Completions_E_SINGLE_YoY_Growth,Housing_Completions_E_TOTAL_MoM_Growth,Housing_Completions_E_TOTAL_YoY_Growth,Housing_Completions_MULTI_MoM_Growth,Housing_Completions_MULTI_YoY_Growth,Housing_Completions_SINGLE_MoM_Growth,Housing_Completions_SINGLE_YoY_Growth,Housing_Completions_TOTAL_MoM_Growth,Housing_Completions_TOTAL_YoY_Growth,Housing_Permits_MULTI_MoM_Growth,Housing_Permits_MULTI_YoY_Growth,Housing_Permits_SINGLE_MoM_Growth,Housing_Permits_SINGLE_YoY_Growth,Housing_Permits_TOTAL_MoM_Growth,Housing_Permits_TOTAL_YoY_Growth,Housing_Starts_E_MULTI_MoM_Growth,Housing_Starts_E_MULTI_YoY_Growth,Housing_Starts_E_SINGLE_MoM_Growth,Housing_Starts_E_SINGLE_YoY_Growth,Housing_Starts_E_TOTAL_MoM_Growth,Housing_Starts_E_TOTAL_YoY_Growth,Housing_Starts_MULTI_MoM_Growth,Housing_Starts_MULTI_YoY_Growth,Housing_Starts_SINGLE_MoM_Growth,Housing_Starts_SINGLE_YoY_Growth,Housing_Starts_TOTAL_MoM_Growth,Housing_Starts_TOTAL_YoY_Growth,Year,Month,Quarter,Is_Q1,Is_Q2,Is_Q3,Is_Q4
2015-01-01,686178.0,34.74,650808.0,3187056.0,-4.299999999999999,-5.199999999999999,120.39999999999999,-246.0,4.400000000000003,-11.2,-0.6000000000000001,5475399.0,10012989.0,50.11,3800305.0,589662.0,1278481.0,31.399999999999995,-59.9,18.3,-5.5,2375342.0,8139510.0,1304104.0,25.6,0.0,18292.0,18133.0,7.1,7.2,3.8,3.7,8047.0,8410.0,26312.0,1.1,182005.0,14.0,10.0,10.0,289.0,104.0,223.0,362.0,99.0,140.0,12.0,10.0,13.0,376.0,97.0,140.0,,,,,,,,,,,,,,,,,,,,,,,,,,,,,,,,,,,,,,,,,,,,,,,,,,,,,,,,,,,,,,,,,,,,,,,,,,,,,,,,,,,,,,,,,,,,,,,,,,,,,,,,,,,,,,,,,,,,,,,,,,,,,,,,,,,,,,,,,,,,,,,,,,,,,,,,,,,,,,,,,,,,,,,,,,,,,,,,,,,,,,,,,,,,,,,,,,,,,,,,,,,,,,,,,,,,,,,,,,,,,,,,,,,,,,,,,,,,,,,,,,,,,,,,,,,,,,,,,,,,,,,,,,,,,,,,,,,,,,,,,,,,,,,,,,,,,,,,,,,,,,,,,,,,,,,,,,,,,,,,,,,,,,,,,,,,,,,,,,,,,,,,,,,,,,,,,,,,,,,,,2015,1,1,1,0,0,0
2015-02-01,683367.0,35.11,651933.0,3131957.0,-0.3000000000000005,-1.2999999999999998,-160.1,-3.6000000000000005,19.4,-33.300000000000004,0.30000000000000004,5478979.0,9948150.0,50.12,3813001.0,592536.0,1230818.0,-108.4,-9.0,9.299999999999999,-11.200000000000001,2380789.0,8086271.0,1300525.0,24.4,0.0,18681.0,18592.0,4.6,4.5,3.7,3.7,8110.0,8436.0,25376.0,1.5,182381.0,14.0,11.0,10.0,244.0,96.0,199.0,472.0,88.0,161.0,13.0,10.0,14.0,294.0,76.0,97.0,1278481.0,31.399999999999995,-59.9,18.3,-5.5,2375342.0,8139510.0,1304104.0,25.6,0.0,18292.0,18133.0,7.1,7.2,3.8,3.7,8047.0,8410.0,26312.0,1.1,182005.0,14.0,10.0,10.0,289.0,104.0,223.0,362.0,99.0,140.0,12.0,10.0,13.0,376.0,97.0,140.0,,,,,,,,,,,,,,,,,,,,,,,,,,,,,,,,,,,,,,,,,,,,,,,,,,,,,,,,,,,,,,,,,,,,,,,,,,,,,,,,,,,,,,,,,,,,,,,,,,,,,,,,,,,,,,,,,,,,,,,,,,,,,,,,,,,,,,,,,,,,,,,,,,,,,,,,,,,,,,,,,,,,,,,,,,,,,,,,,,,,,,,,,,,,,,,,,,,,,,,,,,,,,,,,,,,,,,,,,,,,,,,,,,,,,,,,,,,,,,,,,,,,,,,,,,,,,-3.7280960765158078,,-445.2229299363058,,-84.97495826377295,,-49.18032786885247,,103.63636363636365,,0.22931434715505183,,-0.6540811424766368,,-0.274441302227435,,-4.687500000000011,,,,2.1266127268751323,,2.5312965311862445,,-35.2112676056338,,-37.5,,-2.631578947368407,,0.0,,0.7829004597986744,,0.3091557669441247,,-3.5573122529644285,,36.36363636363635,,0.20658773110628914,,0.0,,10.000000000000009,,0.0,,-15.570934256055368,,-7.692307692307687,,-10.76233183856502,,30.386740331491712,,-11.111111111111116,,14.999999999999991,,8.333333333333325,,0.0,,7.692307692307687,,-21.808510638297875,,-21.649484536082475,,-30.714285714285715,,2015,2,1,1,0,0,0
2015-03-01,686514.0,34.89,651024.0,3233526.0,12.4,1.7000000000000002,424.9,217.5,7.599999999999998,5.300000000000001,0.9999999999999993,5484311.0,9932819.0,48.97,3857105.0,591585.0,1302048.0,273.9,66.3,-4.6,-5.6,2380513.0,8076402.0,1327209.0,23.4,0.0,19643.0,19369.0,0.7,0.5,3.7,3.7,8284.0,8642.0,26305.0,1.1,182864.0,13.0,11.0,10.0,193.0,82.0,198.0,387.0,99.0,153.0,13.0,11.0,15.0,313.0,89.0,144.0,1230818.0,-108.4,-9.0,9.299999999999999,-11.200000000000001,2380789.0,8086271.0,1300525.0,24.4,0.0,18681.0,18592.0,4.6,4.5,3.7,3.7,8110.0,8436.0,25376.0,1.5,182381.0,14.0,11.0,10.0,244.0,96.0,199.0,472.0,88.0,161.0,13.0,10.0,14.0,294.0,76.0,97.0,1278481.0,31.399999999999995,-59.9,18.3,-5.5,2375342.0,8139510.0,1304104.0,25.6,0.0,18292.0,18133.0,7.1,7.2,3.8,3.7,8047.0,8410.0,26312.0,1.1,182005.0,14.0,10.0,10.0,289.0,104.0,223.0,362.0,99.0,140.0,12.0,10.0,13.0,376.0,97.0,140.0,,,,,,,,,,,,,,,,,,,,,,,,,,,,,,,,,,,,,,,,,,,,,,,,,,,,,,,,,,,,,,,,,,,,,,,,,,,,,,,,,,,,,,,,,,,,,,,,,,,,,,,,,,,,,1270449.0,65.63333333333333,-0.8666666666666648,7.666666666666667,-7.433333333333334,2378881.3333333335,8100727.666666667,1310612.6666666667,24.46666666666667,0.0,18872.0,18698.0,4.133333333333333,4.066666666666666,3.733333333333333,3.7,8147.0,8496.0,25997.666666666668,1.2333333333333334,182416.66666666666,13.666666666666666,10.666666666666666,10.0,242.0,94.0,206.66666666666666,407.0,95.33333333333333,151.33333333333334,12.666666666666666,10.333333333333334,14.0,327.6666666666667,87.33333333333333,127.0,,,,,,,,,,,,,,,,,,,,,,,,,,,,,,,,,,,,,,,,,,,,,,,,,,,,,,,,,,,,,,,,,,,,,,,,,5.7872081818757914,,-352.6752767527675,,-836.6666666666667,,-149.46236559139786,,-50.0,,-0.011592795497628039,,-0.12204636723156526,,2.051786778416398,,-4.098360655737709,,,,5.149617258176753,,4.17921686746987,,-84.78260869565217,,-88.88888888888889,,0.0,,0.0,,2.1454993834771896,,2.4419155998103292,,3.6609394703656983,,-26.66666666666666,,0.26483021805998597,,-7.14285714285714,,0.0,,0.0,,-20.90163934426229,,-14.583333333333337,,-0.5025125628140725,,-18.008474576271183,,12.5,,-4.968944099378881,,0.0,,10.000000000000009,,7.14285714285714,,6.4625850340136015,,17.105263157894733,,48.453608247422686,,2015,3,1,1,0,0,0
2015-04-01,687138.0,34.96,651090.0,3195428.0,1.1,1.4999999999999998,-96.69999999999999,-34.2,54.3,11.399999999999999,-1.3000000000000007,5493605.0,9898906.0,48.72,3842372.0,593511.0,1278497.0,-63.2,-9.399999999999999,14.6,-1.8000000000000005,2389847.0,8049426.0,1323329.0,22.9,0.0,21051.0,20941.0,2.6,2.7,3.7,3.6,8007.0,8299.0,26563.0,1.3,184687.0,13.0,12.0,9.0,300.0,125.0,232.0,454.0,101.0,147.0,13.0,16.0,14.0,429.0,56.0,168.0,1302048.0,273.9,66.3,-4.6,-5.6,2380513.0,8076402.0,1327209.0,23.4,0.0,19643.0,19369.0,0.7,0.5,3.7,3.7,8284.0,8642.0,26305.0,1.1,182864.0,13.0,11.0,10.0,193.0,82.0,198.0,387.0,99.0,153.0,13.0,11.0,15.0,313.0,89.0,144.0,1230818.0,-108.4,-9.0,9.299999999999999,-11.200000000000001,2380789.0,8086271.0,1300525.0,24.4,0.0,18681.0,18592.0,4.6,4.5,3.7,3.7,8110.0,8436.0,25376.0,1.5,182381.0,14.0,11.0,10.0,244.0,96.0,199.0,472.0,88.0,161.0,13.0,10.0,14.0,294.0,76.0,97.0,1278481.0,31.399999999999995,-59.9,18.3,-5.5,2375342.0,8139510.0,1304104.0,25.6,0.0,18292.0,18133.0,7.1,7.2,3.8,3.7,8047.0,8410.0,26312.0,1.1,182005.0,14.0,10.0,10.0,289.0,104.0,223.0,362.0,99.0,140.0,12.0,10.0,13.0,376.0,97.0,140.0,,,,,,,,,,,,,,,,,,,,,,,,,,,,,,,,,,,,,,,,,,,,,,,,,,,,,,,,,,,,,,,,,,,,,,,,,1270454.3333333333,34.09999999999999,15.966666666666669,6.433333333333333,-6.2,2383716.3333333335,8070699.666666667,1317021.0,23.566666666666663,0.0,19791.666666666668,19634.0,2.6333333333333333,2.566666666666667,3.7,3.6666666666666665,8133.666666666667,8459.0,26081.333333333332,1.3,183310.66666666666,13.333333333333334,11.333333333333334,9.666666666666666,245.66666666666666,101.0,209.66666666666666,437.6666666666667,96.0,153.66666666666666,13.0,12.333333333333334,14.333333333333334,345.3333333333333,73.66666666666667,136.33333333333334,,,,,,,,,,,,,,,,,,,,,,,,,,,,,,,,,,,,,,,,,,,,,,,,,,,,,,,,,,,,,,,,,,,,,,,,,-1.808765882670993,,-123.07411464037969,,-114.17797888386123,,-417.3913043478262,,-67.85714285714283,,0.39210035820009814,,-0.3340101198528789,,-0.29234280358255704,,-2.1367521367521403,,,,7.167947869470037,,8.11606174815427,,271.4285714285715,,440.00000000000006,,0.0,,-2.7027027027027084,,-3.3437952679864824,,-3.968988660032402,,0.9808021288728375,,18.181818181818166,,0.9969157406597207,,0.0,,9.090909090909083,,-9.999999999999998,,55.44041450777202,,52.4390243902439,,17.17171717171717,,17.312661498708003,,2.020202020202011,,-3.9215686274509776,,0.0,,45.45454545454546,,-6.666666666666665,,37.06070287539936,,-37.07865168539326,,16.666666666666675,,2015,4,2,0,1,0,0
2015-05-01,687744.0,35.37,649695.0,3124221.0,10.2,4.0,-160.5,-86.3,14.999999999999998,-41.1,9.600000000000001,5497539.0,9824498.0,49.43,3817935.0,596472.0,1224591.0,-97.5,-37.9,-2.9,-14.5,2383588.0,7988583.0,1303550.0,21.6,0.0,21811.0,21653.0,1.8,1.7,3.6,3.5,7928.0,8164.0,26619.0,1.3,185582.0,13.0,12.0,10.0,364.0,101.0,220.0,535.0,108.0,175.0,14.0,11.0,14.0,362.0,102.0,145.0,1278497.0,-63.2,-9.399999999999999,14.6,-1.8000000000000005,2389847.0,8049426.0,1323329.0,22.9,0.0,21051.0,20941.0,2.6,2.7,3.7,3.6,8007.0,8299.0,26563.0,1.3,184687.0,13.0,12.0,9.0,300.0,125.0,232.0,454.0,101.0,147.0,13.0,16.0,14.0,429.0,56.0,168.0,1302048.0,273.9,66.3,-4.6,-5.6,2380513.0,8076402.0,1327209.0,23.4,0.0,19643.0,19369.0,0.7,0.5,3.7,3.7,8284.0,8642.0,26305.0,1.1,182864.0,13.0,11.0,10.0,193.0,82.0,198.0,387.0,99.0,153.0,13.0,11.0,15.0,313.0,89.0,144.0,1230818.0,-108.4,-9.0,9.299999999999999,-11.200000000000001,2380789.0,8086271.0,1300525.0,24.4,0.0,18681.0,18592.0,4.6,4.5,3.7,3.7,8110.0,8436.0,25376.0,1.5,182381.0,14.0,11.0,10.0,244.0,96.0,199.0,472.0,88.0,161.0,13.0,10.0,14.0,294.0,76.0,97.0,,,,,,,,,,,,,,,,,,,,,,,,,,,,,,,,,,,,,,,,,,,,,,,,,,,,,,,,,,,,,,,,,,,,,,,,,1268378.6666666667,37.73333333333333,6.333333333333336,2.3666666666666667,-7.3,2384649.3333333335,8038137.0,1318029.3333333333,22.633333333333336,0.0,20835.0,20654.333333333332,1.7,1.6333333333333335,3.6666666666666665,3.6,8073.0,8368.333333333334,26495.666666666668,1.2333333333333334,184377.66666666666,13.0,11.666666666666666,9.666666666666666,285.6666666666667,102.66666666666667,216.66666666666666,458.6666666666667,102.66666666666667,158.33333333333334,13.333333333333334,12.666666666666666,14.333333333333334,368.0,82.33333333333333,152.33333333333334,,,,,,,,,,,,,,,,,,,,,,,,,,,,,,,,,,,,,,,,,,,,,,,,,,,,,,,,,,,,,,,,,,,,,,,,,-4.216357175652352,,54.27215189873418,,303.19148936170217,,-119.86301369863013,,705.5555555555553,,-0.2618996111466543,,-0.7558675612397758,,-1.4946396549913143,,-5.676855895196498,,,,3.610279796684246,,3.400028651926834,,-30.76923076923077,,-37.037037037037045,,-2.7027027027027084,,-2.777777777777779,,-0.9866366928937165,,-1.6267020122906373,,0.2108195610435626,,0.0,,0.4846036808221488,,0.0,,0.0,,11.111111111111116,,21.333333333333336,,-19.199999999999996,,-5.1724137931034475,,17.84140969162995,,6.930693069306937,,19.047619047619047,,7.692307692307687,,-31.25,,0.0,,-15.617715617715621,,82.14285714285714,,-13.690476190476186,,2015,5,2,0,1,0,0
2015-06-01,685161.0,35.38,653130.0,3226569.0,-0.8000000000000005,13.8,292.5,143.0,57.900000000000006,1.8000000000000005,20.9,5520875.0,9820973.0,48.87,3841621.0,604644.0,1296842.0,223.20000000000002,46.3,14.999999999999998,2.2,2398755.0,7986234.0,1316279.0,21.1,0.0,21654.0,21457.0,5.2,5.2,3.6,3.6,8349.0,8572.0,26331.0,1.7,186627.0,14.0,13.0,9.0,319.0,95.0,212.0,638.0,110.0,185.0,16.0,11.0,24.0,491.0,100.0,219.0,1224591.0,-97.5,-37.9,-2.9,-14.5,2383588.0,7988583.0,1303550.0,21.6,0.0,21811.0,21653.0,1.8,1.7,3.6,3.5,7928.0,8164.0,26619.0,1.3,185582.0,13.0,12.0,10.0,364.0,101.0,220.0,535.0,108.0,175.0,14.0,11.0,14.0,362.0,102.0,145.0,1278497.0,-63.2,-9.399999999999999,14.6,-1.8000000000000005,2389847.0,8049426.0,1323329.0,22.9,0.0,21051.0,20941.0,2.6,2.7,3.7,3.6,8007.0,8299.0,26563.0,1.3,184687.0,13.0,12.0,9.0,300.0,125.0,232.0,454.0,101.0,147.0,13.0,16.0,14.0,429.0,56.0,168.0,1302048.0,273.9,66.3,-4.6,-5.6,2380513.0,8076402.0,1327209.0,23.4,0.0,19643.0,19369.0,0.7,0.5,3.7,3.7,8284.0,8642.0,26305.0,1.1,182864.0,13.0,11.0,10.0,193.0,82.0,198.0,387.0,99.0,153.0,13.0,11.0,15.0,313.0,89.0,144.0,,,,,,,,,,,,,,,,,,,,,,,,,,,,,,,,,,,,,,,,,,,,,,,,,,,,,,,,,,,,,,,,,,,,,,,,,1266643.3333333333,20.833333333333343,-0.333333333333331,8.899999999999999,-4.699999999999999,2390730.0,8008081.0,1314386.0,21.866666666666664,0.0,21505.333333333332,21350.333333333332,3.1999999999999997,3.2000000000000006,3.6333333333333333,3.5666666666666664,8094.666666666667,8345.0,26504.333333333332,1.4333333333333333,185632.0,13.333333333333334,12.333333333333334,9.333333333333334,327.6666666666667,107.0,221.33333333333334,542.3333333333334,106.33333333333333,169.0,14.333333333333334,12.666666666666666,17.333333333333332,427.3333333333333,86.0,177.33333333333334,1268546.1666666667,43.23333333333333,-0.5999999999999991,8.283333333333333,-6.066666666666666,2384805.6666666665,8054404.333333333,1312499.3333333333,23.166666666666668,0.0,20188.666666666668,20024.166666666668,3.6666666666666665,3.6333333333333333,3.6833333333333336,3.6333333333333333,8120.833333333333,8420.5,26251.0,1.3333333333333333,184024.33333333334,13.5,11.5,9.666666666666666,284.8333333333333,100.5,214.0,474.6666666666667,100.83333333333333,160.16666666666666,13.5,11.5,15.666666666666666,377.5,86.66666666666667,152.16666666666666,,,,,,,,,,,,,,,,,,,,,,,,,,,,,,,,,,,,,5.900010697449187,,-328.92307692307696,,-222.16358839050133,,-617.2413793103448,,-115.17241379310346,,0.6363096306912119,,-0.02940446384546158,,0.9764872847224826,,-2.314814814814814,,,,-0.7198202741735771,,-0.9051863483120148,,188.88888888888889,,205.8823529411765,,0.0,,2.857142857142869,,5.3102926337033285,,4.9975502204801625,,-1.0819339569480446,,30.76923076923077,,0.5630934034550839,,7.692307692307687,,8.333333333333325,,-9.999999999999998,,-12.362637362637363,,-5.940594059405946,,-3.6363636363636376,,19.25233644859814,,1.85185185185186,,5.714285714285716,,14.28571428571428,,0.0,,71.42857142857142,,35.635359116022094,,-1.9607843137254943,,51.03448275862068,,2015,6,2,0,1,0,0
2015-07-01,687468.0,35.35,648339.0,3200297.0,11.8,-7.800000000000001,-19.100000000000005,-8.700000000000001,-16.0,-37.3,-13.0,5517579.0,9797939.0,48.57,3828864.0,605649.0,1284345.0,-48.6,-9.3,-2.1999999999999997,-10.6,2400528.0,7970189.0,1316286.0,20.2,0.0,22497.0,22292.0,-6.3,-6.4,3.5,3.5,8333.0,8498.0,27215.0,1.5,188187.0,14.0,13.0,9.0,340.0,100.0,223.0,410.0,110.0,175.0,16.0,10.0,12.0,376.0,121.0,172.0,1296842.0,223.20000000000002,46.3,14.999999999999998,2.2,2398755.0,7986234.0,1316279.0,21.1,0.0,21654.0,21457.0,5.2,5.2,3.6,3.6,8349.0,8572.0,26331.0,1.7,186627.0,14.0,13.0,9.0,319.0,95.0,212.0,638.0,110.0,185.0,16.0,11.0,24.0,491.0,100.0,219.0,1224591.0,-97.5,-37.9,-2.9,-14.5,2383588.0,7988583.0,1303550.0,21.6,0.0,21811.0,21653.0,1.8,1.7,3.6,3.5,7928.0,8164.0,26619.0,1.3,185582.0,13.0,12.0,10.0,364.0,101.0,220.0,535.0,108.0,175.0,14.0,11.0,14.0,362.0,102.0,145.0,1278497.0,-63.2,-9.399999999999999,14.6,-1.8000000000000005,2389847.0,8049426.0,1323329.0,22.9,0.0,21051.0,20941.0,2.6,2.7,3.7,3.6,8007.0,8299.0,26563.0,1.3,184687.0,13.0,12.0,9.0,300.0,125.0,232.0,454.0,101.0,147.0,13.0,16.0,14.0,429.0,56.0,168.0,1278481.0,31.399999999999995,-59.9,18.3,-5.5,2375342.0,8139510.0,1304104.0,25.6,0.0,18292.0,18133.0,7.1,7.2,3.8,3.7,8047.0,8410.0,26312.0,1.1,182005.0,14.0,10.0,10.0,289.0,104.0,223.0,362.0,99.0,140.0,12.0,10.0,13.0,376.0,97.0,140.0,,,,,,,,,,,,,,,,,,,,,,,,,,,,,,,,,,,,,1268592.6666666667,25.700000000000006,-0.2999999999999983,3.2999999999999994,-7.633333333333333,2394290.3333333335,7981668.666666667,1312038.3333333333,20.96666666666667,0.0,21987.333333333332,21800.666666666668,0.2333333333333334,0.16666666666666666,3.5666666666666664,3.5333333333333337,8203.333333333334,8411.333333333334,26721.666666666668,1.5,186798.66666666666,13.666666666666666,12.666666666666666,9.333333333333334,341.0,98.66666666666667,218.33333333333334,527.6666666666666,109.33333333333333,178.33333333333334,15.333333333333334,10.666666666666666,16.666666666666668,409.6666666666667,107.66666666666667,178.66666666666666,1269523.5,29.900000000000002,7.833333333333333,4.866666666666666,-6.916666666666667,2389003.3333333335,8026184.166666667,1314529.6666666667,22.266666666666666,0.0,20889.5,20717.333333333332,1.4333333333333333,1.366666666666667,3.6333333333333333,3.6,8168.5,8435.166666666666,26401.5,1.4000000000000001,185054.66666666666,13.5,12.0,9.5,293.3333333333333,99.83333333333333,214.0,482.6666666666667,102.66666666666667,166.0,14.166666666666666,11.5,15.5,377.5,90.66666666666667,157.5,,,,,,,,,,,,,,,,,,,,,,,,,,,,,,,,,,,,,-0.9636486171792691,,-121.7741935483871,,-120.08639308855291,,-114.66666666666667,,-581.8181818181818,,0.07391334254644999,,-0.20090821280718263,,0.0005318021483180502,,-4.2654028436019065,,,,3.893045164865616,,3.8915039381087757,,-221.15384615384616,,-223.0769230769231,,-2.777777777777779,,-2.777777777777779,,-0.1916397173314155,,-0.8632757816145586,,3.3572595040066933,,-11.764705882352944,,0.8358919127457343,,0.0,,0.0,,0.0,,6.583072100313481,,5.263157894736836,,5.188679245283012,,-35.73667711598746,,0.0,,-5.405405405405405,,0.0,,-9.090909090909093,,-50.0,,-23.42158859470469,,20.999999999999996,,-21.461187214611876,,2015,7,3,0,0,1,0
2015-08-01,683751.0,35.5,647778.0,3138273.0,-7.8999999999999995,-5.3999999999999995,-53.900000000000006,-59.0,-30.8,-18.1,-6.999999999999999,5496428.0,9749199.0,48.27,3786779.0,603456.0,1253951.0,-50.1,-6.1,-3.1999999999999997,-7.9,2394395.0,7928257.0,1313191.0,19.6,0.0,22814.0,22607.0,1.4,1.6,3.5,3.5,8363.0,8503.0,27209.0,1.7,189682.0,14.0,12.0,9.0,307.0,106.0,256.0,417.0,106.0,174.0,16.0,9.0,11.0,390.0,110.0,151.0,1284345.0,-48.6,-9.3,-2.1999999999999997,-10.6,2400528.0,7970189.0,1316286.0,20.2,0.0,22497.0,22292.0,-6.3,-6.4,3.5,3.5,8333.0,8498.0,27215.0,1.5,188187.0,14.0,13.0,9.0,340.0,100.0,223.0,410.0,110.0,175.0,16.0,10.0,12.0,376.0,121.0,172.0,1296842.0,223.20000000000002,46.3,14.999999999999998,2.2,2398755.0,7986234.0,1316279.0,21.1,0.0,21654.0,21457.0,5.2,5.2,3.6,3.6,8349.0,8572.0,26331.0,1.7,186627.0,14.0,13.0,9.0,319.0,95.0,212.0,638.0,110.0,185.0,16.0,11.0,24.0,491.0,100.0,219.0,1224591.0,-97.5,-37.9,-2.9,-14.5,2383588.0,7988583.0,1303550.0,21.6,0.0,21811.0,21653.0,1.8,1.7,3.6,3.5,7928.0,8164.0,26619.0,1.3,185582.0,13.0,12.0,10.0,364.0,101.0,220.0,535.0,108.0,175.0,14.0,11.0,14.0,362.0,102.0,145.0,1230818.0,-108.4,-9.0,9.299999999999999,-11.200000000000001,2380789.0,8086271.0,1300525.0,24.4,0.0,18681.0,18592.0,4.6,4.5,3.7,3.7,8110.0,8436.0,25376.0,1.5,182381.0,14.0,11.0,10.0,244.0,96.0,199.0,472.0,88.0,161.0,13.0,10.0,14.0,294.0,76.0,97.0,,,,,,,,,,,,,,,,,,,,,,,,,,,,,,,,,,,,,1278379.3333333333,41.50000000000001,10.299999999999999,3.1999999999999993,-5.433333333333334,2397892.6666666665,7961560.0,1315252.0,20.3,0.0,22321.666666666668,22118.666666666668,0.10000000000000002,0.1333333333333334,3.5333333333333337,3.5333333333333337,8348.333333333334,8524.333333333334,26918.333333333332,1.6333333333333335,188165.33333333334,14.0,12.666666666666666,9.0,322.0,100.33333333333333,230.33333333333334,488.3333333333333,108.66666666666667,178.0,16.0,10.0,15.666666666666666,419.0,110.33333333333333,180.66666666666666,1273379.0,39.61666666666667,8.316666666666668,2.783333333333333,-6.366666666666666,2391271.0,7999848.5,1316640.6666666667,21.46666666666667,0.0,21578.333333333332,21386.5,0.9,0.8833333333333334,3.6,3.5666666666666664,8210.666666666666,8446.333333333334,26707.0,1.4333333333333336,186271.5,13.5,12.166666666666666,9.333333333333334,303.8333333333333,101.5,223.5,473.5,105.66666666666667,168.16666666666666,14.666666666666666,11.333333333333334,15.0,393.5,96.33333333333333,166.5,,,,,,,,,,,,,,,,,,,,,,,,,,,,,,,,,,,,,-2.366498098252412,,3.0864197530864113,,-34.40860215053765,,45.45454545454546,,-25.47169811320754,,-0.255485459865501,,-0.5261104849583864,,-0.23513127086363106,,-2.970297029702962,,,,1.4090767657909842,,1.4130629822357799,,-122.22222222222223,,-125.0,,0.0,,0.0,,0.3600144005760253,,0.0588373734996539,,-0.022046665441854962,,13.33333333333333,,0.794422569040365,,0.0,,-7.692307692307687,,0.0,,-9.705882352941176,,6.000000000000005,,14.798206278026903,,1.7073170731707332,,-3.6363636363636376,,-0.5714285714285672,,0.0,,-9.999999999999998,,-8.333333333333337,,3.7234042553191404,,-9.090909090909093,,-12.209302325581394,,2015,8,3,0,0,1,0
2015-09-01,682011.0,35.43,644388.0,3076887.0,0.19999999999999957,0.6000000000000005,-179.1,21.099999999999998,-59.2,-47.300000000000004,-29.3,5466180.0,9654127.0,47.980000000000004,3768547.0,598221.0,1217585.0,-43.3,8.1,-21.6,-14.0,2380253.0,7849096.0,1313358.0,18.7,0.0,23089.0,22858.0,3.5,3.5,3.5,3.4,8603.0,8754.0,27029.0,1.7,192607.0,15.0,12.0,9.0,369.0,113.0,238.0,395.0,103.0,178.0,16.0,9.0,10.0,467.0,112.0,139.0,1253951.0,-50.1,-6.1,-3.1999999999999997,-7.9,2394395.0,7928257.0,1313191.0,19.6,0.0,22814.0,22607.0,1.4,1.6,3.5,3.5,8363.0,8503.0,27209.0,1.7,189682.0,14.0,12.0,9.0,307.0,106.0,256.0,417.0,106.0,174.0,16.0,9.0,11.0,390.0,110.0,151.0,1284345.0,-48.6,-9.3,-2.1999999999999997,-10.6,2400528.0,7970189.0,1316286.0,20.2,0.0,22497.0,22292.0,-6.3,-6.4,3.5,3.5,8333.0,8498.0,27215.0,1.5,188187.0,14.0,13.0,9.0,340.0,100.0,223.0,410.0,110.0,175.0,16.0,10.0,12.0,376.0,121.0,172.0,1296842.0,223.20000000000002,46.3,14.999999999999998,2.2,2398755.0,7986234.0,1316279.0,21.1,0.0,21654.0,21457.0,5.2,5.2,3.6,3.6,8349.0,8572.0,26331.0,1.7,186627.0,14.0,13.0,9.0,319.0,95.0,212.0,638.0,110.0,185.0,16.0,11.0,24.0,491.0,100.0,219.0,1302048.0,273.9,66.3,-4.6,-5.6,2380513.0,8076402.0,1327209.0,23.4,0.0,19643.0,19369.0,0.7,0.5,3.7,3.7,8284.0,8642.0,26305.0,1.1,182864.0,13.0,11.0,10.0,193.0,82.0,198.0,387.0,99.0,153.0,13.0,11.0,15.0,313.0,89.0,144.0,,,,,,,,,,,,,,,,,,,,,,,,,,,,,,,,,,,,,1251960.3333333333,-47.333333333333336,-2.43333333333333,-9.0,-10.833333333333334,2391725.3333333335,7915847.333333333,1314278.3333333333,19.5,0.0,22800.0,22585.666666666668,-0.4666666666666668,-0.4333333333333333,3.5,3.466666666666667,8433.0,8585.0,27151.0,1.633333333333333,190158.66666666666,14.333333333333334,12.333333333333334,9.0,338.6666666666667,106.33333333333333,239.0,407.3333333333333,106.33333333333333,175.66666666666666,16.0,9.333333333333334,11.0,411.0,114.33333333333333,154.0,1259301.8333333333,-13.249999999999995,-1.3833333333333322,-0.05000000000000071,-7.766666666666666,2391227.6666666665,7961964.166666667,1314332.1666666667,20.683333333333334,0.0,22152.666666666668,21968.0,1.3666666666666665,1.3833333333333335,3.566666666666667,3.516666666666666,8263.833333333334,8465.0,26827.666666666668,1.5333333333333332,187895.33333333334,13.833333333333334,12.333333333333334,9.166666666666666,333.1666666666667,106.66666666666667,230.16666666666666,474.8333333333333,106.33333333333333,172.33333333333334,15.166666666666666,11.0,14.166666666666666,419.1666666666667,100.16666666666667,165.66666666666666,,,,,,,,,,,,,,,,,,,,,,,,,,,,,,,,,,,,,-2.900113321812414,,-13.572854291417169,,-232.78688524590163,,575.0000000000001,,77.21518987341771,,-0.5906293656643968,,-0.9984666238745832,,0.01271711426593658,,-4.591836734693889,,,,1.2054001928640368,,1.1102755783606755,,150.0,,118.75,,0.0,,-2.857142857142858,,2.8697835704890595,,2.9518993296483664,,-0.6615458120474815,,0.0,,1.5420545966406962,,7.14285714285714,,0.0,,0.0,,20.19543973941369,,6.60377358490567,,-7.03125,,-5.275779376498802,,-2.8301886792452824,,2.298850574712641,,0.0,,0.0,,-9.090909090909093,,19.74358974358974,,1.8181818181818077,,-7.947019867549665,,2015,9,3,0,0,1,0
2015-10-01,681633.0,35.660000000000004,646080.0,3153740.0,6.8,3.6,-433.0,-24.7,3.9000000000000004,5.5,-6.3,5472053.0,9653754.0,48.480000000000004,3736392.0,598128.0,1282485.0,227.4,-21.9,-2.3000000000000007,1.7000000000000002,2379180.0,7851578.0,1295835.0,18.0,0.0,23528.0,23306.0,-2.2,-2.3,3.2,3.1,8956.0,9112.0,27176.0,1.7,194037.0,15.0,11.0,8.0,331.0,100.0,225.0,404.0,106.0,173.0,16.0,9.0,10.0,341.0,56.0,171.0,1217585.0,-43.3,8.1,-21.6,-14.0,2380253.0,7849096.0,1313358.0,18.7,0.0,23089.0,22858.0,3.5,3.5,3.5,3.4,8603.0,8754.0,27029.0,1.7,192607.0,15.0,12.0,9.0,369.0,113.0,238.0,395.0,103.0,178.0,16.0,9.0,10.0,467.0,112.0,139.0,1253951.0,-50.1,-6.1,-3.1999999999999997,-7.9,2394395.0,7928257.0,1313191.0,19.6,0.0,22814.0,22607.0,1.4,1.6,3.5,3.5,8363.0,8503.0,27209.0,1.7,189682.0,14.0,12.0,9.0,307.0,106.0,256.0,417.0,106.0,174.0,16.0,9.0,11.0,390.0,110.0,151.0,1284345.0,-48.6,-9.3,-2.1999999999999997,-10.6,2400528.0,7970189.0,1316286.0,20.2,0.0,22497.0,22292.0,-6.3,-6.4,3.5,3.5,8333.0,8498.0,27215.0,1.5,188187.0,14.0,13.0,9.0,340.0,100.0,223.0,410.0,110.0,175.0,16.0,10.0,12.0,376.0,121.0,172.0,1278497.0,-63.2,-9.399999999999999,14.6,-1.8000000000000005,2389847.0,8049426.0,1323329.0,22.9,0.0,21051.0,20941.0,2.6,2.7,3.7,3.6,8007.0,8299.0,26563.0,1.3,184687.0,13.0,12.0,9.0,300.0,125.0,232.0,454.0,101.0,147.0,13.0,16.0,14.0,429.0,56.0,168.0,,,,,,,,,,,,,,,,,,,,,,,,,,,,,,,,,,,,,1251340.3333333333,44.66666666666668,-6.633333333333329,-9.033333333333333,-6.733333333333334,2384609.3333333335,7876310.333333333,1307461.3333333333,18.766666666666666,0.0,23143.666666666668,22923.666666666668,0.8999999999999998,0.9333333333333336,3.4,3.3333333333333335,8640.666666666666,8789.666666666666,27138.0,1.7,192108.66666666666,14.666666666666666,11.666666666666666,8.666666666666666,335.6666666666667,106.33333333333333,239.66666666666666,405.3333333333333,105.0,175.0,16.0,9.0,10.333333333333334,399.3333333333333,92.66666666666667,153.66666666666666,1259966.5,35.18333333333334,-3.4666666666666655,-2.866666666666667,-7.183333333333334,2389449.8333333335,7928989.5,1309749.8333333333,19.866666666666667,0.0,22565.5,22362.166666666668,0.5666666666666667,0.55,3.483333333333334,3.4333333333333336,8422.0,8600.5,26929.833333333332,1.5999999999999999,189453.66666666666,14.166666666666666,12.166666666666666,9.0,338.3333333333333,102.5,229.0,466.5,107.16666666666667,176.66666666666666,15.666666666666666,9.833333333333334,13.5,404.5,100.16666666666667,166.16666666666666,,,,,,,,,,,,,,,,,,,,,,,,,,,,,,,,,,,,,5.330223351963115,,-625.1732101616628,,-370.3703703703704,,-89.35185185185185,,-112.14285714285714,,-0.04507924157641785,,0.031621475899901164,,-1.3342135198475935,,-3.743315508021383,,,,1.901338299623201,,1.9599265027561374,,-162.85714285714286,,-165.7142857142857,,-8.571428571428562,,-8.823529411764696,,4.103219807044045,,4.089559058716019,,0.5438602981982399,,0.0,,0.7424444594433144,,0.0,,-8.333333333333337,,-11.111111111111116,,-10.29810298102981,,-11.504424778761058,,-5.462184873949583,,2.278481012658218,,2.9126213592232997,,-2.8089887640449396,,0.0,,0.0,,0.0,,-26.980728051391868,,-50.0,,23.02158273381294,,2015,10,4,0,0,0,1
2015-11-01,681234.0,35.85,645042.0,3113968.0,8.6,-9.7,-65.0,-113.1,-3.700000000000001,8.899999999999999,-20.4,5454885.0,9627896.0,48.300000000000004,3719474.0,592833.0,1262359.0,-5.100000000000001,-12.299999999999999,-1.5000000000000004,4.999999999999999,2374881.0,7832670.0,1298203.0,17.8,0.0,23124.0,22945.0,-1.5,-1.3,3.2,3.1,8121.0,8236.0,27437.0,23919.0,194527.0,14.0,11.0,9.0,336.0,90.0,270.0,487.0,107.0,205.0,15.0,13.0,11.0,392.0,105.0,167.0,1282485.0,227.4,-21.9,-2.3000000000000007,1.7000000000000002,2379180.0,7851578.0,1295835.0,18.0,0.0,23528.0,23306.0,-2.2,-2.3,3.2,3.1,8956.0,9112.0,27176.0,1.7,194037.0,15.0,11.0,8.0,331.0,100.0,225.0,404.0,106.0,173.0,16.0,9.0,10.0,341.0,56.0,171.0,1217585.0,-43.3,8.1,-21.6,-14.0,2380253.0,7849096.0,1313358.0,18.7,0.0,23089.0,22858.0,3.5,3.5,3.5,3.4,8603.0,8754.0,27029.0,1.7,192607.0,15.0,12.0,9.0,369.0,113.0,238.0,395.0,103.0,178.0,16.0,9.0,10.0,467.0,112.0,139.0,1253951.0,-50.1,-6.1,-3.1999999999999997,-7.9,2394395.0,7928257.0,1313191.0,19.6,0.0,22814.0,22607.0,1.4,1.6,3.5,3.5,8363.0,8503.0,27209.0,1.7,189682.0,14.0,12.0,9.0,307.0,106.0,256.0,417.0,106.0,174.0,16.0,9.0,11.0,390.0,110.0,151.0,1224591.0,-97.5,-37.9,-2.9,-14.5,2383588.0,7988583.0,1303550.0,21.6,0.0,21811.0,21653.0,1.8,1.7,3.6,3.5,7928.0,8164.0,26619.0,1.3,185582.0,13.0,12.0,10.0,364.0,101.0,220.0,535.0,108.0,175.0,14.0,11.0,14.0,362.0,102.0,145.0,,,,,,,,,,,,,,,,,,,,,,,,,,,,,,,,,,,,,1254143.0,59.66666666666668,-8.699999999999996,-8.466666666666667,-2.433333333333334,2378104.6666666665,7844448.0,1302465.3333333333,18.166666666666668,0.0,23247.0,23036.333333333332,-0.06666666666666687,-0.03333333333333314,3.3000000000000003,3.1999999999999997,8560.0,8700.666666666666,27214.0,7974.133333333334,193723.66666666666,14.666666666666666,11.333333333333334,8.666666666666666,345.3333333333333,101.0,244.33333333333334,428.6666666666667,105.33333333333333,185.33333333333334,15.666666666666666,10.333333333333334,10.333333333333334,400.0,91.0,159.0,1266261.1666666667,50.58333333333334,0.800000000000001,-2.633333333333334,-3.9333333333333336,2387998.6666666665,7903004.0,1308858.6666666667,19.23333333333333,0.0,22784.333333333332,22577.5,0.016666666666666646,0.050000000000000044,3.4166666666666665,3.366666666666667,8454.166666666666,8612.5,27066.166666666668,3987.883333333333,190944.5,14.333333333333334,12.0,8.833333333333334,333.6666666666667,100.66666666666667,237.33333333333334,458.5,107.0,181.66666666666666,15.833333333333334,10.166666666666666,13.0,409.5,100.66666666666667,169.83333333333334,,,,,,,,,,,,,,,,,,,,,,,,,,,,,,,,,,,,,-1.5692971067887695,,-102.24274406332454,,-43.83561643835616,,-34.78260869565217,,194.11764705882345,,-0.18069250750258892,,-0.24081783305215376,,0.18273931480474737,,-1.1111111111111072,,,,-1.7171030261815656,,-1.5489573500386156,,-31.818181818181824,,-43.47826086956521,,0.0,,0.0,,-9.323358642251002,,-9.613696224758561,,0.9604062408007152,,1406900.0,,0.2525291568102883,,-6.666666666666665,,0.0,,12.5,,1.5105740181268867,,-9.999999999999998,,19.999999999999996,,20.544554455445542,,0.9433962264151052,,18.497109826589586,,-6.25,,44.44444444444444,,10.000000000000009,,14.956011730205287,,87.5,,-2.3391812865497075,,2015,11,4,0,0,0,1
2015-12-01,676548.0,36.42,645327.0,3029712.0,-9.0,-11.0,-173.4,-65.5,-44.6,-34.8,-20.0,5443992.0,9583429.0,50.08,3645260.0,593385.0,1206643.0,-138.0,-55.099999999999994,0.40000000000000024,-11.3,2381957.0,7793507.0,1261686.0,18.6,0.0,22916.0,22716.0,-4.9,-5.1,3.2,3.1,8188.0,8373.0,27988.0,24548.0,195547.0,13.0,11.0,9.0,305.0,117.0,278.0,456.0,109.0,172.0,14.0,9.0,11.0,364.0,114.0,155.0,1262359.0,-5.100000000000001,-12.299999999999999,-1.5000000000000004,4.999999999999999,2374881.0,7832670.0,1298203.0,17.8,0.0,23124.0,22945.0,-1.5,-1.3,3.2,3.1,8121.0,8236.0,27437.0,23919.0,194527.0,14.0,11.0,9.0,336.0,90.0,270.0,487.0,107.0,205.0,15.0,13.0,11.0,392.0,105.0,167.0,1282485.0,227.4,-21.9,-2.3000000000000007,1.7000000000000002,2379180.0,7851578.0,1295835.0,18.0,0.0,23528.0,23306.0,-2.2,-2.3,3.2,3.1,8956.0,9112.0,27176.0,1.7,194037.0,15.0,11.0,8.0,331.0,100.0,225.0,404.0,106.0,173.0,16.0,9.0,10.0,341.0,56.0,171.0,1217585.0,-43.3,8.1,-21.6,-14.0,2380253.0,7849096.0,1313358.0,18.7,0.0,23089.0,22858.0,3.5,3.5,3.5,3.4,8603.0,8754.0,27029.0,1.7,192607.0,15.0,12.0,9.0,369.0,113.0,238.0,395.0,103.0,178.0,16.0,9.0,10.0,467.0,112.0,139.0,1296842.0,223.20000000000002,46.3,14.999999999999998,2.2,2398755.0,7986234.0,1316279.0,21.1,0.0,21654.0,21457.0,5.2,5.2,3.6,3.6,8349.0,8572.0,26331.0,1.7,186627.0,14.0,13.0,9.0,319.0,95.0,212.0,638.0,110.0,185.0,16.0,11.0,24.0,491.0,100.0,219.0,,,,,,,,,,,,,,,,,,,,,,,,,,,,,,,,,,,,,1250495.6666666667,28.100000000000012,-29.766666666666662,-1.1333333333333335,-1.5333333333333343,2378672.6666666665,7825918.333333333,1285241.3333333333,18.133333333333336,0.0,23189.333333333332,22989.0,-2.866666666666667,-2.9,3.2,3.1,8421.666666666666,8573.666666666666,27533.666666666668,16156.233333333332,194703.66666666666,14.0,11.0,8.666666666666666,324.0,102.33333333333333,257.6666666666667,449.0,107.33333333333333,183.33333333333334,15.0,10.333333333333334,10.666666666666666,365.6666666666667,91.66666666666667,164.33333333333334,1251228.0,-9.61666666666666,-16.099999999999998,-5.066666666666667,-6.183333333333334,2385199.0,7870882.833333333,1299759.8333333333,18.816666666666666,0.0,22994.666666666668,22787.333333333332,-1.6666666666666667,-1.6666666666666667,3.35,3.283333333333333,8427.333333333334,8579.333333333334,27342.333333333332,8078.933333333333,192431.16666666666,14.166666666666666,11.666666666666666,8.833333333333334,331.3333333333333,104.33333333333333,248.33333333333334,428.1666666666667,106.83333333333333,179.5,15.5,9.833333333333334,10.833333333333334,388.3333333333333,103.0,159.16666666666666,1259887.0833333333,16.808333333333334,-8.35,1.6083333333333327,-6.125,2385002.3333333335,7962643.583333333,1306129.5833333333,20.991666666666667,0.0,21591.666666666668,21405.75,0.9999999999999999,0.9833333333333334,3.516666666666667,3.4583333333333335,8274.083333333334,8499.916666666666,26796.666666666668,4040.133333333333,188227.75,13.833333333333334,11.583333333333334,9.25,308.0833333333333,102.41666666666667,231.16666666666666,451.4166666666667,103.83333333333333,169.83333333333334,14.5,10.666666666666666,13.25,382.9166666666667,94.83333333333333,155.66666666666666,-4.4136414443118,,2605.8823529411757,,347.9674796747967,,-126.66666666666669,,-326.00000000000006,,0.29795177105715887,,-0.4999955315365012,,-2.812888277103043,,4.494382022471921,,,,-0.8994983566856907,,-0.998038788407063,,226.6666666666667,,292.30769230769226,,0.0,,0.0,,0.825021549070315,,1.6634288489558058,,2.008237052155848,,2.6297085998578495,,0.5243488050501899,,-7.14285714285714,,0.0,,0.0,,-9.226190476190476,,30.000000000000004,,2.9629629629629672,,-6.365503080082135,,1.869158878504673,,-16.09756097560976,,-6.666666666666665,,-30.76923076923077,,0.0,,-7.14285714285714,,8.571428571428562,,-7.185628742514972,,2015,12,4,0,0,0,1
2016-01-01,675066.0,36.02,640902.0,3130151.0,-4.499999999999999,-21.099999999999998,459.4,-26.400000000000002,-35.5,-7.0,-13.2,5406021.0,9618968.0,49.129999999999995,3649009.0,587346.0,1298811.0,280.1,30.0,0.6000000000000005,1.2999999999999994,2369165.0,7827240.0,1281042.0,20.0,0.0,23035.0,22843.0,-2.7,-2.7,3.1,3.1,8202.0,8318.0,49258.0,-0.6,197375.0,13.0,11.0,15.0,368.0,99.0,142.0,416.0,109.0,198.0,14.0,11.0,13.0,322.0,122.0,147.0,1206643.0,-138.0,-55.099999999999994,0.40000000000000024,-11.3,2381957.0,7793507.0,1261686.0,18.6,0.0,22916.0,22716.0,-4.9,-5.1,3.2,3.1,8188.0,8373.0,27988.0,24548.0,195547.0,13.0,11.0,9.0,305.0,117.0,278.0,456.0,109.0,172.0,14.0,9.0,11.0,364.0,114.0,155.0,1262359.0,-5.100000000000001,-12.299999999999999,-1.5000000000000004,4.999999999999999,2374881.0,7832670.0,1298203.0,17.8,0.0,23124.0,22945.0,-1.5,-1.3,3.2,3.1,8121.0,8236.0,27437.0,23919.0,194527.0,14.0,11.0,9.0,336.0,90.0,270.0,487.0,107.0,205.0,15.0,13.0,11.0,392.0,105.0,167.0,1282485.0,227.4,-21.9,-2.3000000000000007,1.7000000000000002,2379180.0,7851578.0,1295835.0,18.0,0.0,23528.0,23306.0,-2.2,-2.3,3.2,3.1,8956.0,9112.0,27176.0,1.7,194037.0,15.0,11.0,8.0,331.0,100.0,225.0,404.0,106.0,173.0,16.0,9.0,10.0,341.0,56.0,171.0,1284345.0,-48.6,-9.3,-2.1999999999999997,-10.6,2400528.0,7970189.0,1316286.0,20.2,0.0,22497.0,22292.0,-6.3,-6.4,3.5,3.5,8333.0,8498.0,27215.0,1.5,188187.0,14.0,13.0,9.0,340.0,100.0,223.0,410.0,110.0,175.0,16.0,10.0,12.0,376.0,121.0,172.0,1278481.0,31.399999999999995,-59.9,18.3,-5.5,2375342.0,8139510.0,1304104.0,25.6,0.0,18292.0,18133.0,7.1,7.2,3.8,3.7,8047.0,8410.0,26312.0,1.1,182005.0,14.0,10.0,10.0,289.0,104.0,223.0,362.0,99.0,140.0,12.0,10.0,13.0,376.0,97.0,140.0,1255937.6666666667,45.666666666666686,-12.46666666666666,-0.16666666666666655,-1.6666666666666679,2375334.3333333335,7817805.666666667,1280310.3333333333,18.8,0.0,23025.0,22834.666666666668,-3.0333333333333337,-3.033333333333333,3.1666666666666665,3.1,8170.333333333333,8309.0,34894.333333333336,16155.466666666667,195816.33333333334,13.333333333333334,11.0,11.0,336.3333333333333,102.0,230.0,453.0,108.33333333333333,191.66666666666666,14.333333333333334,11.0,11.666666666666666,359.3333333333333,113.66666666666667,156.33333333333334,1253639.0,45.16666666666668,-9.549999999999999,-4.6000000000000005,-4.2,2379971.8333333335,7847058.0,1293885.8333333333,18.783333333333335,0.0,23084.333333333332,22879.166666666668,-1.0666666666666669,-1.0499999999999998,3.283333333333333,3.216666666666667,8405.5,8549.333333333334,31016.166666666668,8078.583333333333,193962.5,14.0,11.333333333333334,9.833333333333334,336.0,104.16666666666667,234.83333333333334,429.1666666666667,106.66666666666667,183.33333333333334,15.166666666666666,10.0,11.0,379.3333333333333,103.16666666666667,155.0,1261581.25,37.53333333333334,-0.8583333333333325,0.1333333333333329,-5.558333333333334,2384487.5833333335,7936621.083333333,1304207.75,20.525000000000002,0.0,21986.916666666668,21798.25,0.1833333333333332,0.15833333333333335,3.458333333333334,3.408333333333333,8287.0,8492.25,28708.833333333332,4039.991666666667,189508.58333333334,13.75,11.666666666666666,9.666666666666666,314.6666666666667,102.0,224.41666666666666,455.9166666666667,104.66666666666667,174.66666666666666,14.666666666666666,10.75,13.25,378.4166666666667,96.91666666666667,156.25,7.638381857765708,1.5901683325759253,-302.9710144927536,792.0382165605098,-154.4464609800363,-150.08347245409016,50.00000000000004,-96.72131147540983,-111.50442477876106,-123.63636363636363,-0.5370374024384117,-0.26004676379233205,0.43283466608805554,-3.8364717286421435,1.534137653901202,-1.7684172427965827,7.526881720430101,-21.875,,,0.5192878338278861,25.929368029739774,0.5590773023419704,25.9747421827607,-44.89795918367348,-138.0281690140845,-47.058823529411754,-137.5,-3.125,-18.421052631578938,0.0,-16.216216216216218,0.17098192476794338,1.926183670933268,-0.6568732831720991,-1.093935790725331,75.99685579534085,87.20735785953178,-100.0024441909728,-154.54545454545453,0.9348136253688466,8.444822944424612,0.0,-7.14285714285714,0.0,10.000000000000009,66.66666666666667,50.0,20.655737704918042,27.3356401384083,-15.384615384615385,-4.807692307692313,-48.92086330935251,-36.32286995515695,-8.771929824561408,14.917127071823199,0.0,10.1010101010101,15.116279069767447,41.42857142857144,0.0,16.666666666666675,22.222222222222232,10.000000000000009,18.181818181818187,0.0,-11.538461538461542,-14.36170212765957,7.017543859649122,25.773195876288657,-5.161290322580648,5.000000000000004,2016,1,1,1,0,0,0
2016-02-01,672351.0,36.23,639171.0,3015871.0,-7.699999999999999,-6.4,-289.9,-29.6,-52.1,-22.200000000000003,-6.799999999999999,5382219.0,9571937.0,49.28,3623695.0,583947.0,1217063.0,-167.5,-14.5,-15.4,-8.5,2357601.0,7787707.0,1272280.0,21.4,0.0,20694.0,20506.0,2.7,2.7,3.1,3.1,8081.0,8181.0,49410.0,0.5,199084.0,14.0,11.0,15.0,281.0,98.0,149.0,417.0,112.0,177.0,14.0,11.0,14.0,354.0,160.0,209.0,1298811.0,280.1,30.0,0.6000000000000005,1.2999999999999994,2369165.0,7827240.0,1281042.0,20.0,0.0,23035.0,22843.0,-2.7,-2.7,3.1,3.1,8202.0,8318.0,49258.0,-0.6,197375.0,13.0,11.0,15.0,368.0,99.0,142.0,416.0,109.0,198.0,14.0,11.0,13.0,322.0,122.0,147.0,1206643.0,-138.0,-55.099999999999994,0.40000000000000024,-11.3,2381957.0,7793507.0,1261686.0,18.6,0.0,22916.0,22716.0,-4.9,-5.1,3.2,3.1,8188.0,8373.0,27988.0,24548.0,195547.0,13.0,11.0,9.0,305.0,117.0,278.0,456.0,109.0,172.0,14.0,9.0,11.0,364.0,114.0,155.0,1262359.0,-5.100000000000001,-12.299999999999999,-1.5000000000000004,4.999999999999999,2374881.0,7832670.0,1298203.0,17.8,0.0,23124.0,22945.0,-1.5,-1.3,3.2,3.1,8121.0,8236.0,27437.0,23919.0,194527.0,14.0,11.0,9.0,336.0,90.0,270.0,487.0,107.0,205.0,15.0,13.0,11.0,392.0,105.0,167.0,1253951.0,-50.1,-6.1,-3.1999999999999997,-7.9,2394395.0,7928257.0,1313191.0,19.6,0.0,22814.0,22607.0,1.4,1.6,3.5,3.5,8363.0,8503.0,27209.0,1.7,189682.0,14.0,12.0,9.0,307.0,106.0,256.0,417.0,106.0,174.0,16.0,9.0,11.0,390.0,110.0,151.0,1230818.0,-108.4,-9.0,9.299999999999999,-11.200000000000001,2380789.0,8086271.0,1300525.0,24.4,0.0,18681.0,18592.0,4.6,4.5,3.7,3.7,8110.0,8436.0,25376.0,1.5,182381.0,14.0,11.0,10.0,244.0,96.0,199.0,472.0,88.0,161.0,13.0,10.0,14.0,294.0,76.0,97.0,1240839.0,-8.466666666666649,-13.199999999999996,-4.8,-6.166666666666668,2369574.3333333335,7802818.0,1271669.3333333333,20.0,0.0,22215.0,22021.666666666668,-1.6333333333333337,-1.7,3.1333333333333333,3.1,8157.0,8290.666666666666,42218.666666666664,8182.633333333334,197335.33333333334,13.333333333333334,11.0,13.0,318.0,104.66666666666667,189.66666666666666,429.6666666666667,110.0,182.33333333333334,14.0,10.333333333333334,12.666666666666666,346.6666666666667,132.0,170.33333333333334,1247491.0,25.600000000000012,-10.949999999999998,-6.633333333333334,-4.300000000000001,2373839.5,7823633.0,1287067.3333333333,19.083333333333332,0.0,22731.0,22529.0,-0.8500000000000001,-0.8666666666666664,3.216666666666667,3.15,8358.5,8495.666666666666,34716.333333333336,8078.383333333334,195529.5,14.0,11.166666666666666,10.833333333333334,331.6666666666667,102.83333333333333,217.0,429.1666666666667,107.66666666666667,183.83333333333334,14.833333333333334,10.333333333333334,11.5,373.3333333333333,111.5,164.66666666666666,1260435.0,32.60833333333334,-1.3166666666666658,-1.9250000000000005,-5.333333333333333,2382555.25,7911740.75,1301854.0,20.275000000000002,0.0,22154.666666666668,21957.75,0.02499999999999991,0.008333333333333378,3.408333333333333,3.358333333333334,8284.583333333334,8471.0,30711.666666666668,4039.9083333333333,190900.5,13.75,11.666666666666666,10.083333333333334,317.75,102.16666666666667,220.25,451.3333333333333,106.66666666666667,176.0,14.75,10.833333333333334,13.25,383.4166666666667,103.91666666666667,165.58333333333334,-6.294064340385164,-1.1175494671023634,-159.80007140307032,54.52029520295203,-148.33333333333334,61.111111111111114,-2666.6666666666642,-265.5913978494624,-753.8461538461542,-24.10714285714286,-0.48810445874389874,-0.9739628333296224,-0.5050694753195306,-3.6922334163670745,-0.683974452047631,-2.1718152284654235,6.999999999999984,-12.295081967213118,,,-10.162795745604514,10.775654408222257,-10.23070524887274,10.294750430292599,-200.0,-41.30434782608695,-200.0,-39.99999999999999,0.0,-16.216216216216218,0.0,-16.216216216216218,-1.4752499390392582,-0.3575832305795279,-1.6470305361865778,-3.0227596017069702,0.30857931706524955,94.71153846153845,-183.33333333333334,-66.66666666666667,0.8658644711842856,9.158300480861502,7.692307692307687,0.0,0.0,0.0,0.0,50.0,-23.641304347826086,15.163934426229497,-1.0101010101010055,2.083333333333326,4.929577464788726,-25.125628140703515,0.24038461538462563,-11.652542372881358,2.752293577981657,27.27272727272727,-10.606060606060607,9.937888198757761,0.0,7.692307692307687,0.0,10.000000000000009,7.692307692307687,0.0,9.937888198757761,20.408163265306122,31.147540983606547,110.52631578947367,42.17687074829932,115.46391752577318,2016,2,1,1,0,0,0
2016-03-01,673530.0,36.02,639606.0,3035666.0,0.3999999999999995,2.0,2835.0,2.7,-20.5,2.8000000000000007,-14.7,5383248.0,9541905.0,49.5,3633079.0,583332.0,1221361.0,117.7,-9.5,-13.6,-0.8000000000000003,2349280.0,7764977.0,1260231.0,23.0,0.0,20197.0,19981.0,1.1,1.2,3.1,3.1,7712.0,7807.0,49680.0,1.3,203130.0,14.0,11.0,13.0,287.0,113.0,159.0,344.0,117.0,184.0,13.0,12.0,14.0,349.0,119.0,161.0,1217063.0,-167.5,-14.5,-15.4,-8.5,2357601.0,7787707.0,1272280.0,21.4,0.0,20694.0,20506.0,2.7,2.7,3.1,3.1,8081.0,8181.0,49410.0,0.5,199084.0,14.0,11.0,15.0,281.0,98.0,149.0,417.0,112.0,177.0,14.0,11.0,14.0,354.0,160.0,209.0,1298811.0,280.1,30.0,0.6000000000000005,1.2999999999999994,2369165.0,7827240.0,1281042.0,20.0,0.0,23035.0,22843.0,-2.7,-2.7,3.1,3.1,8202.0,8318.0,49258.0,-0.6,197375.0,13.0,11.0,15.0,368.0,99.0,142.0,416.0,109.0,198.0,14.0,11.0,13.0,322.0,122.0,147.0,1206643.0,-138.0,-55.099999999999994,0.40000000000000024,-11.3,2381957.0,7793507.0,1261686.0,18.6,0.0,22916.0,22716.0,-4.9,-5.1,3.2,3.1,8188.0,8373.0,27988.0,24548.0,195547.0,13.0,11.0,9.0,305.0,117.0,278.0,456.0,109.0,172.0,14.0,9.0,11.0,364.0,114.0,155.0,1217585.0,-43.3,8.1,-21.6,-14.0,2380253.0,7849096.0,1313358.0,18.7,0.0,23089.0,22858.0,3.5,3.5,3.5,3.4,8603.0,8754.0,27029.0,1.7,192607.0,15.0,12.0,9.0,369.0,113.0,238.0,395.0,103.0,178.0,16.0,9.0,10.0,467.0,112.0,139.0,1302048.0,273.9,66.3,-4.6,-5.6,2380513.0,8076402.0,1327209.0,23.4,0.0,19643.0,19369.0,0.7,0.5,3.7,3.7,8284.0,8642.0,26305.0,1.1,182864.0,13.0,11.0,10.0,193.0,82.0,198.0,387.0,99.0,153.0,13.0,11.0,15.0,313.0,89.0,144.0,1245745.0,76.7666666666667,2.000000000000002,-9.466666666666667,-2.666666666666668,2358682.0,7793308.0,1271184.3333333333,21.466666666666665,0.0,21308.666666666668,21110.0,0.3666666666666664,0.39999999999999997,3.1,3.1,7998.333333333333,8102.0,49449.333333333336,0.4000000000000001,199863.0,13.666666666666666,11.0,14.333333333333334,312.0,103.33333333333333,150.0,392.3333333333333,112.66666666666667,186.33333333333334,13.666666666666666,11.333333333333334,13.666666666666666,341.6666666666667,133.66666666666666,172.33333333333334,1248120.3333333333,52.433333333333344,-13.883333333333331,-5.3,-2.1000000000000005,2368677.3333333335,7809613.166666667,1278212.8333333333,19.8,0.0,22249.0,22049.5,-1.2500000000000002,-1.2499999999999998,3.15,3.1,8210.0,8337.833333333334,38491.5,8078.316666666666,197283.33333333334,13.833333333333334,11.0,11.5,318.0,102.83333333333333,203.83333333333334,420.6666666666667,110.0,184.83333333333334,14.333333333333334,10.833333333333334,12.166666666666666,353.6666666666667,112.66666666666667,168.33333333333334,1253711.0833333333,19.591666666666672,-7.633333333333333,-2.6750000000000007,-4.933333333333334,2379952.5,7885788.666666667,1296272.5,20.241666666666667,0.0,22200.833333333332,22008.75,0.05833333333333326,0.06666666666666671,3.358333333333333,3.3083333333333336,8236.916666666666,8401.416666666666,32659.583333333332,4039.9249999999997,192589.33333333334,13.833333333333334,11.666666666666666,10.333333333333334,325.5833333333333,104.75,217.0,447.75,108.16666666666667,178.58333333333334,14.75,10.916666666666666,13.166666666666666,386.4166666666667,106.41666666666667,167.0,0.35314523570266765,-6.196929759885961,-170.26865671641792,-57.028112449799195,-34.48275862068966,-114.3288084464555,-11.688311688311693,195.6521739130435,-90.58823529411765,-85.71428571428571,-0.35294352182578814,-1.3120281216695728,-0.29187025141033107,-3.8559868614761905,-0.9470399597572898,-5.046529973802172,7.476635514018692,-1.7094017094017033,,,-2.401662317579978,2.8203431247772803,-2.5602262752365212,3.1596881614951666,-59.25925925925925,57.14285714285716,-55.55555555555556,140.0,0.0,-16.216216216216218,0.0,-16.216216216216218,-4.566266551169407,-6.9048768710767705,-4.571568267937909,-9.66211525109928,0.5464480874316946,88.8614331876069,160.0,18.181818181818166,2.0323079705049096,11.082553154256725,0.0,7.692307692307687,0.0,0.0,-13.33333333333333,30.000000000000004,2.1352313167259718,48.70466321243523,15.306122448979597,37.80487804878048,6.711409395973145,-19.696969696969703,-17.50599520383693,-11.111111111111116,4.464285714285721,18.181818181818187,3.9548022598870025,20.261437908496728,-7.14285714285714,0.0,9.090909090909083,9.090909090909083,0.0,-6.666666666666665,-1.412429378531077,11.501597444089452,-25.624999999999996,33.70786516853932,-22.966507177033492,11.805555555555557,2016,3,1,1,0,0,0
2016-04-01,675021.0,35.68,636219.0,3152454.0,8.4,-9.8,186.79999999999998,40.800000000000004,-34.1,-20.9,8.0,5376478.0,9587236.0,49.25,3669801.0,583662.0,1304112.0,246.7,7.500000000000001,-5.3,3.4000000000000004,2341699.0,7809730.0,1275379.0,23.1,0.0,20615.0,20492.0,-0.1,-0.2,3.2,3.1,7864.0,7925.0,1.5,-2.5,204238.0,14.0,11.0,13.0,230.0,116.0,147.0,375.0,109.0,187.0,13.0,11.0,13.0,373.0,135.0,207.0,1221361.0,117.7,-9.5,-13.6,-0.8000000000000003,2349280.0,7764977.0,1260231.0,23.0,0.0,20197.0,19981.0,1.1,1.2,3.1,3.1,7712.0,7807.0,49680.0,1.3,203130.0,14.0,11.0,13.0,287.0,113.0,159.0,344.0,117.0,184.0,13.0,12.0,14.0,349.0,119.0,161.0,1217063.0,-167.5,-14.5,-15.4,-8.5,2357601.0,7787707.0,1272280.0,21.4,0.0,20694.0,20506.0,2.7,2.7,3.1,3.1,8081.0,8181.0,49410.0,0.5,199084.0,14.0,11.0,15.0,281.0,98.0,149.0,417.0,112.0,177.0,14.0,11.0,14.0,354.0,160.0,209.0,1298811.0,280.1,30.0,0.6000000000000005,1.2999999999999994,2369165.0,7827240.0,1281042.0,20.0,0.0,23035.0,22843.0,-2.7,-2.7,3.1,3.1,8202.0,8318.0,49258.0,-0.6,197375.0,13.0,11.0,15.0,368.0,99.0,142.0,416.0,109.0,198.0,14.0,11.0,13.0,322.0,122.0,147.0,1282485.0,227.4,-21.9,-2.3000000000000007,1.7000000000000002,2379180.0,7851578.0,1295835.0,18.0,0.0,23528.0,23306.0,-2.2,-2.3,3.2,3.1,8956.0,9112.0,27176.0,1.7,194037.0,15.0,11.0,8.0,331.0,100.0,225.0,404.0,106.0,173.0,16.0,9.0,10.0,341.0,56.0,171.0,1278497.0,-63.2,-9.399999999999999,14.6,-1.8000000000000005,2389847.0,8049426.0,1323329.0,22.9,0.0,21051.0,20941.0,2.6,2.7,3.7,3.6,8007.0,8299.0,26563.0,1.3,184687.0,13.0,12.0,9.0,300.0,125.0,232.0,454.0,101.0,147.0,13.0,16.0,14.0,429.0,56.0,168.0,1247512.0,65.63333333333334,-5.499999999999997,-11.433333333333335,-1.9666666666666675,2349526.6666666665,7787471.333333333,1269296.6666666667,22.5,0.0,20502.0,20326.333333333332,1.2333333333333332,1.2333333333333334,3.1333333333333333,3.1,7885.666666666667,7971.0,33030.5,-0.23333333333333325,202150.66666666666,14.0,11.0,13.666666666666666,266.0,109.0,151.66666666666666,378.6666666666667,112.66666666666667,182.66666666666666,13.333333333333334,11.333333333333334,13.666666666666666,358.6666666666667,138.0,192.33333333333334,1251724.8333333333,55.65000000000001,-8.983333333333333,-5.8,-1.8166666666666673,2362430.5,7802638.5,1274803.5,20.650000000000002,0.0,21763.5,21580.5,-0.9,-0.8999999999999999,3.1500000000000004,3.1,8028.0,8140.0,33962.416666666664,8077.616666666666,198983.5,13.666666666666666,11.0,12.333333333333334,301.1666666666667,105.5,190.83333333333334,415.8333333333333,110.5,187.16666666666666,13.833333333333334,11.166666666666666,12.666666666666666,359.0,125.83333333333333,174.33333333333334,1255845.6666666667,45.416666666666664,-6.224999999999999,-4.333333333333333,-4.5,2375940.1666666665,7865814.0,1292276.6666666667,20.258333333333333,0.0,22164.5,21971.333333333332,-0.16666666666666674,-0.17499999999999996,3.316666666666667,3.266666666666666,8225.0,8370.25,30446.125,4039.608333333333,194218.58333333334,13.916666666666666,11.583333333333334,10.666666666666666,319.75,104.0,209.91666666666666,441.1666666666667,108.83333333333333,181.91666666666666,14.75,10.5,13.083333333333334,381.75,113.0,170.25,6.775310493785214,2.003524450976424,109.6006796941376,-490.3481012658228,-178.94736842105266,-179.78723404255322,-61.029411764705884,-136.3013698630137,-524.9999999999999,-288.88888888888886,-0.3226946128175423,-2.0146896433118955,0.5763442699186383,-2.977802392369344,1.20200185521544,-3.6234375578559797,0.43478260869564966,0.8733624454148492,,,2.069614299153333,-2.071160514939907,2.557429558080182,-2.144119192015659,-109.09090909090908,-103.84615384615385,-116.66666666666667,-107.40740740740739,3.2258064516129004,-13.513513513513509,0.0,-13.888888888888884,1.970954356846466,-1.7859373048582539,1.5114640707057703,-4.506567056271837,-99.9969806763285,-99.99435304747205,-292.30769230769226,-292.30769230769226,0.5454634962831717,10.586018506987504,0.0,7.692307692307687,0.0,-8.333333333333337,0.0,44.44444444444444,-19.86062717770035,-23.33333333333333,2.6548672566371723,-7.199999999999996,-7.547169811320753,-36.63793103448276,9.011627906976738,-17.400881057268723,-6.8376068376068355,7.920792079207928,1.6304347826086918,27.210884353741505,0.0,0.0,-8.333333333333337,-31.25,-7.14285714285714,-7.14285714285714,6.876790830945567,-13.053613053613056,13.4453781512605,141.07142857142856,28.57142857142858,23.214285714285722,2016,4,2,0,1,0,0
2016-05-01,673899.0,36.019999999999996,635979.0,3101576.0,2.499999999999999,-1.5000000000000004,-153.20000000000002,-62.9,-16.900000000000002,-20.1,11.6,5374098.0,9602022.0,49.12,3653021.0,585861.0,1265462.0,-107.2,5.7,-14.200000000000001,-1.3000000000000003,2328077.0,7824726.0,1265826.0,23.8,0.0,21170.0,20965.0,1.6,1.7,3.2,3.2,8023.0,8118.0,49861.0,-1.5,205178.0,14.0,11.0,13.0,271.0,47.0,171.0,424.0,111.0,178.0,13.0,12.0,13.0,390.0,107.0,191.0,1304112.0,246.7,7.500000000000001,-5.3,3.4000000000000004,2341699.0,7809730.0,1275379.0,23.1,0.0,20615.0,20492.0,-0.1,-0.2,3.2,3.1,7864.0,7925.0,1.5,-2.5,204238.0,14.0,11.0,13.0,230.0,116.0,147.0,375.0,109.0,187.0,13.0,11.0,13.0,373.0,135.0,207.0,1221361.0,117.7,-9.5,-13.6,-0.8000000000000003,2349280.0,7764977.0,1260231.0,23.0,0.0,20197.0,19981.0,1.1,1.2,3.1,3.1,7712.0,7807.0,49680.0,1.3,203130.0,14.0,11.0,13.0,287.0,113.0,159.0,344.0,117.0,184.0,13.0,12.0,14.0,349.0,119.0,161.0,1217063.0,-167.5,-14.5,-15.4,-8.5,2357601.0,7787707.0,1272280.0,21.4,0.0,20694.0,20506.0,2.7,2.7,3.1,3.1,8081.0,8181.0,49410.0,0.5,199084.0,14.0,11.0,15.0,281.0,98.0,149.0,417.0,112.0,177.0,14.0,11.0,14.0,354.0,160.0,209.0,1262359.0,-5.100000000000001,-12.299999999999999,-1.5000000000000004,4.999999999999999,2374881.0,7832670.0,1298203.0,17.8,0.0,23124.0,22945.0,-1.5,-1.3,3.2,3.1,8121.0,8236.0,27437.0,23919.0,194527.0,14.0,11.0,9.0,336.0,90.0,270.0,487.0,107.0,205.0,15.0,13.0,11.0,392.0,105.0,167.0,1224591.0,-97.5,-37.9,-2.9,-14.5,2383588.0,7988583.0,1303550.0,21.6,0.0,21811.0,21653.0,1.8,1.7,3.6,3.5,7928.0,8164.0,26619.0,1.3,185582.0,13.0,12.0,10.0,364.0,101.0,220.0,535.0,108.0,175.0,14.0,11.0,14.0,362.0,102.0,145.0,1263645.0,85.73333333333335,1.233333333333336,-11.033333333333333,0.4333333333333327,2339685.3333333335,7799811.0,1267145.3333333333,23.3,0.0,20660.666666666668,20479.333333333332,0.8666666666666664,0.9,3.1666666666666665,3.1333333333333333,7866.333333333333,7950.0,33180.833333333336,-0.8999999999999999,204182.0,14.0,11.0,13.0,262.6666666666667,92.0,159.0,381.0,112.33333333333333,183.0,13.0,11.666666666666666,13.333333333333334,370.6666666666667,120.33333333333333,186.33333333333334,1252242.0,38.63333333333335,-5.983333333333331,-7.916666666666667,-2.866666666666667,2354629.8333333335,7801314.5,1269407.3333333333,21.650000000000002,0.0,21437.833333333332,21250.5,-0.38333333333333347,-0.39999999999999974,3.1500000000000004,3.116666666666667,8011.666666666667,8120.333333333333,37699.75,4090.866666666667,200758.66666666666,13.666666666666666,11.0,13.0,290.3333333333333,98.33333333333333,174.33333333333334,405.3333333333333,111.16666666666667,182.66666666666666,13.5,11.0,13.0,358.6666666666667,126.16666666666667,178.33333333333334,1259251.5833333333,44.60833333333334,-2.591666666666665,-5.275,-3.4000000000000004,2371314.25,7852159.25,1289133.0,20.441666666666666,0.0,22111.083333333332,21914.0,-0.18333333333333343,-0.17499999999999996,3.283333333333333,3.2416666666666667,8232.916666666666,8366.416666666666,32382.958333333332,4039.3749999999995,195851.58333333334,14.0,11.5,10.916666666666666,312.0,99.5,205.83333333333334,431.9166666666667,109.08333333333333,182.16666666666666,14.666666666666666,10.583333333333334,13.0,384.0833333333333,113.41666666666667,174.08333333333334,-2.963702504079402,3.3375224870997755,-143.45358735306039,9.948717948717945,-24.00000000000001,-115.03957783641161,167.92452830188682,389.65517241379314,-138.23529411764704,-91.0344827586207,-0.5817143877159259,-2.3288840185468285,0.19201688150549678,-2.051139732791163,-0.7490322484532075,-2.893943462084303,3.0303030303030276,10.185185185185187,,,2.692214406985194,-2.9388840493329016,2.3082178411087284,-3.1773888144829843,-1700.0,-11.111111111111105,-950.0,0.0,0.0,-11.111111111111105,3.2258064516129004,-8.571428571428562,2.021871820956256,1.1982845610494453,2.4353312302839214,-0.5634492895639442,3323966.6666666665,87.31357301175852,-40.0,-215.3846153846154,0.46024735847394194,10.559213716847538,0.0,7.692307692307687,0.0,-8.333333333333337,0.0,30.000000000000004,17.82608695652175,-25.549450549450547,-59.48275862068966,-53.46534653465347,16.326530612244895,-22.272727272727277,13.06666666666667,-20.747663551401875,1.83486238532109,2.777777777777768,-4.8128342245989275,1.7142857142857126,0.0,-7.14285714285714,9.090909090909083,9.090909090909083,0.0,-7.14285714285714,4.557640750670244,7.734806629834257,-20.740740740740737,4.90196078431373,-7.729468599033817,31.72413793103448,2016,5,2,0,1,0,0
2016-06-01,680067.0,35.94,635202.0,2966945.0,14.7,-3.0,-187.9,-3.5,12.799999999999999,-49.5,-4.5,5367805.0,9494775.0,48.79,3661412.0,578289.0,1153946.0,-193.3,-9.3,-14.600000000000001,-20.8,2314007.0,7733740.0,1260072.0,24.2,0.0,21515.0,21345.0,1.1,1.0,3.2,3.1,7934.0,8046.0,49561.0,2.7,206241.0,14.0,11.0,13.0,346.0,136.0,181.0,425.0,111.0,175.0,13.0,11.0,12.0,415.0,115.0,116.0,1265462.0,-107.2,5.7,-14.200000000000001,-1.3000000000000003,2328077.0,7824726.0,1265826.0,23.8,0.0,21170.0,20965.0,1.6,1.7,3.2,3.2,8023.0,8118.0,49861.0,-1.5,205178.0,14.0,11.0,13.0,271.0,47.0,171.0,424.0,111.0,178.0,13.0,12.0,13.0,390.0,107.0,191.0,1304112.0,246.7,7.500000000000001,-5.3,3.4000000000000004,2341699.0,7809730.0,1275379.0,23.1,0.0,20615.0,20492.0,-0.1,-0.2,3.2,3.1,7864.0,7925.0,1.5,-2.5,204238.0,14.0,11.0,13.0,230.0,116.0,147.0,375.0,109.0,187.0,13.0,11.0,13.0,373.0,135.0,207.0,1221361.0,117.7,-9.5,-13.6,-0.8000000000000003,2349280.0,7764977.0,1260231.0,23.0,0.0,20197.0,19981.0,1.1,1.2,3.1,3.1,7712.0,7807.0,49680.0,1.3,203130.0,14.0,11.0,13.0,287.0,113.0,159.0,344.0,117.0,184.0,13.0,12.0,14.0,349.0,119.0,161.0,1206643.0,-138.0,-55.099999999999994,0.40000000000000024,-11.3,2381957.0,7793507.0,1261686.0,18.6,0.0,22916.0,22716.0,-4.9,-5.1,3.2,3.1,8188.0,8373.0,27988.0,24548.0,195547.0,13.0,11.0,9.0,305.0,117.0,278.0,456.0,109.0,172.0,14.0,9.0,11.0,364.0,114.0,155.0,1296842.0,223.20000000000002,46.3,14.999999999999998,2.2,2398755.0,7986234.0,1316279.0,21.1,0.0,21654.0,21457.0,5.2,5.2,3.6,3.6,8349.0,8572.0,26331.0,1.7,186627.0,14.0,13.0,9.0,319.0,95.0,212.0,638.0,110.0,185.0,16.0,11.0,24.0,491.0,100.0,219.0,1241173.3333333333,-17.93333333333332,1.3000000000000025,-11.366666666666667,-6.233333333333334,2327927.6666666665,7789398.666666667,1267092.3333333333,23.700000000000003,0.0,21100.0,20934.0,0.8666666666666664,0.8333333333333334,3.2,3.1333333333333333,7940.333333333333,8029.666666666667,33141.166666666664,-0.4333333333333333,205219.0,14.0,11.0,13.0,282.3333333333333,99.66666666666667,166.33333333333334,408.0,110.33333333333333,180.0,13.0,11.333333333333334,12.666666666666666,392.6666666666667,119.0,171.33333333333334,1243459.1666666667,29.416666666666675,1.6500000000000012,-10.416666666666666,-4.45,2343304.8333333335,7791353.333333333,1269138.3333333333,22.583333333333332,0.0,21204.333333333332,21022.0,0.6166666666666666,0.6166666666666668,3.1500000000000004,3.1166666666666667,7969.333333333333,8065.833333333333,41295.25,-0.016666666666666607,202541.0,13.833333333333334,11.0,13.666666666666666,297.1666666666667,101.5,158.16666666666666,400.1666666666667,111.5,183.16666666666666,13.333333333333334,11.333333333333334,13.166666666666666,367.1666666666667,126.33333333333333,171.83333333333334,1247343.5833333333,9.900000000000006,-7.224999999999998,-7.741666666666667,-5.316666666666667,2364251.9166666665,7831118.083333333,1284449.0833333333,20.7,0.0,22099.5,21904.666666666668,-0.525,-0.525,3.25,3.1999999999999997,8198.333333333334,8322.583333333334,34318.791666666664,4039.4583333333335,197486.08333333334,14.0,11.333333333333334,11.25,314.25,102.91666666666667,203.25,414.1666666666667,109.16666666666667,181.33333333333334,14.416666666666666,10.583333333333334,12.0,377.75,114.66666666666667,165.5,-8.812275674812831,-11.018767128146678,80.31716417910448,-186.60394265232975,-263.15789473684214,-120.08639308855291,2.8169014084507005,-197.33333333333337,1499.9999999999995,-1045.4545454545453,-0.6043614536804465,-3.53299941011066,-1.162801100000177,-3.161615349612845,-0.45456484540529196,-4.270143335873322,1.680672268907557,14.69194312796207,,,1.6296646197449194,-0.6419137341830639,1.812544717386122,-0.5219741809199818,-31.25,-78.84615384615384,-41.17647058823529,-80.76923076923077,0.0,-11.111111111111105,-3.125,-13.888888888888884,-1.1093107316465178,-4.970655168283622,-0.8869179600886956,-6.136257582827809,-0.6016726499669112,88.2230071018951,-280.0,58.82352941176472,0.5180867344452222,10.509733318330138,0.0,0.0,0.0,-15.384615384615385,0.0,44.44444444444444,27.67527675276753,8.463949843260199,189.36170212765958,43.15789473684211,5.84795321637428,-14.622641509433965,0.2358490566037652,-33.38557993730408,0.0,0.9090909090909038,-1.6853932584269704,-5.405405405405405,0.0,-18.75,-8.333333333333337,0.0,-7.692307692307687,-50.0,6.41025641025641,-15.478615071283098,7.476635514018692,14.999999999999991,-39.26701570680628,-47.03196347031964,2016,6,2,0,1,0,0
2016-07-01,683052.0,36.07,641508.0,3041744.0,7.999999999999999,10.2,354.59999999999997,-28.299999999999997,-9.900000000000002,-3.5000000000000004,-18.7,5374280.0,9462951.0,48.56,3648374.0,572127.0,1214765.0,251.79999999999998,2.4,12.299999999999999,-5.8999999999999995,2316737.0,7706040.0,1258509.0,25.3,0.0,21668.0,21528.0,-0.6,-0.5,3.2,3.2,7746.0,7868.0,49570.0,-0.4,207197.0,14.0,11.0,12.0,323.0,126.0,176.0,446.0,107.0,196.0,13.0,9.0,11.0,462.0,107.0,158.0,1153946.0,-193.3,-9.3,-14.600000000000001,-20.8,2314007.0,7733740.0,1260072.0,24.2,0.0,21515.0,21345.0,1.1,1.0,3.2,3.1,7934.0,8046.0,49561.0,2.7,206241.0,14.0,11.0,13.0,346.0,136.0,181.0,425.0,111.0,175.0,13.0,11.0,12.0,415.0,115.0,116.0,1265462.0,-107.2,5.7,-14.200000000000001,-1.3000000000000003,2328077.0,7824726.0,1265826.0,23.8,0.0,21170.0,20965.0,1.6,1.7,3.2,3.2,8023.0,8118.0,49861.0,-1.5,205178.0,14.0,11.0,13.0,271.0,47.0,171.0,424.0,111.0,178.0,13.0,12.0,13.0,390.0,107.0,191.0,1304112.0,246.7,7.500000000000001,-5.3,3.4000000000000004,2341699.0,7809730.0,1275379.0,23.1,0.0,20615.0,20492.0,-0.1,-0.2,3.2,3.1,7864.0,7925.0,1.5,-2.5,204238.0,14.0,11.0,13.0,230.0,116.0,147.0,375.0,109.0,187.0,13.0,11.0,13.0,373.0,135.0,207.0,1298811.0,280.1,30.0,0.6000000000000005,1.2999999999999994,2369165.0,7827240.0,1281042.0,20.0,0.0,23035.0,22843.0,-2.7,-2.7,3.1,3.1,8202.0,8318.0,49258.0,-0.6,197375.0,13.0,11.0,15.0,368.0,99.0,142.0,416.0,109.0,198.0,14.0,11.0,13.0,322.0,122.0,147.0,1284345.0,-48.6,-9.3,-2.1999999999999997,-10.6,2400528.0,7970189.0,1316286.0,20.2,0.0,22497.0,22292.0,-6.3,-6.4,3.5,3.5,8333.0,8498.0,27215.0,1.5,188187.0,14.0,13.0,9.0,340.0,100.0,223.0,410.0,110.0,175.0,16.0,10.0,12.0,376.0,121.0,172.0,1211391.0,-16.23333333333332,-0.39999999999999786,-5.500000000000003,-9.333333333333334,2319607.0,7754835.333333333,1261469.0,24.433333333333334,0.0,21451.0,21279.333333333332,0.6999999999999997,0.7333333333333334,3.2,3.1666666666666665,7901.0,8010.666666666667,49664.0,0.2666666666666667,206205.33333333334,14.0,11.0,12.666666666666666,313.3333333333333,103.0,176.0,431.6666666666667,109.66666666666667,183.0,13.0,10.666666666666666,12.0,422.3333333333333,109.66666666666667,155.0,1229451.5,24.700000000000003,-2.9499999999999993,-8.466666666666667,-5.650000000000001,2334566.8333333335,7771153.333333333,1265382.8333333333,23.46666666666667,0.0,20976.5,20802.833333333332,0.9666666666666668,0.9833333333333335,3.1666666666666665,3.1333333333333333,7893.333333333333,7990.833333333333,41347.25,0.01666666666666672,204178.0,14.0,11.0,13.166666666666666,289.6666666666667,106.0,163.83333333333334,405.1666666666667,111.16666666666667,182.83333333333334,13.166666666666666,11.0,12.833333333333334,390.5,123.83333333333333,173.66666666666666,1241545.25,34.93333333333334,-6.249999999999999,-6.533333333333334,-4.925,2357269.3333333335,7809105.666666667,1279634.3333333333,21.125,0.0,22030.416666666668,21841.0,-0.05000000000000009,-0.033333333333333305,3.225,3.1750000000000003,8149.416666666667,8270.083333333334,36181.708333333336,4039.2999999999997,199070.25,14.0,11.166666666666666,11.5,312.8333333333333,105.08333333333333,199.33333333333334,417.1666666666667,108.91666666666667,183.08333333333334,14.166666666666666,10.5,11.916666666666666,384.9166666666667,113.5,164.33333333333334,5.270523923996451,-5.417547465828887,-230.26383859286082,-618.1069958847736,-125.80645161290323,-125.80645161290323,-184.24657534246575,-659.0909090909091,-71.63461538461539,-44.339622641509436,0.11797717120130002,-3.4905237514413545,-0.35817082032755243,-3.314212498599467,-0.12404053101727763,-4.389395617669711,4.545454545454541,25.247524752475247,,,0.7111317685335905,-3.684935769213671,0.8573436401967616,-3.4272384712004333,-154.54545454545453,-90.47619047619048,-150.0,-92.1875,0.0,-8.571428571428562,3.2258064516129004,-8.571428571428562,-2.369548777413666,-7.044281771270855,-2.2122793934874485,-7.413509060955514,0.018159439882170503,82.14220099209994,-114.81481481481481,-126.66666666666666,0.463535378513491,10.101654205657141,0.0,0.0,0.0,-15.384615384615385,-7.692307692307687,33.33333333333333,-6.647398843930641,-5.000000000000004,-7.352941176470584,26.0,-2.7624309392265234,-21.07623318385651,4.941176470588227,8.780487804878057,-3.6036036036036,-2.7272727272727226,12.00000000000001,12.00000000000001,0.0,-18.75,-18.181818181818176,-9.999999999999998,-8.333333333333337,-8.333333333333337,11.325301204819272,22.872340425531924,-6.956521739130439,-11.570247933884293,36.206896551724135,-8.139534883720934,2016,7,3,0,0,1,0
2016-08-01,688905.0,35.94,638874.0,3053544.0,14.0,-2.8,118.7,18.9,5.700000000000001,-3.8000000000000007,0.8000000000000003,5383094.0,9440954.0,48.66,3650495.0,571746.0,1222328.0,47.9,-2.6000000000000005,-4.8,0.6999999999999997,2314951.0,7687542.0,1257698.0,26.5,0.0,22279.0,22086.0,-2.0,-2.3,3.2,3.2,7541.0,7651.0,49977.0,-0.7,208020.0,13.0,11.0,13.0,301.0,96.0,148.0,414.0,114.0,190.0,12.0,9.0,10.0,420.0,113.0,170.0,1214765.0,251.79999999999998,2.4,12.299999999999999,-5.8999999999999995,2316737.0,7706040.0,1258509.0,25.3,0.0,21668.0,21528.0,-0.6,-0.5,3.2,3.2,7746.0,7868.0,49570.0,-0.4,207197.0,14.0,11.0,12.0,323.0,126.0,176.0,446.0,107.0,196.0,13.0,9.0,11.0,462.0,107.0,158.0,1153946.0,-193.3,-9.3,-14.600000000000001,-20.8,2314007.0,7733740.0,1260072.0,24.2,0.0,21515.0,21345.0,1.1,1.0,3.2,3.1,7934.0,8046.0,49561.0,2.7,206241.0,14.0,11.0,13.0,346.0,136.0,181.0,425.0,111.0,175.0,13.0,11.0,12.0,415.0,115.0,116.0,1265462.0,-107.2,5.7,-14.200000000000001,-1.3000000000000003,2328077.0,7824726.0,1265826.0,23.8,0.0,21170.0,20965.0,1.6,1.7,3.2,3.2,8023.0,8118.0,49861.0,-1.5,205178.0,14.0,11.0,13.0,271.0,47.0,171.0,424.0,111.0,178.0,13.0,12.0,13.0,390.0,107.0,191.0,1217063.0,-167.5,-14.5,-15.4,-8.5,2357601.0,7787707.0,1272280.0,21.4,0.0,20694.0,20506.0,2.7,2.7,3.1,3.1,8081.0,8181.0,49410.0,0.5,199084.0,14.0,11.0,15.0,281.0,98.0,149.0,417.0,112.0,177.0,14.0,11.0,14.0,354.0,160.0,209.0,1253951.0,-50.1,-6.1,-3.1999999999999997,-7.9,2394395.0,7928257.0,1313191.0,19.6,0.0,22814.0,22607.0,1.4,1.6,3.5,3.5,8363.0,8503.0,27209.0,1.7,189682.0,14.0,12.0,9.0,307.0,106.0,256.0,417.0,106.0,174.0,16.0,9.0,11.0,390.0,110.0,151.0,1197013.0,35.466666666666676,-3.1666666666666643,-2.3666666666666676,-8.666666666666668,2315231.6666666665,7709107.333333333,1258759.6666666667,25.333333333333332,0.0,21820.666666666668,21653.0,-0.5000000000000003,-0.6,3.2,3.1666666666666665,7740.333333333333,7855.0,49702.666666666664,0.5333333333333334,207152.66666666666,13.666666666666666,11.0,12.666666666666666,323.3333333333333,119.33333333333333,168.33333333333334,428.3333333333333,110.66666666666667,187.0,12.666666666666666,9.666666666666666,11.0,432.3333333333333,111.66666666666667,148.0,1230329.0,60.6,-0.9666666666666659,-6.7,-4.116666666666667,2327458.5,7754459.166666667,1262952.5,24.316666666666666,0.0,21240.666666666668,21066.166666666668,0.18333333333333326,0.15000000000000022,3.1833333333333336,3.1500000000000004,7803.333333333333,7902.5,41441.75,-0.18333333333333326,205667.33333333334,13.833333333333334,11.0,12.833333333333334,293.0,105.66666666666667,163.66666666666666,404.6666666666667,111.5,185.0,12.833333333333334,10.666666666666666,12.166666666666666,401.5,116.0,167.16666666666666,1238910.0,43.1,-5.958333333333331,-6.666666666666668,-4.208333333333334,2350649.0,7789046.083333333,1275009.9166666667,21.7,0.0,21985.833333333332,21797.583333333332,-0.3333333333333334,-0.35833333333333334,3.1999999999999997,3.15,8080.916666666667,8199.083333333334,38079.041666666664,4039.1000000000004,200598.41666666666,13.916666666666666,11.083333333333334,11.833333333333334,312.3333333333333,104.25,190.33333333333334,416.9166666666667,109.58333333333333,184.41666666666666,13.833333333333334,10.5,11.833333333333334,387.4166666666667,113.75,165.91666666666666,0.6225895543582549,-2.5218688768540387,-80.97696584590946,-195.60878243512974,-208.3333333333334,-57.377049180327866,-139.02439024390242,50.0,-111.86440677966101,-108.86075949367088,-0.07709118471367349,-3.3179153815473206,-0.24004547082547845,-3.0361654522551462,-0.06444133494476478,-4.2258133051475415,4.743083003952564,35.20408163265305,,,2.819826472217102,-2.3450512842991156,2.59197324414715,-2.304595921617203,233.33333333333334,-242.8571428571429,359.99999999999994,-243.75,0.0,-8.571428571428562,0.0,-8.571428571428562,-2.646527239865737,-9.829008728925025,-2.758007117437722,-10.019992943666944,0.8210611256808553,83.67819471498402,74.99999999999997,-141.17647058823528,0.3972065232604738,9.667759724169933,-7.14285714285714,-7.14285714285714,0.0,-8.333333333333337,8.333333333333325,44.44444444444444,-6.811145510835914,-1.9543973941368087,-23.809523809523814,-9.433962264150942,-15.909090909090907,-42.1875,-7.17488789237668,-0.7194244604316502,6.542056074766345,7.547169811320753,-3.0612244897959218,9.195402298850585,-7.692307692307687,-25.0,0.0,0.0,-9.090909090909093,-9.090909090909093,-9.090909090909093,7.692307692307687,5.607476635514019,2.7272727272727337,7.594936708860756,12.58278145695364,2016,8,3,0,0,1,0
2016-09-01,688545.0,35.91,635646.0,3056867.0,-1.2000000000000004,-14.6,-21.800000000000008,-4.6999999999999975,-43.7,-9.8,-7.9,5369753.0,9403283.0,47.89,3673729.0,570648.0,1219958.0,-27.400000000000006,6.4,-9.0,-9.8,2307846.0,7656882.0,1266638.0,27.3,0.0,22717.0,22612.0,-3.4,-3.5,3.1,3.1,8207.0,8318.0,49962.0,0.5,209395.0,13.0,11.0,12.0,282.0,107.0,122.0,511.0,112.0,185.0,12.0,8.0,10.0,276.0,114.0,152.0,1222328.0,47.9,-2.6000000000000005,-4.8,0.6999999999999997,2314951.0,7687542.0,1257698.0,26.5,0.0,22279.0,22086.0,-2.0,-2.3,3.2,3.2,7541.0,7651.0,49977.0,-0.7,208020.0,13.0,11.0,13.0,301.0,96.0,148.0,414.0,114.0,190.0,12.0,9.0,10.0,420.0,113.0,170.0,1214765.0,251.79999999999998,2.4,12.299999999999999,-5.8999999999999995,2316737.0,7706040.0,1258509.0,25.3,0.0,21668.0,21528.0,-0.6,-0.5,3.2,3.2,7746.0,7868.0,49570.0,-0.4,207197.0,14.0,11.0,12.0,323.0,126.0,176.0,446.0,107.0,196.0,13.0,9.0,11.0,462.0,107.0,158.0,1153946.0,-193.3,-9.3,-14.600000000000001,-20.8,2314007.0,7733740.0,1260072.0,24.2,0.0,21515.0,21345.0,1.1,1.0,3.2,3.1,7934.0,8046.0,49561.0,2.7,206241.0,14.0,11.0,13.0,346.0,136.0,181.0,425.0,111.0,175.0,13.0,11.0,12.0,415.0,115.0,116.0,1221361.0,117.7,-9.5,-13.6,-0.8000000000000003,2349280.0,7764977.0,1260231.0,23.0,0.0,20197.0,19981.0,1.1,1.2,3.1,3.1,7712.0,7807.0,49680.0,1.3,203130.0,14.0,11.0,13.0,287.0,113.0,159.0,344.0,117.0,184.0,13.0,12.0,14.0,349.0,119.0,161.0,1217585.0,-43.3,8.1,-21.6,-14.0,2380253.0,7849096.0,1313358.0,18.7,0.0,23089.0,22858.0,3.5,3.5,3.5,3.4,8603.0,8754.0,27029.0,1.7,192607.0,15.0,12.0,9.0,369.0,113.0,238.0,395.0,103.0,178.0,16.0,9.0,10.0,467.0,112.0,139.0,1219017.0,90.7666666666667,2.066666666666669,-0.5000000000000003,-5.000000000000001,2313178.0,7683488.0,1260948.3333333333,26.366666666666664,0.0,22221.333333333332,22075.333333333332,-2.0000000000000004,-2.1,3.1666666666666665,3.1666666666666665,7831.333333333333,7945.666666666667,49836.333333333336,-0.19999999999999996,208204.0,13.333333333333334,11.0,12.333333333333334,302.0,109.66666666666667,148.66666666666666,457.0,111.0,190.33333333333334,12.333333333333334,8.666666666666666,10.333333333333334,386.0,111.33333333333333,160.0,1230095.1666666667,36.416666666666664,1.6833333333333342,-5.933333333333334,-5.616666666666667,2320552.8333333335,7736443.333333333,1264020.3333333333,25.033333333333335,0.0,21660.666666666668,21504.666666666668,-0.5666666666666668,-0.6333333333333332,3.1833333333333336,3.1500000000000004,7885.833333333333,7987.666666666667,41488.75,-0.3166666666666666,206711.5,13.666666666666666,11.0,12.666666666666666,292.1666666666667,104.66666666666667,157.5,432.5,110.66666666666667,185.16666666666666,12.666666666666666,10.0,11.5,389.3333333333333,115.16666666666667,165.66666666666666,1239107.75,44.425000000000004,-6.099999999999999,-5.616666666666667,-3.858333333333334,2344615.0833333335,7773028.25,1271116.5833333333,22.416666666666668,0.0,21954.833333333332,21777.083333333332,-0.9083333333333333,-0.9416666666666668,3.1666666666666665,3.125,8047.916666666667,8162.75,39990.125,4039.0,201997.41666666666,13.75,11.0,12.083333333333334,305.0833333333333,103.75,180.66666666666666,426.5833333333333,110.33333333333333,185.0,13.5,10.416666666666666,11.833333333333334,371.5,113.91666666666667,167.0,-0.193892310410948,0.19489399097394333,-157.2025052192067,-36.720554272517305,-346.15384615384613,-20.987654320987648,87.5,-58.333333333333336,-1500.0000000000007,-29.999999999999993,-0.3069179434035507,-3.0419875534239416,-0.39882708933492994,-2.448867997027937,0.7108224708952449,-3.5572935939781836,3.018867924528301,45.989304812834234,,,1.9659769289465334,-1.6111568279267185,2.3815992031150923,-1.0762096421384149,70.0,-197.14285714285717,52.17391304347827,-200.0,-3.125,-11.428571428571422,-3.125,-8.823529411764696,8.831719931043637,-4.603045449261889,8.717814664749701,-4.980580306145765,-0.030013806350925876,84.84590624884383,-171.42857142857144,-70.58823529411764,0.6609941351793047,8.71619411547866,0.0,-13.33333333333333,0.0,-8.333333333333337,-7.692307692307687,33.33333333333333,-6.312292358803983,-23.577235772357717,11.458333333333325,-5.309734513274334,-17.567567567567565,-48.73949579831933,23.429951690821248,29.367088607594937,-1.7543859649122862,8.737864077669899,-2.631578947368418,3.93258426966292,0.0,-25.0,-11.111111111111116,-11.111111111111116,0.0,0.0,-34.285714285714285,-40.899357601713064,0.8849557522123908,1.7857142857142794,-10.588235294117643,9.35251798561152,2016,9,3,0,0,1,0
2016-10-01,691458.0,35.97,636654.0,3202692.0,9.4,4.0,325.5,-66.4,-8.600000000000001,7.6000000000000005,-11.700000000000001,5369126.0,9510325.0,48.86,3658981.0,567846.0,1332832.0,314.6,-24.8,-6.3,8.8,2301916.0,7751427.0,1255615.0,27.6,0.0,23063.0,22927.0,-3.2,-2.8,3.1,3.1,8260.0,8370.0,49967.0,0.8,210570.0,12.0,11.0,11.0,297.0,120.0,187.0,452.0,112.0,196.0,13.0,9.0,11.0,444.0,121.0,193.0,1219958.0,-27.400000000000006,6.4,-9.0,-9.8,2307846.0,7656882.0,1266638.0,27.3,0.0,22717.0,22612.0,-3.4,-3.5,3.1,3.1,8207.0,8318.0,49962.0,0.5,209395.0,13.0,11.0,12.0,282.0,107.0,122.0,511.0,112.0,185.0,12.0,8.0,10.0,276.0,114.0,152.0,1222328.0,47.9,-2.6000000000000005,-4.8,0.6999999999999997,2314951.0,7687542.0,1257698.0,26.5,0.0,22279.0,22086.0,-2.0,-2.3,3.2,3.2,7541.0,7651.0,49977.0,-0.7,208020.0,13.0,11.0,13.0,301.0,96.0,148.0,414.0,114.0,190.0,12.0,9.0,10.0,420.0,113.0,170.0,1214765.0,251.79999999999998,2.4,12.299999999999999,-5.8999999999999995,2316737.0,7706040.0,1258509.0,25.3,0.0,21668.0,21528.0,-0.6,-0.5,3.2,3.2,7746.0,7868.0,49570.0,-0.4,207197.0,14.0,11.0,12.0,323.0,126.0,176.0,446.0,107.0,196.0,13.0,9.0,11.0,462.0,107.0,158.0,1304112.0,246.7,7.500000000000001,-5.3,3.4000000000000004,2341699.0,7809730.0,1275379.0,23.1,0.0,20615.0,20492.0,-0.1,-0.2,3.2,3.1,7864.0,7925.0,1.5,-2.5,204238.0,14.0,11.0,13.0,230.0,116.0,147.0,375.0,109.0,187.0,13.0,11.0,13.0,373.0,135.0,207.0,1282485.0,227.4,-21.9,-2.3000000000000007,1.7000000000000002,2379180.0,7851578.0,1295835.0,18.0,0.0,23528.0,23306.0,-2.2,-2.3,3.2,3.1,8956.0,9112.0,27176.0,1.7,194037.0,15.0,11.0,8.0,331.0,100.0,225.0,404.0,106.0,173.0,16.0,9.0,10.0,341.0,56.0,171.0,1258372.6666666667,111.70000000000005,-6.999999999999997,-6.7,-0.10000000000000142,2308237.6666666665,7698617.0,1259983.6666666667,27.133333333333336,0.0,22686.333333333332,22541.666666666668,-2.866666666666667,-2.8666666666666667,3.1333333333333333,3.1333333333333333,8002.666666666667,8113.0,49968.666666666664,0.20000000000000007,209328.33333333334,12.666666666666666,11.0,12.0,293.3333333333333,107.66666666666667,152.33333333333334,459.0,112.66666666666667,190.33333333333334,12.333333333333334,8.666666666666666,10.333333333333334,380.0,116.0,171.66666666666666,1234881.8333333333,47.73333333333334,-3.6999999999999993,-6.1000000000000005,-4.716666666666667,2313922.3333333335,7726726.166666667,1260726.3333333333,25.78333333333333,0.0,22068.666666666668,21910.5,-1.0833333333333333,-1.0666666666666664,3.1666666666666665,3.15,7951.833333333333,8061.833333333333,49816.333333333336,0.23333333333333342,207766.83333333334,13.333333333333334,11.0,12.333333333333334,303.3333333333333,105.33333333333333,164.16666666666666,445.3333333333333,111.16666666666667,186.66666666666666,12.666666666666666,9.666666666666666,11.166666666666666,401.1666666666667,112.83333333333333,163.33333333333334,1243303.3333333333,51.69166666666667,-6.341666666666665,-5.95,-3.266666666666667,2338176.4166666665,7764682.333333333,1267764.9166666667,23.21666666666667,0.0,21916.083333333332,21745.5,-0.9916666666666667,-0.9833333333333333,3.158333333333333,3.1250000000000004,7989.916666666667,8100.916666666667,41889.375,4038.9249999999997,203375.16666666666,13.5,11.0,12.333333333333334,302.25,105.41666666666667,177.5,430.5833333333333,110.83333333333333,186.91666666666666,13.25,10.416666666666666,11.916666666666666,380.0833333333333,119.33333333333333,168.83333333333334,9.252285734426913,3.925737922860706,-1248.1751824817516,38.346525945470546,-487.5,13.242009132420108,-30.000000000000004,173.9130434782608,-189.79591836734696,417.64705882352945,-0.25694955382637996,-3.2475054430518124,1.2347715427768025,-1.2755525067699724,-0.8702565373847948,-3.1037902202055045,1.098901098901095,53.33333333333334,,,1.5230884359730634,-1.976368582114929,1.3930656288696275,-1.6261906805114523,-5.88235294117646,45.45454545454546,-20.000000000000007,21.739130434782616,0.0,-3.125,0.0,0.0,0.6457901791153908,-7.7713264850379655,0.6251502765087791,-8.143107989464438,0.010007605780382178,83.86443921106859,60.00000000000001,-52.941176470588225,0.5611404283769827,8.520539897029945,-7.692307692307687,-19.999999999999996,0.0,0.0,-8.333333333333337,37.5,5.319148936170204,-10.271903323262844,12.149532710280365,19.999999999999996,53.278688524590166,-16.888888888888886,-11.545988258317031,11.881188118811892,0.0,5.660377358490565,5.945945945945952,13.294797687861282,8.333333333333325,-18.75,12.5,0.0,10.000000000000009,10.000000000000009,60.86956521739131,30.20527859237536,6.140350877192979,116.07142857142856,26.973684210526304,12.865497076023402,2016,10,4,0,0,0,1
2016-11-01,697410.0,36.019999999999996,637527.0,3041889.0,13.9,2.2,-92.2,0.29999999999999705,40.4,10.700000000000001,1.9000000000000004,5392187.0,9481300.0,49.03,3651307.0,569154.0,1211097.0,-114.4,2.799999999999999,2.2,-0.6000000000000003,2305533.0,7727455.0,1253889.0,27.2,0.0,23874.0,23754.0,2.4,2.4,3.1,3.1,8187.0,8302.0,50530.0,1.0,1.5,13.0,10.0,11.0,442.0,136.0,192.0,419.0,119.0,185.0,12.0,8.0,10.0,320.0,141.0,214.0,1332832.0,314.6,-24.8,-6.3,8.8,2301916.0,7751427.0,1255615.0,27.6,0.0,23063.0,22927.0,-3.2,-2.8,3.1,3.1,8260.0,8370.0,49967.0,0.8,210570.0,12.0,11.0,11.0,297.0,120.0,187.0,452.0,112.0,196.0,13.0,9.0,11.0,444.0,121.0,193.0,1219958.0,-27.400000000000006,6.4,-9.0,-9.8,2307846.0,7656882.0,1266638.0,27.3,0.0,22717.0,22612.0,-3.4,-3.5,3.1,3.1,8207.0,8318.0,49962.0,0.5,209395.0,13.0,11.0,12.0,282.0,107.0,122.0,511.0,112.0,185.0,12.0,8.0,10.0,276.0,114.0,152.0,1222328.0,47.9,-2.6000000000000005,-4.8,0.6999999999999997,2314951.0,7687542.0,1257698.0,26.5,0.0,22279.0,22086.0,-2.0,-2.3,3.2,3.2,7541.0,7651.0,49977.0,-0.7,208020.0,13.0,11.0,13.0,301.0,96.0,148.0,414.0,114.0,190.0,12.0,9.0,10.0,420.0,113.0,170.0,1265462.0,-107.2,5.7,-14.200000000000001,-1.3000000000000003,2328077.0,7824726.0,1265826.0,23.8,0.0,21170.0,20965.0,1.6,1.7,3.2,3.2,8023.0,8118.0,49861.0,-1.5,205178.0,14.0,11.0,13.0,271.0,47.0,171.0,424.0,111.0,178.0,13.0,12.0,13.0,390.0,107.0,191.0,1262359.0,-5.100000000000001,-12.299999999999999,-1.5000000000000004,4.999999999999999,2374881.0,7832670.0,1298203.0,17.8,0.0,23124.0,22945.0,-1.5,-1.3,3.2,3.1,8121.0,8236.0,27437.0,23919.0,194527.0,14.0,11.0,9.0,336.0,90.0,270.0,487.0,107.0,205.0,15.0,13.0,11.0,392.0,105.0,167.0,1254629.0,57.60000000000005,-5.1999999999999975,-4.366666666666666,-0.5333333333333344,2305098.3333333335,7711921.333333333,1258714.0,27.366666666666664,0.0,23218.0,23097.666666666668,-1.4000000000000004,-1.3,3.1,3.1,8218.0,8330.0,50153.0,0.7666666666666667,139988.83333333334,12.666666666666666,10.666666666666666,11.333333333333334,340.3333333333333,121.0,167.0,460.6666666666667,114.33333333333333,188.66666666666666,12.333333333333334,8.333333333333334,10.333333333333334,346.6666666666667,125.33333333333333,186.33333333333334,1225821.0,46.53333333333334,-4.183333333333333,-3.366666666666667,-4.6000000000000005,2310165.0,7710514.333333333,1258736.8333333333,26.349999999999998,0.0,22519.333333333332,22375.333333333332,-0.9500000000000001,-0.9499999999999996,3.15,3.1333333333333333,7979.166666666667,8092.5,49927.833333333336,0.65,173570.75,13.166666666666666,10.833333333333334,12.0,331.8333333333333,120.16666666666667,167.66666666666666,444.5,112.5,187.83333333333334,12.5,9.0,10.666666666666666,389.5,118.5,167.16666666666666,1239031.5,42.58333333333334,-5.083333333333332,-5.641666666666667,-3.733333333333333,2332397.4166666665,7755914.416666667,1264072.0833333333,24.0,0.0,21978.583333333332,21812.916666666668,-0.6666666666666669,-0.6749999999999999,3.1500000000000004,3.125,7995.416666666667,8106.416666666667,43813.791666666664,2045.7583333333332,187164.70833333334,13.416666666666666,10.916666666666666,12.5,311.0833333333333,109.25,171.0,424.9166666666667,111.83333333333333,185.25,13.0,10.0,11.833333333333334,374.0833333333333,122.33333333333333,172.75,-9.133559218266063,-4.060809959765798,-136.36363636363637,2143.13725490196,-111.29032258064515,-122.76422764227641,-134.92063492063494,-246.66666666666663,-106.81818181818181,-112.00000000000001,0.1571299734655751,-2.9200620999536353,-0.3092591854377269,-1.3432839631951854,-0.13746251836749268,-3.413487721103714,-1.449275362318847,52.80898876404494,,,3.516454927806434,3.2433834976647535,3.6071007981855363,3.5258226193070286,-175.0,-259.99999999999994,-185.71428571428572,-284.6153846153846,0.0,-3.125,0.0,0.0,-0.8837772397094379,0.8127077946065819,-0.8124253285543559,0.8013598834385682,1.1267436508095363,84.16736523672412,25.0,-99.99581922321167,-99.99928764781309,-99.9992288988161,8.333333333333325,-7.14285714285714,-9.090909090909093,-9.090909090909093,0.0,22.222222222222232,48.82154882154883,31.547619047619047,13.33333333333333,51.11111111111111,2.673796791443861,-28.888888888888886,-7.300884955752207,-13.963039014373713,6.25,11.214953271028039,-5.612244897959185,-9.756097560975608,-7.692307692307687,-19.999999999999996,-11.111111111111116,-38.46153846153846,-9.090909090909093,-9.090909090909093,-27.927927927927932,-18.36734693877551,16.528925619834702,34.28571428571428,10.880829015544036,28.143712574850312,2016,11,4,0,0,0,1
2016-12-01,700365.0,35.43,634974.0,3119395.0,2.100000000000001,-5.000000000000001,179.8,188.2,26.2,12.5,15.3,5399985.0,9460073.0,48.46,3749622.0,571536.0,1229231.0,10.200000000000001,24.1,-4.9,-3.7,2298280.0,7707405.0,1268713.0,27.3,0.0,24723.0,24530.0,-1.1,-1.3,3.1,3.1,9064.0,9187.0,1.9,-0.5,1.6,14.0,10.0,11.0,322.0,125.0,188.0,400.0,114.0,182.0,12.0,9.0,11.0,440.0,128.0,221.0,1211097.0,-114.4,2.799999999999999,2.2,-0.6000000000000003,2305533.0,7727455.0,1253889.0,27.2,0.0,23874.0,23754.0,2.4,2.4,3.1,3.1,8187.0,8302.0,50530.0,1.0,1.5,13.0,10.0,11.0,442.0,136.0,192.0,419.0,119.0,185.0,12.0,8.0,10.0,320.0,141.0,214.0,1332832.0,314.6,-24.8,-6.3,8.8,2301916.0,7751427.0,1255615.0,27.6,0.0,23063.0,22927.0,-3.2,-2.8,3.1,3.1,8260.0,8370.0,49967.0,0.8,210570.0,12.0,11.0,11.0,297.0,120.0,187.0,452.0,112.0,196.0,13.0,9.0,11.0,444.0,121.0,193.0,1219958.0,-27.400000000000006,6.4,-9.0,-9.8,2307846.0,7656882.0,1266638.0,27.3,0.0,22717.0,22612.0,-3.4,-3.5,3.1,3.1,8207.0,8318.0,49962.0,0.5,209395.0,13.0,11.0,12.0,282.0,107.0,122.0,511.0,112.0,185.0,12.0,8.0,10.0,276.0,114.0,152.0,1153946.0,-193.3,-9.3,-14.600000000000001,-20.8,2314007.0,7733740.0,1260072.0,24.2,0.0,21515.0,21345.0,1.1,1.0,3.2,3.1,7934.0,8046.0,49561.0,2.7,206241.0,14.0,11.0,13.0,346.0,136.0,181.0,425.0,111.0,175.0,13.0,11.0,12.0,415.0,115.0,116.0,1206643.0,-138.0,-55.099999999999994,0.40000000000000024,-11.3,2381957.0,7793507.0,1261686.0,18.6,0.0,22916.0,22716.0,-4.9,-5.1,3.2,3.1,8188.0,8373.0,27988.0,24548.0,195547.0,13.0,11.0,9.0,305.0,117.0,278.0,456.0,109.0,172.0,14.0,9.0,11.0,364.0,114.0,155.0,1257720.0,70.13333333333337,0.7000000000000028,-3.0,1.4999999999999991,2301909.6666666665,7728762.333333333,1259405.6666666667,27.36666666666667,0.0,23886.666666666668,23737.0,-0.6333333333333337,-0.5666666666666667,3.1,3.1,8503.666666666666,8619.666666666666,33499.63333333333,0.4333333333333334,70191.03333333334,13.0,10.333333333333334,11.0,353.6666666666667,127.0,189.0,423.6666666666667,115.0,187.66666666666666,12.333333333333334,8.666666666666666,10.666666666666666,401.3333333333333,130.0,209.33333333333334,1238368.5,80.45,1.3833333333333346,-1.75,-1.75,2307543.8333333335,7706125.166666667,1260177.0,26.866666666666664,0.0,23054.0,22906.166666666668,-1.3166666666666667,-1.3333333333333333,3.1333333333333333,3.1333333333333333,8167.5,8282.666666666666,41667.98333333333,0.1166666666666667,139197.51666666666,13.166666666666666,10.666666666666666,11.666666666666666,327.8333333333333,118.33333333333333,168.83333333333334,440.3333333333333,113.0,189.0,12.333333333333334,8.666666666666666,10.5,393.6666666666667,120.66666666666667,184.66666666666666,1240913.8333333333,54.93333333333334,1.5166666666666675,-6.083333333333333,-3.1,2325424.3333333335,7748739.25,1264657.6666666667,24.725000000000005,0.0,22129.166666666668,21964.083333333332,-0.3500000000000001,-0.3583333333333334,3.141666666666667,3.125,8068.416666666667,8174.25,41481.61666666667,0.050000000000000044,170869.25833333333,13.5,10.833333333333334,12.666666666666666,312.5,109.91666666666667,163.5,420.25,112.25,186.08333333333334,12.833333333333334,10.0,11.833333333333334,380.4166666666667,123.5,178.25,1.497320198134422,1.8719704170993445,-108.91608391608392,-107.3913043478261,760.7142857142861,-143.73865698729583,-322.7272727272727,-1324.9999999999993,516.6666666666663,-67.25663716814158,-0.314591029492961,-3.5129517451406578,-0.25946446792637357,-1.104791462944732,1.182241809282969,0.5569531563320851,0.3676470588235281,46.7741935483871,,,3.5561698919326368,7.885320300226906,3.2668182200892515,7.985560838175743,-145.83333333333334,-77.55102040816327,-154.16666666666669,-74.50980392156863,0.0,-3.125,0.0,0.0,10.712104556003421,10.698583292623344,10.660081907973984,9.72172459094709,-99.99623985751039,-99.99321137630413,-150.0,-100.00203682581066,6.666666666666665,-99.9991817823848,7.692307692307687,7.692307692307687,0.0,-9.090909090909093,0.0,22.222222222222232,-27.14932126696833,5.573770491803276,-8.088235294117652,6.8376068376068355,-2.083333333333337,-32.37410071942446,-4.534606205250602,-12.28070175438597,-4.201680672268903,4.587155963302747,-1.6216216216216162,5.813953488372103,0.0,-14.28571428571429,12.5,0.0,10.000000000000009,0.0,37.5,20.879120879120872,-9.219858156028371,12.280701754385959,3.2710280373831724,42.58064516129032,2016,12,4,0,0,0,1
2017-01-01,703851.0,35.51,636171.0,3125412.0,13.9,2.5999999999999996,-13.999999999999982,-66.1,24.7,17.8,1.5,5411107.0,9442217.0,48.410000000000004,3752207.0,571233.0,1234941.0,23.800000000000004,-13.5,3.4,3.8,2296685.0,7690092.0,1272094.0,25.5,0.0,23759.0,23624.0,-4.6,-4.5,3.1,3.1,7594.0,7717.0,0.1,1.5,1.6,15.0,9.0,11.0,287.0,129.0,170.0,484.0,122.0,198.0,12.0,14.0,11.0,402.0,437.0,193.0,1229231.0,10.200000000000001,24.1,-4.9,-3.7,2298280.0,7707405.0,1268713.0,27.3,0.0,24723.0,24530.0,-1.1,-1.3,3.1,3.1,9064.0,9187.0,1.9,-0.5,1.6,14.0,10.0,11.0,322.0,125.0,188.0,400.0,114.0,182.0,12.0,9.0,11.0,440.0,128.0,221.0,1211097.0,-114.4,2.799999999999999,2.2,-0.6000000000000003,2305533.0,7727455.0,1253889.0,27.2,0.0,23874.0,23754.0,2.4,2.4,3.1,3.1,8187.0,8302.0,50530.0,1.0,1.5,13.0,10.0,11.0,442.0,136.0,192.0,419.0,119.0,185.0,12.0,8.0,10.0,320.0,141.0,214.0,1332832.0,314.6,-24.8,-6.3,8.8,2301916.0,7751427.0,1255615.0,27.6,0.0,23063.0,22927.0,-3.2,-2.8,3.1,3.1,8260.0,8370.0,49967.0,0.8,210570.0,12.0,11.0,11.0,297.0,120.0,187.0,452.0,112.0,196.0,13.0,9.0,11.0,444.0,121.0,193.0,1214765.0,251.79999999999998,2.4,12.299999999999999,-5.8999999999999995,2316737.0,7706040.0,1258509.0,25.3,0.0,21668.0,21528.0,-0.6,-0.5,3.2,3.2,7746.0,7868.0,49570.0,-0.4,207197.0,14.0,11.0,12.0,323.0,126.0,176.0,446.0,107.0,196.0,13.0,9.0,11.0,462.0,107.0,158.0,1298811.0,280.1,30.0,0.6000000000000005,1.2999999999999994,2369165.0,7827240.0,1281042.0,20.0,0.0,23035.0,22843.0,-2.7,-2.7,3.1,3.1,8202.0,8318.0,49258.0,-0.6,197375.0,13.0,11.0,15.0,368.0,99.0,142.0,416.0,109.0,198.0,14.0,11.0,13.0,322.0,122.0,147.0,1225089.6666666667,-26.799999999999965,4.4666666666666694,0.23333333333333325,-0.16666666666666785,2300166.0,7708317.333333333,1264898.6666666667,26.666666666666668,0.0,24118.666666666668,23969.333333333332,-1.1000000000000003,-1.1333333333333335,3.1,3.1,8281.666666666666,8402.0,16844.0,0.6666666666666666,1.5666666666666667,14.0,9.666666666666666,11.0,350.3333333333333,130.0,183.33333333333334,434.3333333333333,118.33333333333333,188.33333333333334,12.0,10.333333333333334,10.666666666666666,387.3333333333333,235.33333333333334,209.33333333333334,1241731.1666666667,42.45000000000001,-1.2666666666666655,-3.233333333333333,-0.13333333333333344,2304201.8333333335,7703467.166666667,1262441.1666666667,26.899999999999995,0.0,23402.5,23255.5,-1.9833333333333334,-2.0,3.1166666666666667,3.1166666666666667,8142.166666666667,8257.5,33406.333333333336,0.43333333333333335,104664.95,13.333333333333334,10.333333333333334,11.5,321.8333333333333,118.83333333333333,167.83333333333334,446.6666666666667,115.5,189.33333333333334,12.166666666666666,9.5,10.5,383.6666666666667,175.66666666666666,190.5,1235591.3333333333,33.57500000000001,-2.1083333333333325,-5.8500000000000005,-2.891666666666667,2319384.3333333335,7737310.25,1263912.0,25.183333333333337,0.0,22189.5,22029.166666666668,-0.5083333333333334,-0.5083333333333334,3.141666666666666,3.125,8017.75,8124.166666666667,37376.791666666664,0.22500000000000006,154421.475,13.666666666666666,10.666666666666666,12.333333333333334,305.75,112.41666666666667,165.83333333333334,425.9166666666667,113.33333333333333,186.08333333333334,12.666666666666666,10.25,11.666666666666666,387.0833333333333,149.75,182.08333333333334,0.46451806047846933,-4.917574612472486,133.33333333333334,-91.50303463048911,-156.01659751037346,-145.0,-169.3877551020408,466.6666666666662,-202.7027027027027,192.30769230769243,-0.06939972501174285,-3.059305704752513,-0.22462813359360734,-1.752188510892727,0.26649053016718494,-0.6984938823239251,-6.593406593406592,27.499999999999993,,,-3.8992031711361896,3.143043195137829,-3.6934366082348125,3.41899050037211,318.1818181818181,70.37037037037035,246.15384615384613,66.66666666666666,0.0,0.0,0.0,0.0,-16.218005295675198,-7.412826139965867,-16.000870795689558,-7.225294541957206,-94.73684210526315,-99.9997969872914,-400.0,-350.0,0.0,-99.99918936035466,7.14285714285714,15.384615384615374,-9.999999999999998,-18.181818181818176,0.0,-26.66666666666667,-10.869565217391308,-22.010869565217394,3.200000000000003,30.303030303030297,-9.57446808510638,19.718309859154925,20.999999999999996,16.346153846153854,7.017543859649122,11.926605504587151,8.791208791208781,0.0,0.0,-14.28571428571429,55.55555555555556,27.27272727272727,0.0,-15.384615384615385,-8.636363636363631,24.84472049689441,241.40625,258.1967213114754,-12.669683257918551,31.29251700680271,2017,1,1,1,0,0,0
2017-02-01,703638.0,35.64,637725.0,3146641.0,-0.3999999999999999,4.1,111.50000000000001,25.300000000000004,12.6,40.7,7.6,5419582.0,9446168.0,48.1,3740705.0,573321.0,1251511.0,50.199999999999996,19.5,4.9,6.8,2300530.0,7690470.0,1267005.0,23.9,0.0,23614.0,23493.0,-4.0,-4.0,3.2,3.2,8126.0,8245.0,50528.0,2.2,0.9,15.0,9.0,11.0,388.0,102.0,117.0,379.0,128.0,241.0,12.0,13.0,12.0,389.0,437.0,180.0,1234941.0,23.800000000000004,-13.5,3.4,3.8,2296685.0,7690092.0,1272094.0,25.5,0.0,23759.0,23624.0,-4.6,-4.5,3.1,3.1,7594.0,7717.0,0.1,1.5,1.6,15.0,9.0,11.0,287.0,129.0,170.0,484.0,122.0,198.0,12.0,14.0,11.0,402.0,437.0,193.0,1229231.0,10.200000000000001,24.1,-4.9,-3.7,2298280.0,7707405.0,1268713.0,27.3,0.0,24723.0,24530.0,-1.1,-1.3,3.1,3.1,9064.0,9187.0,1.9,-0.5,1.6,14.0,10.0,11.0,322.0,125.0,188.0,400.0,114.0,182.0,12.0,9.0,11.0,440.0,128.0,221.0,1211097.0,-114.4,2.799999999999999,2.2,-0.6000000000000003,2305533.0,7727455.0,1253889.0,27.2,0.0,23874.0,23754.0,2.4,2.4,3.1,3.1,8187.0,8302.0,50530.0,1.0,1.5,13.0,10.0,11.0,442.0,136.0,192.0,419.0,119.0,185.0,12.0,8.0,10.0,320.0,141.0,214.0,1222328.0,47.9,-2.6000000000000005,-4.8,0.6999999999999997,2314951.0,7687542.0,1257698.0,26.5,0.0,22279.0,22086.0,-2.0,-2.3,3.2,3.2,7541.0,7651.0,49977.0,-0.7,208020.0,13.0,11.0,13.0,301.0,96.0,148.0,414.0,114.0,190.0,12.0,9.0,10.0,420.0,113.0,170.0,1217063.0,-167.5,-14.5,-15.4,-8.5,2357601.0,7787707.0,1272280.0,21.4,0.0,20694.0,20506.0,2.7,2.7,3.1,3.1,8081.0,8181.0,49410.0,0.5,199084.0,14.0,11.0,15.0,281.0,98.0,149.0,417.0,112.0,177.0,14.0,11.0,14.0,354.0,160.0,209.0,1238561.0,28.066666666666706,10.033333333333337,1.1333333333333333,2.299999999999999,2298498.3333333335,7695989.0,1269270.6666666667,25.566666666666666,0.0,24032.0,23882.333333333332,-3.233333333333334,-3.266666666666667,3.1333333333333333,3.1333333333333333,8261.333333333334,8383.0,16843.333333333332,1.0666666666666667,1.366666666666667,14.666666666666666,9.333333333333334,11.0,332.3333333333333,118.66666666666667,158.33333333333334,421.0,121.33333333333333,207.0,12.0,12.0,11.333333333333334,410.3333333333333,334.0,198.0,1246595.0,42.83333333333334,2.4166666666666683,-1.6166666666666665,0.8833333333333332,2301798.3333333335,7703955.166666667,1263992.3333333333,26.466666666666665,0.0,23625.0,23490.0,-2.316666666666667,-2.283333333333333,3.116666666666667,3.116666666666667,8239.666666666666,8356.5,33498.166666666664,0.9166666666666666,69995.09999999999,13.666666666666666,10.0,11.166666666666666,336.3333333333333,119.83333333333333,162.66666666666666,440.8333333333333,117.83333333333333,197.83333333333334,12.166666666666666,10.166666666666666,10.833333333333334,378.5,229.66666666666666,192.16666666666666,1238462.0,51.71666666666667,0.7250000000000009,-4.158333333333334,-1.6166666666666665,2314628.4166666665,7729207.166666667,1263472.4166666667,25.391666666666666,0.0,22432.833333333332,22278.083333333332,-1.0666666666666667,-1.0666666666666667,3.1500000000000004,3.1333333333333333,8021.5,8129.5,37469.958333333336,0.3666666666666667,137831.21666666667,13.75,10.5,12.0,314.6666666666667,112.75,163.16666666666666,422.75,114.66666666666667,191.41666666666666,12.5,10.416666666666666,11.5,390.0,172.83333333333334,179.66666666666666,1.3417645053488414,2.830420446599735,110.92436974789912,-129.97014925373134,-244.44444444444446,-234.48275862068968,44.11764705882355,-131.8181818181818,78.94736842105263,-179.99999999999997,0.16741520931256026,-2.420723438783745,0.004915415836381776,-1.2485960244780658,-0.40004905297879034,-0.4146099915113055,-6.27450980392158,11.682242990654213,,,-0.6102950460877943,14.110370155600659,-0.5545208262783596,14.566468350726613,-13.043478260869556,-248.14814814814815,-11.111111111111116,-248.14814814814815,3.2258064516129004,3.2258064516129004,3.2258064516129004,3.2258064516129004,7.005530682117467,0.5568617745328464,6.842037061034079,0.7823004522674593,50527900.0,2.2626998583282765,46.66666666666668,340.00000000000006,-43.75,-99.99954792951719,0.0,7.14285714285714,0.0,-18.181818181818176,0.0,-26.66666666666667,35.19163763066202,38.07829181494662,-20.93023255813954,4.081632653061229,-31.176470588235293,-21.476510067114095,-21.694214876033058,-9.112709832134291,4.918032786885251,14.28571428571428,21.717171717171713,36.15819209039548,0.0,-14.28571428571429,-7.14285714285714,18.181818181818187,9.090909090909083,-14.28571428571429,-3.233830845771146,9.887005649717517,0.0,173.12500000000003,-6.735751295336789,-13.875598086124397,2017,2,1,1,0,0,0
2017-03-01,705306.0,35.74,639717.0,3153081.0,6.4,6.800000000000001,-17.099999999999994,41.599999999999994,0.9000000000000001,12.200000000000001,-11.4,5417582.0,9447104.0,47.7,3748958.0,568866.0,1261053.0,18.1,18.2,-2.7,2.2,2300440.0,7688993.0,1279558.0,22.3,0.0,23080.0,22945.0,3.1,2.9,3.1,3.1,8474.0,8573.0,50794.0,24926.0,0.8,15.0,10.0,14.0,351.0,125.0,176.0,409.0,126.0,185.0,12.0,13.0,13.0,345.0,474.0,142.0,1251511.0,50.199999999999996,19.5,4.9,6.8,2300530.0,7690470.0,1267005.0,23.9,0.0,23614.0,23493.0,-4.0,-4.0,3.2,3.2,8126.0,8245.0,50528.0,2.2,0.9,15.0,9.0,11.0,388.0,102.0,117.0,379.0,128.0,241.0,12.0,13.0,12.0,389.0,437.0,180.0,1234941.0,23.800000000000004,-13.5,3.4,3.8,2296685.0,7690092.0,1272094.0,25.5,0.0,23759.0,23624.0,-4.6,-4.5,3.1,3.1,7594.0,7717.0,0.1,1.5,1.6,15.0,9.0,11.0,287.0,129.0,170.0,484.0,122.0,198.0,12.0,14.0,11.0,402.0,437.0,193.0,1229231.0,10.200000000000001,24.1,-4.9,-3.7,2298280.0,7707405.0,1268713.0,27.3,0.0,24723.0,24530.0,-1.1,-1.3,3.1,3.1,9064.0,9187.0,1.9,-0.5,1.6,14.0,10.0,11.0,322.0,125.0,188.0,400.0,114.0,182.0,12.0,9.0,11.0,440.0,128.0,221.0,1219958.0,-27.400000000000006,6.4,-9.0,-9.8,2307846.0,7656882.0,1266638.0,27.3,0.0,22717.0,22612.0,-3.4,-3.5,3.1,3.1,8207.0,8318.0,49962.0,0.5,209395.0,13.0,11.0,12.0,282.0,107.0,122.0,511.0,112.0,185.0,12.0,8.0,10.0,276.0,114.0,152.0,1221361.0,117.7,-9.5,-13.6,-0.8000000000000003,2349280.0,7764977.0,1260231.0,23.0,0.0,20197.0,19981.0,1.1,1.2,3.1,3.1,7712.0,7807.0,49680.0,1.3,203130.0,14.0,11.0,13.0,287.0,113.0,159.0,344.0,117.0,184.0,13.0,12.0,14.0,349.0,119.0,161.0,1249168.3333333333,30.700000000000035,8.066666666666668,1.866666666666667,4.266666666666666,2299218.3333333335,7689851.666666667,1272885.6666666667,23.900000000000002,0.0,23484.333333333332,23354.0,-1.833333333333334,-1.8666666666666665,3.1333333333333333,3.1333333333333333,8064.666666666667,8178.333333333333,33774.03333333333,8309.9,1.1,15.0,9.333333333333334,12.0,342.0,118.66666666666667,154.33333333333334,424.0,125.33333333333333,208.0,12.0,13.333333333333334,12.0,378.6666666666667,449.3333333333333,171.66666666666666,1253444.1666666667,50.41666666666668,4.383333333333335,-0.5666666666666665,2.8833333333333333,2300564.0,7709307.0,1266145.6666666667,25.633333333333336,0.0,23685.5,23545.5,-1.2333333333333334,-1.2166666666666666,3.1166666666666667,3.1166666666666667,8284.166666666666,8399.0,33636.833333333336,4155.166666666667,35096.066666666666,14.0,9.833333333333334,11.5,347.8333333333333,122.83333333333333,171.66666666666666,423.8333333333333,120.16666666666667,197.83333333333334,12.166666666666666,11.0,11.333333333333334,390.0,289.6666666666667,190.5,1241769.6666666667,43.41666666666668,3.0333333333333337,-3.2500000000000004,-1.3666666666666665,2310558.4166666665,7722875.166666667,1265083.0,25.333333333333332,0.0,22673.083333333332,22525.083333333332,-0.9,-0.9249999999999999,3.1500000000000004,3.1333333333333333,8085.0,8193.333333333334,37562.791666666664,2077.4249999999997,120903.78333333333,13.833333333333334,10.416666666666666,12.083333333333334,320.0,113.75,164.58333333333334,428.1666666666667,115.41666666666667,191.5,12.416666666666666,10.5,11.416666666666666,389.6666666666667,202.41666666666666,178.08333333333334,0.7624383645049804,3.2498172121101065,-63.94422310756971,-84.62192013593884,-6.666666666666665,-291.57894736842104,-155.10204081632654,-80.14705882352942,-67.64705882352942,-374.9999999999999,-0.003912141984674378,-2.0789348225839444,-0.019205588215021052,-0.9785476505596913,0.9907616781307027,1.5336077274721749,-6.694560669456062,-3.0434782608695587,,,-2.2613703735072432,14.274397187701137,-2.332609713531686,14.834092387768383,-177.5,181.81818181818178,-172.5,141.66666666666666,-3.125,0.0,-3.125,0.0,4.2825498400197,9.88070539419088,3.978168587022446,9.811707442039186,0.5264407853071473,2.242351046698876,1132899.9999999998,1917284.6153846153,-11.111111111111105,-99.99960616354059,0.0,7.14285714285714,11.111111111111116,-9.090909090909093,27.27272727272727,7.692307692307687,-9.536082474226804,22.299651567944245,22.549019607843146,10.619469026548668,50.427350427350426,10.691823899371066,7.9155672823219,18.89534883720929,-1.5625,7.692307692307687,-23.236514522821572,0.5434782608695565,0.0,-7.692307692307687,0.0,8.333333333333325,8.333333333333325,-7.14285714285714,-11.311053984575835,-1.1461318051575908,8.46681922196797,298.31932773109247,-21.111111111111114,-11.801242236024844,2017,3,1,1,0,0,0
2017-04-01,705711.0,35.96,646317.0,3159963.0,4.4,15.4,97.5,-65.5,42.3,29.5,-10.6,5423465.0,9463574.0,47.7,3734380.0,564870.0,1270838.0,55.6,-13.8,9.4,8.1,2300496.0,7701673.0,1274722.0,22.5,0.0,23187.0,23068.0,-1.0,-0.8,3.1,3.1,8284.0,8402.0,50697.0,25096.0,0.4,15.0,11.0,14.0,283.0,123.0,175.0,422.0,122.0,191.0,12.0,12.0,13.0,305.0,446.0,204.0,1261053.0,18.1,18.2,-2.7,2.2,2300440.0,7688993.0,1279558.0,22.3,0.0,23080.0,22945.0,3.1,2.9,3.1,3.1,8474.0,8573.0,50794.0,24926.0,0.8,15.0,10.0,14.0,351.0,125.0,176.0,409.0,126.0,185.0,12.0,13.0,13.0,345.0,474.0,142.0,1251511.0,50.199999999999996,19.5,4.9,6.8,2300530.0,7690470.0,1267005.0,23.9,0.0,23614.0,23493.0,-4.0,-4.0,3.2,3.2,8126.0,8245.0,50528.0,2.2,0.9,15.0,9.0,11.0,388.0,102.0,117.0,379.0,128.0,241.0,12.0,13.0,12.0,389.0,437.0,180.0,1234941.0,23.800000000000004,-13.5,3.4,3.8,2296685.0,7690092.0,1272094.0,25.5,0.0,23759.0,23624.0,-4.6,-4.5,3.1,3.1,7594.0,7717.0,0.1,1.5,1.6,15.0,9.0,11.0,287.0,129.0,170.0,484.0,122.0,198.0,12.0,14.0,11.0,402.0,437.0,193.0,1332832.0,314.6,-24.8,-6.3,8.8,2301916.0,7751427.0,1255615.0,27.6,0.0,23063.0,22927.0,-3.2,-2.8,3.1,3.1,8260.0,8370.0,49967.0,0.8,210570.0,12.0,11.0,11.0,297.0,120.0,187.0,452.0,112.0,196.0,13.0,9.0,11.0,444.0,121.0,193.0,1304112.0,246.7,7.500000000000001,-5.3,3.4000000000000004,2341699.0,7809730.0,1275379.0,23.1,0.0,20615.0,20492.0,-0.1,-0.2,3.2,3.1,7864.0,7925.0,1.5,-2.5,204238.0,14.0,11.0,13.0,230.0,116.0,147.0,375.0,109.0,187.0,13.0,11.0,13.0,373.0,135.0,207.0,1261134.0,41.30000000000003,7.966666666666668,3.866666666666667,5.699999999999999,2300488.6666666665,7693712.0,1273761.6666666667,22.900000000000002,0.0,23293.666666666668,23168.666666666668,-0.6333333333333336,-0.6333333333333334,3.1333333333333333,3.1333333333333333,8294.666666666666,8406.666666666666,50673.0,16674.733333333334,0.7000000000000001,15.0,10.0,13.0,340.6666666666667,116.66666666666667,156.0,403.3333333333333,125.33333333333333,205.66666666666666,12.0,12.666666666666666,12.666666666666666,346.3333333333333,452.3333333333333,175.33333333333334,1243111.8333333333,7.25000000000001,6.216666666666669,2.0500000000000003,2.766666666666667,2300327.3333333335,7701014.666666667,1269330.1666666667,24.78333333333333,0.0,23706.166666666668,23569.0,-0.8666666666666666,-0.8833333333333333,3.1166666666666667,3.1166666666666667,8288.166666666666,8404.333333333334,33758.5,8337.699999999999,1.1333333333333335,14.5,9.833333333333334,12.0,345.5,123.33333333333333,169.66666666666666,418.8333333333333,121.83333333333333,197.0,12.0,11.5,11.666666666666666,366.8333333333333,343.8333333333333,192.33333333333334,1238996.8333333333,27.491666666666674,1.258333333333334,-2.0250000000000004,-0.9750000000000002,2307124.8333333335,7713870.416666667,1265028.25,25.283333333333335,0.0,22887.416666666668,22739.75,-0.9750000000000001,-0.9750000000000001,3.141666666666667,3.1333333333333333,8120.0,8233.083333333334,41787.416666666664,4168.966666666666,103883.98333333334,13.916666666666666,10.416666666666666,12.166666666666666,324.4166666666667,114.33333333333333,166.91666666666666,432.0833333333333,116.5,191.83333333333334,12.333333333333334,10.583333333333334,11.416666666666666,384.0,228.33333333333334,177.83333333333334,0.7759388384152022,-2.551467972076016,207.1823204419889,-77.46250506688285,-175.82417582417582,-284.0,-448.1481481481481,-277.35849056603774,268.18181818181813,138.23529411764702,0.0024343169132912124,-1.759534423510456,0.16491106182565662,-1.3836201763697376,-0.377943008445103,-0.05151409894627035,0.8968609865470878,-2.5974025974025983,,,0.4636048526863057,12.47635217074945,0.5360645020701771,12.570759320710522,-132.25806451612902,900.0,-127.58620689655173,300.0,0.0,-3.125,0.0,0.0,-2.2421524663677084,5.340793489318418,-1.9946343170418768,6.018927444794953,-0.19096743709886566,3379700.0,0.682018775575699,-1003940.0,-50.0,-99.99980415006023,0.0,7.14285714285714,10.000000000000009,0.0,0.0,7.692307692307687,-19.373219373219374,23.043478260869566,-1.6000000000000014,6.034482758620685,-0.5681818181818232,19.047619047619047,3.17848410757946,12.53333333333333,-3.1746031746031744,11.926605504587151,3.2432432432432323,2.1390374331550888,0.0,-7.692307692307687,-7.692307692307687,9.090909090909083,0.0,0.0,-11.594202898550721,-18.230563002680967,-5.907172995780585,230.37037037037038,43.66197183098593,-1.449275362318836,2017,4,2,0,1,0,0
2017-05-01,704439.0,35.73,648054.0,3140051.0,-3.8,5.9,-95.2,90.2,-20.2,4.699999999999999,-4.2,5420371.0,9436577.0,46.870000000000005,3762668.0,563250.0,1255087.0,-78.7,34.9,-1.4000000000000001,-3.8,2301117.0,7676483.0,1297225.0,21.8,0.0,23170.0,23036.0,3.3,3.3,3.1,3.1,8345.0,8478.0,50700.0,24837.0,0.3,14.0,11.0,14.0,359.0,121.0,146.0,377.0,110.0,175.0,13.0,12.0,14.0,312.0,433.0,163.0,1270838.0,55.6,-13.8,9.4,8.1,2300496.0,7701673.0,1274722.0,22.5,0.0,23187.0,23068.0,-1.0,-0.8,3.1,3.1,8284.0,8402.0,50697.0,25096.0,0.4,15.0,11.0,14.0,283.0,123.0,175.0,422.0,122.0,191.0,12.0,12.0,13.0,305.0,446.0,204.0,1261053.0,18.1,18.2,-2.7,2.2,2300440.0,7688993.0,1279558.0,22.3,0.0,23080.0,22945.0,3.1,2.9,3.1,3.1,8474.0,8573.0,50794.0,24926.0,0.8,15.0,10.0,14.0,351.0,125.0,176.0,409.0,126.0,185.0,12.0,13.0,13.0,345.0,474.0,142.0,1251511.0,50.199999999999996,19.5,4.9,6.8,2300530.0,7690470.0,1267005.0,23.9,0.0,23614.0,23493.0,-4.0,-4.0,3.2,3.2,8126.0,8245.0,50528.0,2.2,0.9,15.0,9.0,11.0,388.0,102.0,117.0,379.0,128.0,241.0,12.0,13.0,12.0,389.0,437.0,180.0,1211097.0,-114.4,2.799999999999999,2.2,-0.6000000000000003,2305533.0,7727455.0,1253889.0,27.2,0.0,23874.0,23754.0,2.4,2.4,3.1,3.1,8187.0,8302.0,50530.0,1.0,1.5,13.0,10.0,11.0,442.0,136.0,192.0,419.0,119.0,185.0,12.0,8.0,10.0,320.0,141.0,214.0,1265462.0,-107.2,5.7,-14.200000000000001,-1.3000000000000003,2328077.0,7824726.0,1265826.0,23.8,0.0,21170.0,20965.0,1.6,1.7,3.2,3.2,8023.0,8118.0,49861.0,-1.5,205178.0,14.0,11.0,13.0,271.0,47.0,171.0,424.0,111.0,178.0,13.0,12.0,13.0,390.0,107.0,191.0,1262326.0,-1.6666666666666288,13.100000000000001,1.7666666666666668,2.1666666666666656,2300684.3333333335,7689049.666666667,1283835.0,22.2,0.0,23145.666666666668,23016.333333333332,1.7999999999999996,1.7999999999999998,3.1,3.1,8367.666666666666,8484.333333333334,50730.333333333336,24953.0,0.5000000000000001,14.666666666666666,10.666666666666666,14.0,331.0,123.0,165.66666666666666,402.6666666666667,119.33333333333333,183.66666666666666,12.333333333333334,12.333333333333334,13.333333333333334,320.6666666666667,451.0,169.66666666666666,1250443.5,13.20000000000001,11.566666666666668,1.4500000000000002,2.233333333333334,2299591.3333333335,7692519.333333333,1276552.8333333333,23.883333333333336,0.0,23588.833333333332,23449.333333333332,-0.7166666666666668,-0.7333333333333333,3.1166666666666667,3.1166666666666667,8314.5,8433.666666666666,33786.833333333336,12477.033333333333,0.9333333333333335,14.666666666666666,10.0,12.5,331.6666666666667,120.83333333333333,162.0,411.8333333333333,120.33333333333333,195.33333333333334,12.166666666666666,12.166666666666666,12.333333333333334,365.5,392.5,183.83333333333334,1238132.25,29.866666666666674,3.691666666666667,-0.9583333333333338,-1.1833333333333336,2304878.1666666665,7701516.833333333,1267644.8333333333,25.11666666666667,0.0,23054.083333333332,22912.333333333332,-0.8333333333333334,-0.8416666666666668,3.1333333333333333,3.125,8146.833333333333,8263.083333333334,41857.333333333336,6238.841666666667,86785.84166666666,13.916666666666666,10.416666666666666,12.25,331.75,120.5,164.83333333333334,428.1666666666667,116.41666666666667,191.58333333333334,12.333333333333334,10.583333333333334,11.5,377.5,255.5,175.5,-1.2394183995127594,-0.8198586761198667,-241.54676258992805,-26.58582089552238,-352.89855072463763,512.280701754386,-114.89361702127661,-90.14084507042254,-146.91358024691357,192.30769230769224,0.026994178646688738,-1.1580372985945053,-0.3270717933622991,-1.8945455725861815,1.76532608678599,2.480514699492664,-3.111111111111109,-8.403361344537819,,,-0.07331694483978524,9.44733112895606,-0.1387203051846697,9.878368709754358,-430.0,106.24999999999996,-512.4999999999999,94.11764705882352,0.0,-3.125,0.0,-3.125,0.7363592467407143,4.013461298766052,0.9045465365389083,4.434589800443467,0.005917509911834706,1.6826778444074542,-1.032036978004458,-1655900.0,-25.00000000000001,-99.99985378549357,-6.666666666666665,0.0,0.0,0.0,0.0,7.692307692307687,26.855123674911653,32.47232472324724,-1.6260162601625994,157.44680851063828,-16.57142857142857,-14.619883040935678,-10.663507109004744,-11.084905660377354,-9.836065573770492,-0.9009009009009028,-8.376963350785338,-1.6853932584269704,8.333333333333325,0.0,0.0,0.0,7.692307692307687,7.692307692307687,2.2950819672131084,-19.999999999999996,-2.914798206278024,304.6728971962617,-20.09803921568627,-14.65968586387435,2017,5,2,0,1,0,0
2017-06-01,705381.0,35.97,648087.0,3269832.0,10.3,-8.7,219.0,-27.800000000000004,15.9,19.0,0.8000000000000014,5419814.0,9542039.0,47.71,3743053.0,561612.0,1359345.0,217.1,-10.6,1.6999999999999997,9.1,2304000.0,7768081.0,1285291.0,21.7,0.0,24297.0,24134.0,-3.6,-3.9,3.0,3.0,7893.0,7999.0,50719.0,24941.0,0.6,14.0,10.0,14.0,414.0,59.0,219.0,493.0,119.0,220.0,14.0,13.0,13.0,376.0,456.0,209.0,1255087.0,-78.7,34.9,-1.4000000000000001,-3.8,2301117.0,7676483.0,1297225.0,21.8,0.0,23170.0,23036.0,3.3,3.3,3.1,3.1,8345.0,8478.0,50700.0,24837.0,0.3,14.0,11.0,14.0,359.0,121.0,146.0,377.0,110.0,175.0,13.0,12.0,14.0,312.0,433.0,163.0,1270838.0,55.6,-13.8,9.4,8.1,2300496.0,7701673.0,1274722.0,22.5,0.0,23187.0,23068.0,-1.0,-0.8,3.1,3.1,8284.0,8402.0,50697.0,25096.0,0.4,15.0,11.0,14.0,283.0,123.0,175.0,422.0,122.0,191.0,12.0,12.0,13.0,305.0,446.0,204.0,1261053.0,18.1,18.2,-2.7,2.2,2300440.0,7688993.0,1279558.0,22.3,0.0,23080.0,22945.0,3.1,2.9,3.1,3.1,8474.0,8573.0,50794.0,24926.0,0.8,15.0,10.0,14.0,351.0,125.0,176.0,409.0,126.0,185.0,12.0,13.0,13.0,345.0,474.0,142.0,1229231.0,10.200000000000001,24.1,-4.9,-3.7,2298280.0,7707405.0,1268713.0,27.3,0.0,24723.0,24530.0,-1.1,-1.3,3.1,3.1,9064.0,9187.0,1.9,-0.5,1.6,14.0,10.0,11.0,322.0,125.0,188.0,400.0,114.0,182.0,12.0,9.0,11.0,440.0,128.0,221.0,1153946.0,-193.3,-9.3,-14.600000000000001,-20.8,2314007.0,7733740.0,1260072.0,24.2,0.0,21515.0,21345.0,1.1,1.0,3.2,3.1,7934.0,8046.0,49561.0,2.7,206241.0,14.0,11.0,13.0,346.0,136.0,181.0,425.0,111.0,175.0,13.0,11.0,12.0,415.0,115.0,116.0,1295090.0,64.6666666666667,3.5000000000000018,3.233333333333333,4.466666666666666,2301871.0,7715412.333333333,1285746.0,22.0,0.0,23551.333333333332,23412.666666666668,-0.43333333333333374,-0.4666666666666668,3.066666666666667,3.066666666666667,8174.0,8293.0,50705.333333333336,24958.0,0.4333333333333333,14.333333333333334,10.666666666666666,14.0,352.0,101.0,180.0,430.6666666666667,117.0,195.33333333333334,13.0,12.333333333333334,13.333333333333334,331.0,445.0,192.0,1272129.1666666667,47.68333333333334,5.783333333333334,2.5500000000000003,4.366666666666666,2300544.6666666665,7702632.0,1279315.8333333333,22.95,0.0,23517.833333333332,23383.333333333332,-1.1333333333333333,-1.1666666666666667,3.1,3.1,8119.333333333333,8235.666666666666,42239.683333333334,16633.95,0.7666666666666666,14.666666666666666,10.0,13.0,347.0,109.83333333333333,167.16666666666666,427.3333333333333,121.16666666666667,201.66666666666666,12.5,12.833333333333334,12.666666666666666,354.8333333333333,447.1666666666667,181.83333333333334,1255248.8333333333,64.06666666666666,3.583333333333334,0.3999999999999997,1.3083333333333333,2304044.25,7704378.583333333,1269746.4166666667,24.908333333333335,0.0,23285.916666666668,23144.75,-1.2250000000000003,-1.25,3.1166666666666667,3.1166666666666667,8143.416666666667,8259.166666666666,41953.833333333336,8317.033333333333,69599.14166666666,13.916666666666666,10.333333333333334,12.333333333333334,337.4166666666667,114.08333333333333,168.0,433.8333333333333,117.08333333333333,195.33333333333334,12.416666666666666,10.75,11.583333333333334,374.25,283.9166666666667,183.25,8.306834506293193,17.799706398739623,-375.85768742058445,-212.31246766683913,-130.37249283667623,13.978494623655902,-221.4285714285714,-111.64383561643835,-339.4736842105263,-143.75,0.1252869801926737,-0.43245331582834057,1.193228722059314,0.4440413047244851,-0.9199637688142026,2.001393571161003,-0.4587155963302836,-10.330578512396693,,,4.864048338368576,12.930513595166172,4.766452509116159,13.066291871632707,-209.0909090909091,-427.27272727272725,-218.18181818181816,-490.00000000000006,-3.2258064516129115,-6.25,-3.2258064516129115,-3.2258064516129115,-5.4164170161773555,-0.5167632972019165,-5.649917433356921,-0.5841411881680303,0.037475345167647944,2.336514598171946,0.41873012038491364,923640.7407407407,100.0,-99.99970907821432,0.0,0.0,-9.090909090909093,-9.090909090909093,0.0,7.692307692307687,15.32033426183843,19.653179190751445,-51.23966942148761,-56.61764705882353,50.0,20.994475138121537,30.76923076923077,15.999999999999993,8.18181818181818,7.2072072072072,25.71428571428571,25.71428571428571,7.692307692307687,7.692307692307687,8.333333333333325,18.181818181818187,-7.14285714285714,8.333333333333325,20.512820512820507,-9.397590361445785,5.311778290993074,296.5217391304348,28.220858895705515,80.17241379310344,2017,6,2,0,1,0,0
2017-07-01,712524.0,36.17,648810.0,3103443.0,16.2,7.3,-38.39999999999999,-40.800000000000004,57.4,30.4,15.0,5448933.0,9499300.0,47.17,3743628.0,564417.0,1228863.0,-55.0,-0.9999999999999991,10.4,5.7,2310697.0,7728217.0,1285487.0,21.2,0.0,23579.0,23444.0,-0.6,-0.2,3.0,3.0,8264.0,8359.0,0.7,24984.0,0.1,14.0,10.0,15.0,325.0,108.0,170.0,397.0,118.0,179.0,14.0,12.0,13.0,353.0,462.0,161.0,1359345.0,217.1,-10.6,1.6999999999999997,9.1,2304000.0,7768081.0,1285291.0,21.7,0.0,24297.0,24134.0,-3.6,-3.9,3.0,3.0,7893.0,7999.0,50719.0,24941.0,0.6,14.0,10.0,14.0,414.0,59.0,219.0,493.0,119.0,220.0,14.0,13.0,13.0,376.0,456.0,209.0,1255087.0,-78.7,34.9,-1.4000000000000001,-3.8,2301117.0,7676483.0,1297225.0,21.8,0.0,23170.0,23036.0,3.3,3.3,3.1,3.1,8345.0,8478.0,50700.0,24837.0,0.3,14.0,11.0,14.0,359.0,121.0,146.0,377.0,110.0,175.0,13.0,12.0,14.0,312.0,433.0,163.0,1270838.0,55.6,-13.8,9.4,8.1,2300496.0,7701673.0,1274722.0,22.5,0.0,23187.0,23068.0,-1.0,-0.8,3.1,3.1,8284.0,8402.0,50697.0,25096.0,0.4,15.0,11.0,14.0,283.0,123.0,175.0,422.0,122.0,191.0,12.0,12.0,13.0,305.0,446.0,204.0,1234941.0,23.800000000000004,-13.5,3.4,3.8,2296685.0,7690092.0,1272094.0,25.5,0.0,23759.0,23624.0,-4.6,-4.5,3.1,3.1,7594.0,7717.0,0.1,1.5,1.6,15.0,9.0,11.0,287.0,129.0,170.0,484.0,122.0,198.0,12.0,14.0,11.0,402.0,437.0,193.0,1214765.0,251.79999999999998,2.4,12.299999999999999,-5.8999999999999995,2316737.0,7706040.0,1258509.0,25.3,0.0,21668.0,21528.0,-0.6,-0.5,3.2,3.2,7746.0,7868.0,49570.0,-0.4,207197.0,14.0,11.0,12.0,323.0,126.0,176.0,446.0,107.0,196.0,13.0,9.0,11.0,462.0,107.0,158.0,1281098.3333333333,27.80000000000004,7.766666666666668,3.566666666666667,3.6666666666666656,2305271.3333333335,7724260.333333333,1289334.3333333333,21.566666666666666,0.0,23682.0,23538.0,-0.3000000000000004,-0.2666666666666668,3.033333333333333,3.033333333333333,8167.333333333333,8278.666666666666,33806.56666666667,24920.666666666668,0.3333333333333333,14.0,10.333333333333334,14.333333333333334,366.0,96.0,178.33333333333334,422.3333333333333,115.66666666666667,191.33333333333334,13.666666666666666,12.333333333333334,13.333333333333334,347.0,450.3333333333333,177.66666666666666,1271116.1666666667,34.550000000000004,7.866666666666667,3.716666666666667,4.683333333333333,2302880.0,7708986.166666667,1281548.0,22.233333333333334,0.0,23487.833333333332,23353.333333333332,-0.46666666666666673,-0.44999999999999996,3.0833333333333335,3.0833333333333335,8231.0,8342.666666666666,42239.78333333333,20797.7,0.5166666666666667,14.5,10.166666666666666,13.666666666666666,353.3333333333333,106.33333333333333,167.16666666666666,412.8333333333333,120.5,198.5,12.833333333333334,12.5,13.0,346.6666666666667,451.3333333333333,176.5,1256423.6666666667,38.50000000000001,3.3000000000000003,0.24166666666666647,2.275,2303540.9166666665,7706226.666666667,1271994.5833333333,24.566666666666666,0.0,23445.166666666668,23304.416666666668,-1.225,-1.225,3.0999999999999996,3.1,8186.583333333333,8300.083333333334,37823.058333333334,10399.066666666666,52332.73333333334,13.916666666666666,10.25,12.583333333333334,337.5833333333333,112.58333333333333,167.5,429.75,118.0,193.91666666666666,12.5,11.0,11.75,365.1666666666667,313.5,183.5,-9.598887699590609,1.1605536873386946,-125.33394748963612,-121.84273232724385,-90.56603773584906,-141.66666666666663,511.7647058823531,-15.44715447154471,-37.362637362637365,-196.61016949152543,0.29066840277778283,-0.26071150933403286,-0.5131769352044624,0.28778724221518726,0.01524946490716328,2.1436477609615867,-2.304147465437789,-16.205533596837952,,,-2.9550973371198053,8.819457264168351,-2.859037043175605,8.900037160906727,-83.33333333333334,0.0,-94.87179487179486,-60.0,0.0,-6.25,0.0,-6.25,4.700367414164441,6.6873224890265925,4.500562570321298,6.24046771733604,-99.9986198466058,-99.9985878555578,0.1724068802373635,-6246100.0,-83.33333333333333,-99.99995173675295,0.0,0.0,0.0,-9.090909090909093,7.14285714285714,25.0,-21.497584541062796,0.6191950464396356,83.05084745762711,-14.28571428571429,-22.374429223744297,-3.409090909090906,-19.47261663286004,-10.986547085201792,-0.8403361344537785,10.280373831775691,-18.63636363636364,-8.673469387755105,0.0,7.692307692307687,-7.692307692307687,33.33333333333333,0.0,18.181818181818187,-6.117021276595747,-23.593073593073587,1.3157894736842035,331.77570093457945,-22.966507177033492,1.8987341772152,2017,7,3,0,0,1,0
2017-08-01,715728.0,36.21,652503.0,3143647.0,12.0,15.6,9.799999999999997,99.8,28.099999999999998,6.3999999999999995,11.399999999999999,5474402.0,9463278.0,46.94,3783069.0,566898.0,1247240.0,16.200000000000003,18.1,6.7,-3.6000000000000005,2317332.0,7695078.0,1297295.0,20.5,0.0,23635.0,23510.0,-3.5,-3.6,3.0,3.0,8776.0,8865.0,51080.0,25032.0,0.7,13.0,10.0,15.0,358.0,124.0,180.0,466.0,116.0,189.0,14.0,11.0,13.0,284.0,474.0,169.0,1228863.0,-55.0,-0.9999999999999991,10.4,5.7,2310697.0,7728217.0,1285487.0,21.2,0.0,23579.0,23444.0,-0.6,-0.2,3.0,3.0,8264.0,8359.0,0.7,24984.0,0.1,14.0,10.0,15.0,325.0,108.0,170.0,397.0,118.0,179.0,14.0,12.0,13.0,353.0,462.0,161.0,1359345.0,217.1,-10.6,1.6999999999999997,9.1,2304000.0,7768081.0,1285291.0,21.7,0.0,24297.0,24134.0,-3.6,-3.9,3.0,3.0,7893.0,7999.0,50719.0,24941.0,0.6,14.0,10.0,14.0,414.0,59.0,219.0,493.0,119.0,220.0,14.0,13.0,13.0,376.0,456.0,209.0,1255087.0,-78.7,34.9,-1.4000000000000001,-3.8,2301117.0,7676483.0,1297225.0,21.8,0.0,23170.0,23036.0,3.3,3.3,3.1,3.1,8345.0,8478.0,50700.0,24837.0,0.3,14.0,11.0,14.0,359.0,121.0,146.0,377.0,110.0,175.0,13.0,12.0,14.0,312.0,433.0,163.0,1251511.0,50.199999999999996,19.5,4.9,6.8,2300530.0,7690470.0,1267005.0,23.9,0.0,23614.0,23493.0,-4.0,-4.0,3.2,3.2,8126.0,8245.0,50528.0,2.2,0.9,15.0,9.0,11.0,388.0,102.0,117.0,379.0,128.0,241.0,12.0,13.0,12.0,389.0,437.0,180.0,1222328.0,47.9,-2.6000000000000005,-4.8,0.6999999999999997,2314951.0,7687542.0,1257698.0,26.5,0.0,22279.0,22086.0,-2.0,-2.3,3.2,3.2,7541.0,7651.0,49977.0,-0.7,208020.0,13.0,11.0,13.0,301.0,96.0,148.0,414.0,114.0,190.0,12.0,9.0,10.0,420.0,113.0,170.0,1278482.6666666667,59.43333333333337,2.166666666666669,6.266666666666667,3.7333333333333325,2310676.3333333335,7730458.666666667,1289357.6666666667,21.133333333333336,0.0,23837.0,23696.0,-2.566666666666667,-2.5666666666666664,3.0,3.0,8311.0,8407.666666666666,33933.23333333333,24985.666666666668,0.4666666666666666,13.666666666666666,10.0,14.666666666666666,365.6666666666667,97.0,189.66666666666666,452.0,117.66666666666667,196.0,14.0,12.0,13.0,337.6666666666667,464.0,179.66666666666666,1270404.3333333333,28.883333333333344,7.6333333333333355,4.016666666666667,2.9499999999999993,2305680.3333333335,7709754.166666667,1286596.3333333333,21.666666666666668,0.0,23491.333333333332,23356.166666666668,-0.38333333333333336,-0.3833333333333333,3.0500000000000003,3.0500000000000003,8339.333333333334,8446.0,42331.78333333333,24969.333333333332,0.48333333333333334,14.166666666666666,10.333333333333334,14.333333333333334,348.3333333333333,110.0,177.66666666666666,427.3333333333333,118.5,189.83333333333334,13.166666666666666,12.166666666666666,13.166666666666666,329.1666666666667,457.5,174.66666666666666,1258499.6666666667,35.85833333333334,5.025000000000001,1.2,1.9166666666666667,2303739.3333333335,7706854.666666667,1275294.3333333333,24.066666666666666,0.0,23558.166666666668,23423.083333333332,-1.3499999999999999,-1.3333333333333333,3.0833333333333335,3.0833333333333335,8289.5,8401.25,37914.975,12485.125,34997.791666666664,13.916666666666666,10.166666666666666,12.75,342.3333333333333,114.91666666666667,170.16666666666666,434.0833333333333,118.16666666666667,193.83333333333334,12.666666666666666,11.166666666666666,12.0,353.8333333333333,343.5833333333333,183.41666666666666,1.4954474176535504,2.03807815905388,-129.45454545454547,-66.1795407098121,-1910.0000000000018,-796.1538461538461,-35.57692307692307,-239.58333333333334,-163.15789473684214,-614.2857142857146,0.28714279717332314,0.10285314894353803,-0.4288052470576287,0.09802873272106716,0.9185623814165433,3.1483710715926927,-3.301886792452824,-22.64150943396226,,,0.2374994698672639,6.0864491224920325,0.2815219245862588,6.4475233179389635,483.33333333333337,75.0,1700.0,56.52173913043479,0.0,-6.25,0.0,-6.25,6.195546950629227,16.377138310568885,6.053355664553184,15.867206901058694,7297042.857142858,2.2070152270044163,0.19212295869357465,-3576100.0,599.9999999999999,-99.99966349389481,-7.14285714285714,0.0,0.0,-9.090909090909093,0.0,15.384615384615374,10.153846153846157,18.93687707641196,14.814814814814813,29.166666666666675,5.882352941176472,21.62162162162162,17.38035264483626,12.56038647342994,-1.6949152542372836,1.7543859649122862,5.586592178770955,-0.5263157894736858,0.0,16.666666666666675,-8.333333333333337,22.222222222222232,0.0,30.000000000000004,-19.54674220963173,-32.38095238095238,2.5974025974025983,319.46902654867256,4.968944099378891,-0.588235294117645,2017,8,3,0,0,1,0
2017-09-01,718593.0,36.11,661578.0,3231862.0,3.4,35.1,276.8,11.1,43.0,29.7,12.6,5511403.0,9481556.0,46.69,3818680.0,568353.0,1300136.0,86.60000000000001,3.600000000000001,4.7,6.1,2328043.0,7705479.0,1307119.0,20.5,0.0,23457.0,23357.0,1.0,0.9,3.0,3.0,8896.0,8993.0,51264.0,26197.0,-1.9,13.0,9.0,12.0,312.0,115.0,184.0,407.0,121.0,195.0,14.0,10.0,12.0,324.0,418.0,191.0,1247240.0,16.200000000000003,18.1,6.7,-3.6000000000000005,2317332.0,7695078.0,1297295.0,20.5,0.0,23635.0,23510.0,-3.5,-3.6,3.0,3.0,8776.0,8865.0,51080.0,25032.0,0.7,13.0,10.0,15.0,358.0,124.0,180.0,466.0,116.0,189.0,14.0,11.0,13.0,284.0,474.0,169.0,1228863.0,-55.0,-0.9999999999999991,10.4,5.7,2310697.0,7728217.0,1285487.0,21.2,0.0,23579.0,23444.0,-0.6,-0.2,3.0,3.0,8264.0,8359.0,0.7,24984.0,0.1,14.0,10.0,15.0,325.0,108.0,170.0,397.0,118.0,179.0,14.0,12.0,13.0,353.0,462.0,161.0,1359345.0,217.1,-10.6,1.6999999999999997,9.1,2304000.0,7768081.0,1285291.0,21.7,0.0,24297.0,24134.0,-3.6,-3.9,3.0,3.0,7893.0,7999.0,50719.0,24941.0,0.6,14.0,10.0,14.0,414.0,59.0,219.0,493.0,119.0,220.0,14.0,13.0,13.0,376.0,456.0,209.0,1261053.0,18.1,18.2,-2.7,2.2,2300440.0,7688993.0,1279558.0,22.3,0.0,23080.0,22945.0,3.1,2.9,3.1,3.1,8474.0,8573.0,50794.0,24926.0,0.8,15.0,10.0,14.0,351.0,125.0,176.0,409.0,126.0,185.0,12.0,13.0,13.0,345.0,474.0,142.0,1219958.0,-27.400000000000006,6.4,-9.0,-9.8,2307846.0,7656882.0,1266638.0,27.3,0.0,22717.0,22612.0,-3.4,-3.5,3.1,3.1,8207.0,8318.0,49962.0,0.5,209395.0,13.0,11.0,12.0,282.0,107.0,122.0,511.0,112.0,185.0,12.0,8.0,10.0,276.0,114.0,152.0,1258746.3333333333,15.933333333333374,6.900000000000003,7.266666666666668,2.733333333333332,2318690.6666666665,7709591.333333333,1296633.6666666667,20.733333333333334,0.0,23557.0,23437.0,-1.0333333333333339,-0.9666666666666668,3.0,3.0,8645.333333333334,8739.0,34114.9,25404.333333333332,-0.3666666666666667,13.333333333333334,9.666666666666666,14.0,331.6666666666667,115.66666666666667,178.0,423.3333333333333,118.33333333333333,187.66666666666666,14.0,11.0,12.666666666666666,320.3333333333333,451.3333333333333,173.66666666666666,1276918.1666666667,40.30000000000001,5.200000000000002,5.25,3.5999999999999996,2310280.8333333335,7712501.833333333,1291189.8333333333,21.366666666666664,0.0,23554.166666666668,23424.833333333332,-0.7333333333333334,-0.7166666666666665,3.033333333333333,3.033333333333333,8409.666666666666,8516.0,42410.11666666667,25181.166666666668,0.03333333333333329,13.833333333333334,10.166666666666666,14.0,341.8333333333333,108.33333333333333,179.0,427.0,117.66666666666667,191.5,13.5,11.666666666666666,13.0,325.6666666666667,448.1666666666667,182.83333333333334,1265181.1666666667,45.35833333333335,4.791666666666667,2.3416666666666663,3.241666666666666,2305422.4166666665,7710904.416666667,1278667.75,23.5,0.0,23619.833333333332,23485.166666666668,-0.9833333333333335,-0.9666666666666668,3.0749999999999997,3.0749999999999997,8346.916666666666,8457.5,38023.475,14668.166666666666,17548.05,13.916666666666666,10.0,12.75,344.8333333333333,115.58333333333333,175.33333333333334,425.4166666666667,118.91666666666667,194.66666666666666,12.833333333333334,11.333333333333334,12.166666666666666,357.8333333333333,368.9166666666667,186.66666666666666,4.241044225650237,6.572193468955478,434.5679012345679,-416.05839416058393,-80.11049723756905,-43.749999999999986,-29.850746268656714,-152.22222222222223,-269.4444444444444,-162.24489795918367,0.46221257894853984,0.8751450486730983,0.13516432192111072,0.6346839353146727,0.757268007662093,3.1959407502380355,0.0,-24.90842490842491,,,-0.7531203723291746,3.2574723775146364,-0.6507868991918353,3.2947107730408653,-128.57142857142856,-129.41176470588235,-125.0,-125.71428571428571,0.0,-3.2258064516129115,0.0,-3.2258064516129115,1.3673655423883213,8.39527232850006,1.4438804286520002,8.114931473912002,0.36021926389977477,2.6059805452143703,4.654042825183757,5239300.0,-371.42857142857144,-100.00090737601184,0.0,0.0,-9.999999999999998,-18.181818181818176,-19.999999999999996,0.0,-12.849162011173188,10.63829787234043,-7.258064516129037,7.476635514018692,2.2222222222222143,50.81967213114753,-12.660944206008583,-20.352250489236788,4.31034482758621,8.03571428571428,3.1746031746031855,5.405405405405395,0.0,16.666666666666675,-9.090909090909093,25.0,-7.692307692307687,19.999999999999996,14.084507042253524,17.391304347826097,-11.814345991561181,266.66666666666663,13.017751479289942,25.657894736842103,2017,9,3,0,0,1,0
2017-10-01,722880.0,35.94,660453.0,3237440.0,4.200000000000001,3.8,0.3000000000000025,87.0,25.599999999999998,39.0,17.400000000000002,5529369.0,9487828.0,47.11,3843107.0,571776.0,1292641.0,-1.8999999999999957,10.2,6.3,6.7,2333796.0,7705907.0,1309065.0,21.0,0.0,24429.0,24303.0,0.5,0.7,3.1,3.1,8858.0,8975.0,51460.0,25835.0,-0.3,13.0,9.0,12.0,374.0,132.0,150.0,468.0,128.0,196.0,13.0,10.0,12.0,361.0,474.0,200.0,1300136.0,86.60000000000001,3.600000000000001,4.7,6.1,2328043.0,7705479.0,1307119.0,20.5,0.0,23457.0,23357.0,1.0,0.9,3.0,3.0,8896.0,8993.0,51264.0,26197.0,-1.9,13.0,9.0,12.0,312.0,115.0,184.0,407.0,121.0,195.0,14.0,10.0,12.0,324.0,418.0,191.0,1247240.0,16.200000000000003,18.1,6.7,-3.6000000000000005,2317332.0,7695078.0,1297295.0,20.5,0.0,23635.0,23510.0,-3.5,-3.6,3.0,3.0,8776.0,8865.0,51080.0,25032.0,0.7,13.0,10.0,15.0,358.0,124.0,180.0,466.0,116.0,189.0,14.0,11.0,13.0,284.0,474.0,169.0,1228863.0,-55.0,-0.9999999999999991,10.4,5.7,2310697.0,7728217.0,1285487.0,21.2,0.0,23579.0,23444.0,-0.6,-0.2,3.0,3.0,8264.0,8359.0,0.7,24984.0,0.1,14.0,10.0,15.0,325.0,108.0,170.0,397.0,118.0,179.0,14.0,12.0,13.0,353.0,462.0,161.0,1270838.0,55.6,-13.8,9.4,8.1,2300496.0,7701673.0,1274722.0,22.5,0.0,23187.0,23068.0,-1.0,-0.8,3.1,3.1,8284.0,8402.0,50697.0,25096.0,0.4,15.0,11.0,14.0,283.0,123.0,175.0,422.0,122.0,191.0,12.0,12.0,13.0,305.0,446.0,204.0,1332832.0,314.6,-24.8,-6.3,8.8,2301916.0,7751427.0,1255615.0,27.6,0.0,23063.0,22927.0,-3.2,-2.8,3.1,3.1,8260.0,8370.0,49967.0,0.8,210570.0,12.0,11.0,11.0,297.0,120.0,187.0,452.0,112.0,196.0,13.0,9.0,11.0,444.0,121.0,193.0,1280005.6666666667,33.633333333333375,10.633333333333335,5.900000000000001,3.066666666666665,2326390.3333333335,7702154.666666667,1304493.0,20.666666666666668,0.0,23840.333333333332,23723.333333333332,-0.666666666666667,-0.6666666666666666,3.0333333333333337,3.0333333333333337,8843.333333333334,8944.333333333334,51268.0,25688.0,-0.5000000000000001,13.0,9.333333333333334,13.0,348.0,123.66666666666667,171.33333333333334,447.0,121.66666666666667,193.33333333333334,13.666666666666666,10.333333333333334,12.333333333333334,323.0,455.3333333333333,186.66666666666666,1280552.0,30.716666666666672,9.200000000000003,4.733333333333333,3.3666666666666667,2315830.8333333335,7713207.5,1296913.6666666667,21.116666666666664,0.0,23761.166666666668,23630.666666666668,-0.4833333333333334,-0.46666666666666656,3.033333333333333,3.033333333333333,8505.333333333334,8611.5,42537.28333333333,25304.333333333332,-0.08333333333333337,13.5,9.833333333333334,13.666666666666666,357.0,109.83333333333333,174.83333333333334,434.6666666666667,118.66666666666667,192.33333333333334,13.666666666666666,11.333333333333334,12.833333333333334,335.0,452.8333333333333,182.16666666666666,1261831.9166666667,18.98333333333334,7.708333333333335,3.391666666666666,3.0666666666666664,2308079.0833333335,7707111.083333333,1283121.9166666667,22.950000000000003,0.0,23733.666666666668,23599.833333333332,-0.6750000000000002,-0.6750000000000002,3.0749999999999997,3.0749999999999997,8396.75,8507.916666666666,38147.89166666667,16821.016666666666,0.525,14.0,9.833333333333334,12.833333333333334,351.25,116.58333333333333,172.25,426.75,120.25,194.66666666666666,12.833333333333334,11.416666666666666,12.25,350.9166666666667,398.3333333333333,187.25,-0.5764781530547602,-3.015458812513505,-102.19399538106235,-100.60394151303242,183.3333333333332,-141.1290322580645,34.04255319148935,-200.0,9.836065573770503,-23.863636363636363,0.24711742867291608,1.3849332469125786,0.005554489214754099,-0.5872467095413558,0.14887703414914188,4.256878103558814,2.4390243902439046,-23.913043478260875,,,4.143752398004863,5.922906820448337,4.05017767692768,6.0016574344659235,-50.0,-115.625,-22.222222222222232,-125.0,3.3333333333333437,0.0,3.3333333333333437,0.0,-0.42715827338128953,7.239709443099263,-0.20015567663738132,7.228195937873361,0.3823345817727919,2.9879720615606287,-1.3818376149940859,3229275.0,-84.21052631578947,-100.00014247043738,0.0,8.333333333333325,0.0,-18.181818181818176,0.0,9.090909090909083,19.87179487179487,25.92592592592593,14.782608695652177,10.000000000000009,-18.478260869565222,-19.786096256684495,14.987714987714984,3.539823008849563,5.785123966942152,14.28571428571428,0.512820512820511,0.0,-7.14285714285714,0.0,0.0,11.111111111111116,0.0,9.090909090909083,11.41975308641976,-18.693693693693692,13.397129186602875,291.73553719008265,4.712041884816753,3.626943005181338,2017,10,4,0,0,0,1
2017-11-01,728013.0,35.71,663444.0,3283076.0,8.899999999999999,11.4,-87.8,95.2,16.5,13.0,26.3,5559268.0,9485815.0,46.07,3912402.0,574848.0,1307189.0,-65.1,31.1,0.09999999999999976,-1.7000000000000004,2336346.0,7698162.0,1332298.0,20.7,0.0,24469.0,24359.0,0.8,1.0,3.1,3.1,8798.0,8904.0,51587.0,26211.0,-0.1,14.0,10.0,14.0,359.0,116.0,185.0,399.0,130.0,184.0,13.0,10.0,13.0,341.0,493.0,182.0,1292641.0,-1.8999999999999957,10.2,6.3,6.7,2333796.0,7705907.0,1309065.0,21.0,0.0,24429.0,24303.0,0.5,0.7,3.1,3.1,8858.0,8975.0,51460.0,25835.0,-0.3,13.0,9.0,12.0,374.0,132.0,150.0,468.0,128.0,196.0,13.0,10.0,12.0,361.0,474.0,200.0,1300136.0,86.60000000000001,3.600000000000001,4.7,6.1,2328043.0,7705479.0,1307119.0,20.5,0.0,23457.0,23357.0,1.0,0.9,3.0,3.0,8896.0,8993.0,51264.0,26197.0,-1.9,13.0,9.0,12.0,312.0,115.0,184.0,407.0,121.0,195.0,14.0,10.0,12.0,324.0,418.0,191.0,1247240.0,16.200000000000003,18.1,6.7,-3.6000000000000005,2317332.0,7695078.0,1297295.0,20.5,0.0,23635.0,23510.0,-3.5,-3.6,3.0,3.0,8776.0,8865.0,51080.0,25032.0,0.7,13.0,10.0,15.0,358.0,124.0,180.0,466.0,116.0,189.0,14.0,11.0,13.0,284.0,474.0,169.0,1255087.0,-78.7,34.9,-1.4000000000000001,-3.8,2301117.0,7676483.0,1297225.0,21.8,0.0,23170.0,23036.0,3.3,3.3,3.1,3.1,8345.0,8478.0,50700.0,24837.0,0.3,14.0,11.0,14.0,359.0,121.0,146.0,377.0,110.0,175.0,13.0,12.0,14.0,312.0,433.0,163.0,1211097.0,-114.4,2.799999999999999,2.2,-0.6000000000000003,2305533.0,7727455.0,1253889.0,27.2,0.0,23874.0,23754.0,2.4,2.4,3.1,3.1,8187.0,8302.0,50530.0,1.0,1.5,13.0,10.0,11.0,442.0,136.0,192.0,419.0,119.0,185.0,12.0,8.0,10.0,320.0,141.0,214.0,1299988.6666666667,6.5333333333333785,14.966666666666669,3.700000000000001,3.699999999999999,2332728.3333333335,7703182.666666667,1316160.6666666667,20.73333333333333,0.0,24118.333333333332,24006.333333333332,0.7666666666666663,0.8666666666666667,3.066666666666667,3.066666666666667,8850.666666666666,8957.333333333334,51437.0,26081.0,-0.7666666666666667,13.333333333333334,9.333333333333334,12.666666666666666,348.3333333333333,121.0,173.0,424.6666666666667,126.33333333333333,191.66666666666666,13.333333333333334,10.0,12.333333333333334,342.0,461.6666666666667,191.0,1289235.6666666667,32.98333333333335,8.566666666666668,4.983333333333333,3.716666666666667,2321702.3333333335,7716820.666666667,1302759.1666666667,20.933333333333334,0.0,23977.666666666668,23851.166666666668,-0.9,-0.85,3.033333333333333,3.033333333333333,8580.833333333334,8682.5,42685.11666666667,25533.333333333332,-0.15000000000000005,13.5,9.666666666666666,13.666666666666666,357.0,109.0,181.33333333333334,438.3333333333333,122.0,193.83333333333334,13.666666666666666,11.0,12.666666666666666,339.8333333333333,462.8333333333333,185.33333333333334,1269839.5833333333,23.09166666666668,10.066666666666668,3.2166666666666663,2.9749999999999996,2310646.8333333335,7704670.0,1289656.0,22.40833333333333,0.0,23783.25,23650.25,-0.8083333333333335,-0.7916666666666669,3.0749999999999997,3.0749999999999997,8447.666666666666,8558.083333333334,38235.975,19005.183333333334,0.39166666666666666,14.083333333333334,9.833333333333334,13.083333333333334,344.3333333333333,114.91666666666667,171.66666666666666,425.0833333333333,121.16666666666667,194.58333333333334,12.916666666666666,11.583333333333334,12.5,352.6666666666667,427.6666666666667,184.58333333333334,1.125447823486958,7.934294280309495,3326.3157894736914,-43.09440559440561,204.90196078431376,1010.7142857142861,-98.41269841269842,-95.45454545454547,-125.37313432835822,183.33333333333326,0.10926404878575102,1.3364805448458084,-0.10050731211783681,-0.3790769405968675,1.7747781813737262,6.253264842422257,-1.4285714285714346,-23.897058823529417,,,0.16373981743009747,2.492250984334432,0.23042422746162305,2.5469394628273134,60.00000000000001,-66.66666666666666,42.85714285714286,-58.33333333333333,0.0,0.0,0.0,0.0,-0.6773538044705374,7.463051178697944,-0.7910863509749344,7.251264755480613,0.24679362611736977,2.0918266376410033,1.4553899748403376,2621000.0,-66.66666666666666,-106.66666666666667,7.692307692307687,7.692307692307687,11.111111111111116,0.0,16.666666666666675,27.27272727272727,-4.01069518716578,-18.778280542986426,-12.121212121212121,-14.70588235294118,23.33333333333334,-3.645833333333337,-14.743589743589746,-4.77326968973747,1.5625,9.243697478991585,-6.122448979591832,-0.540540540540535,0.0,8.333333333333325,0.0,25.0,8.333333333333325,30.000000000000004,-5.540166204986152,6.562500000000004,4.008438818565407,249.645390070922,-8.999999999999996,-14.953271028037385,2017,11,4,0,0,0,1
2017-12-01,731964.0,35.8,668166.0,3381492.0,10.7,19.7,1016.9000000000001,8.900000000000002,43.1,21.3,12.1,5582681.0,9551691.0,46.72,3942191.0,575844.0,1368779.0,984.5,-5.3,2.7,12.4,2338269.0,7754523.0,1329670.0,20.0,0.0,24245.0,24148.0,0.5,0.4,3.1,3.1,8813.0,8890.0,0.4,26180.0,0.3,13.0,10.0,13.0,342.0,63.0,180.0,411.0,130.0,218.0,12.0,11.0,9.0,349.0,423.0,164.0,1307189.0,-65.1,31.1,0.09999999999999976,-1.7000000000000004,2336346.0,7698162.0,1332298.0,20.7,0.0,24469.0,24359.0,0.8,1.0,3.1,3.1,8798.0,8904.0,51587.0,26211.0,-0.1,14.0,10.0,14.0,359.0,116.0,185.0,399.0,130.0,184.0,13.0,10.0,13.0,341.0,493.0,182.0,1292641.0,-1.8999999999999957,10.2,6.3,6.7,2333796.0,7705907.0,1309065.0,21.0,0.0,24429.0,24303.0,0.5,0.7,3.1,3.1,8858.0,8975.0,51460.0,25835.0,-0.3,13.0,9.0,12.0,374.0,132.0,150.0,468.0,128.0,196.0,13.0,10.0,12.0,361.0,474.0,200.0,1300136.0,86.60000000000001,3.600000000000001,4.7,6.1,2328043.0,7705479.0,1307119.0,20.5,0.0,23457.0,23357.0,1.0,0.9,3.0,3.0,8896.0,8993.0,51264.0,26197.0,-1.9,13.0,9.0,12.0,312.0,115.0,184.0,407.0,121.0,195.0,14.0,10.0,12.0,324.0,418.0,191.0,1359345.0,217.1,-10.6,1.6999999999999997,9.1,2304000.0,7768081.0,1285291.0,21.7,0.0,24297.0,24134.0,-3.6,-3.9,3.0,3.0,7893.0,7999.0,50719.0,24941.0,0.6,14.0,10.0,14.0,414.0,59.0,219.0,493.0,119.0,220.0,14.0,13.0,13.0,376.0,456.0,209.0,1229231.0,10.200000000000001,24.1,-4.9,-3.7,2298280.0,7707405.0,1268713.0,27.3,0.0,24723.0,24530.0,-1.1,-1.3,3.1,3.1,9064.0,9187.0,1.9,-0.5,1.6,14.0,10.0,11.0,322.0,125.0,188.0,400.0,114.0,182.0,12.0,9.0,11.0,440.0,128.0,221.0,1322869.6666666667,305.83333333333337,12.000000000000002,3.0333333333333337,5.799999999999998,2336137.0,7719530.666666667,1323677.6666666667,20.566666666666666,0.0,24381.0,24270.0,0.5999999999999998,0.7000000000000001,3.1,3.1,8823.0,8923.0,34349.13333333333,26075.333333333332,-0.0333333333333334,13.333333333333334,9.666666666666666,13.0,358.3333333333333,103.66666666666667,171.66666666666666,426.0,129.33333333333334,199.33333333333334,12.666666666666666,10.333333333333334,11.333333333333334,350.3333333333333,463.3333333333333,182.0,1290808.0,160.88333333333335,9.450000000000001,5.1499999999999995,4.266666666666667,2327413.8333333335,7714561.0,1310155.6666666667,20.650000000000002,0.0,23969.0,23853.5,-0.21666666666666667,-0.13333333333333322,3.0500000000000003,3.0500000000000003,8734.166666666666,8831.0,34232.01666666667,25739.833333333332,-0.19999999999999998,13.333333333333334,9.666666666666666,13.5,345.0,109.66666666666667,174.83333333333334,424.6666666666667,123.83333333333333,193.5,13.333333333333334,10.666666666666666,12.0,335.3333333333333,457.3333333333333,177.83333333333334,1281468.5833333333,104.28333333333335,7.616666666666667,3.85,4.316666666666666,2313979.25,7708596.5,1294735.75,21.8,0.0,23743.416666666668,23618.416666666668,-0.6750000000000002,-0.6500000000000002,3.0749999999999997,3.0750000000000006,8426.75,8533.333333333334,38235.85,21186.891666666666,0.2833333333333333,14.0,9.833333333333334,13.25,346.0,109.75,171.0,426.0,122.5,197.58333333333334,12.916666666666666,11.75,12.333333333333334,345.0833333333333,452.25,179.83333333333334,4.711636955329346,11.352463450726514,-1612.2887864823347,9551.960784313726,-117.04180064308683,-121.99170124481327,2600.000000000007,-155.10204081632654,-829.4117647058822,-435.1351351351351,0.08230801430952894,1.739953356423074,0.732135800727507,0.611334165001054,-0.19725316708424367,4.80463272623517,-3.3816425120772875,-26.739926739926744,,,-0.9154440312231782,-1.9334223192978173,-0.8662096145162002,-1.5572768039135765,-37.5,-145.45454545454547,-60.0,-130.76923076923077,0.0,0.0,0.0,0.0,0.17049329393044044,-2.769196822594877,-0.15723270440252124,-3.232828997496462,-99.99922461085157,-78.94736842105263,-0.11827095494257867,-5236100.0,-399.99999999999994,-81.25,-7.14285714285714,-7.14285714285714,0.0,0.0,-7.14285714285714,18.181818181818187,-4.73537604456824,6.211180124223592,-45.689655172413794,-49.6,-2.7027027027026973,-4.255319148936165,3.007518796992481,2.750000000000008,0.0,14.035087719298245,18.47826086956521,19.780219780219777,-7.692307692307687,0.0,10.000000000000009,22.222222222222232,-30.76923076923077,-18.181818181818176,2.346041055718473,-20.68181818181818,-14.198782961460443,230.46875,-9.890109890109889,-25.791855203619907,2017,12,4,0,0,0,1
2018-01-01,735534.0,35.99,667407.0,3273409.0,11.5,4.8,-226.4,77.1,27.5,9.799999999999999,16.900000000000002,5608811.0,9508858.0,46.27,3961227.0,580599.0,1279853.0,-193.4,18.4,6.6,-6.2,2349687.0,7713488.0,1338860.0,20.3,0.0,24659.0,24549.0,-1.9,-1.7,3.7,3.7,9086.0,9169.0,52050.0,-2.9,220080.0,13.0,10.0,13.0,347.0,216.0,165.0,416.0,118.0,170.0,13.0,11.0,13.0,415.0,60.0,137.0,1368779.0,984.5,-5.3,2.7,12.4,2338269.0,7754523.0,1329670.0,20.0,0.0,24245.0,24148.0,0.5,0.4,3.1,3.1,8813.0,8890.0,0.4,26180.0,0.3,13.0,10.0,13.0,342.0,63.0,180.0,411.0,130.0,218.0,12.0,11.0,9.0,349.0,423.0,164.0,1307189.0,-65.1,31.1,0.09999999999999976,-1.7000000000000004,2336346.0,7698162.0,1332298.0,20.7,0.0,24469.0,24359.0,0.8,1.0,3.1,3.1,8798.0,8904.0,51587.0,26211.0,-0.1,14.0,10.0,14.0,359.0,116.0,185.0,399.0,130.0,184.0,13.0,10.0,13.0,341.0,493.0,182.0,1292641.0,-1.8999999999999957,10.2,6.3,6.7,2333796.0,7705907.0,1309065.0,21.0,0.0,24429.0,24303.0,0.5,0.7,3.1,3.1,8858.0,8975.0,51460.0,25835.0,-0.3,13.0,9.0,12.0,374.0,132.0,150.0,468.0,128.0,196.0,13.0,10.0,12.0,361.0,474.0,200.0,1228863.0,-55.0,-0.9999999999999991,10.4,5.7,2310697.0,7728217.0,1285487.0,21.2,0.0,23579.0,23444.0,-0.6,-0.2,3.0,3.0,8264.0,8359.0,0.7,24984.0,0.1,14.0,10.0,15.0,325.0,108.0,170.0,397.0,118.0,179.0,14.0,12.0,13.0,353.0,462.0,161.0,1234941.0,23.800000000000004,-13.5,3.4,3.8,2296685.0,7690092.0,1272094.0,25.5,0.0,23759.0,23624.0,-4.6,-4.5,3.1,3.1,7594.0,7717.0,0.1,1.5,1.6,15.0,9.0,11.0,287.0,129.0,170.0,484.0,122.0,198.0,12.0,14.0,11.0,402.0,437.0,193.0,1318607.0,242.00000000000003,14.733333333333334,3.133333333333334,1.4999999999999991,2341434.0,7722057.666666667,1333609.3333333333,20.333333333333332,0.0,24457.666666666668,24352.0,-0.20000000000000026,-0.10000000000000002,3.3000000000000003,3.3000000000000003,8899.0,8987.666666666666,34545.799999999996,17462.7,73360.06666666667,13.333333333333334,10.0,13.333333333333334,349.3333333333333,131.66666666666666,176.66666666666666,408.6666666666667,126.0,190.66666666666666,12.666666666666666,10.666666666666666,11.666666666666666,368.3333333333333,325.3333333333333,161.0,1299306.3333333333,137.8166666666667,12.683333333333335,4.516666666666667,2.283333333333333,2333912.1666666665,7712106.166666667,1319051.1666666667,20.5,0.0,24149.0,24037.666666666668,-0.43333333333333335,-0.38333333333333325,3.1666666666666665,3.1666666666666665,8871.166666666666,8966.0,42906.9,21575.350000000002,36679.78333333333,13.166666666666666,9.666666666666666,13.166666666666666,348.6666666666667,127.66666666666667,174.0,427.8333333333333,123.83333333333333,192.0,13.166666666666666,10.5,12.0,345.6666666666667,390.3333333333333,173.83333333333334,1285211.25,86.18333333333334,10.275,4.116666666666666,3.483333333333333,2318396.0833333335,7710546.166666667,1300299.5833333333,21.36666666666667,0.0,23818.416666666668,23695.5,-0.4500000000000001,-0.4166666666666668,3.125,3.125,8551.083333333334,8654.333333333334,42573.34166666667,21186.525,18340.149999999998,13.833333333333334,9.916666666666666,13.416666666666666,351.0,117.0,170.58333333333334,420.3333333333333,122.16666666666667,195.25,13.0,11.5,12.5,346.1666666666667,420.8333333333333,175.16666666666666,-6.4967390645239265,3.636772930852561,-119.64448958862366,-912.6050420168067,-447.16981132075466,-236.2962962962963,144.44444444444443,94.11764705882352,-150.0,-263.15789473684214,0.48830994209818623,2.3077609685263845,-0.5291750375877369,0.30423563203145765,0.6911489316898223,5.24851150936958,1.5000000000000124,-20.392156862745093,,,1.7075685708393573,3.7880382170966787,1.6605930097730592,3.915509651202176,-480.0,-58.69565217391304,-525.0,-62.22222222222222,19.354838709677423,19.354838709677423,19.354838709677423,19.354838709677423,3.0976965845909366,19.647089807742944,3.1383577052868317,18.81560191784373,13012400.0,52049900.0,-100.01107715813598,-293.33333333333337,73359900.0,13754900.0,0.0,-13.33333333333333,0.0,11.111111111111116,0.0,18.181818181818187,1.4619883040935644,20.90592334494774,242.85714285714283,67.44186046511629,-8.333333333333337,-2.941176470588236,1.2165450121654597,-14.049586776859503,-9.230769230769232,-3.2786885245901676,-22.018348623853214,-14.141414141414144,8.333333333333325,8.333333333333325,0.0,-21.42857142857143,44.44444444444444,18.181818181818187,18.911174785100293,3.233830845771135,-85.81560283687944,-86.2700228832952,-16.463414634146346,-29.01554404145078,2018,1,1,1,0,0,0
2018-02-01,738900.0,35.9,673080.0,3353659.0,10.0,21.8,230.4,61.2,48.5,27.1,3.6,5642591.0,9523353.0,46.15,3976284.0,582351.0,1335087.0,128.3,1.8000000000000012,14.0,5.9,2369892.0,7719405.0,1346682.0,19.9,0.0,24975.0,24882.0,4.3,4.2,3.7,3.7,8727.0,8906.0,52520.0,2.9,221342.0,14.0,9.0,13.0,418.0,217.0,156.0,409.0,122.0,182.0,13.0,12.0,14.0,366.0,105.0,149.0,1279853.0,-193.4,18.4,6.6,-6.2,2349687.0,7713488.0,1338860.0,20.3,0.0,24659.0,24549.0,-1.9,-1.7,3.7,3.7,9086.0,9169.0,52050.0,-2.9,220080.0,13.0,10.0,13.0,347.0,216.0,165.0,416.0,118.0,170.0,13.0,11.0,13.0,415.0,60.0,137.0,1368779.0,984.5,-5.3,2.7,12.4,2338269.0,7754523.0,1329670.0,20.0,0.0,24245.0,24148.0,0.5,0.4,3.1,3.1,8813.0,8890.0,0.4,26180.0,0.3,13.0,10.0,13.0,342.0,63.0,180.0,411.0,130.0,218.0,12.0,11.0,9.0,349.0,423.0,164.0,1307189.0,-65.1,31.1,0.09999999999999976,-1.7000000000000004,2336346.0,7698162.0,1332298.0,20.7,0.0,24469.0,24359.0,0.8,1.0,3.1,3.1,8798.0,8904.0,51587.0,26211.0,-0.1,14.0,10.0,14.0,359.0,116.0,185.0,399.0,130.0,184.0,13.0,10.0,13.0,341.0,493.0,182.0,1247240.0,16.200000000000003,18.1,6.7,-3.6000000000000005,2317332.0,7695078.0,1297295.0,20.5,0.0,23635.0,23510.0,-3.5,-3.6,3.0,3.0,8776.0,8865.0,51080.0,25032.0,0.7,13.0,10.0,15.0,358.0,124.0,180.0,466.0,116.0,189.0,14.0,11.0,13.0,284.0,474.0,169.0,1251511.0,50.199999999999996,19.5,4.9,6.8,2300530.0,7690470.0,1267005.0,23.9,0.0,23614.0,23493.0,-4.0,-4.0,3.2,3.2,8126.0,8245.0,50528.0,2.2,0.9,15.0,9.0,11.0,388.0,102.0,117.0,379.0,128.0,241.0,12.0,13.0,12.0,389.0,437.0,180.0,1327906.3333333333,306.4666666666667,4.966666666666668,7.766666666666668,4.033333333333332,2352616.0,7729138.666666667,1338404.0,20.066666666666666,0.0,24626.333333333332,24526.333333333332,0.9666666666666663,0.9666666666666668,3.5,3.5,8875.333333333334,8988.333333333334,34856.799999999996,8726.666666666666,147140.7666666667,13.333333333333334,9.666666666666666,13.0,369.0,165.33333333333334,167.0,412.0,123.33333333333333,190.0,12.666666666666666,11.333333333333334,12.0,376.6666666666667,196.0,150.0,1313947.5,156.5,9.966666666666667,5.733333333333333,3.8666666666666667,2342672.1666666665,7716160.666666667,1327282.3333333333,20.400000000000002,0.0,24372.333333333332,24266.333333333332,0.8666666666666666,0.9166666666666669,3.283333333333333,3.283333333333333,8863.0,8972.833333333334,43146.9,17403.833333333332,73570.0,13.333333333333334,9.5,12.833333333333334,358.6666666666667,143.16666666666666,170.0,418.3333333333333,124.83333333333333,190.83333333333334,13.0,10.666666666666666,12.166666666666666,359.3333333333333,328.8333333333333,170.5,1292175.9166666667,92.69166666666668,8.8,4.875,3.408333333333333,2324176.25,7712957.416666667,1306939.3333333333,21.033333333333335,0.0,23931.833333333332,23811.25,0.24166666666666656,0.2666666666666666,3.1666666666666665,3.1666666666666665,8601.166666666666,8709.416666666666,42739.34166666667,21186.583333333332,36785.24166666667,13.75,9.916666666666666,13.583333333333334,353.5,126.58333333333333,173.83333333333334,422.8333333333333,121.66666666666667,190.33333333333334,13.083333333333334,11.416666666666666,12.666666666666666,344.25,393.1666666666667,172.58333333333334,4.315651875645088,6.678007624383642,-166.33919338159257,155.57768924302792,-90.21739130434781,-90.76923076923076,112.12121212121211,185.71428571428567,-195.16129032258064,-13.235294117647056,0.8599017656394148,3.0150443593432774,0.07670978421177033,0.3762448849029987,0.5842283733922926,6.288609752921248,-1.9704433497537033,-16.736401673640167,,,1.281479378725825,5.763530109257231,1.356470732005377,5.912399438130511,-326.3157894736842,-207.50000000000003,-347.05882352941177,-204.99999999999997,0.0,15.625,0.0,15.625,-3.951133612150559,7.396012798424811,-2.868360780892132,8.01697998787143,0.9029779058597587,3.9423685877137515,-200.0,31.818181818181813,0.5734278444202046,24593455.555555556,7.692307692307687,-6.666666666666665,-9.999999999999998,0.0,0.0,18.181818181818187,20.461095100864558,7.731958762886593,0.4629629629629539,112.74509803921569,-5.454545454545457,33.33333333333333,-1.6826923076923128,7.9155672823219,3.3898305084745672,-4.6875,7.058823529411762,-24.481327800829877,0.0,8.333333333333325,9.090909090909083,-7.692307692307687,7.692307692307687,16.666666666666675,-11.807228915662648,-5.9125964010282805,75.0,-75.97254004576659,8.75912408759123,-17.22222222222223,2018,2,1,1,0,0,0
2018-03-01,735999.0,35.88,676059.0,3417090.0,-3.5,12.4,36.0,-5.999999999999998,7.299999999999999,35.3,18.3,5638928.0,9577271.0,45.81,3994764.0,580698.0,1382128.0,78.3,11.700000000000001,-4.8,12.9,2366951.0,7760222.0,1358535.0,20.4,0.0,26784.0,26590.0,-2.6,-2.8,3.6,3.6,8991.0,9175.0,52847.0,-1.2,2.24,15.0,9.0,13.0,339.0,225.0,143.0,497.0,119.0,200.0,14.0,11.0,13.0,429.0,140.0,182.0,1335087.0,128.3,1.8000000000000012,14.0,5.9,2369892.0,7719405.0,1346682.0,19.9,0.0,24975.0,24882.0,4.3,4.2,3.7,3.7,8727.0,8906.0,52520.0,2.9,221342.0,14.0,9.0,13.0,418.0,217.0,156.0,409.0,122.0,182.0,13.0,12.0,14.0,366.0,105.0,149.0,1279853.0,-193.4,18.4,6.6,-6.2,2349687.0,7713488.0,1338860.0,20.3,0.0,24659.0,24549.0,-1.9,-1.7,3.7,3.7,9086.0,9169.0,52050.0,-2.9,220080.0,13.0,10.0,13.0,347.0,216.0,165.0,416.0,118.0,170.0,13.0,11.0,13.0,415.0,60.0,137.0,1368779.0,984.5,-5.3,2.7,12.4,2338269.0,7754523.0,1329670.0,20.0,0.0,24245.0,24148.0,0.5,0.4,3.1,3.1,8813.0,8890.0,0.4,26180.0,0.3,13.0,10.0,13.0,342.0,63.0,180.0,411.0,130.0,218.0,12.0,11.0,9.0,349.0,423.0,164.0,1300136.0,86.60000000000001,3.600000000000001,4.7,6.1,2328043.0,7705479.0,1307119.0,20.5,0.0,23457.0,23357.0,1.0,0.9,3.0,3.0,8896.0,8993.0,51264.0,26197.0,-1.9,13.0,9.0,12.0,312.0,115.0,184.0,407.0,121.0,195.0,14.0,10.0,12.0,324.0,418.0,191.0,1261053.0,18.1,18.2,-2.7,2.2,2300440.0,7688993.0,1279558.0,22.3,0.0,23080.0,22945.0,3.1,2.9,3.1,3.1,8474.0,8573.0,50794.0,24926.0,0.8,15.0,10.0,14.0,351.0,125.0,176.0,409.0,126.0,185.0,12.0,13.0,13.0,345.0,474.0,142.0,1332356.0,4.4000000000000385,10.633333333333335,5.266666666666668,4.199999999999998,2362176.6666666665,7731038.333333333,1348025.6666666667,20.2,0.0,25472.666666666668,25340.333333333332,-0.06666666666666703,-0.09999999999999994,3.6666666666666665,3.6666666666666665,8934.666666666666,9083.333333333334,52472.333333333336,-0.39999999999999997,147141.41333333336,14.0,9.333333333333334,13.0,368.0,219.33333333333334,154.66666666666666,440.6666666666667,119.66666666666667,184.0,13.333333333333334,11.333333333333334,13.333333333333334,403.3333333333333,101.66666666666667,156.0,1327612.8333333333,155.1166666666667,11.316666666666668,4.1499999999999995,5.0,2349156.8333333335,7725284.5,1335851.6666666667,20.383333333333333,0.0,24926.833333333332,24805.166666666668,0.26666666666666666,0.3000000000000001,3.3833333333333333,3.3833333333333333,8878.833333333334,9003.166666666666,43410.73333333334,13037.466666666667,73570.69,13.666666666666666,9.5,13.0,363.1666666666667,161.5,163.16666666666666,433.3333333333333,124.5,191.66666666666666,13.0,10.833333333333334,12.333333333333334,376.8333333333333,282.5,169.0,1302265.5,97.70833333333336,8.258333333333335,4.7,4.3,2329718.8333333335,7718893.166666667,1313520.75,20.875,0.0,24240.5,24115.0,-0.23333333333333348,-0.20833333333333337,3.2083333333333335,3.2083333333333335,8644.25,8759.583333333334,42910.424999999996,19109.316666666666,36785.36166666667,13.75,9.833333333333334,13.5,352.5,134.91666666666666,171.08333333333334,430.1666666666667,121.08333333333333,191.58333333333334,13.25,11.25,12.666666666666666,351.25,365.3333333333333,175.91666666666666,3.5234407944950474,9.601103205019923,-38.97116134060796,332.59668508287285,549.9999999999997,-35.71428571428571,-134.2857142857143,77.77777777777777,118.64406779661016,486.3636363636363,-0.12409848212492358,2.891229503921,0.5287583693302844,0.926376184761768,0.8801632456660213,6.172209466081258,2.5125628140703515,-8.520179372197322,,,7.243243243243236,16.04852686308491,6.864399967848245,15.885813902811075,-160.46511627906978,-183.8709677419355,-166.66666666666666,-196.55172413793102,-2.7027027027027084,16.129032258064523,-2.7027027027027084,16.129032258064523,3.025094534204187,6.10101486901109,3.0204356613519057,7.0220459582409855,0.6226199543031274,4.041815962515249,-141.3793103448276,-100.00481425018053,-99.99898799143408,180.00000000000003,7.14285714285714,0.0,0.0,-9.999999999999998,0.0,-7.14285714285714,-18.899521531100483,-3.4188034188034178,3.686635944700467,80.0,-8.333333333333337,-18.75,21.51589242053791,21.51589242053791,-2.4590163934426257,-5.555555555555558,9.8901098901099,8.108108108108114,7.692307692307687,16.666666666666675,-8.333333333333337,-15.384615384615385,-7.14285714285714,0.0,17.21311475409837,24.347826086956516,33.33333333333333,-70.46413502109705,22.14765100671141,28.169014084507047,2018,3,1,1,0,0,0
2018-04-01,739683.0,35.980000000000004,679956.0,3411312.0,6.6,14.1,56.7,175.7,33.6,15.4,5.699999999999999,5663237.0,9607057.0,46.26,4018197.0,580821.0,1370680.0,9.600000000000001,29.299999999999997,6.8,7.0,2379437.0,7780370.0,1367964.0,22.1,0.0,24615.0,24436.0,0.4,0.5,3.7,3.7,9376.0,9571.0,53055.0,1.6,2.25,15.0,9.0,13.0,432.0,207.0,590.0,471.0,122.0,194.0,14.0,10.0,13.0,347.0,109.0,163.0,1382128.0,78.3,11.700000000000001,-4.8,12.9,2366951.0,7760222.0,1358535.0,20.4,0.0,26784.0,26590.0,-2.6,-2.8,3.6,3.6,8991.0,9175.0,52847.0,-1.2,2.24,15.0,9.0,13.0,339.0,225.0,143.0,497.0,119.0,200.0,14.0,11.0,13.0,429.0,140.0,182.0,1335087.0,128.3,1.8000000000000012,14.0,5.9,2369892.0,7719405.0,1346682.0,19.9,0.0,24975.0,24882.0,4.3,4.2,3.7,3.7,8727.0,8906.0,52520.0,2.9,221342.0,14.0,9.0,13.0,418.0,217.0,156.0,409.0,122.0,182.0,13.0,12.0,14.0,366.0,105.0,149.0,1279853.0,-193.4,18.4,6.6,-6.2,2349687.0,7713488.0,1338860.0,20.3,0.0,24659.0,24549.0,-1.9,-1.7,3.7,3.7,9086.0,9169.0,52050.0,-2.9,220080.0,13.0,10.0,13.0,347.0,216.0,165.0,416.0,118.0,170.0,13.0,11.0,13.0,415.0,60.0,137.0,1292641.0,-1.8999999999999957,10.2,6.3,6.7,2333796.0,7705907.0,1309065.0,21.0,0.0,24429.0,24303.0,0.5,0.7,3.1,3.1,8858.0,8975.0,51460.0,25835.0,-0.3,13.0,9.0,12.0,374.0,132.0,150.0,468.0,128.0,196.0,13.0,10.0,12.0,361.0,474.0,200.0,1270838.0,55.6,-13.8,9.4,8.1,2300496.0,7701673.0,1274722.0,22.5,0.0,23187.0,23068.0,-1.0,-0.8,3.1,3.1,8284.0,8402.0,50697.0,25096.0,0.4,15.0,11.0,14.0,283.0,123.0,175.0,422.0,122.0,191.0,12.0,12.0,13.0,305.0,446.0,204.0,1362631.6666666667,72.0666666666667,14.266666666666667,5.333333333333333,8.6,2372093.3333333335,7753332.333333333,1357727.0,20.8,0.0,25458.0,25302.666666666668,0.6999999999999996,0.6333333333333334,3.6666666666666665,3.6666666666666665,9031.333333333334,9217.333333333334,52807.333333333336,1.0999999999999999,73782.16333333333,14.666666666666666,9.0,13.0,396.3333333333333,216.33333333333334,296.3333333333333,459.0,121.0,192.0,13.666666666666666,11.0,13.333333333333334,380.6666666666667,118.0,164.66666666666666,1340619.3333333333,157.03333333333333,14.5,4.233333333333333,5.05,2356763.6666666665,7737695.0,1345668.1666666667,20.566666666666666,0.0,24957.833333333332,24827.333333333332,0.25,0.26666666666666683,3.483333333333334,3.483333333333334,8965.166666666666,9102.5,43676.56666666667,8731.9,73571.115,14.0,9.5,13.166666666666666,372.8333333333333,174.0,236.5,433.8333333333333,123.5,191.33333333333334,13.166666666666666,10.833333333333334,12.5,374.5,221.66666666666666,162.83333333333334,1310585.6666666667,93.875,11.85,4.483333333333333,4.208333333333333,2336297.25,7725451.25,1321290.9166666667,20.841666666666665,0.0,24359.5,24229.0,-0.11666666666666681,-0.10000000000000003,3.2583333333333333,3.2583333333333333,8735.25,8857.0,43106.924999999996,17018.116666666665,36785.51583333333,13.75,9.666666666666666,13.416666666666666,364.9166666666667,141.91666666666666,205.66666666666666,434.25,121.08333333333333,191.83333333333334,13.416666666666666,11.083333333333334,12.666666666666666,354.75,337.25,172.5,-0.8282879733280901,7.856390822433701,-87.73946360153256,-82.73381294964028,150.42735042735038,-312.3188405797101,-241.66666666666669,-27.65957446808511,-45.736434108527135,-13.58024691358024,0.5275140888003182,3.4314773857463843,0.25963174764844776,1.0218169480838757,0.6940564652364589,7.314692929124944,8.333333333333348,-1.777777777777767,,,-8.098118279569889,6.158623366541605,-8.100789770590444,5.930293046644697,-115.38461538461537,-140.0,-117.85714285714286,-162.5,2.77777777777779,19.354838709677423,2.77777777777779,19.354838709677423,4.282059837615404,13.182037662964753,4.316076294277926,13.913353963342058,0.39358904005903916,4.651162790697683,-233.33333333333334,-99.99362448198916,0.44642857142855874,462.5,0.0,0.0,0.0,-18.181818181818176,0.0,-7.14285714285714,27.43362831858407,52.65017667844523,-7.9999999999999964,68.29268292682926,312.5874125874126,237.14285714285714,-5.231388329979881,11.61137440758293,2.5210084033613356,0.0,-3.0000000000000027,1.5706806282722585,0.0,16.666666666666675,-9.090909090909093,-16.666666666666664,0.0,0.0,-19.11421911421911,13.770491803278695,-22.142857142857142,-75.56053811659193,-10.439560439560436,-20.09803921568627,2018,4,2,0,1,0,0
2018-05-01,739833.0,35.69,684786.0,3425176.0,-1.5999999999999996,19.5,107.4,31.200000000000003,47.8,26.7,6.3999999999999995,5679103.0,9629170.0,45.27,4048098.0,580248.0,1371732.0,39.5,28.6,13.100000000000001,8.6,2390999.0,7793086.0,1377004.0,22.0,0.0,24457.0,24381.0,2.5,2.4,3.7,3.7,9288.0,9490.0,53454.0,2.4,2.24,14.0,8.0,7.0,364.0,217.0,173.0,442.0,123.0,213.0,14.0,10.0,13.0,375.0,158.0,239.0,1370680.0,9.600000000000001,29.299999999999997,6.8,7.0,2379437.0,7780370.0,1367964.0,22.1,0.0,24615.0,24436.0,0.4,0.5,3.7,3.7,9376.0,9571.0,53055.0,1.6,2.25,15.0,9.0,13.0,432.0,207.0,590.0,471.0,122.0,194.0,14.0,10.0,13.0,347.0,109.0,163.0,1382128.0,78.3,11.700000000000001,-4.8,12.9,2366951.0,7760222.0,1358535.0,20.4,0.0,26784.0,26590.0,-2.6,-2.8,3.6,3.6,8991.0,9175.0,52847.0,-1.2,2.24,15.0,9.0,13.0,339.0,225.0,143.0,497.0,119.0,200.0,14.0,11.0,13.0,429.0,140.0,182.0,1335087.0,128.3,1.8000000000000012,14.0,5.9,2369892.0,7719405.0,1346682.0,19.9,0.0,24975.0,24882.0,4.3,4.2,3.7,3.7,8727.0,8906.0,52520.0,2.9,221342.0,14.0,9.0,13.0,418.0,217.0,156.0,409.0,122.0,182.0,13.0,12.0,14.0,366.0,105.0,149.0,1307189.0,-65.1,31.1,0.09999999999999976,-1.7000000000000004,2336346.0,7698162.0,1332298.0,20.7,0.0,24469.0,24359.0,0.8,1.0,3.1,3.1,8798.0,8904.0,51587.0,26211.0,-0.1,14.0,10.0,14.0,359.0,116.0,185.0,399.0,130.0,184.0,13.0,10.0,13.0,341.0,493.0,182.0,1255087.0,-78.7,34.9,-1.4000000000000001,-3.8,2301117.0,7676483.0,1297225.0,21.8,0.0,23170.0,23036.0,3.3,3.3,3.1,3.1,8345.0,8478.0,50700.0,24837.0,0.3,14.0,11.0,14.0,359.0,121.0,146.0,377.0,110.0,175.0,13.0,12.0,14.0,312.0,433.0,163.0,1374846.6666666667,42.4666666666667,23.2,5.033333333333334,9.499999999999998,2379129.0,7777892.666666667,1367834.3333333333,21.5,0.0,25285.333333333332,25135.666666666668,0.09999999999999964,0.03333333333333336,3.6666666666666665,3.6666666666666665,9218.333333333334,9412.0,53118.666666666664,0.9333333333333335,2.2433333333333336,14.666666666666666,8.666666666666666,11.0,378.3333333333333,216.33333333333334,302.0,470.0,121.33333333333333,202.33333333333334,14.0,10.333333333333334,13.0,383.6666666666667,135.66666666666666,194.66666666666666,1351376.5,174.46666666666667,14.083333333333334,6.3999999999999995,6.766666666666667,2365872.5,7753515.666666667,1353119.1666666667,20.783333333333335,0.0,24955.833333333332,24831.0,0.5333333333333333,0.5000000000000001,3.5833333333333335,3.5833333333333335,9046.833333333334,9200.166666666666,43987.73333333334,4363.8,73571.50499999999,14.0,9.166666666666666,12.0,373.6666666666667,190.83333333333334,234.5,441.0,122.33333333333333,196.16666666666666,13.333333333333334,10.833333333333334,12.5,380.1666666666667,165.83333333333334,172.33333333333334,1320306.0833333333,103.72500000000001,11.325000000000001,5.691666666666666,5.241666666666666,2343787.4166666665,7735168.166666667,1327939.1666666667,20.858333333333334,0.0,24466.75,24341.083333333332,-0.18333333333333343,-0.17500000000000002,3.3083333333333336,3.3083333333333336,8813.833333333334,8941.333333333334,43336.424999999996,14948.566666666666,36785.6775,13.75,9.416666666666666,12.833333333333334,365.3333333333333,149.91666666666666,207.91666666666666,439.6666666666667,122.16666666666667,195.0,13.5,10.916666666666666,12.583333333333334,360.0,314.3333333333333,178.83333333333334,0.07675022616511207,9.293778040884826,311.4583333333333,-150.19059720457432,-2.3890784982935065,-18.05157593123209,92.64705882352943,-1035.7142857142858,22.857142857142843,-326.3157894736842,0.4859132643562303,3.906016078278496,0.16343695736835695,1.5189638275757256,0.6608361038740851,6.149973982925094,-0.4524886877828149,0.917431192660545,,,-0.6418850294535816,5.554596460940875,-0.2250777541332405,5.838687272095844,525.0,-24.242424242424242,380.0,-27.27272727272727,0.0,19.354838709677423,0.0,19.354838709677423,-0.9385665529010212,11.300179748352313,-0.8463065510395995,11.936777541873077,0.7520497596833486,5.431952662721895,49.99999999999998,-99.99033699722189,-0.4444444444444362,646.6666666666667,-6.666666666666665,0.0,-11.111111111111116,-27.27272727272727,-46.15384615384615,-50.0,-15.740740740740744,1.392757660167132,4.8309178743961345,79.33884297520662,-70.67796610169492,18.493150684931514,-6.157112526539277,17.24137931034482,0.8196721311475308,11.818181818181817,9.7938144329897,21.714285714285708,0.0,7.692307692307687,0.0,-16.666666666666664,0.0,-7.14285714285714,8.069164265129691,20.192307692307686,44.95412844036697,-63.51039260969977,46.62576687116564,46.62576687116564,2018,5,2,0,1,0,0
2018-06-01,745704.0,35.63,689784.0,3430859.0,17.0,13.7,49.00000000000001,43.199999999999996,21.200000000000003,28.0,1.9999999999999998,5680893.0,9639384.0,45.75,4069882.0,570699.0,1368525.0,13.400000000000004,-6.600000000000001,-3.3,12.4,2383859.0,7796827.0,1382696.0,22.1,0.0,24133.0,24052.0,-0.1,-0.1,3.7,3.7,9137.0,9320.0,54272.0,1.7,2.26,15.0,9.0,12.0,350.0,240.0,166.0,443.0,116.0,179.0,14.0,10.0,12.0,316.0,113.0,164.0,1371732.0,39.5,28.6,13.100000000000001,8.6,2390999.0,7793086.0,1377004.0,22.0,0.0,24457.0,24381.0,2.5,2.4,3.7,3.7,9288.0,9490.0,53454.0,2.4,2.24,14.0,8.0,7.0,364.0,217.0,173.0,442.0,123.0,213.0,14.0,10.0,13.0,375.0,158.0,239.0,1370680.0,9.600000000000001,29.299999999999997,6.8,7.0,2379437.0,7780370.0,1367964.0,22.1,0.0,24615.0,24436.0,0.4,0.5,3.7,3.7,9376.0,9571.0,53055.0,1.6,2.25,15.0,9.0,13.0,432.0,207.0,590.0,471.0,122.0,194.0,14.0,10.0,13.0,347.0,109.0,163.0,1382128.0,78.3,11.700000000000001,-4.8,12.9,2366951.0,7760222.0,1358535.0,20.4,0.0,26784.0,26590.0,-2.6,-2.8,3.6,3.6,8991.0,9175.0,52847.0,-1.2,2.24,15.0,9.0,13.0,339.0,225.0,143.0,497.0,119.0,200.0,14.0,11.0,13.0,429.0,140.0,182.0,1368779.0,984.5,-5.3,2.7,12.4,2338269.0,7754523.0,1329670.0,20.0,0.0,24245.0,24148.0,0.5,0.4,3.1,3.1,8813.0,8890.0,0.4,26180.0,0.3,13.0,10.0,13.0,342.0,63.0,180.0,411.0,130.0,218.0,12.0,11.0,9.0,349.0,423.0,164.0,1359345.0,217.1,-10.6,1.6999999999999997,9.1,2304000.0,7768081.0,1285291.0,21.7,0.0,24297.0,24134.0,-3.6,-3.9,3.0,3.0,7893.0,7999.0,50719.0,24941.0,0.6,14.0,10.0,14.0,414.0,59.0,219.0,493.0,119.0,220.0,14.0,13.0,13.0,376.0,456.0,209.0,1370312.3333333333,20.833333333333368,17.1,5.533333333333334,9.333333333333332,2384765.0,7790094.333333333,1375888.0,22.066666666666666,0.0,24401.666666666668,24289.666666666668,0.933333333333333,0.9333333333333332,3.7,3.7,9267.0,9460.333333333334,53593.666666666664,1.9000000000000001,2.25,14.666666666666666,8.666666666666666,10.666666666666666,382.0,221.33333333333334,309.6666666666667,452.0,120.33333333333333,195.33333333333334,14.0,10.0,12.666666666666666,346.0,126.66666666666667,188.66666666666666,1351334.1666666667,12.616666666666667,13.866666666666665,5.400000000000001,6.766666666666667,2373470.8333333335,7760566.333333333,1361956.8333333333,21.133333333333333,0.0,24937.166666666668,24815.0,0.43333333333333335,0.4166666666666668,3.6833333333333336,3.6833333333333336,9100.833333333334,9271.833333333334,53033.0,0.75,73571.83166666667,14.333333333333334,9.0,11.833333333333334,375.0,220.33333333333334,232.16666666666666,446.3333333333333,120.0,189.66666666666666,13.666666666666666,10.666666666666666,13.0,374.6666666666667,114.16666666666667,172.33333333333334,1321071.0833333333,86.75,11.658333333333333,5.2749999999999995,5.516666666666667,2350442.3333333335,7737563.666666667,1336056.25,20.891666666666666,0.0,24453.083333333332,24334.25,0.10833333333333321,0.14166666666666664,3.366666666666667,3.366666666666667,8917.5,9051.416666666666,43632.50833333333,12870.291666666666,36785.815833333334,13.833333333333334,9.333333333333334,12.666666666666666,360.0,165.0,203.5,435.5,121.91666666666667,191.58333333333334,13.5,10.666666666666666,12.5,355.0,285.75,175.08333333333334,-0.23379202351480055,0.6753252485572014,-66.07594936708861,-93.82772915707048,-123.07692307692308,-37.735849056603755,-125.19083969465647,-294.11764705882354,44.18604651162792,36.26373626373627,-0.2986199492346131,3.466102430555562,0.048004089779074555,0.37005278395012553,0.4133611812311422,7.5784394351162465,0.454545454545463,1.8433179723502446,,,-1.3247740933066243,-0.6749804502613532,-1.3494114269308022,-0.3397696196237643,-104.0,-97.22222222222221,-104.16666666666667,-97.43589743589743,0.0,23.33333333333334,0.0,23.33333333333334,-1.6257536606373857,15.76080070948942,-1.7913593256059013,16.51456432054006,1.5302877240243928,7.00526429937498,-29.166666666666664,-99.99318391403713,0.8928571428571175,276.6666666666667,7.14285714285714,7.14285714285714,12.5,-9.999999999999998,71.42857142857142,-14.28571428571429,-3.8461538461538436,-15.458937198067634,10.599078341013835,306.77966101694915,-4.046242774566478,-24.200913242009136,0.2262443438914019,-10.141987829614607,-5.691056910569103,-2.5210084033613467,-15.962441314553988,-18.63636363636364,0.0,0.0,0.0,-23.076923076923073,-7.692307692307687,-7.692307692307687,-15.733333333333333,-15.957446808510634,-28.481012658227844,-75.21929824561404,-31.380753138075313,-21.5311004784689,2018,6,2,0,1,0,0
2018-07-01,747684.0,36.01,698262.0,3374183.0,11.1,29.3,-104.30000000000001,94.2,60.4,25.8,19.0,5748237.0,9608004.0,46.6,4062688.0,583308.0,1319150.0,-139.5,-4.9,25.7,2.5999999999999996,2424864.0,7762027.0,1371174.0,21.6,0.0,24035.0,23967.0,-1.9,-1.7,3.7,3.7,8998.0,9217.0,54547.0,0.3,2.26,15.0,8.0,12.0,334.0,199.0,180.0,420.0,119.0,188.0,14.0,9.0,11.0,333.0,135.0,180.0,1368525.0,13.400000000000004,-6.600000000000001,-3.3,12.4,2383859.0,7796827.0,1382696.0,22.1,0.0,24133.0,24052.0,-0.1,-0.1,3.7,3.7,9137.0,9320.0,54272.0,1.7,2.26,15.0,9.0,12.0,350.0,240.0,166.0,443.0,116.0,179.0,14.0,10.0,12.0,316.0,113.0,164.0,1371732.0,39.5,28.6,13.100000000000001,8.6,2390999.0,7793086.0,1377004.0,22.0,0.0,24457.0,24381.0,2.5,2.4,3.7,3.7,9288.0,9490.0,53454.0,2.4,2.24,14.0,8.0,7.0,364.0,217.0,173.0,442.0,123.0,213.0,14.0,10.0,13.0,375.0,158.0,239.0,1370680.0,9.600000000000001,29.299999999999997,6.8,7.0,2379437.0,7780370.0,1367964.0,22.1,0.0,24615.0,24436.0,0.4,0.5,3.7,3.7,9376.0,9571.0,53055.0,1.6,2.25,15.0,9.0,13.0,432.0,207.0,590.0,471.0,122.0,194.0,14.0,10.0,13.0,347.0,109.0,163.0,1279853.0,-193.4,18.4,6.6,-6.2,2349687.0,7713488.0,1338860.0,20.3,0.0,24659.0,24549.0,-1.9,-1.7,3.7,3.7,9086.0,9169.0,52050.0,-2.9,220080.0,13.0,10.0,13.0,347.0,216.0,165.0,416.0,118.0,170.0,13.0,11.0,13.0,415.0,60.0,137.0,1228863.0,-55.0,-0.9999999999999991,10.4,5.7,2310697.0,7728217.0,1285487.0,21.2,0.0,23579.0,23444.0,-0.6,-0.2,3.0,3.0,8264.0,8359.0,0.7,24984.0,0.1,14.0,10.0,15.0,325.0,108.0,170.0,397.0,118.0,179.0,14.0,12.0,13.0,353.0,462.0,161.0,1353135.6666666667,-28.86666666666663,5.700000000000003,11.833333333333334,7.8666666666666645,2399907.3333333335,7783980.0,1376958.0,21.900000000000002,0.0,24208.333333333332,24133.333333333332,0.16666666666666638,0.19999999999999996,3.7,3.7,9141.0,9342.333333333334,54091.0,1.4666666666666668,2.2533333333333334,14.666666666666666,8.333333333333334,10.333333333333334,349.3333333333333,218.66666666666666,173.0,435.0,119.33333333333333,193.33333333333334,14.0,9.666666666666666,12.0,341.3333333333333,135.33333333333334,194.33333333333334,1357883.6666666667,21.600000000000005,9.983333333333334,8.583333333333334,8.233333333333333,2386000.3333333335,7768656.166666667,1367342.5,21.349999999999998,0.0,24833.166666666668,24718.0,0.43333333333333335,0.4166666666666668,3.6833333333333336,3.6833333333333336,9086.166666666666,9279.833333333334,53449.166666666664,1.2833333333333334,36892.208333333336,14.666666666666666,8.666666666666666,11.666666666666666,372.8333333333333,217.5,234.66666666666666,447.0,120.16666666666667,192.66666666666666,13.833333333333334,10.333333333333334,12.666666666666666,361.0,126.66666666666667,179.5,1328595.0,79.70833333333333,11.333333333333334,6.55,5.258333333333333,2359956.25,7740381.166666667,1343196.8333333333,20.925,0.0,24491.083333333332,24377.833333333332,-1.1102230246251565e-16,0.016666666666666646,3.4250000000000003,3.4250000000000003,8978.666666666666,9122.916666666666,48178.03333333333,10788.316666666666,36785.99583333333,13.916666666666666,9.166666666666666,12.416666666666666,360.75,172.58333333333334,204.33333333333334,437.4166666666667,122.0,192.33333333333334,13.5,10.416666666666666,12.333333333333334,353.3333333333333,258.5,176.66666666666666,-3.6078990153632584,7.347198182384851,-1141.0447761194027,153.63636363636363,-25.75757575757577,390.00000000000045,-878.7878787878789,147.11538461538458,-79.03225806451614,-54.38596491228071,1.7201101239628702,4.940803575717623,-0.44633541311099867,0.4374877154717627,-0.8332995828439493,6.66572279610762,-2.26244343891403,1.8867924528301883,,,-0.4060829569469182,1.933924254633368,-0.3534009645767555,2.2308479781607327,1799.9999999999995,216.66666666666666,1600.0,750.0,0.0,23.33333333333334,0.0,23.33333333333334,-1.5212870745321183,8.881897386253623,-1.1051502145922765,10.264385692068423,0.5067069575471761,7792328.571428573,-82.35294117647058,-99.99879923150816,0.0,2160.0,0.0,7.14285714285714,-11.111111111111116,-19.999999999999996,0.0,-19.999999999999996,-4.571428571428571,2.7692307692307683,-17.08333333333333,84.25925925925925,8.43373493975903,5.882352941176472,-5.191873589164786,5.793450881612094,2.586206896551735,0.8474576271186418,5.027932960893855,5.027932960893855,0.0,0.0,-9.999999999999998,-25.0,-8.333333333333337,-15.384615384615385,5.379746835443044,-5.6657223796034,19.469026548672574,-70.7792207792208,9.756097560975618,11.801242236024834,2018,7,3,0,0,1,0
2018-08-01,750408.0,35.94,704397.0,3455953.0,7.1,18.6,329.8,18.200000000000003,44.1,12.3,15.600000000000001,5754226.0,9621869.0,45.68,4095377.0,576471.0,1381055.0,309.79999999999995,30.900000000000002,-3.200000000000001,5.6,2418249.0,7771451.0,1389091.0,24.4,0.0,23669.0,23370.0,6.3,6.2,3.7,3.7,9152.0,9380.0,55002.0,-2.1,2.3,15.0,9.0,12.0,304.0,202.0,212.0,395.0,119.0,194.0,14.0,8.0,10.0,371.0,116.0,184.0,1319150.0,-139.5,-4.9,25.7,2.5999999999999996,2424864.0,7762027.0,1371174.0,21.6,0.0,24035.0,23967.0,-1.9,-1.7,3.7,3.7,8998.0,9217.0,54547.0,0.3,2.26,15.0,8.0,12.0,334.0,199.0,180.0,420.0,119.0,188.0,14.0,9.0,11.0,333.0,135.0,180.0,1368525.0,13.400000000000004,-6.600000000000001,-3.3,12.4,2383859.0,7796827.0,1382696.0,22.1,0.0,24133.0,24052.0,-0.1,-0.1,3.7,3.7,9137.0,9320.0,54272.0,1.7,2.26,15.0,9.0,12.0,350.0,240.0,166.0,443.0,116.0,179.0,14.0,10.0,12.0,316.0,113.0,164.0,1371732.0,39.5,28.6,13.100000000000001,8.6,2390999.0,7793086.0,1377004.0,22.0,0.0,24457.0,24381.0,2.5,2.4,3.7,3.7,9288.0,9490.0,53454.0,2.4,2.24,14.0,8.0,7.0,364.0,217.0,173.0,442.0,123.0,213.0,14.0,10.0,13.0,375.0,158.0,239.0,1335087.0,128.3,1.8000000000000012,14.0,5.9,2369892.0,7719405.0,1346682.0,19.9,0.0,24975.0,24882.0,4.3,4.2,3.7,3.7,8727.0,8906.0,52520.0,2.9,221342.0,14.0,9.0,13.0,418.0,217.0,156.0,409.0,122.0,182.0,13.0,12.0,14.0,366.0,105.0,149.0,1247240.0,16.200000000000003,18.1,6.7,-3.6000000000000005,2317332.0,7695078.0,1297295.0,20.5,0.0,23635.0,23510.0,-3.5,-3.6,3.0,3.0,8776.0,8865.0,51080.0,25032.0,0.7,13.0,10.0,15.0,358.0,124.0,180.0,466.0,116.0,189.0,14.0,11.0,13.0,284.0,474.0,169.0,1356243.3333333333,61.23333333333335,6.466666666666669,6.400000000000001,6.8666666666666645,2408990.6666666665,7776768.333333333,1380987.0,22.7,0.0,23945.666666666668,23796.333333333332,1.433333333333333,1.4666666666666668,3.7,3.7,9095.666666666666,9305.666666666666,54607.0,-0.03333333333333336,2.273333333333333,15.0,8.666666666666666,12.0,329.3333333333333,213.66666666666666,186.0,419.3333333333333,118.0,187.0,14.0,9.0,11.0,340.0,121.33333333333333,176.0,1365545.0,51.84999999999999,14.833333333333334,5.716666666666668,8.183333333333332,2394059.8333333335,7777330.5,1374410.6666666667,22.099999999999998,0.0,24615.5,24466.0,0.7666666666666666,0.75,3.6833333333333336,3.6833333333333336,9157.0,9358.833333333334,53862.833333333336,0.44999999999999996,2.2583333333333333,14.833333333333334,8.666666666666666,11.5,353.8333333333333,215.0,244.0,444.6666666666667,119.66666666666667,194.66666666666666,14.0,9.666666666666666,12.0,361.8333333333333,128.5,185.33333333333334,1339746.25,104.175,12.4,5.724999999999999,6.025000000000001,2368366.0,7746745.583333333,1350846.5,21.25,0.0,24493.916666666668,24366.166666666668,0.8166666666666665,0.8333333333333334,3.483333333333334,3.483333333333334,9010.0,9165.833333333334,48504.86666666667,8702.141666666666,36786.129166666666,14.083333333333334,9.083333333333334,12.166666666666666,356.25,179.08333333333334,207.0,431.5,122.25,192.75,13.5,10.166666666666666,12.083333333333334,360.5833333333333,228.66666666666666,177.91666666666666,4.692794602585004,10.728889387768191,-322.078853046595,1812.3456790123453,-730.6122448979592,70.71823204419888,-112.45136186770428,-147.76119402985074,115.38461538461542,-255.55555555555554,-0.2727988043865537,4.354878800275497,0.12141158488627735,0.992491564088116,1.3066904710853589,7.075954197002221,12.962962962962955,19.024390243902435,,,-1.5227792802163465,0.14385445314153422,-2.4909250219051216,-0.5954912803062484,-431.57894736842104,-280.0,-464.7058823529412,-272.22222222222223,0.0,23.33333333333334,0.0,23.33333333333334,1.7114914425427896,4.284412032816776,1.7684713030270194,5.809362662154549,0.8341430326140653,7.678151918559117,-800.0,-100.00838926174495,1.7699115044247815,228.57142857142856,0.0,15.384615384615374,12.5,-9.999999999999998,0.0,-19.999999999999996,-8.982035928143716,-15.083798882681565,1.5075376884422065,62.90322580645162,17.777777777777782,17.777777777777782,-5.952380952380953,-15.23605150214592,0.0,2.586206896551735,3.1914893617021267,2.645502645502651,0.0,0.0,-11.111111111111116,-27.27272727272727,-9.090909090909093,-23.076923076923073,11.411411411411422,30.6338028169014,-14.074074074074073,-75.52742616033755,2.2222222222222143,8.875739644970416,2018,8,3,0,0,1,0
2018-09-01,753546.0,36.26,711711.0,3463767.0,17.0,24.3,95.5,0.49999999999999933,63.7,35.1,19.0,5798769.0,9632663.0,45.45,4106381.0,580320.0,1384791.0,83.2,13.8,19.5,16.9,2440489.0,7777957.0,1395769.0,27.5,0.0,23785.0,23486.0,-0.4,-0.2,3.8,3.7,9117.0,9368.0,0.6,0.3,2.34,15.0,5.0,12.0,323.0,218.0,182.0,413.0,117.0,179.0,13.0,9.0,10.0,366.0,132.0,176.0,1381055.0,309.79999999999995,30.900000000000002,-3.200000000000001,5.6,2418249.0,7771451.0,1389091.0,24.4,0.0,23669.0,23370.0,6.3,6.2,3.7,3.7,9152.0,9380.0,55002.0,-2.1,2.3,15.0,9.0,12.0,304.0,202.0,212.0,395.0,119.0,194.0,14.0,8.0,10.0,371.0,116.0,184.0,1319150.0,-139.5,-4.9,25.7,2.5999999999999996,2424864.0,7762027.0,1371174.0,21.6,0.0,24035.0,23967.0,-1.9,-1.7,3.7,3.7,8998.0,9217.0,54547.0,0.3,2.26,15.0,8.0,12.0,334.0,199.0,180.0,420.0,119.0,188.0,14.0,9.0,11.0,333.0,135.0,180.0,1368525.0,13.400000000000004,-6.600000000000001,-3.3,12.4,2383859.0,7796827.0,1382696.0,22.1,0.0,24133.0,24052.0,-0.1,-0.1,3.7,3.7,9137.0,9320.0,54272.0,1.7,2.26,15.0,9.0,12.0,350.0,240.0,166.0,443.0,116.0,179.0,14.0,10.0,12.0,316.0,113.0,164.0,1382128.0,78.3,11.700000000000001,-4.8,12.9,2366951.0,7760222.0,1358535.0,20.4,0.0,26784.0,26590.0,-2.6,-2.8,3.6,3.6,8991.0,9175.0,52847.0,-1.2,2.24,15.0,9.0,13.0,339.0,225.0,143.0,497.0,119.0,200.0,14.0,11.0,13.0,429.0,140.0,182.0,1300136.0,86.60000000000001,3.600000000000001,4.7,6.1,2328043.0,7705479.0,1307119.0,20.5,0.0,23457.0,23357.0,1.0,0.9,3.0,3.0,8896.0,8993.0,51264.0,26197.0,-1.9,13.0,9.0,12.0,312.0,115.0,184.0,407.0,121.0,195.0,14.0,10.0,12.0,324.0,418.0,191.0,1361665.3333333333,84.50000000000001,13.266666666666671,14.0,8.366666666666665,2427867.3333333335,7770478.333333333,1385344.6666666667,24.5,0.0,23829.666666666668,23607.666666666668,1.3333333333333328,1.4333333333333333,3.733333333333333,3.7,9089.0,9321.666666666666,36516.53333333333,-0.5,2.3,15.0,7.333333333333333,12.0,320.3333333333333,206.33333333333334,191.33333333333334,409.3333333333333,118.33333333333333,187.0,13.666666666666666,8.666666666666666,10.333333333333334,356.6666666666667,127.66666666666667,180.0,1365988.8333333333,52.66666666666665,15.183333333333332,9.766666666666667,8.85,2406316.1666666665,7780286.333333333,1380616.3333333333,23.283333333333335,0.0,24115.666666666668,23948.666666666668,1.1333333333333333,1.1833333333333333,3.716666666666667,3.7,9178.0,9391.0,45055.1,0.6999999999999998,2.275,14.833333333333334,8.0,11.333333333333334,351.1666666666667,213.83333333333334,250.5,430.6666666666667,119.33333333333333,191.16666666666666,13.833333333333334,9.333333333333334,11.5,351.3333333333333,127.16666666666667,184.33333333333334,1346800.8333333333,103.89166666666667,13.250000000000002,6.958333333333333,6.925,2377736.5,7752785.416666667,1358234.0,21.833333333333332,0.0,24521.25,24376.916666666668,0.6999999999999998,0.7416666666666667,3.5500000000000003,3.5416666666666665,9028.416666666666,9197.083333333334,44232.916666666664,6519.083333333333,36786.4825,14.25,8.75,12.166666666666666,357.1666666666667,187.66666666666666,206.83333333333334,432.0,121.91666666666667,191.41666666666666,13.416666666666666,10.083333333333334,11.916666666666666,364.0833333333333,204.83333333333334,176.66666666666666,0.2705178287613519,6.511241900847287,-73.14396384764363,-3.9260969976905424,-55.33980582524271,283.33333333333326,-709.3749999999998,314.89361702127655,201.78571428571428,177.04918032786884,0.9196736977871156,4.83006542404929,0.0837166701559422,0.9406034329598523,0.4807460418359888,6.782090995540568,12.704918032786882,34.14634146341464,,,0.490092526088981,1.398303278339097,0.4963628583654289,0.5522969559446755,-106.34920634920636,-140.0,-103.2258064516129,-122.22222222222223,2.7027027027026973,26.66666666666666,0.0,23.33333333333334,-0.3824300699300731,2.4842625899280657,-0.12793176972281106,4.169909929945503,-99.99890913057708,-99.99882958801498,-114.28571428571428,-99.99885483070581,1.7391304347826209,-223.15789473684208,0.0,15.384615384615374,-44.44444444444444,-44.44444444444444,0.0,0.0,6.25,3.5256410256410353,7.920792079207928,89.56521739130434,-14.150943396226412,-1.0869565217391353,4.556962025316458,1.4742014742014753,-1.6806722689075682,-3.3057851239669422,-7.731958762886593,-8.20512820512821,-7.14285714285714,-7.14285714285714,12.5,-9.999999999999998,0.0,-16.666666666666664,-1.3477088948787075,12.962962962962955,13.793103448275868,-68.42105263157895,-4.347826086956519,-7.853403141361259,2018,9,3,0,0,1,0
2018-10-01,757164.0,36.34,714864.0,3407634.0,10.8,13.9,-112.5,42.6,27.0,15.9,-7.9,5812910.0,9596155.0,45.81,4107199.0,578073.0,1337140.0,-140.1,-13.899999999999999,6.2,1.4,2448938.0,7740289.0,1392280.0,30.1,0.0,23964.0,23657.0,-1.4,-1.2,3.7,3.7,9303.0,9507.0,54902.0,1.2,2.34,15.0,5.0,11.0,272.0,222.0,554.0,387.0,116.0,184.0,13.0,9.0,10.0,330.0,120.0,185.0,1384791.0,83.2,13.8,19.5,16.9,2440489.0,7777957.0,1395769.0,27.5,0.0,23785.0,23486.0,-0.4,-0.2,3.8,3.7,9117.0,9368.0,0.6,0.3,2.34,15.0,5.0,12.0,323.0,218.0,182.0,413.0,117.0,179.0,13.0,9.0,10.0,366.0,132.0,176.0,1381055.0,309.79999999999995,30.900000000000002,-3.200000000000001,5.6,2418249.0,7771451.0,1389091.0,24.4,0.0,23669.0,23370.0,6.3,6.2,3.7,3.7,9152.0,9380.0,55002.0,-2.1,2.3,15.0,9.0,12.0,304.0,202.0,212.0,395.0,119.0,194.0,14.0,8.0,10.0,371.0,116.0,184.0,1319150.0,-139.5,-4.9,25.7,2.5999999999999996,2424864.0,7762027.0,1371174.0,21.6,0.0,24035.0,23967.0,-1.9,-1.7,3.7,3.7,8998.0,9217.0,54547.0,0.3,2.26,15.0,8.0,12.0,334.0,199.0,180.0,420.0,119.0,188.0,14.0,9.0,11.0,333.0,135.0,180.0,1370680.0,9.600000000000001,29.299999999999997,6.8,7.0,2379437.0,7780370.0,1367964.0,22.1,0.0,24615.0,24436.0,0.4,0.5,3.7,3.7,9376.0,9571.0,53055.0,1.6,2.25,15.0,9.0,13.0,432.0,207.0,590.0,471.0,122.0,194.0,14.0,10.0,13.0,347.0,109.0,163.0,1292641.0,-1.8999999999999957,10.2,6.3,6.7,2333796.0,7705907.0,1309065.0,21.0,0.0,24429.0,24303.0,0.5,0.7,3.1,3.1,8858.0,8975.0,51460.0,25835.0,-0.3,13.0,9.0,12.0,374.0,132.0,150.0,468.0,128.0,196.0,13.0,10.0,12.0,361.0,474.0,200.0,1367662.0,84.30000000000001,10.26666666666667,7.500000000000001,7.966666666666664,2435892.0,7763232.333333333,1392380.0,27.333333333333332,0.0,23806.0,23504.333333333332,1.4999999999999993,1.6000000000000003,3.733333333333334,3.7,9190.666666666666,9418.333333333334,36634.86666666667,-0.20000000000000004,2.3266666666666667,15.0,6.333333333333333,11.666666666666666,299.6666666666667,214.0,316.0,398.3333333333333,117.33333333333333,185.66666666666666,13.333333333333334,8.666666666666666,10.0,355.6666666666667,122.66666666666667,181.66666666666666,1360398.8333333333,27.716666666666658,7.983333333333334,9.666666666666668,7.916666666666667,2417899.6666666665,7773606.166666667,1384669.0,24.616666666666664,0.0,24007.166666666668,23818.833333333332,0.8333333333333335,0.9,3.716666666666667,3.7,9165.833333333334,9380.333333333334,45362.93333333333,0.6333333333333333,2.2899999999999996,14.833333333333334,7.333333333333333,11.0,324.5,216.33333333333334,244.5,416.6666666666667,118.33333333333333,189.5,13.666666666666666,9.166666666666666,11.0,348.5,129.0,188.0,1350509.0833333333,92.375,11.241666666666667,6.95,6.483333333333333,2387331.6666666665,7755650.583333333,1365168.5833333333,22.59166666666667,0.0,24482.5,24323.083333333332,0.5416666666666665,0.5833333333333334,3.6,3.591666666666667,9065.5,9241.416666666666,44519.75,4366.266666666666,36786.7025,14.416666666666666,8.416666666666666,12.083333333333334,348.6666666666667,195.16666666666666,240.5,425.25,120.91666666666667,190.41666666666666,13.416666666666666,10.0,11.75,361.5,175.33333333333334,175.41666666666666,-3.441024674481563,3.442487125195637,-268.3894230769231,7273.684210526332,-200.72463768115938,-236.27450980392157,-68.2051282051282,-1.5873015873015817,-91.71597633136095,-79.10447761194031,0.3462011096956319,4.933678864819369,-0.4842916976784517,0.44617719886834717,-0.2499697299481518,6.3568272010939175,9.45454545454545,43.333333333333336,,,0.7525751524069868,-1.9034753776249524,0.7280933321978988,-2.6581080525038048,249.99999999999994,-380.0,499.9999999999999,-271.42857142857144,-2.631578947368407,19.354838709677423,0.0,19.354838709677423,2.040144784468567,5.023707383156473,1.48377455166524,5.927576601671314,9150233.333333334,6.6886902448503704,300.0,-99.99535513837817,0.0,-880.0000000000001,0.0,15.384615384615374,0.0,-44.44444444444444,-8.333333333333337,-8.333333333333337,-15.789473684210531,-27.27272727272727,1.83486238532109,68.18181818181819,204.39560439560438,269.3333333333333,-6.295399515738498,-17.307692307692314,-0.8547008547008517,-9.375,2.7932960893854775,-6.122448979591832,0.0,0.0,0.0,-9.999999999999998,0.0,-16.666666666666664,-9.836065573770492,-8.587257617728527,-9.090909090909093,-74.68354430379746,5.1136363636363535,-7.499999999999996,2018,10,4,0,0,0,1
2018-11-01,759735.0,36.41,716634.0,3352943.0,10.799999999999999,6.700000000000001,-19.999999999999993,-32.6,30.4,-10.5,-11.700000000000001,5819394.0,9522833.0,45.04,4079889.0,574689.0,1317391.0,-18.0,14.700000000000001,12.3,-5.9,2463994.0,7674440.0,1400896.0,33.5,0.0,24213.0,23949.0,0.3,0.5,3.8,3.7,9103.0,9349.0,54768.0,-1.6,2.32,15.0,4.0,7.0,317.0,184.0,137.0,451.0,114.0,177.0,13.0,9.0,10.0,389.0,117.0,149.0,1337140.0,-140.1,-13.899999999999999,6.2,1.4,2448938.0,7740289.0,1392280.0,30.1,0.0,23964.0,23657.0,-1.4,-1.2,3.7,3.7,9303.0,9507.0,54902.0,1.2,2.34,15.0,5.0,11.0,272.0,222.0,554.0,387.0,116.0,184.0,13.0,9.0,10.0,330.0,120.0,185.0,1384791.0,83.2,13.8,19.5,16.9,2440489.0,7777957.0,1395769.0,27.5,0.0,23785.0,23486.0,-0.4,-0.2,3.8,3.7,9117.0,9368.0,0.6,0.3,2.34,15.0,5.0,12.0,323.0,218.0,182.0,413.0,117.0,179.0,13.0,9.0,10.0,366.0,132.0,176.0,1381055.0,309.79999999999995,30.900000000000002,-3.200000000000001,5.6,2418249.0,7771451.0,1389091.0,24.4,0.0,23669.0,23370.0,6.3,6.2,3.7,3.7,9152.0,9380.0,55002.0,-2.1,2.3,15.0,9.0,12.0,304.0,202.0,212.0,395.0,119.0,194.0,14.0,8.0,10.0,371.0,116.0,184.0,1371732.0,39.5,28.6,13.100000000000001,8.6,2390999.0,7793086.0,1377004.0,22.0,0.0,24457.0,24381.0,2.5,2.4,3.7,3.7,9288.0,9490.0,53454.0,2.4,2.24,14.0,8.0,7.0,364.0,217.0,173.0,442.0,123.0,213.0,14.0,10.0,13.0,375.0,158.0,239.0,1307189.0,-65.1,31.1,0.09999999999999976,-1.7000000000000004,2336346.0,7698162.0,1332298.0,20.7,0.0,24469.0,24359.0,0.8,1.0,3.1,3.1,8798.0,8904.0,51587.0,26211.0,-0.1,14.0,10.0,14.0,359.0,116.0,185.0,399.0,130.0,184.0,13.0,10.0,13.0,341.0,493.0,182.0,1346440.6666666667,-24.96666666666664,4.86666666666667,12.666666666666666,4.133333333333332,2451140.3333333335,7730895.333333333,1396315.0,30.36666666666667,0.0,23987.333333333332,23697.333333333332,-0.5000000000000001,-0.3,3.766666666666666,3.7,9174.333333333334,9408.0,36556.86666666667,-0.03333333333333336,2.3333333333333335,15.0,4.666666666666667,10.0,304.0,208.0,291.0,417.0,115.66666666666667,180.0,13.0,9.0,10.0,361.6666666666667,123.0,170.0,1351342.0,18.133333333333322,5.666666666666667,9.533333333333333,5.5,2430065.5,7753831.833333333,1388651.0,26.53333333333333,0.0,23966.5,23746.833333333332,0.4666666666666668,0.5833333333333334,3.733333333333334,3.7,9135.0,9356.833333333334,45581.93333333333,-0.03333333333333344,2.3033333333333332,15.0,6.666666666666667,11.0,316.6666666666667,210.83333333333334,238.5,418.1666666666667,116.83333333333333,183.5,13.5,9.0,10.5,350.8333333333333,122.16666666666667,173.0,1351359.25,96.30000000000001,9.875000000000002,7.966666666666666,6.133333333333333,2397969.0,7753673.75,1370885.0833333333,23.658333333333335,0.0,24461.166666666668,24288.916666666668,0.49999999999999983,0.5416666666666666,3.658333333333333,3.641666666666667,9090.916666666666,9278.5,44784.833333333336,2181.883333333333,36786.90416666667,14.5,7.916666666666667,11.5,345.1666666666667,200.83333333333334,236.5,429.5833333333333,119.58333333333333,189.83333333333334,13.416666666666666,9.916666666666666,11.5,365.5,144.0,172.66666666666666,-1.4769582840988948,0.7804533238881195,-87.15203426124198,-72.35023041474655,-205.75539568345326,-52.7331189710611,98.38709677419355,12200.000000000031,-521.4285714285714,247.05882352941168,0.6147971079708769,5.463574316475395,-0.8507305088995998,-0.308151478235974,0.6188410377222953,5.148848080534529,11.29568106312291,61.835748792270536,,,1.0390585878818248,-1.046221749969345,1.2343069704527254,-1.6831561229935565,-121.42857142857144,-62.5,-141.66666666666669,-50.0,2.7027027027026973,22.580645161290303,0.0,19.354838709677423,-2.1498441363001164,3.4666969765855926,-1.6619333122962043,4.997753818508532,-0.24407125423482334,6.16628220288058,-233.33333333333334,-100.00610430735189,-0.8547008547008517,-2419.9999999999995,0.0,7.14285714285714,-19.999999999999996,-60.0,-36.36363636363637,-50.0,16.544117647058833,-11.6991643454039,-17.117117117117118,58.62068965517242,-75.27075812274369,-25.945945945945947,16.53746770025839,13.032581453634084,-1.7241379310344862,-12.307692307692308,-3.804347826086951,-3.804347826086951,0.0,0.0,0.0,-9.999999999999998,0.0,-23.076923076923073,17.878787878787872,14.07624633431086,-2.500000000000002,-76.26774847870182,-19.45945945945946,-18.131868131868135,2018,11,4,0,0,0,1
2018-12-01,761316.0,36.83,716808.0,3401850.0,18.8,8.4,105.99999999999999,-46.5,37.3,-19.2,3.4000000000000004,5820879.0,9510586.0,45.17,4051155.0,572127.0,1366590.0,162.0,-0.7000000000000004,3.1,-2.1999999999999997,2472994.0,7660922.0,1397432.0,36.7,0.0,25176.0,24964.0,3.8,3.9,3.8,3.7,9592.0,9858.0,55034.0,0.0,2.31,15.0,5.0,10.0,271.0,215.0,133.0,465.0,104.0,138.0,13.0,10.0,12.0,300.0,97.0,129.0,1317391.0,-18.0,14.700000000000001,12.3,-5.9,2463994.0,7674440.0,1400896.0,33.5,0.0,24213.0,23949.0,0.3,0.5,3.8,3.7,9103.0,9349.0,54768.0,-1.6,2.32,15.0,4.0,7.0,317.0,184.0,137.0,451.0,114.0,177.0,13.0,9.0,10.0,389.0,117.0,149.0,1337140.0,-140.1,-13.899999999999999,6.2,1.4,2448938.0,7740289.0,1392280.0,30.1,0.0,23964.0,23657.0,-1.4,-1.2,3.7,3.7,9303.0,9507.0,54902.0,1.2,2.34,15.0,5.0,11.0,272.0,222.0,554.0,387.0,116.0,184.0,13.0,9.0,10.0,330.0,120.0,185.0,1384791.0,83.2,13.8,19.5,16.9,2440489.0,7777957.0,1395769.0,27.5,0.0,23785.0,23486.0,-0.4,-0.2,3.8,3.7,9117.0,9368.0,0.6,0.3,2.34,15.0,5.0,12.0,323.0,218.0,182.0,413.0,117.0,179.0,13.0,9.0,10.0,366.0,132.0,176.0,1368525.0,13.400000000000004,-6.600000000000001,-3.3,12.4,2383859.0,7796827.0,1382696.0,22.1,0.0,24133.0,24052.0,-0.1,-0.1,3.7,3.7,9137.0,9320.0,54272.0,1.7,2.26,15.0,9.0,12.0,350.0,240.0,166.0,443.0,116.0,179.0,14.0,10.0,12.0,316.0,113.0,164.0,1368779.0,984.5,-5.3,2.7,12.4,2338269.0,7754523.0,1329670.0,20.0,0.0,24245.0,24148.0,0.5,0.4,3.1,3.1,8813.0,8890.0,0.4,26180.0,0.3,13.0,10.0,13.0,342.0,63.0,180.0,411.0,130.0,218.0,12.0,11.0,9.0,349.0,423.0,164.0,1340373.6666666667,1.3000000000000302,0.0333333333333364,7.200000000000002,-2.2333333333333343,2461975.3333333335,7691883.666666667,1396869.3333333333,33.43333333333334,0.0,24451.0,24190.0,0.8999999999999999,1.0666666666666667,3.766666666666667,3.7,9332.666666666666,9571.333333333334,54901.333333333336,-0.13333333333333336,2.3233333333333333,15.0,4.666666666666667,9.333333333333334,286.6666666666667,207.0,274.6666666666667,434.3333333333333,111.33333333333333,166.33333333333334,13.0,9.333333333333334,10.666666666666666,339.6666666666667,111.33333333333333,154.33333333333334,1351019.5,42.899999999999984,6.650000000000001,10.6,3.0666666666666664,2444921.3333333335,7731181.0,1391107.0,28.96666666666667,0.0,24140.333333333332,23898.833333333332,1.116666666666667,1.25,3.75,3.7,9210.833333333334,9446.5,45708.93333333333,-0.31666666666666676,2.3116666666666665,15.0,6.0,10.666666666666666,303.5,206.66666666666666,233.0,421.8333333333333,114.83333333333333,176.66666666666666,13.333333333333334,9.0,10.5,348.1666666666667,119.5,167.16666666666666,1351176.8333333333,27.758333333333336,10.258333333333335,8.0,4.916666666666666,2409196.0833333335,7745873.666666667,1376531.9166666667,25.05,0.0,24538.75,24356.916666666668,0.7749999999999998,0.8333333333333334,3.716666666666667,3.6916666666666664,9155.833333333334,9359.166666666666,49370.96666666667,0.21666666666666665,36787.07166666666,14.666666666666666,7.5,11.25,339.25,213.5,232.58333333333334,434.0833333333333,117.41666666666667,183.16666666666666,13.5,9.833333333333334,11.75,361.4166666666667,116.83333333333333,169.75,3.734578420529666,-0.15992355230464161,-1000.0,-83.54494667343829,-104.76190476190477,-86.79245283018867,-74.79674796747969,14.814814814814813,-62.71186440677967,-117.74193548387098,0.36526062969308715,5.761740843333252,-0.17614314529790231,-1.2070503885280859,-0.24727031842477487,5.0961516767318304,9.552238805970159,83.50000000000001,,,3.977202329327212,3.839967003505884,4.238172783832317,3.3791618353486763,1166.6666666666665,660.0,680.0,875.0,0.0,22.580645161290303,0.0,19.354838709677423,5.3718554322750744,8.839214796323613,5.444432559632051,10.888638920134985,0.4856850715746486,13758400.0,-100.0,-100.0,-0.4310344827586077,670.0,0.0,15.384615384615374,25.0,-50.0,42.85714285714286,-23.076923076923073,-14.511041009463721,-20.760233918128655,16.84782608695652,241.26984126984127,-2.9197080291970767,-26.111111111111107,3.104212860310418,13.138686131386867,-8.771929824561408,-19.999999999999996,-22.033898305084744,-36.69724770642202,0.0,8.333333333333325,11.111111111111116,-9.090909090909093,19.999999999999996,33.33333333333333,-22.879177377892034,-14.04011461318052,-17.09401709401709,-77.06855791962175,-13.422818791946312,-21.34146341463414,2018,12,4,0,0,0,1
2019-01-01,765222.0,37.0,721896.0,3343459.0,7.199999999999999,13.5,-114.69999999999999,-12.9,69.8,-20.4,22.9,5869389.0,9463892.0,45.41,4030835.0,579408.0,1327312.0,-72.3,-14.4,20.1,-7.7,2495749.0,7618091.0,1387327.0,39.3,0.0,22154.0,22105.0,0.4,0.4,3.2,3.1,9064.0,9374.0,55952.0,3.5,2.4,15.0,10.0,11.0,332.0,45.0,139.0,412.0,104.0,178.0,13.0,15.0,13.0,293.0,72.0,135.0,1366590.0,162.0,-0.7000000000000004,3.1,-2.1999999999999997,2472994.0,7660922.0,1397432.0,36.7,0.0,25176.0,24964.0,3.8,3.9,3.8,3.7,9592.0,9858.0,55034.0,0.0,2.31,15.0,5.0,10.0,271.0,215.0,133.0,465.0,104.0,138.0,13.0,10.0,12.0,300.0,97.0,129.0,1317391.0,-18.0,14.700000000000001,12.3,-5.9,2463994.0,7674440.0,1400896.0,33.5,0.0,24213.0,23949.0,0.3,0.5,3.8,3.7,9103.0,9349.0,54768.0,-1.6,2.32,15.0,4.0,7.0,317.0,184.0,137.0,451.0,114.0,177.0,13.0,9.0,10.0,389.0,117.0,149.0,1337140.0,-140.1,-13.899999999999999,6.2,1.4,2448938.0,7740289.0,1392280.0,30.1,0.0,23964.0,23657.0,-1.4,-1.2,3.7,3.7,9303.0,9507.0,54902.0,1.2,2.34,15.0,5.0,11.0,272.0,222.0,554.0,387.0,116.0,184.0,13.0,9.0,10.0,330.0,120.0,185.0,1319150.0,-139.5,-4.9,25.7,2.5999999999999996,2424864.0,7762027.0,1371174.0,21.6,0.0,24035.0,23967.0,-1.9,-1.7,3.7,3.7,8998.0,9217.0,54547.0,0.3,2.26,15.0,8.0,12.0,334.0,199.0,180.0,420.0,119.0,188.0,14.0,9.0,11.0,333.0,135.0,180.0,1279853.0,-193.4,18.4,6.6,-6.2,2349687.0,7713488.0,1338860.0,20.3,0.0,24659.0,24549.0,-1.9,-1.7,3.7,3.7,9086.0,9169.0,52050.0,-2.9,220080.0,13.0,10.0,13.0,347.0,216.0,165.0,416.0,118.0,170.0,13.0,11.0,13.0,415.0,60.0,137.0,1337097.6666666667,23.90000000000002,-0.13333333333333108,11.833333333333336,-5.266666666666668,2477579.0,7651151.0,1395218.3333333333,36.5,0.0,23847.666666666668,23672.666666666668,1.5,1.5999999999999999,3.5999999999999996,3.5,9253.0,9527.0,55251.333333333336,0.6333333333333333,2.3433333333333333,15.0,6.333333333333333,9.333333333333334,306.6666666666667,148.0,136.33333333333334,442.6666666666667,107.33333333333333,164.33333333333334,13.0,11.333333333333334,11.666666666666666,327.3333333333333,95.33333333333333,137.66666666666666,1352379.8333333333,54.09999999999999,5.066666666666666,9.666666666666668,1.3499999999999996,2456735.5,7707191.666666667,1393799.1666666667,31.916666666666668,0.0,23826.833333333332,23588.5,1.5000000000000002,1.5999999999999999,3.6666666666666665,3.6,9221.833333333334,9472.666666666666,45943.1,0.21666666666666656,2.335,15.0,6.333333333333333,10.5,303.1666666666667,181.0,226.16666666666666,420.5,112.33333333333333,175.0,13.166666666666666,10.0,10.833333333333334,341.5,109.0,159.66666666666666,1355131.75,37.85,7.525000000000001,9.125,4.791666666666666,2421367.9166666665,7737923.916666667,1380570.8333333333,26.633333333333336,0.0,24330.0,24153.25,0.9666666666666665,1.0083333333333333,3.6750000000000003,3.641666666666667,9154.0,9376.25,49696.13333333333,0.75,18447.271666666667,14.833333333333334,7.5,11.083333333333334,338.0,199.25,230.41666666666666,433.75,116.25,183.83333333333334,13.5,10.166666666666666,11.75,351.25,117.83333333333333,169.58333333333334,-2.8741612334350464,3.7081602340268693,-144.62962962962962,-62.616339193381584,1957.142857142856,-178.26086956521738,548.3870967741937,204.5454545454546,250.00000000000006,24.193548387096776,0.9201397172819759,6.2162322045446805,-0.5590841415693881,-1.2367556674749425,-0.72311210849616,3.620020017029413,7.08446866485013,93.59605911330047,,,-12.003495392437246,-10.158562796544867,-11.45249158788656,-9.955599006069493,-89.47368421052632,-121.05263157894737,-89.74358974358975,-123.52941176470588,-15.78947368421052,-13.513513513513509,-16.216216216216218,-16.216216216216218,-5.5045871559633035,-0.2421307506053294,-4.909717995536623,2.2357945250299993,1.6680597448849754,7.4966378482228535,inf,-220.68965517241378,3.8961038961038863,-99.99890948745912,0.0,15.384615384615374,100.0,0.0,10.000000000000009,-15.384615384615385,22.50922509225093,-4.322766570605186,-79.06976744186046,-79.16666666666666,4.511278195488733,-15.75757575757576,-11.397849462365595,-0.9615384615384581,0.0,-11.864406779661019,28.985507246376805,4.705882352941182,0.0,0.0,50.0,36.36363636363635,8.333333333333325,0.0,-2.3333333333333317,-29.39759036144578,-25.773195876288657,19.999999999999996,4.651162790697683,-1.4598540145985384,2019,1,1,1,0,0,0
2019-02-01,768627.0,36.83,722259.0,3315185.0,-0.19999999999999987,-0.09999999999999976,-66.9,52.99999999999999,37.9,-18.4,6.799999999999999,5899943.0,9376205.0,45.2,4059466.0,586068.0,1291905.0,-118.8,-1.8000000000000005,13.4,-14.1,2508696.0,7538542.0,1389862.0,42.0,0.0,21763.0,21683.0,5.0,5.0,3.1,3.1,9696.0,9992.0,54798.0,-4.8,2.36,15.0,11.0,11.0,504.0,49.0,193.0,452.0,100.0,184.0,13.0,14.0,14.0,338.0,107.0,153.0,1327312.0,-72.3,-14.4,20.1,-7.7,2495749.0,7618091.0,1387327.0,39.3,0.0,22154.0,22105.0,0.4,0.4,3.2,3.1,9064.0,9374.0,55952.0,3.5,2.4,15.0,10.0,11.0,332.0,45.0,139.0,412.0,104.0,178.0,13.0,15.0,13.0,293.0,72.0,135.0,1366590.0,162.0,-0.7000000000000004,3.1,-2.1999999999999997,2472994.0,7660922.0,1397432.0,36.7,0.0,25176.0,24964.0,3.8,3.9,3.8,3.7,9592.0,9858.0,55034.0,0.0,2.31,15.0,5.0,10.0,271.0,215.0,133.0,465.0,104.0,138.0,13.0,10.0,12.0,300.0,97.0,129.0,1317391.0,-18.0,14.700000000000001,12.3,-5.9,2463994.0,7674440.0,1400896.0,33.5,0.0,24213.0,23949.0,0.3,0.5,3.8,3.7,9103.0,9349.0,54768.0,-1.6,2.32,15.0,4.0,7.0,317.0,184.0,137.0,451.0,114.0,177.0,13.0,9.0,10.0,389.0,117.0,149.0,1381055.0,309.79999999999995,30.900000000000002,-3.200000000000001,5.6,2418249.0,7771451.0,1389091.0,24.4,0.0,23669.0,23370.0,6.3,6.2,3.7,3.7,9152.0,9380.0,55002.0,-2.1,2.3,15.0,9.0,12.0,304.0,202.0,212.0,395.0,119.0,194.0,14.0,8.0,10.0,371.0,116.0,184.0,1335087.0,128.3,1.8000000000000012,14.0,5.9,2369892.0,7719405.0,1346682.0,19.9,0.0,24975.0,24882.0,4.3,4.2,3.7,3.7,8727.0,8906.0,52520.0,2.9,221342.0,14.0,9.0,13.0,418.0,217.0,156.0,409.0,122.0,182.0,13.0,12.0,14.0,366.0,105.0,149.0,1328602.3333333333,-9.69999999999998,-5.633333333333332,12.200000000000003,-8.000000000000002,2492479.6666666665,7605851.666666667,1391540.3333333333,39.333333333333336,0.0,23031.0,22917.333333333332,3.0666666666666664,3.1,3.366666666666667,3.3000000000000003,9450.666666666666,9741.333333333334,55261.333333333336,-0.4333333333333333,2.3566666666666665,15.0,8.666666666666666,10.666666666666666,369.0,103.0,155.0,443.0,102.66666666666667,166.66666666666666,13.0,13.0,13.0,310.3333333333333,92.0,139.0,1337521.5,-17.33333333333334,-0.38333333333333314,12.433333333333335,-1.9333333333333336,2471810.0,7668373.5,1393927.6666666667,34.85,0.0,23509.166666666668,23307.333333333332,1.2833333333333334,1.4000000000000001,3.5666666666666664,3.5,9312.5,9574.666666666666,45909.1,-0.2333333333333334,2.345,15.0,6.666666666666667,10.333333333333334,336.5,155.5,223.0,430.0,109.16666666666667,173.33333333333334,13.0,11.0,11.5,336.0,107.5,154.5,1351533.25,17.258333333333333,7.2250000000000005,9.075000000000001,3.125,2432934.9166666665,7722852.0,1384169.1666666667,28.475000000000005,0.0,24062.333333333332,23886.666666666668,1.0249999999999997,1.075,3.625,3.591666666666667,9234.75,9466.75,49885.96666666667,0.10833333333333332,2.3016666666666663,14.916666666666666,7.666666666666667,10.916666666666666,345.1666666666667,185.25,233.5,437.3333333333333,114.41666666666667,184.0,13.5,10.333333333333334,11.75,348.9166666666667,118.0,169.91666666666666,-2.6675717540412536,-3.234395960712677,64.31535269709543,-192.59547934528447,-87.5,-199.99999999999994,-33.333333333333336,-4.285714285714281,83.1168831168831,-338.9830508474576,0.5187621030800837,5.856975760920746,-1.0442117323093192,-2.3429655523968473,0.18272548577227266,3.206399135059357,6.870229007633588,111.05527638190958,,,-1.764918299178475,-12.860860860860857,-1.9090703460755476,-12.85668354633872,1150.0,16.279069767441868,1150.0,19.047619047619047,-3.125,-16.216216216216218,0.0,-16.216216216216218,6.972639011473958,11.10347198349948,6.5927032216769765,12.194026498989441,-2.06248212753789,4.337395277989331,-237.14285714285714,-265.51724137931035,-1.6666666666666718,-99.99893377668947,0.0,7.14285714285714,10.000000000000009,22.222222222222232,0.0,-15.384615384615385,51.80722891566265,20.574162679425847,8.888888888888879,-77.41935483870968,38.84892086330935,23.717948717948723,9.708737864077666,10.513447432762835,-3.8461538461538436,-18.032786885245898,3.370786516853941,1.098901098901095,0.0,0.0,-6.666666666666665,16.666666666666675,7.692307692307687,0.0,15.358361774744033,-7.650273224043714,48.611111111111114,1.904761904761898,13.33333333333333,2.684563758389258,2019,2,1,1,0,0,0
2019-03-01,774294.0,37.03,721359.0,3389811.0,12.5,-4.5,677.6,-70.4,38.900000000000006,-4.1,4.6,5921876.0,9360162.0,45.269999999999996,4052361.0,588597.0,1348539.0,437.2,-17.9,3.1,-3.9,2514977.0,7521146.0,1382887.0,43.7,0.0,22245.0,22132.0,0.4,0.4,3.2,3.1,8870.0,9173.0,1.8,1.5,2.29,16.0,12.0,11.0,369.0,64.0,190.0,450.0,101.0,171.0,13.0,14.0,17.0,349.0,101.0,130.0,1291905.0,-118.8,-1.8000000000000005,13.4,-14.1,2508696.0,7538542.0,1389862.0,42.0,0.0,21763.0,21683.0,5.0,5.0,3.1,3.1,9696.0,9992.0,54798.0,-4.8,2.36,15.0,11.0,11.0,504.0,49.0,193.0,452.0,100.0,184.0,13.0,14.0,14.0,338.0,107.0,153.0,1327312.0,-72.3,-14.4,20.1,-7.7,2495749.0,7618091.0,1387327.0,39.3,0.0,22154.0,22105.0,0.4,0.4,3.2,3.1,9064.0,9374.0,55952.0,3.5,2.4,15.0,10.0,11.0,332.0,45.0,139.0,412.0,104.0,178.0,13.0,15.0,13.0,293.0,72.0,135.0,1366590.0,162.0,-0.7000000000000004,3.1,-2.1999999999999997,2472994.0,7660922.0,1397432.0,36.7,0.0,25176.0,24964.0,3.8,3.9,3.8,3.7,9592.0,9858.0,55034.0,0.0,2.31,15.0,5.0,10.0,271.0,215.0,133.0,465.0,104.0,138.0,13.0,10.0,12.0,300.0,97.0,129.0,1384791.0,83.2,13.8,19.5,16.9,2440489.0,7777957.0,1395769.0,27.5,0.0,23785.0,23486.0,-0.4,-0.2,3.8,3.7,9117.0,9368.0,0.6,0.3,2.34,15.0,5.0,12.0,323.0,218.0,182.0,413.0,117.0,179.0,13.0,9.0,10.0,366.0,132.0,176.0,1382128.0,78.3,11.700000000000001,-4.8,12.9,2366951.0,7760222.0,1358535.0,20.4,0.0,26784.0,26590.0,-2.6,-2.8,3.6,3.6,8991.0,9175.0,52847.0,-1.2,2.24,15.0,9.0,13.0,339.0,225.0,143.0,497.0,119.0,200.0,14.0,11.0,13.0,429.0,140.0,182.0,1322585.3333333333,82.03333333333335,-11.366666666666665,12.200000000000003,-8.566666666666668,2506474.0,7559259.666666667,1386692.0,41.666666666666664,0.0,22054.0,21973.333333333332,1.9333333333333336,1.9333333333333333,3.1666666666666665,3.1,9210.0,9513.0,36917.26666666666,0.06666666666666672,2.35,15.333333333333334,11.0,11.0,401.6666666666667,52.666666666666664,174.0,438.0,101.66666666666667,177.66666666666666,13.0,14.333333333333334,14.666666666666666,326.6666666666667,93.33333333333333,139.33333333333334,1331479.5,41.66666666666666,-5.666666666666667,9.700000000000001,-5.3999999999999995,2484224.6666666665,7625571.666666667,1391780.6666666667,37.550000000000004,0.0,23252.5,23081.666666666668,1.4166666666666667,1.5,3.466666666666667,3.4000000000000004,9271.333333333334,9542.166666666666,45909.299999999996,-0.0333333333333334,2.3366666666666664,15.166666666666666,7.833333333333333,10.166666666666666,344.1666666666667,129.83333333333334,224.33333333333334,436.1666666666667,106.5,172.0,13.0,11.833333333333334,12.666666666666666,333.1666666666667,102.33333333333333,146.83333333333334,1348734.1666666667,47.166666666666664,4.758333333333335,9.733333333333333,1.7249999999999999,2445270.4166666665,7702929.0,1386198.5,30.416666666666668,0.0,23684.083333333332,23515.166666666668,1.2749999999999997,1.3416666666666666,3.591666666666667,3.5500000000000003,9224.666666666666,9466.583333333334,45482.19999999999,0.3333333333333333,2.305833333333333,15.0,7.916666666666667,10.75,347.6666666666667,171.83333333333334,237.41666666666666,433.4166666666667,112.91666666666667,181.58333333333334,13.416666666666666,10.583333333333334,12.083333333333334,342.25,114.75,165.58333333333334,4.383758867718601,-2.430238009793595,-468.013468013468,458.36526181353764,894.4444444444441,-252.99145299145297,-76.86567164179104,-164.58333333333334,-72.34042553191489,-130.2325581395349,0.2503691160666843,6.253868373278526,-0.23076080228776608,-3.080788152710068,-0.5018483849475674,1.792519147463989,4.047619047619055,114.21568627450984,,,2.214768184533389,-16.94668458781362,2.070746667896506,-16.765701391500563,-92.0,-115.38461538461537,-92.0,-114.28571428571428,3.2258064516129004,-11.111111111111105,0.0,-13.888888888888884,-8.518976897689768,-1.3457902346791228,-8.196557245796631,-0.021798365122616126,-99.99671520858425,-99.99659394099949,-131.25,-225.0,-2.9661016949152463,2.232142857142838,6.666666666666665,6.666666666666665,9.090909090909083,33.33333333333333,0.0,-15.384615384615385,-26.785714285714292,8.849557522123884,30.612244897959172,-71.55555555555554,-1.5544041450777257,32.867132867132874,-0.4424778761061954,-9.456740442655931,1.0000000000000009,-15.126050420168069,-7.065217391304346,-14.500000000000002,0.0,-7.14285714285714,0.0,27.27272727272727,21.42857142857142,30.76923076923077,3.2544378698224907,-18.64801864801865,-5.607476635514019,-27.857142857142858,-15.032679738562093,-28.57142857142857,2019,3,1,1,0,0,0
2019-04-01,775431.0,37.13,721977.0,3330297.0,-4.5,-0.8000000000000002,-189.5,47.2,-8.399999999999999,-10.9,8.600000000000001,5945444.0,9300247.0,45.370000000000005,4044583.0,594879.0,1302590.0,-103.8,-3.3,3.0000000000000004,-8.9,2527114.0,7466950.0,1374206.0,44.6,0.0,22247.0,22170.0,0.9,0.9,3.1,3.1,9731.0,10022.0,0.3,1.0,2.35,17.0,12.0,11.0,384.0,54.0,193.0,478.0,116.0,188.0,14.0,13.0,16.0,376.0,124.0,168.0,1348539.0,437.2,-17.9,3.1,-3.9,2514977.0,7521146.0,1382887.0,43.7,0.0,22245.0,22132.0,0.4,0.4,3.2,3.1,8870.0,9173.0,1.8,1.5,2.29,16.0,12.0,11.0,369.0,64.0,190.0,450.0,101.0,171.0,13.0,14.0,17.0,349.0,101.0,130.0,1291905.0,-118.8,-1.8000000000000005,13.4,-14.1,2508696.0,7538542.0,1389862.0,42.0,0.0,21763.0,21683.0,5.0,5.0,3.1,3.1,9696.0,9992.0,54798.0,-4.8,2.36,15.0,11.0,11.0,504.0,49.0,193.0,452.0,100.0,184.0,13.0,14.0,14.0,338.0,107.0,153.0,1327312.0,-72.3,-14.4,20.1,-7.7,2495749.0,7618091.0,1387327.0,39.3,0.0,22154.0,22105.0,0.4,0.4,3.2,3.1,9064.0,9374.0,55952.0,3.5,2.4,15.0,10.0,11.0,332.0,45.0,139.0,412.0,104.0,178.0,13.0,15.0,13.0,293.0,72.0,135.0,1337140.0,-140.1,-13.899999999999999,6.2,1.4,2448938.0,7740289.0,1392280.0,30.1,0.0,23964.0,23657.0,-1.4,-1.2,3.7,3.7,9303.0,9507.0,54902.0,1.2,2.34,15.0,5.0,11.0,272.0,222.0,554.0,387.0,116.0,184.0,13.0,9.0,10.0,330.0,120.0,185.0,1370680.0,9.600000000000001,29.299999999999997,6.8,7.0,2379437.0,7780370.0,1367964.0,22.1,0.0,24615.0,24436.0,0.4,0.5,3.7,3.7,9376.0,9571.0,53055.0,1.6,2.25,15.0,9.0,13.0,432.0,207.0,590.0,471.0,122.0,194.0,14.0,10.0,13.0,347.0,109.0,163.0,1314344.6666666667,71.53333333333335,-7.666666666666664,6.500000000000001,-8.966666666666667,2516929.0,7508879.333333333,1382318.3333333333,43.43333333333334,0.0,22085.0,21995.0,2.1,2.0999999999999996,3.1333333333333333,3.1,9432.333333333334,9729.0,18266.7,-0.7666666666666666,2.3333333333333335,16.0,11.666666666666666,11.0,419.0,55.666666666666664,192.0,460.0,105.66666666666667,181.0,13.333333333333334,13.666666666666666,15.666666666666666,354.3333333333333,110.66666666666667,150.33333333333334,1325721.1666666667,47.71666666666666,-3.9000000000000004,9.166666666666666,-7.116666666666667,2497254.0,7580015.166666667,1388768.3333333333,39.96666666666667,0.0,22966.333333333332,22833.833333333332,1.8,1.8500000000000003,3.3666666666666667,3.3000000000000003,9342.666666666666,9628.0,36759.01666666667,-0.06666666666666672,2.3383333333333334,15.5,9.0,10.166666666666666,362.8333333333333,101.83333333333333,164.16666666666666,451.3333333333333,106.5,172.66666666666666,13.166666666666666,12.5,13.666666666666666,340.8333333333333,103.0,144.0,1343060.0,37.71666666666666,2.0416666666666674,9.416666666666666,0.39999999999999974,2457576.8333333335,7676810.666666667,1386718.6666666667,32.29166666666667,0.0,23486.75,23326.333333333332,1.3166666666666664,1.375,3.5416666666666665,3.5000000000000004,9254.25,9504.166666666666,41060.975,0.28333333333333327,2.3141666666666665,15.166666666666666,8.166666666666666,10.583333333333334,343.6666666666667,159.08333333333334,204.33333333333334,434.0,112.41666666666667,181.08333333333334,13.416666666666666,10.833333333333334,12.333333333333334,344.6666666666667,116.0,166.0,-3.407317103917651,-4.967607318994949,-123.74199451052151,-1181.2499999999998,-81.56424581005587,-111.2627986348123,-3.2258064516128893,-55.882352941176464,128.20512820512823,-227.14285714285714,0.4825889063796662,6.206384115233976,-0.7205816773135365,-4.028343125069888,-0.6277447108838263,0.4562985575643719,2.0594965675057253,101.80995475113122,,,0.008990784445939148,-9.620150314848674,0.17169709018616253,-9.273203470289737,125.0,125.0,125.0,80.0,-3.125,-16.216216216216218,0.0,-16.216216216216218,9.706877113866973,3.7862627986348096,9.255423525564165,4.712151290356292,-83.33333333333334,-99.99943454905286,-33.333333333333336,-37.5,2.6200873362445476,4.444444444444451,6.25,13.33333333333333,0.0,33.33333333333333,0.0,-15.384615384615385,4.065040650406515,-11.111111111111116,-15.625,-73.91304347826086,1.5789473684210575,-67.28813559322033,6.222222222222218,1.4861995753715496,14.851485148514843,-4.918032786885251,9.941520467836252,-3.0927835051546393,7.692307692307687,0.0,-7.14285714285714,30.000000000000004,-5.882352941176472,23.076923076923084,7.73638968481376,8.35734870317002,22.77227722772277,13.761467889908264,29.230769230769237,3.0674846625766916,2019,4,2,0,1,0,0
2019-05-01,775095.0,37.08,723237.0,3254547.0,-7.1000000000000005,0.2999999999999997,-329.7,14.499999999999998,8.8,-29.900000000000002,1.1999999999999993,5962222.0,9177927.0,45.09,4037377.0,599121.0,1247442.0,-312.40000000000003,-7.4,7.6,-20.5,2542884.0,7358910.0,1373178.0,47.3,0.0,21893.0,21781.0,-1.0,-1.1,3.1,3.1,10086.0,10351.0,56119.0,-0.5,2.32,17.0,13.0,12.0,327.0,115.0,199.0,478.0,114.0,175.0,14.0,13.0,18.0,437.0,111.0,158.0,1302590.0,-103.8,-3.3,3.0000000000000004,-8.9,2527114.0,7466950.0,1374206.0,44.6,0.0,22247.0,22170.0,0.9,0.9,3.1,3.1,9731.0,10022.0,0.3,1.0,2.35,17.0,12.0,11.0,384.0,54.0,193.0,478.0,116.0,188.0,14.0,13.0,16.0,376.0,124.0,168.0,1348539.0,437.2,-17.9,3.1,-3.9,2514977.0,7521146.0,1382887.0,43.7,0.0,22245.0,22132.0,0.4,0.4,3.2,3.1,8870.0,9173.0,1.8,1.5,2.29,16.0,12.0,11.0,369.0,64.0,190.0,450.0,101.0,171.0,13.0,14.0,17.0,349.0,101.0,130.0,1291905.0,-118.8,-1.8000000000000005,13.4,-14.1,2508696.0,7538542.0,1389862.0,42.0,0.0,21763.0,21683.0,5.0,5.0,3.1,3.1,9696.0,9992.0,54798.0,-4.8,2.36,15.0,11.0,11.0,504.0,49.0,193.0,452.0,100.0,184.0,13.0,14.0,14.0,338.0,107.0,153.0,1317391.0,-18.0,14.700000000000001,12.3,-5.9,2463994.0,7674440.0,1400896.0,33.5,0.0,24213.0,23949.0,0.3,0.5,3.8,3.7,9103.0,9349.0,54768.0,-1.6,2.32,15.0,4.0,7.0,317.0,184.0,137.0,451.0,114.0,177.0,13.0,9.0,10.0,389.0,117.0,149.0,1371732.0,39.5,28.6,13.100000000000001,8.6,2390999.0,7793086.0,1377004.0,22.0,0.0,24457.0,24381.0,2.5,2.4,3.7,3.7,9288.0,9490.0,53454.0,2.4,2.24,14.0,8.0,7.0,364.0,217.0,173.0,442.0,123.0,213.0,14.0,10.0,13.0,375.0,158.0,239.0,1299523.6666666667,7.0,-9.53333333333333,4.566666666666667,-11.100000000000001,2528325.0,7449002.0,1376757.0,45.199999999999996,0.0,22128.333333333332,22027.666666666668,0.10000000000000002,0.06666666666666636,3.1333333333333333,3.1,9562.333333333334,9848.666666666666,18707.033333333333,0.6666666666666666,2.32,16.666666666666668,12.333333333333334,11.333333333333334,360.0,77.66666666666667,194.0,468.6666666666667,110.33333333333333,178.0,13.666666666666666,13.333333333333334,17.0,387.3333333333333,112.0,152.0,1314063.0,-1.3500000000000132,-7.583333333333333,8.383333333333335,-9.549999999999999,2510402.3333333335,7527426.833333333,1384148.6666666667,42.26666666666667,0.0,22579.666666666668,22472.5,1.5833333333333333,1.5833333333333333,3.25,3.1999999999999997,9506.5,9795.0,36984.18333333333,0.11666666666666663,2.3383333333333334,15.833333333333334,10.5,11.0,364.5,90.33333333333333,174.5,455.8333333333333,106.5,172.33333333333334,13.333333333333334,13.166666666666666,15.0,348.8333333333333,102.0,145.5,1332702.5,8.391666666666666,-0.9583333333333325,8.958333333333334,-2.0250000000000004,2470233.9166666665,7640629.333333333,1386399.8333333333,34.4,0.0,23273.083333333332,23109.666666666668,1.0249999999999997,1.0833333333333333,3.491666666666667,3.4499999999999997,9320.75,9575.916666666666,41283.058333333334,0.041666666666666664,2.3208333333333333,15.416666666666666,8.583333333333334,11.0,340.5833333333333,150.58333333333334,206.5,437.0,111.66666666666667,177.91666666666666,13.416666666666666,11.083333333333334,12.75,349.8333333333333,112.08333333333333,159.25,-4.233718975272338,-9.060807796275071,200.96339113680156,-890.8860759493672,124.24242424242426,-125.87412587412588,153.3333333333333,-41.984732824427496,130.3370786516854,-338.37209302325584,0.6240319985564513,6.352365684803707,-1.4469093806708244,-5.5712974295420326,-0.07480683390991283,-0.277849592303292,6.053811659192809,114.99999999999999,,,-1.5912257832516707,-10.483706096414114,-1.7546233649075371,-10.664041671793612,-211.11111111111111,-140.0,-222.22222222222223,-145.83333333333334,0.0,-16.216216216216218,0.0,-16.216216216216218,3.6481348268420533,8.591731266149871,3.282777888644972,9.072708113804007,18706233.333333336,4.985595091106365,-150.0,-120.83333333333333,-1.276595744680864,3.5714285714285587,0.0,21.42857142857142,8.333333333333325,62.5,9.090909090909083,71.42857142857142,-14.84375,-10.164835164835162,112.96296296296298,-47.004608294930875,3.1088082901554515,15.02890173410405,0.0,8.14479638009049,-1.7241379310344862,-7.317073170731703,-6.914893617021278,-17.840375586854464,0.0,0.0,0.0,30.000000000000004,12.5,38.46153846153846,16.22340425531914,16.53333333333333,-10.483870967741938,-29.746835443037977,-5.952380952380953,-33.89121338912135,2019,5,2,0,1,0,0
2019-06-01,779241.0,37.14,725517.0,3227236.0,6.9,-1.1999999999999995,-43.0,-27.9,20.7,-20.9,-11.8,5978017.0,9057567.0,44.68,3990861.0,598260.0,1245455.0,-36.5,-2.6,10.1,-19.0,2554002.0,7249851.0,1371806.0,49.9,0.0,21823.0,21775.0,0.6,0.6,3.1,3.1,11319.0,11537.0,56170.0,-0.8,2.32,16.0,14.0,12.0,291.0,125.0,145.0,404.0,117.0,179.0,13.0,12.0,15.0,353.0,122.0,181.0,1247442.0,-312.40000000000003,-7.4,7.6,-20.5,2542884.0,7358910.0,1373178.0,47.3,0.0,21893.0,21781.0,-1.0,-1.1,3.1,3.1,10086.0,10351.0,56119.0,-0.5,2.32,17.0,13.0,12.0,327.0,115.0,199.0,478.0,114.0,175.0,14.0,13.0,18.0,437.0,111.0,158.0,1302590.0,-103.8,-3.3,3.0000000000000004,-8.9,2527114.0,7466950.0,1374206.0,44.6,0.0,22247.0,22170.0,0.9,0.9,3.1,3.1,9731.0,10022.0,0.3,1.0,2.35,17.0,12.0,11.0,384.0,54.0,193.0,478.0,116.0,188.0,14.0,13.0,16.0,376.0,124.0,168.0,1348539.0,437.2,-17.9,3.1,-3.9,2514977.0,7521146.0,1382887.0,43.7,0.0,22245.0,22132.0,0.4,0.4,3.2,3.1,8870.0,9173.0,1.8,1.5,2.29,16.0,12.0,11.0,369.0,64.0,190.0,450.0,101.0,171.0,13.0,14.0,17.0,349.0,101.0,130.0,1366590.0,162.0,-0.7000000000000004,3.1,-2.1999999999999997,2472994.0,7660922.0,1397432.0,36.7,0.0,25176.0,24964.0,3.8,3.9,3.8,3.7,9592.0,9858.0,55034.0,0.0,2.31,15.0,5.0,10.0,271.0,215.0,133.0,465.0,104.0,138.0,13.0,10.0,12.0,300.0,97.0,129.0,1368525.0,13.400000000000004,-6.600000000000001,-3.3,12.4,2383859.0,7796827.0,1382696.0,22.1,0.0,24133.0,24052.0,-0.1,-0.1,3.7,3.7,9137.0,9320.0,54272.0,1.7,2.26,15.0,9.0,12.0,350.0,240.0,166.0,443.0,116.0,179.0,14.0,10.0,12.0,316.0,113.0,164.0,1265162.3333333333,-150.9,-4.433333333333331,6.900000000000001,-16.133333333333336,2541333.3333333335,7358570.333333333,1373063.3333333333,47.26666666666667,0.0,21987.666666666668,21908.666666666668,0.16666666666666666,0.133333333333333,3.1,3.1,10378.666666666666,10636.666666666666,37429.76666666666,-0.10000000000000002,2.33,16.666666666666668,13.0,11.666666666666666,334.0,98.0,179.0,453.3333333333333,115.66666666666667,180.66666666666666,13.666666666666666,12.666666666666666,16.333333333333332,388.6666666666667,119.0,169.0,1293873.8333333333,-34.433333333333344,-7.8999999999999995,9.549999999999999,-12.35,2523903.6666666665,7458915.0,1379877.6666666667,44.46666666666667,0.0,22020.833333333332,21941.0,1.05,1.0333333333333334,3.1333333333333333,3.1,9794.333333333334,10074.833333333334,37173.51666666666,-0.01666666666666672,2.34,16.0,12.0,11.333333333333334,367.8333333333333,75.33333333333333,176.5,445.6666666666667,108.66666666666667,179.16666666666666,13.333333333333334,13.5,15.5,357.6666666666667,106.16666666666667,154.16666666666666,1322446.6666666667,4.233333333333331,-0.6249999999999991,10.075000000000001,-4.641666666666667,2484412.5,7595048.0,1385492.3333333333,36.71666666666667,0.0,23080.583333333332,22919.916666666668,1.0833333333333333,1.1416666666666668,3.4416666666666664,3.4,9502.583333333334,9760.666666666666,41441.225,-0.16666666666666666,2.325833333333333,15.5,9.0,11.0,335.6666666666667,141.0,204.75,433.75,111.75,177.91666666666666,13.333333333333334,11.25,13.0,352.9166666666667,112.83333333333333,160.66666666666666,-0.15928596279426444,-8.992893809027969,-88.31626120358514,-372.38805970149247,-64.86486486486487,-60.606060606060616,32.89473684210527,-406.06060606060606,-7.317073170731703,-253.2258064516129,0.4372201012708299,7.1372929355301595,-1.4819993721896352,-7.015366635683973,-0.09991421359794028,-0.7875917772236285,5.496828752642702,125.7918552036199,,,-0.31973690220618023,-9.571955413748812,-0.02754694458473317,-9.466988192250126,-160.0,-699.9999999999999,-154.54545454545453,-699.9999999999999,0.0,-16.216216216216218,0.0,-16.216216216216218,12.224866151100544,23.88092371675605,11.457830161337078,23.78755364806866,0.09087831215808251,3.497199292452824,60.00000000000001,-147.05882352941177,0.0,2.6548672566371723,-5.882352941176472,6.666666666666665,7.692307692307687,55.55555555555556,0.0,0.0,-11.009174311926607,-16.85714285714286,8.695652173913038,-47.916666666666664,-27.135678391959793,-12.650602409638555,-15.481171548117157,-8.803611738148987,2.6315789473684292,0.8620689655172376,2.285714285714291,0.0,-7.14285714285714,-7.14285714285714,-7.692307692307687,19.999999999999996,-16.666666666666664,25.0,-19.22196796338673,11.708860759493668,9.90990990990992,7.964601769911495,14.556962025316466,10.365853658536594,2019,6,2,0,1,0,0
2019-07-01,785142.0,37.44,726282.0,3271476.0,11.6,-2.4999999999999996,-318.0,-123.60000000000001,45.4,-14.100000000000001,13.0,6017075.0,9005930.0,45.51,3961703.0,604473.0,1280328.0,-210.79999999999998,-39.4,13.1,-10.4,2574876.0,7201222.0,1346337.0,53.4,0.0,21819.0,21775.0,-0.2,-0.2,3.2,3.2,12028.0,12278.0,56635.0,1.0,0.02,16.0,13.0,12.0,299.0,126.0,190.0,467.0,112.0,176.0,13.0,10.0,14.0,340.0,57.0,177.0,1245455.0,-36.5,-2.6,10.1,-19.0,2554002.0,7249851.0,1371806.0,49.9,0.0,21823.0,21775.0,0.6,0.6,3.1,3.1,11319.0,11537.0,56170.0,-0.8,2.32,16.0,14.0,12.0,291.0,125.0,145.0,404.0,117.0,179.0,13.0,12.0,15.0,353.0,122.0,181.0,1247442.0,-312.40000000000003,-7.4,7.6,-20.5,2542884.0,7358910.0,1373178.0,47.3,0.0,21893.0,21781.0,-1.0,-1.1,3.1,3.1,10086.0,10351.0,56119.0,-0.5,2.32,17.0,13.0,12.0,327.0,115.0,199.0,478.0,114.0,175.0,14.0,13.0,18.0,437.0,111.0,158.0,1302590.0,-103.8,-3.3,3.0000000000000004,-8.9,2527114.0,7466950.0,1374206.0,44.6,0.0,22247.0,22170.0,0.9,0.9,3.1,3.1,9731.0,10022.0,0.3,1.0,2.35,17.0,12.0,11.0,384.0,54.0,193.0,478.0,116.0,188.0,14.0,13.0,16.0,376.0,124.0,168.0,1327312.0,-72.3,-14.4,20.1,-7.7,2495749.0,7618091.0,1387327.0,39.3,0.0,22154.0,22105.0,0.4,0.4,3.2,3.1,9064.0,9374.0,55952.0,3.5,2.4,15.0,10.0,11.0,332.0,45.0,139.0,412.0,104.0,178.0,13.0,15.0,13.0,293.0,72.0,135.0,1319150.0,-139.5,-4.9,25.7,2.5999999999999996,2424864.0,7762027.0,1371174.0,21.6,0.0,24035.0,23967.0,-1.9,-1.7,3.7,3.7,8998.0,9217.0,54547.0,0.3,2.26,15.0,8.0,12.0,334.0,199.0,180.0,420.0,119.0,188.0,14.0,9.0,11.0,333.0,135.0,180.0,1257741.6666666667,-186.56666666666663,-16.466666666666665,10.266666666666667,-16.633333333333333,2557254.0,7269994.333333333,1363773.6666666667,50.199999999999996,0.0,21845.0,21777.0,-0.20000000000000004,-0.2333333333333337,3.1333333333333333,3.1333333333333333,11144.333333333334,11388.666666666666,56308.0,-0.10000000000000002,1.5533333333333335,16.333333333333332,13.333333333333334,12.0,305.6666666666667,122.0,178.0,449.6666666666667,114.33333333333333,176.66666666666666,13.333333333333334,11.666666666666666,15.666666666666666,376.6666666666667,96.66666666666667,172.0,1286043.1666666667,-57.51666666666667,-12.066666666666668,8.383333333333333,-12.799999999999999,2537091.5,7389436.833333333,1373046.0,46.81666666666666,0.0,21965.0,21886.0,0.9500000000000001,0.9333333333333332,3.1333333333333333,3.1166666666666667,10288.333333333334,10558.833333333334,37287.35,-0.4333333333333334,1.9433333333333331,16.166666666666668,12.5,11.5,362.3333333333333,88.83333333333333,185.0,454.8333333333333,110.0,178.83333333333334,13.333333333333334,12.666666666666666,15.666666666666666,365.5,103.66666666666667,161.16666666666666,1319211.5,-1.7083333333333357,-3.4999999999999987,9.025,-5.7250000000000005,2496913.5,7548314.25,1383422.5833333333,39.36666666666667,0.0,22895.916666666668,22737.25,1.2249999999999999,1.2666666666666666,3.4000000000000004,3.358333333333334,9755.083333333334,10015.75,41615.225,-0.10833333333333332,2.1391666666666667,15.583333333333334,9.416666666666666,11.0,332.75,134.91666666666666,205.58333333333334,437.6666666666667,111.16666666666667,176.91666666666666,13.25,11.333333333333334,13.25,353.5,106.33333333333333,160.41666666666666,2.800020875904785,-2.9429556911647614,477.5342465753424,51.11111111111111,1415.3846153846152,704.0816326530612,29.702970297029708,-49.02723735408561,-45.263157894736835,-500.0000000000001,0.8173055463543077,6.186408804782451,-0.6707586128321785,-7.224981309650169,-1.8566036305425082,-1.8113674850894212,7.01402805611222,147.2222222222222,,,-0.01832928561609215,-9.21988766382359,0.0,-9.145908958150795,-133.33333333333334,-89.47368421052632,-133.33333333333334,-88.23529411764706,3.2258064516129004,-13.513513513513509,3.2258064516129004,-13.513513513513509,6.26380422298789,33.67414981106913,6.422813556383811,33.21037213843985,0.8278440448638014,3.8278915430729477,-225.0,233.33333333333334,-99.13793103448276,-99.11504424778761,0.0,6.666666666666665,-7.14285714285714,62.5,0.0,0.0,2.7491408934707806,-10.479041916167663,0.8000000000000007,-36.68341708542714,31.034482758620683,5.555555555555558,15.594059405940586,11.190476190476195,-4.273504273504269,-5.882352941176472,-1.6759776536312887,-6.382978723404253,0.0,-7.14285714285714,-16.666666666666664,11.111111111111116,-6.666666666666665,27.27272727272727,-3.682719546742208,2.1021021021021102,-53.278688524590166,-57.77777777777777,-2.209944751381221,-1.6666666666666718,2019,7,3,0,0,1,0
2019-08-01,785448.0,37.65,727884.0,3272086.0,1.3999999999999995,4.2,869.4,14.799999999999999,2.1000000000000005,-3.799999999999999,-2.0999999999999996,6038159.0,8960267.0,45.51,3952875.0,608520.0,1282609.0,-3.5999999999999948,-7.3,7.6,-8.6,2592596.0,7157325.0,1343654.0,53.8,0.0,22592.0,22530.0,-0.3,-0.3,3.2,3.2,12519.0,12742.0,56748.0,1.3,0.2,15.0,13.0,12.0,347.0,131.0,199.0,534.0,114.0,194.0,14.0,9.0,13.0,451.0,130.0,189.0,1280328.0,-210.79999999999998,-39.4,13.1,-10.4,2574876.0,7201222.0,1346337.0,53.4,0.0,21819.0,21775.0,-0.2,-0.2,3.2,3.2,12028.0,12278.0,56635.0,1.0,0.02,16.0,13.0,12.0,299.0,126.0,190.0,467.0,112.0,176.0,13.0,10.0,14.0,340.0,57.0,177.0,1245455.0,-36.5,-2.6,10.1,-19.0,2554002.0,7249851.0,1371806.0,49.9,0.0,21823.0,21775.0,0.6,0.6,3.1,3.1,11319.0,11537.0,56170.0,-0.8,2.32,16.0,14.0,12.0,291.0,125.0,145.0,404.0,117.0,179.0,13.0,12.0,15.0,353.0,122.0,181.0,1247442.0,-312.40000000000003,-7.4,7.6,-20.5,2542884.0,7358910.0,1373178.0,47.3,0.0,21893.0,21781.0,-1.0,-1.1,3.1,3.1,10086.0,10351.0,56119.0,-0.5,2.32,17.0,13.0,12.0,327.0,115.0,199.0,478.0,114.0,175.0,14.0,13.0,18.0,437.0,111.0,158.0,1291905.0,-118.8,-1.8000000000000005,13.4,-14.1,2508696.0,7538542.0,1389862.0,42.0,0.0,21763.0,21683.0,5.0,5.0,3.1,3.1,9696.0,9992.0,54798.0,-4.8,2.36,15.0,11.0,11.0,504.0,49.0,193.0,452.0,100.0,184.0,13.0,14.0,14.0,338.0,107.0,153.0,1381055.0,309.79999999999995,30.900000000000002,-3.200000000000001,5.6,2418249.0,7771451.0,1389091.0,24.4,0.0,23669.0,23370.0,6.3,6.2,3.7,3.7,9152.0,9380.0,55002.0,-2.1,2.3,15.0,9.0,12.0,304.0,202.0,212.0,395.0,119.0,194.0,14.0,8.0,10.0,371.0,116.0,184.0,1269464.0,-83.63333333333331,-16.43333333333333,10.266666666666667,-12.666666666666666,2573824.6666666665,7202799.333333333,1353932.3333333333,52.36666666666667,0.0,22078.0,22026.666666666668,0.033333333333333326,0.03333333333333303,3.1666666666666665,3.1666666666666665,11955.333333333334,12185.666666666666,56517.666666666664,0.5,0.8466666666666667,15.666666666666666,13.333333333333334,12.0,312.3333333333333,127.33333333333333,178.0,468.3333333333333,114.33333333333333,183.0,13.333333333333334,10.333333333333334,14.0,381.3333333333333,103.0,182.33333333333334,1284493.8333333333,-38.31666666666668,-12.983333333333334,7.416666666666667,-11.883333333333333,2551074.8333333335,7325900.666666667,1365344.6666666667,48.78333333333333,0.0,22103.166666666668,22027.166666666668,0.06666666666666667,0.04999999999999999,3.1500000000000004,3.1333333333333333,10758.833333333334,11017.166666666666,37612.35,0.5833333333333331,1.5833333333333333,16.166666666666668,12.833333333333334,11.666666666666666,336.1666666666667,102.5,186.0,468.5,112.33333333333333,180.5,13.5,11.833333333333334,15.5,384.3333333333333,107.5,167.16666666666666,1311007.6666666667,-27.825,-6.683333333333333,9.924999999999999,-6.908333333333334,2511442.4166666665,7497137.083333333,1379636.1666666667,41.81666666666667,0.0,22806.166666666668,22667.25,0.6749999999999998,0.7250000000000001,3.358333333333334,3.3166666666666664,10035.666666666666,10295.916666666666,41760.725,0.17500000000000004,1.9641666666666664,15.583333333333334,9.75,11.0,336.3333333333333,129.0,204.5,449.25,110.75,176.91666666666666,13.25,11.416666666666666,13.5,360.1666666666667,107.5,160.83333333333334,0.17815747214775524,-7.12831856805124,-98.292220113852,-101.16204002582312,-81.47208121827411,-123.62459546925567,-41.98473282442748,-337.4999999999999,-17.307692307692314,-253.57142857142856,0.6881884797559135,7.209638048025657,-0.6095770967760705,-7.902333811279261,-0.19928145776280104,-3.2709880058253926,0.7490636704119868,120.49180327868854,,,3.5427838122737088,-4.550255608601972,3.4672789896670553,-3.594351732991019,49.99999999999998,-104.76190476190477,49.99999999999998,-104.83870967741935,0.0,-13.513513513513509,0.0,-13.513513513513509,4.082141669437989,36.78977272727273,3.7791171200521223,35.84221748400853,0.19952326299990109,3.1744300207265264,30.000000000000004,-161.9047619047619,900.0,-91.30434782608695,-6.25,0.0,0.0,44.44444444444444,0.0,0.0,16.053511705685608,14.144736842105265,3.9682539682539764,-35.148514851485146,4.73684210526315,-6.132075471698117,14.346895074946463,35.18987341772153,1.7857142857142794,-4.201680672268903,10.22727272727273,0.0,7.692307692307687,0.0,-9.999999999999998,12.5,-7.14285714285714,30.000000000000004,32.647058823529406,21.5633423180593,128.0701754385965,12.06896551724137,6.779661016949157,2.717391304347827,2019,8,3,0,0,1,0
2019-09-01,786333.0,37.97,730146.0,3226269.0,-0.19999999999999984,1.0,-263.5,-87.5,2.8999999999999986,5.1000000000000005,4.799999999999999,6059271.0,8893881.0,45.7,3925066.0,612855.0,1255978.0,-240.4,-13.5,7.3,-6.9,2604728.0,7097088.0,1333107.0,52.5,0.0,22550.0,22483.0,0.1,0.1,3.2,3.2,13061.0,13275.0,1.6,-1.3,0.2,13.0,12.0,12.0,283.0,111.0,149.0,525.0,124.0,182.0,13.0,8.0,10.0,372.0,120.0,163.0,1282609.0,-3.5999999999999948,-7.3,7.6,-8.6,2592596.0,7157325.0,1343654.0,53.8,0.0,22592.0,22530.0,-0.3,-0.3,3.2,3.2,12519.0,12742.0,56748.0,1.3,0.2,15.0,13.0,12.0,347.0,131.0,199.0,534.0,114.0,194.0,14.0,9.0,13.0,451.0,130.0,189.0,1280328.0,-210.79999999999998,-39.4,13.1,-10.4,2574876.0,7201222.0,1346337.0,53.4,0.0,21819.0,21775.0,-0.2,-0.2,3.2,3.2,12028.0,12278.0,56635.0,1.0,0.02,16.0,13.0,12.0,299.0,126.0,190.0,467.0,112.0,176.0,13.0,10.0,14.0,340.0,57.0,177.0,1245455.0,-36.5,-2.6,10.1,-19.0,2554002.0,7249851.0,1371806.0,49.9,0.0,21823.0,21775.0,0.6,0.6,3.1,3.1,11319.0,11537.0,56170.0,-0.8,2.32,16.0,14.0,12.0,291.0,125.0,145.0,404.0,117.0,179.0,13.0,12.0,15.0,353.0,122.0,181.0,1348539.0,437.2,-17.9,3.1,-3.9,2514977.0,7521146.0,1382887.0,43.7,0.0,22245.0,22132.0,0.4,0.4,3.2,3.1,8870.0,9173.0,1.8,1.5,2.29,16.0,12.0,11.0,369.0,64.0,190.0,450.0,101.0,171.0,13.0,14.0,17.0,349.0,101.0,130.0,1384791.0,83.2,13.8,19.5,16.9,2440489.0,7777957.0,1395769.0,27.5,0.0,23785.0,23486.0,-0.4,-0.2,3.8,3.7,9117.0,9368.0,0.6,0.3,2.34,15.0,5.0,12.0,323.0,218.0,182.0,413.0,117.0,179.0,13.0,9.0,10.0,366.0,132.0,176.0,1272971.6666666667,-151.6,-20.066666666666663,9.333333333333334,-8.633333333333335,2590733.3333333335,7151878.333333333,1341032.6666666667,53.23333333333333,0.0,22320.333333333332,22262.666666666668,-0.13333333333333333,-0.13333333333333364,3.2,3.2,12536.0,12765.0,37794.86666666666,0.33333333333333326,0.14,14.666666666666666,12.666666666666666,12.0,309.6666666666667,122.66666666666667,179.33333333333334,508.6666666666667,116.66666666666667,184.0,13.333333333333334,9.0,12.333333333333334,387.6666666666667,102.33333333333333,176.33333333333334,1269067.0,-151.25,-12.25,8.116666666666665,-12.383333333333333,2566033.3333333335,7255224.333333333,1357048.0,50.25,0.0,22154.0,22085.666666666668,0.016666666666666666,-1.3877787807814457e-17,3.1500000000000004,3.1500000000000004,11457.333333333334,11700.833333333334,37612.316666666666,0.11666666666666654,1.235,15.666666666666666,12.833333333333334,11.833333333333334,321.8333333333333,110.33333333333333,179.16666666666666,481.0,116.16666666666667,182.33333333333334,13.5,10.833333333333334,14.333333333333334,388.1666666666667,110.66666666666667,172.66666666666666,1300273.25,-54.791666666666664,-8.958333333333332,8.908333333333333,-8.891666666666667,2525129.0,7440398.0,1374414.3333333333,43.9,0.0,22703.25,22583.666666666668,0.7166666666666667,0.75,3.3083333333333336,3.2750000000000004,10364.333333333334,10621.5,41760.808333333334,0.041666666666666685,1.7858333333333334,15.416666666666666,10.333333333333334,11.0,333.0,120.08333333333333,201.75,458.5833333333333,111.33333333333333,177.16666666666666,13.25,11.333333333333334,13.5,360.6666666666667,106.5,159.75,-2.0763147615524336,-9.301981309814987,6577.777777777787,-388.94230769230774,84.93150684931507,-197.82608695652172,-3.9473684210526327,-62.56410256410256,-19.767441860465105,-140.8284023668639,0.4679479564112521,6.729757847710038,-0.841613312236067,-8.753828286785337,-0.7849491014799925,-4.489424826027799,-2.416356877323411,90.90909090909092,,,-0.185906515580736,-5.192348118562117,-0.20861074123390555,-4.2706293110789435,-133.33333333333334,-125.0,-133.33333333333334,-150.0,0.0,-15.78947368421052,0.0,-13.513513513513509,4.3294192826903055,43.25984424701108,4.183016794851668,41.705807002561926,-99.99718051737506,166.66666666666669,-200.0,-533.3333333333334,0.0,-91.45299145299145,-13.33333333333333,-13.33333333333333,-7.692307692307687,140.0,0.0,0.0,-18.443804034582133,-12.383900928792569,-15.267175572519086,-49.082568807339456,-25.125628140703515,-18.131868131868135,-1.6853932584269704,27.118644067796605,8.771929824561408,5.982905982905984,-6.185567010309279,1.6759776536312776,-7.14285714285714,0.0,-11.111111111111116,-11.111111111111116,-23.076923076923073,0.0,-17.516629711751662,1.6393442622950838,-7.692307692307687,-9.090909090909093,-13.756613756613756,-7.386363636363635,2019,9,3,0,0,1,0
2019-10-01,784908.0,38.26,730893.0,3211047.0,-1.2999999999999994,1.6,-162.8,-83.2,6.661338147750939e-16,3.8,4.9,6073076.0,8842483.0,45.730000000000004,3885000.0,617892.0,1262620.0,-90.80000000000001,-13.399999999999999,6.0,-3.0000000000000004,2618059.0,7051687.0,1325033.0,51.1,0.0,22178.0,22113.0,-2.6,-2.6,3.3,3.3,13980.0,14145.0,0.5,-0.5,0.2,14.0,12.0,12.0,332.0,121.0,159.0,542.0,121.0,182.0,13.0,8.0,11.0,422.0,114.0,177.0,1255978.0,-240.4,-13.5,7.3,-6.9,2604728.0,7097088.0,1333107.0,52.5,0.0,22550.0,22483.0,0.1,0.1,3.2,3.2,13061.0,13275.0,1.6,-1.3,0.2,13.0,12.0,12.0,283.0,111.0,149.0,525.0,124.0,182.0,13.0,8.0,10.0,372.0,120.0,163.0,1282609.0,-3.5999999999999948,-7.3,7.6,-8.6,2592596.0,7157325.0,1343654.0,53.8,0.0,22592.0,22530.0,-0.3,-0.3,3.2,3.2,12519.0,12742.0,56748.0,1.3,0.2,15.0,13.0,12.0,347.0,131.0,199.0,534.0,114.0,194.0,14.0,9.0,13.0,451.0,130.0,189.0,1280328.0,-210.79999999999998,-39.4,13.1,-10.4,2574876.0,7201222.0,1346337.0,53.4,0.0,21819.0,21775.0,-0.2,-0.2,3.2,3.2,12028.0,12278.0,56635.0,1.0,0.02,16.0,13.0,12.0,299.0,126.0,190.0,467.0,112.0,176.0,13.0,10.0,14.0,340.0,57.0,177.0,1302590.0,-103.8,-3.3,3.0000000000000004,-8.9,2527114.0,7466950.0,1374206.0,44.6,0.0,22247.0,22170.0,0.9,0.9,3.1,3.1,9731.0,10022.0,0.3,1.0,2.35,17.0,12.0,11.0,384.0,54.0,193.0,478.0,116.0,188.0,14.0,13.0,16.0,376.0,124.0,168.0,1337140.0,-140.1,-13.899999999999999,6.2,1.4,2448938.0,7740289.0,1392280.0,30.1,0.0,23964.0,23657.0,-1.4,-1.2,3.7,3.7,9303.0,9507.0,54902.0,1.2,2.34,15.0,5.0,11.0,272.0,222.0,554.0,387.0,116.0,184.0,13.0,9.0,10.0,330.0,120.0,185.0,1267069.0,-111.59999999999998,-11.399999999999997,6.966666666666669,-6.166666666666668,2605127.6666666665,7102033.333333333,1333931.3333333333,52.46666666666666,0.0,22440.0,22375.333333333332,-0.9333333333333335,-0.9333333333333337,3.233333333333333,3.233333333333333,13186.666666666666,13387.333333333334,18916.7,-0.16666666666666666,0.2,14.0,12.333333333333334,12.0,320.6666666666667,121.0,169.0,533.6666666666666,119.66666666666667,186.0,13.333333333333334,8.333333333333334,11.333333333333334,415.0,121.33333333333333,176.33333333333334,1262405.3333333333,-149.08333333333334,-13.933333333333332,8.616666666666665,-11.4,2581190.8333333335,7186013.833333333,1348852.5,51.333333333333336,0.0,22142.5,22076.166666666668,-0.5666666666666668,-0.5833333333333334,3.1833333333333336,3.1833333333333336,12165.5,12388.0,37612.35,-0.13333333333333344,0.8766666666666666,15.166666666666666,12.833333333333334,12.0,313.1666666666667,121.5,173.5,491.6666666666667,117.0,181.33333333333334,13.333333333333334,10.0,13.5,395.8333333333333,109.0,174.16666666666666,1294063.25,-50.68333333333334,-8.916666666666666,8.891666666666667,-9.258333333333335,2539222.4166666665,7383014.5,1368810.4166666667,45.65,0.0,22554.416666666668,22455.0,0.6166666666666666,0.6333333333333334,3.2750000000000004,3.2416666666666667,10754.083333333334,11008.0,37185.683333333334,-0.09999999999999998,1.6075,15.333333333333334,10.916666666666666,11.083333333333334,338.0,111.66666666666667,168.83333333333334,471.5,111.75,177.0,13.25,11.25,13.583333333333334,368.3333333333333,106.0,159.08333333333334,0.5288309190129237,-5.573088831386396,-62.2296173044925,-35.18915060670948,-0.7407407407407529,-3.597122302158273,-17.808219178082187,-3.2258064516129115,-56.52173913043478,-314.28571428571433,0.5118000804690492,6.905891451723156,-0.6397130766872317,-8.896334490869783,-0.6056528095644276,-4.8299910937455115,-2.6666666666666616,69.76744186046511,,,-1.6496674057649652,-7.452845935570018,-1.6456878530445196,-6.52660946020206,-2700.0,85.71428571428574,-2700.0,116.6666666666667,3.124999999999978,-10.810810810810823,3.124999999999978,-10.810810810810823,7.03621468493989,50.27410512737826,6.553672316384174,48.78510571158095,-68.75,-99.99908928636479,-61.53846153846154,-141.66666666666669,0.0,-91.45299145299145,7.692307692307687,-6.666666666666665,0.0,140.0,0.0,9.090909090909083,17.314487632508822,22.058823529411775,9.009009009009006,-45.4954954954955,6.711409395973145,-71.29963898916967,3.23809523809524,40.0516795865633,-2.4193548387096753,4.31034482758621,0.0,-1.0869565217391353,0.0,0.0,0.0,-11.111111111111116,10.000000000000009,10.000000000000009,13.440860215053775,27.878787878787882,-5.000000000000004,-5.000000000000004,8.588957055214719,-4.324324324324325,2019,10,4,0,0,0,1
2019-11-01,784629.0,38.58,733515.0,3159459.0,-7.3999999999999995,5.8,-445.4,-52.1,-1.8999999999999995,-0.2999999999999998,10.299999999999999,6098169.0,8755390.0,45.56,3877989.0,625518.0,1214270.0,-408.7,-11.299999999999999,2.7,-13.7,2626176.0,6968827.0,1313918.0,49.4,0.0,21920.0,21863.0,2.9,2.9,3.3,3.3,14821.0,15010.0,57200.0,-0.3,0.2,13.0,11.0,12.0,300.0,113.0,156.0,551.0,116.0,211.0,13.0,8.0,9.0,419.0,116.0,176.0,1262620.0,-90.80000000000001,-13.399999999999999,6.0,-3.0000000000000004,2618059.0,7051687.0,1325033.0,51.1,0.0,22178.0,22113.0,-2.6,-2.6,3.3,3.3,13980.0,14145.0,0.5,-0.5,0.2,14.0,12.0,12.0,332.0,121.0,159.0,542.0,121.0,182.0,13.0,8.0,11.0,422.0,114.0,177.0,1255978.0,-240.4,-13.5,7.3,-6.9,2604728.0,7097088.0,1333107.0,52.5,0.0,22550.0,22483.0,0.1,0.1,3.2,3.2,13061.0,13275.0,1.6,-1.3,0.2,13.0,12.0,12.0,283.0,111.0,149.0,525.0,124.0,182.0,13.0,8.0,10.0,372.0,120.0,163.0,1282609.0,-3.5999999999999948,-7.3,7.6,-8.6,2592596.0,7157325.0,1343654.0,53.8,0.0,22592.0,22530.0,-0.3,-0.3,3.2,3.2,12519.0,12742.0,56748.0,1.3,0.2,15.0,13.0,12.0,347.0,131.0,199.0,534.0,114.0,194.0,14.0,9.0,13.0,451.0,130.0,189.0,1247442.0,-312.40000000000003,-7.4,7.6,-20.5,2542884.0,7358910.0,1373178.0,47.3,0.0,21893.0,21781.0,-1.0,-1.1,3.1,3.1,10086.0,10351.0,56119.0,-0.5,2.32,17.0,13.0,12.0,327.0,115.0,199.0,478.0,114.0,175.0,14.0,13.0,18.0,437.0,111.0,158.0,1317391.0,-18.0,14.700000000000001,12.3,-5.9,2463994.0,7674440.0,1400896.0,33.5,0.0,24213.0,23949.0,0.3,0.5,3.8,3.7,9103.0,9349.0,54768.0,-1.6,2.32,15.0,4.0,7.0,317.0,184.0,137.0,451.0,114.0,177.0,13.0,9.0,10.0,389.0,117.0,149.0,1244289.3333333333,-246.6333333333333,-12.733333333333329,5.333333333333336,-7.866666666666667,2616321.0,7039200.666666667,1324019.3333333333,51.0,0.0,22216.0,22153.0,0.13333333333333316,0.13333333333333286,3.266666666666667,3.266666666666667,13954.0,14143.333333333334,19067.366666666665,-0.7000000000000001,0.2,13.333333333333334,11.666666666666666,12.0,305.0,115.0,154.66666666666666,539.3333333333334,120.33333333333333,191.66666666666666,13.0,8.0,10.0,404.3333333333333,116.66666666666667,172.0,1256876.6666666667,-165.13333333333335,-14.58333333333333,7.8,-10.266666666666667,2595072.8333333335,7121000.0,1338975.8333333333,51.68333333333334,0.0,22147.0,22089.833333333332,0.08333333333333333,0.08333333333333326,3.2166666666666663,3.216666666666667,12954.666666666666,13164.5,37792.51666666667,-0.10000000000000013,0.5233333333333333,14.5,12.5,12.0,308.6666666666667,121.16666666666667,166.33333333333334,503.8333333333333,117.33333333333333,187.33333333333334,13.166666666666666,9.166666666666666,12.0,392.8333333333333,109.83333333333333,177.16666666666666,1285469.8333333333,-83.24166666666667,-11.08333333333333,8.091666666666667,-9.908333333333333,2552737.5833333335,7324213.416666667,1361562.25,46.974999999999994,0.0,22363.333333333332,22281.166666666668,0.8333333333333331,0.8333333333333334,3.233333333333334,3.2083333333333335,11230.583333333334,11479.75,37388.35,0.008333333333333364,1.4308333333333332,15.166666666666666,11.5,11.5,336.5833333333333,105.75,170.41666666666666,479.8333333333333,111.91666666666667,179.83333333333334,13.25,11.166666666666666,13.5,370.8333333333333,105.91666666666667,161.33333333333334,-3.829338993521403,-7.827668475038918,350.1101321585902,2170.5555555555557,-15.671641791044777,-176.8707482993197,-55.00000000000001,-78.04878048780488,356.6666666666666,132.20338983050843,0.3100388493918693,6.5820777160983335,-1.1750379731828686,-9.194325579455963,-0.8388470324889985,-6.20874069167161,-3.32681017612525,47.46268656716417,,,-1.1633149968437229,-9.47011935737001,-1.1305566861122385,-8.710175790220887,-211.53846153846155,866.6666666666666,-211.53846153846155,480.0,0.0,-13.157894736842103,0.0,-10.810810810810823,6.015736766809732,62.814456772492576,6.115235065394131,60.55193068777409,11439900.0,4.440549225825308,-40.0,-81.25,0.0,-91.37931034482759,-7.14285714285714,-13.33333333333333,-8.333333333333337,175.0,0.0,71.42857142857142,-9.638554216867467,-5.3627760252365935,-6.6115702479338845,-38.58695652173913,-1.8867924528301883,13.868613138686126,1.6605166051660625,22.17294900221729,-4.1322314049586755,1.7543859649122862,15.934065934065945,19.2090395480226,0.0,0.0,0.0,-11.111111111111116,-18.181818181818176,-9.999999999999998,-0.7109004739336511,7.7120822622108065,1.7543859649122862,-0.8547008547008517,-0.5649717514124242,18.120805369127524,2019,11,4,0,0,0,1
2019-12-01,788118.0,38.72,735537.0,3173892.0,5.299999999999999,7.1,1751.1,60.8,0.3999999999999997,13.400000000000002,0.2000000000000003,6121148.0,8679925.0,45.46,3879994.0,627765.0,1225215.0,1423.6,4.1,4.2,-4.499999999999999,2636643.0,6901745.0,1309105.0,47.2,0.0,23074.0,22971.0,-0.8,-0.5,3.2,3.2,15612.0,15788.0,56801.0,2.2,0.2,14.0,11.0,12.0,396.0,110.0,140.0,462.0,124.0,202.0,13.0,8.0,11.0,524.0,151.0,225.0,1214270.0,-408.7,-11.299999999999999,2.7,-13.7,2626176.0,6968827.0,1313918.0,49.4,0.0,21920.0,21863.0,2.9,2.9,3.3,3.3,14821.0,15010.0,57200.0,-0.3,0.2,13.0,11.0,12.0,300.0,113.0,156.0,551.0,116.0,211.0,13.0,8.0,9.0,419.0,116.0,176.0,1262620.0,-90.80000000000001,-13.399999999999999,6.0,-3.0000000000000004,2618059.0,7051687.0,1325033.0,51.1,0.0,22178.0,22113.0,-2.6,-2.6,3.3,3.3,13980.0,14145.0,0.5,-0.5,0.2,14.0,12.0,12.0,332.0,121.0,159.0,542.0,121.0,182.0,13.0,8.0,11.0,422.0,114.0,177.0,1255978.0,-240.4,-13.5,7.3,-6.9,2604728.0,7097088.0,1333107.0,52.5,0.0,22550.0,22483.0,0.1,0.1,3.2,3.2,13061.0,13275.0,1.6,-1.3,0.2,13.0,12.0,12.0,283.0,111.0,149.0,525.0,124.0,182.0,13.0,8.0,10.0,372.0,120.0,163.0,1245455.0,-36.5,-2.6,10.1,-19.0,2554002.0,7249851.0,1371806.0,49.9,0.0,21823.0,21775.0,0.6,0.6,3.1,3.1,11319.0,11537.0,56170.0,-0.8,2.32,16.0,14.0,12.0,291.0,125.0,145.0,404.0,117.0,179.0,13.0,12.0,15.0,353.0,122.0,181.0,1366590.0,162.0,-0.7000000000000004,3.1,-2.1999999999999997,2472994.0,7660922.0,1397432.0,36.7,0.0,25176.0,24964.0,3.8,3.9,3.8,3.7,9592.0,9858.0,55034.0,0.0,2.31,15.0,5.0,10.0,271.0,215.0,133.0,465.0,104.0,138.0,13.0,10.0,12.0,300.0,97.0,129.0,1234035.0,308.03333333333336,-6.866666666666664,4.300000000000002,-7.066666666666667,2626959.3333333335,6974086.333333333,1316018.6666666667,49.23333333333334,0.0,22390.666666666668,22315.666666666668,-0.16666666666666682,-0.0666666666666671,3.266666666666666,3.266666666666666,14804.333333333334,14981.0,38000.5,0.46666666666666673,0.2,13.666666666666666,11.333333333333334,12.0,342.6666666666667,114.66666666666667,151.66666666666666,518.3333333333334,120.33333333333333,198.33333333333334,13.0,8.0,10.333333333333334,455.0,127.0,192.66666666666666,1253503.3333333333,78.21666666666665,-13.466666666666667,6.816666666666667,-7.849999999999999,2608846.3333333335,7062982.333333333,1328525.6666666667,51.23333333333333,0.0,22355.5,22289.166666666668,-0.15,-0.10000000000000007,3.233333333333334,3.233333333333334,13670.166666666666,13873.0,37897.683333333334,0.3999999999999999,0.17,14.166666666666666,12.0,12.0,326.1666666666667,118.66666666666667,165.5,513.5,118.5,191.16666666666666,13.166666666666666,8.5,11.333333333333334,421.3333333333333,114.66666666666667,184.5,1273688.5833333333,21.89166666666665,-10.683333333333332,8.183333333333334,-10.1,2566375.0,7260948.666666667,1354201.6666666667,47.85,0.0,22188.166666666668,22115.083333333332,0.4499999999999999,0.4666666666666666,3.1833333333333336,3.1666666666666665,11732.25,11973.916666666666,37535.6,0.19166666666666674,1.2550000000000001,15.083333333333334,12.0,11.666666666666666,347.0,97.0,171.0,479.5833333333333,113.58333333333333,185.16666666666666,13.25,11.0,13.416666666666666,389.5,110.41666666666667,169.33333333333334,0.9013646058948943,-10.345092529580924,-448.3239540004893,778.7654320987654,-136.28318584070794,-685.7142857142853,55.55555555555556,35.48387096774195,-67.15328467153286,104.54545454545455,0.3985643003363126,6.617444280091256,-0.9626010230990079,-9.909734102500977,-0.36630900862915095,-6.320665334699649,-4.453441295546545,28.610354223433234,,,5.264598540145982,-8.349221480775338,5.067922974889072,-7.983496234577792,-127.58620689655173,-121.05263157894737,-117.24137931034484,-112.82051282051282,-3.0303030303030165,-15.78947368421052,-3.0303030303030165,-13.513513513513509,5.337021793401253,62.760633861551284,5.183211192538306,60.154189490768914,-0.6975524475524519,3.2107424501217396,-833.3333333333334,inf,0.0,-91.34199134199135,7.692307692307687,-6.666666666666665,0.0,120.00000000000001,0.0,19.999999999999996,32.00000000000001,46.125461254612546,-2.6548672566371723,-48.837209302325576,-10.256410256410254,5.263157894736836,-16.152450090744097,-0.6451612903225823,6.896551724137923,19.23076923076923,-4.265402843601896,46.376811594202906,0.0,0.0,0.0,-19.999999999999996,22.222222222222232,-8.333333333333337,25.059665871121716,74.66666666666666,30.17241379310345,55.670103092783506,27.840909090909083,74.4186046511628,2019,12,4,0,0,0,1
2020-01-01,785937.0,38.99,732414.0,3263039.0,-7.7,-9.5,-406.00000000000006,-138.8,-35.1,34.0,-29.0,6112254.0,8722586.0,45.92,3823646.0,630063.0,1313667.0,-360.00000000000006,-19.499999999999996,-1.0000000000000002,9.399999999999999,2640113.0,6934058.0,1297890.0,46.9,0.0,23632.0,23571.0,-2.1,-2.1,3.3,3.3,17388.0,17503.0,56385.0,1.8,0.2,14.0,11.0,12.0,402.0,124.0,184.0,488.0,122.0,212.0,14.0,9.0,10.0,602.0,62.0,163.0,1225215.0,1423.6,4.1,4.2,-4.499999999999999,2636643.0,6901745.0,1309105.0,47.2,0.0,23074.0,22971.0,-0.8,-0.5,3.2,3.2,15612.0,15788.0,56801.0,2.2,0.2,14.0,11.0,12.0,396.0,110.0,140.0,462.0,124.0,202.0,13.0,8.0,11.0,524.0,151.0,225.0,1214270.0,-408.7,-11.299999999999999,2.7,-13.7,2626176.0,6968827.0,1313918.0,49.4,0.0,21920.0,21863.0,2.9,2.9,3.3,3.3,14821.0,15010.0,57200.0,-0.3,0.2,13.0,11.0,12.0,300.0,113.0,156.0,551.0,116.0,211.0,13.0,8.0,9.0,419.0,116.0,176.0,1262620.0,-90.80000000000001,-13.399999999999999,6.0,-3.0000000000000004,2618059.0,7051687.0,1325033.0,51.1,0.0,22178.0,22113.0,-2.6,-2.6,3.3,3.3,13980.0,14145.0,0.5,-0.5,0.2,14.0,12.0,12.0,332.0,121.0,159.0,542.0,121.0,182.0,13.0,8.0,11.0,422.0,114.0,177.0,1280328.0,-210.79999999999998,-39.4,13.1,-10.4,2574876.0,7201222.0,1346337.0,53.4,0.0,21819.0,21775.0,-0.2,-0.2,3.2,3.2,12028.0,12278.0,56635.0,1.0,0.02,16.0,13.0,12.0,299.0,126.0,190.0,467.0,112.0,176.0,13.0,10.0,14.0,340.0,57.0,177.0,1327312.0,-72.3,-14.4,20.1,-7.7,2495749.0,7618091.0,1387327.0,39.3,0.0,22154.0,22105.0,0.4,0.4,3.2,3.1,9064.0,9374.0,55952.0,3.5,2.4,15.0,10.0,11.0,332.0,45.0,139.0,412.0,104.0,178.0,13.0,15.0,13.0,293.0,72.0,135.0,1251050.6666666667,218.30000000000004,-8.899999999999997,1.9666666666666686,-2.9333333333333336,2634310.6666666665,6934876.666666667,1306971.0,47.833333333333336,0.0,22875.333333333332,22801.666666666668,-1.4802973661668753e-16,0.09999999999999949,3.266666666666667,3.266666666666667,15940.333333333334,16100.333333333334,56795.333333333336,1.2333333333333334,0.2,13.666666666666666,11.0,12.0,366.0,115.66666666666667,160.0,500.3333333333333,120.66666666666667,208.33333333333334,13.333333333333334,8.333333333333334,10.0,515.0,109.66666666666667,188.0,1259059.8333333333,53.34999999999997,-10.149999999999999,4.466666666666667,-4.55,2619719.1666666665,7018455.0,1320451.1666666667,50.15,0.0,22657.666666666668,22588.5,-0.4666666666666666,-0.41666666666666674,3.25,3.25,14563.5,14743.833333333334,37856.01666666667,0.5333333333333332,0.2,13.833333333333334,11.666666666666666,12.0,343.3333333333333,118.33333333333333,164.5,517.0,120.16666666666667,197.16666666666666,13.333333333333334,8.333333333333334,10.666666666666666,465.0,115.5,182.16666666666666,1272551.5,-2.0833333333333477,-11.108333333333333,6.425,-8.674999999999999,2578405.3333333335,7203945.916666667,1346748.5833333333,48.48333333333333,0.0,22311.333333333332,22237.25,0.24166666666666647,0.2583333333333333,3.191666666666667,3.1833333333333336,12425.916666666666,12651.333333333334,37571.68333333333,0.050000000000000065,1.0716666666666665,15.0,12.083333333333334,11.75,352.8333333333333,103.58333333333333,174.75,485.9166666666667,115.08333333333333,188.0,13.333333333333334,10.5,13.166666666666666,415.25,109.58333333333333,171.66666666666666,7.219304366988655,-1.0280175271526248,-125.28800224782243,397.9253112033196,-575.609756097561,35.41666666666663,-123.80952380952381,-104.97512437810946,-308.8888888888889,-222.07792207792204,0.13160674387848736,5.784395786595531,0.46818594427930904,-8.97906050216517,-0.8566921675495887,-6.446713716376884,-0.6355932203389925,19.338422391857502,,,2.4183063188003784,6.671481448045502,2.611989029646078,6.631983714091838,162.5,-625.0,320.0,-625.0,3.124999999999978,3.124999999999978,3.124999999999978,6.451612903225801,11.375864719446582,91.83583406884377,10.862680516848243,86.71858331555367,-0.7323814721571842,0.7738776093794586,-18.181818181818187,-48.57142857142856,0.0,-91.66666666666666,0.0,-6.666666666666665,0.0,10.000000000000009,0.0,9.090909090909083,1.5151515151515138,21.084337349397586,12.72727272727272,175.55555555555554,31.428571428571427,32.37410071942446,5.627705627705626,18.446601941747566,-1.6129032258064502,17.307692307692314,4.950495049504955,19.10112359550562,7.692307692307687,7.692307692307687,12.5,-40.0,-9.090909090909093,-23.076923076923073,14.885496183206115,105.46075085324232,-58.94039735099338,-13.888888888888884,-27.555555555555557,20.740740740740748,2020,1,1,1,0,0,0
2020-02-01,780981.0,39.11,732264.0,3285406.0,-16.9,-5.0,189.9,-35.3,-49.1,48.9,-13.600000000000001,6088732.0,8791389.0,45.79,3802366.0,627288.0,1348776.0,80.7,25.5,-3.0,15.0,2637054.0,6988465.0,1311581.0,46.4,0.0,23869.0,23787.0,-1.6,-1.6,3.3,3.3,17513.0,17644.0,56787.0,0.1,0.2,14.0,12.0,13.0,286.0,64.0,176.0,427.0,127.0,194.0,13.0,15.0,11.0,497.0,142.0,195.0,1313667.0,-360.00000000000006,-19.499999999999996,-1.0000000000000002,9.399999999999999,2640113.0,6934058.0,1297890.0,46.9,0.0,23632.0,23571.0,-2.1,-2.1,3.3,3.3,17388.0,17503.0,56385.0,1.8,0.2,14.0,11.0,12.0,402.0,124.0,184.0,488.0,122.0,212.0,14.0,9.0,10.0,602.0,62.0,163.0,1225215.0,1423.6,4.1,4.2,-4.499999999999999,2636643.0,6901745.0,1309105.0,47.2,0.0,23074.0,22971.0,-0.8,-0.5,3.2,3.2,15612.0,15788.0,56801.0,2.2,0.2,14.0,11.0,12.0,396.0,110.0,140.0,462.0,124.0,202.0,13.0,8.0,11.0,524.0,151.0,225.0,1214270.0,-408.7,-11.299999999999999,2.7,-13.7,2626176.0,6968827.0,1313918.0,49.4,0.0,21920.0,21863.0,2.9,2.9,3.3,3.3,14821.0,15010.0,57200.0,-0.3,0.2,13.0,11.0,12.0,300.0,113.0,156.0,551.0,116.0,211.0,13.0,8.0,9.0,419.0,116.0,176.0,1282609.0,-3.5999999999999948,-7.3,7.6,-8.6,2592596.0,7157325.0,1343654.0,53.8,0.0,22592.0,22530.0,-0.3,-0.3,3.2,3.2,12519.0,12742.0,56748.0,1.3,0.2,15.0,13.0,12.0,347.0,131.0,199.0,534.0,114.0,194.0,14.0,9.0,13.0,451.0,130.0,189.0,1291905.0,-118.8,-1.8000000000000005,13.4,-14.1,2508696.0,7538542.0,1389862.0,42.0,0.0,21763.0,21683.0,5.0,5.0,3.1,3.1,9696.0,9992.0,54798.0,-4.8,2.36,15.0,11.0,11.0,504.0,49.0,193.0,452.0,100.0,184.0,13.0,14.0,14.0,338.0,107.0,153.0,1295886.0,381.43333333333334,3.3666666666666702,0.0666666666666685,6.633333333333333,2637936.6666666665,6941422.666666667,1306192.0,46.833333333333336,0.0,23525.0,23443.0,-1.5,-1.4000000000000004,3.266666666666666,3.266666666666666,16837.666666666668,16978.333333333332,56657.666666666664,1.3666666666666665,0.2,14.0,11.333333333333334,12.333333333333334,361.3333333333333,99.33333333333333,166.66666666666666,459.0,124.33333333333333,202.66666666666666,13.333333333333334,10.666666666666666,10.666666666666666,541.0,118.33333333333333,194.33333333333334,1270087.6666666667,67.39999999999996,-4.683333333333333,2.6999999999999997,-0.6166666666666666,2627128.8333333335,6990311.666666667,1315105.6666666667,48.916666666666664,0.0,22870.5,22798.0,-0.6833333333333335,-0.6333333333333334,3.266666666666666,3.266666666666666,15395.833333333334,15560.833333333334,37862.51666666667,0.33333333333333326,0.2,13.666666666666666,11.5,12.166666666666666,333.1666666666667,107.16666666666667,160.66666666666666,499.1666666666667,122.33333333333333,197.16666666666666,13.166666666666666,9.333333333333334,10.333333333333334,472.6666666666667,117.5,183.16666666666666,1277290.75,14.541666666666652,-8.83333333333333,5.058333333333334,-6.25,2589101.8333333335,7158106.166666667,1340225.1666666667,48.849999999999994,0.0,22486.833333333332,22412.583333333332,-0.3083333333333335,-0.2916666666666667,3.2083333333333335,3.1999999999999997,13077.333333333334,13289.0,37737.43333333333,0.4583333333333333,0.8916666666666666,14.916666666666666,12.166666666666666,11.916666666666666,334.6666666666667,104.83333333333333,173.33333333333334,483.8333333333333,117.33333333333333,188.83333333333334,13.333333333333334,10.583333333333334,12.916666666666666,428.5,112.5,175.16666666666666,2.6725951097195777,4.4021038698665915,-122.41666666666666,-167.92929292929293,-230.7692307692308,-1516.6666666666663,199.99999999999994,-122.38805970149254,59.5744680851064,-206.38297872340425,-0.11586625269448536,5.11652268748386,0.7846343367765352,-7.296861913086117,1.0548659747744438,-5.6322857952803895,-1.0660980810234588,10.476190476190483,,,1.0028774542992558,9.676974681799377,0.9163802978235935,9.703454319051797,-23.809523809523814,-132.0,-23.809523809523814,-132.0,0.0,6.451612903225801,0.0,6.451612903225801,0.7188865884518059,80.62087458745874,0.8055761869393718,76.58126501200961,0.7129555732907633,3.6296945143983406,-94.44444444444444,-102.08333333333333,0.0,-91.52542372881356,0.0,-6.666666666666665,9.090909090909083,9.090909090909083,8.333333333333325,18.181818181818187,-28.855721393034827,-43.25396825396825,-48.38709677419355,30.612244897959172,-4.347826086956519,-8.808290155440412,-12.5,-5.530973451327437,4.098360655737698,27.0,-8.490566037735848,5.434782608695654,-7.14285714285714,0.0,66.66666666666667,7.14285714285714,10.000000000000009,-21.42857142857143,-17.441860465116278,47.041420118343204,129.03225806451616,32.710280373831765,19.631901840490794,27.450980392156854,2020,2,1,1,0,0,0
2020-03-01,767073.0,40.6,731145.0,2920033.0,-33.699999999999996,-2.6999999999999993,-491.9,-297.1,-60.2,1.6000000000000023,-46.599999999999994,6032645.0,8680647.0,46.5,3598902.0,619770.0,1142821.0,-269.1,-50.5,5.8,-5.7,2646775.0,6894689.0,1253453.0,46.3,0.0,23940.0,23905.0,0.5,0.4,3.4,3.4,18460.0,18583.0,56735.0,-0.1,0.3,14.0,18.0,14.0,352.0,132.0,200.0,424.0,107.0,161.0,14.0,10.0,12.0,375.0,111.0,156.0,1348776.0,80.7,25.5,-3.0,15.0,2637054.0,6988465.0,1311581.0,46.4,0.0,23869.0,23787.0,-1.6,-1.6,3.3,3.3,17513.0,17644.0,56787.0,0.1,0.2,14.0,12.0,13.0,286.0,64.0,176.0,427.0,127.0,194.0,13.0,15.0,11.0,497.0,142.0,195.0,1313667.0,-360.00000000000006,-19.499999999999996,-1.0000000000000002,9.399999999999999,2640113.0,6934058.0,1297890.0,46.9,0.0,23632.0,23571.0,-2.1,-2.1,3.3,3.3,17388.0,17503.0,56385.0,1.8,0.2,14.0,11.0,12.0,402.0,124.0,184.0,488.0,122.0,212.0,14.0,9.0,10.0,602.0,62.0,163.0,1225215.0,1423.6,4.1,4.2,-4.499999999999999,2636643.0,6901745.0,1309105.0,47.2,0.0,23074.0,22971.0,-0.8,-0.5,3.2,3.2,15612.0,15788.0,56801.0,2.2,0.2,14.0,11.0,12.0,396.0,110.0,140.0,462.0,124.0,202.0,13.0,8.0,11.0,524.0,151.0,225.0,1255978.0,-240.4,-13.5,7.3,-6.9,2604728.0,7097088.0,1333107.0,52.5,0.0,22550.0,22483.0,0.1,0.1,3.2,3.2,13061.0,13275.0,1.6,-1.3,0.2,13.0,12.0,12.0,283.0,111.0,149.0,525.0,124.0,182.0,13.0,8.0,10.0,372.0,120.0,163.0,1348539.0,437.2,-17.9,3.1,-3.9,2514977.0,7521146.0,1382887.0,43.7,0.0,22245.0,22132.0,0.4,0.4,3.2,3.1,8870.0,9173.0,1.8,1.5,2.29,16.0,12.0,11.0,369.0,64.0,190.0,450.0,101.0,171.0,13.0,14.0,17.0,349.0,101.0,130.0,1268421.3333333333,-182.80000000000004,-14.833333333333329,0.6000000000000018,6.233333333333332,2641314.0,6939070.666666667,1287641.3333333333,46.53333333333333,0.0,23813.666666666668,23754.333333333332,-1.0666666666666669,-1.1000000000000003,3.3333333333333335,3.3333333333333335,17787.0,17910.0,56635.666666666664,0.6,0.23333333333333336,14.0,13.666666666666666,13.0,346.6666666666667,106.66666666666667,186.66666666666666,446.3333333333333,118.66666666666667,189.0,13.666666666666666,11.333333333333334,11.0,491.3333333333333,105.0,171.33333333333334,1251228.1666666667,62.61666666666664,-10.85,2.4499999999999997,-0.4166666666666665,2634136.6666666665,6956578.5,1301830.0,47.88333333333333,0.0,23102.166666666668,23035.0,-0.6166666666666667,-0.5833333333333334,3.2999999999999994,3.3000000000000003,16295.666666666666,16445.5,47318.083333333336,0.5333333333333333,0.2166666666666667,13.833333333333334,12.5,12.5,344.6666666666667,110.66666666666667,169.16666666666666,482.3333333333333,119.5,193.66666666666666,13.333333333333334,9.666666666666666,10.666666666666666,473.1666666666667,116.0,182.0,1260147.5833333333,-44.316666666666684,-11.549999999999997,5.283333333333333,-6.3999999999999995,2600085.0,7105901.416666667,1329439.0,49.06666666666667,0.0,22628.083333333332,22560.333333333332,-0.3000000000000002,-0.2916666666666667,3.225,3.2249999999999996,13876.5,14073.166666666666,42465.200000000004,0.325,0.7258333333333334,14.75,12.666666666666666,12.166666666666666,333.25,110.5,174.16666666666666,481.6666666666667,117.83333333333333,188.0,13.416666666666666,10.25,12.5,430.6666666666667,113.33333333333333,177.33333333333334,-15.269770517862124,-15.254879540005884,-433.457249070632,-161.5507776761208,-298.03921568627453,182.12290502793297,-293.33333333333337,87.09677419354837,-138.0,46.15384615384617,0.3686310557159622,5.2405250624558475,-1.3418683502028017,-8.32927588428678,-4.4319031763955135,-9.359694609899439,-0.21551724137931494,5.949656750572063,,,0.2974569525325821,7.619689817936615,0.4960692815403345,8.011024760527752,-131.25,25.0,-125.0,0.0,3.0303030303030276,6.25,3.0303030303030276,9.677419354838701,5.407411637069615,108.11724915445322,5.321922466560869,102.58366946473348,-0.09157025375525762,3151844.4444444445,-200.0,-106.66666666666667,49.99999999999998,-86.8995633187773,0.0,-12.5,50.0,50.0,7.692307692307687,27.27272727272727,23.076923076923084,-4.607046070460708,106.25,106.25,13.636363636363647,5.263157894736836,-0.7025761124121788,-5.777777777777782,-15.748031496062998,5.940594059405946,-17.010309278350512,-5.847953216374268,7.692307692307687,7.692307692307687,-33.333333333333336,-28.57142857142857,9.090909090909083,-29.411764705882348,-24.547283702213285,7.449856733524363,-21.830985915492963,9.90099009900991,-19.999999999999996,19.999999999999996,2020,3,1,1,0,0,0
2020-04-01,759435.0,47.22,737868.0,2501874.0,-18.2,9.9,-609.5,-1145.6,-30.7,-7.9,-44.8,6016795.0,8618300.0,55.73,3064739.0,614799.0,957442.0,-373.4,-304.2,2.1999999999999997,-9.5,2650041.0,6840239.0,1028472.0,45.7,0.0,23999.0,23975.0,-5.6,-5.6,3.5,3.5,18525.0,18631.0,55328.0,-1.7,0.2,14.0,12.0,13.0,312.0,128.0,171.0,379.0,88.0,144.0,15.0,10.0,12.0,233.0,102.0,136.0,1142821.0,-269.1,-50.5,5.8,-5.7,2646775.0,6894689.0,1253453.0,46.3,0.0,23940.0,23905.0,0.5,0.4,3.4,3.4,18460.0,18583.0,56735.0,-0.1,0.3,14.0,18.0,14.0,352.0,132.0,200.0,424.0,107.0,161.0,14.0,10.0,12.0,375.0,111.0,156.0,1348776.0,80.7,25.5,-3.0,15.0,2637054.0,6988465.0,1311581.0,46.4,0.0,23869.0,23787.0,-1.6,-1.6,3.3,3.3,17513.0,17644.0,56787.0,0.1,0.2,14.0,12.0,13.0,286.0,64.0,176.0,427.0,127.0,194.0,13.0,15.0,11.0,497.0,142.0,195.0,1313667.0,-360.00000000000006,-19.499999999999996,-1.0000000000000002,9.399999999999999,2640113.0,6934058.0,1297890.0,46.9,0.0,23632.0,23571.0,-2.1,-2.1,3.3,3.3,17388.0,17503.0,56385.0,1.8,0.2,14.0,11.0,12.0,402.0,124.0,184.0,488.0,122.0,212.0,14.0,9.0,10.0,602.0,62.0,163.0,1262620.0,-90.80000000000001,-13.399999999999999,6.0,-3.0000000000000004,2618059.0,7051687.0,1325033.0,51.1,0.0,22178.0,22113.0,-2.6,-2.6,3.3,3.3,13980.0,14145.0,0.5,-0.5,0.2,14.0,12.0,12.0,332.0,121.0,159.0,542.0,121.0,182.0,13.0,8.0,11.0,422.0,114.0,177.0,1302590.0,-103.8,-3.3,3.0000000000000004,-8.9,2527114.0,7466950.0,1374206.0,44.6,0.0,22247.0,22170.0,0.9,0.9,3.1,3.1,9731.0,10022.0,0.3,1.0,2.35,17.0,12.0,11.0,384.0,54.0,193.0,478.0,116.0,188.0,14.0,13.0,16.0,376.0,124.0,168.0,1149679.6666666667,-187.26666666666665,-109.73333333333333,1.6666666666666685,-0.06666666666666761,2644623.3333333335,6907797.666666667,1197835.3333333333,46.13333333333333,0.0,23936.0,23889.0,-2.233333333333333,-2.266666666666667,3.4,3.4,18166.0,18286.0,56283.333333333336,-0.5666666666666668,0.2333333333333333,14.0,14.0,13.333333333333334,316.6666666666667,108.0,182.33333333333334,410.0,107.33333333333333,166.33333333333334,14.0,11.666666666666666,11.666666666666666,368.3333333333333,118.33333333333333,162.33333333333334,1200365.1666666667,15.516666666666632,-59.31666666666666,1.8166666666666664,-1.4999999999999998,2639467.0,6921337.166666667,1252403.1666666667,46.98333333333333,0.0,23405.666666666668,23345.333333333332,-1.1166666666666667,-1.0833333333333333,3.3333333333333335,3.3333333333333335,17053.166666666668,17193.166666666668,56539.333333333336,0.3333333333333332,0.21666666666666667,13.833333333333334,12.5,12.666666666666666,341.3333333333333,111.83333333333333,171.16666666666666,455.1666666666667,114.0,187.33333333333334,13.666666666666666,10.0,10.833333333333334,441.6666666666667,114.0,175.16666666666666,1231385.25,-66.78333333333335,-36.625,5.216666666666667,-6.45,2610328.9166666665,7053675.5,1300627.8333333333,49.15833333333333,0.0,22774.083333333332,22710.75,-0.8416666666666668,-0.8333333333333334,3.258333333333333,3.258333333333333,14609.333333333334,14790.583333333334,47075.84166666667,0.10000000000000003,0.5466666666666666,14.5,12.666666666666666,12.333333333333334,327.25,116.66666666666667,172.33333333333334,473.4166666666667,115.5,184.33333333333334,13.5,10.0,12.166666666666666,418.75,111.5,174.66666666666666,-16.221175494675023,-26.497055865621565,38.758825715347434,259.7302504816955,502.3762376237624,9118.181818181818,-62.06896551724138,-26.666666666666682,66.66666666666666,6.741573033707859,0.12339545295689813,4.8643234931229795,-0.7897383043673156,-8.393132403457903,-17.948897964263523,-25.158818983471186,-1.295896328293722,2.4663677130044803,,,0.24644945697578358,7.875219130669309,0.2928257686676483,8.141632837167334,-1220.0,-722.2222222222222,-1499.9999999999998,-722.2222222222222,2.941176470588247,12.903225806451601,2.941176470588247,12.903225806451601,0.35211267605634866,90.37097934436338,0.2583005973201269,85.90101776092595,-2.479950647748308,18442566.666666668,1600.0,-270.0,-33.33333333333333,-91.48936170212765,0.0,-17.647058823529417,-33.333333333333336,0.0,-7.14285714285714,18.181818181818187,-11.363636363636365,-18.75,-3.0303030303030276,137.037037037037,-14.500000000000002,-11.398963730569944,-10.61320754716981,-20.711297071129707,-17.757009345794394,-24.13793103448276,-10.559006211180122,-23.404255319148938,7.14285714285714,7.14285714285714,0.0,-23.076923076923073,0.0,-25.0,-37.866666666666674,-38.03191489361703,-8.108108108108103,-17.741935483870964,-12.82051282051282,-19.047619047619047,2020,4,2,0,1,0,0
2020-05-01,753483.0,45.34,738630.0,2676939.0,-22.2,1.9,-186.3,619.0,-11.799999999999999,44.1,10.3,6011495.0,8648254.0,54.980000000000004,3143959.0,618321.0,1065891.0,-321.6000000000001,42.50000000000001,2.1000000000000005,8.1,2647542.0,6862456.0,1060522.0,45.0,0.0,23797.0,23729.0,-0.9,-0.9,3.5,3.5,18340.0,18441.0,53958.0,14.1,0.3,14.0,12.0,14.0,326.0,113.0,184.0,462.0,103.0,171.0,15.0,10.0,13.0,291.0,99.0,142.0,957442.0,-373.4,-304.2,2.1999999999999997,-9.5,2650041.0,6840239.0,1028472.0,45.7,0.0,23999.0,23975.0,-5.6,-5.6,3.5,3.5,18525.0,18631.0,55328.0,-1.7,0.2,14.0,12.0,13.0,312.0,128.0,171.0,379.0,88.0,144.0,15.0,10.0,12.0,233.0,102.0,136.0,1142821.0,-269.1,-50.5,5.8,-5.7,2646775.0,6894689.0,1253453.0,46.3,0.0,23940.0,23905.0,0.5,0.4,3.4,3.4,18460.0,18583.0,56735.0,-0.1,0.3,14.0,18.0,14.0,352.0,132.0,200.0,424.0,107.0,161.0,14.0,10.0,12.0,375.0,111.0,156.0,1348776.0,80.7,25.5,-3.0,15.0,2637054.0,6988465.0,1311581.0,46.4,0.0,23869.0,23787.0,-1.6,-1.6,3.3,3.3,17513.0,17644.0,56787.0,0.1,0.2,14.0,12.0,13.0,286.0,64.0,176.0,427.0,127.0,194.0,13.0,15.0,11.0,497.0,142.0,195.0,1214270.0,-408.7,-11.299999999999999,2.7,-13.7,2626176.0,6968827.0,1313918.0,49.4,0.0,21920.0,21863.0,2.9,2.9,3.3,3.3,14821.0,15010.0,57200.0,-0.3,0.2,13.0,11.0,12.0,300.0,113.0,156.0,551.0,116.0,211.0,13.0,8.0,9.0,419.0,116.0,176.0,1247442.0,-312.40000000000003,-7.4,7.6,-20.5,2542884.0,7358910.0,1373178.0,47.3,0.0,21893.0,21781.0,-1.0,-1.1,3.1,3.1,10086.0,10351.0,56119.0,-0.5,2.32,17.0,13.0,12.0,327.0,115.0,199.0,478.0,114.0,175.0,14.0,13.0,18.0,437.0,111.0,158.0,1055384.6666666667,-321.36666666666673,-104.06666666666666,3.3666666666666685,-2.3666666666666676,2648119.3333333335,6865794.666666667,1114149.0,45.666666666666664,0.0,23912.0,23869.666666666668,-2.0,-2.0333333333333337,3.466666666666667,3.466666666666667,18441.666666666668,18551.666666666668,55340.333333333336,4.1,0.26666666666666666,14.0,14.0,13.666666666666666,330.0,124.33333333333333,185.0,421.6666666666667,99.33333333333333,158.66666666666666,14.666666666666666,10.0,12.333333333333334,299.6666666666667,104.0,144.66666666666666,1175635.3333333333,30.033333333333292,-50.349999999999994,1.7166666666666668,2.1333333333333333,2643028.0,6903608.666666667,1210170.5,46.25,0.0,23718.5,23656.333333333332,-1.75,-1.7166666666666668,3.366666666666667,3.3666666666666667,17639.666666666668,17765.0,55999.0,2.733333333333333,0.2333333333333333,14.0,12.666666666666666,13.0,345.6666666666667,111.83333333333333,175.83333333333334,440.3333333333333,111.83333333333333,180.66666666666666,14.0,10.333333333333334,11.5,420.3333333333333,111.16666666666667,169.5,1216256.0,-67.55000000000001,-32.46666666666666,4.758333333333333,-4.066666666666667,2619050.4166666665,7012304.333333333,1274573.1666666667,48.96666666666666,0.0,22932.75,22873.083333333332,-0.8333333333333335,-0.8166666666666668,3.2916666666666665,3.2916666666666665,15297.166666666666,15464.75,46895.75833333333,1.3166666666666667,0.37833333333333335,14.25,12.583333333333334,12.5,327.1666666666667,116.5,171.08333333333334,472.0833333333333,114.58333333333333,184.0,13.583333333333334,9.75,11.75,406.5833333333333,110.5,173.33333333333334,11.326952442027816,-14.553863025294966,-13.87252276379215,2.94494238156211,-113.97107166337936,-674.3243243243244,-4.545454545454508,-72.36842105263158,-185.26315789473685,-139.5121951219512,-0.09430042780470549,4.115720575535486,0.32479859256380195,-6.746298025115127,3.1162734619902155,-22.768788896996604,-1.5317286652078876,-4.8625792811839315,,,-0.8417017375723979,8.69684374000823,-1.0260688216892633,8.943574675175615,-83.92857142857143,-9.999999999999998,-83.92857142857143,-18.181818181818187,0.0,12.903225806451601,0.0,12.903225806451601,-0.9986504723346834,81.8362086059885,-1.0198057001771232,78.15669983576466,-2.476142278773863,-3.850745736738004,-929.4117647058824,-2920.0,49.99999999999998,-87.06896551724138,0.0,-17.647058823529417,0.0,-7.692307692307687,7.692307692307687,16.666666666666675,4.487179487179493,-0.3058103975535187,-11.71875,-1.7391304347826098,7.602339181286544,-7.537688442211055,21.899736147757267,-3.347280334728031,17.04545454545454,-9.649122807017541,18.75,-2.285714285714291,0.0,7.14285714285714,0.0,-23.076923076923073,8.333333333333325,-27.77777777777778,24.892703862660937,-33.40961098398169,-2.941176470588236,-10.81081081081081,4.4117647058823595,-10.126582278481012,2020,5,2,0,1,0,0
2020-06-01,757179.0,41.37,735381.0,2877539.0,8.0,-4.4,197.70000000000002,1328.8,12.999999999999998,37.5,15.100000000000001,6027533.0,8592908.0,50.85,3489981.0,624303.0,1121195.0,-81.89999999999998,241.3,-2.0999999999999996,-0.39999999999999997,2647097.0,6806079.0,1194936.0,45.1,0.0,24005.0,23855.0,2.2,2.2,3.5,3.5,18038.0,18124.0,54424.0,0.8,-7.0,13.0,12.0,14.0,299.0,127.0,181.0,427.0,124.0,195.0,14.0,10.0,12.0,356.0,136.0,208.0,1065891.0,-321.6000000000001,42.50000000000001,2.1000000000000005,8.1,2647542.0,6862456.0,1060522.0,45.0,0.0,23797.0,23729.0,-0.9,-0.9,3.5,3.5,18340.0,18441.0,53958.0,14.1,0.3,14.0,12.0,14.0,326.0,113.0,184.0,462.0,103.0,171.0,15.0,10.0,13.0,291.0,99.0,142.0,957442.0,-373.4,-304.2,2.1999999999999997,-9.5,2650041.0,6840239.0,1028472.0,45.7,0.0,23999.0,23975.0,-5.6,-5.6,3.5,3.5,18525.0,18631.0,55328.0,-1.7,0.2,14.0,12.0,13.0,312.0,128.0,171.0,379.0,88.0,144.0,15.0,10.0,12.0,233.0,102.0,136.0,1142821.0,-269.1,-50.5,5.8,-5.7,2646775.0,6894689.0,1253453.0,46.3,0.0,23940.0,23905.0,0.5,0.4,3.4,3.4,18460.0,18583.0,56735.0,-0.1,0.3,14.0,18.0,14.0,352.0,132.0,200.0,424.0,107.0,161.0,14.0,10.0,12.0,375.0,111.0,156.0,1225215.0,1423.6,4.1,4.2,-4.499999999999999,2636643.0,6901745.0,1309105.0,47.2,0.0,23074.0,22971.0,-0.8,-0.5,3.2,3.2,15612.0,15788.0,56801.0,2.2,0.2,14.0,11.0,12.0,396.0,110.0,140.0,462.0,124.0,202.0,13.0,8.0,11.0,524.0,151.0,225.0,1245455.0,-36.5,-2.6,10.1,-19.0,2554002.0,7249851.0,1371806.0,49.9,0.0,21823.0,21775.0,0.6,0.6,3.1,3.1,11319.0,11537.0,56170.0,-0.8,2.32,16.0,14.0,12.0,291.0,125.0,145.0,404.0,117.0,179.0,13.0,12.0,15.0,353.0,122.0,181.0,1048176.0,-258.96666666666664,-6.799999999999993,0.7333333333333353,-0.600000000000001,2648226.6666666665,6836258.0,1094643.3333333333,45.26666666666667,0.0,23933.666666666668,23853.0,-1.433333333333333,-1.4333333333333336,3.5,3.5,18301.0,18398.666666666668,54570.0,4.3999999999999995,-2.1666666666666665,13.666666666666666,12.0,13.666666666666666,312.3333333333333,122.66666666666667,178.66666666666666,422.6666666666667,105.0,170.0,14.666666666666666,10.0,12.333333333333334,293.3333333333333,112.33333333333333,162.0,1158298.6666666667,-220.88333333333335,-10.816666666666663,0.6666666666666666,2.816666666666667,2644770.3333333335,6887664.333333333,1191142.3333333333,45.9,0.0,23873.666666666668,23803.666666666668,-1.25,-1.2666666666666666,3.4166666666666665,3.4166666666666665,18044.0,18154.333333333332,55602.833333333336,2.5,-0.9666666666666667,13.833333333333334,12.833333333333334,13.333333333333334,329.5,114.66666666666667,182.66666666666666,434.5,111.83333333333333,179.5,14.166666666666666,10.666666666666666,11.666666666666666,392.3333333333333,108.66666666666667,166.66666666666666,1205901.0,-71.33333333333336,-12.14166666666666,3.741666666666667,-2.516666666666667,2626808.3333333335,6975323.333333333,1259834.0,48.56666666666666,0.0,23114.583333333332,23046.416666666668,-0.7000000000000002,-0.6833333333333332,3.3250000000000006,3.3249999999999997,15857.083333333334,16013.666666666666,46750.25833333333,1.4500000000000002,-0.39833333333333326,14.0,12.416666666666666,12.666666666666666,327.8333333333333,116.66666666666667,174.08333333333334,474.0,115.16666666666667,185.33333333333334,13.666666666666666,9.583333333333334,11.5,406.8333333333333,111.66666666666667,175.58333333333334,5.1885230290902085,-9.977076650701955,-74.53358208955225,124.38356164383558,467.76470588235287,-9380.76923076923,-199.99999999999994,-120.79207920792079,-104.93827160493827,-97.89473684210527,-0.016808043082983115,3.645063707859264,-0.821528036026753,-6.121118902995382,12.674324530749947,-12.89322251105477,0.22222222222223476,-9.619238476953907,,,0.8740597554313556,9.998625303578802,0.530995827889913,9.552238805970159,-344.44444444444446,266.6666666666667,-344.44444444444446,266.6666666666667,0.0,12.903225806451601,0.0,12.903225806451601,-1.6466739367502758,59.36036752363283,-1.7189957160674618,57.094565311606125,0.8636346788242655,-3.1084208652305545,-94.32624113475178,-200.0,-2433.3333333333335,-401.72413793103453,-7.14285714285714,-18.75,0.0,-14.28571428571429,0.0,16.666666666666675,-8.282208588957051,2.7491408934707806,12.389380530973447,1.6000000000000014,-1.6304347826086918,24.827586206896555,-7.57575757575758,5.693069306930698,20.388349514563096,5.982905982905984,14.035087719298245,8.93854748603351,-6.666666666666665,7.692307692307687,0.0,-16.666666666666664,-7.692307692307687,-19.999999999999996,22.33676975945018,0.8498583569405138,37.37373737373737,11.475409836065564,46.47887323943662,14.917127071823199,2020,6,2,0,1,0,0
2020-07-01,755388.0,39.64,732414.0,3082812.0,-17.1,-8.2,196.9,381.6,-29.499999999999996,47.6,8.3,6014086.0,8586381.0,48.89,3662434.0,624705.0,1234411.0,87.10000000000001,95.2,-9.8,6.7,2636466.0,6794449.0,1263701.0,43.4,0.0,24172.0,24061.0,1.3,1.4,3.4,3.4,18391.0,18458.0,55386.0,-1.2,2.2,12.0,12.0,14.0,351.0,109.0,146.0,485.0,137.0,244.0,14.0,8.0,12.0,508.0,135.0,212.0,1121195.0,-81.89999999999998,241.3,-2.0999999999999996,-0.39999999999999997,2647097.0,6806079.0,1194936.0,45.1,0.0,24005.0,23855.0,2.2,2.2,3.5,3.5,18038.0,18124.0,54424.0,0.8,-7.0,13.0,12.0,14.0,299.0,127.0,181.0,427.0,124.0,195.0,14.0,10.0,12.0,356.0,136.0,208.0,1065891.0,-321.6000000000001,42.50000000000001,2.1000000000000005,8.1,2647542.0,6862456.0,1060522.0,45.0,0.0,23797.0,23729.0,-0.9,-0.9,3.5,3.5,18340.0,18441.0,53958.0,14.1,0.3,14.0,12.0,14.0,326.0,113.0,184.0,462.0,103.0,171.0,15.0,10.0,13.0,291.0,99.0,142.0,957442.0,-373.4,-304.2,2.1999999999999997,-9.5,2650041.0,6840239.0,1028472.0,45.7,0.0,23999.0,23975.0,-5.6,-5.6,3.5,3.5,18525.0,18631.0,55328.0,-1.7,0.2,14.0,12.0,13.0,312.0,128.0,171.0,379.0,88.0,144.0,15.0,10.0,12.0,233.0,102.0,136.0,1313667.0,-360.00000000000006,-19.499999999999996,-1.0000000000000002,9.399999999999999,2640113.0,6934058.0,1297890.0,46.9,0.0,23632.0,23571.0,-2.1,-2.1,3.3,3.3,17388.0,17503.0,56385.0,1.8,0.2,14.0,11.0,12.0,402.0,124.0,184.0,488.0,122.0,212.0,14.0,9.0,10.0,602.0,62.0,163.0,1280328.0,-210.79999999999998,-39.4,13.1,-10.4,2574876.0,7201222.0,1346337.0,53.4,0.0,21819.0,21775.0,-0.2,-0.2,3.2,3.2,12028.0,12278.0,56635.0,1.0,0.02,16.0,13.0,12.0,299.0,126.0,190.0,467.0,112.0,176.0,13.0,10.0,14.0,340.0,57.0,177.0,1140499.0,-105.46666666666668,126.33333333333333,-3.2666666666666644,4.8,2643701.6666666665,6820994.666666667,1173053.0,44.5,0.0,23991.333333333332,23881.666666666668,0.8666666666666668,0.8999999999999998,3.466666666666667,3.466666666666667,18256.333333333332,18341.0,54589.333333333336,4.566666666666666,-1.5,13.0,12.0,14.0,325.3333333333333,116.33333333333333,170.33333333333334,458.0,121.33333333333333,203.33333333333334,14.333333333333334,9.333333333333334,12.333333333333334,385.0,123.33333333333333,187.33333333333334,1145089.3333333333,-146.36666666666667,8.300000000000006,-0.8000000000000002,2.366666666666667,2644162.5,6864396.166666667,1185444.1666666667,45.31666666666666,0.0,23963.666666666668,23885.333333333332,-0.6833333333333332,-0.6833333333333332,3.4333333333333336,3.433333333333333,18211.166666666668,18313.5,55436.333333333336,1.9999999999999998,-0.6333333333333333,13.5,13.0,13.666666666666666,321.0,112.16666666666667,176.33333333333334,434.0,114.33333333333333,184.83333333333334,14.166666666666666,10.5,12.0,376.6666666666667,120.83333333333333,174.83333333333334,1202074.5833333333,-46.508333333333354,-0.9249999999999936,1.8333333333333333,-1.091666666666667,2631940.8333333335,6941425.583333333,1252947.6666666667,47.73333333333333,0.0,23310.666666666668,23236.916666666668,-0.5750000000000002,-0.5499999999999999,3.341666666666667,3.341666666666667,16387.333333333332,16528.666666666668,46646.174999999996,1.2666666666666668,-0.21666666666666656,13.666666666666666,12.333333333333334,12.833333333333334,332.1666666666667,115.25,170.41666666666666,475.5,117.25,191.0,13.75,9.416666666666666,11.333333333333334,420.8333333333333,118.16666666666667,178.5,10.097797439339274,-3.586346623677683,-206.3492063492064,-141.31878557874765,-60.547036883547456,-341.62436548223354,366.6666666666668,-174.80916030534354,-1775.0000000000005,-164.4230769230769,-0.40160976345030575,2.391959845833358,-0.1708766530626571,-5.648666295803684,5.754701507026327,-6.137839188850935,-3.7694013303769425,-18.726591760299627,,,0.6956883982503603,10.784178926623579,0.86355061831902,10.498277841561432,-40.90909090909092,-750.0,-36.363636363636374,-799.9999999999999,-2.857142857142858,6.25,-2.857142857142858,6.25,1.9569797095021713,52.90156301962088,1.842860295740456,50.333930607590815,1.7676025282963304,-2.2053500485565425,-250.0,-220.00000000000003,-131.42857142857142,10900.0,-7.692307692307687,-25.0,0.0,-7.692307692307687,0.0,16.666666666666675,17.391304347826097,17.391304347826097,-14.173228346456689,-13.492063492063489,-19.33701657458563,-23.15789473684211,13.5831381733021,3.854389721627416,10.483870967741925,22.32142857142858,25.128205128205128,38.63636363636365,0.0,7.692307692307687,-19.999999999999996,-19.999999999999996,0.0,-14.28571428571429,42.69662921348314,49.411764705882355,-0.7352941176470562,136.84210526315786,1.9230769230769162,19.774011299435035,2020,7,3,0,0,1,0
2020-08-01,757911.0,39.31,731712.0,3121638.0,2.8,1.0999999999999999,-1258.4999999999998,100.7,-10.100000000000001,51.1,6.4,6024707.0,8594459.0,48.25,3688604.0,627726.0,1258078.0,-1296.7,47.4,-0.09999999999999967,11.0,2634303.0,6794176.0,1276431.0,40.6,0.0,24111.0,24003.0,-2.3,-2.4,3.3,3.3,17370.0,17444.0,56459.0,1.4,1.0,12.0,11.0,12.0,343.0,53.0,179.0,410.0,139.0,198.0,14.0,8.0,11.0,333.0,61.0,250.0,1234411.0,87.10000000000001,95.2,-9.8,6.7,2636466.0,6794449.0,1263701.0,43.4,0.0,24172.0,24061.0,1.3,1.4,3.4,3.4,18391.0,18458.0,55386.0,-1.2,2.2,12.0,12.0,14.0,351.0,109.0,146.0,485.0,137.0,244.0,14.0,8.0,12.0,508.0,135.0,212.0,1121195.0,-81.89999999999998,241.3,-2.0999999999999996,-0.39999999999999997,2647097.0,6806079.0,1194936.0,45.1,0.0,24005.0,23855.0,2.2,2.2,3.5,3.5,18038.0,18124.0,54424.0,0.8,-7.0,13.0,12.0,14.0,299.0,127.0,181.0,427.0,124.0,195.0,14.0,10.0,12.0,356.0,136.0,208.0,1065891.0,-321.6000000000001,42.50000000000001,2.1000000000000005,8.1,2647542.0,6862456.0,1060522.0,45.0,0.0,23797.0,23729.0,-0.9,-0.9,3.5,3.5,18340.0,18441.0,53958.0,14.1,0.3,14.0,12.0,14.0,326.0,113.0,184.0,462.0,103.0,171.0,15.0,10.0,13.0,291.0,99.0,142.0,1348776.0,80.7,25.5,-3.0,15.0,2637054.0,6988465.0,1311581.0,46.4,0.0,23869.0,23787.0,-1.6,-1.6,3.3,3.3,17513.0,17644.0,56787.0,0.1,0.2,14.0,12.0,13.0,286.0,64.0,176.0,427.0,127.0,194.0,13.0,15.0,11.0,497.0,142.0,195.0,1282609.0,-3.5999999999999948,-7.3,7.6,-8.6,2592596.0,7157325.0,1343654.0,53.8,0.0,22592.0,22530.0,-0.3,-0.3,3.2,3.2,12519.0,12742.0,56748.0,1.3,0.2,15.0,13.0,12.0,347.0,131.0,199.0,534.0,114.0,194.0,14.0,9.0,13.0,451.0,130.0,189.0,1204561.3333333333,-430.5,127.96666666666668,-3.9999999999999982,5.766666666666666,2639288.6666666665,6798234.666666667,1245022.6666666667,43.03333333333333,0.0,24096.0,23973.0,0.4000000000000002,0.39999999999999974,3.4,3.4,17933.0,18008.666666666668,55423.0,0.3333333333333333,-1.2666666666666666,12.333333333333334,11.666666666666666,13.333333333333334,331.0,96.33333333333333,168.66666666666666,440.6666666666667,133.33333333333334,212.33333333333334,14.0,8.666666666666666,11.666666666666666,399.0,110.66666666666667,223.33333333333334,1129973.0,-375.93333333333334,11.950000000000005,-0.3166666666666667,1.7000000000000004,2643704.0,6832014.666666667,1179585.8333333333,44.35,0.0,24004.0,23921.333333333332,-0.7999999999999998,-0.8166666666666665,3.4333333333333336,3.4333333333333336,18187.333333333332,18280.166666666668,55381.666666666664,2.2166666666666663,-0.49999999999999994,13.166666666666666,12.833333333333334,13.5,330.5,110.33333333333333,176.83333333333334,431.1666666666667,116.33333333333333,185.5,14.333333333333334,9.333333333333334,12.0,349.3333333333333,107.33333333333333,184.0,1200030.3333333333,-154.26666666666668,3.63333333333334,1.1916666666666667,0.5416666666666664,2635416.4166666665,6911163.166666667,1247345.75,46.63333333333333,0.0,23437.25,23359.666666666668,-0.7416666666666668,-0.725,3.3499999999999996,3.35,16791.583333333332,16920.5,46622.09166666667,1.2750000000000001,-0.14999999999999994,13.416666666666666,12.166666666666666,12.833333333333334,331.8333333333333,108.75,168.75,465.1666666666667,119.33333333333333,191.33333333333334,13.75,9.333333333333334,11.166666666666666,411.0,112.41666666666667,183.58333333333334,1.9172706659289274,-1.9125859868440065,-1588.7485648679676,35919.444444444496,-50.21008403361344,-749.3150684931506,-98.9795918367347,-101.3157894736842,64.17910447761193,-227.90697674418604,-0.08204164210727782,1.6086964571417894,-0.004017985858750794,-5.073808999870765,1.0073585444658084,-5.002999284041875,-6.451612903225801,-24.5353159851301,,,-0.25235810028131356,6.723618980169976,-0.24105398778105913,6.537949400798926,-276.9230769230769,666.6666666666666,-271.42857142857144,700.0,-2.941176470588236,3.124999999999978,-2.941176470588236,3.124999999999978,-5.551628513947038,38.7491013659238,-5.49355293097844,36.90158530842882,1.9373126782941563,-0.5092690491294793,-216.66666666666669,7.692307692307687,-54.54545454545454,400.0,0.0,-19.999999999999996,-8.333333333333337,-15.384615384615385,-14.28571428571429,0.0,-2.279202279202275,-1.1527377521613813,-51.37614678899083,-59.541984732824424,22.602739726027398,-10.050251256281406,-15.463917525773196,-23.220973782771537,1.4598540145985384,21.92982456140351,-18.852459016393443,2.0618556701030855,0.0,0.0,0.0,-11.111111111111116,-8.333333333333337,-15.384615384615385,-34.4488188976378,-26.164079822616404,-54.81481481481482,-53.07692307692308,17.9245283018868,32.27513227513228,2020,8,3,0,0,1,0
2020-09-01,755250.0,38.53,727050.0,3178744.0,-9.2,-17.5,116.3,75.1,-18.500000000000004,68.9,1.2000000000000013,6014868.0,8631297.0,48.51,3723106.0,632481.0,1284505.0,83.6,1.6,-1.9,15.999999999999998,2633284.0,6812805.0,1285376.0,39.2,0.0,23871.0,23755.0,-1.3,-1.4,3.1,3.1,18257.0,18316.0,57702.0,0.7,2.6,12.0,11.0,12.0,495.0,123.0,207.0,446.0,147.0,219.0,13.0,7.0,10.0,353.0,127.0,214.0,1258078.0,-1296.7,47.4,-0.09999999999999967,11.0,2634303.0,6794176.0,1276431.0,40.6,0.0,24111.0,24003.0,-2.3,-2.4,3.3,3.3,17370.0,17444.0,56459.0,1.4,1.0,12.0,11.0,12.0,343.0,53.0,179.0,410.0,139.0,198.0,14.0,8.0,11.0,333.0,61.0,250.0,1234411.0,87.10000000000001,95.2,-9.8,6.7,2636466.0,6794449.0,1263701.0,43.4,0.0,24172.0,24061.0,1.3,1.4,3.4,3.4,18391.0,18458.0,55386.0,-1.2,2.2,12.0,12.0,14.0,351.0,109.0,146.0,485.0,137.0,244.0,14.0,8.0,12.0,508.0,135.0,212.0,1121195.0,-81.89999999999998,241.3,-2.0999999999999996,-0.39999999999999997,2647097.0,6806079.0,1194936.0,45.1,0.0,24005.0,23855.0,2.2,2.2,3.5,3.5,18038.0,18124.0,54424.0,0.8,-7.0,13.0,12.0,14.0,299.0,127.0,181.0,427.0,124.0,195.0,14.0,10.0,12.0,356.0,136.0,208.0,1142821.0,-269.1,-50.5,5.8,-5.7,2646775.0,6894689.0,1253453.0,46.3,0.0,23940.0,23905.0,0.5,0.4,3.4,3.4,18460.0,18583.0,56735.0,-0.1,0.3,14.0,18.0,14.0,352.0,132.0,200.0,424.0,107.0,161.0,14.0,10.0,12.0,375.0,111.0,156.0,1255978.0,-240.4,-13.5,7.3,-6.9,2604728.0,7097088.0,1333107.0,52.5,0.0,22550.0,22483.0,0.1,0.1,3.2,3.2,13061.0,13275.0,1.6,-1.3,0.2,13.0,12.0,12.0,283.0,111.0,149.0,525.0,124.0,182.0,13.0,8.0,10.0,372.0,120.0,163.0,1258998.0,-375.3333333333333,48.06666666666666,-3.933333333333332,11.233333333333333,2634684.3333333335,6800476.666666667,1275169.3333333333,41.06666666666667,0.0,24051.333333333332,23939.666666666668,-0.7666666666666666,-0.8000000000000003,3.266666666666667,3.266666666666667,18006.0,18072.666666666668,56515.666666666664,0.3,1.9333333333333336,12.0,11.333333333333334,12.666666666666666,396.3333333333333,95.0,177.33333333333334,447.0,141.0,220.33333333333334,13.666666666666666,7.666666666666667,11.0,398.0,107.66666666666667,225.33333333333334,1153587.0,-317.15000000000003,20.633333333333336,-1.5999999999999999,5.316666666666666,2641455.5,6818367.333333333,1184906.3333333333,43.166666666666664,0.0,23992.5,23896.333333333332,-1.0999999999999999,-1.1166666666666665,3.3833333333333333,3.383333333333333,18153.5,18235.666666666668,55542.833333333336,2.3499999999999996,-0.11666666666666663,12.833333333333334,11.666666666666666,13.166666666666666,354.3333333333333,108.83333333333333,178.0,434.8333333333333,123.0,195.16666666666666,14.166666666666666,8.833333333333334,11.666666666666666,345.6666666666667,110.0,193.66666666666666,1202407.5833333333,-127.2666666666667,4.891666666666674,0.4250000000000001,2.4499999999999997,2637796.0833333335,6887472.916666667,1243368.1666666667,45.525,0.0,23547.333333333332,23465.666666666668,-0.8583333333333334,-0.85,3.341666666666667,3.341666666666667,17224.583333333332,17340.583333333332,51430.458333333336,1.4416666666666667,0.05000000000000008,13.333333333333334,12.083333333333334,12.833333333333334,349.5,109.75,173.58333333333334,458.5833333333333,121.25,194.41666666666666,13.75,9.25,11.166666666666666,409.4166666666667,113.0,187.83333333333334,2.1005851783434837,2.2712977456611494,-106.44713503508908,-134.77537437603993,-96.62447257383965,-111.85185185185185,1800.0000000000061,-126.02739726027397,45.45454545454544,-331.88405797101444,-0.03868195875721403,1.0963140873058608,0.27419071863903355,-4.0056287874688845,0.7007821025970085,-3.5804327784641488,-3.4482758620689613,-25.33333333333333,,,-0.9953962921488091,5.8580931263858105,-1.0332041828104765,5.657607970466572,-43.47826086956521,-1400.0,-41.666666666666664,-1499.9999999999998,-6.060606060606055,-3.125,-6.060606060606055,-3.125,5.1065054691997736,39.78255876272874,4.998853473973863,37.973634651600754,2.2015976195115083,3606275.0,-50.0,-153.84615384615384,160.0,1200.0,0.0,-7.692307692307687,0.0,-8.333333333333337,0.0,0.0,44.314868804664734,74.91166077738515,132.07547169811323,10.81081081081081,15.642458100558665,38.92617449664431,8.780487804878057,-15.047619047619044,5.755395683453246,18.5483870967742,10.606060606060597,20.329670329670325,-7.14285714285714,0.0,-12.5,-12.5,-9.090909090909093,0.0,6.006006006006004,-5.107526881720426,108.1967213114754,5.833333333333335,-14.400000000000002,31.288343558282207,2020,9,3,0,0,1,0
2020-10-01,761214.0,38.08,727329.0,3237713.0,10.899999999999999,-4.7,205.9,165.8,12.5,52.8,-6.1,6025157.0,8674055.0,47.239999999999995,3774701.0,630468.0,1320677.0,141.6,73.8,4.1000000000000005,14.5,2638770.0,6839719.0,1311367.0,38.7,0.0,23962.0,23804.0,2.4,2.5,3.0,3.0,16269.0,16352.0,60061.0,-1.1,2.1,12.0,18.0,12.0,454.0,122.0,201.0,408.0,145.0,221.0,13.0,7.0,10.0,339.0,153.0,208.0,1284505.0,83.6,1.6,-1.9,15.999999999999998,2633284.0,6812805.0,1285376.0,39.2,0.0,23871.0,23755.0,-1.3,-1.4,3.1,3.1,18257.0,18316.0,57702.0,0.7,2.6,12.0,11.0,12.0,495.0,123.0,207.0,446.0,147.0,219.0,13.0,7.0,10.0,353.0,127.0,214.0,1258078.0,-1296.7,47.4,-0.09999999999999967,11.0,2634303.0,6794176.0,1276431.0,40.6,0.0,24111.0,24003.0,-2.3,-2.4,3.3,3.3,17370.0,17444.0,56459.0,1.4,1.0,12.0,11.0,12.0,343.0,53.0,179.0,410.0,139.0,198.0,14.0,8.0,11.0,333.0,61.0,250.0,1234411.0,87.10000000000001,95.2,-9.8,6.7,2636466.0,6794449.0,1263701.0,43.4,0.0,24172.0,24061.0,1.3,1.4,3.4,3.4,18391.0,18458.0,55386.0,-1.2,2.2,12.0,12.0,14.0,351.0,109.0,146.0,485.0,137.0,244.0,14.0,8.0,12.0,508.0,135.0,212.0,957442.0,-373.4,-304.2,2.1999999999999997,-9.5,2650041.0,6840239.0,1028472.0,45.7,0.0,23999.0,23975.0,-5.6,-5.6,3.5,3.5,18525.0,18631.0,55328.0,-1.7,0.2,14.0,12.0,13.0,312.0,128.0,171.0,379.0,88.0,144.0,15.0,10.0,12.0,233.0,102.0,136.0,1262620.0,-90.80000000000001,-13.399999999999999,6.0,-3.0000000000000004,2618059.0,7051687.0,1325033.0,51.1,0.0,22178.0,22113.0,-2.6,-2.6,3.3,3.3,13980.0,14145.0,0.5,-0.5,0.2,14.0,12.0,12.0,332.0,121.0,159.0,542.0,121.0,182.0,13.0,8.0,11.0,422.0,114.0,177.0,1287753.3333333333,-357.1666666666667,40.93333333333333,0.7000000000000023,13.833333333333334,2635452.3333333335,6815566.666666667,1291058.0,39.50000000000001,0.0,23981.333333333332,23854.0,-0.39999999999999974,-0.43333333333333357,3.133333333333333,3.133333333333333,17298.666666666668,17370.666666666668,58074.0,0.3333333333333332,1.9000000000000001,12.0,13.333333333333334,12.0,430.6666666666667,99.33333333333333,195.66666666666666,421.3333333333333,143.66666666666666,212.66666666666666,13.333333333333334,7.333333333333333,10.333333333333334,341.6666666666667,113.66666666666667,224.0,1214126.1666666667,-231.3166666666667,83.63333333333334,-1.2833333333333332,9.316666666666666,2639577.0,6818280.666666667,1232055.5,42.0,0.0,23986.333333333332,23867.833333333332,0.2333333333333334,0.2333333333333333,3.2999999999999994,3.2999999999999994,17777.5,17855.833333333332,56331.666666666664,2.4499999999999997,0.20000000000000007,12.5,12.666666666666666,13.0,378.0,107.83333333333333,183.0,439.6666666666667,132.5,208.0,13.833333333333334,8.333333333333334,11.333333333333334,363.3333333333333,118.5,205.66666666666666,1207245.6666666667,-107.90000000000002,12.15833333333334,0.2666666666666668,3.908333333333333,2639522.0,6869808.916666667,1242229.3333333333,44.49166666666667,0.0,23696.0,23606.583333333332,-0.4416666666666668,-0.425,3.3166666666666664,3.316666666666667,17415.333333333332,17524.5,56435.5,1.3916666666666668,0.2083333333333334,13.166666666666666,12.583333333333334,12.833333333333334,359.6666666666667,109.83333333333333,177.08333333333334,447.4166666666667,123.25,197.66666666666666,13.75,9.166666666666666,11.083333333333334,402.5,116.25,190.41666666666666,2.8160264070595353,4.598137206760544,69.377990430622,-255.94713656387663,4512.499999999999,-650.7462686567164,-315.7894736842106,-31.666666666666654,-9.37499999999999,-583.3333333333333,0.20833301687170902,0.7910822483374158,0.3950502032569636,-3.0059190091675903,2.0220542471619307,-1.0313705394507156,-1.2755102040816313,-24.26614481409002,,,0.38121570105986713,8.044007575074396,0.20627236371291158,7.647085424863209,-284.6153846153846,-192.3076923076923,-278.57142857142856,-196.15384615384613,-3.2258064516129115,-9.090909090909083,-3.2258064516129115,-9.090909090909083,-10.888974092129045,16.373390557939913,-10.722865254422365,15.60268646164722,4.0882465079200125,12012100.0,-257.14285714285717,120.00000000000001,-19.23076923076923,950.0,0.0,-14.28571428571429,63.63636363636365,50.0,0.0,0.0,-8.28282828282828,36.74698795180722,-0.8130081300813052,0.8264462809917328,-2.898550724637683,26.415094339622634,-8.520179372197312,-24.723247232472325,-1.3605442176870763,19.834710743801654,0.9132420091324311,21.42857142857142,0.0,0.0,0.0,-12.5,0.0,-9.090909090909093,-3.966005665722383,-19.66824644549763,20.472440944881896,34.210526315789465,-2.8037383177570097,17.514124293785315,2020,10,4,0,0,0,1
2020-11-01,770853.0,37.94,731919.0,3264856.0,21.2,13.100000000000001,-9.800000000000006,22.100000000000005,57.5,69.5,20.9,6080908.0,8724625.0,48.28,3806456.0,636084.0,1320663.0,-19.0,-29.1,11.7,19.6,2659524.0,6871948.0,1307026.0,38.2,0.0,22970.0,22824.0,-2.1,-2.0,2.9,2.9,15967.0,16047.0,60637.0,0.6,1.7,12.0,10.0,12.0,320.0,141.0,167.0,487.0,144.0,233.0,13.0,7.0,10.0,359.0,145.0,201.0,1320677.0,141.6,73.8,4.1000000000000005,14.5,2638770.0,6839719.0,1311367.0,38.7,0.0,23962.0,23804.0,2.4,2.5,3.0,3.0,16269.0,16352.0,60061.0,-1.1,2.1,12.0,18.0,12.0,454.0,122.0,201.0,408.0,145.0,221.0,13.0,7.0,10.0,339.0,153.0,208.0,1284505.0,83.6,1.6,-1.9,15.999999999999998,2633284.0,6812805.0,1285376.0,39.2,0.0,23871.0,23755.0,-1.3,-1.4,3.1,3.1,18257.0,18316.0,57702.0,0.7,2.6,12.0,11.0,12.0,495.0,123.0,207.0,446.0,147.0,219.0,13.0,7.0,10.0,353.0,127.0,214.0,1258078.0,-1296.7,47.4,-0.09999999999999967,11.0,2634303.0,6794176.0,1276431.0,40.6,0.0,24111.0,24003.0,-2.3,-2.4,3.3,3.3,17370.0,17444.0,56459.0,1.4,1.0,12.0,11.0,12.0,343.0,53.0,179.0,410.0,139.0,198.0,14.0,8.0,11.0,333.0,61.0,250.0,1065891.0,-321.6000000000001,42.50000000000001,2.1000000000000005,8.1,2647542.0,6862456.0,1060522.0,45.0,0.0,23797.0,23729.0,-0.9,-0.9,3.5,3.5,18340.0,18441.0,53958.0,14.1,0.3,14.0,12.0,14.0,326.0,113.0,184.0,462.0,103.0,171.0,15.0,10.0,13.0,291.0,99.0,142.0,1214270.0,-408.7,-11.299999999999999,2.7,-13.7,2626176.0,6968827.0,1313918.0,49.4,0.0,21920.0,21863.0,2.9,2.9,3.3,3.3,14821.0,15010.0,57200.0,-0.3,0.2,13.0,11.0,12.0,300.0,113.0,156.0,551.0,116.0,211.0,13.0,8.0,9.0,419.0,116.0,176.0,1308615.0,68.73333333333333,15.433333333333335,4.6333333333333355,16.7,2643859.3333333335,6841490.666666667,1301256.3333333333,38.7,0.0,23601.0,23461.0,-0.3333333333333332,-0.30000000000000027,3.0,3.0,16831.0,16905.0,59466.666666666664,0.06666666666666661,2.1333333333333333,12.0,13.0,12.0,423.0,128.66666666666666,191.66666666666666,447.0,145.33333333333334,224.33333333333334,13.0,7.0,10.0,350.3333333333333,141.66666666666666,207.66666666666666,1256588.1666666667,-180.88333333333333,71.7,0.31666666666666643,11.233333333333334,2641574.0,6819862.666666667,1273139.5,40.86666666666667,0.0,23848.5,23717.0,0.03333333333333336,0.04999999999999997,3.1999999999999997,3.1999999999999997,17382.0,17456.833333333332,57444.833333333336,0.19999999999999965,0.4333333333333334,12.166666666666666,12.333333333333334,12.666666666666666,377.0,112.5,180.16666666666666,443.8333333333333,139.33333333333334,218.33333333333334,13.5,7.833333333333333,10.833333333333334,374.6666666666667,126.16666666666667,215.5,1216111.75,-75.42500000000003,10.675000000000006,1.0166666666666666,6.683333333333333,2642301.0,6861735.666666667,1241655.0,43.55833333333334,0.0,23783.5,23686.666666666668,-0.8583333333333334,-0.8333333333333334,3.283333333333333,3.283333333333333,17510.833333333332,17610.916666666668,56721.916666666664,1.4666666666666668,0.3333333333333334,13.083333333333334,12.5,12.833333333333334,361.3333333333333,112.16666666666667,178.0,442.0833333333333,125.58333333333333,199.5,13.75,9.083333333333334,11.166666666666666,397.5,118.66666666666667,192.5,-0.0010600623771006568,8.761889859751125,-113.4180790960452,-95.35111328602888,-139.4308943089431,157.52212389380534,185.36585365853654,333.3333333333333,35.17241379310345,-243.06569343065698,0.7865028024420573,1.2698311156601916,0.47120356845069544,-1.3901765677351463,-0.3310286136527729,-0.5245380609748884,-1.2919896640826822,-22.672064777327925,,,-4.1398881562473955,4.790145985401462,-4.116955133590993,4.395554132552704,-187.5,-172.41379310344826,-180.0,-168.9655172413793,-3.3333333333333326,-12.121212121212121,-3.3333333333333326,-12.121212121212121,-1.8562911057840026,7.732271776533306,-1.8652152641878694,6.90872751499001,0.9590249912588833,6.008741258741268,-154.54545454545453,-300.0,-19.047619047619058,750.0,0.0,-7.692307692307687,-44.44444444444444,-9.090909090909093,0.0,0.0,-29.51541850220264,6.666666666666665,15.573770491803284,24.778761061946895,-16.91542288557214,7.051282051282048,19.362745098039213,-11.615245009074416,-0.6896551724137945,24.13793103448276,5.429864253393668,10.426540284360186,0.0,0.0,0.0,-12.5,0.0,11.111111111111116,5.899705014749257,-14.319809069212408,-5.228758169934644,25.0,-3.3653846153846145,14.204545454545459,2020,11,4,0,0,0,1
2020-12-01,771672.0,37.2,742512.0,3348092.0,4.3,31.8,449.20000000000005,193.2,58.2,103.1,12.700000000000001,6099187.0,8769902.0,47.03,3915414.0,633129.0,1347500.0,36.7,69.3,-5.5,19.7,2649471.0,6896216.0,1341896.0,40.2,0.0,23529.0,23321.0,1.7,1.7,2.9,2.9,15791.0,15879.0,61656.0,0.0,0.0,12.0,10.0,12.0,415.0,141.0,192.0,466.0,164.0,257.0,14.0,9.0,11.0,331.0,197.0,224.0,1320663.0,-19.0,-29.1,11.7,19.6,2659524.0,6871948.0,1307026.0,38.2,0.0,22970.0,22824.0,-2.1,-2.0,2.9,2.9,15967.0,16047.0,60637.0,0.6,1.7,12.0,10.0,12.0,320.0,141.0,167.0,487.0,144.0,233.0,13.0,7.0,10.0,359.0,145.0,201.0,1320677.0,141.6,73.8,4.1000000000000005,14.5,2638770.0,6839719.0,1311367.0,38.7,0.0,23962.0,23804.0,2.4,2.5,3.0,3.0,16269.0,16352.0,60061.0,-1.1,2.1,12.0,18.0,12.0,454.0,122.0,201.0,408.0,145.0,221.0,13.0,7.0,10.0,339.0,153.0,208.0,1284505.0,83.6,1.6,-1.9,15.999999999999998,2633284.0,6812805.0,1285376.0,39.2,0.0,23871.0,23755.0,-1.3,-1.4,3.1,3.1,18257.0,18316.0,57702.0,0.7,2.6,12.0,11.0,12.0,495.0,123.0,207.0,446.0,147.0,219.0,13.0,7.0,10.0,353.0,127.0,214.0,1121195.0,-81.89999999999998,241.3,-2.0999999999999996,-0.39999999999999997,2647097.0,6806079.0,1194936.0,45.1,0.0,24005.0,23855.0,2.2,2.2,3.5,3.5,18038.0,18124.0,54424.0,0.8,-7.0,13.0,12.0,14.0,299.0,127.0,181.0,427.0,124.0,195.0,14.0,10.0,12.0,356.0,136.0,208.0,1225215.0,1423.6,4.1,4.2,-4.499999999999999,2636643.0,6901745.0,1309105.0,47.2,0.0,23074.0,22971.0,-0.8,-0.5,3.2,3.2,15612.0,15788.0,56801.0,2.2,0.2,14.0,11.0,12.0,396.0,110.0,140.0,462.0,124.0,202.0,13.0,8.0,11.0,524.0,151.0,225.0,1329613.3333333333,53.1,38.0,3.4333333333333353,17.933333333333334,2649255.0,6869294.333333333,1320096.3333333333,39.03333333333334,0.0,23487.0,23316.333333333332,0.6666666666666669,0.7333333333333331,2.9333333333333336,2.9333333333333336,16009.0,16092.666666666666,60784.666666666664,-0.1666666666666667,1.2666666666666666,12.0,12.666666666666666,12.0,396.3333333333333,134.66666666666666,186.66666666666666,453.6666666666667,151.0,237.0,13.333333333333334,7.666666666666667,10.333333333333334,343.0,165.0,211.0,1294305.6666666667,-161.1166666666667,43.03333333333333,-0.2500000000000002,14.583333333333334,2641969.6666666665,6834885.5,1297632.8333333333,40.050000000000004,0.0,23769.166666666668,23628.0,-0.05000000000000001,-0.0333333333333334,3.1,3.0999999999999996,17007.5,17082.666666666668,58650.166666666664,0.06666666666666633,1.6000000000000003,12.0,12.0,12.333333333333334,396.3333333333333,114.83333333333333,182.0,450.3333333333333,146.0,228.66666666666666,13.5,7.666666666666667,10.666666666666666,370.5,136.33333333333334,218.16666666666666,1226302.1666666667,-191.0,16.108333333333338,0.20833333333333326,8.7,2643370.0,6861274.916666667,1244387.5833333333,42.975,0.0,23821.416666666668,23715.833333333332,-0.6500000000000002,-0.65,3.258333333333333,3.2583333333333333,17525.75,17618.5,57126.5,1.2833333333333334,0.3166666666666667,12.916666666666666,12.416666666666666,12.833333333333334,362.9166666666667,114.75,182.33333333333334,442.4166666666667,128.91666666666666,204.08333333333334,13.833333333333334,9.166666666666666,11.166666666666666,381.4166666666667,122.5,192.41666666666666,2.0320853995303922,9.980697265377913,-293.1578947368421,-97.42202865973589,-338.1443298969072,1590.2439024390244,-147.00854700854703,-230.95238095238093,0.5102040816326481,-537.7777777777778,-0.37799997292748966,0.4865277551795888,0.35314586198846865,-0.0801101750354416,2.6678887795652084,2.5048410937243304,5.235602094240832,-14.830508474576265,,,2.4336090552895095,1.9719164427494107,2.1775324220119074,1.5236602672935362,-180.95238095238093,-312.5,-185.0,-440.00000000000006,0.0,-9.37500000000001,0.0,-9.37500000000001,-1.1022734389678712,1.146553932872152,-1.0469246588147296,0.5763871294654166,1.6804921087784752,8.547384729142093,-100.0,-100.0,-100.0,-100.0,0.0,-14.28571428571429,0.0,-9.090909090909093,0.0,0.0,29.6875,4.797979797979801,0.0,28.181818181818173,14.970059880239518,37.142857142857146,-4.312114989733063,0.8658008658008587,13.888888888888884,32.258064516129025,10.300429184549365,27.22772277227723,7.692307692307687,7.692307692307687,28.57142857142858,12.5,10.000000000000009,0.0,-7.799442896935938,-36.832061068702295,35.862068965517246,30.4635761589404,11.442786069651746,-0.4444444444444473,2020,12,4,0,0,0,1
2021-01-01,782607.0,36.58,751959.0,3451893.0,26.2,21.9,137.9,228.3,82.9,54.7,33.5,6141777.0,8821795.0,46.35,4029542.0,628134.0,1389456.0,86.60000000000001,59.8,14.4,21.5,2656542.0,6930423.0,1373873.0,39.9,0.0,22624.0,22454.0,2.3,2.4,2.8,2.7,16317.0,16418.0,62148.0,5.3,1.4,12.0,8.0,12.0,326.0,604.0,181.0,557.0,161.0,244.0,15.0,9.0,11.0,484.0,163.0,210.0,1347500.0,36.7,69.3,-5.5,19.7,2649471.0,6896216.0,1341896.0,40.2,0.0,23529.0,23321.0,1.7,1.7,2.9,2.9,15791.0,15879.0,61656.0,0.0,0.0,12.0,10.0,12.0,415.0,141.0,192.0,466.0,164.0,257.0,14.0,9.0,11.0,331.0,197.0,224.0,1320663.0,-19.0,-29.1,11.7,19.6,2659524.0,6871948.0,1307026.0,38.2,0.0,22970.0,22824.0,-2.1,-2.0,2.9,2.9,15967.0,16047.0,60637.0,0.6,1.7,12.0,10.0,12.0,320.0,141.0,167.0,487.0,144.0,233.0,13.0,7.0,10.0,359.0,145.0,201.0,1320677.0,141.6,73.8,4.1000000000000005,14.5,2638770.0,6839719.0,1311367.0,38.7,0.0,23962.0,23804.0,2.4,2.5,3.0,3.0,16269.0,16352.0,60061.0,-1.1,2.1,12.0,18.0,12.0,454.0,122.0,201.0,408.0,145.0,221.0,13.0,7.0,10.0,339.0,153.0,208.0,1234411.0,87.10000000000001,95.2,-9.8,6.7,2636466.0,6794449.0,1263701.0,43.4,0.0,24172.0,24061.0,1.3,1.4,3.4,3.4,18391.0,18458.0,55386.0,-1.2,2.2,12.0,12.0,14.0,351.0,109.0,146.0,485.0,137.0,244.0,14.0,8.0,12.0,508.0,135.0,212.0,1313667.0,-360.00000000000006,-19.499999999999996,-1.0000000000000002,9.399999999999999,2640113.0,6934058.0,1297890.0,46.9,0.0,23632.0,23571.0,-2.1,-2.1,3.3,3.3,17388.0,17503.0,56385.0,1.8,0.2,14.0,11.0,12.0,402.0,124.0,184.0,488.0,122.0,212.0,14.0,9.0,10.0,602.0,62.0,163.0,1352539.6666666667,34.76666666666667,33.33333333333333,6.866666666666668,20.266666666666666,2655179.0,6899529.0,1340931.6666666667,39.43333333333334,0.0,23041.0,22866.333333333332,0.6333333333333334,0.6999999999999996,2.8666666666666667,2.8333333333333335,16025.0,16114.666666666666,61480.333333333336,1.9666666666666666,1.0333333333333332,12.0,9.333333333333334,12.0,353.6666666666667,295.3333333333333,180.0,503.3333333333333,156.33333333333334,244.66666666666666,14.0,8.333333333333334,10.666666666666666,391.3333333333333,168.33333333333334,211.66666666666666,1320146.5,-161.20000000000002,37.13333333333333,3.783333333333333,17.05,2645315.6666666665,6857547.833333333,1315994.8333333333,39.46666666666667,0.0,23511.166666666668,23360.166666666668,0.11666666666666663,0.13333333333333328,3.0,2.983333333333333,16661.833333333332,16742.666666666668,59777.166666666664,1.1499999999999997,1.4666666666666668,12.0,11.333333333333334,12.0,392.1666666666667,197.33333333333334,187.83333333333334,462.3333333333333,150.0,228.66666666666666,13.666666666666666,7.833333333333333,10.5,366.5,141.0,217.83333333333334,1232617.9166666667,-153.78333333333333,22.716666666666672,1.4916666666666665,9.708333333333334,2644739.0833333335,6860972.0,1250719.5,42.39166666666667,0.0,23737.416666666668,23622.75,-0.2833333333333335,-0.27499999999999997,3.216666666666667,3.2083333333333335,17436.5,17528.083333333332,57606.75,1.575,0.41666666666666674,12.75,12.166666666666666,12.833333333333334,356.5833333333333,154.75,182.08333333333334,448.1666666666667,132.16666666666666,206.75,13.916666666666666,9.166666666666666,11.25,371.5833333333333,130.91666666666666,196.33333333333334,3.1136178107606716,5.769270294526696,135.96730245231606,-124.05555555555556,-13.708513708513713,-406.66666666666663,-361.8181818181818,-1539.9999999999998,9.137055837563457,128.7234042553192,0.2668834646614382,0.6222839704209671,0.49602564652846404,-0.05242240546589061,2.382971556663116,5.85434821132762,-0.7462686567164312,-14.925373134328357,,,-3.846317310552938,-4.265402843601896,-3.7176793447965317,-4.738874040134067,35.29411764705881,-209.5238095238095,41.176470588235304,-214.28571428571428,-3.4482758620689724,-15.151515151515149,-6.896551724137923,-18.181818181818176,3.3310113355708992,-6.159420289855078,3.3944203035455534,-6.198937325029997,0.797975866095757,10.22080340516094,inf,194.44444444444443,inf,599.9999999999999,0.0,-14.28571428571429,-19.999999999999996,-27.27272727272727,0.0,0.0,-21.445783132530117,-18.905472636815922,328.3687943262412,387.0967741935484,-5.7291666666666625,-1.6304347826086918,19.52789699570816,14.139344262295083,-1.8292682926829285,31.967213114754102,-5.058365758754868,15.094339622641506,7.14285714285714,7.14285714285714,0.0,0.0,0.0,10.000000000000009,46.223564954682786,-19.60132890365448,-17.25888324873096,162.9032258064516,-6.25,28.834355828220847,2021,1,1,1,0,0,0
2021-02-01,790830.0,37.26,771279.0,3481312.0,20.9,51.4,158.7,-136.2,147.1,95.7,12.6,6234981.0,8946564.0,48.31,3980091.0,633597.0,1410556.0,81.1,-68.7,25.6,31.7,2688312.0,7024015.0,1335840.0,38.8,0.0,22749.0,22690.0,-0.6,-0.6,2.7,2.6,15237.0,15350.0,2.6,-5.2,1.4,12.0,8.0,12.0,321.0,533.0,176.0,552.0,158.0,243.0,17.0,12.0,12.0,348.0,108.0,135.0,1389456.0,86.60000000000001,59.8,14.4,21.5,2656542.0,6930423.0,1373873.0,39.9,0.0,22624.0,22454.0,2.3,2.4,2.8,2.7,16317.0,16418.0,62148.0,5.3,1.4,12.0,8.0,12.0,326.0,604.0,181.0,557.0,161.0,244.0,15.0,9.0,11.0,484.0,163.0,210.0,1347500.0,36.7,69.3,-5.5,19.7,2649471.0,6896216.0,1341896.0,40.2,0.0,23529.0,23321.0,1.7,1.7,2.9,2.9,15791.0,15879.0,61656.0,0.0,0.0,12.0,10.0,12.0,415.0,141.0,192.0,466.0,164.0,257.0,14.0,9.0,11.0,331.0,197.0,224.0,1320663.0,-19.0,-29.1,11.7,19.6,2659524.0,6871948.0,1307026.0,38.2,0.0,22970.0,22824.0,-2.1,-2.0,2.9,2.9,15967.0,16047.0,60637.0,0.6,1.7,12.0,10.0,12.0,320.0,141.0,167.0,487.0,144.0,233.0,13.0,7.0,10.0,359.0,145.0,201.0,1258078.0,-1296.7,47.4,-0.09999999999999967,11.0,2634303.0,6794176.0,1276431.0,40.6,0.0,24111.0,24003.0,-2.3,-2.4,3.3,3.3,17370.0,17444.0,56459.0,1.4,1.0,12.0,11.0,12.0,343.0,53.0,179.0,410.0,139.0,198.0,14.0,8.0,11.0,333.0,61.0,250.0,1348776.0,80.7,25.5,-3.0,15.0,2637054.0,6988465.0,1311581.0,46.4,0.0,23869.0,23787.0,-1.6,-1.6,3.3,3.3,17513.0,17644.0,56787.0,0.1,0.2,14.0,12.0,13.0,286.0,64.0,176.0,427.0,127.0,194.0,13.0,15.0,11.0,497.0,142.0,195.0,1382504.0,68.13333333333334,20.13333333333333,11.500000000000002,24.299999999999997,2664775.0,6950218.0,1350536.3333333333,39.63333333333333,0.0,22967.333333333332,22821.666666666668,1.1333333333333333,1.1666666666666663,2.7999999999999994,2.733333333333333,15781.666666666666,15882.333333333334,41268.86666666667,0.033333333333333215,0.9333333333333332,12.0,8.666666666666666,12.0,354.0,426.0,183.0,525.0,161.0,248.0,15.333333333333334,10.0,11.333333333333334,387.6666666666667,156.0,189.66666666666666,1345559.5,68.43333333333332,17.78333333333333,8.066666666666668,20.5,2654317.1666666665,6895854.333333333,1325896.3333333333,39.166666666666664,0.0,23284.166666666668,23141.333333333332,0.3999999999999999,0.4333333333333332,2.9,2.8666666666666667,16306.333333333334,16393.666666666668,50367.76666666666,0.04999999999999968,1.5333333333333332,12.0,10.833333333333334,12.0,388.5,277.3333333333333,187.33333333333334,486.0,153.16666666666666,236.16666666666666,14.166666666666666,8.5,10.666666666666666,369.0,148.83333333333334,198.66666666666666,1237766.25,-153.75000000000003,14.866666666666674,3.875,11.1,2649010.5833333335,6863934.5,1252741.0833333333,41.75833333333333,0.0,23644.083333333332,23531.333333333332,-0.20000000000000018,-0.19166666666666665,3.1666666666666665,3.1500000000000004,17246.833333333332,17336.916666666668,52874.71666666667,1.133333333333333,0.5166666666666667,12.583333333333334,11.833333333333334,12.75,359.5,193.83333333333334,182.08333333333334,458.5833333333333,134.75,210.83333333333334,14.25,8.916666666666666,11.333333333333334,359.1666666666667,128.08333333333334,191.33333333333334,1.5185799334415773,4.580449236937789,-6.351039260969992,0.4956629491945419,-214.88294314381272,-369.4117647058824,77.77777777777779,-953.3333333333334,47.44186046511627,111.33333333333333,1.1959155925259202,1.9437599685103057,1.3504514803786227,0.5086954002059052,-2.7683053673811187,1.8495998340933628,-2.7568922305764465,-16.37931034482759,,,0.5525106082036713,-4.692278687837781,1.0510376770285879,-4.611762727540258,-126.08695652173914,-62.5,-125.0,-62.5,-3.5714285714285587,-18.181818181818176,-3.703703703703709,-21.212121212121204,-6.618863761720906,-12.99606006966254,-6.505055426970396,-13.001586941736566,-99.99581643817983,-99.99542148731224,-198.11320754716982,-5300.0,0.0,599.9999999999999,0.0,-14.28571428571429,0.0,-33.333333333333336,0.0,-7.692307692307687,-1.5337423312883458,12.23776223776223,-11.754966887417218,732.8125,-2.7624309392265234,0.0,-0.8976660682226245,29.274004683840758,-1.8633540372670843,24.409448818897637,-0.4098360655737654,25.257731958762886,13.33333333333333,30.76923076923077,33.33333333333333,-19.999999999999996,9.090909090909083,9.090909090909083,-28.099173553719005,-29.97987927565392,-33.742331288343564,-23.943661971830988,-35.71428571428571,-30.76923076923077,2021,2,1,1,0,0,0
2021-03-01,800802.0,36.97,779721.0,3515843.0,20.1,27.8,38.3,138.9,102.8,87.3,13.0,6288096.0,9059116.0,47.92,4039156.0,633933.0,1421995.0,0.600000000000001,45.2,15.4,31.1,2708340.0,7106134.0,1359240.0,38.5,0.0,22949.0,22736.0,2.5,2.4,2.5,2.5,14256.0,14343.0,0.03,14.6,1.5,13.0,7.0,13.0,434.0,560.0,209.0,525.0,169.0,236.0,16.0,13.0,20.0,455.0,201.0,273.0,1410556.0,81.1,-68.7,25.6,31.7,2688312.0,7024015.0,1335840.0,38.8,0.0,22749.0,22690.0,-0.6,-0.6,2.7,2.6,15237.0,15350.0,2.6,-5.2,1.4,12.0,8.0,12.0,321.0,533.0,176.0,552.0,158.0,243.0,17.0,12.0,12.0,348.0,108.0,135.0,1389456.0,86.60000000000001,59.8,14.4,21.5,2656542.0,6930423.0,1373873.0,39.9,0.0,22624.0,22454.0,2.3,2.4,2.8,2.7,16317.0,16418.0,62148.0,5.3,1.4,12.0,8.0,12.0,326.0,604.0,181.0,557.0,161.0,244.0,15.0,9.0,11.0,484.0,163.0,210.0,1347500.0,36.7,69.3,-5.5,19.7,2649471.0,6896216.0,1341896.0,40.2,0.0,23529.0,23321.0,1.7,1.7,2.9,2.9,15791.0,15879.0,61656.0,0.0,0.0,12.0,10.0,12.0,415.0,141.0,192.0,466.0,164.0,257.0,14.0,9.0,11.0,331.0,197.0,224.0,1284505.0,83.6,1.6,-1.9,15.999999999999998,2633284.0,6812805.0,1285376.0,39.2,0.0,23871.0,23755.0,-1.3,-1.4,3.1,3.1,18257.0,18316.0,57702.0,0.7,2.6,12.0,11.0,12.0,495.0,123.0,207.0,446.0,147.0,219.0,13.0,7.0,10.0,353.0,127.0,214.0,1142821.0,-269.1,-50.5,5.8,-5.7,2646775.0,6894689.0,1253453.0,46.3,0.0,23940.0,23905.0,0.5,0.4,3.4,3.4,18460.0,18583.0,56735.0,-0.1,0.3,14.0,18.0,14.0,352.0,132.0,200.0,424.0,107.0,161.0,14.0,10.0,12.0,375.0,111.0,156.0,1407335.6666666667,56.099999999999994,12.099999999999994,18.46666666666667,28.099999999999998,2684398.0,7020190.666666667,1356317.6666666667,39.06666666666666,0.0,22774.0,22626.666666666668,1.4000000000000001,1.3999999999999995,2.6666666666666665,2.6,15270.0,15370.333333333334,20716.876666666667,4.8999999999999995,1.4333333333333333,12.333333333333334,7.666666666666667,12.333333333333334,360.3333333333333,565.6666666666666,188.66666666666666,544.6666666666666,162.66666666666666,241.0,16.0,11.333333333333334,14.333333333333334,429.0,157.33333333333334,206.0,1368474.5,54.59999999999997,25.049999999999997,10.950000000000001,23.016666666666666,2666826.5,6944742.5,1338207.0,39.050000000000004,0.0,23130.5,22971.5,1.0333333333333332,1.0666666666666667,2.7999999999999994,2.766666666666667,15639.5,15731.5,40750.77166666667,2.3666666666666663,1.3499999999999999,12.166666666666666,10.166666666666666,12.166666666666666,378.3333333333333,350.1666666666667,187.66666666666666,499.1666666666667,156.83333333333334,239.0,14.666666666666666,9.5,12.333333333333334,386.0,161.16666666666666,208.5,1261030.75,-131.275,22.841666666666672,4.675,14.166666666666666,2654141.0,6881554.916666667,1261556.6666666667,41.108333333333334,0.0,23561.5,23433.916666666668,-0.03333333333333351,-0.024999999999999984,3.0916666666666663,3.0750000000000006,16896.5,16983.583333333332,48146.8025,2.3583333333333334,0.6166666666666667,12.5,10.916666666666666,12.666666666666666,366.3333333333333,229.5,182.83333333333334,467.0,139.91666666666666,217.08333333333334,14.416666666666666,9.166666666666666,12.0,365.8333333333333,135.58333333333334,201.08333333333334,0.8109568141924095,24.42849755123506,-99.26017262638717,-100.22296544035673,-165.79330422125182,-189.50495049504948,-39.84375,165.51724137931038,-1.8927444794952564,-645.6140350877192,0.7450028121735786,2.3260382918835143,1.1691176627612654,3.0667808221661597,1.751706791232488,8.439646321002868,-0.773195876288657,-16.846652267818573,,,0.8791595234955318,-4.139515455304932,0.20273248126927434,-4.890190336749633,-516.6666666666667,400.0,-500.0,499.9999999999999,-7.407407407407418,-26.470588235294112,-3.8461538461538547,-26.470588235294112,-6.438275251033665,-22.77356446370531,-6.560260586319222,-22.816552763278263,-98.84615384615385,-99.99994712258746,-380.7692307692308,-14700.0,7.14285714285714,400.0,8.333333333333325,-7.14285714285714,-12.5,-61.111111111111114,8.333333333333325,-7.14285714285714,35.202492211838,23.29545454545454,5.065666041275807,324.24242424242425,18.75,4.499999999999993,-4.891304347826086,23.820754716981128,6.962025316455689,57.94392523364487,-2.8806584362139898,46.58385093167703,-5.882352941176472,14.28571428571428,8.333333333333325,30.000000000000004,66.66666666666667,66.66666666666667,30.747126436781613,21.333333333333336,86.11111111111111,81.08108108108108,102.22222222222221,75.0,2021,3,1,1,0,0,0
2021-04-01,803811.0,36.81,791604.0,3543897.0,12.3,30.3,2.3999999999999946,137.8,94.2,73.5,35.9,6336559.0,9156980.0,47.08,4094133.0,636087.0,1426665.0,0.900000000000003,57.6,16.2,26.8,2726646.0,7173601.0,1379150.0,37.4,0.0,22992.0,22745.0,-1.5,-1.5,2.4,2.4,12835.0,12948.0,65398.0,36582.0,1.5,13.0,7.0,13.0,422.0,557.0,178.0,545.0,154.0,224.0,17.0,13.0,13.0,421.0,142.0,176.0,1421995.0,0.600000000000001,45.2,15.4,31.1,2708340.0,7106134.0,1359240.0,38.5,0.0,22949.0,22736.0,2.5,2.4,2.5,2.5,14256.0,14343.0,0.03,14.6,1.5,13.0,7.0,13.0,434.0,560.0,209.0,525.0,169.0,236.0,16.0,13.0,20.0,455.0,201.0,273.0,1410556.0,81.1,-68.7,25.6,31.7,2688312.0,7024015.0,1335840.0,38.8,0.0,22749.0,22690.0,-0.6,-0.6,2.7,2.6,15237.0,15350.0,2.6,-5.2,1.4,12.0,8.0,12.0,321.0,533.0,176.0,552.0,158.0,243.0,17.0,12.0,12.0,348.0,108.0,135.0,1389456.0,86.60000000000001,59.8,14.4,21.5,2656542.0,6930423.0,1373873.0,39.9,0.0,22624.0,22454.0,2.3,2.4,2.8,2.7,16317.0,16418.0,62148.0,5.3,1.4,12.0,8.0,12.0,326.0,604.0,181.0,557.0,161.0,244.0,15.0,9.0,11.0,484.0,163.0,210.0,1320677.0,141.6,73.8,4.1000000000000005,14.5,2638770.0,6839719.0,1311367.0,38.7,0.0,23962.0,23804.0,2.4,2.5,3.0,3.0,16269.0,16352.0,60061.0,-1.1,2.1,12.0,18.0,12.0,454.0,122.0,201.0,408.0,145.0,221.0,13.0,7.0,10.0,339.0,153.0,208.0,957442.0,-373.4,-304.2,2.1999999999999997,-9.5,2650041.0,6840239.0,1028472.0,45.7,0.0,23999.0,23975.0,-5.6,-5.6,3.5,3.5,18525.0,18631.0,55328.0,-1.7,0.2,14.0,12.0,13.0,312.0,128.0,171.0,379.0,88.0,144.0,15.0,10.0,12.0,233.0,102.0,136.0,1419738.6666666667,27.53333333333333,11.366666666666662,19.06666666666667,29.866666666666664,2707766.0,7101250.0,1358076.6666666667,38.23333333333333,0.0,22896.666666666668,22723.666666666668,0.13333333333333344,0.09999999999999964,2.533333333333333,2.5,14109.333333333334,14213.666666666666,21800.21,12197.133333333333,1.4666666666666668,12.666666666666666,7.333333333333333,12.666666666666666,392.3333333333333,550.0,187.66666666666666,540.6666666666666,160.33333333333334,234.33333333333334,16.666666666666668,12.666666666666666,15.0,408.0,150.33333333333334,194.66666666666666,1386139.1666666667,31.14999999999998,22.349999999999998,12.966666666666667,25.066666666666666,2681472.5,7000389.5,1349504.1666666667,38.833333333333336,0.0,22968.833333333332,22795.0,0.3833333333333333,0.3999999999999999,2.6999999999999997,2.6666666666666665,15067.166666666666,15164.166666666666,41640.27166666667,6099.55,1.25,12.333333333333334,8.333333333333334,12.333333333333334,373.0,422.6666666666667,183.83333333333334,522.0,158.33333333333334,239.5,15.333333333333334,10.5,12.833333333333334,399.6666666666667,159.33333333333334,203.16666666666666,1300132.6666666667,-100.08333333333333,52.991666666666674,5.841666666666666,17.191666666666666,2660524.75,6909335.083333333,1290779.8333333333,40.416666666666664,0.0,23477.583333333332,23331.416666666668,0.3083333333333331,0.31666666666666665,2.9999999999999996,2.983333333333334,16422.333333333332,16510.0,48985.96916666667,3051.0,0.7250000000000001,12.416666666666666,10.5,12.666666666666666,375.5,265.25,183.41666666666666,480.8333333333333,145.41666666666666,223.75,14.583333333333334,9.416666666666666,12.083333333333334,381.5,138.91666666666666,204.41666666666666,0.3284118439234929,49.00798168453024,50.00000000000027,-100.2410283877879,27.43362831858407,-118.93491124260356,5.1948051948051965,636.3636363636364,-13.826366559485537,-382.10526315789474,0.6759121823700198,2.890709992788798,0.949419191926304,4.873543161284277,1.4647891468761998,34.09699048685817,-2.857142857142858,-18.16192560175055,,,0.18737199877989497,-4.196008167006959,0.0395847994370202,-5.130344108446295,-160.0,-73.21428571428572,-162.5,-73.21428571428572,-4.0000000000000036,-31.428571428571427,-4.0000000000000036,-31.428571428571427,-9.967732884399549,-30.71524966261808,-9.725998745032417,-30.502925232139976,217993233.33333334,18.200549450549453,250461.64383561644,-2151982.3529411764,0.0,650.0,0.0,-7.14285714285714,0.0,-41.666666666666664,0.0,0.0,-2.7649769585253448,35.25641025641026,-0.5357142857142838,335.15625,-14.832535885167463,4.093567251461994,3.809523809523818,43.799472295514505,-8.875739644970416,75.0,-5.0847457627118615,55.55555555555556,6.25,13.33333333333333,0.0,30.000000000000004,-35.0,8.333333333333325,-7.472527472527468,80.68669527896996,-29.35323383084577,39.2156862745098,-35.531135531135526,29.41176470588236,2021,4,2,0,1,0,0
2021-05-01,815517.0,36.96,807117.0,3570930.0,27.7,45.6,20.700000000000003,35.5,142.6,87.2,46.9,6437450.0,9262404.0,48.72,4127546.0,644079.0,1421288.0,-15.9,-44.5,29.2,27.8,2764028.0,7247735.0,1367202.0,36.5,0.0,23278.0,23000.0,-0.5,-0.4,2.4,2.3,12684.0,12762.0,67018.0,-4.0,149663.0,13.0,7.0,13.0,365.0,571.0,185.0,527.0,139.0,224.0,17.0,14.0,13.0,481.0,168.0,266.0,1426665.0,0.900000000000003,57.6,16.2,26.8,2726646.0,7173601.0,1379150.0,37.4,0.0,22992.0,22745.0,-1.5,-1.5,2.4,2.4,12835.0,12948.0,65398.0,36582.0,1.5,13.0,7.0,13.0,422.0,557.0,178.0,545.0,154.0,224.0,17.0,13.0,13.0,421.0,142.0,176.0,1421995.0,0.600000000000001,45.2,15.4,31.1,2708340.0,7106134.0,1359240.0,38.5,0.0,22949.0,22736.0,2.5,2.4,2.5,2.5,14256.0,14343.0,0.03,14.6,1.5,13.0,7.0,13.0,434.0,560.0,209.0,525.0,169.0,236.0,16.0,13.0,20.0,455.0,201.0,273.0,1410556.0,81.1,-68.7,25.6,31.7,2688312.0,7024015.0,1335840.0,38.8,0.0,22749.0,22690.0,-0.6,-0.6,2.7,2.6,15237.0,15350.0,2.6,-5.2,1.4,12.0,8.0,12.0,321.0,533.0,176.0,552.0,158.0,243.0,17.0,12.0,12.0,348.0,108.0,135.0,1320663.0,-19.0,-29.1,11.7,19.6,2659524.0,6871948.0,1307026.0,38.2,0.0,22970.0,22824.0,-2.1,-2.0,2.9,2.9,15967.0,16047.0,60637.0,0.6,1.7,12.0,10.0,12.0,320.0,141.0,167.0,487.0,144.0,233.0,13.0,7.0,10.0,359.0,145.0,201.0,1065891.0,-321.6000000000001,42.50000000000001,2.1000000000000005,8.1,2647542.0,6862456.0,1060522.0,45.0,0.0,23797.0,23729.0,-0.9,-0.9,3.5,3.5,18340.0,18441.0,53958.0,14.1,0.3,14.0,12.0,14.0,326.0,113.0,184.0,462.0,103.0,171.0,15.0,10.0,13.0,291.0,99.0,142.0,1423316.0,-4.799999999999999,19.433333333333326,20.26666666666667,28.566666666666666,2733004.6666666665,7175823.333333333,1368530.6666666667,37.46666666666667,0.0,23073.0,22827.0,0.16666666666666682,0.1666666666666663,2.433333333333333,2.4,13258.333333333334,13351.0,44138.676666666666,12197.533333333333,49888.666666666664,13.0,7.0,13.0,407.0,562.6666666666666,190.66666666666666,532.3333333333334,154.0,228.0,16.666666666666668,13.333333333333334,15.333333333333334,452.3333333333333,170.33333333333334,238.33333333333334,1402910.0,31.666666666666647,19.78333333333333,15.883333333333333,26.433333333333337,2698889.8333333335,7063020.666666667,1359533.5,38.550000000000004,0.0,23020.166666666668,22824.333333333332,0.65,0.6666666666666666,2.6166666666666667,2.5666666666666664,14520.0,14616.666666666666,42703.77166666667,6098.783333333334,24944.8,12.5,7.833333333333333,12.5,380.5,494.3333333333333,186.83333333333334,528.6666666666666,157.5,238.0,16.0,11.666666666666666,13.333333333333334,420.0,163.16666666666666,214.0,1329749.0833333333,-74.60833333333333,45.741666666666674,8.1,18.833333333333332,2670231.9166666665,6941441.666666667,1316336.5,39.708333333333336,0.0,23434.333333333332,23270.666666666668,0.3416666666666665,0.35833333333333334,2.9083333333333337,2.8833333333333333,15951.0,16036.75,50074.3025,3049.491666666667,12472.616666666667,12.333333333333334,10.083333333333334,12.583333333333334,378.75,303.4166666666667,183.5,486.25,148.41666666666666,228.16666666666666,14.75,9.75,12.083333333333334,397.3333333333333,144.66666666666666,214.75,-0.3768929636600027,33.34271515567726,-1866.6666666666608,-95.05597014925374,-177.25694444444443,-204.70588235294116,80.24691358024691,1290.4761904761901,3.731343283582089,243.2098765432099,1.3709883864645445,4.3997791158742805,1.033427981288626,5.614301935050658,-0.8663307109451512,28.917834802106878,-2.4064171122994638,-18.88888888888889,,,1.2439109255393266,-2.180947178215742,1.1211255220927585,-3.072190147077414,-66.66666666666667,-44.44444444444444,-73.33333333333334,-55.55555555555556,0.0,-31.428571428571427,-4.166666666666674,-34.285714285714285,-1.17647058823529,-30.839694656488547,-1.4365152919369795,-30.795510004880434,2.4771399736994937,24.204010526705954,-100.01093433929256,-128.36879432624113,9977433.333333332,49887566.66666667,0.0,-7.14285714285714,0.0,-41.666666666666664,0.0,-7.14285714285714,-13.507109004739338,11.963190184049077,2.5134649910233398,405.3097345132743,3.93258426966292,0.5434782608695565,-3.302752293577982,14.069264069264076,-9.740259740259738,34.95145631067962,0.0,30.99415204678362,0.0,13.33333333333333,7.692307692307687,39.99999999999999,0.0,0.0,14.251781472684089,65.29209621993127,18.309859154929576,69.6969696969697,51.13636363636365,87.32394366197182,2021,5,2,0,1,0,0
2021-06-01,824406.0,37.13,822981.0,3646789.0,23.9,44.1,49.300000000000004,99.7,128.6,60.9,37.9,6533552.0,9383979.0,48.51,4199337.0,652464.0,1458655.0,64.7,32.8,27.799999999999997,30.400000000000002,2804003.0,7338786.0,1387668.0,36.1,0.0,23216.0,22950.0,3.7,3.5,2.3,2.3,12354.0,12469.0,68295.0,-1.6,149245.0,14.0,7.0,13.0,364.0,475.0,169.0,518.0,133.0,917.0,16.0,13.0,13.0,469.0,131.0,196.0,1421288.0,-15.9,-44.5,29.2,27.8,2764028.0,7247735.0,1367202.0,36.5,0.0,23278.0,23000.0,-0.5,-0.4,2.4,2.3,12684.0,12762.0,67018.0,-4.0,149663.0,13.0,7.0,13.0,365.0,571.0,185.0,527.0,139.0,224.0,17.0,14.0,13.0,481.0,168.0,266.0,1426665.0,0.900000000000003,57.6,16.2,26.8,2726646.0,7173601.0,1379150.0,37.4,0.0,22992.0,22745.0,-1.5,-1.5,2.4,2.4,12835.0,12948.0,65398.0,36582.0,1.5,13.0,7.0,13.0,422.0,557.0,178.0,545.0,154.0,224.0,17.0,13.0,13.0,421.0,142.0,176.0,1421995.0,0.600000000000001,45.2,15.4,31.1,2708340.0,7106134.0,1359240.0,38.5,0.0,22949.0,22736.0,2.5,2.4,2.5,2.5,14256.0,14343.0,0.03,14.6,1.5,13.0,7.0,13.0,434.0,560.0,209.0,525.0,169.0,236.0,16.0,13.0,20.0,455.0,201.0,273.0,1347500.0,36.7,69.3,-5.5,19.7,2649471.0,6896216.0,1341896.0,40.2,0.0,23529.0,23321.0,1.7,1.7,2.9,2.9,15791.0,15879.0,61656.0,0.0,0.0,12.0,10.0,12.0,415.0,141.0,192.0,466.0,164.0,257.0,14.0,9.0,11.0,331.0,197.0,224.0,1121195.0,-81.89999999999998,241.3,-2.0999999999999996,-0.39999999999999997,2647097.0,6806079.0,1194936.0,45.1,0.0,24005.0,23855.0,2.2,2.2,3.5,3.5,18038.0,18124.0,54424.0,0.8,-7.0,13.0,12.0,14.0,299.0,127.0,181.0,427.0,124.0,195.0,14.0,10.0,12.0,356.0,136.0,208.0,1435536.0,16.566666666666666,15.299999999999997,24.400000000000002,28.333333333333332,2764892.3333333335,7253374.0,1378006.6666666667,36.666666666666664,0.0,23162.0,22898.333333333332,0.5666666666666669,0.533333333333333,2.3666666666666667,2.333333333333333,12624.333333333334,12726.333333333334,66903.66666666667,12192.133333333333,99636.5,13.333333333333334,7.0,13.0,383.6666666666667,534.3333333333334,177.33333333333334,530.0,142.0,455.0,16.666666666666668,13.333333333333334,13.0,457.0,147.0,212.66666666666666,1421435.8333333333,36.33333333333332,13.699999999999998,21.433333333333334,28.216666666666665,2724645.1666666665,7136782.333333333,1367162.1666666667,37.86666666666667,0.0,22968.0,22762.5,0.9833333333333334,0.9666666666666667,2.5166666666666666,2.466666666666667,13947.166666666666,14048.333333333334,43810.27166666667,6098.516666666667,49818.96666666667,12.833333333333334,7.333333333333333,12.666666666666666,372.0,550.0,183.0,537.3333333333334,152.33333333333334,348.0,16.333333333333332,12.333333333333334,13.666666666666666,443.0,152.16666666666666,209.33333333333334,1357870.75,-62.39166666666668,28.36666666666667,10.591666666666667,21.400000000000002,2683307.4166666665,6985833.916666667,1332397.5,38.958333333333336,0.0,23368.583333333332,23195.25,0.4666666666666665,0.4666666666666666,2.8083333333333336,2.783333333333333,15477.333333333334,15565.5,51230.21916666667,3049.2916666666665,24910.283333333336,12.416666666666666,9.666666666666666,12.5,384.1666666666667,332.4166666666667,182.5,493.8333333333333,149.16666666666666,288.3333333333333,14.916666666666666,10.0,12.166666666666666,406.75,144.25,213.75,2.62909417373538,30.098243392095036,-506.9182389937107,-178.99877899877902,-173.7078651685393,-86.40696228760879,-4.794520547945213,-1423.8095238095239,9.35251798561152,-7700.000000000002,1.4462588656844355,5.92747451264537,1.256268337625488,7.826929425885298,1.496925838317975,16.12906465283497,-1.0958904109588996,-19.955654101995567,,,-0.26634590600567165,-3.2868152468235823,-0.21739130434782483,-3.793753929993715,-840.0,68.18181818181816,-975.0,59.09090909090908,-4.166666666666674,-34.285714285714285,0.0,-34.285714285714285,-2.6017029328287644,-31.5112540192926,-2.295878388967243,-31.201721474288235,1.9054582351010207,25.486917536381014,-60.0,-300.0,-0.27929414751809434,-2132171.4285714286,7.692307692307687,7.692307692307687,0.0,-41.666666666666664,0.0,-7.14285714285714,-0.2739726027397249,21.739130434782616,-16.81260945709282,274.01574803149606,-8.64864864864865,-6.629834254143652,-1.7077798861480087,21.311475409836067,-4.316546762589923,7.258064516129026,309.375,370.2564102564103,-5.882352941176472,14.28571428571428,-7.14285714285714,30.000000000000004,0.0,8.333333333333325,-2.494802494802495,31.74157303370786,-22.023809523809522,-3.676470588235292,-26.315789473684216,-5.769230769230771,2021,6,2,0,1,0,0
2021-07-01,832029.0,36.88,842439.0,3674749.0,21.2,48.9,110.8,180.0,118.6,69.4,17.7,6619044.0,9454124.0,47.949999999999996,4299777.0,656568.0,1450834.0,-20.099999999999994,48.3,25.1,24.3,2836836.0,7387284.0,1422524.0,35.4,0.0,23326.0,23056.0,2.2,2.1,2.3,2.3,12471.0,12576.0,69103.0,-2.3,149963.0,15.0,6.0,15.0,408.0,521.0,104.0,536.0,128.0,218.0,15.0,13.0,12.0,447.0,148.0,187.0,1458655.0,64.7,32.8,27.799999999999997,30.400000000000002,2804003.0,7338786.0,1387668.0,36.1,0.0,23216.0,22950.0,3.7,3.5,2.3,2.3,12354.0,12469.0,68295.0,-1.6,149245.0,14.0,7.0,13.0,364.0,475.0,169.0,518.0,133.0,917.0,16.0,13.0,13.0,469.0,131.0,196.0,1421288.0,-15.9,-44.5,29.2,27.8,2764028.0,7247735.0,1367202.0,36.5,0.0,23278.0,23000.0,-0.5,-0.4,2.4,2.3,12684.0,12762.0,67018.0,-4.0,149663.0,13.0,7.0,13.0,365.0,571.0,185.0,527.0,139.0,224.0,17.0,14.0,13.0,481.0,168.0,266.0,1426665.0,0.900000000000003,57.6,16.2,26.8,2726646.0,7173601.0,1379150.0,37.4,0.0,22992.0,22745.0,-1.5,-1.5,2.4,2.4,12835.0,12948.0,65398.0,36582.0,1.5,13.0,7.0,13.0,422.0,557.0,178.0,545.0,154.0,224.0,17.0,13.0,13.0,421.0,142.0,176.0,1389456.0,86.60000000000001,59.8,14.4,21.5,2656542.0,6930423.0,1373873.0,39.9,0.0,22624.0,22454.0,2.3,2.4,2.8,2.7,16317.0,16418.0,62148.0,5.3,1.4,12.0,8.0,12.0,326.0,604.0,181.0,557.0,161.0,244.0,15.0,9.0,11.0,484.0,163.0,210.0,1234411.0,87.10000000000001,95.2,-9.8,6.7,2636466.0,6794449.0,1263701.0,43.4,0.0,24172.0,24061.0,1.3,1.4,3.4,3.4,18391.0,18458.0,55386.0,-1.2,2.2,12.0,12.0,14.0,351.0,109.0,146.0,485.0,137.0,244.0,14.0,8.0,12.0,508.0,135.0,212.0,1443592.3333333333,9.566666666666668,12.199999999999996,27.36666666666667,27.5,2801622.3333333335,7324601.666666667,1392464.6666666667,36.0,0.0,23273.333333333332,23002.0,1.8,1.7333333333333332,2.333333333333333,2.3,12503.0,12602.333333333334,68138.66666666667,-2.6333333333333333,149623.66666666666,14.0,6.666666666666667,13.666666666666666,379.0,522.3333333333334,152.66666666666666,527.0,133.33333333333334,453.0,16.0,13.333333333333334,12.666666666666666,465.6666666666667,149.0,216.33333333333334,1431665.5,18.549999999999983,11.783333333333331,23.21666666666667,28.683333333333334,2754694.1666666665,7212925.833333333,1375270.6666666667,37.11666666666667,0.0,23085.0,22862.833333333332,0.9666666666666668,0.9166666666666666,2.4333333333333336,2.4,13306.166666666666,13408.0,44969.43833333333,6097.25,74812.56666666667,13.333333333333334,7.0,13.166666666666666,385.6666666666667,536.1666666666666,170.16666666666666,533.8333333333334,146.83333333333334,343.6666666666667,16.333333333333332,13.0,13.833333333333334,436.8333333333333,149.66666666666666,205.5,1375906.0,-71.325,24.45833333333334,13.5,22.866666666666664,2700004.9166666665,7035236.833333333,1345632.75,38.291666666666664,0.0,23298.083333333332,23111.5,0.5416666666666665,0.5249999999999999,2.716666666666667,2.6916666666666664,14984.0,15075.333333333334,52373.3025,3049.2000000000003,37407.01666666666,12.666666666666666,9.166666666666666,12.583333333333334,388.9166666666667,366.75,179.0,498.0833333333333,148.41666666666666,286.1666666666667,15.0,10.416666666666666,12.166666666666666,401.6666666666667,145.33333333333334,211.66666666666666,-0.5361788771162446,17.532491204307156,-131.0664605873261,-123.07692307692307,47.25609756097562,-49.26470588235294,-9.712230215827322,-356.1224489795918,-20.065789473684216,262.6865671641791,1.170933126676399,7.599946291740545,0.6608449953439122,8.72528441967848,2.5118400078404823,12.568083747658655,-1.939058171745156,-18.433179723502302,,,0.47381116471398865,-3.4999172596392514,0.46187363834422346,-4.176883753792449,-40.54054054054054,69.23076923076923,-40.0,50.00000000000002,0.0,-32.352941176470594,0.0,-32.352941176470594,0.9470616804273968,-32.189657984883915,0.858128157831417,-31.86694116372305,1.1831027161578467,24.766186400895542,43.74999999999998,91.66666666666666,0.4810881436563941,6816400.0,7.14285714285714,25.0,-14.28571428571429,-50.0,15.384615384615374,7.14285714285714,12.08791208791209,16.23931623931625,9.684210526315784,377.98165137614683,-38.46153846153846,-28.767123287671236,3.474903474903468,10.51546391752578,-3.759398496240607,-6.569343065693434,-76.22682660850599,-10.655737704918034,-6.25,7.14285714285714,0.0,62.5,-7.692307692307687,0.0,-4.690831556503195,-12.007874015748033,12.977099236641232,9.629629629629633,-4.591836734693877,-11.792452830188683,2021,7,3,0,0,1,0
2021-08-01,842853.0,37.269999999999996,860502.0,3732140.0,21.200000000000003,42.3,98.4,-21.3,137.8,69.6,32.1,6710611.0,9586284.0,49.06,4288531.0,659757.0,1489744.0,59.9,-30.700000000000003,29.3,27.5,2876466.0,7486033.0,1411415.0,35.3,0.0,23151.0,22875.0,0.5,0.6,2.3,2.3,12211.0,12325.0,0.2,-0.8,147333.0,15.0,5.0,14.0,363.0,554.0,168.0,625.0,129.0,215.0,14.0,11.0,11.0,484.0,131.0,199.0,1450834.0,-20.099999999999994,48.3,25.1,24.3,2836836.0,7387284.0,1422524.0,35.4,0.0,23326.0,23056.0,2.2,2.1,2.3,2.3,12471.0,12576.0,69103.0,-2.3,149963.0,15.0,6.0,15.0,408.0,521.0,104.0,536.0,128.0,218.0,15.0,13.0,12.0,447.0,148.0,187.0,1458655.0,64.7,32.8,27.799999999999997,30.400000000000002,2804003.0,7338786.0,1387668.0,36.1,0.0,23216.0,22950.0,3.7,3.5,2.3,2.3,12354.0,12469.0,68295.0,-1.6,149245.0,14.0,7.0,13.0,364.0,475.0,169.0,518.0,133.0,917.0,16.0,13.0,13.0,469.0,131.0,196.0,1421288.0,-15.9,-44.5,29.2,27.8,2764028.0,7247735.0,1367202.0,36.5,0.0,23278.0,23000.0,-0.5,-0.4,2.4,2.3,12684.0,12762.0,67018.0,-4.0,149663.0,13.0,7.0,13.0,365.0,571.0,185.0,527.0,139.0,224.0,17.0,14.0,13.0,481.0,168.0,266.0,1410556.0,81.1,-68.7,25.6,31.7,2688312.0,7024015.0,1335840.0,38.8,0.0,22749.0,22690.0,-0.6,-0.6,2.7,2.6,15237.0,15350.0,2.6,-5.2,1.4,12.0,8.0,12.0,321.0,533.0,176.0,552.0,158.0,243.0,17.0,12.0,12.0,348.0,108.0,135.0,1258078.0,-1296.7,47.4,-0.09999999999999967,11.0,2634303.0,6794176.0,1276431.0,40.6,0.0,24111.0,24003.0,-2.3,-2.4,3.3,3.3,17370.0,17444.0,56459.0,1.4,1.0,12.0,11.0,12.0,343.0,53.0,179.0,410.0,139.0,198.0,14.0,8.0,11.0,333.0,61.0,250.0,1466411.0,34.833333333333336,16.799999999999997,27.400000000000002,27.400000000000002,2839101.6666666665,7404034.333333333,1407202.3333333333,35.6,0.0,23231.0,22960.333333333332,2.1333333333333333,2.0666666666666664,2.3,2.3,12345.333333333334,12456.666666666666,45799.4,-1.5666666666666667,148847.0,14.666666666666666,6.0,14.0,378.3333333333333,516.6666666666666,147.0,559.6666666666666,130.0,450.0,15.0,12.333333333333334,12.0,466.6666666666667,136.66666666666666,194.0,1444863.5,15.016666666666652,18.116666666666664,23.833333333333332,27.983333333333334,2786053.1666666665,7289928.833333333,1387866.5,36.53333333333333,0.0,23152.0,22893.666666666668,1.1500000000000001,1.1166666666666665,2.3666666666666667,2.35,12801.833333333334,12903.833333333334,44969.03833333334,6097.9833333333345,99367.83333333333,13.833333333333334,6.5,13.5,392.6666666666667,539.6666666666666,168.83333333333334,546.0,142.0,339.0,15.833333333333334,12.833333333333334,13.666666666666666,459.5,153.5,216.16666666666666,1395211.5,41.725,17.950000000000006,15.950000000000001,24.241666666666664,2720185.1666666665,7092891.583333333,1356881.4166666667,37.85,0.0,23218.083333333332,23017.5,0.7749999999999998,0.7749999999999999,2.6333333333333333,2.608333333333333,14554.083333333334,14648.75,47668.402500000004,3049.016666666667,49684.68333333333,12.916666666666666,8.666666666666666,12.75,390.5833333333333,408.5,178.08333333333334,516.0,147.58333333333334,287.5833333333333,15.0,10.666666666666666,12.166666666666666,414.25,151.16666666666666,207.41666666666666,2.681905717676858,18.41427955977293,-398.0099502487563,-104.61941852394541,-163.56107660455487,-164.76793248945148,16.73306772908365,-29400.0000000001,13.168724279835399,150.0,1.3969788877467693,9.192678290993861,1.336742976173655,10.183089163424675,-0.7809358576727043,10.57511138479088,-0.28248587570621764,-13.054187192118238,,,-0.7502357883906408,-3.9815851685952475,-0.7850451075641862,-4.699412573428319,-77.27272727272727,-121.73913043478262,-71.42857142857143,-125.0,0.0,-30.303030303030308,0.0,-30.303030303030308,-2.0848368214257063,-29.70063327576281,-1.9958651399491045,-29.345333639073612,-99.99971057696482,-99.99964576064046,-65.21739130434783,-157.14285714285717,-1.7537659289291407,14733200.0,0.0,25.0,-16.666666666666664,-54.54545454545454,-6.666666666666665,16.666666666666675,-11.029411764705888,5.8309037900874605,6.3339731285988465,945.2830188679245,61.53846153846154,-6.145251396648044,16.604477611940304,52.4390243902439,0.78125,-7.194244604316546,-1.3761467889908285,8.585858585858585,-6.666666666666665,0.0,-15.384615384615385,37.5,-8.333333333333337,0.0,8.277404921700215,45.34534534534536,-11.486486486486491,114.75409836065573,6.417112299465244,-20.399999999999995,2021,8,3,0,0,1,0
2021-09-01,852672.0,37.47,881214.0,3700282.0,25.8,52.5,9.099999999999994,112.9,153.8,64.7,34.8,6818787.0,9649666.0,48.519999999999996,4341345.0,667191.0,1454496.0,-4.700000000000005,37.6,29.6,18.4,2919147.0,7529867.0,1430702.0,35.5,0.0,23146.0,22849.0,1.6,1.6,2.3,2.3,11611.0,11699.0,0.03,1.4,143008.0,14.0,20.0,13.0,281.0,540.0,194.0,531.0,127.0,219.0,15.0,10.0,16.0,476.0,131.0,128.0,1489744.0,59.9,-30.700000000000003,29.3,27.5,2876466.0,7486033.0,1411415.0,35.3,0.0,23151.0,22875.0,0.5,0.6,2.3,2.3,12211.0,12325.0,0.2,-0.8,147333.0,15.0,5.0,14.0,363.0,554.0,168.0,625.0,129.0,215.0,14.0,11.0,11.0,484.0,131.0,199.0,1450834.0,-20.099999999999994,48.3,25.1,24.3,2836836.0,7387284.0,1422524.0,35.4,0.0,23326.0,23056.0,2.2,2.1,2.3,2.3,12471.0,12576.0,69103.0,-2.3,149963.0,15.0,6.0,15.0,408.0,521.0,104.0,536.0,128.0,218.0,15.0,13.0,12.0,447.0,148.0,187.0,1458655.0,64.7,32.8,27.799999999999997,30.400000000000002,2804003.0,7338786.0,1387668.0,36.1,0.0,23216.0,22950.0,3.7,3.5,2.3,2.3,12354.0,12469.0,68295.0,-1.6,149245.0,14.0,7.0,13.0,364.0,475.0,169.0,518.0,133.0,917.0,16.0,13.0,13.0,469.0,131.0,196.0,1421995.0,0.600000000000001,45.2,15.4,31.1,2708340.0,7106134.0,1359240.0,38.5,0.0,22949.0,22736.0,2.5,2.4,2.5,2.5,14256.0,14343.0,0.03,14.6,1.5,13.0,7.0,13.0,434.0,560.0,209.0,525.0,169.0,236.0,16.0,13.0,20.0,455.0,201.0,273.0,1284505.0,83.6,1.6,-1.9,15.999999999999998,2633284.0,6812805.0,1285376.0,39.2,0.0,23871.0,23755.0,-1.3,-1.4,3.1,3.1,18257.0,18316.0,57702.0,0.7,2.6,12.0,11.0,12.0,495.0,123.0,207.0,446.0,147.0,219.0,13.0,7.0,10.0,353.0,127.0,214.0,1465024.6666666667,11.700000000000001,18.399999999999995,28.0,23.399999999999995,2877483.0,7467728.0,1421547.0,35.4,0.0,23207.666666666668,22926.666666666668,1.4333333333333336,1.433333333333333,2.3,2.3,12097.666666666666,12200.0,23034.41,-0.5666666666666667,146768.0,14.666666666666666,10.333333333333334,14.0,350.6666666666667,538.3333333333334,155.33333333333334,564.0,128.0,217.33333333333334,14.666666666666666,11.333333333333334,13.0,469.0,136.66666666666666,171.33333333333334,1450280.3333333333,14.133333333333317,16.849999999999998,26.2,25.86666666666667,2821187.6666666665,7360551.0,1399776.8333333333,36.03333333333333,0.0,23184.833333333332,22912.5,1.0,0.9833333333333334,2.3333333333333335,2.3166666666666664,12361.0,12463.166666666666,44969.03833333333,6095.783333333333,123202.25,14.0,8.666666666666666,13.5,367.1666666666667,536.3333333333334,166.33333333333334,547.0,135.0,336.1666666666667,15.666666666666666,12.333333333333334,13.0,463.0,141.83333333333334,192.0,1409377.4166666667,34.36666666666667,20.950000000000006,18.575,24.441666666666666,2744007.0833333335,7152646.75,1368991.9166666667,37.541666666666664,0.0,23157.666666666668,22942.0,1.0166666666666664,1.0250000000000001,2.5666666666666664,2.5416666666666665,14000.25,14097.333333333334,42859.905000000006,3049.0749999999994,61601.799999999996,13.083333333333334,9.416666666666666,12.833333333333334,372.75,443.25,177.0,523.0833333333334,145.91666666666666,287.5833333333333,15.166666666666666,10.916666666666666,12.666666666666666,424.5,151.5,200.25,-2.3660440988518827,13.233969505762921,-107.84641068447414,-105.622009569378,-222.47557003257324,2250.0,1.0238907849829282,-1657.8947368421054,-33.09090909090909,15.000000000000014,1.483799912809669,10.855760335763254,0.5855437719817669,10.525209513555733,1.3665009936836503,11.306108095996814,0.56657223796035,-9.438775510204088,,,-0.021597339207812816,-3.037158057894518,-0.11366120218578857,-3.813933908650813,220.00000000000003,-223.0769230769231,166.66666666666669,-214.28571428571433,0.0,-25.806451612903235,0.0,-25.806451612903235,-4.913602489558599,-36.402475762721146,-5.07910750507099,-36.1268835990391,-85.0,-99.99994800873453,-275.0,100.0,-2.935527003454763,5500207.692307692,-6.666666666666665,16.666666666666675,300.0,81.81818181818181,-7.14285714285714,8.333333333333325,-22.589531680440768,-43.23232323232323,-2.527075812274371,339.0243902439025,15.476190476190466,-6.28019323671497,-15.039999999999997,19.05829596412556,-1.5503875968992276,-13.605442176870753,1.8604651162790642,0.0,7.14285714285714,15.384615384615374,-9.090909090909093,42.85714285714286,45.45454545454546,60.00000000000001,-1.6528925619834656,34.84419263456091,0.0,3.149606299212593,-35.678391959798994,-40.186915887850475,2021,9,3,0,0,1,0
2021-10-01,862146.0,37.79,900102.0,3780159.0,35.5,51.0,54.300000000000004,86.4,125.2,40.2,27.1,6909032.0,9716967.0,48.51,4439204.0,670563.0,1475947.0,14.6,11.0,24.7,15.1,2952464.0,7578075.0,1447543.0,35.3,0.0,23164.0,22906.0,5.2,5.3,2.3,2.3,11322.0,11413.0,70632.0,34477.0,142351.0,15.0,20.0,13.0,321.0,534.0,181.0,565.0,135.0,233.0,14.0,9.0,12.0,468.0,131.0,214.0,1454496.0,-4.700000000000005,37.6,29.6,18.4,2919147.0,7529867.0,1430702.0,35.5,0.0,23146.0,22849.0,1.6,1.6,2.3,2.3,11611.0,11699.0,0.03,1.4,143008.0,14.0,20.0,13.0,281.0,540.0,194.0,531.0,127.0,219.0,15.0,10.0,16.0,476.0,131.0,128.0,1489744.0,59.9,-30.700000000000003,29.3,27.5,2876466.0,7486033.0,1411415.0,35.3,0.0,23151.0,22875.0,0.5,0.6,2.3,2.3,12211.0,12325.0,0.2,-0.8,147333.0,15.0,5.0,14.0,363.0,554.0,168.0,625.0,129.0,215.0,14.0,11.0,11.0,484.0,131.0,199.0,1450834.0,-20.099999999999994,48.3,25.1,24.3,2836836.0,7387284.0,1422524.0,35.4,0.0,23326.0,23056.0,2.2,2.1,2.3,2.3,12471.0,12576.0,69103.0,-2.3,149963.0,15.0,6.0,15.0,408.0,521.0,104.0,536.0,128.0,218.0,15.0,13.0,12.0,447.0,148.0,187.0,1426665.0,0.900000000000003,57.6,16.2,26.8,2726646.0,7173601.0,1379150.0,37.4,0.0,22992.0,22745.0,-1.5,-1.5,2.4,2.4,12835.0,12948.0,65398.0,36582.0,1.5,13.0,7.0,13.0,422.0,557.0,178.0,545.0,154.0,224.0,17.0,13.0,13.0,421.0,142.0,176.0,1320677.0,141.6,73.8,4.1000000000000005,14.5,2638770.0,6839719.0,1311367.0,38.7,0.0,23962.0,23804.0,2.4,2.5,3.0,3.0,16269.0,16352.0,60061.0,-1.1,2.1,12.0,18.0,12.0,454.0,122.0,201.0,408.0,145.0,221.0,13.0,7.0,10.0,339.0,153.0,208.0,1473395.6666666667,23.266666666666666,5.966666666666664,27.86666666666667,20.333333333333332,2916025.6666666665,7531325.0,1429886.6666666667,35.36666666666667,0.0,23153.666666666668,22876.666666666668,2.4333333333333336,2.5,2.3,2.3,11714.666666666666,11812.333333333334,23544.076666666664,11492.533333333333,144230.66666666666,14.666666666666666,15.0,13.333333333333334,321.6666666666667,542.6666666666666,181.0,573.6666666666666,130.33333333333334,222.33333333333334,14.333333333333334,10.0,13.0,476.0,131.0,180.33333333333334,1458494.0,16.41666666666665,9.083333333333332,27.616666666666664,23.916666666666668,2858824.0,7427963.333333333,1411175.6666666667,35.68333333333333,0.0,23213.5,22939.333333333332,2.1166666666666667,2.1166666666666667,2.3166666666666664,2.3,12108.833333333334,12207.333333333334,45841.371666666666,5744.95,146927.16666666666,14.333333333333334,10.833333333333334,13.5,350.3333333333333,532.5,166.83333333333334,550.3333333333334,131.83333333333334,337.6666666666667,15.166666666666666,11.666666666666666,12.833333333333334,470.8333333333333,140.0,198.33333333333334,1422316.5833333333,23.783333333333335,15.71666666666667,20.291666666666668,24.491666666666664,2770148.25,7214176.416666667,1380339.9166666667,37.25833333333333,0.0,23091.166666666668,22867.166666666668,1.2499999999999998,1.2583333333333333,2.5083333333333333,2.4833333333333334,13588.0,13685.75,43740.82166666666,5922.25,73464.20833333333,13.333333333333334,9.583333333333334,12.916666666666666,361.6666666666667,477.5833333333333,175.33333333333334,536.1666666666666,145.08333333333334,288.5833333333333,15.25,11.083333333333334,12.833333333333334,435.25,149.66666666666666,200.75,1.4748063934173716,11.756848949440336,-410.6382978723401,-89.68926553672316,-70.74468085106382,-85.09485094850947,-16.554054054054056,502.43902439024384,-17.93478260869564,4.137931034482767,1.1413265587515875,11.887887159547827,0.640223791469352,10.79512184637994,1.177114451507033,10.38427839041245,-0.5633802816901512,-8.785529715762285,,,0.07776721679770837,-3.330272932142564,0.24946387150421856,-3.7724752142497042,225.0,116.6666666666667,231.24999999999994,112.00000000000001,0.0,-23.33333333333334,0.0,-23.33333333333334,-2.4890190336749662,-30.40752351097179,-2.444653389178564,-30.204256360078276,235439900.0,17.600439553120985,2462542.8571428573,-3134372.727272727,-0.45941485791004544,6778519.047619048,7.14285714285714,25.0,0.0,11.111111111111116,0.0,8.333333333333325,14.234875444839856,-29.29515418502202,-1.1111111111111072,337.70491803278685,-6.70103092783505,-9.950248756218905,6.4030131826742,38.48039215686274,6.299212598425208,-6.896551724137934,6.392694063926951,5.429864253393668,-6.666666666666665,7.692307692307687,-9.999999999999998,28.57142857142858,-25.0,19.999999999999996,-1.6806722689075682,38.053097345132734,0.0,-14.379084967320265,67.1875,2.8846153846153744,2021,10,4,0,0,0,1
2021-11-01,875130.0,38.06,920643.0,3845269.0,33.7,51.1,101.1,100.9,147.6,37.8,30.7,7017325.0,9805004.0,48.8,4488420.0,675201.0,1509100.0,57.9,11.3,27.5,16.900000000000002,2993947.0,7644583.0,1461548.0,34.8,0.0,23414.0,23136.0,7.3,7.3,2.3,2.3,11200.0,11277.0,72014.0,3.1,148311.0,15.0,21.0,15.0,438.0,518.0,214.0,581.0,147.0,215.0,14.0,8.0,12.0,470.0,146.0,225.0,1475947.0,14.6,11.0,24.7,15.1,2952464.0,7578075.0,1447543.0,35.3,0.0,23164.0,22906.0,5.2,5.3,2.3,2.3,11322.0,11413.0,70632.0,34477.0,142351.0,15.0,20.0,13.0,321.0,534.0,181.0,565.0,135.0,233.0,14.0,9.0,12.0,468.0,131.0,214.0,1454496.0,-4.700000000000005,37.6,29.6,18.4,2919147.0,7529867.0,1430702.0,35.5,0.0,23146.0,22849.0,1.6,1.6,2.3,2.3,11611.0,11699.0,0.03,1.4,143008.0,14.0,20.0,13.0,281.0,540.0,194.0,531.0,127.0,219.0,15.0,10.0,16.0,476.0,131.0,128.0,1489744.0,59.9,-30.700000000000003,29.3,27.5,2876466.0,7486033.0,1411415.0,35.3,0.0,23151.0,22875.0,0.5,0.6,2.3,2.3,12211.0,12325.0,0.2,-0.8,147333.0,15.0,5.0,14.0,363.0,554.0,168.0,625.0,129.0,215.0,14.0,11.0,11.0,484.0,131.0,199.0,1421288.0,-15.9,-44.5,29.2,27.8,2764028.0,7247735.0,1367202.0,36.5,0.0,23278.0,23000.0,-0.5,-0.4,2.4,2.3,12684.0,12762.0,67018.0,-4.0,149663.0,13.0,7.0,13.0,365.0,571.0,185.0,527.0,139.0,224.0,17.0,14.0,13.0,481.0,168.0,266.0,1320663.0,-19.0,-29.1,11.7,19.6,2659524.0,6871948.0,1307026.0,38.2,0.0,22970.0,22824.0,-2.1,-2.0,2.9,2.9,15967.0,16047.0,60637.0,0.6,1.7,12.0,10.0,12.0,320.0,141.0,167.0,487.0,144.0,233.0,13.0,7.0,10.0,359.0,145.0,201.0,1479847.6666666667,22.599999999999994,19.966666666666665,27.26666666666667,16.8,2955186.0,7584175.0,1446597.6666666667,35.199999999999996,0.0,23241.333333333332,22963.666666666668,4.7,4.733333333333333,2.3,2.3,11377.666666666666,11463.0,47548.676666666666,11493.833333333334,144556.66666666666,14.666666666666666,20.333333333333332,13.666666666666666,346.6666666666667,530.6666666666666,196.33333333333334,559.0,136.33333333333334,222.33333333333334,14.333333333333334,9.0,13.333333333333334,471.3333333333333,136.0,189.0,1473129.3333333333,28.71666666666665,18.383333333333333,27.33333333333333,22.099999999999998,2897143.8333333335,7494104.666666667,1426900.0,35.4,0.0,23236.166666666668,22962.0,3.4166666666666665,3.4,2.3,2.3,11861.5,11959.833333333334,46674.03833333333,5746.133333333332,146701.83333333334,14.666666666666666,13.166666666666666,13.833333333333334,362.5,523.6666666666666,171.66666666666666,559.3333333333334,133.16666666666666,336.1666666666667,14.666666666666666,10.666666666666666,12.666666666666666,469.0,136.33333333333334,191.5,1438019.6666666667,30.191666666666666,19.08333333333334,21.608333333333334,24.26666666666667,2798016.8333333335,7278562.666666667,1393216.75,36.975,0.0,23128.166666666668,22893.166666666668,2.033333333333333,2.033333333333333,2.4583333333333335,2.433333333333333,13190.75,13288.25,44688.905,5922.458333333333,85823.31666666667,13.583333333333334,10.5,13.166666666666666,371.5,509.0,179.25,544.0,145.33333333333334,287.0833333333333,15.333333333333334,11.166666666666666,13.0,444.5,149.75,202.75,2.2462188682927042,14.268363693084464,296.5753424657534,-404.7368421052631,2.7272727272727337,-138.8316151202749,11.336032388663963,135.04273504273505,11.92052980132452,-13.77551020408163,1.4050298327092259,12.574543414535832,0.8776371308016895,11.243318488440245,0.9675014835483386,11.822412101978074,-1.4164305949008527,-8.90052356020944,,,1.0792609221205396,1.9329560296038384,1.0041037282807919,1.3669821240799074,40.38461538461537,-447.61904761904765,37.73584905660377,-465.00000000000006,0.0,-20.6896551724138,0.0,-20.6896551724138,-1.0775481363716644,-29.855326611135467,-1.1916235871374803,-29.725182277061137,1.9566202287914836,18.762471758167454,-99.99100849841923,416.6666666666667,4.186833952694391,8724076.470588235,0.0,25.0,5.000000000000004,110.00000000000001,15.384615384615374,25.0,36.44859813084111,36.87499999999999,-2.9962546816479363,267.3758865248227,18.232044198895036,28.143712574850312,2.831858407079646,19.301848049281322,8.888888888888879,2.083333333333326,-7.725321888412018,-7.725321888412018,0.0,7.692307692307687,-11.111111111111116,14.28571428571428,0.0,19.999999999999996,0.42735042735042583,30.919220055710305,11.45038167938932,0.6896551724137945,5.1401869158878455,11.940298507462677,2021,11,4,0,0,0,1
2021-12-01,883917.0,38.28,936582.0,3924565.0,34.5,35.8,108.7,134.6,136.7,66.5,27.0,7095408.0,9915004.0,48.769999999999996,4550757.0,677736.0,1550275.0,81.5,22.7,23.1,25.3,3029662.0,7727749.0,1486605.0,34.9,0.0,22986.0,22740.0,1.2,1.3,2.3,2.3,10938.0,11063.0,74222.0,0.6,158011.0,16.0,20.0,14.0,306.0,603.0,171.0,706.0,153.0,949.0,14.0,7.0,11.0,545.0,192.0,313.0,1509100.0,57.9,11.3,27.5,16.900000000000002,2993947.0,7644583.0,1461548.0,34.8,0.0,23414.0,23136.0,7.3,7.3,2.3,2.3,11200.0,11277.0,72014.0,3.1,148311.0,15.0,21.0,15.0,438.0,518.0,214.0,581.0,147.0,215.0,14.0,8.0,12.0,470.0,146.0,225.0,1475947.0,14.6,11.0,24.7,15.1,2952464.0,7578075.0,1447543.0,35.3,0.0,23164.0,22906.0,5.2,5.3,2.3,2.3,11322.0,11413.0,70632.0,34477.0,142351.0,15.0,20.0,13.0,321.0,534.0,181.0,565.0,135.0,233.0,14.0,9.0,12.0,468.0,131.0,214.0,1454496.0,-4.700000000000005,37.6,29.6,18.4,2919147.0,7529867.0,1430702.0,35.5,0.0,23146.0,22849.0,1.6,1.6,2.3,2.3,11611.0,11699.0,0.03,1.4,143008.0,14.0,20.0,13.0,281.0,540.0,194.0,531.0,127.0,219.0,15.0,10.0,16.0,476.0,131.0,128.0,1458655.0,64.7,32.8,27.799999999999997,30.400000000000002,2804003.0,7338786.0,1387668.0,36.1,0.0,23216.0,22950.0,3.7,3.5,2.3,2.3,12354.0,12469.0,68295.0,-1.6,149245.0,14.0,7.0,13.0,364.0,475.0,169.0,518.0,133.0,917.0,16.0,13.0,13.0,469.0,131.0,196.0,1347500.0,36.7,69.3,-5.5,19.7,2649471.0,6896216.0,1341896.0,40.2,0.0,23529.0,23321.0,1.7,1.7,2.9,2.9,15791.0,15879.0,61656.0,0.0,0.0,12.0,10.0,12.0,415.0,141.0,192.0,466.0,164.0,257.0,14.0,9.0,11.0,331.0,197.0,224.0,1511774.0,51.333333333333336,14.999999999999998,25.100000000000005,19.099999999999998,2992024.3333333335,7650135.666666667,1465232.0,35.0,0.0,23188.0,22927.333333333332,4.566666666666667,4.633333333333333,2.3,2.3,11153.333333333334,11251.0,72289.33333333333,11493.566666666666,149557.66666666666,15.333333333333334,20.333333333333332,14.0,355.0,551.6666666666666,188.66666666666666,617.3333333333334,145.0,465.6666666666667,14.0,8.0,11.666666666666666,494.3333333333333,156.33333333333334,250.66666666666666,1488399.3333333333,31.516666666666648,16.7,26.55,21.25,2934753.6666666665,7558931.833333333,1443389.5,35.199999999999996,0.0,23197.833333333332,22927.0,3.0,3.033333333333333,2.3,2.3,11625.5,11725.5,47661.871666666666,5746.499999999999,148162.83333333334,15.0,15.333333333333334,14.0,352.8333333333333,545.0,172.0,590.6666666666666,136.5,341.5,14.333333333333334,9.666666666666666,12.333333333333334,481.6666666666667,146.5,211.0,1454917.5833333333,33.925000000000004,15.200000000000005,23.991666666666664,24.73333333333333,2829699.4166666665,7347857.083333333,1405275.8333333333,36.53333333333334,0.0,23082.916666666668,22844.75,1.9916666666666665,2.0,2.408333333333333,2.3833333333333333,12786.333333333334,12886.916666666666,45736.07166666666,5922.508333333332,98990.90000000001,13.916666666666666,11.333333333333334,13.333333333333334,362.4166666666667,547.5,177.5,564.0,144.41666666666666,344.75,15.333333333333334,11.0,13.0,462.3333333333333,149.33333333333334,210.16666666666666,2.728447418991453,15.0482374768089,40.759930915371335,122.07084468664848,100.88495575221236,-67.24386724386724,-15.999999999999993,-520.0,49.70414201183431,28.426395939086312,1.192906888465295,14.349694712642647,1.0879076072560112,12.0578154744573,1.7144151269749663,10.78392066151177,0.287356321839094,-13.184079601990062,,,-1.8279661740838837,-2.307790386331765,-1.7116182572614158,-2.491316838900559,-83.56164383561644,-29.411764705882348,-82.1917808219178,-23.529411764705877,0.0,-20.6896551724138,0.0,-20.6896551724138,-2.3392857142857104,-30.73269583940219,-1.8976678194555285,-30.329365829082434,3.0660704862943255,20.38082262877903,-80.64516129032258,inf,6.54031056361295,inf,6.666666666666665,33.33333333333333,-4.761904761904767,100.0,-6.666666666666665,16.666666666666675,-30.136986301369863,-26.265060240963855,16.409266409266408,327.65957446808505,-20.09345794392523,-10.9375,21.514629948364885,51.50214592274678,4.081632653061229,-6.707317073170726,341.3953488372093,269.26070038910507,0.0,0.0,-12.5,-22.22222222222222,-8.333333333333337,0.0,15.957446808510634,64.6525679758308,31.506849315068486,-2.538071065989844,39.11111111111112,39.73214285714286,2021,12,4,0,0,0,1
2022-01-01,902949.0,38.97,941565.0,3979343.0,56.6,24.7,70.9,60.9,125.3,50.2,31.8,7184350.0,10038292.0,48.370000000000005,4597614.0,684309.0,1582160.0,8.7,34.4,25.8,22.7,3065078.0,7822452.0,1507269.0,34.3,0.0,23447.0,23310.0,3.8,3.9,2.3,2.3,11128.0,11227.0,3.1,4.1,162424.0,16.0,13.0,13.0,315.0,128.0,142.0,620.0,155.0,272.0,14.0,9.0,13.0,516.0,145.0,201.0,1550275.0,81.5,22.7,23.1,25.3,3029662.0,7727749.0,1486605.0,34.9,0.0,22986.0,22740.0,1.2,1.3,2.3,2.3,10938.0,11063.0,74222.0,0.6,158011.0,16.0,20.0,14.0,306.0,603.0,171.0,706.0,153.0,949.0,14.0,7.0,11.0,545.0,192.0,313.0,1509100.0,57.9,11.3,27.5,16.900000000000002,2993947.0,7644583.0,1461548.0,34.8,0.0,23414.0,23136.0,7.3,7.3,2.3,2.3,11200.0,11277.0,72014.0,3.1,148311.0,15.0,21.0,15.0,438.0,518.0,214.0,581.0,147.0,215.0,14.0,8.0,12.0,470.0,146.0,225.0,1475947.0,14.6,11.0,24.7,15.1,2952464.0,7578075.0,1447543.0,35.3,0.0,23164.0,22906.0,5.2,5.3,2.3,2.3,11322.0,11413.0,70632.0,34477.0,142351.0,15.0,20.0,13.0,321.0,534.0,181.0,565.0,135.0,233.0,14.0,9.0,12.0,468.0,131.0,214.0,1450834.0,-20.099999999999994,48.3,25.1,24.3,2836836.0,7387284.0,1422524.0,35.4,0.0,23326.0,23056.0,2.2,2.1,2.3,2.3,12471.0,12576.0,69103.0,-2.3,149963.0,15.0,6.0,15.0,408.0,521.0,104.0,536.0,128.0,218.0,15.0,13.0,12.0,447.0,148.0,187.0,1389456.0,86.60000000000001,59.8,14.4,21.5,2656542.0,6930423.0,1373873.0,39.9,0.0,22624.0,22454.0,2.3,2.4,2.8,2.7,16317.0,16418.0,62148.0,5.3,1.4,12.0,8.0,12.0,326.0,604.0,181.0,557.0,161.0,244.0,15.0,9.0,11.0,484.0,163.0,210.0,1547178.3333333333,49.36666666666667,22.799999999999997,25.46666666666667,21.633333333333336,3029562.3333333335,7731594.666666667,1485140.6666666667,34.666666666666664,0.0,23282.333333333332,23062.0,4.1000000000000005,4.166666666666667,2.3,2.3,11088.666666666666,11189.0,48746.36666666667,2.6,156248.66666666666,15.666666666666666,18.0,14.0,353.0,416.3333333333333,175.66666666666666,635.6666666666666,151.66666666666666,478.6666666666667,14.0,8.0,12.0,510.3333333333333,161.0,246.33333333333334,1510287.0,36.31666666666664,14.383333333333333,26.666666666666668,20.983333333333334,2972794.0,7631459.833333333,1457513.6666666667,35.016666666666666,0.0,23218.0,22969.333333333332,3.266666666666667,3.3333333333333335,2.3,2.3,11401.666666666666,11500.666666666666,36145.221666666665,5747.566666666667,150239.66666666666,15.166666666666666,16.5,13.666666666666666,337.3333333333333,479.5,178.33333333333334,604.6666666666666,141.0,350.5,14.166666666666666,9.0,12.5,493.1666666666667,146.0,213.33333333333334,1470976.25,27.433333333333334,13.083333333333337,24.941666666666666,24.833333333333332,2863744.0833333335,7422192.833333333,1416392.1666666667,36.06666666666666,0.0,23151.5,22916.083333333332,2.1166666666666667,2.125,2.3666666666666667,2.3499999999999996,12353.916666666666,12454.333333333334,40557.329999999994,5922.408333333333,112526.11666666668,14.25,11.75,13.416666666666666,361.5,507.8333333333333,174.25,569.25,143.91666666666666,347.0833333333333,15.25,11.0,13.166666666666666,465.0,147.83333333333334,209.41666666666666,2.056731870152073,13.86902499971212,-89.32515337423312,-89.95381062355659,51.541850220264315,-42.47491638795987,11.688311688311682,79.16666666666667,-10.276679841897241,5.581395348837215,1.1689752850317925,15.37848827535948,1.225492701691011,12.87120569696829,1.390012814432895,9.709485520131778,-1.7191977077363974,-14.035087719298245,,,2.0055686069781586,3.637729844413018,2.506596306068598,3.8122383539681115,216.66666666666666,65.21739130434783,200.0,62.5,0.0,-17.85714285714286,0.0,-14.814814814814826,1.7370634485280645,-31.80118894404609,1.4824188737232236,-31.61773663052747,-99.99582334078845,-99.99501190706056,583.3333333333333,-22.64150943396227,2.7928435362094994,11601614.285714287,0.0,33.33333333333333,-35.0,62.5,-7.14285714285714,8.333333333333325,2.941176470588225,-3.3742331288343586,-78.77280265339967,-78.80794701986756,-16.959064327485386,-21.54696132596685,-12.181303116147312,11.310592459605019,1.3071895424836555,-3.7267080745341574,-71.33825079030558,11.475409836065564,0.0,-6.666666666666665,28.57142857142858,0.0,18.181818181818187,18.181818181818187,-5.321100917431187,6.6115702479338845,-24.479166666666664,-11.042944785276077,-35.78274760383386,-4.285714285714281,2022,1,1,1,0,0,0
2022-02-01,913782.0,39.24,957105.0,3958554.0,30.4,44.0,72.29999999999998,79.4,127.9,43.199999999999996,27.6,7286971.0,10120677.0,48.9,4633734.0,693027.0,1552047.0,43.99999999999999,5.499999999999998,24.2,19.7,3105978.0,7884922.0,1509501.0,34.8,0.0,23529.0,23417.0,2.4,2.3,2.3,2.3,11350.0,11446.0,-0.9,-1.4,163609.0,15.0,13.0,13.0,294.0,136.0,190.0,614.0,143.0,233.0,13.0,10.0,15.0,508.0,158.0,232.0,1582160.0,8.7,34.4,25.8,22.7,3065078.0,7822452.0,1507269.0,34.3,0.0,23447.0,23310.0,3.8,3.9,2.3,2.3,11128.0,11227.0,3.1,4.1,162424.0,16.0,13.0,13.0,315.0,128.0,142.0,620.0,155.0,272.0,14.0,9.0,13.0,516.0,145.0,201.0,1550275.0,81.5,22.7,23.1,25.3,3029662.0,7727749.0,1486605.0,34.9,0.0,22986.0,22740.0,1.2,1.3,2.3,2.3,10938.0,11063.0,74222.0,0.6,158011.0,16.0,20.0,14.0,306.0,603.0,171.0,706.0,153.0,949.0,14.0,7.0,11.0,545.0,192.0,313.0,1509100.0,57.9,11.3,27.5,16.900000000000002,2993947.0,7644583.0,1461548.0,34.8,0.0,23414.0,23136.0,7.3,7.3,2.3,2.3,11200.0,11277.0,72014.0,3.1,148311.0,15.0,21.0,15.0,438.0,518.0,214.0,581.0,147.0,215.0,14.0,8.0,12.0,470.0,146.0,225.0,1489744.0,59.9,-30.700000000000003,29.3,27.5,2876466.0,7486033.0,1411415.0,35.3,0.0,23151.0,22875.0,0.5,0.6,2.3,2.3,12211.0,12325.0,0.2,-0.8,147333.0,15.0,5.0,14.0,363.0,554.0,168.0,625.0,129.0,215.0,14.0,11.0,11.0,484.0,131.0,199.0,1410556.0,81.1,-68.7,25.6,31.7,2688312.0,7024015.0,1335840.0,38.8,0.0,22749.0,22690.0,-0.6,-0.6,2.7,2.6,15237.0,15350.0,2.6,-5.2,1.4,12.0,8.0,12.0,321.0,533.0,176.0,552.0,158.0,243.0,17.0,12.0,12.0,348.0,108.0,135.0,1561494.0,44.73333333333333,20.866666666666664,24.36666666666667,22.566666666666666,3066906.0,7811707.666666667,1501125.0,34.666666666666664,0.0,23320.666666666668,23155.666666666668,2.466666666666667,2.5,2.3,2.3,11138.666666666666,11245.333333333334,24741.399999999998,1.0999999999999999,161348.0,15.666666666666666,15.333333333333334,13.333333333333334,305.0,289.0,167.66666666666666,646.6666666666666,150.33333333333334,484.6666666666667,13.666666666666666,8.666666666666666,13.0,523.0,165.0,248.66666666666666,1520670.8333333333,33.66666666666664,20.416666666666668,25.816666666666666,19.683333333333334,3011046.0,7697941.333333333,1473861.3333333333,34.93333333333333,0.0,23281.0,23059.666666666668,3.5833333333333335,3.6166666666666667,2.3,2.3,11258.166666666666,11354.166666666666,36145.03833333333,5747.466666666666,152952.33333333334,15.166666666666666,17.833333333333332,13.5,325.8333333333333,409.8333333333333,182.0,602.8333333333334,143.33333333333334,353.5,14.0,8.833333333333334,13.166666666666666,497.1666666666667,150.5,218.83333333333334,1482767.1666666667,24.34166666666667,19.26666666666667,24.825,23.833333333333332,2898549.5833333335,7493935.083333333,1430863.9166666667,35.73333333333333,0.0,23216.5,22976.666666666668,2.3666666666666667,2.3666666666666667,2.333333333333333,2.3249999999999997,12030.0,12129.0,40557.03833333334,5922.724999999999,126160.08333333333,14.5,12.166666666666666,13.5,359.25,474.75,175.41666666666666,574.4166666666666,142.66666666666666,346.25,14.916666666666666,10.833333333333334,13.416666666666666,478.3333333333333,152.0,217.5,-1.9032841179147497,10.03086726085316,405.7471264367815,-45.74599260172627,-84.01162790697676,-108.00582241630276,-6.2015503875969,-5.468750000000011,-13.215859030837008,-37.85488958990536,1.3343869226166483,15.536366314624207,0.798598700254094,12.256622458807387,0.14808239272485757,13.00013474667625,1.4577259475218707,-10.309278350515461,,,0.3497249115025358,3.4287221416325897,0.4590304590304628,3.2040546496253874,-36.8421052631579,-500.0,-41.02564102564102,-483.3333333333333,0.0,-14.814814814814826,0.0,-11.538461538461553,1.9949676491732626,-25.51027105073177,1.9506546717733997,-25.433224755700323,-129.03225806451613,-134.6153846153846,-134.14634146341464,-73.07692307692308,0.7295719844357951,11686257.142857144,-6.25,25.0,0.0,62.5,0.0,8.333333333333325,-6.666666666666665,-8.41121495327103,6.25,-74.48405253283302,33.80281690140845,7.954545454545459,-0.9677419354838679,11.231884057971019,-7.741935483870965,-9.493670886075945,-14.338235294117652,-4.115226337448563,-7.14285714285714,-23.529411764705888,11.111111111111116,-16.666666666666664,15.384615384615374,25.0,-1.5503875968992276,45.977011494252885,8.965517241379306,46.296296296296305,15.422885572139311,71.85185185185186,2022,2,1,1,0,0,0
2022-03-01,929481.0,39.13,980373.0,4018783.0,35.9,55.7,14.8,171.5,168.8,38.2,36.5,7428341.0,10180775.0,48.94,4753037.0,704214.0,1548366.0,-39.4,14.5,31.1,17.0,3152191.0,7927040.0,1526520.0,34.3,0.0,24001.0,23920.0,3.5,3.5,2.3,2.3,11673.0,11798.0,2.1,2.6,164851.0,15.0,13.0,13.0,286.0,146.0,193.0,674.0,139.0,239.0,13.0,11.0,14.0,522.0,151.0,231.0,1552047.0,43.99999999999999,5.499999999999998,24.2,19.7,3105978.0,7884922.0,1509501.0,34.8,0.0,23529.0,23417.0,2.4,2.3,2.3,2.3,11350.0,11446.0,-0.9,-1.4,163609.0,15.0,13.0,13.0,294.0,136.0,190.0,614.0,143.0,233.0,13.0,10.0,15.0,508.0,158.0,232.0,1582160.0,8.7,34.4,25.8,22.7,3065078.0,7822452.0,1507269.0,34.3,0.0,23447.0,23310.0,3.8,3.9,2.3,2.3,11128.0,11227.0,3.1,4.1,162424.0,16.0,13.0,13.0,315.0,128.0,142.0,620.0,155.0,272.0,14.0,9.0,13.0,516.0,145.0,201.0,1550275.0,81.5,22.7,23.1,25.3,3029662.0,7727749.0,1486605.0,34.9,0.0,22986.0,22740.0,1.2,1.3,2.3,2.3,10938.0,11063.0,74222.0,0.6,158011.0,16.0,20.0,14.0,306.0,603.0,171.0,706.0,153.0,949.0,14.0,7.0,11.0,545.0,192.0,313.0,1454496.0,-4.700000000000005,37.6,29.6,18.4,2919147.0,7529867.0,1430702.0,35.5,0.0,23146.0,22849.0,1.6,1.6,2.3,2.3,11611.0,11699.0,0.03,1.4,143008.0,14.0,20.0,13.0,281.0,540.0,194.0,531.0,127.0,219.0,15.0,10.0,16.0,476.0,131.0,128.0,1421995.0,0.600000000000001,45.2,15.4,31.1,2708340.0,7106134.0,1359240.0,38.5,0.0,22949.0,22736.0,2.5,2.4,2.5,2.5,14256.0,14343.0,0.03,14.6,1.5,13.0,7.0,13.0,434.0,560.0,209.0,525.0,169.0,236.0,16.0,13.0,20.0,455.0,201.0,273.0,1560857.6666666667,4.433333333333326,18.13333333333333,27.033333333333335,19.8,3107749.0,7878138.0,1514430.0,34.46666666666666,0.0,23659.0,23549.0,3.233333333333333,3.233333333333333,2.3,2.3,11383.666666666666,11490.333333333334,1.4333333333333336,1.7666666666666666,163628.0,15.333333333333334,13.0,13.0,298.3333333333333,136.66666666666666,175.0,636.0,145.66666666666666,248.0,13.333333333333334,10.0,14.0,515.3333333333334,151.33333333333334,221.33333333333334,1536315.8333333333,27.88333333333331,16.566666666666666,26.066666666666666,19.45,3049886.6666666665,7764136.833333333,1489831.0,34.73333333333333,0.0,23423.5,23238.166666666668,3.9,3.933333333333333,2.3,2.3,11268.5,11370.666666666666,36145.38333333333,5747.666666666667,156592.83333333334,15.333333333333334,16.666666666666668,13.5,326.6666666666667,344.1666666666667,181.83333333333334,626.6666666666666,145.33333333333334,356.8333333333333,13.666666666666666,9.0,12.833333333333334,504.8333333333333,153.83333333333334,236.0,1493298.0833333333,21.00833333333333,16.70833333333334,26.133333333333336,22.65833333333333,2935537.1666666665,7562343.916666667,1444803.9166666667,35.38333333333333,0.0,23304.166666666668,23075.333333333332,2.4499999999999997,2.4583333333333335,2.316666666666667,2.308333333333333,11814.75,11916.916666666666,40557.21083333334,5921.724999999999,139897.54166666666,14.666666666666666,12.666666666666666,13.5,346.9166666666667,440.25,174.08333333333334,586.8333333333334,140.16666666666666,346.5,14.666666666666666,10.666666666666666,12.916666666666666,483.9166666666667,147.83333333333334,214.0,-0.23717065269286408,8.886880755558213,-189.54545454545456,-6666.666666666656,163.6363636363637,-67.92035398230088,28.512396694214882,101.94805194805197,-13.705583756345174,-45.337620578778136,1.4878727408887071,16.388304274943334,0.5341587399342762,11.552075995189504,1.1274586767415107,12.306877372649417,-1.4367816091954033,-10.909090909090914,,,2.0060351056143455,4.584077737592063,2.1480121279412456,5.207600281491898,45.83333333333335,39.99999999999999,52.17391304347827,45.83333333333335,0.0,-8.000000000000007,0.0,-8.000000000000007,2.8458149779735598,-18.118686868686872,3.0753101520181625,-17.743847172836922,-333.33333333333337,6900.0,-285.7142857142858,-82.1917808219178,0.7591269428943503,10989966.666666668,0.0,15.384615384615374,0.0,85.71428571428572,0.0,0.0,-2.7210884353741527,-34.10138248847926,7.352941176470584,-73.92857142857143,1.5789473684210575,-7.655502392344493,9.771986970684043,28.380952380952372,-2.7972027972028024,-17.751479289940832,2.5751072961373467,1.2711864406779627,0.0,-18.75,10.000000000000009,-15.384615384615385,-6.666666666666665,-30.000000000000004,2.7559055118110187,14.725274725274717,-4.430379746835444,-24.87562189054726,-0.4310344827586188,-15.384615384615385,2022,3,1,1,0,0,0
2022-04-01,939234.0,39.42,993444.0,4045031.0,34.5,32.7,24.3,32.2,118.4,41.3,14.1,7503055.0,10238822.0,48.67,4787528.0,707388.0,1558621.0,23.5,29.6,24.5,16.4,3189197.0,7966033.0,1540084.0,33.5,0.0,24540.0,24266.0,7.2,7.1,2.3,2.3,11480.0,11581.0,0.1,2.6,161199.0,15.0,14.0,13.0,325.0,117.0,171.0,717.0,134.0,253.0,13.0,11.0,13.0,604.0,157.0,220.0,1548366.0,-39.4,14.5,31.1,17.0,3152191.0,7927040.0,1526520.0,34.3,0.0,24001.0,23920.0,3.5,3.5,2.3,2.3,11673.0,11798.0,2.1,2.6,164851.0,15.0,13.0,13.0,286.0,146.0,193.0,674.0,139.0,239.0,13.0,11.0,14.0,522.0,151.0,231.0,1552047.0,43.99999999999999,5.499999999999998,24.2,19.7,3105978.0,7884922.0,1509501.0,34.8,0.0,23529.0,23417.0,2.4,2.3,2.3,2.3,11350.0,11446.0,-0.9,-1.4,163609.0,15.0,13.0,13.0,294.0,136.0,190.0,614.0,143.0,233.0,13.0,10.0,15.0,508.0,158.0,232.0,1582160.0,8.7,34.4,25.8,22.7,3065078.0,7822452.0,1507269.0,34.3,0.0,23447.0,23310.0,3.8,3.9,2.3,2.3,11128.0,11227.0,3.1,4.1,162424.0,16.0,13.0,13.0,315.0,128.0,142.0,620.0,155.0,272.0,14.0,9.0,13.0,516.0,145.0,201.0,1475947.0,14.6,11.0,24.7,15.1,2952464.0,7578075.0,1447543.0,35.3,0.0,23164.0,22906.0,5.2,5.3,2.3,2.3,11322.0,11413.0,70632.0,34477.0,142351.0,15.0,20.0,13.0,321.0,534.0,181.0,565.0,135.0,233.0,14.0,9.0,12.0,468.0,131.0,214.0,1426665.0,0.900000000000003,57.6,16.2,26.8,2726646.0,7173601.0,1379150.0,37.4,0.0,22992.0,22745.0,-1.5,-1.5,2.4,2.4,12835.0,12948.0,65398.0,36582.0,1.5,13.0,7.0,13.0,422.0,557.0,178.0,545.0,154.0,224.0,17.0,13.0,13.0,421.0,142.0,176.0,1553011.3333333333,9.366666666666658,16.53333333333333,26.600000000000005,17.7,3149122.0,7925998.333333333,1525368.3333333333,34.199999999999996,0.0,24023.333333333332,23867.666666666668,4.366666666666667,4.3,2.3,2.3,11501.0,11608.333333333334,0.4333333333333334,1.2666666666666668,163219.66666666666,15.0,13.333333333333334,13.0,301.6666666666667,133.0,184.66666666666666,668.3333333333334,138.66666666666666,241.66666666666666,13.0,10.666666666666666,14.0,544.6666666666666,155.33333333333334,227.66666666666666,1550094.8333333333,29.366666666666646,19.666666666666668,26.03333333333333,19.666666666666668,3089342.1666666665,7828796.5,1505254.5,34.43333333333333,0.0,23652.833333333332,23464.833333333332,4.233333333333333,4.233333333333333,2.3,2.3,11294.833333333334,11398.666666666666,24373.399999999998,1.9333333333333333,159734.16666666666,15.333333333333334,15.666666666666666,13.5,327.3333333333333,274.6666666666667,180.16666666666666,652.0,145.16666666666666,360.1666666666667,13.5,9.333333333333334,13.0,527.5,158.16666666666666,237.0,1504294.4166666667,22.891666666666666,14.375000000000005,26.825,21.791666666666668,2974083.0833333335,7628379.916666667,1458215.0833333333,35.05833333333333,0.0,23433.166666666668,23202.083333333332,3.1750000000000003,3.1750000000000003,2.308333333333333,2.3,11701.833333333334,11803.0,35107.385833333334,2873.441666666666,153330.66666666666,14.833333333333334,13.25,13.5,338.8333333333333,403.5833333333333,173.5,601.1666666666666,138.5,348.9166666666667,14.333333333333334,10.5,12.916666666666666,499.1666666666667,149.08333333333334,217.66666666666666,0.6623111073221777,9.249263141662546,-159.64467005076145,2511.111111111102,104.13793103448276,-48.61111111111111,-21.221864951768488,51.23456790123457,-3.529411764705892,-38.805970149253746,1.1739770845104136,16.964101683900303,0.49189861537219937,11.046502307557947,0.8885569792731252,11.669071529565311,-2.3323615160349753,-10.427807486631014,,,2.2457397608433016,6.732776617954062,1.4464882943143742,6.687183996482737,105.71428571428574,-580.0,102.85714285714285,-573.3333333333334,0.0,-4.166666666666674,0.0,-4.166666666666674,-1.6533881607127543,-10.55707051032333,-1.8392947957280859,-10.557615075687366,-95.23809523809523,-99.99984709012509,0.0,-99.99289267945984,-2.2153338469284356,10746500.0,0.0,15.384615384615374,7.692307692307687,100.0,0.0,0.0,13.636363636363647,-22.985781990521325,-19.863013698630137,-78.99461400359067,-11.398963730569944,-3.93258426966292,6.379821958456966,31.55963302752294,-3.597122302158273,-12.987012987012992,5.857740585774063,12.94642857142858,0.0,-23.529411764705888,0.0,-15.384615384615385,-7.14285714285714,0.0,15.708812260536398,43.46793349168645,3.9735099337748325,10.563380281690149,-4.761904761904767,25.0,2022,4,2,0,1,0,0
2022-05-01,955893.0,39.79,1013661.0,4075791.0,41.0,47.1,37.2,67.60000000000001,163.5,34.9,35.6,7635614.0,10285430.0,48.73,4851927.0,718191.0,1554005.0,-6.800000000000001,1.3000000000000012,23.900000000000002,14.6,3223082.0,7995982.0,1544704.0,32.4,0.0,24415.0,24323.0,4.0,4.0,2.3,2.3,11563.0,11645.0,-0.9,37081.0,163761.0,15.0,11.0,12.0,375.0,144.0,171.0,613.0,133.0,231.0,13.0,12.0,13.0,446.0,140.0,227.0,1558621.0,23.5,29.6,24.5,16.4,3189197.0,7966033.0,1540084.0,33.5,0.0,24540.0,24266.0,7.2,7.1,2.3,2.3,11480.0,11581.0,0.1,2.6,161199.0,15.0,14.0,13.0,325.0,117.0,171.0,717.0,134.0,253.0,13.0,11.0,13.0,604.0,157.0,220.0,1548366.0,-39.4,14.5,31.1,17.0,3152191.0,7927040.0,1526520.0,34.3,0.0,24001.0,23920.0,3.5,3.5,2.3,2.3,11673.0,11798.0,2.1,2.6,164851.0,15.0,13.0,13.0,286.0,146.0,193.0,674.0,139.0,239.0,13.0,11.0,14.0,522.0,151.0,231.0,1552047.0,43.99999999999999,5.499999999999998,24.2,19.7,3105978.0,7884922.0,1509501.0,34.8,0.0,23529.0,23417.0,2.4,2.3,2.3,2.3,11350.0,11446.0,-0.9,-1.4,163609.0,15.0,13.0,13.0,294.0,136.0,190.0,614.0,143.0,233.0,13.0,10.0,15.0,508.0,158.0,232.0,1509100.0,57.9,11.3,27.5,16.900000000000002,2993947.0,7644583.0,1461548.0,34.8,0.0,23414.0,23136.0,7.3,7.3,2.3,2.3,11200.0,11277.0,72014.0,3.1,148311.0,15.0,21.0,15.0,438.0,518.0,214.0,581.0,147.0,215.0,14.0,8.0,12.0,470.0,146.0,225.0,1421288.0,-15.9,-44.5,29.2,27.8,2764028.0,7247735.0,1367202.0,36.5,0.0,23278.0,23000.0,-0.5,-0.4,2.4,2.3,12684.0,12762.0,67018.0,-4.0,149663.0,13.0,7.0,13.0,365.0,571.0,185.0,527.0,139.0,224.0,17.0,14.0,13.0,481.0,168.0,266.0,1553664.0,-7.566666666666673,15.133333333333333,26.5,15.999999999999998,3188156.6666666665,7963018.333333333,1537102.6666666667,33.4,0.0,24318.666666666668,24169.666666666668,4.8999999999999995,4.866666666666666,2.3,2.3,11572.0,11674.666666666666,0.43333333333333335,12362.066666666666,163270.33333333334,15.0,12.666666666666666,12.666666666666666,328.6666666666667,135.66666666666666,178.33333333333334,668.0,135.33333333333334,241.0,13.0,11.333333333333334,13.333333333333334,524.0,149.33333333333334,226.0,1557579.0,18.58333333333331,18.0,25.433333333333334,19.28333333333333,3127531.3333333335,7887363.0,1519113.8333333333,34.03333333333333,0.0,23819.666666666668,23662.666666666668,3.6833333333333336,3.6833333333333336,2.3,2.3,11355.333333333334,11460.0,12370.916666666666,6181.583333333333,162309.16666666666,15.333333333333334,14.0,13.0,316.8333333333333,212.33333333333334,173.0,657.3333333333334,142.83333333333334,362.8333333333333,13.333333333333334,10.0,13.166666666666666,523.5,157.16666666666666,237.33333333333334,1515354.1666666667,23.649999999999995,18.191666666666674,26.383333333333336,20.691666666666666,3012337.5833333335,7690733.833333333,1473006.9166666667,34.71666666666666,0.0,23527.916666666668,23312.333333333332,3.5500000000000003,3.5416666666666665,2.3,2.3,11608.416666666666,11709.916666666666,29522.477500000005,5963.858333333333,154505.5,15.0,13.583333333333334,13.416666666666666,339.6666666666667,368.0,172.33333333333334,608.3333333333334,138.0,349.5,14.0,10.333333333333334,12.916666666666666,496.25,146.75,214.41666666666666,-0.2961592330656404,9.337797828448569,-128.93617021276594,-57.23270440251572,-95.6081081081081,-102.92134831460675,-2.4489795918367308,-18.150684931506845,-10.97560975609756,-47.48201438848921,1.062493160504041,16.608153028840512,0.37595877395939503,10.323873596371836,0.2999836372561404,12.982865736006822,-3.2835820895522394,-11.232876712328776,,,-0.5093724531377353,4.8844402440072265,0.2348965630923905,5.752173913043479,-44.44444444444444,-900.0,-43.66197183098591,-1100.0,0.0,-4.166666666666674,0.0,0.0,0.7229965156794416,-8.837906023336483,0.5526293066229204,-8.752546622786394,-1000.0,-100.00134292279685,1426092.3076923075,-927125.0,1.5893398842424578,9.419829884473785,0.0,15.384615384615374,-21.42857142857143,57.14285714285714,-7.692307692307687,-7.692307692307687,15.384615384615374,2.7397260273972712,23.076923076923084,-74.78108581436076,0.0,-7.567567567567568,-14.50488145048815,16.31878557874762,-0.7462686567164201,-4.316546762589923,-8.695652173913048,3.125,0.0,-23.529411764705888,9.090909090909083,-14.28571428571429,0.0,0.0,-26.158940397350992,-7.276507276507271,-10.828025477707005,-16.666666666666664,3.1818181818181746,-14.661654135338342,2022,5,2,0,1,0,0
2022-06-01,967851.0,40.32,1025376.0,4126104.0,31.4,27.7,141.5,31.999999999999996,100.60000000000001,43.4,17.2,7713788.0,10349813.0,49.06,4890837.0,722739.0,1581695.0,151.89999999999998,12.4,22.6,24.4,3257834.0,8046571.0,1552114.0,30.2,0.0,24345.0,24212.0,0.5,0.4,2.2,2.2,11675.0,11814.0,-0.2,-0.3,168528.0,15.0,10.0,11.0,367.0,130.0,190.0,733.0,118.0,203.0,13.0,12.0,13.0,530.0,142.0,206.0,1554005.0,-6.800000000000001,1.3000000000000012,23.900000000000002,14.6,3223082.0,7995982.0,1544704.0,32.4,0.0,24415.0,24323.0,4.0,4.0,2.3,2.3,11563.0,11645.0,-0.9,37081.0,163761.0,15.0,11.0,12.0,375.0,144.0,171.0,613.0,133.0,231.0,13.0,12.0,13.0,446.0,140.0,227.0,1558621.0,23.5,29.6,24.5,16.4,3189197.0,7966033.0,1540084.0,33.5,0.0,24540.0,24266.0,7.2,7.1,2.3,2.3,11480.0,11581.0,0.1,2.6,161199.0,15.0,14.0,13.0,325.0,117.0,171.0,717.0,134.0,253.0,13.0,11.0,13.0,604.0,157.0,220.0,1548366.0,-39.4,14.5,31.1,17.0,3152191.0,7927040.0,1526520.0,34.3,0.0,24001.0,23920.0,3.5,3.5,2.3,2.3,11673.0,11798.0,2.1,2.6,164851.0,15.0,13.0,13.0,286.0,146.0,193.0,674.0,139.0,239.0,13.0,11.0,14.0,522.0,151.0,231.0,1550275.0,81.5,22.7,23.1,25.3,3029662.0,7727749.0,1486605.0,34.9,0.0,22986.0,22740.0,1.2,1.3,2.3,2.3,10938.0,11063.0,74222.0,0.6,158011.0,16.0,20.0,14.0,306.0,603.0,171.0,706.0,153.0,949.0,14.0,7.0,11.0,545.0,192.0,313.0,1458655.0,64.7,32.8,27.799999999999997,30.400000000000002,2804003.0,7338786.0,1387668.0,36.1,0.0,23216.0,22950.0,3.7,3.5,2.3,2.3,12354.0,12469.0,68295.0,-1.6,149245.0,14.0,7.0,13.0,364.0,475.0,169.0,518.0,133.0,917.0,16.0,13.0,13.0,469.0,131.0,196.0,1564773.6666666667,56.19999999999999,14.433333333333332,23.66666666666667,18.466666666666665,3223371.0,8002862.0,1545634.0,32.03333333333334,0.0,24433.333333333332,24267.0,3.9,3.8333333333333326,2.2666666666666666,2.2666666666666666,11572.666666666666,11680.0,-0.3333333333333333,12361.099999999999,164496.0,15.0,11.666666666666666,12.0,355.6666666666667,130.33333333333334,177.33333333333334,687.6666666666666,128.33333333333334,229.0,13.0,11.666666666666666,13.0,526.6666666666666,146.33333333333334,217.66666666666666,1562815.6666666667,30.316666666666645,16.283333333333335,25.349999999999998,19.13333333333333,3165560.0,7940500.0,1530032.0,33.25,0.0,24046.166666666668,23908.0,3.5666666666666664,3.533333333333333,2.283333333333333,2.283333333333333,11478.166666666666,11585.166666666666,0.55,6181.433333333333,164062.0,15.166666666666666,12.333333333333334,12.5,327.0,133.5,176.16666666666666,661.8333333333334,137.0,238.5,13.166666666666666,10.833333333333334,13.5,521.0,148.83333333333334,219.5,1525607.5,30.916666666666668,16.49166666666667,25.95,20.191666666666666,3050156.8333333335,7749715.916666667,1486710.75,34.224999999999994,0.0,23622.0,23417.5,3.283333333333333,3.283333333333333,2.2916666666666665,2.2916666666666665,11551.833333333334,11655.333333333334,23831.21083333333,5963.966666666667,156112.41666666666,15.083333333333334,13.833333333333334,13.25,339.9166666666667,339.25,174.08333333333334,626.25,136.75,290.0,13.75,10.25,12.916666666666666,501.3333333333333,147.66666666666666,215.25,1.7818475487530572,8.43516801436941,-2333.823529411764,134.77588871715605,853.8461538461529,-62.1951219512195,-5.4393305439330515,-18.705035971223005,67.12328767123287,-19.736842105263165,1.0782226452817456,16.185111071564485,0.6326802636624329,9.64444255494028,0.47970355485582594,11.850529089090479,-6.79012345679012,-16.343490304709153,,,-0.28670899037477326,4.8630254996554045,-0.456358179500882,5.498910675381263,-87.5,-86.48648648648648,-90.0,-88.57142857142857,-4.347826086956507,-4.347826086956507,-4.347826086956507,-4.347826086956507,0.9686067629507855,-5.4961955641897315,1.4512666380420702,-5.253027508220387,-77.77777777777779,-100.00029284720698,-100.0008090396699,-81.25,2.9109494934691504,12.920365841401726,0.0,7.14285714285714,-9.090909090909093,42.85714285714286,-8.333333333333337,-15.384615384615385,-2.1333333333333315,0.8241758241758212,-9.722222222222221,-72.63157894736842,11.111111111111116,12.426035502958577,19.57585644371942,41.5057915057915,-11.27819548872181,-11.27819548872181,-12.121212121212121,-77.86259541984732,0.0,-18.75,0.0,-7.692307692307687,0.0,0.0,18.8340807174888,13.006396588486147,1.4285714285714235,8.3969465648855,-9.251101321585908,5.102040816326525,2022,6,2,0,1,0,0
2022-07-01,974385.0,41.01,1032078.0,4105204.0,16.4,24.1,21.500000000000007,12.2,75.7,39.3,10.7,7768364.0,10422086.0,49.19,4843544.0,727947.0,1588177.0,-15.7,8.3,20.7,16.2,3287788.0,8099066.0,1556498.0,28.6,0.0,24667.0,24559.0,9.2,9.2,2.2,2.2,11965.0,12134.0,0.0,-0.7,173881.0,16.0,10.0,13.0,414.0,150.0,288.0,720.0,121.0,222.0,13.0,11.0,12.0,460.0,107.0,163.0,1581695.0,151.89999999999998,12.4,22.6,24.4,3257834.0,8046571.0,1552114.0,30.2,0.0,24345.0,24212.0,0.5,0.4,2.2,2.2,11675.0,11814.0,-0.2,-0.3,168528.0,15.0,10.0,11.0,367.0,130.0,190.0,733.0,118.0,203.0,13.0,12.0,13.0,530.0,142.0,206.0,1554005.0,-6.800000000000001,1.3000000000000012,23.900000000000002,14.6,3223082.0,7995982.0,1544704.0,32.4,0.0,24415.0,24323.0,4.0,4.0,2.3,2.3,11563.0,11645.0,-0.9,37081.0,163761.0,15.0,11.0,12.0,375.0,144.0,171.0,613.0,133.0,231.0,13.0,12.0,13.0,446.0,140.0,227.0,1558621.0,23.5,29.6,24.5,16.4,3189197.0,7966033.0,1540084.0,33.5,0.0,24540.0,24266.0,7.2,7.1,2.3,2.3,11480.0,11581.0,0.1,2.6,161199.0,15.0,14.0,13.0,325.0,117.0,171.0,717.0,134.0,253.0,13.0,11.0,13.0,604.0,157.0,220.0,1582160.0,8.7,34.4,25.8,22.7,3065078.0,7822452.0,1507269.0,34.3,0.0,23447.0,23310.0,3.8,3.9,2.3,2.3,11128.0,11227.0,3.1,4.1,162424.0,16.0,13.0,13.0,315.0,128.0,142.0,620.0,155.0,272.0,14.0,9.0,13.0,516.0,145.0,201.0,1450834.0,-20.099999999999994,48.3,25.1,24.3,2836836.0,7387284.0,1422524.0,35.4,0.0,23326.0,23056.0,2.2,2.1,2.3,2.3,12471.0,12576.0,69103.0,-2.3,149963.0,15.0,6.0,15.0,408.0,521.0,104.0,536.0,128.0,218.0,15.0,13.0,12.0,447.0,148.0,187.0,1574625.6666666667,43.133333333333326,7.333333333333331,22.400000000000006,18.4,3256234.6666666665,8047206.333333333,1551105.3333333333,30.400000000000002,0.0,24475.666666666668,24364.666666666668,4.566666666666666,4.533333333333332,2.2333333333333334,2.2333333333333334,11734.333333333334,11864.333333333334,-0.3666666666666667,12360.0,168723.33333333334,15.333333333333334,10.333333333333334,12.0,385.3333333333333,141.33333333333334,216.33333333333334,688.6666666666666,124.0,218.66666666666666,13.0,11.666666666666666,12.666666666666666,478.6666666666667,129.66666666666666,198.66666666666666,1563818.5,26.249999999999982,11.933333333333335,24.5,18.05,3202678.3333333335,7986602.333333333,1538236.8333333333,32.3,0.0,24249.5,24116.166666666668,4.466666666666668,4.416666666666666,2.266666666666666,2.266666666666666,11617.666666666666,11736.333333333334,0.033333333333333354,6180.633333333334,165971.5,15.166666666666666,11.833333333333334,12.5,343.5,137.16666666666666,200.5,678.5,131.33333333333334,230.16666666666666,13.0,11.166666666666666,13.333333333333334,511.6666666666667,142.5,213.16666666666666,1537052.75,31.28333333333333,13.15833333333334,25.583333333333332,19.51666666666667,3087736.1666666665,7809031.083333333,1497875.25,33.65833333333333,0.0,23733.75,23542.75,3.8666666666666667,3.8749999999999996,2.283333333333333,2.283333333333333,11509.666666666666,11618.5,18072.6275,5964.0999999999985,158105.58333333334,15.166666666666666,14.166666666666666,13.083333333333334,340.4166666666667,308.3333333333333,189.41666666666666,641.5833333333334,136.16666666666666,290.3333333333333,13.583333333333334,10.083333333333334,12.916666666666666,502.4166666666667,144.25,213.25,0.40981352283468997,9.46648617278063,-110.33574720210666,-21.89054726368157,-33.06451612903225,-82.81573498964802,-8.407079646017712,-17.529880478087655,-33.606557377049185,-33.333333333333336,0.9194452510471685,15.896301372374012,0.6523896949396146,9.63523265113404,0.28245347957689404,9.418048482837538,-5.298013245033106,-19.209039548022588,,,1.3226535222838454,5.748949669896253,1.4331736329092903,6.51891047883415,1739.9999999999998,318.1818181818181,2199.9999999999995,338.0952380952381,0.0,-4.347826086956507,0.0,-4.347826086956507,2.483940042826549,-4.057413198620797,2.7086507533435,-3.5146310432569994,-100.0,-100.0,133.33333333333334,-69.56521739130434,3.1763267824931107,15.949267485979867,6.666666666666665,6.666666666666665,0.0,66.66666666666667,18.181818181818187,-13.33333333333333,12.806539509536785,1.4705882352941124,15.384615384615374,-71.20921305182341,51.578947368421055,176.9230769230769,-1.7735334242837686,34.32835820895524,2.5423728813559254,-5.46875,9.35960591133005,1.83486238532109,0.0,-13.33333333333333,-8.333333333333337,-15.384615384615385,-7.692307692307687,0.0,-13.207547169811317,2.9082774049216997,-24.647887323943664,-27.702702702702698,-20.873786407766993,-12.834224598930478,2022,7,3,0,0,1,0
2022-08-01,975276.0,41.05,1036077.0,4063022.0,9.7,10.200000000000001,69.10000000000001,41.5,74.2,39.6,17.8,7800913.0,10462331.0,49.02,4824067.0,733158.0,1573172.0,22.400000000000002,19.6,15.7,13.4,3312289.0,8126092.0,1567094.0,27.5,0.0,24463.0,24343.0,0.7,0.8,2.2,2.2,11542.0,11719.0,1.0,0.9,178235.0,16.0,10.0,14.0,329.0,130.0,204.0,620.0,113.0,203.0,13.0,10.0,11.0,589.0,125.0,184.0,1588177.0,-15.7,8.3,20.7,16.2,3287788.0,8099066.0,1556498.0,28.6,0.0,24667.0,24559.0,9.2,9.2,2.2,2.2,11965.0,12134.0,0.0,-0.7,173881.0,16.0,10.0,13.0,414.0,150.0,288.0,720.0,121.0,222.0,13.0,11.0,12.0,460.0,107.0,163.0,1581695.0,151.89999999999998,12.4,22.6,24.4,3257834.0,8046571.0,1552114.0,30.2,0.0,24345.0,24212.0,0.5,0.4,2.2,2.2,11675.0,11814.0,-0.2,-0.3,168528.0,15.0,10.0,11.0,367.0,130.0,190.0,733.0,118.0,203.0,13.0,12.0,13.0,530.0,142.0,206.0,1554005.0,-6.800000000000001,1.3000000000000012,23.900000000000002,14.6,3223082.0,7995982.0,1544704.0,32.4,0.0,24415.0,24323.0,4.0,4.0,2.3,2.3,11563.0,11645.0,-0.9,37081.0,163761.0,15.0,11.0,12.0,375.0,144.0,171.0,613.0,133.0,231.0,13.0,12.0,13.0,446.0,140.0,227.0,1552047.0,43.99999999999999,5.499999999999998,24.2,19.7,3105978.0,7884922.0,1509501.0,34.8,0.0,23529.0,23417.0,2.4,2.3,2.3,2.3,11350.0,11446.0,-0.9,-1.4,163609.0,15.0,13.0,13.0,294.0,136.0,190.0,614.0,143.0,233.0,13.0,10.0,15.0,508.0,158.0,232.0,1489744.0,59.9,-30.700000000000003,29.3,27.5,2876466.0,7486033.0,1411415.0,35.3,0.0,23151.0,22875.0,0.5,0.6,2.3,2.3,12211.0,12325.0,0.2,-0.8,147333.0,15.0,5.0,14.0,363.0,554.0,168.0,625.0,129.0,215.0,14.0,11.0,11.0,484.0,131.0,199.0,1581014.6666666667,52.86666666666665,13.433333333333332,19.666666666666668,17.999999999999996,3285970.3333333335,8090576.333333333,1558568.6666666667,28.766666666666666,0.0,24491.666666666668,24371.333333333332,3.4666666666666663,3.4666666666666663,2.2,2.2,11727.333333333334,11889.0,0.26666666666666666,-0.033333333333333326,173548.0,15.666666666666666,10.0,12.666666666666666,370.0,136.66666666666666,227.33333333333334,691.0,117.33333333333333,209.33333333333334,13.0,11.0,12.0,526.3333333333334,124.66666666666667,184.33333333333334,1567339.3333333333,22.649999999999977,14.283333333333333,23.083333333333332,17.0,3237063.5,8026797.333333333,1547835.6666666667,31.083333333333332,0.0,24405.166666666668,24270.5,4.183333333333334,4.166666666666666,2.25,2.25,11649.666666666666,11781.833333333334,0.35000000000000003,6181.016666666666,168409.16666666666,15.333333333333334,11.333333333333334,12.666666666666666,349.3333333333333,136.16666666666666,202.83333333333334,679.5,126.33333333333333,225.16666666666666,13.0,11.166666666666666,12.666666666666666,525.1666666666666,137.0,205.16666666666666,1544005.0833333333,28.15833333333333,17.350000000000005,24.45,18.341666666666665,3124054.75,7862369.333333333,1510848.5,33.00833333333333,0.0,23843.083333333332,23665.083333333332,3.8833333333333333,3.891666666666667,2.275,2.275,11453.916666666666,11568.0,18072.694166666664,5964.241666666666,160680.75,15.25,14.583333333333334,13.083333333333334,337.5833333333333,273.0,192.41666666666666,641.1666666666666,134.83333333333334,289.3333333333333,13.5,10.0,12.916666666666666,511.1666666666667,143.75,212.0,-0.9447939366959757,5.600156805464573,-242.67515923566881,-62.60434056761268,136.14457831325302,-163.84364820846903,-24.154589371980673,-46.41638225255973,-17.28395061728395,-51.272727272727266,0.7452122825437613,15.151335006219435,0.33369279865109736,8.550042459070117,0.6807589858772722,11.029994721609171,-3.8461538461538547,-22.09631728045325,,,-0.8270158511371473,5.667141808129239,-0.8795146382181707,6.417486338797818,-92.3913043478261,39.99999999999999,-91.30434782608695,33.33333333333335,0.0,-4.347826086956507,0.0,-4.347826086956507,-3.5353113246970325,-5.478666775857832,-3.420141750453276,-4.916835699797161,inf,400.0,-228.57142857142856,-212.5,2.504011364093839,20.974255597863344,0.0,6.666666666666665,0.0,100.0,7.692307692307687,0.0,-20.531400966183575,-9.366391184572997,-13.33333333333333,-76.53429602888086,-29.166666666666664,21.42857142857142,-13.888888888888884,-0.8000000000000007,-6.6115702479338845,-12.4031007751938,-8.558558558558559,-5.581395348837215,0.0,-7.14285714285714,-9.090909090909093,-9.090909090909093,-8.333333333333337,0.0,28.04347826086957,21.69421487603307,16.82242990654206,-4.580152671755721,12.883435582822077,-7.537688442211055,2022,8,3,0,0,1,0
2022-09-01,983262.0,41.07,1044933.0,4080297.0,13.2,17.8,-56.000000000000014,45.6,68.0,27.900000000000002,9.1,7860623.0,10496348.0,49.29,4861100.0,736158.0,1572235.0,-31.599999999999998,8.3,15.4,6.1,3342302.0,8147501.0,1572258.0,25.6,0.0,24984.0,24817.0,8.7,8.6,2.2,2.2,11621.0,11799.0,-0.7,-0.6,182215.0,16.0,10.0,14.0,378.0,152.0,208.0,683.0,108.0,213.0,12.0,10.0,11.0,586.0,121.0,212.0,1573172.0,22.400000000000002,19.6,15.7,13.4,3312289.0,8126092.0,1567094.0,27.5,0.0,24463.0,24343.0,0.7,0.8,2.2,2.2,11542.0,11719.0,1.0,0.9,178235.0,16.0,10.0,14.0,329.0,130.0,204.0,620.0,113.0,203.0,13.0,10.0,11.0,589.0,125.0,184.0,1588177.0,-15.7,8.3,20.7,16.2,3287788.0,8099066.0,1556498.0,28.6,0.0,24667.0,24559.0,9.2,9.2,2.2,2.2,11965.0,12134.0,0.0,-0.7,173881.0,16.0,10.0,13.0,414.0,150.0,288.0,720.0,121.0,222.0,13.0,11.0,12.0,460.0,107.0,163.0,1581695.0,151.89999999999998,12.4,22.6,24.4,3257834.0,8046571.0,1552114.0,30.2,0.0,24345.0,24212.0,0.5,0.4,2.2,2.2,11675.0,11814.0,-0.2,-0.3,168528.0,15.0,10.0,11.0,367.0,130.0,190.0,733.0,118.0,203.0,13.0,12.0,13.0,530.0,142.0,206.0,1548366.0,-39.4,14.5,31.1,17.0,3152191.0,7927040.0,1526520.0,34.3,0.0,24001.0,23920.0,3.5,3.5,2.3,2.3,11673.0,11798.0,2.1,2.6,164851.0,15.0,13.0,13.0,286.0,146.0,193.0,674.0,139.0,239.0,13.0,11.0,14.0,522.0,151.0,231.0,1454496.0,-4.700000000000005,37.6,29.6,18.4,2919147.0,7529867.0,1430702.0,35.5,0.0,23146.0,22849.0,1.6,1.6,2.3,2.3,11611.0,11699.0,0.03,1.4,143008.0,14.0,20.0,13.0,281.0,540.0,194.0,531.0,127.0,219.0,15.0,10.0,16.0,476.0,131.0,128.0,1577861.3333333333,-8.299999999999999,12.066666666666665,17.26666666666667,11.899999999999999,3314126.3333333335,8124219.666666667,1565283.3333333333,27.233333333333334,0.0,24704.666666666668,24573.0,6.199999999999999,6.199999999999999,2.2,2.2,11709.333333333334,11884.0,0.10000000000000002,-0.13333333333333333,178110.33333333334,16.0,10.0,13.666666666666666,373.6666666666667,144.0,233.33333333333334,674.3333333333334,114.0,212.66666666666666,12.666666666666666,10.333333333333334,11.333333333333334,545.0,117.66666666666667,186.33333333333334,1571317.5,23.949999999999978,13.25,20.466666666666665,15.183333333333332,3268748.6666666665,8063540.833333333,1555458.6666666667,29.63333333333333,0.0,24569.0,24420.0,5.05,5.016666666666667,2.233333333333333,2.233333333333333,11641.0,11782.0,-0.11666666666666665,6180.483333333334,171303.16666666666,15.5,10.833333333333334,12.833333333333334,364.6666666666667,137.16666666666666,205.33333333333334,681.0,121.16666666666667,220.83333333333334,12.833333333333334,11.0,12.166666666666666,535.8333333333334,132.0,202.0,1553816.6666666667,25.91666666666666,14.908333333333339,23.266666666666666,17.316666666666666,3159317.6666666665,7913838.833333333,1522644.8333333333,32.18333333333333,0.0,23996.25,23829.083333333332,4.475,4.4750000000000005,2.2666666666666666,2.2666666666666666,11454.75,11576.333333333334,18072.63333333333,5964.075,163948.0,15.416666666666666,13.75,13.166666666666666,345.6666666666667,240.66666666666666,193.58333333333334,653.8333333333334,133.25,288.8333333333333,13.25,10.0,12.5,520.3333333333334,142.91666666666666,219.0,-0.05956119229175716,8.094831474270126,-241.07142857142856,572.3404255319142,-57.65306122448979,-77.92553191489363,-1.9108280254776955,-47.97297297297297,-54.47761194029851,-66.84782608695652,0.9061105477209175,14.49584416269547,0.26345997559467094,8.202455634342542,0.3295271374914366,9.894163844043003,-6.909090909090909,-27.88732394366197,,,2.1297469648039913,7.940896915233742,1.9471716715277587,8.613068405619506,1142.857142857143,443.7499999999999,974.9999999999998,437.4999999999999,0.0,-4.347826086956507,0.0,-4.347826086956507,0.684456766591568,0.08612522607871487,0.6826521034217992,0.8547739123001996,-170.0,-2433.333333333333,-166.66666666666666,-142.85714285714286,2.2330069851600465,27.41594875811144,0.0,14.28571428571428,0.0,-50.0,0.0,7.692307692307687,14.893617021276606,34.51957295373666,16.92307692307693,-71.85185185185186,1.9607843137254832,7.216494845360821,10.16129032258064,28.625235404896433,-4.424778761061942,-14.960629921259837,4.92610837438423,-2.73972602739726,-7.692307692307687,-19.999999999999996,0.0,0.0,0.0,-31.25,-0.5093378607809895,23.109243697479,-3.200000000000003,-7.633587786259543,15.217391304347828,65.625,2022,9,3,0,0,1,0
2022-10-01,995733.0,41.24,1054302.0,4134355.0,23.2,16.0,84.60000000000001,42.6,97.9,34.5,21.3,7940126.0,10554773.0,49.3,4895781.0,741219.0,1601184.0,91.10000000000001,6.1,16.9,13.1,3368771.0,8190132.0,1579661.0,24.3,0.0,24578.0,24397.0,1.3,1.3,2.2,2.2,11494.0,11656.0,0.5,2.7,183897.0,16.0,9.0,14.0,384.0,139.0,196.0,695.0,110.0,221.0,12.0,11.0,12.0,552.0,133.0,234.0,1572235.0,-31.599999999999998,8.3,15.4,6.1,3342302.0,8147501.0,1572258.0,25.6,0.0,24984.0,24817.0,8.7,8.6,2.2,2.2,11621.0,11799.0,-0.7,-0.6,182215.0,16.0,10.0,14.0,378.0,152.0,208.0,683.0,108.0,213.0,12.0,10.0,11.0,586.0,121.0,212.0,1573172.0,22.400000000000002,19.6,15.7,13.4,3312289.0,8126092.0,1567094.0,27.5,0.0,24463.0,24343.0,0.7,0.8,2.2,2.2,11542.0,11719.0,1.0,0.9,178235.0,16.0,10.0,14.0,329.0,130.0,204.0,620.0,113.0,203.0,13.0,10.0,11.0,589.0,125.0,184.0,1588177.0,-15.7,8.3,20.7,16.2,3287788.0,8099066.0,1556498.0,28.6,0.0,24667.0,24559.0,9.2,9.2,2.2,2.2,11965.0,12134.0,0.0,-0.7,173881.0,16.0,10.0,13.0,414.0,150.0,288.0,720.0,121.0,222.0,13.0,11.0,12.0,460.0,107.0,163.0,1558621.0,23.5,29.6,24.5,16.4,3189197.0,7966033.0,1540084.0,33.5,0.0,24540.0,24266.0,7.2,7.1,2.3,2.3,11480.0,11581.0,0.1,2.6,161199.0,15.0,14.0,13.0,325.0,117.0,171.0,717.0,134.0,253.0,13.0,11.0,13.0,604.0,157.0,220.0,1475947.0,14.6,11.0,24.7,15.1,2952464.0,7578075.0,1447543.0,35.3,0.0,23164.0,22906.0,5.2,5.3,2.3,2.3,11322.0,11413.0,70632.0,34477.0,142351.0,15.0,20.0,13.0,321.0,534.0,181.0,565.0,135.0,233.0,14.0,9.0,12.0,468.0,131.0,214.0,1582197.0,27.3,11.33333333333333,16.0,10.866666666666665,3341120.6666666665,8154575.0,1573004.3333333333,25.8,0.0,24675.0,24519.0,3.5666666666666664,3.5666666666666664,2.2,2.2,11552.333333333334,11724.666666666666,0.26666666666666666,1.0,181449.0,16.0,9.666666666666666,14.0,363.6666666666667,140.33333333333334,202.66666666666666,666.0,110.33333333333333,212.33333333333334,12.333333333333334,10.333333333333334,11.333333333333334,575.6666666666666,126.33333333333333,210.0,1578411.3333333333,35.21666666666665,9.333333333333334,19.2,14.633333333333333,3298677.6666666665,8100890.666666667,1562054.8333333333,28.099999999999998,0.0,24575.333333333332,24441.833333333332,4.066666666666666,4.05,2.216666666666667,2.216666666666667,11643.333333333334,11794.5,-0.04999999999999999,6180.5,175086.16666666666,15.666666666666666,10.0,13.0,374.5,140.83333333333334,209.5,677.3333333333334,117.16666666666667,215.5,12.666666666666666,11.0,12.0,527.1666666666666,128.0,204.33333333333334,1564253.0833333333,32.291666666666664,14.500000000000007,22.616666666666664,17.150000000000002,3194009.9166666665,7964843.583333333,1533654.6666666667,31.266666666666662,0.0,24114.083333333332,23953.333333333332,4.1499999999999995,4.141666666666667,2.2583333333333333,2.2583333333333333,11469.083333333334,11596.583333333334,12186.674999999997,3091.2166666666667,167410.16666666666,15.5,12.833333333333334,13.25,350.9166666666667,207.75,194.83333333333334,664.6666666666666,131.16666666666666,287.8333333333333,13.083333333333334,10.166666666666666,12.5,527.3333333333334,143.08333333333334,220.66666666666666,1.8412641876055513,8.485196284148412,-388.29113924050637,523.9726027397261,-26.50602409638555,-44.54545454545455,9.740259740259738,-31.57894736842105,114.75409836065573,-13.245033112582782,0.7919392083659771,14.100324339263736,0.5232401935268305,8.076681743054802,0.47085147603000976,9.127051838874568,-5.078125,-31.161473087818692,,,-1.6250400256163977,6.104299775513722,-1.6923882822258984,6.509211560289874,-85.0574712643678,-75.0,-84.88372093023256,-75.47169811320754,0.0,-4.347826086956507,0.0,-4.347826086956507,-1.0928491523965245,1.5191662250485738,-1.211967115857271,2.129150968194171,-171.42857142857144,-99.99929210556122,-550.0000000000001,-99.99216869217159,0.9230853661883032,29.185604597087476,0.0,6.666666666666665,-9.999999999999998,-55.00000000000001,0.0,7.692307692307687,1.5873015873015817,19.626168224299057,-8.552631578947366,-73.97003745318351,-5.769230769230771,8.287292817679548,1.7569546120058455,23.008849557522115,1.85185185185186,-18.518518518518523,3.7558685446009488,-5.150214592274683,0.0,-14.28571428571429,10.000000000000009,22.222222222222232,9.090909090909083,0.0,-5.802047781569963,17.948717948717952,9.917355371900815,1.526717557251911,10.377358490566046,9.345794392523366,2022,10,4,0,0,0,1
2022-11-01,997110.0,41.28,1056591.0,4021077.0,3.400000000000001,-0.1999999999999998,-82.2,13.500000000000002,52.2,16.0,20.5,7975486.0,10535507.0,48.89,4849366.0,748866.0,1542588.0,-101.7,17.3,12.8,0.7,3387397.0,8166859.0,1587245.0,23.3,0.0,24697.0,24496.0,8.2,8.2,2.2,2.2,12007.0,12151.0,-3.0,35805.0,186949.0,17.0,10.0,15.0,439.0,133.0,200.0,555.0,102.0,199.0,12.0,12.0,12.0,615.0,98.0,243.0,1601184.0,91.10000000000001,6.1,16.9,13.1,3368771.0,8190132.0,1579661.0,24.3,0.0,24578.0,24397.0,1.3,1.3,2.2,2.2,11494.0,11656.0,0.5,2.7,183897.0,16.0,9.0,14.0,384.0,139.0,196.0,695.0,110.0,221.0,12.0,11.0,12.0,552.0,133.0,234.0,1572235.0,-31.599999999999998,8.3,15.4,6.1,3342302.0,8147501.0,1572258.0,25.6,0.0,24984.0,24817.0,8.7,8.6,2.2,2.2,11621.0,11799.0,-0.7,-0.6,182215.0,16.0,10.0,14.0,378.0,152.0,208.0,683.0,108.0,213.0,12.0,10.0,11.0,586.0,121.0,212.0,1573172.0,22.400000000000002,19.6,15.7,13.4,3312289.0,8126092.0,1567094.0,27.5,0.0,24463.0,24343.0,0.7,0.8,2.2,2.2,11542.0,11719.0,1.0,0.9,178235.0,16.0,10.0,14.0,329.0,130.0,204.0,620.0,113.0,203.0,13.0,10.0,11.0,589.0,125.0,184.0,1554005.0,-6.800000000000001,1.3000000000000012,23.900000000000002,14.6,3223082.0,7995982.0,1544704.0,32.4,0.0,24415.0,24323.0,4.0,4.0,2.3,2.3,11563.0,11645.0,-0.9,37081.0,163761.0,15.0,11.0,12.0,375.0,144.0,171.0,613.0,133.0,231.0,13.0,12.0,13.0,446.0,140.0,227.0,1509100.0,57.9,11.3,27.5,16.900000000000002,2993947.0,7644583.0,1461548.0,34.8,0.0,23414.0,23136.0,7.3,7.3,2.3,2.3,11200.0,11277.0,72014.0,3.1,148311.0,15.0,21.0,15.0,438.0,518.0,214.0,581.0,147.0,215.0,14.0,8.0,12.0,470.0,146.0,225.0,1572002.3333333333,-14.066666666666663,10.566666666666663,15.033333333333333,6.633333333333333,3366156.6666666665,8168164.0,1579721.3333333333,24.400000000000002,0.0,24753.0,24570.0,6.066666666666666,6.033333333333332,2.2,2.2,11707.333333333334,11868.666666666666,-1.0666666666666667,11935.699999999999,184353.66666666666,16.333333333333332,9.666666666666666,14.333333333333334,400.3333333333333,141.33333333333334,201.33333333333334,644.3333333333334,106.66666666666667,211.0,12.0,11.0,11.666666666666666,584.3333333333334,117.33333333333333,229.66666666666666,1576508.5,19.39999999999998,12.0,17.349999999999998,12.316666666666665,3326063.5,8129370.166666667,1569145.0,26.583333333333332,0.0,24622.333333333332,24470.666666666668,4.766666666666667,4.75,2.2,2.2,11717.333333333334,11878.833333333334,-0.39999999999999997,5967.833333333333,178950.83333333334,16.0,9.833333333333334,13.5,385.1666666666667,139.0,214.33333333333334,667.6666666666666,112.0,210.16666666666666,12.5,11.0,11.833333333333334,555.3333333333334,121.0,207.0,1567043.75,18.99166666666667,15.000000000000005,21.391666666666666,15.799999999999999,3226797.4166666665,8008366.583333333,1544129.4166666667,30.308333333333334,0.0,24221.0,24066.666666666668,4.225,4.216666666666666,2.25,2.25,11536.333333333334,11669.416666666666,6185.258333333334,6074.708333333333,170630.0,15.666666666666666,11.916666666666666,13.25,351.0,175.66666666666666,193.66666666666666,662.5,127.41666666666667,286.5,12.916666666666666,10.5,12.5,539.4166666666666,139.08333333333334,222.16666666666666,-3.6595419389651607,2.219070969451997,-211.635565312843,-275.6476683937824,183.6065573770492,53.09734513274336,-24.26035502958579,-53.45454545454545,-94.65648854961832,-95.85798816568047,0.5529019336725449,13.1415151971628,-0.28415903431104894,6.831975007662283,0.48010300944316686,8.60026492458681,-4.115226337448563,-33.045977011494244,,,0.4841728374969545,5.479627573246781,0.40578759683567167,5.878284923928079,530.7692307692307,12.328767123287655,530.7692307692307,12.328767123287655,0.0,-4.347826086956507,0.0,-4.347826086956507,4.463198190360185,7.2053571428571495,4.246739876458472,7.750288197215571,-700.0,-100.00416585663898,1326011.111111111,1154900.0,1.6596246812074167,26.052012325451244,6.25,13.33333333333333,11.111111111111116,-52.38095238095239,7.14285714285714,0.0,14.322916666666675,0.22831050228311334,-4.316546762589923,-74.32432432432432,2.0408163265306145,-6.542056074766355,-20.143884892086326,-4.475043029259895,-7.272727272727275,-30.612244897959183,-9.954751131221718,-7.441860465116279,0.0,-14.28571428571429,9.090909090909083,50.0,0.0,0.0,11.413043478260864,30.85106382978724,-26.315789473684216,-32.87671232876712,3.8461538461538547,8.000000000000007,2022,11,4,0,0,0,1
2022-12-01,999627.0,41.37,1064337.0,4120829.0,-4.7,13.7,390.90000000000003,-4.199999999999998,42.6,46.8,19.4,8024247.0,10624274.0,49.3,4814482.0,753216.0,1637878.0,349.2,11.4,12.1,17.9,3411999.0,8236702.0,1589767.0,19.5,0.0,24784.0,24513.0,4.2,4.2,2.2,2.2,11521.0,11665.0,0.9,1.1,190482.0,17.0,10.0,16.0,383.0,130.0,187.0,618.0,94.0,180.0,12.0,14.0,13.0,439.0,85.0,118.0,1542588.0,-101.7,17.3,12.8,0.7,3387397.0,8166859.0,1587245.0,23.3,0.0,24697.0,24496.0,8.2,8.2,2.2,2.2,12007.0,12151.0,-3.0,35805.0,186949.0,17.0,10.0,15.0,439.0,133.0,200.0,555.0,102.0,199.0,12.0,12.0,12.0,615.0,98.0,243.0,1601184.0,91.10000000000001,6.1,16.9,13.1,3368771.0,8190132.0,1579661.0,24.3,0.0,24578.0,24397.0,1.3,1.3,2.2,2.2,11494.0,11656.0,0.5,2.7,183897.0,16.0,9.0,14.0,384.0,139.0,196.0,695.0,110.0,221.0,12.0,11.0,12.0,552.0,133.0,234.0,1572235.0,-31.599999999999998,8.3,15.4,6.1,3342302.0,8147501.0,1572258.0,25.6,0.0,24984.0,24817.0,8.7,8.6,2.2,2.2,11621.0,11799.0,-0.7,-0.6,182215.0,16.0,10.0,14.0,378.0,152.0,208.0,683.0,108.0,213.0,12.0,10.0,11.0,586.0,121.0,212.0,1581695.0,151.89999999999998,12.4,22.6,24.4,3257834.0,8046571.0,1552114.0,30.2,0.0,24345.0,24212.0,0.5,0.4,2.2,2.2,11675.0,11814.0,-0.2,-0.3,168528.0,15.0,10.0,11.0,367.0,130.0,190.0,733.0,118.0,203.0,13.0,12.0,13.0,530.0,142.0,206.0,1550275.0,81.5,22.7,23.1,25.3,3029662.0,7727749.0,1486605.0,34.9,0.0,22986.0,22740.0,1.2,1.3,2.3,2.3,10938.0,11063.0,74222.0,0.6,158011.0,16.0,20.0,14.0,306.0,603.0,171.0,706.0,153.0,949.0,14.0,7.0,11.0,545.0,192.0,313.0,1593883.3333333333,112.86666666666667,11.599999999999996,13.933333333333335,10.566666666666665,3389389.0,8197897.666666667,1585557.6666666667,22.366666666666664,0.0,24686.333333333332,24468.666666666668,4.566666666666666,4.566666666666666,2.2,2.2,11674.0,11824.0,-0.5333333333333333,11936.266666666665,187109.33333333334,16.666666666666668,9.666666666666666,15.0,402.0,134.0,194.33333333333334,622.6666666666666,102.0,200.0,12.0,12.333333333333334,12.333333333333334,535.3333333333334,105.33333333333333,198.33333333333334,1585872.3333333333,52.28333333333331,11.833333333333334,15.6,11.233333333333334,3351757.6666666665,8161058.666666667,1575420.5,24.8,0.0,24695.5,24520.833333333332,5.383333333333333,5.383333333333333,2.2,2.2,11691.666666666666,11854.0,-0.21666666666666665,5968.066666666667,182609.83333333334,16.333333333333332,9.833333333333334,14.333333333333334,387.8333333333333,139.0,213.83333333333334,648.5,108.0,206.33333333333334,12.333333333333334,11.333333333333334,11.833333333333334,540.1666666666666,111.5,192.33333333333334,1574344.0,41.300000000000004,14.058333333333339,20.474999999999998,15.183333333333332,3258658.8333333335,8050779.333333333,1552726.25,29.024999999999995,0.0,24370.833333333332,24214.416666666668,4.475,4.458333333333333,2.2416666666666667,2.2416666666666667,11584.916666666666,11719.583333333334,0.1666666666666667,6074.75,173335.91666666666,15.75,11.083333333333334,13.416666666666666,357.4166666666667,136.25,195.0,655.1666666666666,122.5,222.41666666666666,12.75,11.083333333333334,12.666666666666666,530.5833333333334,130.16666666666666,205.91666666666666,6.177281296107573,5.650803889632483,-443.3628318584071,328.46625766871165,-34.104046242774565,-49.77973568281938,-5.468750000000011,-47.61904761904763,2457.142857142857,-29.24901185770752,0.7262803857947642,12.619790590501513,0.8552002673243075,6.586044655435885,0.15889166448783687,6.939435828616203,-16.30901287553649,-44.126074498567334,,,0.35226950641777943,7.822152614634992,0.06939908556498064,7.796833773087064,-48.78048780487805,250.00000000000006,-48.78048780487805,223.0769230769231,0.0,-4.347826086956507,0.0,-4.347826086956507,-4.047638877321558,5.330042055220341,-3.9996708089869104,5.4415619633011,-130.0,-99.99878742151922,-99.99692780337942,83.33333333333334,1.8898202183483148,20.54983513806001,0.0,6.25,0.0,-50.0,6.666666666666665,14.28571428571428,-12.756264236902048,25.163398692810457,-2.2556390977443663,-78.44112769485903,-6.499999999999995,9.35672514619883,11.351351351351347,-12.464589235127477,-7.843137254901967,-38.56209150326797,-9.547738693467334,-81.0326659641728,0.0,-14.28571428571429,16.666666666666675,100.0,8.333333333333325,18.181818181818187,-28.617886178861784,-19.449541284403672,-13.265306122448983,-55.72916666666667,-51.440329218106996,-62.30031948881789,2022,12,4,0,0,0,1
2023-01-01,1009164.0,40.92,1064982.0,4096299.0,12.200000000000001,-2.8,-34.8,118.1,13.2,23.5,-35.6,8046132.0,10652728.0,49.25,4867739.0,749136.0,1602416.0,-44.1,12.2,6.7,7.4,3423766.0,8259823.0,1601347.0,17.9,0.0,28201.0,27979.0,8.7,8.8,2.2,2.2,11976.0,12131.0,84586.0,2.9,1.6,16.0,11.0,14.0,344.0,136.0,183.0,594.0,93.0,1410.0,12.0,15.0,14.0,521.0,100.0,131.0,1637878.0,349.2,11.4,12.1,17.9,3411999.0,8236702.0,1589767.0,19.5,0.0,24784.0,24513.0,4.2,4.2,2.2,2.2,11521.0,11665.0,0.9,1.1,190482.0,17.0,10.0,16.0,383.0,130.0,187.0,618.0,94.0,180.0,12.0,14.0,13.0,439.0,85.0,118.0,1542588.0,-101.7,17.3,12.8,0.7,3387397.0,8166859.0,1587245.0,23.3,0.0,24697.0,24496.0,8.2,8.2,2.2,2.2,12007.0,12151.0,-3.0,35805.0,186949.0,17.0,10.0,15.0,439.0,133.0,200.0,555.0,102.0,199.0,12.0,12.0,12.0,615.0,98.0,243.0,1601184.0,91.10000000000001,6.1,16.9,13.1,3368771.0,8190132.0,1579661.0,24.3,0.0,24578.0,24397.0,1.3,1.3,2.2,2.2,11494.0,11656.0,0.5,2.7,183897.0,16.0,9.0,14.0,384.0,139.0,196.0,695.0,110.0,221.0,12.0,11.0,12.0,552.0,133.0,234.0,1588177.0,-15.7,8.3,20.7,16.2,3287788.0,8099066.0,1556498.0,28.6,0.0,24667.0,24559.0,9.2,9.2,2.2,2.2,11965.0,12134.0,0.0,-0.7,173881.0,16.0,10.0,13.0,414.0,150.0,288.0,720.0,121.0,222.0,13.0,11.0,12.0,460.0,107.0,163.0,1582160.0,8.7,34.4,25.8,22.7,3065078.0,7822452.0,1507269.0,34.3,0.0,23447.0,23310.0,3.8,3.9,2.3,2.3,11128.0,11227.0,3.1,4.1,162424.0,16.0,13.0,13.0,315.0,128.0,142.0,620.0,155.0,272.0,14.0,9.0,13.0,516.0,145.0,201.0,1594294.0,67.8,13.633333333333328,10.533333333333335,8.666666666666664,3407720.6666666665,8221128.0,1592786.3333333333,20.233333333333334,0.0,25894.0,25662.666666666668,7.033333333333332,7.066666666666666,2.2,2.2,11834.666666666666,11982.333333333334,28194.63333333333,11936.333333333334,125810.86666666665,16.666666666666668,10.333333333333334,15.0,388.6666666666667,133.0,190.0,589.0,96.33333333333333,596.3333333333334,12.0,13.666666666666666,13.0,525.0,94.33333333333333,164.0,1588245.5,47.549999999999976,12.483333333333334,13.266666666666666,9.766666666666666,3374420.6666666665,8187851.5,1582895.3333333333,23.016666666666666,0.0,25284.5,25090.833333333332,5.3,5.316666666666666,2.2,2.2,11693.5,11853.5,14097.449999999999,5968.666666666667,153629.93333333332,16.333333333333332,10.0,14.5,376.1666666666667,136.66666666666666,196.33333333333334,627.5,103.33333333333333,404.3333333333333,12.166666666666666,12.0,12.166666666666666,550.3333333333334,110.33333333333333,187.0,1576032.0,36.9,12.208333333333337,18.883333333333333,13.908333333333333,3288549.5,8087226.916666667,1560566.0833333333,27.658333333333335,0.0,24767.0,24603.5,4.883333333333333,4.866666666666666,2.2333333333333334,2.2333333333333334,11655.583333333334,11794.916666666666,7048.741666666666,6074.650000000001,159800.71666666665,15.75,10.916666666666666,13.5,359.8333333333333,136.91666666666666,198.41666666666666,653.0,117.33333333333333,317.25,12.583333333333334,11.583333333333334,12.75,531.0,126.41666666666667,200.08333333333334,-2.1651185253114047,1.2802750669970164,-112.62886597938144,-606.896551724138,7.017543859649122,-64.53488372093024,-44.628099173553714,-74.03100775193798,-58.65921787709496,-67.40088105726872,0.3448711444522745,11.702410183362378,0.28070701113138696,5.591226382725001,0.7284086284342406,6.241619777226237,-8.20512820512821,-47.8134110787172,,,13.787120723047131,20.275514991256884,14.139436217517233,20.030030030030034,107.14285714285711,128.9473684210526,109.52380952380953,125.64102564102568,0.0,-4.347826086956507,0.0,-4.347826086956507,3.949309955733016,7.620416966211363,3.9948564080583004,8.052017457913951,9398344.444444444,2728480.64516129,163.63636363636363,-29.268292682926823,-99.99916002561922,-99.99901492390288,-5.882352941176472,0.0,10.000000000000009,-15.384615384615385,-12.5,7.692307692307687,-10.182767624020883,9.206349206349195,4.615384615384621,6.25,-2.1390374331550777,28.873239436619723,-3.8834951456310662,-4.193548387096779,-1.0638297872340385,-40.0,683.3333333333333,418.38235294117646,0.0,-14.28571428571429,7.14285714285714,66.66666666666667,7.692307692307687,7.692307692307687,18.678815489749432,0.9689922480620172,17.647058823529417,-31.034482758620683,11.016949152542367,-34.82587064676616,2023,1,1,1,0,0,0
2023-02-01,1007802.0,41.37,1061163.0,4009394.0,-8.1,-10.6,-130.9,-118.7,-0.6000000000000005,-2.1999999999999997,-2.1,8032639.0,10647928.0,49.86,4806952.0,749178.0,1551959.0,-99.7,-43.0,-3.0,-0.40000000000000013,3423940.0,8256113.0,1576665.0,15.6,0.0,28337.0,28057.0,3.9,3.9,2.2,2.2,12704.0,12873.0,83379.0,-1.9,196408.0,16.0,11.0,13.0,518.0,123.0,201.0,767.0,102.0,1618.0,12.0,15.0,15.0,565.0,87.0,183.0,1602416.0,-44.1,12.2,6.7,7.4,3423766.0,8259823.0,1601347.0,17.9,0.0,28201.0,27979.0,8.7,8.8,2.2,2.2,11976.0,12131.0,84586.0,2.9,1.6,16.0,11.0,14.0,344.0,136.0,183.0,594.0,93.0,1410.0,12.0,15.0,14.0,521.0,100.0,131.0,1637878.0,349.2,11.4,12.1,17.9,3411999.0,8236702.0,1589767.0,19.5,0.0,24784.0,24513.0,4.2,4.2,2.2,2.2,11521.0,11665.0,0.9,1.1,190482.0,17.0,10.0,16.0,383.0,130.0,187.0,618.0,94.0,180.0,12.0,14.0,13.0,439.0,85.0,118.0,1542588.0,-101.7,17.3,12.8,0.7,3387397.0,8166859.0,1587245.0,23.3,0.0,24697.0,24496.0,8.2,8.2,2.2,2.2,12007.0,12151.0,-3.0,35805.0,186949.0,17.0,10.0,15.0,439.0,133.0,200.0,555.0,102.0,199.0,12.0,12.0,12.0,615.0,98.0,243.0,1573172.0,22.400000000000002,19.6,15.7,13.4,3312289.0,8126092.0,1567094.0,27.5,0.0,24463.0,24343.0,0.7,0.8,2.2,2.2,11542.0,11719.0,1.0,0.9,178235.0,16.0,10.0,14.0,329.0,130.0,204.0,620.0,113.0,203.0,13.0,10.0,11.0,589.0,125.0,184.0,1552047.0,43.99999999999999,5.499999999999998,24.2,19.7,3105978.0,7884922.0,1509501.0,34.8,0.0,23529.0,23417.0,2.4,2.3,2.3,2.3,11350.0,11446.0,-0.9,-1.4,163609.0,15.0,13.0,13.0,294.0,136.0,190.0,614.0,143.0,233.0,13.0,10.0,15.0,508.0,158.0,232.0,1597417.6666666667,68.46666666666667,-6.466666666666671,5.266666666666668,8.299999999999999,3419901.6666666665,8250879.333333333,1589259.6666666667,17.666666666666668,0.0,27107.333333333332,26849.666666666668,5.599999999999999,5.633333333333333,2.2,2.2,12067.0,12223.0,55988.63333333333,0.7000000000000001,128963.86666666665,16.333333333333332,10.666666666666666,14.333333333333334,415.0,129.66666666666666,190.33333333333334,659.6666666666666,96.33333333333333,1069.3333333333333,12.0,14.666666666666666,14.0,508.3333333333333,90.66666666666667,144.0,1584710.0,27.199999999999978,2.0500000000000007,10.149999999999999,7.466666666666666,3393029.1666666665,8209521.666666667,1584490.5,21.033333333333335,0.0,25930.166666666668,25709.833333333332,5.833333333333333,5.833333333333333,2.2,2.2,11887.166666666666,12045.833333333334,27993.783333333336,5968.2,156658.76666666666,16.333333333333332,10.166666666666666,14.333333333333334,407.6666666666667,135.5,195.83333333333334,652.0,101.5,640.1666666666666,12.0,12.833333333333334,12.833333333333334,546.3333333333334,104.0,186.83333333333334,1576024.6666666667,24.924999999999997,8.166666666666673,16.616666666666667,12.233333333333333,3315046.3333333335,8118159.5,1566163.0833333333,26.058333333333334,0.0,25167.666666666668,24990.166666666668,5.008333333333334,5.0,2.225,2.225,11768.416666666666,11913.833333333334,13997.066666666666,6074.608333333334,162533.96666666665,15.833333333333334,10.75,13.5,378.5,135.83333333333334,199.33333333333334,665.75,113.91666666666667,432.6666666666667,12.5,12.0,12.75,535.75,120.5,196.0,-3.1488078002216646,-0.005669931387386473,126.07709750566892,-326.5909090909092,-452.45901639344265,-881.818181818182,-144.77611940298507,-112.39669421487604,-105.40540540540542,-102.03045685279189,0.0050821230189290745,10.237097622713364,-0.04491621672764179,4.707605224249534,-1.5413273949993367,4.449417390250154,-12.849162011173176,-55.172413793103445,,,0.48225240239707645,20.434357601258025,0.27878051395688885,19.814664559935082,-55.172413793103445,62.5,-55.68181818181819,69.56521739130437,0.0,-4.347826086956507,0.0,-4.347826086956507,6.078824315297271,11.929515418502202,6.116560877091759,12.467237462869129,-1.426950086302703,-9264433.333333332,-165.51724137931035,35.71428571428572,12275400.0,20.047185668270085,0.0,6.666666666666665,0.0,-15.384615384615385,-7.14285714285714,0.0,50.58139534883721,76.19047619047619,-9.558823529411764,-9.558823529411764,9.836065573770503,5.789473684210522,29.12457912457913,24.91856677524431,9.677419354838701,-28.671328671328666,14.75177304964539,594.4206008583692,0.0,-7.692307692307687,0.0,50.0,7.14285714285714,0.0,8.445297504798454,11.220472440944885,-13.0,-44.93670886075949,39.69465648854962,-21.12068965517241,2023,2,1,1,0,0,0
2023-03-01,1008357.0,41.32,1056150.0,4057605.0,-6.9,-10.1,134.20000000000002,16.699999999999996,-59.5,18.2,-36.3,7961427.0,10695895.0,49.129999999999995,4776260.0,729048.0,1611786.0,171.20000000000002,51.599999999999994,-17.6,10.200000000000001,3386825.0,8294903.0,1593216.0,13.6,0.0,28268.0,27884.0,4.1,4.1,2.3,2.2,12974.0,13155.0,82318.0,-3.8,199624.0,15.0,11.0,13.0,459.0,132.0,210.0,580.0,105.0,1480.0,13.0,15.0,15.0,519.0,111.0,131.0,1551959.0,-99.7,-43.0,-3.0,-0.40000000000000013,3423940.0,8256113.0,1576665.0,15.6,0.0,28337.0,28057.0,3.9,3.9,2.2,2.2,12704.0,12873.0,83379.0,-1.9,196408.0,16.0,11.0,13.0,518.0,123.0,201.0,767.0,102.0,1618.0,12.0,15.0,15.0,565.0,87.0,183.0,1602416.0,-44.1,12.2,6.7,7.4,3423766.0,8259823.0,1601347.0,17.9,0.0,28201.0,27979.0,8.7,8.8,2.2,2.2,11976.0,12131.0,84586.0,2.9,1.6,16.0,11.0,14.0,344.0,136.0,183.0,594.0,93.0,1410.0,12.0,15.0,14.0,521.0,100.0,131.0,1637878.0,349.2,11.4,12.1,17.9,3411999.0,8236702.0,1589767.0,19.5,0.0,24784.0,24513.0,4.2,4.2,2.2,2.2,11521.0,11665.0,0.9,1.1,190482.0,17.0,10.0,16.0,383.0,130.0,187.0,618.0,94.0,180.0,12.0,14.0,13.0,439.0,85.0,118.0,1572235.0,-31.599999999999998,8.3,15.4,6.1,3342302.0,8147501.0,1572258.0,25.6,0.0,24984.0,24817.0,8.7,8.6,2.2,2.2,11621.0,11799.0,-0.7,-0.6,182215.0,16.0,10.0,14.0,378.0,152.0,208.0,683.0,108.0,213.0,12.0,10.0,11.0,586.0,121.0,212.0,1548366.0,-39.4,14.5,31.1,17.0,3152191.0,7927040.0,1526520.0,34.3,0.0,24001.0,23920.0,3.5,3.5,2.3,2.3,11673.0,11798.0,2.1,2.6,164851.0,15.0,13.0,13.0,286.0,146.0,193.0,674.0,139.0,239.0,13.0,11.0,14.0,522.0,151.0,231.0,1588720.3333333333,9.133333333333345,6.933333333333327,-4.633333333333332,5.733333333333332,3411510.3333333335,8270279.666666667,1590409.3333333333,15.700000000000001,0.0,28268.666666666668,27973.333333333332,5.566666666666666,5.6000000000000005,2.2333333333333334,2.2,12551.333333333334,12719.666666666666,83427.66666666667,-0.9333333333333332,132011.19999999998,15.666666666666666,11.0,13.333333333333334,440.3333333333333,130.33333333333334,198.0,647.0,100.0,1502.6666666666667,12.333333333333334,15.0,14.666666666666666,535.0,99.33333333333333,148.33333333333334,1591301.8333333333,60.99999999999998,9.266666666666666,4.649999999999999,8.15,3400449.6666666665,8234088.666666667,1587983.5,19.03333333333333,0.0,26477.5,26221.0,5.066666666666667,5.083333333333333,2.216666666666667,2.2,12112.666666666666,12271.833333333334,41713.56666666667,5967.666666666667,159560.26666666666,16.166666666666668,10.333333333333334,14.166666666666666,421.1666666666667,132.16666666666666,196.16666666666666,634.8333333333334,101.0,851.3333333333334,12.166666666666666,13.666666666666666,13.5,535.1666666666666,102.33333333333333,173.33333333333334,1581309.6666666667,42.474999999999994,11.25833333333334,12.558333333333332,11.666666666666664,3334599.1666666665,8148814.75,1571721.0833333333,24.333333333333332,0.0,25523.25,25320.5,5.058333333333334,5.05,2.225,2.216666666666667,11876.833333333334,12026.916666666666,20856.725,6074.075000000001,165431.71666666665,15.833333333333334,10.583333333333334,13.5,392.9166666666667,134.66666666666666,200.75,657.9166666666666,111.08333333333333,536.0833333333334,12.5,12.333333333333334,12.833333333333334,535.5,117.16666666666667,187.66666666666666,3.8549343120533486,4.095930807057235,-271.71514543630894,-534.5177664974619,-220.00000000000003,255.8620689655172,486.66666666666674,-156.59163987138265,-2649.999999999999,-39.99999999999999,-1.0839851165616254,7.443521030292888,0.46983368565813866,4.640609861940903,1.0497474098809745,4.369153368445877,-12.82051282051282,-60.349854227405245,,,-0.24349790027172746,17.77842589892087,-0.6166019175250392,16.571906354515043,5.128205128205132,17.142857142857125,5.128205128205132,17.142857142857125,4.545454545454519,0.0,0.0,-4.347826086956507,2.1253148614609474,11.145378223250235,2.1906315544162114,11.501949482963214,-1.272502668537645,3919804.7619047617,100.0,-246.15384615384616,1.6374078448943008,21.093593608773986,-6.25,0.0,0.0,-15.384615384615385,0.0,0.0,-11.389961389961389,60.48951048951048,7.317073170731714,-9.589041095890416,4.477611940298498,8.808290155440424,-24.38070404172099,-13.946587537091993,2.941176470588225,-24.460431654676263,-8.52904820766378,519.2468619246862,8.333333333333325,0.0,0.0,36.36363636363635,0.0,7.14285714285714,-8.141592920353979,-0.5747126436781658,27.586206896551737,-26.490066225165563,-28.415300546448087,-43.290043290043286,2023,3,1,1,0,0,0
2023-04-01,1007736.0,41.3,1056417.0,4046978.0,-3.3000000000000003,-14.9,102.3,-0.8000000000000003,24.1,8.9,3.6000000000000005,7997016.0,10754895.0,49.87,4748173.0,740781.0,1618605.0,65.1,-10.0,19.8,12.0,3421049.0,8350599.0,1583281.0,12.5,0.0,28058.0,27739.0,6.3,6.4,2.3,2.3,12782.0,12958.0,81882.0,0.3,202167.0,15.0,12.0,14.0,438.0,125.0,212.0,538.0,111.0,1474.0,13.0,16.0,15.0,472.0,95.0,175.0,1611786.0,171.20000000000002,51.599999999999994,-17.6,10.200000000000001,3386825.0,8294903.0,1593216.0,13.6,0.0,28268.0,27884.0,4.1,4.1,2.3,2.2,12974.0,13155.0,82318.0,-3.8,199624.0,15.0,11.0,13.0,459.0,132.0,210.0,580.0,105.0,1480.0,13.0,15.0,15.0,519.0,111.0,131.0,1551959.0,-99.7,-43.0,-3.0,-0.40000000000000013,3423940.0,8256113.0,1576665.0,15.6,0.0,28337.0,28057.0,3.9,3.9,2.2,2.2,12704.0,12873.0,83379.0,-1.9,196408.0,16.0,11.0,13.0,518.0,123.0,201.0,767.0,102.0,1618.0,12.0,15.0,15.0,565.0,87.0,183.0,1602416.0,-44.1,12.2,6.7,7.4,3423766.0,8259823.0,1601347.0,17.9,0.0,28201.0,27979.0,8.7,8.8,2.2,2.2,11976.0,12131.0,84586.0,2.9,1.6,16.0,11.0,14.0,344.0,136.0,183.0,594.0,93.0,1410.0,12.0,15.0,14.0,521.0,100.0,131.0,1601184.0,91.10000000000001,6.1,16.9,13.1,3368771.0,8190132.0,1579661.0,24.3,0.0,24578.0,24397.0,1.3,1.3,2.2,2.2,11494.0,11656.0,0.5,2.7,183897.0,16.0,9.0,14.0,384.0,139.0,196.0,695.0,110.0,221.0,12.0,11.0,12.0,552.0,133.0,234.0,1558621.0,23.5,29.6,24.5,16.4,3189197.0,7966033.0,1540084.0,33.5,0.0,24540.0,24266.0,7.2,7.1,2.3,2.3,11480.0,11581.0,0.1,2.6,161199.0,15.0,14.0,13.0,325.0,117.0,171.0,717.0,134.0,253.0,13.0,11.0,13.0,604.0,157.0,220.0,1594116.6666666667,45.53333333333334,-0.4666666666666727,-0.2666666666666657,7.266666666666666,3410604.6666666665,8300538.333333333,1584387.3333333333,13.9,0.0,28221.0,27893.333333333332,4.766666666666667,4.8,2.2666666666666666,2.2333333333333334,12820.0,12995.333333333334,82526.33333333333,-1.7999999999999998,199399.66666666666,15.333333333333334,11.333333333333334,13.333333333333334,471.6666666666667,126.66666666666667,207.66666666666666,628.3333333333334,106.0,1524.0,12.666666666666666,15.333333333333334,15.0,518.6666666666666,97.66666666666667,163.0,1594205.3333333333,56.66666666666665,6.583333333333332,5.133333333333332,7.966666666666668,3409162.6666666665,8260833.166666667,1588586.8333333333,17.066666666666666,0.0,27057.5,26778.0,5.8999999999999995,5.933333333333334,2.2333333333333334,2.216666666666667,12327.333333333334,12488.833333333334,55360.48333333334,5967.266666666666,162605.26666666666,16.0,10.833333333333334,14.166666666666666,430.1666666666667,129.83333333333334,198.83333333333334,608.6666666666666,101.16666666666667,1060.1666666666667,12.333333333333334,14.5,14.0,521.8333333333334,96.0,163.5,1586308.3333333333,45.94166666666666,7.958333333333339,12.166666666666666,11.299999999999999,3353920.1666666665,8180861.916666667,1575320.8333333333,22.583333333333332,0.0,25816.416666666668,25609.916666666668,4.983333333333333,4.991666666666666,2.225,2.216666666666667,11985.333333333334,12141.666666666666,27680.216666666664,6073.883333333334,168845.71666666665,15.833333333333334,10.416666666666666,13.583333333333334,402.3333333333333,135.33333333333334,204.16666666666666,643.0,109.16666666666667,637.8333333333334,12.5,12.75,13.0,524.5,112.0,183.91666666666666,0.4230710528568826,3.8485302071510574,-61.97429906542057,177.02127659574467,-119.3798449612403,-133.78378378378378,-212.5,-19.183673469387752,17.64705882352939,-26.82926829268292,1.010503938054086,7.269917788082703,0.67144847866214,4.8275722684051114,-0.6235814854985144,2.8048470083450017,-8.088235294117641,-62.68656716417911,,,-0.7428894863449886,14.335778321108394,-0.520011476115334,14.312206379296132,53.65853658536586,-12.5,56.09756097560978,-9.859154929577452,0.0,0.0,4.545454545454519,0.0,-1.4798828426082933,11.341463414634156,-1.4975294564804287,11.8901649253087,-0.5296532957554834,81881900.0,-107.89473684210526,-88.46153846153845,1.2738949224542218,25.41454971805035,0.0,0.0,9.090909090909083,-14.28571428571429,7.692307692307687,7.692307692307687,-4.575163398692805,34.769230769230774,-5.303030303030298,6.8376068376068355,0.952380952380949,23.976608187134495,-7.241379310344831,-24.965132496513252,5.714285714285716,-17.16417910447762,-0.40540540540540126,482.60869565217394,0.0,0.0,6.666666666666665,45.45454545454546,0.0,15.384615384615374,-9.055876685934495,-21.85430463576159,-14.414414414414411,-39.490445859872615,33.58778625954197,-20.45454545454546,2023,4,2,0,1,0,0
2023-05-01,1010193.0,41.12,1050912.0,4042410.0,-4.799999999999999,-15.6,12.900000000000011,99.5,-26.2,-23.299999999999997,-7.3999999999999995,7977269.0,10785817.0,49.17,4771918.0,735372.0,1623763.0,-27.499999999999993,38.5,-0.6000000000000001,-7.999999999999999,3424238.0,8386724.0,1607726.0,12.0,0.0,28085.0,27713.0,-0.7,-0.7,2.3,2.3,14367.0,14576.0,81002.0,1.7,207746.0,13.0,13.0,14.0,482.0,136.0,195.0,597.0,113.0,1575.0,13.0,15.0,16.0,571.0,138.0,260.0,1618605.0,65.1,-10.0,19.8,12.0,3421049.0,8350599.0,1583281.0,12.5,0.0,28058.0,27739.0,6.3,6.4,2.3,2.3,12782.0,12958.0,81882.0,0.3,202167.0,15.0,12.0,14.0,438.0,125.0,212.0,538.0,111.0,1474.0,13.0,16.0,15.0,472.0,95.0,175.0,1611786.0,171.20000000000002,51.599999999999994,-17.6,10.200000000000001,3386825.0,8294903.0,1593216.0,13.6,0.0,28268.0,27884.0,4.1,4.1,2.3,2.2,12974.0,13155.0,82318.0,-3.8,199624.0,15.0,11.0,13.0,459.0,132.0,210.0,580.0,105.0,1480.0,13.0,15.0,15.0,519.0,111.0,131.0,1551959.0,-99.7,-43.0,-3.0,-0.40000000000000013,3423940.0,8256113.0,1576665.0,15.6,0.0,28337.0,28057.0,3.9,3.9,2.2,2.2,12704.0,12873.0,83379.0,-1.9,196408.0,16.0,11.0,13.0,518.0,123.0,201.0,767.0,102.0,1618.0,12.0,15.0,15.0,565.0,87.0,183.0,1542588.0,-101.7,17.3,12.8,0.7,3387397.0,8166859.0,1587245.0,23.3,0.0,24697.0,24496.0,8.2,8.2,2.2,2.2,12007.0,12151.0,-3.0,35805.0,186949.0,17.0,10.0,15.0,439.0,133.0,200.0,555.0,102.0,199.0,12.0,12.0,12.0,615.0,98.0,243.0,1554005.0,-6.800000000000001,1.3000000000000012,23.900000000000002,14.6,3223082.0,7995982.0,1544704.0,32.4,0.0,24415.0,24323.0,4.0,4.0,2.3,2.3,11563.0,11645.0,-0.9,37081.0,163761.0,15.0,11.0,12.0,375.0,144.0,171.0,613.0,133.0,231.0,13.0,12.0,13.0,446.0,140.0,227.0,1618051.3333333333,69.60000000000001,26.699999999999992,0.5333333333333345,4.733333333333332,3410704.0,8344075.333333333,1594741.0,12.699999999999998,0.0,28137.0,27778.666666666668,3.233333333333333,3.266666666666667,2.3,2.2666666666666666,13374.333333333334,13563.0,81734.0,-0.6,203179.0,14.333333333333334,12.0,13.666666666666666,459.6666666666667,131.0,205.66666666666666,571.6666666666666,109.66666666666667,1509.6666666666667,13.0,15.333333333333334,15.333333333333334,520.6666666666666,114.66666666666667,188.66666666666666,1607734.5,69.03333333333332,10.116666666666665,2.8999999999999986,6.516666666666667,3415302.8333333335,8297477.333333333,1592000.3333333333,15.183333333333332,0.0,27622.166666666668,27314.166666666668,4.416666666666667,4.45,2.25,2.233333333333334,12720.666666666666,12893.0,68861.31666666667,0.050000000000000044,166071.43333333332,15.333333333333334,11.333333333333334,14.0,437.3333333333333,130.33333333333334,198.0,615.6666666666666,103.0,1289.5,12.5,15.0,14.666666666666666,514.5,102.66666666666667,166.33333333333334,1592121.5,44.21666666666667,11.058333333333339,10.125,9.416666666666666,3370683.1666666665,8213423.75,1580572.6666666667,20.883333333333336,0.0,26122.25,25892.416666666668,4.591666666666666,4.6,2.225,2.216666666666667,12219.0,12385.916666666666,34430.458333333336,2983.941666666667,172511.13333333333,15.666666666666666,10.583333333333334,13.75,411.25,134.66666666666666,206.16666666666666,641.6666666666666,107.5,749.8333333333334,12.5,13.0,13.25,534.9166666666666,111.83333333333333,186.66666666666666,0.3186694715511251,4.488917345825794,-142.24270353302612,304.41176470588226,-484.99999999999994,2861.5384615384587,-103.03030303030303,-102.51046025104603,-166.66666666666666,-154.7945205479452,0.09321702203037852,6.241107114246547,0.4326036970521585,4.886729359820974,1.54394576831276,4.079875497182628,-4.0000000000000036,-62.962962962962955,,,0.0962292394325992,15.031742781077217,-0.093730848264173,13.937425482054033,-111.11111111111111,-117.5,-110.9375,-117.5,0.0,0.0,0.0,0.0,12.400250352057585,24.249762172446587,12.48649482944899,25.169600686990123,-1.074717276080217,-9000322.222222222,466.6666666666667,-99.99541544187049,2.759599736851226,26.859264415825514,-13.33333333333333,-13.33333333333333,8.333333333333325,18.181818181818187,0.0,16.666666666666675,10.045662100456632,28.533333333333346,8.800000000000008,-5.555555555555558,-8.018867924528305,14.035087719298245,10.966542750929364,-2.610114192495927,1.8018018018018056,-15.037593984962406,6.852103120759834,581.8181818181819,0.0,0.0,-6.25,25.0,6.666666666666665,23.076923076923084,20.97457627118644,28.026905829596416,45.26315789473685,-1.4285714285714235,48.57142857142858,14.537444933920707,2023,5,2,0,1,0,0
2023-06-01,1006092.0,41.06,1051596.0,4173294.0,-16.599999999999998,-6.1,125.9,10.9,-3.6999999999999984,8.8,-1.2999999999999996,7972851.0,10921157.0,49.53,4787868.0,735393.0,1712421.0,130.3,6.5,2.5,15.0,3427971.0,8506567.0,1612338.0,11.0,0.0,28496.0,27945.0,1.7,1.7,2.4,2.4,14675.0,14875.0,80924.0,-2.1,1.1,13.0,13.0,15.0,462.0,124.0,184.0,457.0,115.0,1464.0,13.0,13.0,7.0,469.0,113.0,169.0,1623763.0,-27.499999999999993,38.5,-0.6000000000000001,-7.999999999999999,3424238.0,8386724.0,1607726.0,12.0,0.0,28085.0,27713.0,-0.7,-0.7,2.3,2.3,14367.0,14576.0,81002.0,1.7,207746.0,13.0,13.0,14.0,482.0,136.0,195.0,597.0,113.0,1575.0,13.0,15.0,16.0,571.0,138.0,260.0,1618605.0,65.1,-10.0,19.8,12.0,3421049.0,8350599.0,1583281.0,12.5,0.0,28058.0,27739.0,6.3,6.4,2.3,2.3,12782.0,12958.0,81882.0,0.3,202167.0,15.0,12.0,14.0,438.0,125.0,212.0,538.0,111.0,1474.0,13.0,16.0,15.0,472.0,95.0,175.0,1611786.0,171.20000000000002,51.599999999999994,-17.6,10.200000000000001,3386825.0,8294903.0,1593216.0,13.6,0.0,28268.0,27884.0,4.1,4.1,2.3,2.2,12974.0,13155.0,82318.0,-3.8,199624.0,15.0,11.0,13.0,459.0,132.0,210.0,580.0,105.0,1480.0,13.0,15.0,15.0,519.0,111.0,131.0,1637878.0,349.2,11.4,12.1,17.9,3411999.0,8236702.0,1589767.0,19.5,0.0,24784.0,24513.0,4.2,4.2,2.2,2.2,11521.0,11665.0,0.9,1.1,190482.0,17.0,10.0,16.0,383.0,130.0,187.0,618.0,94.0,180.0,12.0,14.0,13.0,439.0,85.0,118.0,1581695.0,151.89999999999998,12.4,22.6,24.4,3257834.0,8046571.0,1552114.0,30.2,0.0,24345.0,24212.0,0.5,0.4,2.2,2.2,11675.0,11814.0,-0.2,-0.3,168528.0,15.0,10.0,11.0,367.0,130.0,190.0,733.0,118.0,203.0,13.0,12.0,13.0,530.0,142.0,206.0,1651596.3333333333,55.966666666666676,11.666666666666663,7.233333333333335,6.333333333333332,3424419.3333333335,8414630.0,1601115.0,11.833333333333334,0.0,28213.0,27799.0,2.433333333333333,2.466666666666667,2.3333333333333335,2.3333333333333335,13941.333333333334,14136.333333333334,81269.33333333333,-0.03333333333333336,136638.03333333335,13.666666666666666,12.666666666666666,14.333333333333334,460.6666666666667,128.33333333333334,197.0,530.6666666666666,113.0,1504.3333333333333,13.0,14.666666666666666,12.666666666666666,504.0,115.33333333333333,201.33333333333334,1620158.3333333333,32.549999999999976,9.299999999999999,1.299999999999999,6.033333333333334,3417964.8333333335,8342454.833333333,1595762.1666666667,13.766666666666666,0.0,28240.833333333332,27886.166666666668,4.000000000000001,4.033333333333334,2.283333333333333,2.2666666666666666,13246.333333333334,13428.0,82348.5,-0.48333333333333334,134324.61666666667,14.666666666666666,11.833333333333334,13.833333333333334,450.5,129.33333333333334,197.5,588.8333333333334,106.5,1503.5,12.666666666666666,14.833333333333334,13.666666666666666,519.5,107.33333333333333,174.83333333333334,1603015.3333333333,42.416666666666664,10.566666666666672,8.450000000000001,8.633333333333333,3384861.25,8251756.75,1585591.3333333333,19.283333333333335,0.0,26468.166666666668,26203.5,4.691666666666666,4.708333333333333,2.2416666666666667,2.2333333333333334,12469.0,12641.0,41174.14166666666,2983.7916666666665,158467.225,15.5,10.833333333333334,14.083333333333334,419.1666666666667,134.16666666666666,205.66666666666666,618.6666666666666,107.25,854.9166666666666,12.5,13.083333333333334,12.75,529.8333333333334,109.41666666666667,183.58333333333334,5.460033268401854,8.264930975946694,-573.818181818182,-14.219881500987475,-83.11688311688312,-47.58064516129033,-516.6666666666666,-88.93805309734513,-287.5,-38.52459016393443,0.10901695501306374,5.222396230133275,1.428960819504721,5.716671113695515,0.28686480158932604,3.880127361778829,-8.333333333333337,-63.57615894039734,,,1.4634146341463428,17.050729102485107,0.8371522390213881,15.41797455807037,-342.8571428571429,240.0,-342.8571428571429,325.0,4.347826086956519,9.090909090909083,4.347826086956519,9.090909090909083,2.143801767940423,25.695931477516055,2.0513172338090024,25.90993736245133,-0.09629391866867731,-40462100.0,-223.52941176470588,600.0000000000001,-99.99947050725405,-99.99934728947119,0.0,-13.33333333333333,0.0,30.000000000000004,7.14285714285714,36.36363636363635,-4.149377593360992,25.88555858310626,-8.823529411764708,-4.61538461538461,-5.641025641025643,-3.157894736842104,-23.450586264656614,-37.653478854024556,1.7699115044247815,-2.5423728813559365,-7.0476190476190474,621.1822660098522,0.0,0.0,-13.33333333333333,8.333333333333325,-56.25,-46.15384615384615,-17.86339754816112,-11.509433962264149,-18.11594202898551,-20.4225352112676,-35.0,-17.96116504854369,2023,6,2,0,1,0,0
2023-07-01,1003710.0,40.83,1052880.0,4087949.0,-9.900000000000002,-4.5,-72.6,81.69999999999999,-1.4000000000000001,6.6,20.9,7980788.0,10971726.0,49.83,4804769.0,738492.0,1638135.0,-96.9,0.29999999999999954,0.5,4.0,3430338.0,8550400.0,1614110.0,11.1,0.0,28180.0,27686.0,0.9,0.9,2.4,2.3,14479.0,14660.0,80222.0,-0.2,213198.0,13.0,14.0,14.0,335.0,152.0,209.0,511.0,120.0,1522.0,13.0,13.0,14.0,450.0,127.0,177.0,1712421.0,130.3,6.5,2.5,15.0,3427971.0,8506567.0,1612338.0,11.0,0.0,28496.0,27945.0,1.7,1.7,2.4,2.4,14675.0,14875.0,80924.0,-2.1,1.1,13.0,13.0,15.0,462.0,124.0,184.0,457.0,115.0,1464.0,13.0,13.0,7.0,469.0,113.0,169.0,1623763.0,-27.499999999999993,38.5,-0.6000000000000001,-7.999999999999999,3424238.0,8386724.0,1607726.0,12.0,0.0,28085.0,27713.0,-0.7,-0.7,2.3,2.3,14367.0,14576.0,81002.0,1.7,207746.0,13.0,13.0,14.0,482.0,136.0,195.0,597.0,113.0,1575.0,13.0,15.0,16.0,571.0,138.0,260.0,1618605.0,65.1,-10.0,19.8,12.0,3421049.0,8350599.0,1583281.0,12.5,0.0,28058.0,27739.0,6.3,6.4,2.3,2.3,12782.0,12958.0,81882.0,0.3,202167.0,15.0,12.0,14.0,438.0,125.0,212.0,538.0,111.0,1474.0,13.0,16.0,15.0,472.0,95.0,175.0,1602416.0,-44.1,12.2,6.7,7.4,3423766.0,8259823.0,1601347.0,17.9,0.0,28201.0,27979.0,8.7,8.8,2.2,2.2,11976.0,12131.0,84586.0,2.9,1.6,16.0,11.0,14.0,344.0,136.0,183.0,594.0,93.0,1410.0,12.0,15.0,14.0,521.0,100.0,131.0,1588177.0,-15.7,8.3,20.7,16.2,3287788.0,8099066.0,1556498.0,28.6,0.0,24667.0,24559.0,9.2,9.2,2.2,2.2,11965.0,12134.0,0.0,-0.7,173881.0,16.0,10.0,13.0,414.0,150.0,288.0,720.0,121.0,222.0,13.0,11.0,12.0,460.0,107.0,163.0,1658106.3333333333,1.966666666666678,15.099999999999994,0.8000000000000019,3.6666666666666656,3427515.6666666665,8481230.333333334,1611391.3333333333,11.366666666666667,0.0,28253.666666666668,27781.333333333332,0.6333333333333333,0.6333333333333333,2.3666666666666667,2.3333333333333335,14507.0,14703.666666666666,80716.0,-0.20000000000000004,140315.03333333333,13.0,13.333333333333334,14.333333333333334,426.3333333333333,137.33333333333334,196.0,521.6666666666666,116.0,1520.3333333333333,13.0,13.666666666666666,12.333333333333334,496.6666666666667,126.0,202.0,1626111.5,23.749999999999975,7.3166666666666655,0.2666666666666655,5.466666666666668,3419060.1666666665,8390884.333333334,1597889.3333333333,12.633333333333333,0.0,28237.333333333332,27837.333333333332,2.7000000000000006,2.716666666666667,2.316666666666667,2.283333333333333,13663.5,13849.5,81621.16666666667,-1.0,169857.35,14.166666666666666,12.333333333333334,13.833333333333334,449.0,132.0,201.83333333333334,575.0,111.0,1522.1666666666667,12.833333333333334,14.5,13.666666666666666,507.6666666666667,111.83333333333333,182.5,1607178.5,35.650000000000006,9.900000000000006,6.766666666666667,7.616666666666667,3396740.4166666665,8289367.916666667,1590392.3333333333,17.825,0.0,26760.916666666668,26464.083333333332,3.9999999999999996,4.016666666666667,2.2583333333333333,2.2416666666666667,12678.5,12851.5,47859.30833333333,2983.8333333333335,161743.64166666666,15.25,11.166666666666666,14.166666666666666,412.5833333333333,134.33333333333334,199.08333333333334,601.25,107.16666666666667,963.25,12.5,13.25,12.916666666666666,529.0,111.08333333333333,184.75,-4.338068734265699,3.1456191595772953,-174.36684574059862,517.1974522292994,-95.38461538461539,-96.3855421686747,-80.0,-97.58454106280193,-73.33333333333334,-75.30864197530865,0.06904959230984442,4.335741842235574,0.5152842503914901,5.572667268052878,0.1099025142370813,3.701386060245504,0.9090909090909038,-61.18881118881119,,,-1.1089275687815814,14.241699436494093,-0.9268205403471064,12.732603119019515,-47.05882352941176,-90.21739130434783,-47.05882352941176,-90.21739130434783,0.0,9.090909090909083,-4.166666666666674,4.545454545454519,-1.3356047700170404,21.011282908483086,-1.4453781512605013,20.817537497939664,-0.8674805990806167,inf,-90.47619047619048,-71.42857142857142,19381536.363636363,22.611441158033372,0.0,-18.75,7.692307692307687,39.99999999999999,-6.666666666666665,7.692307692307687,-27.489177489177486,-19.082125603864732,22.580645161290324,1.333333333333342,13.586956521739136,-27.430555555555557,11.816192560175054,-29.027777777777775,4.347826086956519,-0.8264462809917328,3.9617486338797914,585.5855855855856,0.0,0.0,0.0,18.181818181818187,100.0,16.666666666666675,-4.051172707889128,-2.1739130434782594,12.389380530973447,18.691588785046733,4.7337278106508895,8.588957055214719,2023,7,3,0,0,1,0
2023-08-01,1004466.0,40.65,1053219.0,4078831.0,-0.6999999999999996,1.1,-46.400000000000006,56.4,5.099999999999998,-7.2,14.299999999999999,8004430.0,10974768.0,49.45,4866850.0,744843.0,1604597.0,-31.700000000000003,7.5,3.1,-1.4,3439328.0,8555507.0,1618878.0,11.2,0.0,28560.0,28119.0,2.2,2.2,2.4,2.4,14736.0,14907.0,80462.0,0.7,217912.0,13.0,14.0,14.0,401.0,133.0,186.0,526.0,122.0,1561.0,13.0,12.0,13.0,358.0,106.0,160.0,1638135.0,-96.9,0.29999999999999954,0.5,4.0,3430338.0,8550400.0,1614110.0,11.1,0.0,28180.0,27686.0,0.9,0.9,2.4,2.3,14479.0,14660.0,80222.0,-0.2,213198.0,13.0,14.0,14.0,335.0,152.0,209.0,511.0,120.0,1522.0,13.0,13.0,14.0,450.0,127.0,177.0,1712421.0,130.3,6.5,2.5,15.0,3427971.0,8506567.0,1612338.0,11.0,0.0,28496.0,27945.0,1.7,1.7,2.4,2.4,14675.0,14875.0,80924.0,-2.1,1.1,13.0,13.0,15.0,462.0,124.0,184.0,457.0,115.0,1464.0,13.0,13.0,7.0,469.0,113.0,169.0,1623763.0,-27.499999999999993,38.5,-0.6000000000000001,-7.999999999999999,3424238.0,8386724.0,1607726.0,12.0,0.0,28085.0,27713.0,-0.7,-0.7,2.3,2.3,14367.0,14576.0,81002.0,1.7,207746.0,13.0,13.0,14.0,482.0,136.0,195.0,597.0,113.0,1575.0,13.0,15.0,16.0,571.0,138.0,260.0,1551959.0,-99.7,-43.0,-3.0,-0.40000000000000013,3423940.0,8256113.0,1576665.0,15.6,0.0,28337.0,28057.0,3.9,3.9,2.2,2.2,12704.0,12873.0,83379.0,-1.9,196408.0,16.0,11.0,13.0,518.0,123.0,201.0,767.0,102.0,1618.0,12.0,15.0,15.0,565.0,87.0,183.0,1573172.0,22.400000000000002,19.6,15.7,13.4,3312289.0,8126092.0,1567094.0,27.5,0.0,24463.0,24343.0,0.7,0.8,2.2,2.2,11542.0,11719.0,1.0,0.9,178235.0,16.0,10.0,14.0,329.0,130.0,204.0,620.0,113.0,203.0,13.0,10.0,11.0,589.0,125.0,184.0,1651717.6666666667,0.5666666666666748,4.766666666666662,2.0333333333333354,5.866666666666666,3432545.6666666665,8537491.333333334,1615108.6666666667,11.1,0.0,28412.0,27916.666666666668,1.5999999999999999,1.5999999999999999,2.4,2.3666666666666667,14630.0,14814.0,80536.0,-0.5333333333333333,143703.69999999998,13.0,13.666666666666666,14.333333333333334,399.3333333333333,136.33333333333334,193.0,498.0,119.0,1515.6666666666667,13.0,12.666666666666666,11.333333333333334,425.6666666666667,115.33333333333333,168.66666666666666,1634884.5,35.083333333333314,15.733333333333333,1.283333333333332,5.300000000000001,3421624.8333333335,8440783.333333334,1604924.8333333333,11.9,0.0,28274.5,27847.666666666668,2.4166666666666674,2.433333333333333,2.35,2.3166666666666664,14002.166666666666,14188.5,81135.0,-0.5666666666666665,173441.35,13.666666666666666,12.833333333333334,14.0,429.5,133.66666666666666,199.33333333333334,534.8333333333334,114.33333333333333,1512.6666666666667,13.0,14.0,13.333333333333334,473.1666666666667,115.0,178.66666666666666,1609797.25,31.141666666666666,8.891666666666673,5.716666666666666,6.383333333333333,3407327.0,8325152.5,1594707.6666666667,16.466666666666665,0.0,27102.333333333332,26778.75,4.125,4.133333333333334,2.275,2.2583333333333333,12944.666666666666,13117.166666666666,54564.39166666666,2983.816666666666,165050.05833333332,15.0,11.5,14.166666666666666,418.5833333333333,134.58333333333334,197.58333333333334,593.4166666666666,107.91666666666667,1076.4166666666667,12.5,13.416666666666666,13.083333333333334,509.75,109.5,182.75,-2.0473282116553304,1.9975565291017183,-67.28586171310629,-241.5178571428571,2400.000000000004,-61.73469387755102,520.0,-80.2547770700637,-135.0,-110.44776119402985,0.2620733000654685,3.835383929361247,0.059728199850295205,5.284397469287816,0.29539498547186405,3.3044603578343157,0.9009009009008917,-59.27272727272728,,,1.3484740951029028,16.74774148714384,1.5639673481181893,15.511646058415153,144.44444444444446,214.28571428571433,144.44444444444446,175.0,0.0,9.090909090909083,4.347826086956519,9.090909090909083,1.774984460252771,27.672846993588628,1.6848567530695746,27.20368632135848,0.29916980379447455,8046100.0,-450.0,-22.222222222222232,2.2110901603204614,22.26105983673241,0.0,-18.75,0.0,39.99999999999999,0.0,0.0,19.701492537313435,21.884498480243163,-12.5,2.3076923076922995,-11.004784688995217,-8.823529411764708,2.935420743639927,-15.161290322580644,1.6666666666666607,7.964601769911495,2.562417871222067,668.9655172413793,0.0,0.0,-7.692307692307687,19.999999999999996,-7.14285714285714,18.181818181818187,-20.444444444444443,-39.21901528013583,-16.535433070866144,-15.200000000000003,-9.6045197740113,-13.043478260869568,2023,8,3,0,0,1,0
2023-09-01,1008111.0,40.69,1053516.0,4194841.0,-3.4,3.4000000000000004,111.89999999999999,-30.900000000000006,0.40000000000000036,4.500000000000001,-5.800000000000001,8015460.0,11069510.0,49.839999999999996,4895716.0,743745.0,1675124.0,107.0,-8.7,-0.3000000000000001,8.3,3440669.0,8637328.0,1612863.0,11.5,0.0,28470.0,28023.0,-1.0,-1.0,2.5,2.5,14685.0,14893.0,80081.0,-1.1,222043.0,13.0,14.0,13.0,462.0,116.0,183.0,500.0,120.0,1537.0,14.0,12.0,13.0,387.0,119.0,195.0,1604597.0,-31.700000000000003,7.5,3.1,-1.4,3439328.0,8555507.0,1618878.0,11.2,0.0,28560.0,28119.0,2.2,2.2,2.4,2.4,14736.0,14907.0,80462.0,0.7,217912.0,13.0,14.0,14.0,401.0,133.0,186.0,526.0,122.0,1561.0,13.0,12.0,13.0,358.0,106.0,160.0,1638135.0,-96.9,0.29999999999999954,0.5,4.0,3430338.0,8550400.0,1614110.0,11.1,0.0,28180.0,27686.0,0.9,0.9,2.4,2.3,14479.0,14660.0,80222.0,-0.2,213198.0,13.0,14.0,14.0,335.0,152.0,209.0,511.0,120.0,1522.0,13.0,13.0,14.0,450.0,127.0,177.0,1712421.0,130.3,6.5,2.5,15.0,3427971.0,8506567.0,1612338.0,11.0,0.0,28496.0,27945.0,1.7,1.7,2.4,2.4,14675.0,14875.0,80924.0,-2.1,1.1,13.0,13.0,15.0,462.0,124.0,184.0,457.0,115.0,1464.0,13.0,13.0,7.0,469.0,113.0,169.0,1611786.0,171.20000000000002,51.599999999999994,-17.6,10.200000000000001,3386825.0,8294903.0,1593216.0,13.6,0.0,28268.0,27884.0,4.1,4.1,2.3,2.2,12974.0,13155.0,82318.0,-3.8,199624.0,15.0,11.0,13.0,459.0,132.0,210.0,580.0,105.0,1480.0,13.0,15.0,15.0,519.0,111.0,131.0,1572235.0,-31.599999999999998,8.3,15.4,6.1,3342302.0,8147501.0,1572258.0,25.6,0.0,24984.0,24817.0,8.7,8.6,2.2,2.2,11621.0,11799.0,-0.7,-0.6,182215.0,16.0,10.0,14.0,378.0,152.0,208.0,683.0,108.0,213.0,12.0,10.0,11.0,586.0,121.0,212.0,1639285.3333333333,-7.199999999999998,-0.30000000000000426,1.1000000000000019,3.6333333333333324,3436778.3333333335,8581078.333333334,1615283.6666666667,11.266666666666666,0.0,28403.333333333332,27942.666666666668,0.7000000000000001,0.7000000000000001,2.433333333333333,2.4,14633.333333333334,14820.0,80255.0,-0.2000000000000001,217717.66666666666,13.0,14.0,13.666666666666666,399.3333333333333,133.66666666666666,192.66666666666666,512.3333333333334,120.66666666666667,1540.0,13.333333333333334,12.333333333333334,13.333333333333334,398.3333333333333,117.33333333333333,177.33333333333334,1645440.8333333333,24.383333333333308,5.683333333333334,4.166666666666665,4.983333333333333,3430598.8333333335,8497854.166666666,1608199.3333333333,11.549999999999999,0.0,28308.166666666668,27870.833333333332,1.5666666666666673,1.5833333333333333,2.3833333333333333,2.3666666666666667,14287.333333333334,14478.166666666666,80762.16666666667,-0.1166666666666667,177177.85,13.333333333333334,13.333333333333334,14.0,430.0,131.0,194.83333333333334,521.5,116.83333333333333,1522.1666666666667,13.166666666666666,13.5,13.0,451.1666666666667,116.33333333333333,189.33333333333334,1618371.3333333333,42.69166666666666,7.475000000000006,4.408333333333333,6.566666666666667,3415524.25,8365971.416666667,1598091.4166666667,15.291666666666666,0.0,27392.833333333332,27045.916666666668,3.3166666666666664,3.3333333333333335,2.3000000000000003,2.2833333333333337,13200.0,13375.0,61237.86666666666,2983.7749999999996,168369.05833333332,14.75,11.833333333333334,14.083333333333334,425.5833333333333,131.58333333333334,195.5,578.1666666666666,108.91666666666667,1186.75,12.666666666666666,13.583333333333334,13.25,493.1666666666667,109.33333333333333,181.33333333333334,4.395309227176658,6.544123492989273,-437.5394321766562,-438.6075949367089,-216.0,-204.8192771084337,-109.6774193548387,-101.94805194805194,-692.857142857143,36.065573770491824,0.0389901748248489,2.9430913184984586,0.9563547782732273,6.011990670513567,-0.3715536315892831,2.5825914067538536,2.6785714285714413,-55.078125,,,-0.31512605042016695,13.952929875120068,-0.34140616664888324,12.918563887657664,-145.45454545454547,-111.49425287356323,-145.45454545454547,-111.62790697674419,4.166666666666674,13.636363636363624,4.166666666666674,13.636363636363624,-0.3460912052117293,26.36606144049565,-0.09391561011605765,26.22256123400288,-0.47351544828614367,-11440242.857142858,-257.14285714285717,83.33333333333334,1.8957193729578936,21.857695579397962,0.0,-18.75,0.0,39.99999999999999,-7.14285714285714,-7.14285714285714,15.211970074812964,22.222222222222232,-12.781954887218049,-23.684210526315784,-1.6129032258064502,-12.01923076923077,-4.942965779467679,-26.79355783308931,-1.6393442622950838,11.111111111111116,-1.5374759769378632,621.5962441314554,7.692307692307687,16.666666666666675,0.0,19.999999999999996,0.0,18.181818181818187,8.100558659217882,-33.95904436860068,12.264150943396235,-1.6528925619834656,21.875,-8.018867924528305,2023,9,3,0,0,1,0
2023-10-01,1008237.0,40.54,1052085.0,4046000.0,-6.2,-11.8,-42.6,-1.6000000000000005,-22.2,-6.000000000000001,2.200000000000002,8012695.0,11080057.0,49.87,4817224.0,744267.0,1593927.0,-59.300000000000004,5.8,-0.9000000000000004,0.20000000000000012,3444728.0,8648084.0,1602603.0,11.8,0.0,28911.0,28444.0,6.5,6.5,2.7,2.7,15787.0,15969.0,79515.0,-0.6,226686.0,13.0,13.0,12.0,377.0,102.0,171.0,492.0,117.0,1528.0,14.0,10.0,12.0,372.0,114.0,211.0,1675124.0,107.0,-8.7,-0.3000000000000001,8.3,3440669.0,8637328.0,1612863.0,11.5,0.0,28470.0,28023.0,-1.0,-1.0,2.5,2.5,14685.0,14893.0,80081.0,-1.1,222043.0,13.0,14.0,13.0,462.0,116.0,183.0,500.0,120.0,1537.0,14.0,12.0,13.0,387.0,119.0,195.0,1604597.0,-31.700000000000003,7.5,3.1,-1.4,3439328.0,8555507.0,1618878.0,11.2,0.0,28560.0,28119.0,2.2,2.2,2.4,2.4,14736.0,14907.0,80462.0,0.7,217912.0,13.0,14.0,14.0,401.0,133.0,186.0,526.0,122.0,1561.0,13.0,12.0,13.0,358.0,106.0,160.0,1638135.0,-96.9,0.29999999999999954,0.5,4.0,3430338.0,8550400.0,1614110.0,11.1,0.0,28180.0,27686.0,0.9,0.9,2.4,2.3,14479.0,14660.0,80222.0,-0.2,213198.0,13.0,14.0,14.0,335.0,152.0,209.0,511.0,120.0,1522.0,13.0,13.0,14.0,450.0,127.0,177.0,1618605.0,65.1,-10.0,19.8,12.0,3421049.0,8350599.0,1583281.0,12.5,0.0,28058.0,27739.0,6.3,6.4,2.3,2.3,12782.0,12958.0,81882.0,0.3,202167.0,15.0,12.0,14.0,438.0,125.0,212.0,538.0,111.0,1474.0,13.0,16.0,15.0,472.0,95.0,175.0,1601184.0,91.10000000000001,6.1,16.9,13.1,3368771.0,8190132.0,1579661.0,24.3,0.0,24578.0,24397.0,1.3,1.3,2.2,2.2,11494.0,11656.0,0.5,2.7,183897.0,16.0,9.0,14.0,384.0,139.0,196.0,695.0,110.0,221.0,12.0,11.0,12.0,552.0,133.0,234.0,1624549.3333333333,5.333333333333336,1.533333333333329,0.6333333333333352,2.366666666666666,3441575.0,8613639.666666666,1611448.0,11.5,0.0,28647.0,28195.333333333332,2.566666666666667,2.566666666666667,2.533333333333333,2.5333333333333337,15069.333333333334,15256.333333333334,80019.33333333333,-0.3333333333333334,222213.66666666666,13.0,13.666666666666666,13.0,413.3333333333333,117.0,180.0,506.0,119.66666666666667,1542.0,13.666666666666666,11.333333333333334,12.666666666666666,372.3333333333333,113.0,188.66666666666666,1641327.8333333333,3.649999999999976,8.316666666666666,0.7166666666666655,3.016666666666667,3434545.3333333335,8547435.0,1611419.6666666667,11.433333333333332,0.0,28450.333333333332,27988.333333333332,1.6000000000000008,1.5999999999999999,2.4499999999999997,2.433333333333333,14788.166666666666,14980.0,80367.66666666667,-0.26666666666666666,181264.35,13.0,13.5,13.666666666666666,419.8333333333333,127.16666666666667,188.0,513.8333333333334,117.83333333333333,1531.1666666666667,13.333333333333334,12.5,12.5,434.5,119.5,195.33333333333334,1617766.5833333333,30.158333333333328,7.450000000000006,2.9250000000000003,5.491666666666666,3421854.0,8404134.083333334,1600003.25,14.25,0.0,27753.916666666668,27383.166666666668,3.75,3.766666666666667,2.3416666666666663,2.325,13557.75,13734.416666666666,67864.075,2983.5,171934.80833333332,14.5,12.166666666666666,13.916666666666666,425.0,128.5,193.41666666666666,561.25,109.5,1295.6666666666667,12.833333333333334,13.5,13.25,478.1666666666667,107.75,179.41666666666666,-4.847223250338484,-0.45322711193717113,-155.42056074766356,-165.09330406147092,-166.66666666666669,-4.91803278688524,200.0,-105.32544378698225,-97.59036144578313,-98.47328244274809,0.11797124338319698,2.2547391912362214,0.12452925256514202,5.591509392034211,-0.6361358652284821,1.4523369254542562,2.60869565217392,-51.440329218106996,,,1.5489989462592169,17.629587435918292,1.5023373657352845,16.588105094888704,-750.0,400.0,-750.0,400.0,8.000000000000007,22.72727272727273,8.000000000000007,22.72727272727273,7.504256043581892,37.349921698277356,7.224870744645129,37.00240219629376,-0.7067843808144292,15902900.0,-45.45454545454546,-122.22222222222223,2.0910364208734267,23.267916279221513,0.0,-18.75,-7.14285714285714,44.44444444444444,-7.692307692307687,-14.28571428571429,-18.398268398268403,-1.822916666666663,-12.06896551724138,-26.618705035971225,-6.5573770491803245,-12.755102040816324,-1.6000000000000014,-29.208633093525183,-2.500000000000002,6.363636363636371,-0.5855562784645385,591.4027149321267,0.0,16.666666666666675,-16.666666666666664,-9.090909090909093,-7.692307692307687,0.0,-3.875968992248058,-32.608695652173914,-4.201680672268903,-14.28571428571429,8.205128205128197,-9.829059829059828,2023,10,4,0,0,0,1
2023-11-01,1004391.0,40.58,1052220.0,4149792.0,-6.3,3.6,145.70000000000002,-3.0000000000000018,-7.500000000000001,1.2,3.8000000000000003,8008856.0,11179102.0,49.97,4816265.0,746289.0,1680400.0,136.5,14.3,1.2,8.6,3444672.0,8735959.0,1612105.0,12.3,0.0,29209.0,28595.0,3.6,3.6,2.8,2.8,16305.0,16567.0,78524.0,0.1,231634.0,15.0,13.0,12.0,481.0,113.0,174.0,455.0,121.0,811.0,15.0,10.0,12.0,375.0,168.0,203.0,1593927.0,-59.300000000000004,5.8,-0.9000000000000004,0.20000000000000012,3444728.0,8648084.0,1602603.0,11.8,0.0,28911.0,28444.0,6.5,6.5,2.7,2.7,15787.0,15969.0,79515.0,-0.6,226686.0,13.0,13.0,12.0,377.0,102.0,171.0,492.0,117.0,1528.0,14.0,10.0,12.0,372.0,114.0,211.0,1675124.0,107.0,-8.7,-0.3000000000000001,8.3,3440669.0,8637328.0,1612863.0,11.5,0.0,28470.0,28023.0,-1.0,-1.0,2.5,2.5,14685.0,14893.0,80081.0,-1.1,222043.0,13.0,14.0,13.0,462.0,116.0,183.0,500.0,120.0,1537.0,14.0,12.0,13.0,387.0,119.0,195.0,1604597.0,-31.700000000000003,7.5,3.1,-1.4,3439328.0,8555507.0,1618878.0,11.2,0.0,28560.0,28119.0,2.2,2.2,2.4,2.4,14736.0,14907.0,80462.0,0.7,217912.0,13.0,14.0,14.0,401.0,133.0,186.0,526.0,122.0,1561.0,13.0,12.0,13.0,358.0,106.0,160.0,1623763.0,-27.499999999999993,38.5,-0.6000000000000001,-7.999999999999999,3424238.0,8386724.0,1607726.0,12.0,0.0,28085.0,27713.0,-0.7,-0.7,2.3,2.3,14367.0,14576.0,81002.0,1.7,207746.0,13.0,13.0,14.0,482.0,136.0,195.0,597.0,113.0,1575.0,13.0,15.0,16.0,571.0,138.0,260.0,1542588.0,-101.7,17.3,12.8,0.7,3387397.0,8166859.0,1587245.0,23.3,0.0,24697.0,24496.0,8.2,8.2,2.2,2.2,12007.0,12151.0,-3.0,35805.0,186949.0,17.0,10.0,15.0,439.0,133.0,200.0,555.0,102.0,199.0,12.0,12.0,12.0,615.0,98.0,243.0,1649817.0,61.400000000000006,3.799999999999996,1.7763568394002505e-15,5.699999999999998,3443356.3333333335,8673790.333333334,1609190.3333333333,11.866666666666667,0.0,28863.333333333332,28354.0,3.033333333333333,3.033333333333333,2.6666666666666665,2.6666666666666665,15592.333333333334,15809.666666666666,79373.33333333333,-0.5333333333333334,226787.66666666666,13.666666666666666,13.333333333333334,12.333333333333334,440.0,110.33333333333333,176.0,482.3333333333333,119.33333333333333,1292.0,14.333333333333334,10.666666666666666,12.333333333333334,378.0,133.66666666666666,203.0,1650767.3333333333,30.98333333333331,4.283333333333334,1.0166666666666655,5.783333333333334,3437951.0,8605640.833333334,1612149.5,11.483333333333334,0.0,28637.666666666668,28135.333333333332,2.3166666666666673,2.3166666666666664,2.533333333333333,2.516666666666667,15111.166666666666,15311.833333333334,79954.66666666667,-0.5333333333333333,185245.68333333335,13.333333333333334,13.5,13.333333333333334,419.6666666666667,123.33333333333333,184.5,490.1666666666667,119.16666666666667,1403.8333333333333,13.666666666666666,11.666666666666666,11.833333333333334,401.8333333333333,124.5,185.83333333333334,1629250.9166666667,50.00833333333333,7.200000000000006,1.9583333333333333,6.150000000000001,3426626.9166666665,8451559.083333334,1602074.9166666667,13.333333333333334,0.0,28129.916666666668,27724.75,3.3666666666666667,3.383333333333333,2.3916666666666666,2.375,13915.916666666666,14102.416666666666,74407.99166666665,-0.24166666666666667,175658.55833333332,14.333333333333334,12.416666666666666,13.666666666666666,428.5,126.83333333333333,191.25,552.9166666666666,111.08333333333333,1346.6666666666667,13.083333333333334,13.333333333333334,13.25,458.1666666666667,113.58333333333333,176.08333333333334,5.425154351485362,8.93381771412718,-330.185497470489,-234.2182890855457,146.55172413793105,-17.34104046242775,-233.33333333333331,-90.625,4199.999999999997,1128.5714285714287,-0.0016256726220520434,1.6908263188519124,1.016121027501593,6.968407315468528,0.5929104088785664,1.5662358363075723,4.237288135593209,-47.21030042918455,,,1.0307495416969292,18.2694254362878,0.5308676698073445,16.733344219464396,-44.61538461538461,-56.09756097560975,-44.61538461538461,-56.09756097560975,3.703703703703698,27.27272727272725,3.703703703703698,27.27272727272725,3.2811807183125374,35.79578579162155,3.744755463710936,36.34268784462185,-1.2463057284789025,-2617566.666666667,-116.66666666666667,-99.99972070939813,2.1827550003088003,23.9022407180568,15.384615384615374,-11.764705882352944,0.0,30.000000000000004,0.0,-19.999999999999996,27.586206896551737,9.567198177676527,10.784313725490202,-15.037593984962406,1.7543859649122862,-13.0,-7.520325203252032,-18.018018018018022,3.418803418803429,18.627450980392158,-46.924083769633505,307.5376884422111,7.14285714285714,25.0,0.0,-16.666666666666664,0.0,0.0,0.8064516129032251,-39.02439024390244,47.36842105263157,71.42857142857142,-3.791469194312791,-16.460905349794242,2023,11,4,0,0,0,1
2023-12-01,1003125.0,40.5,1047435.0,4216276.0,-5.6000000000000005,-9.0,22.0,-15.6,-7.499999999999998,12.9,-3.9,8003910.0,11327288.0,50.85,4834316.0,750132.0,1719858.0,23.499999999999996,-17.400000000000002,3.500000000000001,13.399999999999999,3449180.0,8865886.0,1609131.0,12.8,0.0,29513.0,28865.0,1.6,1.7,2.9,2.8,17245.0,17445.0,77859.0,1.8,2.0,15.0,13.0,12.0,521.0,125.0,204.0,455.0,124.0,856.0,17.0,10.0,22.0,460.0,122.0,197.0,1680400.0,136.5,14.3,1.2,8.6,3444672.0,8735959.0,1612105.0,12.3,0.0,29209.0,28595.0,3.6,3.6,2.8,2.8,16305.0,16567.0,78524.0,0.1,231634.0,15.0,13.0,12.0,481.0,113.0,174.0,455.0,121.0,811.0,15.0,10.0,12.0,375.0,168.0,203.0,1593927.0,-59.300000000000004,5.8,-0.9000000000000004,0.20000000000000012,3444728.0,8648084.0,1602603.0,11.8,0.0,28911.0,28444.0,6.5,6.5,2.7,2.7,15787.0,15969.0,79515.0,-0.6,226686.0,13.0,13.0,12.0,377.0,102.0,171.0,492.0,117.0,1528.0,14.0,10.0,12.0,372.0,114.0,211.0,1675124.0,107.0,-8.7,-0.3000000000000001,8.3,3440669.0,8637328.0,1612863.0,11.5,0.0,28470.0,28023.0,-1.0,-1.0,2.5,2.5,14685.0,14893.0,80081.0,-1.1,222043.0,13.0,14.0,13.0,462.0,116.0,183.0,500.0,120.0,1537.0,14.0,12.0,13.0,387.0,119.0,195.0,1712421.0,130.3,6.5,2.5,15.0,3427971.0,8506567.0,1612338.0,11.0,0.0,28496.0,27945.0,1.7,1.7,2.4,2.4,14675.0,14875.0,80924.0,-2.1,1.1,13.0,13.0,15.0,462.0,124.0,184.0,457.0,115.0,1464.0,13.0,13.0,7.0,469.0,113.0,169.0,1637878.0,349.2,11.4,12.1,17.9,3411999.0,8236702.0,1589767.0,19.5,0.0,24784.0,24513.0,4.2,4.2,2.2,2.2,11521.0,11665.0,0.9,1.1,190482.0,17.0,10.0,16.0,383.0,130.0,187.0,618.0,94.0,180.0,12.0,14.0,13.0,439.0,85.0,118.0,1664728.3333333333,33.56666666666667,0.899999999999995,1.2666666666666688,7.399999999999999,3446193.3333333335,8749976.333333334,1607946.3333333333,12.300000000000002,0.0,29211.0,28634.666666666668,3.9,3.9333333333333336,2.7999999999999994,2.766666666666667,16445.666666666668,16660.333333333332,78632.66666666667,0.4333333333333333,152774.0,14.333333333333334,13.0,12.0,459.6666666666667,113.33333333333333,183.0,467.3333333333333,120.66666666666667,1065.0,15.333333333333334,10.0,15.333333333333334,402.3333333333333,134.66666666666666,203.66666666666666,1652006.8333333333,13.183333333333309,0.3000000000000001,1.1833333333333325,5.516666666666666,3441485.8333333335,8665527.333333334,1611615.0,11.783333333333333,0.0,28807.166666666668,28288.666666666668,2.3000000000000007,2.316666666666667,2.6166666666666667,2.5833333333333335,15539.5,15740.166666666666,79443.83333333333,0.11666666666666663,185245.83333333334,13.666666666666666,13.5,12.833333333333334,429.5,123.5,187.83333333333334,489.8333333333333,120.66666666666667,1302.5,14.333333333333334,11.166666666666666,14.333333333333334,400.3333333333333,126.0,190.5,1636082.5833333333,22.866666666666664,4.800000000000005,1.2416666666666667,5.7749999999999995,3429725.3333333335,8503991.083333334,1603688.5833333333,12.774999999999999,0.0,28524.0,28087.416666666668,3.15,3.1750000000000003,2.4499999999999997,2.4250000000000003,14392.916666666666,14584.083333333334,80896.16666666667,-0.18333333333333335,159785.225,14.166666666666666,12.666666666666666,13.333333333333334,440.0,126.41666666666667,192.66666666666666,539.3333333333334,113.58333333333333,1403.0,13.5,13.0,14.0,459.9166666666667,116.66666666666667,182.66666666666666,2.348131397286357,5.005256801788649,-82.78388278388279,-93.27033218785796,-221.67832167832165,-252.6315789473684,191.66666666666674,-71.07438016528924,55.81395348837208,-25.139664804469277,0.13086877357264548,1.0897130978057223,1.487266595459058,7.638785523623404,-0.1844792988049737,1.2180401278929498,4.065040650406493,-34.35897435897436,,,1.0407751035639734,19.080858618463516,0.9442210176604293,17.753844898625214,-55.55555555555556,-61.904761904761905,-52.77777777777778,-59.52380952380953,3.571428571428581,31.818181818181813,0.0,27.27272727272725,5.76510272922417,49.683187223331316,5.29969215911148,49.54993570510074,-0.8468748408129945,8650900.0,1700.0,63.636363636363626,-99.99913656889748,-99.99895003202403,0.0,-11.764705882352944,0.0,30.000000000000004,0.0,-25.0,8.316008316008316,36.0313315926893,10.619469026548668,-3.8461538461538436,17.24137931034482,9.090909090909083,0.0,-26.37540453074434,2.4793388429751984,31.914893617021267,5.5487053020961685,375.55555555555554,13.33333333333333,41.66666666666667,0.0,-28.57142857142857,83.33333333333333,69.23076923076923,22.666666666666657,4.783599088838275,-27.380952380952383,43.529411764705884,-2.9556650246305383,66.94915254237289,2023,12,4,0,0,0,1
2024-01-01,999966.0,40.45,1042848.0,3975248.0,-14.3,1.6999999999999995,-129.6,-13.300000000000004,-33.6,-12.799999999999999,2.9999999999999996,7992801.0,11294409.0,51.25,4784794.0,753903.0,1548859.0,-150.0,-18.8,-0.9999999999999999,-5.0,3450947.0,8839688.0,1594229.0,13.0,0.0,29461.0,28901.0,0.2,0.0,3.0,3.0,17337.0,17529.0,77556.0,-3.0,1.4,16.0,13.0,13.0,583.0,46.0,241.0,454.0,122.0,220.0,16.0,11.0,13.0,350.0,110.0,137.0,1719858.0,23.499999999999996,-17.400000000000002,3.500000000000001,13.399999999999999,3449180.0,8865886.0,1609131.0,12.8,0.0,29513.0,28865.0,1.6,1.7,2.9,2.8,17245.0,17445.0,77859.0,1.8,2.0,15.0,13.0,12.0,521.0,125.0,204.0,455.0,124.0,856.0,17.0,10.0,22.0,460.0,122.0,197.0,1680400.0,136.5,14.3,1.2,8.6,3444672.0,8735959.0,1612105.0,12.3,0.0,29209.0,28595.0,3.6,3.6,2.8,2.8,16305.0,16567.0,78524.0,0.1,231634.0,15.0,13.0,12.0,481.0,113.0,174.0,455.0,121.0,811.0,15.0,10.0,12.0,375.0,168.0,203.0,1593927.0,-59.300000000000004,5.8,-0.9000000000000004,0.20000000000000012,3444728.0,8648084.0,1602603.0,11.8,0.0,28911.0,28444.0,6.5,6.5,2.7,2.7,15787.0,15969.0,79515.0,-0.6,226686.0,13.0,13.0,12.0,377.0,102.0,171.0,492.0,117.0,1528.0,14.0,10.0,12.0,372.0,114.0,211.0,1638135.0,-96.9,0.29999999999999954,0.5,4.0,3430338.0,8550400.0,1614110.0,11.1,0.0,28180.0,27686.0,0.9,0.9,2.4,2.3,14479.0,14660.0,80222.0,-0.2,213198.0,13.0,14.0,14.0,335.0,152.0,209.0,511.0,120.0,1522.0,13.0,13.0,14.0,450.0,127.0,177.0,1602416.0,-44.1,12.2,6.7,7.4,3423766.0,8259823.0,1601347.0,17.9,0.0,28201.0,27979.0,8.7,8.8,2.2,2.2,11976.0,12131.0,84586.0,2.9,1.6,16.0,11.0,14.0,344.0,136.0,183.0,594.0,93.0,1410.0,12.0,15.0,14.0,521.0,100.0,131.0,1649705.6666666667,3.333333333333343,-7.300000000000005,1.2333333333333354,5.666666666666664,3448266.3333333335,8813844.333333334,1605155.0,12.700000000000001,0.0,29394.333333333332,28787.0,1.8,1.7666666666666666,2.9,2.8666666666666667,16962.333333333332,17180.333333333332,77979.66666666667,-0.3666666666666667,77212.46666666666,15.333333333333334,13.0,12.333333333333334,528.3333333333334,94.66666666666667,206.33333333333334,454.6666666666667,122.33333333333333,629.0,16.0,10.333333333333334,15.666666666666666,395.0,133.33333333333334,179.0,1637127.5,4.33333333333331,-2.8833333333333333,0.9333333333333323,4.016666666666667,3444920.6666666665,8713742.0,1608301.5,12.1,0.0,29020.666666666668,28491.166666666668,2.183333333333334,2.1666666666666665,2.716666666666667,2.6999999999999997,16015.833333333334,16218.333333333334,78999.5,-0.3500000000000001,149713.06666666665,14.166666666666666,13.333333333333334,12.666666666666666,470.8333333333333,105.83333333333333,193.16666666666666,480.3333333333333,121.0,1085.5,14.833333333333334,10.833333333333334,14.166666666666666,383.6666666666667,123.16666666666667,183.83333333333334,1631619.5,14.04166666666667,2.216666666666672,0.6,4.741666666666667,3431990.4166666665,8552313.166666666,1603095.4166666667,12.366666666666667,0.0,28629.0,28164.25,2.441666666666667,2.4416666666666664,2.5166666666666666,2.4916666666666667,14839.666666666666,15033.916666666666,80310.33333333333,-0.6749999999999999,159785.20833333334,14.166666666666666,12.833333333333334,13.25,459.9166666666667,118.91666666666667,197.5,527.6666666666666,116.0,1303.8333333333333,13.833333333333334,12.666666666666666,13.916666666666666,445.6666666666667,117.5,183.16666666666666,-9.94262317005241,-3.342265678824974,-738.2978723404256,240.13605442176868,8.045977011494255,-254.09836065573774,-128.57142857142856,-114.92537313432835,-137.3134328358209,-167.56756756756758,0.0512295676073693,0.7938918722833366,-0.2954921820560341,7.020307820155458,-0.9260899205844608,-0.44450078590086983,1.5625,-27.37430167597765,,,-0.17619354182902836,4.467926669267053,0.1247185172354115,3.2953286393366366,-87.5,-97.70114942528735,-100.0,-100.0,3.4482758620689724,36.36363636363635,7.14285714285714,36.36363636363635,0.5334879675268134,44.76452905811623,0.48151332760102417,44.49756821366746,-0.3891650290910542,-8.311068025441559,-266.66666666666663,-203.44827586206895,-30.000000000000004,-12.50000000000001,6.666666666666665,0.0,0.0,18.181818181818187,8.333333333333325,-7.14285714285714,11.900191938579653,69.4767441860465,-63.2,-66.17647058823529,18.137254901960787,31.693989071038242,-0.219780219780219,-23.56902356902357,-1.6129032258064502,31.182795698924725,-74.29906542056075,-84.39716312056737,-5.882352941176472,33.33333333333333,10.000000000000009,-26.66666666666667,-40.90909090909091,-7.14285714285714,-23.913043478260864,-32.82149712092131,-9.836065573770492,10.000000000000009,-30.456852791878177,4.580152671755733,2024,1,1,1,0,0,0
2024-02-01,1002912.0,40.31,1039506.0,4010151.0,8.2,-9.2,53.5,37.599999999999994,-2.000000000000001,1.1,3.3000000000000007,8004184.0,11282358.0,51.1,4804546.0,758289.0,1568311.0,61.5,17.7,3.5,-0.9000000000000001,3457115.0,8830147.0,1597372.0,13.5,0.0,29092.0,28541.0,-0.4,-0.3,3.1,3.1,17620.0,17830.0,77599.0,2.3,241955.0,16.0,14.0,15.0,602.0,154.0,261.0,487.0,141.0,234.0,17.0,11.0,14.0,396.0,146.0,233.0,1548859.0,-150.0,-18.8,-0.9999999999999999,-5.0,3450947.0,8839688.0,1594229.0,13.0,0.0,29461.0,28901.0,0.2,0.0,3.0,3.0,17337.0,17529.0,77556.0,-3.0,1.4,16.0,13.0,13.0,583.0,46.0,241.0,454.0,122.0,220.0,16.0,11.0,13.0,350.0,110.0,137.0,1719858.0,23.499999999999996,-17.400000000000002,3.500000000000001,13.399999999999999,3449180.0,8865886.0,1609131.0,12.8,0.0,29513.0,28865.0,1.6,1.7,2.9,2.8,17245.0,17445.0,77859.0,1.8,2.0,15.0,13.0,12.0,521.0,125.0,204.0,455.0,124.0,856.0,17.0,10.0,22.0,460.0,122.0,197.0,1680400.0,136.5,14.3,1.2,8.6,3444672.0,8735959.0,1612105.0,12.3,0.0,29209.0,28595.0,3.6,3.6,2.8,2.8,16305.0,16567.0,78524.0,0.1,231634.0,15.0,13.0,12.0,481.0,113.0,174.0,455.0,121.0,811.0,15.0,10.0,12.0,375.0,168.0,203.0,1604597.0,-31.700000000000003,7.5,3.1,-1.4,3439328.0,8555507.0,1618878.0,11.2,0.0,28560.0,28119.0,2.2,2.2,2.4,2.4,14736.0,14907.0,80462.0,0.7,217912.0,13.0,14.0,14.0,401.0,133.0,186.0,526.0,122.0,1561.0,13.0,12.0,13.0,358.0,106.0,160.0,1551959.0,-99.7,-43.0,-3.0,-0.40000000000000013,3423940.0,8256113.0,1576665.0,15.6,0.0,28337.0,28057.0,3.9,3.9,2.2,2.2,12704.0,12873.0,83379.0,-1.9,196408.0,16.0,11.0,13.0,518.0,123.0,201.0,767.0,102.0,1618.0,12.0,15.0,15.0,565.0,87.0,183.0,1612342.6666666667,-21.666666666666657,-6.166666666666672,2.000000000000002,2.4999999999999982,3452414.0,8845240.333333334,1600244.0,13.100000000000001,0.0,29355.333333333332,28769.0,0.46666666666666673,0.4666666666666666,3.0,2.966666666666667,17400.666666666668,17601.333333333332,77671.33333333333,0.36666666666666653,80652.8,15.666666666666666,13.333333333333334,13.333333333333334,568.6666666666666,108.33333333333333,235.33333333333334,465.3333333333333,129.0,436.6666666666667,16.666666666666668,10.666666666666666,16.333333333333332,402.0,126.0,189.0,1631079.8333333333,19.866666666666642,-1.1833333333333336,0.999999999999999,4.1,3447885.1666666665,8759515.333333334,1604717.1666666667,12.483333333333334,0.0,29109.333333333332,28561.5,1.7500000000000009,1.75,2.8333333333333335,2.816666666666667,16496.5,16705.5,78522.33333333333,-0.08333333333333348,153720.2333333333,14.666666666666666,13.333333333333334,12.833333333333334,504.3333333333333,109.33333333333333,205.66666666666666,473.8333333333333,124.16666666666667,864.3333333333334,15.5,10.666666666666666,14.333333333333334,390.0,129.83333333333334,196.0,1632982.1666666667,27.475000000000005,7.275000000000006,1.1416666666666668,4.7,3434755.0,8600149.333333334,1604821.0,12.191666666666665,0.0,28691.916666666668,28204.583333333332,2.0833333333333335,2.0916666666666663,2.591666666666667,2.5666666666666664,15249.333333333334,15447.0,79828.66666666667,-0.325,163580.79166666666,14.166666666666666,13.083333333333334,13.416666666666666,466.9166666666667,121.5,202.5,504.3333333333333,119.25,1188.5,14.25,12.333333333333334,13.833333333333334,431.5833333333333,122.41666666666667,187.33333333333334,1.2558922406752382,1.0536360818810264,-141.0,-161.68505516549646,-194.14893617021275,-141.1627906976744,-450.0,-216.66666666666669,-82.0,124.99999999999996,0.178733547632004,0.9689130066531604,-0.1079336736771741,6.95283603797574,0.19714859032171628,1.3133417688602211,3.8461538461538547,-13.461538461538458,,,-1.2525033094599625,2.6643610826834196,-1.2456316390436317,1.7250596998966472,-300.0,-110.25641025641026,-inf,-107.6923076923077,3.3333333333333437,40.90909090909089,3.3333333333333437,40.90909090909089,1.6323470035184862,38.696473551637276,1.717154429802048,38.506952536316334,0.055443808344946,-6.932201153767736,-176.66666666666666,-221.05263157894734,17282400.0,23.18999226100771,0.0,0.0,7.692307692307687,27.27272727272727,15.384615384615374,15.384615384615374,3.2590051457976,16.216216216216207,234.7826086956522,25.203252032520318,8.298755186721984,29.850746268656714,7.268722466960353,-36.50586701434159,15.573770491803284,38.23529411764706,6.363636363636371,-85.53770086526575,6.25,41.66666666666667,0.0,-26.66666666666667,7.692307692307687,-6.666666666666665,13.142857142857146,-29.911504424778755,32.72727272727274,67.81609195402298,70.07299270072993,27.322404371584707,2024,2,1,1,0,0,0
2024-03-01,1001232.0,40.38,1040361.0,4066213.0,0.20000000000000062,8.499999999999998,28.2,9.1,-2.6,-6.1000000000000005,10.4,8005997.0,11305829.0,51.620000000000005,4830777.0,760443.0,1596748.0,45.699999999999996,-9.8,-1.1102230246251565e-16,0.8,3456736.0,8851947.0,1593972.0,14.0,0.0,29269.0,28560.0,0.9,0.9,3.2,3.2,17847.0,18032.0,77740.0,-0.2,244537.0,16.0,14.0,15.0,526.0,127.0,187.0,439.0,131.0,196.0,16.0,11.0,14.0,260.0,138.0,157.0,1568311.0,61.5,17.7,3.5,-0.9000000000000001,3457115.0,8830147.0,1597372.0,13.5,0.0,29092.0,28541.0,-0.4,-0.3,3.1,3.1,17620.0,17830.0,77599.0,2.3,241955.0,16.0,14.0,15.0,602.0,154.0,261.0,487.0,141.0,234.0,17.0,11.0,14.0,396.0,146.0,233.0,1548859.0,-150.0,-18.8,-0.9999999999999999,-5.0,3450947.0,8839688.0,1594229.0,13.0,0.0,29461.0,28901.0,0.2,0.0,3.0,3.0,17337.0,17529.0,77556.0,-3.0,1.4,16.0,13.0,13.0,583.0,46.0,241.0,454.0,122.0,220.0,16.0,11.0,13.0,350.0,110.0,137.0,1719858.0,23.499999999999996,-17.400000000000002,3.500000000000001,13.399999999999999,3449180.0,8865886.0,1609131.0,12.8,0.0,29513.0,28865.0,1.6,1.7,2.9,2.8,17245.0,17445.0,77859.0,1.8,2.0,15.0,13.0,12.0,521.0,125.0,204.0,455.0,124.0,856.0,17.0,10.0,22.0,460.0,122.0,197.0,1675124.0,107.0,-8.7,-0.3000000000000001,8.3,3440669.0,8637328.0,1612863.0,11.5,0.0,28470.0,28023.0,-1.0,-1.0,2.5,2.5,14685.0,14893.0,80081.0,-1.1,222043.0,13.0,14.0,13.0,462.0,116.0,183.0,500.0,120.0,1537.0,14.0,12.0,13.0,387.0,119.0,195.0,1611786.0,171.20000000000002,51.599999999999994,-17.6,10.200000000000001,3386825.0,8294903.0,1593216.0,13.6,0.0,28268.0,27884.0,4.1,4.1,2.3,2.2,12974.0,13155.0,82318.0,-3.8,199624.0,15.0,11.0,13.0,459.0,132.0,210.0,580.0,105.0,1480.0,13.0,15.0,15.0,519.0,111.0,131.0,1571306.0,-14.266666666666659,-3.6333333333333386,0.8333333333333354,-1.700000000000001,3454932.6666666665,8840594.0,1595191.0,13.5,0.0,29274.0,28667.333333333332,0.2333333333333333,0.20000000000000004,3.1,3.1,17601.333333333332,17797.0,77631.66666666667,-0.3000000000000001,162164.46666666667,16.0,13.666666666666666,14.333333333333334,570.3333333333334,109.0,229.66666666666666,460.0,131.33333333333334,216.66666666666666,16.333333333333332,11.0,13.666666666666666,335.3333333333333,131.33333333333334,175.66666666666666,1618017.1666666667,9.649999999999975,-1.3666666666666671,1.049999999999999,2.849999999999999,3450563.0,8795285.166666666,1601568.6666666667,12.9,0.0,29242.5,28651.0,2.0666666666666673,2.066666666666667,2.9499999999999997,2.9333333333333336,17023.5,17228.666666666668,78132.16666666667,0.06666666666666657,157469.2333333333,15.166666666666666,13.333333333333334,13.166666666666666,515.0,111.16666666666667,206.33333333333334,463.6666666666667,126.0,640.8333333333334,15.833333333333334,10.5,14.5,368.8333333333333,133.0,189.66666666666666,1631729.0,17.016666666666666,2.158333333333339,2.608333333333334,3.9166666666666665,3440580.9166666665,8646569.666666666,1604884.0,12.225,0.0,28775.333333333332,28260.916666666668,1.8166666666666667,1.8249999999999995,2.6666666666666665,2.65,15655.416666666666,15853.416666666666,79447.16666666667,-0.025000000000000046,167323.54166666666,14.25,13.333333333333334,13.583333333333334,472.5,121.08333333333333,200.58333333333334,492.5833333333333,121.41666666666667,1081.5,14.5,12.0,13.75,410.0,124.66666666666667,189.5,1.8132245453867268,-0.9330022720137832,-25.69105691056911,-73.30607476635514,-155.36723163841808,-118.99224806201552,-100.0,-100.0,-188.88888888888889,-92.15686274509804,-0.01096289825476271,2.0642046754703935,0.24688150718215063,6.715497456691177,-0.2128496054769946,0.04745119305857859,3.703703703703698,2.941176470588247,,,0.6084146844493432,3.541106551577755,0.0665708980063684,2.424329364510114,-325.0,-78.04878048780488,-400.0,-78.04878048780488,3.2258064516129004,39.13043478260872,3.2258064516129004,45.45454545454546,1.2883087400681115,37.55973485432402,1.1329220415030816,37.073356138350434,0.18170337246614654,-5.5613596054325924,-108.69565217391303,-94.73684210526315,1.0671405839928871,22.498797739750742,0.0,6.666666666666665,0.0,27.27272727272727,0.0,15.384615384615374,-12.624584717607979,14.596949891067545,-17.532467532467532,-3.7878787878787845,-28.352490421455933,-10.952380952380958,-9.856262833675567,-24.310344827586206,-7.092198581560282,24.761904761904763,-16.23931623931624,-86.75675675675676,-5.882352941176472,23.076923076923084,0.0,-26.66666666666667,0.0,-6.666666666666665,-34.34343434343434,-49.90366088631985,-5.47945205479452,24.32432432432432,-32.61802575107296,19.84732824427482,2024,3,1,1,0,0,0
2024-04-01,1001034.0,40.25,1042608.0,4066558.0,-0.8000000000000003,3.9000000000000004,36.5,69.9,0.599999999999999,-8.299999999999999,5.7,8018932.0,11294773.0,50.7,4873062.0,763119.0,1587538.0,-13.899999999999999,38.6,4.2,-4.5,3463751.0,8843661.0,1614680.0,14.5,0.0,29326.0,28632.0,2.4,2.5,3.3,3.3,17893.0,18097.0,77713.0,-1.0,249381.0,15.0,16.0,16.0,516.0,135.0,220.0,420.0,121.0,170.0,17.0,10.0,14.0,326.0,63.0,181.0,1596748.0,45.699999999999996,-9.8,-1.1102230246251565e-16,0.8,3456736.0,8851947.0,1593972.0,14.0,0.0,29269.0,28560.0,0.9,0.9,3.2,3.2,17847.0,18032.0,77740.0,-0.2,244537.0,16.0,14.0,15.0,526.0,127.0,187.0,439.0,131.0,196.0,16.0,11.0,14.0,260.0,138.0,157.0,1568311.0,61.5,17.7,3.5,-0.9000000000000001,3457115.0,8830147.0,1597372.0,13.5,0.0,29092.0,28541.0,-0.4,-0.3,3.1,3.1,17620.0,17830.0,77599.0,2.3,241955.0,16.0,14.0,15.0,602.0,154.0,261.0,487.0,141.0,234.0,17.0,11.0,14.0,396.0,146.0,233.0,1548859.0,-150.0,-18.8,-0.9999999999999999,-5.0,3450947.0,8839688.0,1594229.0,13.0,0.0,29461.0,28901.0,0.2,0.0,3.0,3.0,17337.0,17529.0,77556.0,-3.0,1.4,16.0,13.0,13.0,583.0,46.0,241.0,454.0,122.0,220.0,16.0,11.0,13.0,350.0,110.0,137.0,1593927.0,-59.300000000000004,5.8,-0.9000000000000004,0.20000000000000012,3444728.0,8648084.0,1602603.0,11.8,0.0,28911.0,28444.0,6.5,6.5,2.7,2.7,15787.0,15969.0,79515.0,-0.6,226686.0,13.0,13.0,12.0,377.0,102.0,171.0,492.0,117.0,1528.0,14.0,10.0,12.0,372.0,114.0,211.0,1618605.0,65.1,-10.0,19.8,12.0,3421049.0,8350599.0,1583281.0,12.5,0.0,28058.0,27739.0,6.3,6.4,2.3,2.3,12782.0,12958.0,81882.0,0.3,202167.0,15.0,12.0,14.0,438.0,125.0,212.0,538.0,111.0,1474.0,13.0,16.0,15.0,472.0,95.0,175.0,1584199.0,31.100000000000005,15.499999999999995,2.5666666666666687,-1.5333333333333343,3459200.6666666665,8841918.333333334,1602008.0,14.0,0.0,29229.0,28577.666666666668,0.9666666666666667,1.0333333333333334,3.1999999999999997,3.1999999999999997,17786.666666666668,17986.333333333332,77684.0,0.36666666666666653,245291.0,15.666666666666666,14.666666666666666,15.333333333333334,548.0,138.66666666666666,222.66666666666666,448.6666666666667,131.0,200.0,16.666666666666668,10.666666666666666,14.0,327.3333333333333,115.66666666666667,190.33333333333334,1616952.3333333333,17.216666666666644,4.1,1.8999999999999992,2.066666666666666,3453733.5,8827881.333333334,1603581.5,13.350000000000001,0.0,29311.666666666668,28682.333333333332,1.383333333333334,1.4000000000000001,3.0500000000000003,3.033333333333333,17374.5,17583.333333333332,77831.83333333333,-1.1102230246251565e-16,161251.7333333333,15.5,13.833333333333334,13.833333333333334,538.1666666666666,116.66666666666667,214.5,451.6666666666667,126.66666666666667,414.5,16.333333333333332,10.5,14.833333333333334,361.1666666666667,124.5,184.66666666666666,1629140.0833333333,10.433333333333334,6.208333333333339,1.3083333333333336,2.5416666666666665,3444139.4166666665,8687658.166666666,1607500.5833333333,12.391666666666666,0.0,28881.0,28335.333333333332,1.4916666666666665,1.4999999999999998,2.75,2.733333333333334,16081.333333333334,16281.666666666666,79099.75,-0.1333333333333334,171258.04166666666,14.25,13.666666666666666,13.75,479.0,121.91666666666667,201.25,482.75,122.25,972.8333333333334,14.833333333333334,11.5,13.666666666666666,397.8333333333333,122.0,190.0,-0.5767973405947591,-1.9193688392164843,-130.41575492341357,-121.35176651305683,-493.87755102040813,-486.00000000000006,-3.7830236869912166e+18,-78.78787878787878,-662.5,-137.5,0.20293710598668913,1.2482136327190974,-0.09360652520852275,5.904510562655441,1.2991445270055024,1.9831602855083785,3.571428571428581,15.999999999999993,,,0.19474529365539617,4.519210207427471,0.25210084033613356,3.2192941346119275,166.66666666666666,-61.904761904761905,177.77777777777777,-60.9375,3.124999999999978,43.47826086956521,3.124999999999978,43.47826086956521,0.2577463999551721,39.98591769676108,0.36047027506653784,39.65889797808304,-0.034731155132494695,-5.09147309543001,400.0,-433.33333333333337,1.9808863280403433,23.353959845078577,-6.25,0.0,14.28571428571428,33.33333333333333,6.666666666666665,14.28571428571428,-1.9011406844106515,17.808219178082197,6.299212598425208,8.000000000000007,17.647058823529417,3.7735849056603765,-4.32801822323462,-21.93308550185874,-7.633587786259543,9.009009009009006,-13.265306122448983,-88.46675712347354,6.25,30.76923076923077,-9.090909090909093,-37.5,0.0,-6.666666666666665,25.384615384615383,-30.932203389830505,-54.347826086956516,-33.684210526315795,15.286624203821653,3.4285714285714253,2024,4,2,0,1,0,0
2024-05-01,994644.0,40.39,1043115.0,4041754.0,-7.3,3.4000000000000004,-21.2,-45.5,-1.3999999999999995,-9.5,17.7,8025590.0,11291187.0,51.26,4829108.0,771519.0,1582508.0,9.4,-22.0,1.1,-1.0,3469668.0,8842256.0,1602893.0,14.6,0.0,29542.0,28801.0,-0.4,-0.5,3.4,3.4,18246.0,18455.0,78229.0,0.9,254138.0,14.0,15.0,16.0,522.0,129.0,208.0,393.0,114.0,183.0,16.0,10.0,14.0,301.0,106.0,146.0,1587538.0,-13.899999999999999,38.6,4.2,-4.5,3463751.0,8843661.0,1614680.0,14.5,0.0,29326.0,28632.0,2.4,2.5,3.3,3.3,17893.0,18097.0,77713.0,-1.0,249381.0,15.0,16.0,16.0,516.0,135.0,220.0,420.0,121.0,170.0,17.0,10.0,14.0,326.0,63.0,181.0,1596748.0,45.699999999999996,-9.8,-1.1102230246251565e-16,0.8,3456736.0,8851947.0,1593972.0,14.0,0.0,29269.0,28560.0,0.9,0.9,3.2,3.2,17847.0,18032.0,77740.0,-0.2,244537.0,16.0,14.0,15.0,526.0,127.0,187.0,439.0,131.0,196.0,16.0,11.0,14.0,260.0,138.0,157.0,1568311.0,61.5,17.7,3.5,-0.9000000000000001,3457115.0,8830147.0,1597372.0,13.5,0.0,29092.0,28541.0,-0.4,-0.3,3.1,3.1,17620.0,17830.0,77599.0,2.3,241955.0,16.0,14.0,15.0,602.0,154.0,261.0,487.0,141.0,234.0,17.0,11.0,14.0,396.0,146.0,233.0,1680400.0,136.5,14.3,1.2,8.6,3444672.0,8735959.0,1612105.0,12.3,0.0,29209.0,28595.0,3.6,3.6,2.8,2.8,16305.0,16567.0,78524.0,0.1,231634.0,15.0,13.0,12.0,481.0,113.0,174.0,455.0,121.0,811.0,15.0,10.0,12.0,375.0,168.0,203.0,1623763.0,-27.499999999999993,38.5,-0.6000000000000001,-7.999999999999999,3424238.0,8386724.0,1607726.0,12.0,0.0,28085.0,27713.0,-0.7,-0.7,2.3,2.3,14367.0,14576.0,81002.0,1.7,207746.0,13.0,13.0,14.0,482.0,136.0,195.0,597.0,113.0,1575.0,13.0,15.0,16.0,571.0,138.0,260.0,1588931.3333333333,13.73333333333334,2.266666666666662,1.7666666666666686,-1.5666666666666675,3463385.0,8845954.666666666,1603848.3333333333,14.366666666666665,0.0,29379.0,28664.333333333332,0.9666666666666667,0.9666666666666667,3.3000000000000003,3.3000000000000003,17995.333333333332,18194.666666666668,77894.0,-0.10000000000000005,249352.0,15.0,15.0,15.666666666666666,521.3333333333334,130.33333333333334,205.0,417.3333333333333,122.0,183.0,16.333333333333332,10.333333333333334,14.0,295.6666666666667,102.33333333333333,161.33333333333334,1600637.0,-3.96666666666669,-1.9500000000000004,1.8833333333333326,0.4666666666666665,3457899.5,8845597.5,1602046.1666666667,13.733333333333333,0.0,29367.166666666668,28716.666666666668,0.7166666666666673,0.7166666666666668,3.15,3.133333333333333,17698.0,17898.0,77782.66666666667,0.13333333333333325,165002.4,15.333333333333334,14.166666666666666,14.5,545.0,119.33333333333333,220.16666666666666,441.3333333333333,125.5,309.8333333333333,16.5,10.5,15.166666666666666,348.8333333333333,114.16666666666667,175.16666666666666,1625702.1666666667,13.508333333333333,1.1666666666666725,1.4500000000000004,3.125,3447925.25,8725619.166666666,1607097.8333333333,12.608333333333333,0.0,29002.416666666668,28426.0,1.5166666666666666,1.5166666666666664,2.841666666666667,2.8249999999999997,16404.583333333332,16604.916666666668,78868.66666666667,-0.20000000000000007,175124.04166666666,14.333333333333334,13.833333333333334,13.916666666666666,482.3333333333333,121.33333333333333,202.33333333333334,465.75,122.33333333333333,856.8333333333334,15.083333333333334,11.083333333333334,13.5,375.3333333333333,119.33333333333333,180.5,-0.31684280943196086,-2.5407032922908135,-167.62589928057557,-134.1818181818182,-156.99481865284974,-157.14285714285714,-73.80952380952381,-283.3333333333333,-77.77777777777779,-87.5,0.17082636713783295,1.326718528326598,-0.01588708567639152,5.431584489962948,-0.7299898431887386,-0.30061092499592545,0.6896551724137945,21.666666666666657,,,0.7365477733069614,5.187822681146526,0.5902486728136314,3.925955327824493,-116.66666666666667,-42.85714285714285,-120.0,-28.57142857142857,3.0303030303030276,47.82608695652175,3.0303030303030276,47.82608695652175,1.9728385402112636,26.999373564418462,1.9782284356523183,26.61223929747529,0.6639815732245591,-3.423372262413271,-190.0,-47.05882352941176,1.9075230270148902,22.331115881894227,-6.666666666666665,7.692307692307687,-6.25,15.384615384615374,0.0,14.28571428571428,1.1627906976744207,8.298755186721984,-4.444444444444439,-5.147058823529416,-5.454545454545457,6.666666666666665,-6.428571428571428,-34.17085427135679,-5.785123966942152,0.8849557522123908,7.647058823529407,-88.38095238095238,-5.882352941176472,23.076923076923084,0.0,-33.333333333333336,0.0,-12.5,-7.668711656441718,-47.28546409807356,68.25396825396825,-23.188405797101453,-19.33701657458563,-43.84615384615385,2024,5,2,0,1,0,0
2024-06-01,997452.0,40.32,1040196.0,3989164.0,8.0,-0.8999999999999996,-59.5,28.599999999999998,-11.7,-5.199999999999999,-9.7,8013273.0,11225693.0,49.92,4841346.0,767901.0,1545880.0,-88.2,38.4,-3.3000000000000003,-4.3,3464618.0,8784192.0,1622916.0,14.7,0.0,29539.0,28715.0,1.6,1.7,3.5,3.5,18758.0,18993.0,78457.0,0.5,1.5,13.0,15.0,15.0,636.0,157.0,324.0,468.0,122.0,208.0,15.0,11.0,13.0,329.0,117.0,176.0,1582508.0,9.4,-22.0,1.1,-1.0,3469668.0,8842256.0,1602893.0,14.6,0.0,29542.0,28801.0,-0.4,-0.5,3.4,3.4,18246.0,18455.0,78229.0,0.9,254138.0,14.0,15.0,16.0,522.0,129.0,208.0,393.0,114.0,183.0,16.0,10.0,14.0,301.0,106.0,146.0,1587538.0,-13.899999999999999,38.6,4.2,-4.5,3463751.0,8843661.0,1614680.0,14.5,0.0,29326.0,28632.0,2.4,2.5,3.3,3.3,17893.0,18097.0,77713.0,-1.0,249381.0,15.0,16.0,16.0,516.0,135.0,220.0,420.0,121.0,170.0,17.0,10.0,14.0,326.0,63.0,181.0,1596748.0,45.699999999999996,-9.8,-1.1102230246251565e-16,0.8,3456736.0,8851947.0,1593972.0,14.0,0.0,29269.0,28560.0,0.9,0.9,3.2,3.2,17847.0,18032.0,77740.0,-0.2,244537.0,16.0,14.0,15.0,526.0,127.0,187.0,439.0,131.0,196.0,16.0,11.0,14.0,260.0,138.0,157.0,1719858.0,23.499999999999996,-17.400000000000002,3.500000000000001,13.399999999999999,3449180.0,8865886.0,1609131.0,12.8,0.0,29513.0,28865.0,1.6,1.7,2.9,2.8,17245.0,17445.0,77859.0,1.8,2.0,15.0,13.0,12.0,521.0,125.0,204.0,455.0,124.0,856.0,17.0,10.0,22.0,460.0,122.0,197.0,1712421.0,130.3,6.5,2.5,15.0,3427971.0,8506567.0,1612338.0,11.0,0.0,28496.0,27945.0,1.7,1.7,2.4,2.4,14675.0,14875.0,80924.0,-2.1,1.1,13.0,13.0,15.0,462.0,124.0,184.0,457.0,115.0,1464.0,13.0,13.0,7.0,469.0,113.0,169.0,1571975.3333333333,-30.899999999999995,18.33333333333333,0.6666666666666687,-3.266666666666668,3466012.3333333335,8823369.666666666,1613496.3333333333,14.6,0.0,29469.0,28716.0,1.2,1.2333333333333334,3.4,3.4,18299.0,18515.0,78133.0,0.13333333333333328,167840.16666666666,14.0,15.333333333333334,15.666666666666666,558.0,140.33333333333334,250.66666666666666,427.0,119.0,187.0,16.0,10.333333333333334,13.666666666666666,318.6666666666667,95.33333333333333,167.66666666666666,1571640.6666666667,-22.583333333333357,7.349999999999999,0.7499999999999988,-2.483333333333333,3460472.5,8831981.833333334,1604343.6666666667,14.049999999999999,0.0,29371.5,28691.666666666668,0.7166666666666673,0.7166666666666668,3.25,3.25,17950.166666666668,18156.0,77882.33333333333,-0.08333333333333341,165002.31666666665,15.0,14.5,15.0,564.1666666666666,124.66666666666667,240.16666666666666,443.5,125.16666666666667,201.83333333333334,16.166666666666668,10.666666666666666,13.666666666666666,327.0,113.33333333333333,171.66666666666666,1611823.75,-4.700000000000002,3.825000000000006,0.9666666666666668,1.5166666666666666,3450979.1666666665,8748754.583333334,1607979.3333333333,12.916666666666666,0.0,29089.333333333332,28490.166666666668,1.5083333333333335,1.5166666666666664,2.9333333333333336,2.9166666666666665,16744.833333333332,16948.083333333332,78663.08333333333,0.016666666666666653,175124.07499999998,14.333333333333334,14.0,13.916666666666666,496.8333333333333,124.08333333333333,214.0,466.6666666666667,122.91666666666667,752.1666666666666,15.25,10.916666666666666,14.0,363.6666666666667,119.66666666666667,181.08333333333334,-2.3145538600752746,-9.725470547254444,-1038.2978723404256,-167.6899462778204,-274.5454545454545,490.7692307692307,-400.0,-232.00000000000003,330.0,-128.66666666666666,-0.14554706675105056,1.0690580521247162,-0.6566649959015014,3.2636550091241334,1.2491788285306615,0.6560659117381018,0.6849315068493178,33.63636363636362,,,-0.010155033511605183,3.66016282987085,-0.29860074302975326,2.755412417248171,-500.0,-5.88235294117646,-440.00000000000006,0.0,2.941176470588247,45.83333333333335,2.941176470588247,45.83333333333335,2.8060944864627846,27.822827938671214,2.9151991330262694,27.68403361344538,0.29145201907221363,-3.04853937027334,-44.44444444444444,-123.80952380952381,-99.99940976949532,36.36363636363635,-7.14285714285714,0.0,0.0,15.384615384615374,-6.25,0.0,21.839080459770123,37.66233766233766,21.705426356589143,26.61290322580645,55.769230769230774,76.08695652173914,19.083969465648853,2.4070021881838155,7.017543859649122,6.08695652173914,13.661202185792343,-85.79234972677597,-6.25,15.384615384615374,10.000000000000009,-15.384615384615385,-7.14285714285714,85.71428571428572,9.302325581395344,-29.850746268656714,10.377358490566046,3.539823008849563,20.547945205479444,4.142011834319526,2024,6,2,0,1,0,0
2024-07-01,993828.0,40.23,1041579.0,4109791.0,-3.6000000000000005,6.0,350.3,71.0,-5.5,7.9,2.0999999999999996,8012067.0,11232803.0,48.54,4885415.0,769527.0,1634266.0,337.2,58.8,-1.2,4.5,3465676.0,8790487.0,1646883.0,14.5,0.0,29626.0,28773.0,-0.5,-0.6,3.5,3.5,18567.0,18819.0,79191.0,0.7,261642.0,12.0,15.0,14.0,541.0,130.0,219.0,438.0,118.0,194.0,16.0,10.0,13.0,369.0,128.0,179.0,1545880.0,-88.2,38.4,-3.3000000000000003,-4.3,3464618.0,8784192.0,1622916.0,14.7,0.0,29539.0,28715.0,1.6,1.7,3.5,3.5,18758.0,18993.0,78457.0,0.5,1.5,13.0,15.0,15.0,636.0,157.0,324.0,468.0,122.0,208.0,15.0,11.0,13.0,329.0,117.0,176.0,1582508.0,9.4,-22.0,1.1,-1.0,3469668.0,8842256.0,1602893.0,14.6,0.0,29542.0,28801.0,-0.4,-0.5,3.4,3.4,18246.0,18455.0,78229.0,0.9,254138.0,14.0,15.0,16.0,522.0,129.0,208.0,393.0,114.0,183.0,16.0,10.0,14.0,301.0,106.0,146.0,1587538.0,-13.899999999999999,38.6,4.2,-4.5,3463751.0,8843661.0,1614680.0,14.5,0.0,29326.0,28632.0,2.4,2.5,3.3,3.3,17893.0,18097.0,77713.0,-1.0,249381.0,15.0,16.0,16.0,516.0,135.0,220.0,420.0,121.0,170.0,17.0,10.0,14.0,326.0,63.0,181.0,1548859.0,-150.0,-18.8,-0.9999999999999999,-5.0,3450947.0,8839688.0,1594229.0,13.0,0.0,29461.0,28901.0,0.2,0.0,3.0,3.0,17337.0,17529.0,77556.0,-3.0,1.4,16.0,13.0,13.0,583.0,46.0,241.0,454.0,122.0,220.0,16.0,11.0,13.0,350.0,110.0,137.0,1638135.0,-96.9,0.29999999999999954,0.5,4.0,3430338.0,8550400.0,1614110.0,11.1,0.0,28180.0,27686.0,0.9,0.9,2.4,2.3,14479.0,14660.0,80222.0,-0.2,213198.0,13.0,14.0,14.0,335.0,152.0,209.0,511.0,120.0,1522.0,13.0,13.0,14.0,450.0,127.0,177.0,1587551.3333333333,86.13333333333333,25.066666666666663,-1.1333333333333313,-0.2666666666666678,3466654.0,8805645.0,1624230.6666666667,14.6,0.0,29569.0,28763.0,0.2333333333333334,0.19999999999999998,3.466666666666667,3.466666666666667,18523.666666666668,18755.666666666668,78625.66666666667,0.6999999999999998,171927.16666666666,13.0,15.0,15.0,566.3333333333334,138.66666666666666,250.33333333333334,433.0,118.0,195.0,15.666666666666666,10.333333333333334,13.333333333333334,333.0,117.0,167.0,1585875.1666666667,58.61666666666664,20.28333333333333,0.7166666666666655,-0.8999999999999999,3462927.3333333335,8823781.666666666,1613119.3333333333,14.299999999999999,0.0,29399.0,28670.333333333332,0.6000000000000006,0.6166666666666668,3.3333333333333335,3.3333333333333335,18155.166666666668,18371.0,78154.83333333333,0.5333333333333332,208609.08333333334,14.333333333333334,14.833333333333334,15.166666666666666,557.1666666666666,138.66666666666666,236.5,440.8333333333333,124.5,197.5,16.166666666666668,10.5,13.666666666666666,330.1666666666667,116.33333333333333,178.66666666666666,1611501.3333333333,31.474999999999998,8.700000000000005,0.8250000000000002,1.5583333333333333,3453924.0,8768761.833333334,1610710.4166666667,13.200000000000001,0.0,29209.833333333332,28580.75,1.3916666666666668,1.3916666666666666,3.0250000000000004,3.016666666666667,17085.5,17294.666666666668,78577.16666666667,0.09166666666666666,179161.07499999998,14.25,14.083333333333334,13.916666666666666,514.0,122.25,214.83333333333334,460.5833333333333,122.75,641.5,15.5,10.666666666666666,13.916666666666666,356.9166666666667,119.75,181.25,5.717520117991048,-0.23618322055264374,-482.31292517006796,-447.98761609907115,53.125,19500.00000000003,-63.63636363636365,-340.0,-204.6511627906977,12.5,0.030537277125497475,1.0301608762751657,0.07166282339912122,2.8079037238023963,1.476786229231819,2.0304068495951233,-1.3605442176870652,30.630630630630627,,,0.2945258810386209,5.13129879347054,0.20198502524813033,3.926172072527634,-131.25,-155.55555555555557,-135.29411764705884,-166.66666666666666,0.0,45.83333333333335,0.0,52.17391304347827,-1.0182322209190797,28.233994060363287,-0.9161269941557415,28.36971350613915,0.935544310896419,-1.2851836154670782,39.99999999999999,-450.0,17442700.0,22.722539611065763,-7.692307692307687,-7.692307692307687,0.0,7.14285714285714,-6.666666666666665,0.0,-14.937106918238996,61.49253731343283,-17.19745222929936,-14.473684210526317,-32.407407407407405,4.784688995215314,-6.41025641025641,-14.28571428571429,-3.2786885245901676,-1.6666666666666718,-6.730769230769229,-87.25361366622865,6.666666666666665,23.076923076923084,-9.090909090909093,-23.076923076923073,0.0,-7.14285714285714,12.158054711246201,-18.000000000000004,9.401709401709413,0.7874015748031482,1.7045454545454586,1.1299435028248483,2024,7,3,0,0,1,0
2024-08-01,992463.0,40.34,1045188.0,4073819.0,2.4,8.9,-38.900000000000006,-20.700000000000003,1.7,-4.8,-3.1000000000000005,8016431.0,11232283.0,49.51,4855208.0,769881.0,1609408.0,-34.0,-28.7,-0.29999999999999993,0.7999999999999999,3466272.0,8789861.0,1628882.0,14.1,0.0,29404.0,28562.0,0.5,0.6,3.6,3.6,18696.0,18921.0,79642.0,0.0,262635.0,15.0,13.0,13.0,705.0,130.0,197.0,452.0,123.0,209.0,16.0,9.0,13.0,348.0,138.0,209.0,1634266.0,337.2,58.8,-1.2,4.5,3465676.0,8790487.0,1646883.0,14.5,0.0,29626.0,28773.0,-0.5,-0.6,3.5,3.5,18567.0,18819.0,79191.0,0.7,261642.0,12.0,15.0,14.0,541.0,130.0,219.0,438.0,118.0,194.0,16.0,10.0,13.0,369.0,128.0,179.0,1545880.0,-88.2,38.4,-3.3000000000000003,-4.3,3464618.0,8784192.0,1622916.0,14.7,0.0,29539.0,28715.0,1.6,1.7,3.5,3.5,18758.0,18993.0,78457.0,0.5,1.5,13.0,15.0,15.0,636.0,157.0,324.0,468.0,122.0,208.0,15.0,11.0,13.0,329.0,117.0,176.0,1582508.0,9.4,-22.0,1.1,-1.0,3469668.0,8842256.0,1602893.0,14.6,0.0,29542.0,28801.0,-0.4,-0.5,3.4,3.4,18246.0,18455.0,78229.0,0.9,254138.0,14.0,15.0,16.0,522.0,129.0,208.0,393.0,114.0,183.0,16.0,10.0,14.0,301.0,106.0,146.0,1568311.0,61.5,17.7,3.5,-0.9000000000000001,3457115.0,8830147.0,1597372.0,13.5,0.0,29092.0,28541.0,-0.4,-0.3,3.1,3.1,17620.0,17830.0,77599.0,2.3,241955.0,16.0,14.0,15.0,602.0,154.0,261.0,487.0,141.0,234.0,17.0,11.0,14.0,396.0,146.0,233.0,1604597.0,-31.700000000000003,7.5,3.1,-1.4,3439328.0,8555507.0,1618878.0,11.2,0.0,28560.0,28119.0,2.2,2.2,2.4,2.4,14736.0,14907.0,80462.0,0.7,217912.0,13.0,14.0,14.0,401.0,133.0,186.0,526.0,122.0,1561.0,13.0,12.0,13.0,358.0,106.0,160.0,1596518.0,71.66666666666667,22.83333333333333,-1.599999999999998,0.3333333333333322,3465522.0,8788180.0,1632893.6666666667,14.433333333333332,0.0,29523.0,28683.333333333332,0.5333333333333333,0.5666666666666668,3.533333333333333,3.533333333333333,18673.666666666668,18911.0,79096.66666666667,0.39999999999999997,174759.5,13.333333333333334,14.333333333333334,14.0,627.3333333333334,139.0,246.66666666666666,452.6666666666667,121.0,203.66666666666666,15.666666666666666,10.0,13.0,348.6666666666667,127.66666666666667,188.0,1592724.6666666667,42.69999999999998,12.550000000000002,0.08333333333333225,-0.6166666666666666,3464453.5,8817067.333333334,1618371.0,14.399999999999999,0.0,29451.0,28673.833333333332,0.7500000000000008,0.7666666666666666,3.4166666666666665,3.4166666666666665,18334.5,18552.833333333332,78495.33333333333,0.14999999999999994,212055.75,14.166666666666666,14.666666666666666,14.833333333333334,574.3333333333334,134.66666666666666,225.83333333333334,435.0,121.5,193.33333333333334,16.0,10.166666666666666,13.5,322.1666666666667,115.0,174.66666666666666,1611902.25,31.28333333333333,5.68333333333334,0.5416666666666669,1.7416666666666665,3456169.3333333335,8788291.333333334,1611544.0833333333,13.441666666666668,0.0,29280.166666666668,28617.666666666668,1.25,1.258333333333333,3.125,3.116666666666667,17415.5,17629.166666666668,78508.83333333333,0.033333333333333326,182887.99166666667,14.416666666666666,14.0,13.833333333333334,539.3333333333334,122.0,215.75,454.4166666666667,122.83333333333333,528.8333333333334,15.75,10.416666666666666,13.916666666666666,356.0833333333333,122.41666666666667,185.33333333333334,-1.5210498168596764,0.29982606224492336,-110.08303677342823,7.2555205047318605,-148.80952380952382,-482.66666666666663,-75.0,-109.6774193548387,-82.22222222222221,-157.14285714285714,0.017197222129250456,0.7834088519617755,-0.007121334688287018,2.7392181433549156,-1.0930345385798512,0.6179588579250606,-2.758620689655178,25.89285714285714,,,-0.7493417943698066,2.955182072829121,-0.7333263823723679,1.5754472065151681,-200.0,-77.27272727272727,-200.0,-72.72727272727273,2.857142857142869,50.0,2.857142857142869,50.0,0.6947810631765972,26.8729641693811,0.5420054200542035,26.92694707184544,0.5695091613945991,-1.0191146131092954,-100.0,-100.0,0.37952622285413184,20.523422298909644,25.0,15.384615384615374,-13.33333333333333,-7.14285714285714,-7.14285714285714,-7.14285714285714,30.31423290203328,75.81047381546135,0.0,-2.2556390977443663,-10.045662100456621,5.913978494623651,3.1963470319634757,-14.068441064638781,4.237288135593231,0.8196721311475308,7.731958762886593,-86.61114670083279,0.0,23.076923076923084,-9.999999999999998,-25.0,0.0,0.0,-5.691056910569103,-2.7932960893854775,7.8125,30.188679245283012,16.75977653631284,30.624999999999993,2024,8,3,0,0,1,0
2024-09-01,986271.0,40.39,1046094.0,4093145.0,1.4999999999999991,-1.0999999999999992,33.599999999999994,4.800000000000001,-7.000000000000001,5.9,9.3,7999781.0,11255652.0,50.019999999999996,4847367.0,769710.0,1623288.0,9.399999999999999,-15.700000000000001,-0.8999999999999999,8.2,3460660.0,8810841.0,1621584.0,13.5,0.0,29592.0,28509.0,-0.2,-0.3,3.6,3.6,18886.0,19119.0,80137.0,0.4,267666.0,15.0,13.0,13.0,645.0,131.0,204.0,412.0,128.0,204.0,16.0,9.0,12.0,299.0,133.0,179.0,1609408.0,-34.0,-28.7,-0.29999999999999993,0.7999999999999999,3466272.0,8789861.0,1628882.0,14.1,0.0,29404.0,28562.0,0.5,0.6,3.6,3.6,18696.0,18921.0,79642.0,0.0,262635.0,15.0,13.0,13.0,705.0,130.0,197.0,452.0,123.0,209.0,16.0,9.0,13.0,348.0,138.0,209.0,1634266.0,337.2,58.8,-1.2,4.5,3465676.0,8790487.0,1646883.0,14.5,0.0,29626.0,28773.0,-0.5,-0.6,3.5,3.5,18567.0,18819.0,79191.0,0.7,261642.0,12.0,15.0,14.0,541.0,130.0,219.0,438.0,118.0,194.0,16.0,10.0,13.0,369.0,128.0,179.0,1545880.0,-88.2,38.4,-3.3000000000000003,-4.3,3464618.0,8784192.0,1622916.0,14.7,0.0,29539.0,28715.0,1.6,1.7,3.5,3.5,18758.0,18993.0,78457.0,0.5,1.5,13.0,15.0,15.0,636.0,157.0,324.0,468.0,122.0,208.0,15.0,11.0,13.0,329.0,117.0,176.0,1596748.0,45.699999999999996,-9.8,-1.1102230246251565e-16,0.8,3456736.0,8851947.0,1593972.0,14.0,0.0,29269.0,28560.0,0.9,0.9,3.2,3.2,17847.0,18032.0,77740.0,-0.2,244537.0,16.0,14.0,15.0,526.0,127.0,187.0,439.0,131.0,196.0,16.0,11.0,14.0,260.0,138.0,157.0,1675124.0,107.0,-8.7,-0.3000000000000001,8.3,3440669.0,8637328.0,1612863.0,11.5,0.0,28470.0,28023.0,-1.0,-1.0,2.5,2.5,14685.0,14893.0,80081.0,-1.1,222043.0,13.0,14.0,13.0,462.0,116.0,183.0,500.0,120.0,1537.0,14.0,12.0,13.0,387.0,119.0,195.0,1622320.6666666667,104.2,4.7999999999999945,-0.7999999999999979,4.499999999999999,3464202.6666666665,8797063.0,1632449.6666666667,14.033333333333333,0.0,29540.666666666668,28614.666666666668,-0.06666666666666667,-0.10000000000000003,3.5666666666666664,3.5666666666666664,18716.333333333332,18953.0,79656.66666666667,0.36666666666666664,263981.0,14.0,13.666666666666666,13.333333333333334,630.3333333333334,130.33333333333334,206.66666666666666,434.0,123.0,202.33333333333334,16.0,9.333333333333334,12.666666666666666,338.6666666666667,133.0,189.0,1597148.0,36.649999999999984,11.566666666666668,-0.06666666666666772,0.6166666666666666,3465107.5,8810216.333333334,1622973.0,14.316666666666665,0.0,29504.833333333332,28665.333333333332,0.5666666666666673,0.5666666666666668,3.483333333333333,3.483333333333333,18507.666666666668,18734.0,78894.83333333333,0.24999999999999992,215910.58333333334,14.0,14.5,14.5,594.1666666666666,135.33333333333334,228.66666666666666,430.5,121.0,194.66666666666666,16.0,9.833333333333334,13.166666666666666,328.6666666666667,114.16666666666667,178.33333333333334,1607582.5833333333,23.149999999999995,5.100000000000005,0.4916666666666669,1.7333333333333332,3457835.25,8802750.75,1612270.8333333333,13.608333333333334,0.0,29373.666666666668,28658.166666666668,1.3166666666666667,1.3166666666666662,3.216666666666667,3.2083333333333335,17765.583333333332,17981.333333333332,78513.5,0.15833333333333333,186689.90833333333,14.583333333333334,13.916666666666666,13.833333333333334,554.5833333333334,123.25,217.5,447.0833333333333,123.5,417.75,15.916666666666666,10.166666666666666,13.833333333333334,348.75,123.58333333333333,184.0,0.8624289179623768,-3.0944574849384288,-127.6470588235294,-91.21495327102804,-45.296167247386755,80.45977011494256,200.00000000000006,199.99999999999986,925.0,-1.2048192771084487,-0.1619030474238614,0.5810207259111522,0.2386840929566425,2.008873577569359,-0.44803736550591555,0.5407154854442098,-4.255319148936165,17.391304347826097,,,0.6393687933614389,3.9409905163329872,-0.1855612352076208,1.7342896906112903,-140.0,-80.0,-150.0,-70.0,0.0,43.99999999999999,0.0,43.99999999999999,1.0162601626016343,28.60742254000681,1.0464563183764097,28.375746995232664,0.6215313528038058,0.0699291966883564,inf,-136.36363636363637,1.9155862699183235,20.546921091860582,0.0,15.384615384615374,0.0,-7.14285714285714,0.0,0.0,-8.510638297872342,39.6103896103896,0.7692307692307665,12.93103448275863,3.5532994923857864,11.475409836065564,-8.849557522123897,-17.600000000000005,4.065040650406515,6.666666666666665,-2.392344497607657,-86.7273910214704,0.0,14.28571428571428,0.0,-25.0,-7.692307692307687,-7.692307692307687,-14.080459770114938,-22.7390180878553,-3.6231884057971064,11.764705882352944,-14.35406698564593,-8.20512820512821,2024,9,3,0,0,1,0
2024-10-01,988977.0,40.47,1044255.0,4094636.0,8.9,1.5999999999999996,8.6,-29.900000000000002,12.1,-2.8999999999999986,-14.200000000000001,7999401.0,11294917.0,50.43,4828272.0,769023.0,1627521.0,21.700000000000003,-9.0,2.6,3.5,3460593.0,8845967.0,1611755.0,12.8,0.0,29621.0,28568.0,-1.1,-1.1,3.6,3.6,19163.0,19432.0,80487.0,0.6,267674.0,15.0,12.0,12.0,632.0,132.0,224.0,408.0,127.0,200.0,15.0,10.0,11.0,389.0,64.0,251.0,1623288.0,9.399999999999999,-15.700000000000001,-0.8999999999999999,8.2,3460660.0,8810841.0,1621584.0,13.5,0.0,29592.0,28509.0,-0.2,-0.3,3.6,3.6,18886.0,19119.0,80137.0,0.4,267666.0,15.0,13.0,13.0,645.0,131.0,204.0,412.0,128.0,204.0,16.0,9.0,12.0,299.0,133.0,179.0,1609408.0,-34.0,-28.7,-0.29999999999999993,0.7999999999999999,3466272.0,8789861.0,1628882.0,14.1,0.0,29404.0,28562.0,0.5,0.6,3.6,3.6,18696.0,18921.0,79642.0,0.0,262635.0,15.0,13.0,13.0,705.0,130.0,197.0,452.0,123.0,209.0,16.0,9.0,13.0,348.0,138.0,209.0,1634266.0,337.2,58.8,-1.2,4.5,3465676.0,8790487.0,1646883.0,14.5,0.0,29626.0,28773.0,-0.5,-0.6,3.5,3.5,18567.0,18819.0,79191.0,0.7,261642.0,12.0,15.0,14.0,541.0,130.0,219.0,438.0,118.0,194.0,16.0,10.0,13.0,369.0,128.0,179.0,1587538.0,-13.899999999999999,38.6,4.2,-4.5,3463751.0,8843661.0,1614680.0,14.5,0.0,29326.0,28632.0,2.4,2.5,3.3,3.3,17893.0,18097.0,77713.0,-1.0,249381.0,15.0,16.0,16.0,516.0,135.0,220.0,420.0,121.0,170.0,17.0,10.0,14.0,326.0,63.0,181.0,1593927.0,-59.300000000000004,5.8,-0.9000000000000004,0.20000000000000012,3444728.0,8648084.0,1602603.0,11.8,0.0,28911.0,28444.0,6.5,6.5,2.7,2.7,15787.0,15969.0,79515.0,-0.6,226686.0,13.0,13.0,12.0,377.0,102.0,171.0,492.0,117.0,1528.0,14.0,10.0,12.0,372.0,114.0,211.0,1620072.3333333333,-0.9666666666666472,-17.800000000000004,0.4666666666666688,4.166666666666665,3462508.3333333335,8815556.333333334,1620740.3333333333,13.466666666666667,0.0,29539.0,28546.333333333332,-0.26666666666666666,-0.2666666666666668,3.6,3.6,18915.0,19157.333333333332,80088.66666666667,0.3333333333333333,265991.6666666667,15.0,12.666666666666666,12.666666666666666,660.6666666666666,131.0,208.33333333333334,424.0,126.0,204.33333333333334,15.666666666666666,9.333333333333334,12.0,345.3333333333333,111.66666666666667,213.0,1603811.8333333333,42.583333333333314,3.633333333333333,-0.3333333333333344,1.95,3464581.1666666665,8810600.666666666,1622485.5,14.033333333333333,0.0,29554.0,28654.666666666668,-0.016666666666665903,-0.03333333333333329,3.533333333333333,3.533333333333333,18719.333333333332,18956.5,79357.16666666667,0.5166666666666666,218959.41666666666,14.0,13.833333333333334,13.833333333333334,613.5,134.83333333333334,229.33333333333334,428.5,122.0,199.66666666666666,15.666666666666666,9.833333333333334,12.666666666666666,339.1666666666667,114.33333333333333,190.0,1610382.0833333333,29.900000000000002,3.8666666666666725,0.7833333333333335,2.0083333333333333,3459157.3333333335,8819241.0,1613033.5,13.691666666666668,0.0,29432.833333333332,28668.5,0.6833333333333332,0.683333333333333,3.2916666666666665,3.283333333333333,18046.916666666668,18269.916666666668,78594.5,0.25833333333333336,190105.57499999998,14.75,13.833333333333334,13.833333333333334,575.8333333333334,125.75,221.91666666666666,440.0833333333333,124.33333333333333,307.0833333333333,16.0,10.166666666666666,13.75,350.1666666666667,119.41666666666667,187.33333333333334,0.2607670357940073,2.107624753203874,130.85106382978728,-136.59359190556492,-42.675159235668794,-255.17241379310346,-388.8888888888889,-388.8888888888888,-57.3170731707317,1649.9999999999989,-0.0019360468812346099,0.4605588597996757,0.39866795916529973,2.2881715765018074,-0.6061357290155778,0.5710709389661783,-5.185185185185182,8.47457627118644,,,0.09799945931332488,2.455812666459134,0.20695219053632474,0.4359443116298767,450.0,-116.92307692307693,266.6666666666667,-116.92307692307693,0.0,33.33333333333333,0.0,33.33333333333333,1.4666949062797752,21.384683600430733,1.6371149118677764,21.685766171958164,0.43675206209365935,1.222410865874357,49.99999999999998,-200.0,0.0029887994739796753,18.081398939502225,0.0,15.384615384615374,-7.692307692307687,-7.692307692307687,-7.692307692307687,0.0,-2.0155038759689936,67.6392572944297,0.7633587786259444,29.41176470588236,9.80392156862746,30.99415204678362,-0.9708737864077666,-17.07317073170732,-0.78125,8.547008547008538,-1.9607843137254943,-86.91099476439791,-6.25,7.14285714285714,11.111111111111116,0.0,-8.333333333333337,-8.333333333333337,30.100334448160538,4.5698924731182755,-51.8796992481203,-43.85964912280702,40.22346368715084,18.957345971563978,2024,10,4,0,0,0,1
2024-11-01,992130.0,40.47,1045497.0,4073745.0,-1.9999999999999987,0.09999999999999945,-31.699999999999996,27.6,24.900000000000002,-5.4,12.4,8040675.0,11303626.0,50.5,4850720.0,777246.0,1599866.0,-55.3,-1.6,11.0,-3.5999999999999996,3486559.0,8854648.0,1610469.0,12.0,0.0,29502.0,28593.0,0.6,0.6,3.5,3.5,18713.0,18975.0,81607.0,-0.4,266132.0,15.0,12.0,12.0,583.0,131.0,176.0,484.0,128.0,221.0,17.0,10.0,11.0,266.0,136.0,172.0,1627521.0,21.700000000000003,-9.0,2.6,3.5,3460593.0,8845967.0,1611755.0,12.8,0.0,29621.0,28568.0,-1.1,-1.1,3.6,3.6,19163.0,19432.0,80487.0,0.6,267674.0,15.0,12.0,12.0,632.0,132.0,224.0,408.0,127.0,200.0,15.0,10.0,11.0,389.0,64.0,251.0,1623288.0,9.399999999999999,-15.700000000000001,-0.8999999999999999,8.2,3460660.0,8810841.0,1621584.0,13.5,0.0,29592.0,28509.0,-0.2,-0.3,3.6,3.6,18886.0,19119.0,80137.0,0.4,267666.0,15.0,13.0,13.0,645.0,131.0,204.0,412.0,128.0,204.0,16.0,9.0,12.0,299.0,133.0,179.0,1609408.0,-34.0,-28.7,-0.29999999999999993,0.7999999999999999,3466272.0,8789861.0,1628882.0,14.1,0.0,29404.0,28562.0,0.5,0.6,3.6,3.6,18696.0,18921.0,79642.0,0.0,262635.0,15.0,13.0,13.0,705.0,130.0,197.0,452.0,123.0,209.0,16.0,9.0,13.0,348.0,138.0,209.0,1582508.0,9.4,-22.0,1.1,-1.0,3469668.0,8842256.0,1602893.0,14.6,0.0,29542.0,28801.0,-0.4,-0.5,3.4,3.4,18246.0,18455.0,78229.0,0.9,254138.0,14.0,15.0,16.0,522.0,129.0,208.0,393.0,114.0,183.0,16.0,10.0,14.0,301.0,106.0,146.0,1680400.0,136.5,14.3,1.2,8.6,3444672.0,8735959.0,1612105.0,12.3,0.0,29209.0,28595.0,3.6,3.6,2.8,2.8,16305.0,16567.0,78524.0,0.1,231634.0,15.0,13.0,12.0,481.0,113.0,174.0,455.0,121.0,811.0,15.0,10.0,12.0,375.0,168.0,203.0,1616891.6666666667,-8.066666666666647,-8.766666666666671,4.233333333333335,2.699999999999999,3469270.6666666665,8837152.0,1614602.6666666667,12.766666666666666,0.0,29571.666666666668,28556.666666666668,-0.23333333333333336,-0.2666666666666668,3.566666666666667,3.566666666666667,18920.666666666668,19175.333333333332,80743.66666666667,0.19999999999999996,267157.3333333333,15.0,12.333333333333334,12.333333333333334,620.0,131.33333333333334,201.33333333333334,434.6666666666667,127.66666666666667,208.33333333333334,16.0,9.666666666666666,11.333333333333334,318.0,111.0,200.66666666666666,1606704.8333333333,31.799999999999983,7.033333333333332,1.3166666666666655,1.5166666666666666,3467396.3333333335,8812666.0,1623748.1666666667,13.600000000000001,0.0,29547.333333333332,28620.0,0.15000000000000077,0.15000000000000005,3.5500000000000003,3.5500000000000003,18797.166666666668,19043.166666666668,79920.16666666667,0.3,220958.41666666666,14.166666666666666,13.333333333333334,13.166666666666666,623.6666666666666,135.16666666666666,224.0,443.6666666666667,124.33333333333333,206.0,15.833333333333334,9.833333333333334,12.166666666666666,333.3333333333333,119.33333333333333,194.33333333333334,1603670.9166666667,13.916666666666666,2.541666666666672,1.6000000000000003,0.9916666666666666,3462647.9166666665,8829131.75,1612897.1666666667,13.666666666666666,0.0,29457.25,28668.333333333332,0.43333333333333335,0.43333333333333307,3.35,3.341666666666667,18247.583333333332,18470.583333333332,78851.41666666667,0.21666666666666667,192980.40833333333,14.75,13.75,13.833333333333334,584.3333333333334,127.25,222.08333333333334,442.5,124.91666666666667,257.9166666666667,16.166666666666668,10.166666666666666,13.666666666666666,341.0833333333333,116.75,184.75,-1.6992100255541986,-4.792549393001666,-354.83870967741933,-140.5128205128205,-82.22222222222221,-111.18881118881119,323.0769230769231,816.6666666666667,-202.85714285714283,-141.86046511627904,0.7503338300690165,1.21599385950244,0.09813511626257654,1.358625881829334,-0.07978880164789537,-0.10148222355244041,-6.25,-2.4390243902439046,,,-0.40174200735964005,1.0031154781060536,0.08751050126014626,-0.0069942297604486114,-154.54545454545453,-83.33333333333334,-154.54545454545453,-83.33333333333334,-2.777777777777779,25.0,-2.777777777777779,25.0,-2.34827532223556,14.768475927629554,-2.351790860436398,14.534918814510768,1.391529066805819,3.9261881717691516,-166.66666666666669,-500.0,-0.5760738809148402,14.89332308728426,0.0,0.0,0.0,-7.692307692307687,0.0,0.0,-7.753164556962022,21.205821205821195,-0.7575757575757569,15.92920353982301,-21.42857142857143,1.1494252873563315,18.627450980392158,6.373626373626373,0.7874015748031482,5.785123966942152,10.499999999999998,-72.74969173859434,13.33333333333333,13.33333333333333,0.0,0.0,0.0,-8.333333333333337,-31.619537275064268,-29.066666666666663,112.5,-19.047619047619047,-31.474103585657375,-15.270935960591137,2024,11,4,0,0,0,1
2024-12-01,994557.0,40.39,1043487.0,4091665.0,10.200000000000001,-3.3000000000000003,21.400000000000002,12.100000000000001,11.600000000000001,-5.6,20.5,8064216.0,11309425.0,49.67,4871861.0,785037.0,1613935.0,38.3,30.6,5.5,-2.0999999999999996,3498244.0,8860847.0,1627204.0,11.3,0.0,29761.0,28985.0,-4.1,-4.2,3.5,3.5,18612.0,18829.0,82432.0,35259.0,1.4,16.0,11.0,11.0,574.0,150.0,202.0,434.0,126.0,221.0,18.0,10.0,12.0,406.0,153.0,204.0,1599866.0,-55.3,-1.6,11.0,-3.5999999999999996,3486559.0,8854648.0,1610469.0,12.0,0.0,29502.0,28593.0,0.6,0.6,3.5,3.5,18713.0,18975.0,81607.0,-0.4,266132.0,15.0,12.0,12.0,583.0,131.0,176.0,484.0,128.0,221.0,17.0,10.0,11.0,266.0,136.0,172.0,1627521.0,21.700000000000003,-9.0,2.6,3.5,3460593.0,8845967.0,1611755.0,12.8,0.0,29621.0,28568.0,-1.1,-1.1,3.6,3.6,19163.0,19432.0,80487.0,0.6,267674.0,15.0,12.0,12.0,632.0,132.0,224.0,408.0,127.0,200.0,15.0,10.0,11.0,389.0,64.0,251.0,1623288.0,9.399999999999999,-15.700000000000001,-0.8999999999999999,8.2,3460660.0,8810841.0,1621584.0,13.5,0.0,29592.0,28509.0,-0.2,-0.3,3.6,3.6,18886.0,19119.0,80137.0,0.4,267666.0,15.0,13.0,13.0,645.0,131.0,204.0,412.0,128.0,204.0,16.0,9.0,12.0,299.0,133.0,179.0,1545880.0,-88.2,38.4,-3.3000000000000003,-4.3,3464618.0,8784192.0,1622916.0,14.7,0.0,29539.0,28715.0,1.6,1.7,3.5,3.5,18758.0,18993.0,78457.0,0.5,1.5,13.0,15.0,15.0,636.0,157.0,324.0,468.0,122.0,208.0,15.0,11.0,13.0,329.0,117.0,176.0,1719858.0,23.499999999999996,-17.400000000000002,3.500000000000001,13.399999999999999,3449180.0,8865886.0,1609131.0,12.8,0.0,29513.0,28865.0,1.6,1.7,2.9,2.8,17245.0,17445.0,77859.0,1.8,2.0,15.0,13.0,12.0,521.0,125.0,204.0,455.0,124.0,856.0,17.0,10.0,22.0,460.0,122.0,197.0,1613774.0,1.5666666666666866,6.666666666666662,6.36666666666667,-0.7333333333333343,3481798.6666666665,8853820.666666666,1616476.0,12.033333333333333,0.0,29628.0,28715.333333333332,-1.5333333333333332,-1.5666666666666667,3.533333333333333,3.533333333333333,18829.333333333332,19078.666666666668,81508.66666666667,11753.066666666666,177935.80000000002,15.333333333333334,11.666666666666666,11.666666666666666,596.3333333333334,137.66666666666666,200.66666666666666,442.0,127.0,214.0,16.666666666666668,10.0,11.333333333333334,353.6666666666667,117.66666666666667,209.0,1618047.3333333333,52.88333333333332,5.733333333333333,2.7833333333333328,1.883333333333333,3473000.6666666665,8825441.833333334,1624462.8333333333,13.033333333333333,0.0,29584.333333333332,28665.0,-0.7999999999999993,-0.8333333333333334,3.5500000000000003,3.5500000000000003,18772.833333333332,19015.833333333332,80582.66666666667,5876.716666666667,220958.4,14.666666666666666,12.666666666666666,12.5,613.3333333333334,134.0,203.66666666666666,438.0,125.0,208.16666666666666,16.333333333333332,9.666666666666666,12.0,346.1666666666667,125.33333333333333,199.0,1594844.0,15.149999999999999,6.541666666666671,1.7666666666666668,-0.3,3466736.5833333335,8828711.833333334,1614403.25,13.541666666666666,0.0,29477.916666666668,28678.333333333332,-0.041666666666666664,-0.058333333333333647,3.4,3.4,18361.5,18585.916666666668,79232.5,2938.316666666667,192980.3583333333,14.833333333333334,13.583333333333334,13.75,588.75,129.33333333333334,221.91666666666666,440.75,125.08333333333333,205.0,16.25,10.166666666666666,12.833333333333334,336.5833333333333,119.33333333333333,185.33333333333334,0.8793861485899335,-6.158822414408627,-169.25858951175408,62.97872340425532,-2012.5,-275.86206896551727,-50.0,57.142857142857096,-41.66666666666667,-115.67164179104476,0.3351441923111098,1.422483024950849,0.07000842947115782,-0.0568358311848316,1.0391382882874556,1.1231528073227137,-5.833333333333323,-11.71875,,,0.8779065826045596,0.840307661030737,1.3709649214842745,0.4157283907846976,-783.3333333333333,-356.24999999999994,-800.0,-347.05882352941177,0.0,20.68965517241379,0.0,25.0,-0.539731737294924,7.926935343577846,-0.7694334650856338,7.933505302378907,1.0109426887399353,5.873437881298238,-8814850.0,1958733.3333333333,-99.99947394526025,-30.000000000000004,6.666666666666665,6.666666666666665,-8.333333333333337,-15.384615384615385,-8.333333333333337,-8.333333333333337,-1.543739279588341,10.172744721689053,14.50381679389312,19.999999999999996,14.77272727272727,-0.9803921568627416,-10.330578512396693,-4.61538461538461,-1.5625,1.6129032258064502,0.0,-74.18224299065422,5.882352941176472,5.882352941176472,0.0,0.0,9.090909090909083,-45.45454545454546,52.63157894736843,-11.739130434782608,12.5,25.409836065573764,18.60465116279071,3.5532994923857864,2024,12,4,0,0,0,1
2025-01-01,995859.0,40.52,1046070.0,4111402.0,6.700000000000001,9.4,42.39999999999999,47.2,14.8,3.0,-9.4,8069398.0,11317345.0,49.04,4891062.0,784014.0,1626010.0,19.4,32.1,0.8,1.9,3497739.0,8866936.0,1639337.0,10.9,0.0,29284.0,28690.0,1.1,1.1,3.5,3.5,19012.0,19252.0,2.2,-2.1,259928.0,17.0,10.0,12.0,630.0,118.0,208.0,416.0,132.0,220.0,18.0,10.0,8.0,334.0,133.0,698.0,1613935.0,38.3,30.6,5.5,-2.0999999999999996,3498244.0,8860847.0,1627204.0,11.3,0.0,29761.0,28985.0,-4.1,-4.2,3.5,3.5,18612.0,18829.0,82432.0,35259.0,1.4,16.0,11.0,11.0,574.0,150.0,202.0,434.0,126.0,221.0,18.0,10.0,12.0,406.0,153.0,204.0,1599866.0,-55.3,-1.6,11.0,-3.5999999999999996,3486559.0,8854648.0,1610469.0,12.0,0.0,29502.0,28593.0,0.6,0.6,3.5,3.5,18713.0,18975.0,81607.0,-0.4,266132.0,15.0,12.0,12.0,583.0,131.0,176.0,484.0,128.0,221.0,17.0,10.0,11.0,266.0,136.0,172.0,1627521.0,21.700000000000003,-9.0,2.6,3.5,3460593.0,8845967.0,1611755.0,12.8,0.0,29621.0,28568.0,-1.1,-1.1,3.6,3.6,19163.0,19432.0,80487.0,0.6,267674.0,15.0,12.0,12.0,632.0,132.0,224.0,408.0,127.0,200.0,15.0,10.0,11.0,389.0,64.0,251.0,1634266.0,337.2,58.8,-1.2,4.5,3465676.0,8790487.0,1646883.0,14.5,0.0,29626.0,28773.0,-0.5,-0.6,3.5,3.5,18567.0,18819.0,79191.0,0.7,261642.0,12.0,15.0,14.0,541.0,130.0,219.0,438.0,118.0,194.0,16.0,10.0,13.0,369.0,128.0,179.0,1548859.0,-150.0,-18.8,-0.9999999999999999,-5.0,3450947.0,8839688.0,1594229.0,13.0,0.0,29461.0,28901.0,0.2,0.0,3.0,3.0,17337.0,17529.0,77556.0,-3.0,1.4,16.0,13.0,13.0,583.0,46.0,241.0,454.0,122.0,220.0,16.0,11.0,13.0,350.0,110.0,137.0,1613270.3333333333,0.8000000000000185,20.366666666666664,5.766666666666668,-1.2666666666666677,3494180.6666666665,8860810.333333334,1625670.0,11.4,0.0,29515.666666666668,28756.0,-0.7999999999999998,-0.8333333333333334,3.5,3.5,18779.0,19018.666666666668,54680.4,11752.166666666666,175353.80000000002,16.0,11.0,11.666666666666666,595.6666666666666,133.0,195.33333333333334,444.6666666666667,128.66666666666666,220.66666666666666,17.666666666666668,10.0,10.333333333333334,335.3333333333333,140.66666666666666,358.0,1616671.3333333333,-0.08333333333335229,1.2833333333333339,3.1166666666666654,1.45,3478344.5,8838183.333333334,1623205.1666666667,12.433333333333332,0.0,29527.333333333332,28651.166666666668,-0.5333333333333325,-0.55,3.5500000000000003,3.5500000000000003,18847.0,19088.0,67384.53333333334,5876.250000000001,220672.7333333333,15.5,11.833333333333334,12.166666666666666,628.1666666666666,132.0,201.83333333333334,434.3333333333333,127.33333333333333,212.5,16.666666666666668,9.666666666666666,11.166666666666666,340.3333333333333,126.16666666666667,285.5,1601273.25,29.266666666666662,10.78333333333334,1.9166666666666667,0.275,3470635.9166666665,8830982.5,1618162.25,13.366666666666667,0.0,29463.166666666668,28660.75,0.03333333333333335,0.033333333333333014,3.4416666666666664,3.4416666666666664,18501.083333333332,18729.5,72769.68333333333,2938.391666666667,214640.90833333333,14.916666666666666,13.333333333333334,13.666666666666666,592.6666666666666,135.33333333333334,219.16666666666666,437.5833333333333,125.91666666666667,205.0,16.416666666666668,10.083333333333334,12.416666666666666,335.25,121.25,232.08333333333334,0.7481713947587787,4.9811506405683215,-49.34725848563969,-112.93333333333334,4.90196078431373,-270.7446808510638,-85.45454545454545,-180.00000000000003,-190.47619047619048,-138.0,-0.014435814082724985,1.3559176654987848,0.06871803564603152,0.30824617339435534,0.7456348435721738,2.8294554922787096,-3.539823008849563,-16.153846153846153,,,-1.6027687241692123,-0.6007942703913693,-1.0177678109366872,-0.7300785439950164,-126.82926829268293,450.0,-126.19047619047619,inf,0.0,16.666666666666675,0.0,16.666666666666675,2.149151085321299,9.661417777008708,2.2465346008816223,9.829425523418344,-99.99733113354037,-99.99716334003817,-100.00595592614651,-29.999999999999993,18566185.714285716,18566185.714285716,6.25,6.25,-9.090909090909093,-23.076923076923073,9.090909090909083,-7.692307692307687,9.756097560975618,8.06174957118353,-21.333333333333336,156.52173913043475,2.970297029702973,-13.692946058091282,-4.147465437788023,-8.370044052863435,4.761904761904767,8.196721311475418,-0.4524886877828038,0.0,0.0,12.5,0.0,-9.090909090909093,-33.333333333333336,-38.46153846153846,-17.733990147783253,-4.571428571428571,-13.0718954248366,20.9090909090909,242.156862745098,409.4890510948905,2025,1,1,1,0,0,0
2025-02-01,997059.0,40.19,1049925.0,4129838.0,6.8999999999999995,6.8999999999999995,48.5,69.4,13.299999999999999,9.3,-5.700000000000001,8077860.0,11314018.0,48.96,4924618.0,782055.0,1631881.0,22.3,15.5,1.2,4.0,3498685.0,8864791.0,1653566.0,10.3,0.0,29095.0,28524.0,-0.1,-0.1,3.5,3.5,19094.0,19323.0,82993.0,-0.3,258293.0,14.0,11.0,11.0,530.0,111.0,130.0,404.0,127.0,239.0,18.0,10.0,23.0,364.0,98.0,820.0,1626010.0,19.4,32.1,0.8,1.9,3497739.0,8866936.0,1639337.0,10.9,0.0,29284.0,28690.0,1.1,1.1,3.5,3.5,19012.0,19252.0,2.2,-2.1,259928.0,17.0,10.0,12.0,630.0,118.0,208.0,416.0,132.0,220.0,18.0,10.0,8.0,334.0,133.0,698.0,1613935.0,38.3,30.6,5.5,-2.0999999999999996,3498244.0,8860847.0,1627204.0,11.3,0.0,29761.0,28985.0,-4.1,-4.2,3.5,3.5,18612.0,18829.0,82432.0,35259.0,1.4,16.0,11.0,11.0,574.0,150.0,202.0,434.0,126.0,221.0,18.0,10.0,12.0,406.0,153.0,204.0,1599866.0,-55.3,-1.6,11.0,-3.5999999999999996,3486559.0,8854648.0,1610469.0,12.0,0.0,29502.0,28593.0,0.6,0.6,3.5,3.5,18713.0,18975.0,81607.0,-0.4,266132.0,15.0,12.0,12.0,583.0,131.0,176.0,484.0,128.0,221.0,17.0,10.0,11.0,266.0,136.0,172.0,1609408.0,-34.0,-28.7,-0.29999999999999993,0.7999999999999999,3466272.0,8789861.0,1628882.0,14.1,0.0,29404.0,28562.0,0.5,0.6,3.6,3.6,18696.0,18921.0,79642.0,0.0,262635.0,15.0,13.0,13.0,705.0,130.0,197.0,452.0,123.0,209.0,16.0,9.0,13.0,348.0,138.0,209.0,1568311.0,61.5,17.7,3.5,-0.9000000000000001,3457115.0,8830147.0,1597372.0,13.5,0.0,29092.0,28541.0,-0.4,-0.3,3.1,3.1,17620.0,17830.0,77599.0,2.3,241955.0,16.0,14.0,15.0,602.0,154.0,261.0,487.0,141.0,234.0,17.0,11.0,14.0,396.0,146.0,233.0,1623942.0,26.666666666666686,26.066666666666663,2.5000000000000018,1.2666666666666655,3498222.6666666665,8864191.333333334,1640035.6666666667,10.833333333333334,0.0,29380.0,28733.0,-1.0333333333333332,-1.0666666666666667,3.5,3.5,18906.0,19134.666666666668,55142.4,11752.199999999999,172740.80000000002,15.666666666666666,10.666666666666666,11.333333333333334,578.0,126.33333333333333,180.0,418.0,128.33333333333334,226.66666666666666,18.0,10.0,14.333333333333334,368.0,128.0,574.0,1620416.8333333333,9.299999999999981,8.65,3.366666666666666,1.9833333333333332,3483746.6666666665,8850671.666666666,1627319.1666666667,11.799999999999999,0.0,29475.833333333332,28644.833333333332,-0.6333333333333325,-0.6666666666666666,3.533333333333333,3.533333333333333,18913.333333333332,19155.0,67943.03333333333,5876.200000000001,219949.06666666665,15.333333333333334,11.5,11.833333333333334,599.0,128.83333333333334,190.66666666666666,426.3333333333333,128.0,217.5,17.0,9.833333333333334,12.833333333333334,343.0,119.5,387.3333333333333,1606570.75,25.999999999999996,10.600000000000007,1.7250000000000003,0.6833333333333332,3474100.0833333335,8833869.5,1622845.0833333333,13.100000000000001,0.0,29463.416666666668,28659.333333333332,0.05833333333333334,0.049999999999999684,3.475,3.4749999999999996,18623.916666666668,18853.916666666668,73219.18333333333,2938.1749999999997,216002.40833333333,14.75,13.083333333333334,13.333333333333334,586.6666666666666,131.75,208.25,430.6666666666667,124.75,205.41666666666666,16.5,10.0,13.166666666666666,332.5833333333333,117.25,281.0,0.3610678901113662,4.053405223836348,14.948453608247437,-63.739837398373986,-51.71339563862929,-12.429378531073443,49.99999999999998,-65.71428571428571,110.52631578947367,-544.4444444444443,0.02704604317245174,1.2024477056736593,-0.0241909944991181,0.3923377493036062,0.8679728451197022,3.5179031559336105,-5.5045871559633035,-23.703703703703695,,,-0.6454036333834123,0.010312113295740666,-0.5785988149180854,-0.05956343505834072,-109.09090909090908,-75.0,-109.09090909090908,-66.66666666666666,0.0,12.903225806451601,0.0,12.903225806451601,0.43130654323584317,8.36549375709421,0.3687928526906248,8.373527762198552,3772309.0909090904,6.951120504130204,-85.71428571428572,-113.04347826086956,-0.629020344095288,6.75249529871258,-17.647058823529417,-12.5,10.000000000000009,-21.42857142857143,-8.333333333333337,-26.66666666666667,-15.873015873015872,-11.960132890365449,-5.932203389830503,-27.922077922077925,-37.5,-50.191570881226056,-2.8846153846153855,-17.043121149897335,-3.7878787878787845,-9.9290780141844,8.636363636363642,2.136752136752129,0.0,5.882352941176472,0.0,-9.090909090909093,187.5,64.28571428571428,8.982035928143706,-8.080808080808078,-26.315789473684216,-32.87671232876712,17.478510028653304,251.931330472103,2025,2,1,1,0,0,0
2025-03-01,994794.0,40.230000000000004,1051275.0,4321991.0,-3.0000000000000004,3.6999999999999997,186.0,0.8999999999999986,25.200000000000003,0.8000000000000009,4.499999999999999,8086095.0,11486784.0,49.76,4914516.0,786123.0,1787024.0,221.0,-2.2000000000000006,8.2,12.3,3503633.0,9017457.0,1654158.0,9.8,0.0,28963.0,28349.0,-0.7,-0.9,3.4,3.4,18948.0,19200.0,82826.0,2.2,254498.0,13.0,11.0,12.0,497.0,116.0,198.0,451.0,129.0,209.0,17.0,10.0,22.0,393.0,129.0,696.0,1631881.0,22.3,15.5,1.2,4.0,3498685.0,8864791.0,1653566.0,10.3,0.0,29095.0,28524.0,-0.1,-0.1,3.5,3.5,19094.0,19323.0,82993.0,-0.3,258293.0,14.0,11.0,11.0,530.0,111.0,130.0,404.0,127.0,239.0,18.0,10.0,23.0,364.0,98.0,820.0,1626010.0,19.4,32.1,0.8,1.9,3497739.0,8866936.0,1639337.0,10.9,0.0,29284.0,28690.0,1.1,1.1,3.5,3.5,19012.0,19252.0,2.2,-2.1,259928.0,17.0,10.0,12.0,630.0,118.0,208.0,416.0,132.0,220.0,18.0,10.0,8.0,334.0,133.0,698.0,1613935.0,38.3,30.6,5.5,-2.0999999999999996,3498244.0,8860847.0,1627204.0,11.3,0.0,29761.0,28985.0,-4.1,-4.2,3.5,3.5,18612.0,18829.0,82432.0,35259.0,1.4,16.0,11.0,11.0,574.0,150.0,202.0,434.0,126.0,221.0,18.0,10.0,12.0,406.0,153.0,204.0,1623288.0,9.399999999999999,-15.700000000000001,-0.8999999999999999,8.2,3460660.0,8810841.0,1621584.0,13.5,0.0,29592.0,28509.0,-0.2,-0.3,3.6,3.6,18886.0,19119.0,80137.0,0.4,267666.0,15.0,13.0,13.0,645.0,131.0,204.0,412.0,128.0,204.0,16.0,9.0,12.0,299.0,133.0,179.0,1596748.0,45.699999999999996,-9.8,-1.1102230246251565e-16,0.8,3456736.0,8851947.0,1593972.0,14.0,0.0,29269.0,28560.0,0.9,0.9,3.2,3.2,17847.0,18032.0,77740.0,-0.2,244537.0,16.0,14.0,15.0,526.0,127.0,187.0,439.0,131.0,196.0,16.0,11.0,14.0,260.0,138.0,157.0,1681638.3333333333,87.56666666666668,15.133333333333328,3.4000000000000017,6.0666666666666655,3500019.0,8916394.666666666,1649020.3333333333,10.333333333333334,0.0,29114.0,28521.0,0.10000000000000005,0.03333333333333336,3.466666666666667,3.466666666666667,19018.0,19258.333333333332,55273.73333333334,-0.06666666666666658,257573.0,14.666666666666666,10.666666666666666,11.666666666666666,552.3333333333334,115.0,178.66666666666666,423.6666666666667,129.33333333333334,222.66666666666666,17.666666666666668,10.0,17.666666666666668,363.6666666666667,120.0,738.0,1647706.1666666667,44.56666666666664,10.9,4.883333333333332,2.6666666666666665,3490908.8333333335,8885107.666666666,1632748.1666666667,11.183333333333332,0.0,29371.0,28618.166666666668,-0.7166666666666659,-0.7666666666666666,3.5,3.5,18923.666666666668,19168.5,68391.2,5876.500000000001,217754.4,15.0,11.166666666666666,11.666666666666666,574.3333333333334,126.33333333333333,189.66666666666666,432.8333333333333,128.16666666666666,218.33333333333334,17.166666666666668,10.0,14.5,358.6666666666667,118.83333333333333,473.5,1622427.0833333333,40.60833333333333,11.23333333333334,2.408333333333333,1.6416666666666666,3478008.1666666665,8847662.0,1627860.5833333333,12.75,0.0,29437.916666666668,28641.75,-0.07499999999999998,-0.10000000000000032,3.4916666666666667,3.4916666666666667,18715.666666666668,18951.25,73643.01666666668,2938.3750000000005,216832.49166666667,14.5,12.833333333333334,13.083333333333334,584.25,130.83333333333334,209.16666666666666,431.6666666666667,124.58333333333333,206.5,16.583333333333332,9.916666666666666,13.833333333333334,343.6666666666667,116.5,325.9166666666667,9.507004493587456,11.91647022573381,891.031390134529,383.5886214442014,-114.19354838709678,-77.55102040816327,583.3333333333333,-7.385903388887612e+18,207.50000000000003,1437.5,0.14142456380039636,1.356684456088053,1.7221613008135295,1.8697581447335798,0.03580141343013654,3.7758505168221213,-4.854368932038833,-29.999999999999993,,,-0.4536862003780673,-1.0454747343605852,-0.6135184406114158,-0.7387955182072803,599.9999999999999,-177.77777777777777,800.0,-200.0,-2.857142857142858,6.25,-2.857142857142858,6.25,-0.7646381062113794,6.169104051101026,-0.6365471200124206,6.477373558118904,-0.20122178978949634,6.542320555698478,-833.3333333333334,-1200.0,-1.4692616524644486,4.073412203470239,-7.14285714285714,-18.75,0.0,-21.42857142857143,9.090909090909083,-19.999999999999996,-6.226415094339622,-5.513307984790872,4.504504504504503,-8.661417322834641,52.3076923076923,5.882352941176472,11.633663366336645,2.733485193621865,1.5748031496062964,-1.526717557251911,-12.552301255230125,6.632653061224492,-5.555555555555558,6.25,0.0,-9.090909090909093,-4.347826086956519,57.14285714285714,7.967032967032961,51.153846153846146,31.63265306122449,-6.521739130434778,-15.121951219512198,343.312101910828,2025,3,1,1,0,0,0
2025-04-01,992652.0,40.54,1053717.0,4119511.0,-2.6999999999999997,2.5999999999999996,5.200000000000001,36.4,-7.300000000000001,-4.9,-4.7,8081742.0,11484344.0,48.93,4899037.0,783378.0,1644187.0,-110.2,34.9,1.4000000000000001,-4.2,3506946.0,9015104.0,1666396.0,9.2,0.0,29089.0,28322.0,-0.5,-0.6,3.3,3.3,19183.0,19444.0,83411.0,0.7,252758.0,13.0,11.0,12.0,500.0,127.0,174.0,438.0,125.0,194.0,17.0,11.0,22.0,432.0,160.0,746.0,1787024.0,221.0,-2.2000000000000006,8.2,12.3,3503633.0,9017457.0,1654158.0,9.8,0.0,28963.0,28349.0,-0.7,-0.9,3.4,3.4,18948.0,19200.0,82826.0,2.2,254498.0,13.0,11.0,12.0,497.0,116.0,198.0,451.0,129.0,209.0,17.0,10.0,22.0,393.0,129.0,696.0,1631881.0,22.3,15.5,1.2,4.0,3498685.0,8864791.0,1653566.0,10.3,0.0,29095.0,28524.0,-0.1,-0.1,3.5,3.5,19094.0,19323.0,82993.0,-0.3,258293.0,14.0,11.0,11.0,530.0,111.0,130.0,404.0,127.0,239.0,18.0,10.0,23.0,364.0,98.0,820.0,1626010.0,19.4,32.1,0.8,1.9,3497739.0,8866936.0,1639337.0,10.9,0.0,29284.0,28690.0,1.1,1.1,3.5,3.5,19012.0,19252.0,2.2,-2.1,259928.0,17.0,10.0,12.0,630.0,118.0,208.0,416.0,132.0,220.0,18.0,10.0,8.0,334.0,133.0,698.0,1627521.0,21.700000000000003,-9.0,2.6,3.5,3460593.0,8845967.0,1611755.0,12.8,0.0,29621.0,28568.0,-1.1,-1.1,3.6,3.6,19163.0,19432.0,80487.0,0.6,267674.0,15.0,12.0,12.0,632.0,132.0,224.0,408.0,127.0,200.0,15.0,10.0,11.0,389.0,64.0,251.0,1587538.0,-13.899999999999999,38.6,4.2,-4.5,3463751.0,8843661.0,1614680.0,14.5,0.0,29326.0,28632.0,2.4,2.5,3.3,3.3,17893.0,18097.0,77713.0,-1.0,249381.0,15.0,16.0,16.0,516.0,135.0,220.0,420.0,121.0,170.0,17.0,10.0,14.0,326.0,63.0,181.0,1687697.3333333333,44.366666666666674,16.06666666666666,3.6000000000000014,4.033333333333332,3503088.0,8965784.0,1658040.0,9.766666666666667,0.0,29049.0,28398.333333333332,-0.4333333333333333,-0.5333333333333333,3.4,3.4,19075.0,19322.333333333332,83076.66666666667,0.8666666666666668,255183.0,13.333333333333334,11.0,11.666666666666666,509.0,118.0,167.33333333333334,431.0,127.0,214.0,17.333333333333332,10.333333333333334,22.333333333333332,396.3333333333333,129.0,754.0,1650483.8333333333,22.583333333333314,18.21666666666667,4.683333333333333,1.3833333333333335,3498634.3333333335,8913297.166666666,1641855.0,10.583333333333334,0.0,29282.333333333332,28577.166666666668,-0.6166666666666659,-0.6833333333333332,3.4499999999999997,3.4499999999999997,18927.0,19170.5,68878.53333333333,5876.516666666667,215268.4,14.666666666666666,11.0,11.666666666666666,552.3333333333334,125.5,181.33333333333334,437.8333333333333,127.83333333333333,217.33333333333334,17.5,10.166666666666666,16.333333333333332,365.8333333333333,134.83333333333334,556.0,1627147.8333333333,32.583333333333336,10.925000000000004,2.1750000000000003,1.6666666666666667,3481607.75,8861948.916666666,1632170.25,12.308333333333335,0.0,29418.166666666668,28615.916666666668,-0.31666666666666665,-0.3583333333333336,3.491666666666667,3.4916666666666667,18823.166666666668,19063.5,74117.85,2938.516666666667,217113.90833333333,14.333333333333334,12.416666666666666,12.75,582.9166666666666,130.16666666666666,205.33333333333334,433.1666666666667,124.91666666666667,208.5,16.583333333333332,10.0,14.5,352.5,124.58333333333333,373.0,-7.993009607033819,3.568355529127487,-149.86425339366517,692.8057553956836,-1686.363636363636,-9.585492227979287,-82.92682926829268,-66.66666666666666,-134.14634146341461,-6.666666666666665,0.09455899062487116,1.2470584634981075,-0.026093831110030052,1.9385976011518258,0.7398325915662252,3.202863725320193,-6.122448979591855,-36.55172413793104,,,0.4350378068570304,-0.8081565846006944,-0.09524145472503687,-1.0827046661078477,-28.57142857142857,-120.83333333333333,-33.333333333333336,-124.0,-2.941176470588236,0.0,-2.941176470588236,0.0,1.2402364365632357,7.2095232772592555,1.2708333333333321,7.443222633585678,0.7062999541206816,7.332106597351795,-68.18181818181819,-170.0,-0.6836988895786988,1.3541528825371518,0.0,-13.33333333333333,0.0,-31.25,0.0,-25.0,0.6036217303822866,-3.100775193798455,9.482758620689658,-5.925925925925924,-12.121212121212121,-20.90909090909091,-2.882483370288247,4.285714285714293,-3.100775193798455,3.305785123966931,-7.177033492822971,14.117647058823524,0.0,0.0,10.000000000000009,10.000000000000009,0.0,57.14285714285714,9.92366412213741,32.51533742331287,24.031007751937985,153.96825396825395,7.183908045977017,312.15469613259665,2025,4,2,0,1,0,0
2025-05-01,995745.0,40.43,1053615.0,4550834.0,0.9999999999999997,-2.8,550.6999999999999,29.3,8.9,46.2,4.199999999999999,8089758.0,11857649.0,50.04,4907772.0,782748.0,1977347.0,476.5,11.000000000000002,3.7,36.1,3512933.0,9341825.0,1670578.0,8.9,0.0,29393.0,28426.0,-0.6,-0.6,3.3,3.3,19062.0,19304.0,83410.0,-3.1,254315.0,13.0,11.0,13.0,468.0,135.0,181.0,442.0,126.0,217.0,15.0,10.0,19.0,313.0,138.0,699.0,1644187.0,-110.2,34.9,1.4000000000000001,-4.2,3506946.0,9015104.0,1666396.0,9.2,0.0,29089.0,28322.0,-0.5,-0.6,3.3,3.3,19183.0,19444.0,83411.0,0.7,252758.0,13.0,11.0,12.0,500.0,127.0,174.0,438.0,125.0,194.0,17.0,11.0,22.0,432.0,160.0,746.0,1787024.0,221.0,-2.2000000000000006,8.2,12.3,3503633.0,9017457.0,1654158.0,9.8,0.0,28963.0,28349.0,-0.7,-0.9,3.4,3.4,18948.0,19200.0,82826.0,2.2,254498.0,13.0,11.0,12.0,497.0,116.0,198.0,451.0,129.0,209.0,17.0,10.0,22.0,393.0,129.0,696.0,1631881.0,22.3,15.5,1.2,4.0,3498685.0,8864791.0,1653566.0,10.3,0.0,29095.0,28524.0,-0.1,-0.1,3.5,3.5,19094.0,19323.0,82993.0,-0.3,258293.0,14.0,11.0,11.0,530.0,111.0,130.0,404.0,127.0,239.0,18.0,10.0,23.0,364.0,98.0,820.0,1599866.0,-55.3,-1.6,11.0,-3.5999999999999996,3486559.0,8854648.0,1610469.0,12.0,0.0,29502.0,28593.0,0.6,0.6,3.5,3.5,18713.0,18975.0,81607.0,-0.4,266132.0,15.0,12.0,12.0,583.0,131.0,176.0,484.0,128.0,221.0,17.0,10.0,11.0,266.0,136.0,172.0,1582508.0,9.4,-22.0,1.1,-1.0,3469668.0,8842256.0,1602893.0,14.6,0.0,29542.0,28801.0,-0.4,-0.5,3.4,3.4,18246.0,18455.0,78229.0,0.9,254138.0,14.0,15.0,16.0,522.0,129.0,208.0,393.0,114.0,183.0,16.0,10.0,14.0,301.0,106.0,146.0,1802852.6666666667,195.76666666666668,14.566666666666661,4.4333333333333345,14.733333333333333,3507837.3333333335,9124795.333333334,1663710.6666666667,9.299999999999999,0.0,29148.333333333332,28365.666666666668,-0.6,-0.6999999999999998,3.3333333333333335,3.3333333333333335,19064.333333333332,19316.0,83215.66666666667,-0.06666666666666672,253857.0,13.0,11.0,12.333333333333334,488.3333333333333,126.0,184.33333333333334,443.6666666666667,126.66666666666667,206.66666666666666,16.333333333333332,10.333333333333334,21.0,379.3333333333333,142.33333333333334,713.6666666666666,1713397.3333333333,111.21666666666664,20.316666666666666,3.4666666666666655,8.0,3503030.0,8994493.333333334,1651873.1666666667,10.066666666666668,0.0,29264.166666666668,28549.333333333332,-0.8166666666666659,-0.8833333333333333,3.4166666666666665,3.4166666666666665,18985.166666666668,19225.333333333332,69179.03333333333,5876.066666666667,213298.9,14.333333333333334,10.833333333333334,11.833333333333334,533.1666666666666,126.16666666666667,182.16666666666666,430.8333333333333,127.5,216.66666666666666,17.166666666666668,10.166666666666666,17.666666666666668,373.6666666666667,135.16666666666666,643.8333333333334,1660051.0833333333,71.50833333333333,13.675000000000004,2.3916666666666666,4.758333333333334,3485213.1666666665,8903579.666666666,1637810.6666666667,11.833333333333334,0.0,29405.75,28584.666666666668,-0.3333333333333333,-0.366666666666667,3.483333333333333,3.483333333333333,18891.166666666668,19134.25,74549.6,2938.183333333334,217128.65833333333,14.25,12.083333333333334,12.5,578.4166666666666,130.66666666666666,203.08333333333334,437.25,125.91666666666667,211.33333333333334,16.5,10.0,14.916666666666666,353.5,127.25,419.0833333333333,20.262901969179904,24.950205622973165,-532.3956442831216,4969.148936170212,-68.48137535816619,-150.0,164.28571428571428,236.36363636363632,-959.5238095238095,-3710.0,0.17071834011701537,1.2469492758385048,3.624151202249015,5.649791184512187,0.2509607560267746,4.222677371477701,-3.2608695652173836,-39.04109589041096,,,1.045068582625741,-0.5043666644099942,0.36720570581174616,-1.3020381236762635,19.999999999999996,49.99999999999998,0.0,19.999999999999996,0.0,-2.941176470588236,0.0,-2.941176470588236,-0.6307668247927833,4.472213087800059,-0.7200164575190238,4.600379301002433,-0.0011988826413733555,6.622863643917221,-542.8571428571429,-444.44444444444446,0.6160042412109545,0.06964719955300236,0.0,-7.14285714285714,0.0,-26.66666666666667,8.333333333333325,-18.75,-6.399999999999995,-10.344827586206895,6.299212598425208,4.651162790697683,4.022988505747116,-12.98076923076923,0.9132420091324311,12.468193384223913,0.8000000000000007,10.526315789473696,11.855670103092786,18.579234972677593,-11.764705882352944,-6.25,-9.090909090909093,0.0,-13.636363636363635,35.71428571428572,-27.54629629629629,3.9867109634551534,-13.749999999999996,30.188679245283012,-6.300268096514749,378.7671232876712,2025,5,2,0,1,0,0
2025-06-01,997302.0,40.49,1054755.0,4270006.0,6.0,0.09999999999999981,-169.5,54.2,29.3,9.0,13.8,8110514.0,11961837.0,50.14,4935644.0,786549.0,1750740.0,-157.9,9.0,6.0,7.8,3521662.0,9432650.0,1679943.0,8.7,0.0,29610.0,28570.0,-0.8,-0.7,3.2,3.2,19099.0,19322.0,2.4,1.2,256534.0,13.0,12.0,15.0,442.0,126.0,228.0,477.0,122.0,218.0,13.0,10.0,17.0,433.0,153.0,707.0,1977347.0,476.5,11.000000000000002,3.7,36.1,3512933.0,9341825.0,1670578.0,8.9,0.0,29393.0,28426.0,-0.6,-0.6,3.3,3.3,19062.0,19304.0,83410.0,-3.1,254315.0,13.0,11.0,13.0,468.0,135.0,181.0,442.0,126.0,217.0,15.0,10.0,19.0,313.0,138.0,699.0,1644187.0,-110.2,34.9,1.4000000000000001,-4.2,3506946.0,9015104.0,1666396.0,9.2,0.0,29089.0,28322.0,-0.5,-0.6,3.3,3.3,19183.0,19444.0,83411.0,0.7,252758.0,13.0,11.0,12.0,500.0,127.0,174.0,438.0,125.0,194.0,17.0,11.0,22.0,432.0,160.0,746.0,1787024.0,221.0,-2.2000000000000006,8.2,12.3,3503633.0,9017457.0,1654158.0,9.8,0.0,28963.0,28349.0,-0.7,-0.9,3.4,3.4,18948.0,19200.0,82826.0,2.2,254498.0,13.0,11.0,12.0,497.0,116.0,198.0,451.0,129.0,209.0,17.0,10.0,22.0,393.0,129.0,696.0,1613935.0,38.3,30.6,5.5,-2.0999999999999996,3498244.0,8860847.0,1627204.0,11.3,0.0,29761.0,28985.0,-4.1,-4.2,3.5,3.5,18612.0,18829.0,82432.0,35259.0,1.4,16.0,11.0,11.0,574.0,150.0,202.0,434.0,126.0,221.0,18.0,10.0,12.0,406.0,153.0,204.0,1545880.0,-88.2,38.4,-3.3000000000000003,-4.3,3464618.0,8784192.0,1622916.0,14.7,0.0,29539.0,28715.0,1.6,1.7,3.5,3.5,18758.0,18993.0,78457.0,0.5,1.5,13.0,15.0,15.0,636.0,157.0,324.0,468.0,122.0,208.0,15.0,11.0,13.0,329.0,117.0,176.0,1790758.0,69.46666666666667,18.299999999999994,3.7000000000000015,13.233333333333333,3513847.0,9263193.0,1672305.6666666667,8.933333333333332,0.0,29364.0,28439.333333333332,-0.6333333333333334,-0.6333333333333333,3.266666666666667,3.266666666666667,19114.666666666668,19356.666666666668,55607.799999999996,-0.40000000000000013,254535.66666666666,13.0,11.333333333333334,13.333333333333334,470.0,129.33333333333334,194.33333333333334,452.3333333333333,124.33333333333333,209.66666666666666,15.0,10.333333333333334,19.333333333333332,392.6666666666667,150.33333333333334,717.3333333333334,1736198.1666666667,78.51666666666665,16.71666666666667,3.549999999999999,9.65,3506933.0,9089793.833333334,1660663.0,9.633333333333333,0.0,29239.0,28480.166666666668,-0.266666666666666,-0.3,3.3666666666666667,3.3666666666666667,19066.333333333332,19307.5,55440.76666666666,-0.23333333333333328,256054.33333333334,13.833333333333334,11.0,12.5,511.1666666666667,122.16666666666667,186.5,438.0,126.83333333333333,216.16666666666666,16.333333333333332,10.166666666666666,18.5,378.1666666666667,135.16666666666666,727.6666666666666,1677122.75,65.7,11.225000000000007,3.1666666666666665,5.766666666666667,3489966.8333333335,8957617.833333334,1642562.9166666667,11.333333333333334,0.0,29411.666666666668,28572.583333333332,-0.5333333333333333,-0.566666666666667,3.4583333333333335,3.4583333333333335,18919.583333333332,19161.666666666668,68011.71666666666,2938.241666666667,238506.36666666667,14.25,11.833333333333334,12.5,562.25,128.08333333333334,195.08333333333334,438.0,125.91666666666667,212.16666666666666,16.333333333333332,9.916666666666666,15.25,362.1666666666667,130.25,463.3333333333333,-11.46015342779998,13.251998861489888,-133.1374606505771,79.02494331065759,-18.181818181818198,-76.5625,62.16216216216215,-281.8181818181818,-78.39335180055403,-281.3953488372093,0.24848182416232767,1.6464730022184293,0.972240434818672,7.3821018484113266,0.5605844204820132,3.5138602367590144,-2.2471910112359716,-40.816326530612244,,,0.738271016908798,0.24036020176716466,0.506578484486031,-0.5049625631203258,33.33333333333335,-150.0,16.666666666666675,-141.17647058823528,-3.0303030303030165,-8.571428571428562,-3.0303030303030165,-8.571428571428562,0.19410345189381228,1.8178910331591913,0.09324492333195877,1.7322171326278113,-99.9971226471646,-99.9969409995284,-138.70967741935485,140.0,0.8725399602854678,17102166.666666664,0.0,0.0,9.090909090909083,-19.999999999999996,15.384615384615374,0.0,-5.555555555555558,-30.503144654088054,-6.666666666666665,-19.7452229299363,25.96685082872927,-29.629629629629626,7.918552036199089,1.9230769230769162,-3.1746031746031744,0.0,0.4608294930875667,4.807692307692313,-13.33333333333333,-13.33333333333333,0.0,-9.090909090909093,-10.526315789473683,30.76923076923077,38.33865814696487,31.610942249240125,10.869565217391308,30.76923076923077,1.1444921316166035,301.70454545454544,2025,6,2,0,1,0,0
2025-07-01,997308.0,40.36,1060392.0,4200820.0,2.8000000000000003,12.6,-62.50000000000001,81.89999999999999,20.4,-4.0,5.3999999999999995,8134482.0,11965327.0,49.089999999999996,4981953.0,788838.0,1691434.0,-63.6,39.8,3.9,-2.0,3529715.0,9434419.0,1709925.0,8.5,0.0,29598.0,28557.0,-0.7,-0.7,3.2,3.2,19123.0,19347.0,84012.0,-1.3,257751.0,14.0,12.0,15.0,454.0,141.0,223.0,432.0,123.0,221.0,14.0,11.0,18.0,453.0,122.0,844.0,1750740.0,-157.9,9.0,6.0,7.8,3521662.0,9432650.0,1679943.0,8.7,0.0,29610.0,28570.0,-0.8,-0.7,3.2,3.2,19099.0,19322.0,2.4,1.2,256534.0,13.0,12.0,15.0,442.0,126.0,228.0,477.0,122.0,218.0,13.0,10.0,17.0,433.0,153.0,707.0,1977347.0,476.5,11.000000000000002,3.7,36.1,3512933.0,9341825.0,1670578.0,8.9,0.0,29393.0,28426.0,-0.6,-0.6,3.3,3.3,19062.0,19304.0,83410.0,-3.1,254315.0,13.0,11.0,13.0,468.0,135.0,181.0,442.0,126.0,217.0,15.0,10.0,19.0,313.0,138.0,699.0,1644187.0,-110.2,34.9,1.4000000000000001,-4.2,3506946.0,9015104.0,1666396.0,9.2,0.0,29089.0,28322.0,-0.5,-0.6,3.3,3.3,19183.0,19444.0,83411.0,0.7,252758.0,13.0,11.0,12.0,500.0,127.0,174.0,438.0,125.0,194.0,17.0,11.0,22.0,432.0,160.0,746.0,1626010.0,19.4,32.1,0.8,1.9,3497739.0,8866936.0,1639337.0,10.9,0.0,29284.0,28690.0,1.1,1.1,3.5,3.5,19012.0,19252.0,2.2,-2.1,259928.0,17.0,10.0,12.0,630.0,118.0,208.0,416.0,132.0,220.0,18.0,10.0,8.0,334.0,133.0,698.0,1634266.0,337.2,58.8,-1.2,4.5,3465676.0,8790487.0,1646883.0,14.5,0.0,29626.0,28773.0,-0.5,-0.6,3.5,3.5,18567.0,18819.0,79191.0,0.7,261642.0,12.0,15.0,14.0,541.0,130.0,219.0,438.0,118.0,194.0,16.0,10.0,13.0,369.0,128.0,179.0,1806507.0,85.00000000000001,19.933333333333326,4.533333333333335,13.966666666666667,3521436.6666666665,9402964.666666666,1686815.3333333333,8.700000000000001,0.0,29533.666666666668,28517.666666666668,-0.6999999999999998,-0.6666666666666666,3.233333333333333,3.233333333333333,19094.666666666668,19324.333333333332,55808.13333333333,-1.0666666666666667,256200.0,13.333333333333334,11.666666666666666,14.333333333333334,454.6666666666667,134.0,210.66666666666666,450.3333333333333,123.66666666666667,218.66666666666666,14.0,10.333333333333334,18.0,399.6666666666667,137.66666666666666,750.0,1747102.1666666667,64.68333333333331,18.0,4.0666666666666655,9.0,3512262.3333333335,9184374.333333334,1672427.6666666667,9.233333333333333,0.0,29291.333333333332,28458.0,-0.566666666666666,-0.6,3.3166666666666664,3.3166666666666664,19084.833333333332,19323.333333333332,69442.4,-0.09999999999999994,255691.5,13.333333333333334,11.333333333333334,13.0,481.8333333333333,126.0,189.0,440.6666666666667,125.33333333333333,216.33333333333334,15.666666666666666,10.333333333333334,20.166666666666668,398.0,133.33333333333334,752.0,1681886.75,32.3,9.641666666666673,3.591666666666667,5.225,3495303.4166666665,9011278.833333334,1647816.4166666667,10.833333333333334,0.0,29409.333333333332,28554.583333333332,-0.55,-0.5750000000000003,3.433333333333333,3.433333333333333,18965.916666666668,19205.666666666668,68413.46666666666,2938.0750000000007,238182.11666666667,14.416666666666666,11.583333333333334,12.583333333333334,555.0,129.0,195.41666666666666,437.5,126.33333333333333,214.41666666666666,16.166666666666668,10.0,15.666666666666666,369.1666666666667,129.75,518.75,-3.387481864811448,3.4980841552109565,-59.7213426219126,-118.86120996441281,342.2222222222222,-32.31292517006803,-35.0,-425.0,-125.64102564102564,-144.44444444444443,0.22867044026371186,1.8478068925081192,0.01875400868260879,7.3253279368936,1.7847034095799685,3.82795863458425,-2.298850574712641,-41.379310344827594,,,-0.04052684903749215,-0.0945115776682659,-0.04550227511375127,-0.7507037847982456,-12.50000000000001,39.99999999999999,0.0,16.666666666666675,0.0,-8.571428571428562,0.0,-8.571428571428562,0.12566102937325851,2.994560241288302,0.12938619190558942,2.8056751155746795,3500400.0,6.087813009054055,-208.33333333333334,-285.7142857142858,0.47440105405132105,-1.4871465590386879,7.692307692307687,16.666666666666675,0.0,-19.999999999999996,0.0,7.14285714285714,2.714932126696823,-16.081330868761555,11.904761904761907,8.461538461538453,-2.1929824561403466,1.82648401826484,-9.433962264150942,-1.3698630136986356,0.8196721311475308,4.237288135593231,1.3761467889908285,13.917525773195871,7.692307692307687,-12.5,10.000000000000009,10.000000000000009,5.882352941176472,38.46153846153846,4.618937644341803,22.764227642276413,-20.261437908496728,-4.6875,19.37765205091937,371.50837988826817,2025,7,3,0,0,1,0
