date,category_code,category_name,value_millions,seasonally_adjusted,source,extraction_timestamp
,01XX,01XX,1893.0,False,CENSUS_VIP,2025-10-23 17:23:03.524159
,01XX,01XX,2.5,False,CENSUS_VIP,2025-10-23 17:23:03.524159
,01XX,01XX,2.6,False,CENSUS_VIP,2025-10-23 17:23:03.524159
,01XX,01XX,2.5,False,CENSUS_VIP,2025-10-23 17:23:03.524159
,01XX,01XX,2.6,False,CENSUS_VIP,2025-10-23 17:23:03.524159
,01XX,01XX,2.7,False,CENSUS_VIP,2025-10-23 17:23:03.524159
,01XX,01XX,2.7,False,CENSUS_VIP,2025-10-23 17:23:03.524159
,01XX,01XX,2.7,False,CENSUS_VIP,2025-10-23 17:23:03.524159
,02XX,02XX,2.0,False,CENSUS_VIP,2025-10-23 17:23:03.524159
,02XX,02XX,2.4,False,CENSUS_VIP,2025-10-23 17:23:03.524159
,02XX,02XX,2.2,False,CENSUS_VIP,2025-10-23 17:23:03.524159
,02XX,02XX,2.0,False,CENSUS_VIP,2025-10-23 17:23:03.524159
,02XX,02XX,2.6,False,CENSUS_VIP,2025-10-23 17:23:03.524159
,02XX,02XX,2.1,False,CENSUS_VIP,2025-10-23 17:23:03.524159
,02XX,02XX,2.4,False,CENSUS_VIP,2025-10-23 17:23:03.524159
,02XX,02XX,-0.3,True,CENSUS_VIP,2025-10-23 17:23:03.524159
,02XX,02XX,-0.5,True,CENSUS_VIP,2025-10-23 17:23:03.524159
,02XX,02XX,0.4,True,CENSUS_VIP,2025-10-23 17:23:03.524159
,02XX,02XX,2.0,True,CENSUS_VIP,2025-10-23 17:23:03.524159
,02XX,02XX,-0.2,True,CENSUS_VIP,2025-10-23 17:23:03.524159
,02XX,02XX,0.1,True,CENSUS_VIP,2025-10-23 17:23:03.524159
,02XX,02XX,1.3,True,CENSUS_VIP,2025-10-23 17:23:03.524159
,02XX,02XX,0.8,False,CENSUS_VIP,2025-10-23 17:23:03.524159
,02XX,02XX,0.9,False,CENSUS_VIP,2025-10-23 17:23:03.524159
,02XX,02XX,0.8,False,CENSUS_VIP,2025-10-23 17:23:03.524159
,02XX,02XX,0.7,False,CENSUS_VIP,2025-10-23 17:23:03.524159
,02XX,02XX,0.8,False,CENSUS_VIP,2025-10-23 17:23:03.524159
,02XX,02XX,0.7,False,CENSUS_VIP,2025-10-23 17:23:03.524159
,02XX,02XX,0.7,False,CENSUS_VIP,2025-10-23 17:23:03.524159
,02XX,02XX,0.5,True,CENSUS_VIP,2025-10-23 17:23:03.524159
,02XX,02XX,0.2,True,CENSUS_VIP,2025-10-23 17:23:03.524159
,02XX,02XX,-1.4,True,CENSUS_VIP,2025-10-23 17:23:03.524159
,02XX,02XX,1.6,True,CENSUS_VIP,2025-10-23 17:23:03.524159
,02XX,02XX,0.0,True,CENSUS_VIP,2025-10-23 17:23:03.524159
,02XX,02XX,-0.6,True,CENSUS_VIP,2025-10-23 17:23:03.524159
,02XX,02XX,0.0,True,CENSUS_VIP,2025-10-23 17:23:03.524159
,02XX,02XX,0.9,False,CENSUS_VIP,2025-10-23 17:23:03.524159
,02XX,02XX,1.0,False,CENSUS_VIP,2025-10-23 17:23:03.524159
,02XX,02XX,0.8,False,CENSUS_VIP,2025-10-23 17:23:03.524159
,02XX,02XX,0.8,False,CENSUS_VIP,2025-10-23 17:23:03.524159
,02XX,02XX,0.8,False,CENSUS_VIP,2025-10-23 17:23:03.524159
,02XX,02XX,0.7,False,CENSUS_VIP,2025-10-23 17:23:03.524159
,02XX,02XX,0.7,False,CENSUS_VIP,2025-10-23 17:23:03.524159
,02XX,02XX,0.7,True,CENSUS_VIP,2025-10-23 17:23:03.524159
,02XX,02XX,0.3,True,CENSUS_VIP,2025-10-23 17:23:03.524159
,02XX,02XX,-1.7,True,CENSUS_VIP,2025-10-23 17:23:03.524159
,02XX,02XX,1.6,True,CENSUS_VIP,2025-10-23 17:23:03.524159
,02XX,02XX,0.1,True,CENSUS_VIP,2025-10-23 17:23:03.524159
,02XX,02XX,-0.7,True,CENSUS_VIP,2025-10-23 17:23:03.524159
,02XX,02XX,-0.2,True,CENSUS_VIP,2025-10-23 17:23:03.524159
,02XX,02XX,1248.0,False,CENSUS_VIP,2025-10-23 17:23:03.524159
,02XX,02XX,1248.0,False,CENSUS_VIP,2025-10-23 17:23:03.524159
,02XX,02XX,1336.0,False,CENSUS_VIP,2025-10-23 17:23:03.524159
,02XX,02XX,1406.0,False,CENSUS_VIP,2025-10-23 17:23:03.524159
,02XX,02XX,1451.0,False,CENSUS_VIP,2025-10-23 17:23:03.524159
,02XX,02XX,1487.0,False,CENSUS_VIP,2025-10-23 17:23:03.524159
,02XX,02XX,1480.0,False,CENSUS_VIP,2025-10-23 17:23:03.524159
,02XX,02XX,4.4,False,CENSUS_VIP,2025-10-23 17:23:03.524159
,02XX,02XX,4.5,False,CENSUS_VIP,2025-10-23 17:23:03.524159
,02XX,02XX,4.7,False,CENSUS_VIP,2025-10-23 17:23:03.524159
,02XX,02XX,4.8,False,CENSUS_VIP,2025-10-23 17:23:03.524159
,02XX,02XX,4.9,False,CENSUS_VIP,2025-10-23 17:23:03.524159
,02XX,02XX,5.0,False,CENSUS_VIP,2025-10-23 17:23:03.524159
,02XX,02XX,5.0,False,CENSUS_VIP,2025-10-23 17:23:03.524159
,02XX,02XX,8152.0,False,CENSUS_VIP,2025-10-23 17:23:03.524159
,02XX,02XX,8189.0,False,CENSUS_VIP,2025-10-23 17:23:03.524159
,02XX,02XX,8440.0,False,CENSUS_VIP,2025-10-23 17:23:03.524159
,02XX,02XX,8868.0,False,CENSUS_VIP,2025-10-23 17:23:03.524159
,02XX,02XX,9043.0,False,CENSUS_VIP,2025-10-23 17:23:03.524159
,02XX,02XX,9105.0,False,CENSUS_VIP,2025-10-23 17:23:03.524159
,02XX,02XX,9094.0,False,CENSUS_VIP,2025-10-23 17:23:03.524159
,02XX,02XX,1.7,False,CENSUS_VIP,2025-10-23 17:23:03.524159
,02XX,02XX,1.7,False,CENSUS_VIP,2025-10-23 17:23:03.524159
,02XX,02XX,1.7,False,CENSUS_VIP,2025-10-23 17:23:03.524159
,02XX,02XX,1.7,False,CENSUS_VIP,2025-10-23 17:23:03.524159
,02XX,02XX,1.7,False,CENSUS_VIP,2025-10-23 17:23:03.524159
,02XX,02XX,1.7,False,CENSUS_VIP,2025-10-23 17:23:03.524159
,02XX,02XX,1.7,False,CENSUS_VIP,2025-10-23 17:23:03.524159
,02XX,02XX,6904.0,False,CENSUS_VIP,2025-10-23 17:23:03.524159
,02XX,02XX,6941.0,False,CENSUS_VIP,2025-10-23 17:23:03.524159
,02XX,02XX,7104.0,False,CENSUS_VIP,2025-10-23 17:23:03.524159
,02XX,02XX,7462.0,False,CENSUS_VIP,2025-10-23 17:23:03.524159
,02XX,02XX,7618.0,False,CENSUS_VIP,2025-10-23 17:23:03.524159
,02XX,02XX,7614.0,False,CENSUS_VIP,2025-10-23 17:23:03.524159
,02XX,02XX,1.9,False,CENSUS_VIP,2025-10-23 17:23:03.524159
,02XX,02XX,1.8,False,CENSUS_VIP,2025-10-23 17:23:03.524159
,02XX,02XX,1.8,False,CENSUS_VIP,2025-10-23 17:23:03.524159
,02XX,02XX,1.8,False,CENSUS_VIP,2025-10-23 17:23:03.524159
,02XX,02XX,1.8,False,CENSUS_VIP,2025-10-23 17:23:03.524159
,02XX,02XX,1.7,False,CENSUS_VIP,2025-10-23 17:23:03.524159
,03XX,03XX,3.1,False,CENSUS_VIP,2025-10-23 17:23:03.524159
,03XX,03XX,4.3,False,CENSUS_VIP,2025-10-23 17:23:03.524159
,03XX,03XX,3.1,False,CENSUS_VIP,2025-10-23 17:23:03.524159
,03XX,03XX,3.6,False,CENSUS_VIP,2025-10-23 17:23:03.524159
,03XX,03XX,2.8,False,CENSUS_VIP,2025-10-23 17:23:03.524159
,03XX,03XX,3.2,False,CENSUS_VIP,2025-10-23 17:23:03.524159
,03XX,03XX,6.4,True,CENSUS_VIP,2025-10-23 17:23:03.524159
,03XX,03XX,2.1,True,CENSUS_VIP,2025-10-23 17:23:03.524159
,03XX,03XX,2.4,True,CENSUS_VIP,2025-10-23 17:23:03.524159
,03XX,03XX,2.4,True,CENSUS_VIP,2025-10-23 17:23:03.524159
,03XX,03XX,0.1,True,CENSUS_VIP,2025-10-23 17:23:03.524159
,03XX,03XX,1.2,False,CENSUS_VIP,2025-10-23 17:23:03.524159
,03XX,03XX,1.3,False,CENSUS_VIP,2025-10-23 17:23:03.524159
,03XX,03XX,1.1,False,CENSUS_VIP,2025-10-23 17:23:03.524159
,03XX,03XX,1.2,False,CENSUS_VIP,2025-10-23 17:23:03.524159
,03XX,03XX,0.9,False,CENSUS_VIP,2025-10-23 17:23:03.524159
,03XX,03XX,1.0,False,CENSUS_VIP,2025-10-23 17:23:03.524159
,03XX,03XX,1.3,True,CENSUS_VIP,2025-10-23 17:23:03.524159
,03XX,03XX,0.1,True,CENSUS_VIP,2025-10-23 17:23:03.524159
,03XX,03XX,-0.9,True,CENSUS_VIP,2025-10-23 17:23:03.524159
,03XX,03XX,-0.4,True,CENSUS_VIP,2025-10-23 17:23:03.524159
,03XX,03XX,-0.7,True,CENSUS_VIP,2025-10-23 17:23:03.524159
,03XX,03XX,-0.8,True,CENSUS_VIP,2025-10-23 17:23:03.524159
,03XX,03XX,1.3,False,CENSUS_VIP,2025-10-23 17:23:03.524159
,03XX,03XX,1.3,False,CENSUS_VIP,2025-10-23 17:23:03.524159
,03XX,03XX,1.2,False,CENSUS_VIP,2025-10-23 17:23:03.524159
,03XX,03XX,1.1,False,CENSUS_VIP,2025-10-23 17:23:03.524159
,03XX,03XX,1.0,False,CENSUS_VIP,2025-10-23 17:23:03.524159
,03XX,03XX,1.0,False,CENSUS_VIP,2025-10-23 17:23:03.524159
,08XX,08XX,3.4,False,CENSUS_VIP,2025-10-23 17:23:03.524159
,08XX,08XX,2991.0,False,CENSUS_VIP,2025-10-23 17:23:03.524159
,08XX,08XX,3040.0,False,CENSUS_VIP,2025-10-23 17:23:03.524159
,08XX,08XX,3263.0,False,CENSUS_VIP,2025-10-23 17:23:03.524159
,08XX,08XX,3579.0,False,CENSUS_VIP,2025-10-23 17:23:03.524159
,08XX,08XX,3695.0,False,CENSUS_VIP,2025-10-23 17:23:03.524159
,08XX,08XX,3768.0,False,CENSUS_VIP,2025-10-23 17:23:03.524159
,08XX,08XX,3745.0,False,CENSUS_VIP,2025-10-23 17:23:03.524159
,08XX,08XX,2.6,False,CENSUS_VIP,2025-10-23 17:23:03.524159
,08XX,08XX,2.6,False,CENSUS_VIP,2025-10-23 17:23:03.524159
,08XX,08XX,2.5,False,CENSUS_VIP,2025-10-23 17:23:03.524159
,08XX,08XX,2.5,False,CENSUS_VIP,2025-10-23 17:23:03.524159
,08XX,08XX,2.4,False,CENSUS_VIP,2025-10-23 17:23:03.524159
,08XX,08XX,2.4,False,CENSUS_VIP,2025-10-23 17:23:03.524159
,08XX,08XX,2.4,False,CENSUS_VIP,2025-10-23 17:23:03.524159
,08XX,08XX,1413.0,False,CENSUS_VIP,2025-10-23 17:23:03.524159
,08XX,08XX,1429.0,False,CENSUS_VIP,2025-10-23 17:23:03.524159
,08XX,08XX,1498.0,False,CENSUS_VIP,2025-10-23 17:23:03.524159
,08XX,08XX,1616.0,False,CENSUS_VIP,2025-10-23 17:23:03.524159
,08XX,08XX,1646.0,False,CENSUS_VIP,2025-10-23 17:23:03.524159
,08XX,08XX,1650.0,False,CENSUS_VIP,2025-10-23 17:23:03.524159
,08XX,08XX,1629.0,False,CENSUS_VIP,2025-10-23 17:23:03.524159
,08XX,08XX,3.3,False,CENSUS_VIP,2025-10-23 17:23:03.524159
,08XX,08XX,3.3,False,CENSUS_VIP,2025-10-23 17:23:03.524159
,08XX,08XX,3.3,False,CENSUS_VIP,2025-10-23 17:23:03.524159
,08XX,08XX,3.3,False,CENSUS_VIP,2025-10-23 17:23:03.524159
,08XX,08XX,3.3,False,CENSUS_VIP,2025-10-23 17:23:03.524159
,08XX,08XX,3.2,False,CENSUS_VIP,2025-10-23 17:23:03.524159
,08XX,08XX,3.2,False,CENSUS_VIP,2025-10-23 17:23:03.524159
,09XX,09XX,1.1,False,CENSUS_VIP,2025-10-23 17:23:03.524159
,09XX,09XX,1.2,False,CENSUS_VIP,2025-10-23 17:23:03.524159
,09XX,09XX,1.0,False,CENSUS_VIP,2025-10-23 17:23:03.524159
,09XX,09XX,0.9,False,CENSUS_VIP,2025-10-23 17:23:03.524159
,09XX,09XX,1.1,False,CENSUS_VIP,2025-10-23 17:23:03.524159
,09XX,09XX,1.4,False,CENSUS_VIP,2025-10-23 17:23:03.524159
,09XX,09XX,1.2,False,CENSUS_VIP,2025-10-23 17:23:03.524159
,09XX,09XX,1.8,True,CENSUS_VIP,2025-10-23 17:23:03.524159
,09XX,09XX,0.3,True,CENSUS_VIP,2025-10-23 17:23:03.524159
,09XX,09XX,2.0,True,CENSUS_VIP,2025-10-23 17:23:03.524159
,09XX,09XX,0.2,True,CENSUS_VIP,2025-10-23 17:23:03.524159
,09XX,09XX,0.8,True,CENSUS_VIP,2025-10-23 17:23:03.524159
,09XX,09XX,0.0,True,CENSUS_VIP,2025-10-23 17:23:03.524159
,09XX,09XX,0.3,True,CENSUS_VIP,2025-10-23 17:23:03.524159
,09XX,09XX,1.0,False,CENSUS_VIP,2025-10-23 17:23:03.524159
,09XX,09XX,1.0,False,CENSUS_VIP,2025-10-23 17:23:03.524159
,09XX,09XX,0.9,False,CENSUS_VIP,2025-10-23 17:23:03.524159
,09XX,09XX,0.8,False,CENSUS_VIP,2025-10-23 17:23:03.524159
,09XX,09XX,1.0,False,CENSUS_VIP,2025-10-23 17:23:03.524159
,09XX,09XX,1.2,False,CENSUS_VIP,2025-10-23 17:23:03.524159
,09XX,09XX,1.1,False,CENSUS_VIP,2025-10-23 17:23:03.524159
,09XX,09XX,1.3,True,CENSUS_VIP,2025-10-23 17:23:03.524159
,09XX,09XX,1.4,True,CENSUS_VIP,2025-10-23 17:23:03.524159
,09XX,09XX,1.0,True,CENSUS_VIP,2025-10-23 17:23:03.524159
,09XX,09XX,-0.2,True,CENSUS_VIP,2025-10-23 17:23:03.524159
,09XX,09XX,0.5,True,CENSUS_VIP,2025-10-23 17:23:03.524159
,09XX,09XX,0.3,True,CENSUS_VIP,2025-10-23 17:23:03.524159
,09XX,09XX,0.4,True,CENSUS_VIP,2025-10-23 17:23:03.524159
,09XX,09XX,1.5,False,CENSUS_VIP,2025-10-23 17:23:03.524159
,09XX,09XX,2.0,False,CENSUS_VIP,2025-10-23 17:23:03.524159
,09XX,09XX,1.6,False,CENSUS_VIP,2025-10-23 17:23:03.524159
,09XX,09XX,2.1,False,CENSUS_VIP,2025-10-23 17:23:03.524159
,09XX,09XX,2.1,False,CENSUS_VIP,2025-10-23 17:23:03.524159
,09XX,09XX,1.6,False,CENSUS_VIP,2025-10-23 17:23:03.524159
,09XX,09XX,1.7,False,CENSUS_VIP,2025-10-23 17:23:03.524159
,09XX,09XX,-0.1,True,CENSUS_VIP,2025-10-23 17:23:03.524159
,09XX,09XX,4.3,True,CENSUS_VIP,2025-10-23 17:23:03.524159
,09XX,09XX,-1.3,True,CENSUS_VIP,2025-10-23 17:23:03.524159
,09XX,09XX,-1.2,True,CENSUS_VIP,2025-10-23 17:23:03.524159
,09XX,09XX,-0.4,True,CENSUS_VIP,2025-10-23 17:23:03.524159
,09XX,09XX,1.0,True,CENSUS_VIP,2025-10-23 17:23:03.524159
,09XX,09XX,0.6,True,CENSUS_VIP,2025-10-23 17:23:03.524159
,09XX,09XX,3365.0,False,CENSUS_VIP,2025-10-23 17:23:03.524159
,09XX,09XX,3362.0,False,CENSUS_VIP,2025-10-23 17:23:03.524159
,09XX,09XX,3674.0,False,CENSUS_VIP,2025-10-23 17:23:03.524159
,09XX,09XX,3954.0,False,CENSUS_VIP,2025-10-23 17:23:03.524159
,09XX,09XX,4180.0,False,CENSUS_VIP,2025-10-23 17:23:03.524159
,09XX,09XX,4389.0,False,CENSUS_VIP,2025-10-23 17:23:03.524159
,09XX,09XX,4415.0,False,CENSUS_VIP,2025-10-23 17:23:03.524159
,09XX,09XX,3.0,False,CENSUS_VIP,2025-10-23 17:23:03.524159
,09XX,09XX,3.1,False,CENSUS_VIP,2025-10-23 17:23:03.524159
,09XX,09XX,3.2,False,CENSUS_VIP,2025-10-23 17:23:03.524159
,09XX,09XX,3.3,False,CENSUS_VIP,2025-10-23 17:23:03.524159
,09XX,09XX,3.4,False,CENSUS_VIP,2025-10-23 17:23:03.524159
,09XX,09XX,3.5,False,CENSUS_VIP,2025-10-23 17:23:03.524159
,09XX,09XX,4806.0,False,CENSUS_VIP,2025-10-23 17:23:03.524159
,09XX,09XX,4822.0,False,CENSUS_VIP,2025-10-23 17:23:03.524159
,09XX,09XX,5143.0,False,CENSUS_VIP,2025-10-23 17:23:03.524159
,09XX,09XX,5514.0,False,CENSUS_VIP,2025-10-23 17:23:03.524159
,09XX,09XX,6047.0,False,CENSUS_VIP,2025-10-23 17:23:03.524159
,09XX,09XX,6074.0,False,CENSUS_VIP,2025-10-23 17:23:03.524159
,09XX,09XX,2.5,False,CENSUS_VIP,2025-10-23 17:23:03.524159
,09XX,09XX,2.6,False,CENSUS_VIP,2025-10-23 17:23:03.524159
,13XX,13XX,2.7,False,CENSUS_VIP,2025-10-23 17:23:03.524159
,13XX,13XX,3399.0,False,CENSUS_VIP,2025-10-23 17:23:03.524159
,13XX,13XX,3357.0,False,CENSUS_VIP,2025-10-23 17:23:03.524159
,13XX,13XX,3684.0,False,CENSUS_VIP,2025-10-23 17:23:03.524159
,13XX,13XX,4111.0,False,CENSUS_VIP,2025-10-23 17:23:03.524159
,13XX,13XX,4413.0,False,CENSUS_VIP,2025-10-23 17:23:03.524159
,13XX,13XX,4753.0,False,CENSUS_VIP,2025-10-23 17:23:03.524159
,13XX,13XX,4678.0,False,CENSUS_VIP,2025-10-23 17:23:03.524159
,13XX,13XX,2.7,False,CENSUS_VIP,2025-10-23 17:23:03.524159
,13XX,13XX,2.7,False,CENSUS_VIP,2025-10-23 17:23:03.524159
,13XX,13XX,2.7,False,CENSUS_VIP,2025-10-23 17:23:03.524159
,13XX,13XX,2.7,False,CENSUS_VIP,2025-10-23 17:23:03.524159
,13XX,13XX,2.7,False,CENSUS_VIP,2025-10-23 17:23:03.524159
,13XX,13XX,2.7,False,CENSUS_VIP,2025-10-23 17:23:03.524159
,13XX,13XX,2.7,False,CENSUS_VIP,2025-10-23 17:23:03.524159
,14XX,14XX,2.4,False,CENSUS_VIP,2025-10-23 17:23:03.524159
,14XX,14XX,2.4,False,CENSUS_VIP,2025-10-23 17:23:03.524159
,14XX,14XX,3.3,False,CENSUS_VIP,2025-10-23 17:23:03.524159
,14XX,14XX,2.9,False,CENSUS_VIP,2025-10-23 17:23:03.524159
,14XX,14XX,2.8,False,CENSUS_VIP,2025-10-23 17:23:03.524159
,14XX,14XX,2.2,False,CENSUS_VIP,2025-10-23 17:23:03.524159
,14XX,14XX,2.4,False,CENSUS_VIP,2025-10-23 17:23:03.524159
,14XX,14XX,0.5,True,CENSUS_VIP,2025-10-23 17:23:03.524159
,14XX,14XX,-0.5,True,CENSUS_VIP,2025-10-23 17:23:03.524159
,14XX,14XX,1.7,True,CENSUS_VIP,2025-10-23 17:23:03.524159
,14XX,14XX,1.2,True,CENSUS_VIP,2025-10-23 17:23:03.524159
,14XX,14XX,-0.5,True,CENSUS_VIP,2025-10-23 17:23:03.524159
,14XX,14XX,2.0,True,CENSUS_VIP,2025-10-23 17:23:03.524159
,14XX,14XX,1.2,True,CENSUS_VIP,2025-10-23 17:23:03.524159
,14XX,14XX,2.4,False,CENSUS_VIP,2025-10-23 17:23:03.524159
,14XX,14XX,2.4,False,CENSUS_VIP,2025-10-23 17:23:03.524159
,14XX,14XX,3.2,False,CENSUS_VIP,2025-10-23 17:23:03.524159
,14XX,14XX,2.8,False,CENSUS_VIP,2025-10-23 17:23:03.524159
,14XX,14XX,2.8,False,CENSUS_VIP,2025-10-23 17:23:03.524159
,14XX,14XX,2.2,False,CENSUS_VIP,2025-10-23 17:23:03.524159
,14XX,14XX,2.3,False,CENSUS_VIP,2025-10-23 17:23:03.524159
,14XX,14XX,1.1,True,CENSUS_VIP,2025-10-23 17:23:03.524159
,14XX,14XX,-0.7,True,CENSUS_VIP,2025-10-23 17:23:03.524159
,14XX,14XX,1.2,True,CENSUS_VIP,2025-10-23 17:23:03.524159
,14XX,14XX,0.8,True,CENSUS_VIP,2025-10-23 17:23:03.524159
,14XX,14XX,-0.2,True,CENSUS_VIP,2025-10-23 17:23:03.524159
,14XX,14XX,1.9,True,CENSUS_VIP,2025-10-23 17:23:03.524159
,14XX,14XX,1.1,True,CENSUS_VIP,2025-10-23 17:23:03.524159
,14XX,14XX,2227.0,False,CENSUS_VIP,2025-10-23 17:23:03.524159
,14XX,14XX,2214.0,False,CENSUS_VIP,2025-10-23 17:23:03.524159
,14XX,14XX,2422.0,False,CENSUS_VIP,2025-10-23 17:23:03.524159
,14XX,14XX,2626.0,False,CENSUS_VIP,2025-10-23 17:23:03.524159
,14XX,14XX,2829.0,False,CENSUS_VIP,2025-10-23 17:23:03.524159
,14XX,14XX,3097.0,False,CENSUS_VIP,2025-10-23 17:23:03.524159
,14XX,14XX,3042.0,False,CENSUS_VIP,2025-10-23 17:23:03.524159
,14XX,14XX,3.1,False,CENSUS_VIP,2025-10-23 17:23:03.524159
,14XX,14XX,3.0,False,CENSUS_VIP,2025-10-23 17:23:03.524159
,14XX,14XX,3.0,False,CENSUS_VIP,2025-10-23 17:23:03.524159
,14XX,14XX,3.0,False,CENSUS_VIP,2025-10-23 17:23:03.524159
,14XX,14XX,3.0,False,CENSUS_VIP,2025-10-23 17:23:03.524159
,14XX,14XX,2.9,False,CENSUS_VIP,2025-10-23 17:23:03.524159
,14XX,14XX,2.9,False,CENSUS_VIP,2025-10-23 17:23:03.524159
,14XX,14XX,2357.0,False,CENSUS_VIP,2025-10-23 17:23:03.524159
,14XX,14XX,2334.0,False,CENSUS_VIP,2025-10-23 17:23:03.524159
,14XX,14XX,2528.0,False,CENSUS_VIP,2025-10-23 17:23:03.524159
,14XX,14XX,2736.0,False,CENSUS_VIP,2025-10-23 17:23:03.524159
,14XX,14XX,2954.0,False,CENSUS_VIP,2025-10-23 17:23:03.524159
,14XX,14XX,3225.0,False,CENSUS_VIP,2025-10-23 17:23:03.524159
,14XX,14XX,3173.0,False,CENSUS_VIP,2025-10-23 17:23:03.524159
,14XX,14XX,3.0,False,CENSUS_VIP,2025-10-23 17:23:03.524159
,14XX,14XX,3.0,False,CENSUS_VIP,2025-10-23 17:23:03.524159
,14XX,14XX,3.0,False,CENSUS_VIP,2025-10-23 17:23:03.524159
,14XX,14XX,2.9,False,CENSUS_VIP,2025-10-23 17:23:03.524159
,14XX,14XX,2.9,False,CENSUS_VIP,2025-10-23 17:23:03.524159
,14XX,14XX,2.9,False,CENSUS_VIP,2025-10-23 17:23:03.524159
,14XX,14XX,2.8,False,CENSUS_VIP,2025-10-23 17:23:03.524159
,15XX,15XX,4.0,False,CENSUS_VIP,2025-10-23 17:23:03.524159
,15XX,15XX,3.9,False,CENSUS_VIP,2025-10-23 17:23:03.524159
,15XX,15XX,7.1,False,CENSUS_VIP,2025-10-23 17:23:03.524159
,15XX,15XX,4.4,False,CENSUS_VIP,2025-10-23 17:23:03.524159
,15XX,15XX,4.4,False,CENSUS_VIP,2025-10-23 17:23:03.524159
,15XX,15XX,4.5,False,CENSUS_VIP,2025-10-23 17:23:03.524159
,15XX,15XX,5.0,False,CENSUS_VIP,2025-10-23 17:23:03.524159
,15XX,15XX,-2.8,True,CENSUS_VIP,2025-10-23 17:23:03.524159
,15XX,15XX,0.0,True,CENSUS_VIP,2025-10-23 17:23:03.524159
,15XX,15XX,3.6,True,CENSUS_VIP,2025-10-23 17:23:03.524159
,15XX,15XX,1.4,True,CENSUS_VIP,2025-10-23 17:23:03.524159
,15XX,15XX,0.9,True,CENSUS_VIP,2025-10-23 17:23:03.524159
,15XX,15XX,-0.3,True,CENSUS_VIP,2025-10-23 17:23:03.524159
,15XX,15XX,4.0,False,CENSUS_VIP,2025-10-23 17:23:03.524159
,15XX,15XX,3.8,False,CENSUS_VIP,2025-10-23 17:23:03.524159
,15XX,15XX,7.1,False,CENSUS_VIP,2025-10-23 17:23:03.524159
,15XX,15XX,4.4,False,CENSUS_VIP,2025-10-23 17:23:03.524159
,15XX,15XX,4.4,False,CENSUS_VIP,2025-10-23 17:23:03.524159
,15XX,15XX,5.0,False,CENSUS_VIP,2025-10-23 17:23:03.524159
,15XX,15XX,-2.9,True,CENSUS_VIP,2025-10-23 17:23:03.524159
,15XX,15XX,0.0,True,CENSUS_VIP,2025-10-23 17:23:03.524159
,15XX,15XX,3.5,True,CENSUS_VIP,2025-10-23 17:23:03.524159
,15XX,15XX,1.9,True,CENSUS_VIP,2025-10-23 17:23:03.524159
,A20IX,A20IX,0.8,True,CENSUS_VIP,2025-10-23 17:23:03.524159
,A20IX,A20IX,0.8,True,CENSUS_VIP,2025-10-23 17:23:03.524159
,A20IX,A20IX,0.8,True,CENSUS_VIP,2025-10-23 17:23:03.524159
,A20IX,A20IX,0.9,True,CENSUS_VIP,2025-10-23 17:23:03.524159
,A20IX,A20IX,0.9,True,CENSUS_VIP,2025-10-23 17:23:03.524159
,A20IX,A20IX,229885.0,True,CENSUS_VIP,2025-10-23 17:23:03.524159
,A20IX,A20IX,229703.0,True,CENSUS_VIP,2025-10-23 17:23:03.524159
,A20IX,A20IX,227643.0,True,CENSUS_VIP,2025-10-23 17:23:03.524159
,A20IX,A20IX,226333.0,True,CENSUS_VIP,2025-10-23 17:23:03.524159
,A20IX,A20IX,224953.0,True,CENSUS_VIP,2025-10-23 17:23:03.524159
,A20IX,A20IX,223299.0,True,CENSUS_VIP,2025-10-23 17:23:03.524159
,A20IX,A20IX,221837.0,True,CENSUS_VIP,2025-10-23 17:23:03.524159
,A20IX,A20IX,0.7,True,CENSUS_VIP,2025-10-23 17:23:03.524159
,A20IX,A20IX,0.7,True,CENSUS_VIP,2025-10-23 17:23:03.524159
,A20IX,A20IX,0.7,True,CENSUS_VIP,2025-10-23 17:23:03.524159
,A20IX,A20IX,0.7,True,CENSUS_VIP,2025-10-23 17:23:03.524159
,A20IX,A20IX,0.7,True,CENSUS_VIP,2025-10-23 17:23:03.524159
,A20IX,A20IX,0.7,True,CENSUS_VIP,2025-10-23 17:23:03.524159
,A20IX,A20IX,0.8,True,CENSUS_VIP,2025-10-23 17:23:03.524159
,ANRXX,ANRXX,494949.0,True,CENSUS_VIP,2025-10-23 17:23:03.524159
,ANRXX,ANRXX,493487.0,True,CENSUS_VIP,2025-10-23 17:23:03.524159
,ANRXX,ANRXX,496271.0,True,CENSUS_VIP,2025-10-23 17:23:03.524159
,ANRXX,ANRXX,501872.0,True,CENSUS_VIP,2025-10-23 17:23:03.524159
,ANRXX,ANRXX,502260.0,True,CENSUS_VIP,2025-10-23 17:23:03.524159
,ANRXX,ANRXX,502317.0,True,CENSUS_VIP,2025-10-23 17:23:03.524159
,ANRXX,ANRXX,503689.0,True,CENSUS_VIP,2025-10-23 17:23:03.524159
,ANRXX,ANRXX,1.3,True,CENSUS_VIP,2025-10-23 17:23:03.524159
,ANRXX,ANRXX,1.3,True,CENSUS_VIP,2025-10-23 17:23:03.524159
,ANRXX,ANRXX,1.3,True,CENSUS_VIP,2025-10-23 17:23:03.524159
,ANRXX,ANRXX,1.2,True,CENSUS_VIP,2025-10-23 17:23:03.524159
,ANRXX,ANRXX,1.2,True,CENSUS_VIP,2025-10-23 17:23:03.524159
,ANRXX,ANRXX,1.2,True,CENSUS_VIP,2025-10-23 17:23:03.524159
,ANRXX,ANRXX,1.2,True,CENSUS_VIP,2025-10-23 17:23:03.524159
,ANRXX,ANRXX,1246043.0,True,CENSUS_VIP,2025-10-23 17:23:03.524159
,ANRXX,ANRXX,1244859.0,True,CENSUS_VIP,2025-10-23 17:23:03.524159
,ANRXX,ANRXX,1241186.0,True,CENSUS_VIP,2025-10-23 17:23:03.524159
,ANRXX,ANRXX,1246937.0,True,CENSUS_VIP,2025-10-23 17:23:03.524159
,ANRXX,ANRXX,1245271.0,True,CENSUS_VIP,2025-10-23 17:23:03.524159
,ANRXX,ANRXX,1242668.0,True,CENSUS_VIP,2025-10-23 17:23:03.524159
,ANRXX,ANRXX,1240425.0,True,CENSUS_VIP,2025-10-23 17:23:03.524159
,ANRXX,ANRXX,0.7,True,CENSUS_VIP,2025-10-23 17:23:03.524159
,ANRXX,ANRXX,0.7,True,CENSUS_VIP,2025-10-23 17:23:03.524159
,ANRXX,ANRXX,0.7,True,CENSUS_VIP,2025-10-23 17:23:03.524159
,ANRXX,ANRXX,0.7,True,CENSUS_VIP,2025-10-23 17:23:03.524159
,ANRXX,ANRXX,0.7,True,CENSUS_VIP,2025-10-23 17:23:03.524159
,ANRXX,ANRXX,0.7,True,CENSUS_VIP,2025-10-23 17:23:03.524159
,ANRXX,ANRXX,0.7,True,CENSUS_VIP,2025-10-23 17:23:03.524159
,ANRXX,ANRXX,751095.0,True,CENSUS_VIP,2025-10-23 17:23:03.524159
,ANRXX,ANRXX,751371.0,True,CENSUS_VIP,2025-10-23 17:23:03.524159
,ANRXX,ANRXX,744915.0,True,CENSUS_VIP,2025-10-23 17:23:03.524159
,ANRXX,ANRXX,745065.0,True,CENSUS_VIP,2025-10-23 17:23:03.524159
,ANRXX,ANRXX,743011.0,True,CENSUS_VIP,2025-10-23 17:23:03.524159
,ANRXX,ANRXX,740351.0,True,CENSUS_VIP,2025-10-23 17:23:03.524159
,ANRXX,ANRXX,736736.0,True,CENSUS_VIP,2025-10-23 17:23:03.524159
,ANRXX,ANRXX,0.7,True,CENSUS_VIP,2025-10-23 17:23:03.524159
,ANRXX,ANRXX,0.7,True,CENSUS_VIP,2025-10-23 17:23:03.524159
,ANRXX,ANRXX,0.7,True,CENSUS_VIP,2025-10-23 17:23:03.524159
,ANRXX,ANRXX,0.7,True,CENSUS_VIP,2025-10-23 17:23:03.524159
,ANRXX,ANRXX,0.7,True,CENSUS_VIP,2025-10-23 17:23:03.524159
,ANRXX,ANRXX,0.6,True,CENSUS_VIP,2025-10-23 17:23:03.524159
,ANRXX,ANRXX,0.6,True,CENSUS_VIP,2025-10-23 17:23:03.524159
,AXXXX,AXXXX,506372.0,True,CENSUS_VIP,2025-10-23 17:23:03.524159
,AXXXX,AXXXX,505130.0,True,CENSUS_VIP,2025-10-23 17:23:03.524159
,AXXXX,AXXXX,508171.0,True,CENSUS_VIP,2025-10-23 17:23:03.524159
,AXXXX,AXXXX,513871.0,True,CENSUS_VIP,2025-10-23 17:23:03.524159
,AXXXX,AXXXX,514423.0,True,CENSUS_VIP,2025-10-23 17:23:03.524159
,AXXXX,AXXXX,514256.0,True,CENSUS_VIP,2025-10-23 17:23:03.524159
,AXXXX,AXXXX,515842.0,True,CENSUS_VIP,2025-10-23 17:23:03.524159
,AXXXX,AXXXX,1.2,True,CENSUS_VIP,2025-10-23 17:23:03.524159
,AXXXX,AXXXX,1.2,True,CENSUS_VIP,2025-10-23 17:23:03.524159
,AXXXX,AXXXX,1.2,True,CENSUS_VIP,2025-10-23 17:23:03.524159
,AXXXX,AXXXX,1.2,True,CENSUS_VIP,2025-10-23 17:23:03.524159
,AXXXX,AXXXX,1.2,True,CENSUS_VIP,2025-10-23 17:23:03.524159
,AXXXX,AXXXX,1.2,True,CENSUS_VIP,2025-10-23 17:23:03.524159
,AXXXX,AXXXX,1.2,True,CENSUS_VIP,2025-10-23 17:23:03.524159
,AXXXX,AXXXX,2169595.0,True,CENSUS_VIP,2025-10-23 17:23:03.524159
,AXXXX,AXXXX,2165431.0,True,CENSUS_VIP,2025-10-23 17:23:03.524159
,AXXXX,AXXXX,2150847.0,True,CENSUS_VIP,2025-10-23 17:23:03.524159
,AXXXX,AXXXX,2153440.0,True,CENSUS_VIP,2025-10-23 17:23:03.524159
,AXXXX,AXXXX,2149124.0,True,CENSUS_VIP,2025-10-23 17:23:03.524159
,AXXXX,AXXXX,2140546.0,True,CENSUS_VIP,2025-10-23 17:23:03.524159
,AXXXX,AXXXX,2139110.0,True,CENSUS_VIP,2025-10-23 17:23:03.524159
,AXXXX,AXXXX,0.7,True,CENSUS_VIP,2025-10-23 17:23:03.524159
,AXXXX,AXXXX,0.7,True,CENSUS_VIP,2025-10-23 17:23:03.524159
,AXXXX,AXXXX,0.7,True,CENSUS_VIP,2025-10-23 17:23:03.524159
,AXXXX,AXXXX,0.7,True,CENSUS_VIP,2025-10-23 17:23:03.524159
,AXXXX,AXXXX,0.7,True,CENSUS_VIP,2025-10-23 17:23:03.524159
,AXXXX,AXXXX,0.7,True,CENSUS_VIP,2025-10-23 17:23:03.524159
,AXXXX,AXXXX,1663223.0,True,CENSUS_VIP,2025-10-23 17:23:03.524159
,XXXX,XXXX,0.4,False,CENSUS_VIP,2025-10-23 17:23:03.524159
,XXXX,XXXX,0.3,False,CENSUS_VIP,2025-10-23 17:23:03.524159
,XXXX,XXXX,0.4,False,CENSUS_VIP,2025-10-23 17:23:03.524159
,XXXX,XXXX,0.3,False,CENSUS_VIP,2025-10-23 17:23:03.524159
,XXXX,XXXX,0.3,False,CENSUS_VIP,2025-10-23 17:23:03.524159
,XXXX,XXXX,0.3,False,CENSUS_VIP,2025-10-23 17:23:03.524159
,XXXX,XXXX,-0.6,True,CENSUS_VIP,2025-10-23 17:23:03.524159
,XXXX,XXXX,-0.2,True,CENSUS_VIP,2025-10-23 17:23:03.524159
,XXXX,XXXX,-1.1,True,CENSUS_VIP,2025-10-23 17:23:03.524159
,XXXX,XXXX,-0.2,True,CENSUS_VIP,2025-10-23 17:23:03.524159
,XXXX,XXXX,-0.3,True,CENSUS_VIP,2025-10-23 17:23:03.524159
,XXXX,XXXX,-0.5,True,CENSUS_VIP,2025-10-23 17:23:03.524159
,XXXX,XXXX,-0.2,True,CENSUS_VIP,2025-10-23 17:23:03.524159
,XXXX,XXXX,32918.0,False,CENSUS_VIP,2025-10-23 17:23:03.524159
,XXXX,XXXX,33206.0,False,CENSUS_VIP,2025-10-23 17:23:03.524159
,XXXX,XXXX,36050.0,False,CENSUS_VIP,2025-10-23 17:23:03.524159
,XXXX,XXXX,40609.0,False,CENSUS_VIP,2025-10-23 17:23:03.524159
,XXXX,XXXX,44679.0,False,CENSUS_VIP,2025-10-23 17:23:03.524159
,XXXX,XXXX,48728.0,False,CENSUS_VIP,2025-10-23 17:23:03.524159
,XXXX,XXXX,49996.0,False,CENSUS_VIP,2025-10-23 17:23:03.524159
,XXXX,XXXX,1.2,False,CENSUS_VIP,2025-10-23 17:23:03.524159
,XXXX,XXXX,1.2,False,CENSUS_VIP,2025-10-23 17:23:03.524159
,XXXX,XXXX,1.2,False,CENSUS_VIP,2025-10-23 17:23:03.524159
,XXXX,XXXX,1.2,False,CENSUS_VIP,2025-10-23 17:23:03.524159
,XXXX,XXXX,1.2,False,CENSUS_VIP,2025-10-23 17:23:03.524159
,XXXX,XXXX,1.2,False,CENSUS_VIP,2025-10-23 17:23:03.524159
,XXXX,XXXX,1.2,False,CENSUS_VIP,2025-10-23 17:23:03.524159
,XXXX,XXXX,154387.0,False,CENSUS_VIP,2025-10-23 17:23:03.524159
,XXXX,XXXX,154599.0,False,CENSUS_VIP,2025-10-23 17:23:03.524159
,XXXX,XXXX,168917.0,False,CENSUS_VIP,2025-10-23 17:23:03.524159
,XXXX,XXXX,178179.0,False,CENSUS_VIP,2025-10-23 17:23:03.524159
,XXXX,XXXX,187454.0,False,CENSUS_VIP,2025-10-23 17:23:03.524159
,XXXX,XXXX,193799.0,False,CENSUS_VIP,2025-10-23 17:23:03.524159
,XXXX,XXXX,195321.0,False,CENSUS_VIP,2025-10-23 17:23:03.524159
,XXXX,XXXX,0.7,False,CENSUS_VIP,2025-10-23 17:23:03.524159
,XXXX,XXXX,0.7,False,CENSUS_VIP,2025-10-23 17:23:03.524159
,XXXX,XXXX,0.7,False,CENSUS_VIP,2025-10-23 17:23:03.524159
,XXXX,XXXX,0.7,False,CENSUS_VIP,2025-10-23 17:23:03.524159
,XXXX,XXXX,0.7,False,CENSUS_VIP,2025-10-23 17:23:03.524159
,XXXX,XXXX,0.7,False,CENSUS_VIP,2025-10-23 17:23:03.524159
,XXXX,XXXX,0.7,False,CENSUS_VIP,2025-10-23 17:23:03.524159
,XXXX,XXXX,121469.0,False,CENSUS_VIP,2025-10-23 17:23:03.524159
,XXXX,XXXX,121393.0,False,CENSUS_VIP,2025-10-23 17:23:03.524159
,XXXX,XXXX,132867.0,False,CENSUS_VIP,2025-10-23 17:23:03.524159
,XXXX,XXXX,137571.0,False,CENSUS_VIP,2025-10-23 17:23:03.524159
,XXXX,XXXX,142775.0,False,CENSUS_VIP,2025-10-23 17:23:03.524159
,XXXX,XXXX,145071.0,False,CENSUS_VIP,2025-10-23 17:23:03.524159
,XXXX,XXXX,145325.0,False,CENSUS_VIP,2025-10-23 17:23:03.524159
,XXXX,XXXX,0.7,False,CENSUS_VIP,2025-10-23 17:23:03.524159
,XXXX,XXXX,0.7,False,CENSUS_VIP,2025-10-23 17:23:03.524159
,XXXX,XXXX,0.7,False,CENSUS_VIP,2025-10-23 17:23:03.524159
,XXXX,XXXX,0.7,False,CENSUS_VIP,2025-10-23 17:23:03.524159
,XXXX,XXXX,0.7,False,CENSUS_VIP,2025-10-23 17:23:03.524159
,XXXX,XXXX,0.6,False,CENSUS_VIP,2025-10-23 17:23:03.524159
,XXXX,XXXX,0.6,False,CENSUS_VIP,2025-10-23 17:23:03.524159
,NRXX,NRXX,0.7,False,CENSUS_VIP,2025-10-23 17:23:03.524159
,XXXX,XXXX,0.8,False,CENSUS_VIP,2025-10-23 17:23:03.524159
,XXXX,XXXX,0.6,True,CENSUS_VIP,2025-10-23 17:23:03.524159
,XXXX,XXXX,0.4,False,CENSUS_VIP,2025-10-23 17:23:03.524159
,XXXX,XXXX,0.5,False,CENSUS_VIP,2025-10-23 17:23:03.524159
,XXXX,XXXX,-0.4,True,CENSUS_VIP,2025-10-23 17:23:03.524159
,15XX,15XX,0.8,True,CENSUS_VIP,2025-10-23 17:23:03.524159
,15XX,15XX,-0.3,True,CENSUS_VIP,2025-10-23 17:23:03.524159
,15XX,15XX,1.8,True,CENSUS_VIP,2025-10-23 17:23:03.524159
,15XX,15XX,842.0,False,CENSUS_VIP,2025-10-23 17:23:03.524159
,15XX,15XX,847.0,False,CENSUS_VIP,2025-10-23 17:23:03.524159
,15XX,15XX,898.0,False,CENSUS_VIP,2025-10-23 17:23:03.524159
,15XX,15XX,898.0,False,CENSUS_VIP,2025-10-23 17:23:03.524159
,15XX,15XX,913.0,False,CENSUS_VIP,2025-10-23 17:23:03.524159
,15XX,15XX,983.0,False,CENSUS_VIP,2025-10-23 17:23:03.524159
,15XX,15XX,1050.0,False,CENSUS_VIP,2025-10-23 17:23:03.524159
,15XX,15XX,6.3,False,CENSUS_VIP,2025-10-23 17:23:03.524159
,15XX,15XX,6.4,False,CENSUS_VIP,2025-10-23 17:23:03.524159
,15XX,15XX,6.4,False,CENSUS_VIP,2025-10-23 17:23:03.524159
,15XX,15XX,6.4,False,CENSUS_VIP,2025-10-23 17:23:03.524159
,15XX,15XX,6.5,False,CENSUS_VIP,2025-10-23 17:23:03.524159
,15XX,15XX,6.5,False,CENSUS_VIP,2025-10-23 17:23:03.524159
,15XX,15XX,6.4,False,CENSUS_VIP,2025-10-23 17:23:03.524159
,15XX,15XX,846.0,False,CENSUS_VIP,2025-10-23 17:23:03.524159
,15XX,15XX,851.0,False,CENSUS_VIP,2025-10-23 17:23:03.524159
,15XX,15XX,901.0,False,CENSUS_VIP,2025-10-23 17:23:03.524159
,15XX,15XX,905.0,False,CENSUS_VIP,2025-10-23 17:23:03.524159
,15XX,15XX,919.0,False,CENSUS_VIP,2025-10-23 17:23:03.524159
,15XX,15XX,990.0,False,CENSUS_VIP,2025-10-23 17:23:03.524159
,15XX,15XX,1057.0,False,CENSUS_VIP,2025-10-23 17:23:03.524159
,15XX,15XX,6.3,False,CENSUS_VIP,2025-10-23 17:23:03.524159
,15XX,15XX,6.3,False,CENSUS_VIP,2025-10-23 17:23:03.524159
,15XX,15XX,6.3,False,CENSUS_VIP,2025-10-23 17:23:03.524159
,15XX,15XX,6.4,False,CENSUS_VIP,2025-10-23 17:23:03.524159
,15XX,15XX,6.5,False,CENSUS_VIP,2025-10-23 17:23:03.524159
,15XX,15XX,6.5,False,CENSUS_VIP,2025-10-23 17:23:03.524159
,15XX,15XX,6.3,False,CENSUS_VIP,2025-10-23 17:23:03.524159
,20IX,20IX,0.4,False,CENSUS_VIP,2025-10-23 17:23:03.524159
,20IX,20IX,0.4,False,CENSUS_VIP,2025-10-23 17:23:03.524159
,20IX,20IX,0.4,False,CENSUS_VIP,2025-10-23 17:23:03.524159
,20IX,20IX,0.8,False,CENSUS_VIP,2025-10-23 17:23:03.524159
,20IX,20IX,0.6,False,CENSUS_VIP,2025-10-23 17:23:03.524159
,20IX,20IX,0.4,False,CENSUS_VIP,2025-10-23 17:23:03.524159
,20IX,20IX,0.5,False,CENSUS_VIP,2025-10-23 17:23:03.524159
,20IX,20IX,1.1,True,CENSUS_VIP,2025-10-23 17:23:03.524159
,20IX,20IX,-0.1,True,CENSUS_VIP,2025-10-23 17:23:03.524159
,20IX,20IX,-0.7,True,CENSUS_VIP,2025-10-23 17:23:03.524159
,20IX,20IX,-0.5,True,CENSUS_VIP,2025-10-23 17:23:03.524159
,20IX,20IX,-0.6,True,CENSUS_VIP,2025-10-23 17:23:03.524159
,20IX,20IX,-0.8,True,CENSUS_VIP,2025-10-23 17:23:03.524159
,20IX,20IX,-0.7,True,CENSUS_VIP,2025-10-23 17:23:03.524159
,20IX,20IX,0.4,False,CENSUS_VIP,2025-10-23 17:23:03.524159
,20IX,20IX,0.4,False,CENSUS_VIP,2025-10-23 17:23:03.524159
,20IX,20IX,0.3,False,CENSUS_VIP,2025-10-23 17:23:03.524159
,20IX,20IX,0.8,False,CENSUS_VIP,2025-10-23 17:23:03.524159
,20IX,20IX,0.6,False,CENSUS_VIP,2025-10-23 17:23:03.524159
,20IX,20IX,0.4,False,CENSUS_VIP,2025-10-23 17:23:03.524159
,20IX,20IX,0.5,False,CENSUS_VIP,2025-10-23 17:23:03.524159
,20IX,20IX,1.1,True,CENSUS_VIP,2025-10-23 17:23:03.524159
,20IX,20IX,-0.1,True,CENSUS_VIP,2025-10-23 17:23:03.524159
,20IX,20IX,-0.9,True,CENSUS_VIP,2025-10-23 17:23:03.524159
,20IX,20IX,-0.6,True,CENSUS_VIP,2025-10-23 17:23:03.524159
,20IX,20IX,-0.6,True,CENSUS_VIP,2025-10-23 17:23:03.524159
,20IX,20IX,-0.7,True,CENSUS_VIP,2025-10-23 17:23:03.524159
,20IX,20IX,-0.7,True,CENSUS_VIP,2025-10-23 17:23:03.524159
,20IX,20IX,18138.0,False,CENSUS_VIP,2025-10-23 17:23:03.524159
,20IX,20IX,17932.0,False,CENSUS_VIP,2025-10-23 17:23:03.524159
,20IX,20IX,18907.0,False,CENSUS_VIP,2025-10-23 17:23:03.524159
,20IX,20IX,18742.0,False,CENSUS_VIP,2025-10-23 17:23:03.524159
,20IX,20IX,18788.0,False,CENSUS_VIP,2025-10-23 17:23:03.524159
,20IX,20IX,18958.0,False,CENSUS_VIP,2025-10-23 17:23:03.524159
,20IX,20IX,18805.0,False,CENSUS_VIP,2025-10-23 17:23:03.524159
,20IX,20IX,0.8,False,CENSUS_VIP,2025-10-23 17:23:03.524159
,20IX,20IX,0.8,False,CENSUS_VIP,2025-10-23 17:23:03.524159
,20IX,20IX,0.8,False,CENSUS_VIP,2025-10-23 17:23:03.524159
,20IX,20IX,0.8,False,CENSUS_VIP,2025-10-23 17:23:03.524159
,20IX,20IX,0.8,False,CENSUS_VIP,2025-10-23 17:23:03.524159
,20IX,20IX,0.9,False,CENSUS_VIP,2025-10-23 17:23:03.524159
,20IX,20IX,0.9,False,CENSUS_VIP,2025-10-23 17:23:03.524159
,20IX,20IX,18055.0,False,CENSUS_VIP,2025-10-23 17:23:03.524159
,20IX,20IX,17858.0,False,CENSUS_VIP,2025-10-23 17:23:03.524159
,20IX,20IX,18803.0,False,CENSUS_VIP,2025-10-23 17:23:03.524159
,20IX,20IX,18633.0,False,CENSUS_VIP,2025-10-23 17:23:03.524159
,20IX,20IX,18678.0,False,CENSUS_VIP,2025-10-23 17:23:03.524159
,20IX,20IX,18857.0,False,CENSUS_VIP,2025-10-23 17:23:03.524159
,20IX,20IX,18703.0,False,CENSUS_VIP,2025-10-23 17:23:03.524159
,20IX,20IX,0.7,False,CENSUS_VIP,2025-10-23 17:23:03.524159
,20IX,20IX,0.7,False,CENSUS_VIP,2025-10-23 17:23:03.524159
,20IX,20IX,0.7,False,CENSUS_VIP,2025-10-23 17:23:03.524159
,20IX,20IX,0.7,False,CENSUS_VIP,2025-10-23 17:23:03.524159
,20IX,20IX,0.7,False,CENSUS_VIP,2025-10-23 17:23:03.524159
,A00XX,A00XX,11423.0,True,CENSUS_VIP,2025-10-23 17:23:03.524159
,A00XX,A00XX,11643.0,True,CENSUS_VIP,2025-10-23 17:23:03.524159
,A00XX,A00XX,11901.0,True,CENSUS_VIP,2025-10-23 17:23:03.524159
,A00XX,A00XX,11999.0,True,CENSUS_VIP,2025-10-23 17:23:03.524159
,A00XX,A00XX,11939.0,True,CENSUS_VIP,2025-10-23 17:23:03.524159
,A00XX,A00XX,12153.0,True,CENSUS_VIP,2025-10-23 17:23:03.524159
,A00XX,A00XX,6.2,True,CENSUS_VIP,2025-10-23 17:23:03.524159
,A00XX,A00XX,6.5,True,CENSUS_VIP,2025-10-23 17:23:03.524159
,A00XX,A00XX,6.7,True,CENSUS_VIP,2025-10-23 17:23:03.524159
,A00XX,A00XX,7.0,True,CENSUS_VIP,2025-10-23 17:23:03.524159
,A00XX,A00XX,7.2,True,CENSUS_VIP,2025-10-23 17:23:03.524159
,A00XX,A00XX,7.2,True,CENSUS_VIP,2025-10-23 17:23:03.524159
,A00XX,A00XX,923551.0,True,CENSUS_VIP,2025-10-23 17:23:03.524159
,A00XX,A00XX,920572.0,True,CENSUS_VIP,2025-10-23 17:23:03.524159
,A00XX,A00XX,906503.0,True,CENSUS_VIP,2025-10-23 17:23:03.524159
,A00XX,A00XX,903854.0,True,CENSUS_VIP,2025-10-23 17:23:03.524159
,A00XX,A00XX,897878.0,True,CENSUS_VIP,2025-10-23 17:23:03.524159
,A00XX,A00XX,898686.0,True,CENSUS_VIP,2025-10-23 17:23:03.524159
,A00XX,A00XX,6.5,True,CENSUS_VIP,2025-10-23 17:23:03.524159
,A00XX,A00XX,6.7,True,CENSUS_VIP,2025-10-23 17:23:03.524159
,A00XX,A00XX,6.9,True,CENSUS_VIP,2025-10-23 17:23:03.524159
,A00XX,A00XX,7.0,True,CENSUS_VIP,2025-10-23 17:23:03.524159
,A00XX,A00XX,7.2,True,CENSUS_VIP,2025-10-23 17:23:03.524159
,A00XX,A00XX,912128.0,True,CENSUS_VIP,2025-10-23 17:23:03.524159
,A00XX,A00XX,908929.0,True,CENSUS_VIP,2025-10-23 17:23:03.524159
,A00XX,A00XX,897761.0,True,CENSUS_VIP,2025-10-23 17:23:03.524159
,A00XX,A00XX,894504.0,True,CENSUS_VIP,2025-10-23 17:23:03.524159
,A00XX,A00XX,891691.0,True,CENSUS_VIP,2025-10-23 17:23:03.524159
,A00XX,A00XX,886533.0,True,CENSUS_VIP,2025-10-23 17:23:03.524159
,A00XX,A00XX,5.0,True,CENSUS_VIP,2025-10-23 17:23:03.524159
,A00XX,A00XX,5.0,True,CENSUS_VIP,2025-10-23 17:23:03.524159
,A00XX,A00XX,5.0,True,CENSUS_VIP,2025-10-23 17:23:03.524159
,A00XX,A00XX,5.0,True,CENSUS_VIP,2025-10-23 17:23:03.524159
,A00XX,A00XX,5.0,True,CENSUS_VIP,2025-10-23 17:23:03.524159
,13XX,13XX,3.0,True,CENSUS_VIP,2025-10-23 17:23:03.524159
,13XX,13XX,3229.0,False,CENSUS_VIP,2025-10-23 17:23:03.524159
,13XX,13XX,2.7,False,CENSUS_VIP,2025-10-23 17:23:03.524159
,13XX,13XX,2.7,False,CENSUS_VIP,2025-10-23 17:23:03.524159
,A05XX,A05XX,136120.0,True,CENSUS_VIP,2025-10-23 17:23:03.524159
,A05XX,A05XX,1.8,True,CENSUS_VIP,2025-10-23 17:23:03.524159
,A05XX,A05XX,24263.0,True,CENSUS_VIP,2025-10-23 17:23:03.524159
,A05XX,A05XX,3.3,True,CENSUS_VIP,2025-10-23 17:23:03.524159
,A06XX,A06XX,4928.0,True,CENSUS_VIP,2025-10-23 17:23:03.524159
,A06XX,A06XX,8.4,True,CENSUS_VIP,2025-10-23 17:23:03.524159
,A06XX,A06XX,7.5,True,CENSUS_VIP,2025-10-23 17:23:03.524159
,A06XX,A06XX,4625.0,True,CENSUS_VIP,2025-10-23 17:23:03.524159
,A11XX,A11XX,139924.0,True,CENSUS_VIP,2025-10-23 17:23:03.524159
,A11XX,A11XX,0.3,True,CENSUS_VIP,2025-10-23 17:23:03.524159
,A12XX,A12XX,142037.0,True,CENSUS_VIP,2025-10-23 17:23:03.524159
,A12XX,A12XX,3.1,True,CENSUS_VIP,2025-10-23 17:23:03.524159
,A12XX,A12XX,3.0,True,CENSUS_VIP,2025-10-23 17:23:03.524159
,A12XX,A12XX,143311.0,True,CENSUS_VIP,2025-10-23 17:23:03.524159
,A12XX,A12XX,3.1,True,CENSUS_VIP,2025-10-23 17:23:03.524159
,04XX,04XX,2.0,False,CENSUS_VIP,2025-10-23 17:23:03.524159
,04XX,04XX,2.0,False,CENSUS_VIP,2025-10-23 17:23:03.524159
,04XX,04XX,2.0,False,CENSUS_VIP,2025-10-23 17:23:03.524159
,04XX,04XX,2.0,False,CENSUS_VIP,2025-10-23 17:23:03.524159
,05XX,05XX,1.2,False,CENSUS_VIP,2025-10-23 17:23:03.524159
,05XX,05XX,1.4,False,CENSUS_VIP,2025-10-23 17:23:03.524159
,05XX,05XX,1.0,False,CENSUS_VIP,2025-10-23 17:23:03.524159
,05XX,05XX,0.9,False,CENSUS_VIP,2025-10-23 17:23:03.524159
,05XX,05XX,1.3,False,CENSUS_VIP,2025-10-23 17:23:03.524159
,05XX,05XX,1.6,False,CENSUS_VIP,2025-10-23 17:23:03.524159
,05XX,05XX,1.1,False,CENSUS_VIP,2025-10-23 17:23:03.524159
,05XX,05XX,-1.6,True,CENSUS_VIP,2025-10-23 17:23:03.524159
,05XX,05XX,-1.2,True,CENSUS_VIP,2025-10-23 17:23:03.524159
,05XX,05XX,-0.1,True,CENSUS_VIP,2025-10-23 17:23:03.524159
,05XX,05XX,0.0,True,CENSUS_VIP,2025-10-23 17:23:03.524159
,05XX,05XX,0.1,True,CENSUS_VIP,2025-10-23 17:23:03.524159
,05XX,05XX,-0.6,True,CENSUS_VIP,2025-10-23 17:23:03.524159
,05XX,05XX,-0.1,True,CENSUS_VIP,2025-10-23 17:23:03.524159
,05XX,05XX,1.0,False,CENSUS_VIP,2025-10-23 17:23:03.524159
,05XX,05XX,1.2,False,CENSUS_VIP,2025-10-23 17:23:03.524159
,05XX,05XX,0.8,False,CENSUS_VIP,2025-10-23 17:23:03.524159
,05XX,05XX,0.8,False,CENSUS_VIP,2025-10-23 17:23:03.524159
,05XX,05XX,1.1,False,CENSUS_VIP,2025-10-23 17:23:03.524159
,05XX,05XX,1.3,False,CENSUS_VIP,2025-10-23 17:23:03.524159
,05XX,05XX,0.9,False,CENSUS_VIP,2025-10-23 17:23:03.524159
,05XX,05XX,-1.6,True,CENSUS_VIP,2025-10-23 17:23:03.524159
,05XX,05XX,-1.0,True,CENSUS_VIP,2025-10-23 17:23:03.524159
,05XX,05XX,-0.3,True,CENSUS_VIP,2025-10-23 17:23:03.524159
,05XX,05XX,0.3,True,CENSUS_VIP,2025-10-23 17:23:03.524159
,05XX,05XX,0.0,True,CENSUS_VIP,2025-10-23 17:23:03.524159
,05XX,05XX,-0.4,True,CENSUS_VIP,2025-10-23 17:23:03.524159
,05XX,05XX,0.0,True,CENSUS_VIP,2025-10-23 17:23:03.524159
,05XX,05XX,1.5,False,CENSUS_VIP,2025-10-23 17:23:03.524159
,05XX,05XX,1.4,False,CENSUS_VIP,2025-10-23 17:23:03.524159
,05XX,05XX,1.6,False,CENSUS_VIP,2025-10-23 17:23:03.524159
,05XX,05XX,1.6,False,CENSUS_VIP,2025-10-23 17:23:03.524159
,05XX,05XX,1.3,False,CENSUS_VIP,2025-10-23 17:23:03.524159
,05XX,05XX,1.1,False,CENSUS_VIP,2025-10-23 17:23:03.524159
,05XX,05XX,1.3,False,CENSUS_VIP,2025-10-23 17:23:03.524159
,05XX,05XX,-1.7,True,CENSUS_VIP,2025-10-23 17:23:03.524159
,05XX,05XX,-0.4,True,CENSUS_VIP,2025-10-23 17:23:03.524159
,05XX,05XX,-1.2,True,CENSUS_VIP,2025-10-23 17:23:03.524159
,05XX,05XX,1.5,True,CENSUS_VIP,2025-10-23 17:23:03.524159
,05XX,05XX,-0.5,True,CENSUS_VIP,2025-10-23 17:23:03.524159
,05XX,05XX,0.5,True,CENSUS_VIP,2025-10-23 17:23:03.524159
,05XX,05XX,0.2,True,CENSUS_VIP,2025-10-23 17:23:03.524159
,05XX,05XX,7845.0,False,CENSUS_VIP,2025-10-23 17:23:03.524159
,05XX,05XX,7757.0,False,CENSUS_VIP,2025-10-23 17:23:03.524159
,05XX,05XX,8244.0,False,CENSUS_VIP,2025-10-23 17:23:03.524159
,05XX,05XX,8921.0,False,CENSUS_VIP,2025-10-23 17:23:03.524159
,05XX,05XX,9672.0,False,CENSUS_VIP,2025-10-23 17:23:03.524159
,05XX,05XX,11100.0,False,CENSUS_VIP,2025-10-23 17:23:03.524159
,05XX,05XX,11272.0,False,CENSUS_VIP,2025-10-23 17:23:03.524159
,05XX,05XX,2.2,False,CENSUS_VIP,2025-10-23 17:23:03.524159
,05XX,05XX,2.2,False,CENSUS_VIP,2025-10-23 17:23:03.524159
,05XX,05XX,2.1,False,CENSUS_VIP,2025-10-23 17:23:03.524159
,05XX,05XX,2.1,False,CENSUS_VIP,2025-10-23 17:23:03.524159
,05XX,05XX,2.1,False,CENSUS_VIP,2025-10-23 17:23:03.524159
,05XX,05XX,2.0,False,CENSUS_VIP,2025-10-23 17:23:03.524159
,05XX,05XX,2.0,False,CENSUS_VIP,2025-10-23 17:23:03.524159
,05XX,05XX,9687.0,False,CENSUS_VIP,2025-10-23 17:23:03.524159
,05XX,05XX,9602.0,False,CENSUS_VIP,2025-10-23 17:23:03.524159
,05XX,05XX,10181.0,False,CENSUS_VIP,2025-10-23 17:23:03.524159
,05XX,05XX,10977.0,False,CENSUS_VIP,2025-10-23 17:23:03.524159
,05XX,05XX,11823.0,False,CENSUS_VIP,2025-10-23 17:23:03.524159
,05XX,05XX,13327.0,False,CENSUS_VIP,2025-10-23 17:23:03.524159
,05XX,05XX,13479.0,False,CENSUS_VIP,2025-10-23 17:23:03.524159
,05XX,05XX,1.9,False,CENSUS_VIP,2025-10-23 17:23:03.524159
,05XX,05XX,1.9,False,CENSUS_VIP,2025-10-23 17:23:03.524159
,05XX,05XX,1.8,False,CENSUS_VIP,2025-10-23 17:23:03.524159
,05XX,05XX,1.8,False,CENSUS_VIP,2025-10-23 17:23:03.524159
,05XX,05XX,1.8,False,CENSUS_VIP,2025-10-23 17:23:03.524159
,05XX,05XX,1.8,False,CENSUS_VIP,2025-10-23 17:23:03.524159
,05XX,05XX,1.8,False,CENSUS_VIP,2025-10-23 17:23:03.524159
,05XX,05XX,1842.0,False,CENSUS_VIP,2025-10-23 17:23:03.524159
,05XX,05XX,1845.0,False,CENSUS_VIP,2025-10-23 17:23:03.524159
,05XX,05XX,1937.0,False,CENSUS_VIP,2025-10-23 17:23:03.524159
,05XX,05XX,2057.0,False,CENSUS_VIP,2025-10-23 17:23:03.524159
,05XX,05XX,2151.0,False,CENSUS_VIP,2025-10-23 17:23:03.524159
,05XX,05XX,2227.0,False,CENSUS_VIP,2025-10-23 17:23:03.524159
,05XX,05XX,2206.0,False,CENSUS_VIP,2025-10-23 17:23:03.524159
,05XX,05XX,3.3,False,CENSUS_VIP,2025-10-23 17:23:03.524159
,05XX,05XX,3.3,False,CENSUS_VIP,2025-10-23 17:23:03.524159
,05XX,05XX,3.3,False,CENSUS_VIP,2025-10-23 17:23:03.524159
,05XX,05XX,3.3,False,CENSUS_VIP,2025-10-23 17:23:03.524159
,05XX,05XX,3.2,False,CENSUS_VIP,2025-10-23 17:23:03.524159
,05XX,05XX,3.2,False,CENSUS_VIP,2025-10-23 17:23:03.524159
,06XX,06XX,3.5,False,CENSUS_VIP,2025-10-23 17:23:03.524159
,06XX,06XX,3.2,False,CENSUS_VIP,2025-10-23 17:23:03.524159
,06XX,06XX,3.7,False,CENSUS_VIP,2025-10-23 17:23:03.524159
,06XX,06XX,2.6,False,CENSUS_VIP,2025-10-23 17:23:03.524159
,06XX,06XX,3.2,False,CENSUS_VIP,2025-10-23 17:23:03.524159
,06XX,06XX,2.3,False,CENSUS_VIP,2025-10-23 17:23:03.524159
,06XX,06XX,1.4,True,CENSUS_VIP,2025-10-23 17:23:03.524159
,06XX,06XX,-1.9,True,CENSUS_VIP,2025-10-23 17:23:03.524159
,06XX,06XX,-3.6,True,CENSUS_VIP,2025-10-23 17:23:03.524159
,06XX,06XX,-0.8,True,CENSUS_VIP,2025-10-23 17:23:03.524159
,06XX,06XX,0.2,True,CENSUS_VIP,2025-10-23 17:23:03.524159
,06XX,06XX,-0.3,True,CENSUS_VIP,2025-10-23 17:23:03.524159
,06XX,06XX,3.2,False,CENSUS_VIP,2025-10-23 17:23:03.524159
,06XX,06XX,3.4,False,CENSUS_VIP,2025-10-23 17:23:03.524159
,06XX,06XX,3.7,False,CENSUS_VIP,2025-10-23 17:23:03.524159
,06XX,06XX,2.6,False,CENSUS_VIP,2025-10-23 17:23:03.524159
,06XX,06XX,3.2,False,CENSUS_VIP,2025-10-23 17:23:03.524159
,06XX,06XX,1.4,True,CENSUS_VIP,2025-10-23 17:23:03.524159
,06XX,06XX,4.0,True,CENSUS_VIP,2025-10-23 17:23:03.524159
,06XX,06XX,-1.9,True,CENSUS_VIP,2025-10-23 17:23:03.524159
,06XX,06XX,-3.6,True,CENSUS_VIP,2025-10-23 17:23:03.524159
,06XX,06XX,0.2,True,CENSUS_VIP,2025-10-23 17:23:03.524159
,06XX,06XX,-0.3,True,CENSUS_VIP,2025-10-23 17:23:03.524159
,06XX,06XX,374.0,False,CENSUS_VIP,2025-10-23 17:23:03.524159
,06XX,06XX,377.0,False,CENSUS_VIP,2025-10-23 17:23:03.524159
,06XX,06XX,388.0,False,CENSUS_VIP,2025-10-23 17:23:03.524159
,06XX,06XX,385.0,False,CENSUS_VIP,2025-10-23 17:23:03.524159
,06XX,06XX,389.0,False,CENSUS_VIP,2025-10-23 17:23:03.524159
,06XX,06XX,390.0,False,CENSUS_VIP,2025-10-23 17:23:03.524159
,06XX,06XX,8.4,False,CENSUS_VIP,2025-10-23 17:23:03.524159
,06XX,06XX,8.1,False,CENSUS_VIP,2025-10-23 17:23:03.524159
,06XX,06XX,7.9,False,CENSUS_VIP,2025-10-23 17:23:03.524159
,02XX,02XX,7592.0,False,CENSUS_VIP,2025-10-23 17:23:03.524159
,02XX,02XX,1.8,False,CENSUS_VIP,2025-10-23 17:23:03.524159
,03XX,03XX,7.2,False,CENSUS_VIP,2025-10-23 17:23:03.524159
,03XX,03XX,-1.2,True,CENSUS_VIP,2025-10-23 17:23:03.524159
,03XX,03XX,0.1,True,CENSUS_VIP,2025-10-23 17:23:03.524159
,03XX,03XX,1.1,False,CENSUS_VIP,2025-10-23 17:23:03.524159
,03XX,03XX,-0.2,True,CENSUS_VIP,2025-10-23 17:23:03.524159
,03XX,03XX,1.1,False,CENSUS_VIP,2025-10-23 17:23:03.524159
,09XX,09XX,3.4,False,CENSUS_VIP,2025-10-23 17:23:03.524159
,09XX,09XX,5803.0,False,CENSUS_VIP,2025-10-23 17:23:03.524159
,09XX,09XX,2.7,False,CENSUS_VIP,2025-10-23 17:23:03.524159
,15XX,15XX,1.8,True,CENSUS_VIP,2025-10-23 17:23:03.524159
,15XX,15XX,4.5,False,CENSUS_VIP,2025-10-23 17:23:03.524159
,20IX,20IX,0.7,False,CENSUS_VIP,2025-10-23 17:23:03.524159
,20IX,20IX,0.8,False,CENSUS_VIP,2025-10-23 17:23:03.524159
,A00XX,A00XX,12163.0,True,CENSUS_VIP,2025-10-23 17:23:03.524159
,A00XX,A00XX,6.9,True,CENSUS_VIP,2025-10-23 17:23:03.524159
,A00XX,A00XX,909661.0,True,CENSUS_VIP,2025-10-23 17:23:03.524159
,A00XX,A00XX,6.2,True,CENSUS_VIP,2025-10-23 17:23:03.524159
,A00XX,A00XX,7.2,True,CENSUS_VIP,2025-10-23 17:23:03.524159
,A00XX,A00XX,885939.0,True,CENSUS_VIP,2025-10-23 17:23:03.524159
,A00XX,A00XX,5.0,True,CENSUS_VIP,2025-10-23 17:23:03.524159
,00XX,00XX,3.3,False,CENSUS_VIP,2025-10-23 17:23:03.524159
,A03XX,A03XX,122697.0,True,CENSUS_VIP,2025-10-23 17:23:03.524159
,A03XX,A03XX,120094.0,True,CENSUS_VIP,2025-10-23 17:23:03.524159
,A20IX,A20IX,230589.0,True,CENSUS_VIP,2025-10-23 17:23:03.524159
,A20IX,A20IX,223053.0,True,CENSUS_VIP,2025-10-23 17:23:03.524159
,AXXXX,AXXXX,1660300.0,True,CENSUS_VIP,2025-10-23 17:23:03.524159
,AXXXX,AXXXX,1642676.0,True,CENSUS_VIP,2025-10-23 17:23:03.524159
,AXXXX,AXXXX,1639569.0,True,CENSUS_VIP,2025-10-23 17:23:03.524159
,AXXXX,AXXXX,1634702.0,True,CENSUS_VIP,2025-10-23 17:23:03.524159
,AXXXX,AXXXX,1626290.0,True,CENSUS_VIP,2025-10-23 17:23:03.524159
,AXXXX,AXXXX,1623269.0,True,CENSUS_VIP,2025-10-23 17:23:03.524159
,AXXXX,AXXXX,0.7,True,CENSUS_VIP,2025-10-23 17:23:03.524159
,AXXXX,AXXXX,0.7,True,CENSUS_VIP,2025-10-23 17:23:03.524159
,AXXXX,AXXXX,0.7,True,CENSUS_VIP,2025-10-23 17:23:03.524159
,AXXXX,AXXXX,0.7,True,CENSUS_VIP,2025-10-23 17:23:03.524159
,AXXXX,AXXXX,0.7,True,CENSUS_VIP,2025-10-23 17:23:03.524159
,AXXXX,AXXXX,0.6,True,CENSUS_VIP,2025-10-23 17:23:03.524159
,AXXXX,AXXXX,0.6,True,CENSUS_VIP,2025-10-23 17:23:03.524159
,NRXX,NRXX,0.8,False,CENSUS_VIP,2025-10-23 17:23:03.524159
,NRXX,NRXX,1.1,False,CENSUS_VIP,2025-10-23 17:23:03.524159
,NRXX,NRXX,1.0,False,CENSUS_VIP,2025-10-23 17:23:03.524159
,NRXX,NRXX,0.8,False,CENSUS_VIP,2025-10-23 17:23:03.524159
,NRXX,NRXX,0.9,False,CENSUS_VIP,2025-10-23 17:23:03.524159
,NRXX,NRXX,1.0,False,CENSUS_VIP,2025-10-23 17:23:03.524159
,NRXX,NRXX,1.0,False,CENSUS_VIP,2025-10-23 17:23:03.524159
,NRXX,NRXX,0.4,True,CENSUS_VIP,2025-10-23 17:23:03.524159
,NRXX,NRXX,-0.3,True,CENSUS_VIP,2025-10-23 17:23:03.524159
,NRXX,NRXX,0.6,True,CENSUS_VIP,2025-10-23 17:23:03.524159
,NRXX,NRXX,1.1,True,CENSUS_VIP,2025-10-23 17:23:03.524159
,NRXX,NRXX,0.1,True,CENSUS_VIP,2025-10-23 17:23:03.524159
,NRXX,NRXX,0.0,True,CENSUS_VIP,2025-10-23 17:23:03.524159
,NRXX,NRXX,0.3,True,CENSUS_VIP,2025-10-23 17:23:03.524159
,NRXX,NRXX,0.4,False,CENSUS_VIP,2025-10-23 17:23:03.524159
,NRXX,NRXX,0.5,False,CENSUS_VIP,2025-10-23 17:23:03.524159
,NRXX,NRXX,0.5,False,CENSUS_VIP,2025-10-23 17:23:03.524159
,NRXX,NRXX,0.4,False,CENSUS_VIP,2025-10-23 17:23:03.524159
,NRXX,NRXX,0.5,False,CENSUS_VIP,2025-10-23 17:23:03.524159
,NRXX,NRXX,0.6,False,CENSUS_VIP,2025-10-23 17:23:03.524159
,NRXX,NRXX,0.5,False,CENSUS_VIP,2025-10-23 17:23:03.524159
,NRXX,NRXX,0.7,True,CENSUS_VIP,2025-10-23 17:23:03.524159
,NRXX,NRXX,-0.1,True,CENSUS_VIP,2025-10-23 17:23:03.524159
,NRXX,NRXX,-0.3,True,CENSUS_VIP,2025-10-23 17:23:03.524159
,NRXX,NRXX,0.5,True,CENSUS_VIP,2025-10-23 17:23:03.524159
,NRXX,NRXX,-0.1,True,CENSUS_VIP,2025-10-23 17:23:03.524159
,NRXX,NRXX,-0.2,True,CENSUS_VIP,2025-10-23 17:23:03.524159
,NRXX,NRXX,-0.2,True,CENSUS_VIP,2025-10-23 17:23:03.524159
,NRXX,NRXX,0.4,False,CENSUS_VIP,2025-10-23 17:23:03.524159
,NRXX,NRXX,0.4,False,CENSUS_VIP,2025-10-23 17:23:03.524159
,NRXX,NRXX,0.3,False,CENSUS_VIP,2025-10-23 17:23:03.524159
,NRXX,NRXX,0.4,False,CENSUS_VIP,2025-10-23 17:23:03.524159
,NRXX,NRXX,0.3,False,CENSUS_VIP,2025-10-23 17:23:03.524159
,NRXX,NRXX,0.3,False,CENSUS_VIP,2025-10-23 17:23:03.524159
,NRXX,NRXX,0.3,False,CENSUS_VIP,2025-10-23 17:23:03.524159
,NRXX,NRXX,1.0,True,CENSUS_VIP,2025-10-23 17:23:03.524159
,NRXX,NRXX,0.0,True,CENSUS_VIP,2025-10-23 17:23:03.524159
,NRXX,NRXX,-0.9,True,CENSUS_VIP,2025-10-23 17:23:03.524159
,NRXX,NRXX,0.0,True,CENSUS_VIP,2025-10-23 17:23:03.524159
,NRXX,NRXX,-0.3,True,CENSUS_VIP,2025-10-23 17:23:03.524159
,NRXX,NRXX,-0.4,True,CENSUS_VIP,2025-10-23 17:23:03.524159
,NRXX,NRXX,-0.5,True,CENSUS_VIP,2025-10-23 17:23:03.524159
,NRXX,NRXX,32076.0,False,CENSUS_VIP,2025-10-23 17:23:03.524159
,NRXX,NRXX,32338.0,False,CENSUS_VIP,2025-10-23 17:23:03.524159
,NRXX,NRXX,35127.0,False,CENSUS_VIP,2025-10-23 17:23:03.524159
,NRXX,NRXX,39602.0,False,CENSUS_VIP,2025-10-23 17:23:03.524159
,NRXX,NRXX,43630.0,False,CENSUS_VIP,2025-10-23 17:23:03.524159
,NRXX,NRXX,47663.0,False,CENSUS_VIP,2025-10-23 17:23:03.524159
,NRXX,NRXX,48915.0,False,CENSUS_VIP,2025-10-23 17:23:03.524159
,NRXX,NRXX,1.3,False,CENSUS_VIP,2025-10-23 17:23:03.524159
,NRXX,NRXX,1.3,False,CENSUS_VIP,2025-10-23 17:23:03.524159
,NRXX,NRXX,1.3,False,CENSUS_VIP,2025-10-23 17:23:03.524159
,NRXX,NRXX,1.2,False,CENSUS_VIP,2025-10-23 17:23:03.524159
,NRXX,NRXX,1.2,False,CENSUS_VIP,2025-10-23 17:23:03.524159
,NRXX,NRXX,1.2,False,CENSUS_VIP,2025-10-23 17:23:03.524159
,NRXX,NRXX,1.2,False,CENSUS_VIP,2025-10-23 17:23:03.524159
,NRXX,NRXX,90893.0,False,CENSUS_VIP,2025-10-23 17:23:03.524159
,NRXX,NRXX,91005.0,False,CENSUS_VIP,2025-10-23 17:23:03.524159
,NRXX,NRXX,95866.0,False,CENSUS_VIP,2025-10-23 17:23:03.524159
,NRXX,NRXX,101641.0,False,CENSUS_VIP,2025-10-23 17:23:03.524159
,NRXX,NRXX,106219.0,False,CENSUS_VIP,2025-10-23 17:23:03.524159
,NRXX,NRXX,110758.0,False,CENSUS_VIP,2025-10-23 17:23:03.524159
,NRXX,NRXX,111588.0,False,CENSUS_VIP,2025-10-23 17:23:03.524159
,NRXX,NRXX,0.7,False,CENSUS_VIP,2025-10-23 17:23:03.524159
,NRXX,NRXX,0.7,False,CENSUS_VIP,2025-10-23 17:23:03.524159
,NRXX,NRXX,0.7,False,CENSUS_VIP,2025-10-23 17:23:03.524159
,NRXX,NRXX,0.7,False,CENSUS_VIP,2025-10-23 17:23:03.524159
,NRXX,NRXX,0.7,False,CENSUS_VIP,2025-10-23 17:23:03.524159
,NRXX,NRXX,0.7,False,CENSUS_VIP,2025-10-23 17:23:03.524159
,NRXX,NRXX,0.7,False,CENSUS_VIP,2025-10-23 17:23:03.524159
,NRXX,NRXX,58667.0,False,CENSUS_VIP,2025-10-23 17:23:03.524159
,NRXX,NRXX,60739.0,False,CENSUS_VIP,2025-10-23 17:23:03.524159
,NRXX,NRXX,62038.0,False,CENSUS_VIP,2025-10-23 17:23:03.524159
,NRXX,NRXX,62588.0,False,CENSUS_VIP,2025-10-23 17:23:03.524159
,NRXX,NRXX,63095.0,False,CENSUS_VIP,2025-10-23 17:23:03.524159
,NRXX,NRXX,0.7,False,CENSUS_VIP,2025-10-23 17:23:03.524159
,NRXX,NRXX,0.7,False,CENSUS_VIP,2025-10-23 17:23:03.524159
,NRXX,NRXX,0.7,False,CENSUS_VIP,2025-10-23 17:23:03.524159
,NRXX,NRXX,0.7,False,CENSUS_VIP,2025-10-23 17:23:03.524159
,NRXX,NRXX,0.6,False,CENSUS_VIP,2025-10-23 17:23:03.524159
,NRXX,NRXX,0.6,False,CENSUS_VIP,2025-10-23 17:23:03.524159
,XXXX,XXXX,0.8,False,CENSUS_VIP,2025-10-23 17:23:03.524159
,XXXX,XXXX,1.1,False,CENSUS_VIP,2025-10-23 17:23:03.524159
,XXXX,XXXX,0.9,False,CENSUS_VIP,2025-10-23 17:23:03.524159
,XXXX,XXXX,0.9,False,CENSUS_VIP,2025-10-23 17:23:03.524159
,XXXX,XXXX,1.0,False,CENSUS_VIP,2025-10-23 17:23:03.524159
,XXXX,XXXX,1.0,False,CENSUS_VIP,2025-10-23 17:23:03.524159
,XXXX,XXXX,0.4,True,CENSUS_VIP,2025-10-23 17:23:03.524159
,XXXX,XXXX,-0.2,True,CENSUS_VIP,2025-10-23 17:23:03.524159
,XXXX,XXXX,1.1,True,CENSUS_VIP,2025-10-23 17:23:03.524159
,XXXX,XXXX,0.1,True,CENSUS_VIP,2025-10-23 17:23:03.524159
,XXXX,XXXX,0.0,True,CENSUS_VIP,2025-10-23 17:23:03.524159
,XXXX,XXXX,0.3,True,CENSUS_VIP,2025-10-23 17:23:03.524159
,XXXX,XXXX,0.5,False,CENSUS_VIP,2025-10-23 17:23:03.524159
,XXXX,XXXX,0.5,False,CENSUS_VIP,2025-10-23 17:23:03.524159
,XXXX,XXXX,0.4,False,CENSUS_VIP,2025-10-23 17:23:03.524159
,XXXX,XXXX,0.5,False,CENSUS_VIP,2025-10-23 17:23:03.524159
,XXXX,XXXX,0.5,False,CENSUS_VIP,2025-10-23 17:23:03.524159
,XXXX,XXXX,-0.3,True,CENSUS_VIP,2025-10-23 17:23:03.524159
,XXXX,XXXX,-0.2,True,CENSUS_VIP,2025-10-23 17:23:03.524159
,XXXX,XXXX,-0.7,True,CENSUS_VIP,2025-10-23 17:23:03.524159
,XXXX,XXXX,0.1,True,CENSUS_VIP,2025-10-23 17:23:03.524159
,XXXX,XXXX,-0.2,True,CENSUS_VIP,2025-10-23 17:23:03.524159
,XXXX,XXXX,-0.1,True,CENSUS_VIP,2025-10-23 17:23:03.524159
,XXXX,XXXX,0.4,False,CENSUS_VIP,2025-10-23 17:23:03.524159
,A13XX,A13XX,47619.0,True,CENSUS_VIP,2025-10-23 17:23:03.524159
,A13XX,A13XX,49097.0,True,CENSUS_VIP,2025-10-23 17:23:03.524159
,A13XX,A13XX,49918.0,True,CENSUS_VIP,2025-10-23 17:23:03.524159
,A13XX,A13XX,50124.0,True,CENSUS_VIP,2025-10-23 17:23:03.524159
,A13XX,A13XX,49976.0,True,CENSUS_VIP,2025-10-23 17:23:03.524159
,A13XX,A13XX,2.7,True,CENSUS_VIP,2025-10-23 17:23:03.524159
,A13XX,A13XX,2.7,True,CENSUS_VIP,2025-10-23 17:23:03.524159
,A13XX,A13XX,2.7,True,CENSUS_VIP,2025-10-23 17:23:03.524159
,A13XX,A13XX,2.8,True,CENSUS_VIP,2025-10-23 17:23:03.524159
,A13XX,A13XX,2.7,True,CENSUS_VIP,2025-10-23 17:23:03.524159
,A13XX,A13XX,2.7,True,CENSUS_VIP,2025-10-23 17:23:03.524159
,A13XX,A13XX,2.7,True,CENSUS_VIP,2025-10-23 17:23:03.524159
,A13XX,A13XX,49470.0,True,CENSUS_VIP,2025-10-23 17:23:03.524159
,A13XX,A13XX,49247.0,True,CENSUS_VIP,2025-10-23 17:23:03.524159
,A13XX,A13XX,49499.0,True,CENSUS_VIP,2025-10-23 17:23:03.524159
,A13XX,A13XX,50972.0,True,CENSUS_VIP,2025-10-23 17:23:03.524159
,A13XX,A13XX,51652.0,True,CENSUS_VIP,2025-10-23 17:23:03.524159
,A13XX,A13XX,51747.0,True,CENSUS_VIP,2025-10-23 17:23:03.524159
,A13XX,A13XX,51518.0,True,CENSUS_VIP,2025-10-23 17:23:03.524159
,A13XX,A13XX,2.7,True,CENSUS_VIP,2025-10-23 17:23:03.524159
,A13XX,A13XX,2.7,True,CENSUS_VIP,2025-10-23 17:23:03.524159
,A13XX,A13XX,2.7,True,CENSUS_VIP,2025-10-23 17:23:03.524159
,A13XX,A13XX,2.7,True,CENSUS_VIP,2025-10-23 17:23:03.524159
,A13XX,A13XX,2.7,True,CENSUS_VIP,2025-10-23 17:23:03.524159
,A13XX,A13XX,2.7,True,CENSUS_VIP,2025-10-23 17:23:03.524159
,A13XX,A13XX,2.7,True,CENSUS_VIP,2025-10-23 17:23:03.524159
,A14XX,A14XX,31871.0,True,CENSUS_VIP,2025-10-23 17:23:03.524159
,A14XX,A14XX,31727.0,True,CENSUS_VIP,2025-10-23 17:23:03.524159
,A14XX,A14XX,32276.0,True,CENSUS_VIP,2025-10-23 17:23:03.524159
,A14XX,A14XX,32663.0,True,CENSUS_VIP,2025-10-23 17:23:03.524159
,A14XX,A14XX,32514.0,True,CENSUS_VIP,2025-10-23 17:23:03.524159
,A14XX,A14XX,33154.0,True,CENSUS_VIP,2025-10-23 17:23:03.524159
,A14XX,A14XX,33551.0,True,CENSUS_VIP,2025-10-23 17:23:03.524159
,A14XX,A14XX,3.1,True,CENSUS_VIP,2025-10-23 17:23:03.524159
,A14XX,A14XX,3.0,True,CENSUS_VIP,2025-10-23 17:23:03.524159
,A14XX,A14XX,3.0,True,CENSUS_VIP,2025-10-23 17:23:03.524159
,A14XX,A14XX,3.0,True,CENSUS_VIP,2025-10-23 17:23:03.524159
,A14XX,A14XX,3.0,True,CENSUS_VIP,2025-10-23 17:23:03.524159
,A14XX,A14XX,2.9,True,CENSUS_VIP,2025-10-23 17:23:03.524159
,A14XX,A14XX,2.9,True,CENSUS_VIP,2025-10-23 17:23:03.524159
,A14XX,A14XX,33624.0,True,CENSUS_VIP,2025-10-23 17:23:03.524159
,A14XX,A14XX,33402.0,True,CENSUS_VIP,2025-10-23 17:23:03.524159
,A14XX,A14XX,33810.0,True,CENSUS_VIP,2025-10-23 17:23:03.524159
,A14XX,A14XX,34065.0,True,CENSUS_VIP,2025-10-23 17:23:03.524159
,A14XX,A14XX,33993.0,True,CENSUS_VIP,2025-10-23 17:23:03.524159
,A14XX,A14XX,34622.0,True,CENSUS_VIP,2025-10-23 17:23:03.524159
,A14XX,A14XX,35014.0,True,CENSUS_VIP,2025-10-23 17:23:03.524159
,A14XX,A14XX,3.0,True,CENSUS_VIP,2025-10-23 17:23:03.524159
,A14XX,A14XX,3.0,True,CENSUS_VIP,2025-10-23 17:23:03.524159
,A14XX,A14XX,3.0,True,CENSUS_VIP,2025-10-23 17:23:03.524159
,A14XX,A14XX,2.9,True,CENSUS_VIP,2025-10-23 17:23:03.524159
,A14XX,A14XX,2.9,True,CENSUS_VIP,2025-10-23 17:23:03.524159
,A14XX,A14XX,2.9,True,CENSUS_VIP,2025-10-23 17:23:03.524159
,A14XX,A14XX,2.8,True,CENSUS_VIP,2025-10-23 17:23:03.524159
,A15XX,A15XX,11251.0,True,CENSUS_VIP,2025-10-23 17:23:03.524159
,A15XX,A15XX,11254.0,True,CENSUS_VIP,2025-10-23 17:23:03.524159
,A15XX,A15XX,11657.0,True,CENSUS_VIP,2025-10-23 17:23:03.524159
,A15XX,A15XX,11824.0,True,CENSUS_VIP,2025-10-23 17:23:03.524159
,A15XX,A15XX,11925.0,True,CENSUS_VIP,2025-10-23 17:23:03.524159
,A15XX,A15XX,11886.0,True,CENSUS_VIP,2025-10-23 17:23:03.524159
,A15XX,A15XX,12100.0,True,CENSUS_VIP,2025-10-23 17:23:03.524159
,A15XX,A15XX,6.3,True,CENSUS_VIP,2025-10-23 17:23:03.524159
,A15XX,A15XX,6.4,True,CENSUS_VIP,2025-10-23 17:23:03.524159
,A15XX,A15XX,6.4,True,CENSUS_VIP,2025-10-23 17:23:03.524159
,A15XX,A15XX,6.4,True,CENSUS_VIP,2025-10-23 17:23:03.524159
,A15XX,A15XX,6.5,True,CENSUS_VIP,2025-10-23 17:23:03.524159
,A15XX,A15XX,6.5,True,CENSUS_VIP,2025-10-23 17:23:03.524159
,A15XX,A15XX,6.4,True,CENSUS_VIP,2025-10-23 17:23:03.524159
,A15XX,A15XX,11304.0,True,CENSUS_VIP,2025-10-23 17:23:03.524159
,A15XX,A15XX,11301.0,True,CENSUS_VIP,2025-10-23 17:23:03.524159
,A15XX,A15XX,11691.0,True,CENSUS_VIP,2025-10-23 17:23:03.524159
,A15XX,A15XX,11912.0,True,CENSUS_VIP,2025-10-23 17:23:03.524159
,A15XX,A15XX,12003.0,True,CENSUS_VIP,2025-10-23 17:23:03.524159
,A15XX,A15XX,11970.0,True,CENSUS_VIP,2025-10-23 17:23:03.524159
,A15XX,A15XX,12188.0,True,CENSUS_VIP,2025-10-23 17:23:03.524159
,A15XX,A15XX,6.3,True,CENSUS_VIP,2025-10-23 17:23:03.524159
,A15XX,A15XX,6.3,True,CENSUS_VIP,2025-10-23 17:23:03.524159
,A15XX,A15XX,6.3,True,CENSUS_VIP,2025-10-23 17:23:03.524159
,A15XX,A15XX,6.4,True,CENSUS_VIP,2025-10-23 17:23:03.524159
,A15XX,A15XX,6.5,True,CENSUS_VIP,2025-10-23 17:23:03.524159
,A15XX,A15XX,6.5,True,CENSUS_VIP,2025-10-23 17:23:03.524159
,A15XX,A15XX,6.3,True,CENSUS_VIP,2025-10-23 17:23:03.524159
,A20IX,A20IX,230876.0,True,CENSUS_VIP,2025-10-23 17:23:03.524159
,A20IX,A20IX,228888.0,True,CENSUS_VIP,2025-10-23 17:23:03.524159
,A20IX,A20IX,227643.0,True,CENSUS_VIP,2025-10-23 17:23:03.524159
,A20IX,A20IX,226282.0,True,CENSUS_VIP,2025-10-23 17:23:03.524159
,A20IX,A20IX,224515.0,True,CENSUS_VIP,2025-10-23 17:23:03.524159
,A20IX,A20IX,0.8,True,CENSUS_VIP,2025-10-23 17:23:03.524159
,A20IX,A20IX,0.8,True,CENSUS_VIP,2025-10-23 17:23:03.524159
,AXXXX,AXXXX,0.7,True,CENSUS_VIP,2025-10-23 17:23:03.524159
,01XX,01XX,1.4,False,CENSUS_VIP,2025-10-23 17:23:03.524159
,01XX,01XX,1.1,False,CENSUS_VIP,2025-10-23 17:23:03.524159
,01XX,01XX,0.4,True,CENSUS_VIP,2025-10-23 17:23:03.524159
,01XX,01XX,1.1,False,CENSUS_VIP,2025-10-23 17:23:03.524159
,01XX,01XX,-0.1,True,CENSUS_VIP,2025-10-23 17:23:03.524159
,01XX,01XX,1870.0,False,CENSUS_VIP,2025-10-23 17:23:03.524159
,01XX,01XX,2.5,False,CENSUS_VIP,2025-10-23 17:23:03.524159
,01XX,01XX,2.7,False,CENSUS_VIP,2025-10-23 17:23:03.524159
,01XX,01XX,1929.0,False,CENSUS_VIP,2025-10-23 17:23:03.524159
,04XX,04XX,1.0,False,CENSUS_VIP,2025-10-23 17:23:03.524159
,04XX,04XX,0.7,True,CENSUS_VIP,2025-10-23 17:23:03.524159
,04XX,04XX,1338.0,False,CENSUS_VIP,2025-10-23 17:23:03.524159
,04XX,04XX,2.3,False,CENSUS_VIP,2025-10-23 17:23:03.524159
,04XX,04XX,2.3,False,CENSUS_VIP,2025-10-23 17:23:03.524159
,04XX,04XX,5899.0,False,CENSUS_VIP,2025-10-23 17:23:03.524159
,04XX,04XX,1.6,False,CENSUS_VIP,2025-10-23 17:23:03.524159
,04XX,04XX,4314.0,False,CENSUS_VIP,2025-10-23 17:23:03.524159
,04XX,04XX,1.9,False,CENSUS_VIP,2025-10-23 17:23:03.524159
,A09XX,A09XX,3.2,True,CENSUS_VIP,2025-10-23 17:23:03.524159
,A09XX,A09XX,66338.0,True,CENSUS_VIP,2025-10-23 17:23:03.524159
,08XX,08XX,1.5,True,CENSUS_VIP,2025-10-23 17:23:03.524159
,08XX,08XX,1.2,False,CENSUS_VIP,2025-10-23 17:23:03.524159
,08XX,08XX,1.4,False,CENSUS_VIP,2025-10-23 17:23:03.524159
,08XX,08XX,0.1,True,CENSUS_VIP,2025-10-23 17:23:03.524159
,08XX,08XX,1.6,False,CENSUS_VIP,2025-10-23 17:23:03.524159
,08XX,08XX,1.9,True,CENSUS_VIP,2025-10-23 17:23:03.524159
,08XX,08XX,1577.0,False,CENSUS_VIP,2025-10-23 17:23:03.524159
,08XX,08XX,2117.0,False,CENSUS_VIP,2025-10-23 17:23:03.524159
,08XX,08XX,3.6,False,CENSUS_VIP,2025-10-23 17:23:03.524159
,11XX,11XX,0.9,True,CENSUS_VIP,2025-10-23 17:23:03.524159
,11XX,11XX,0.3,False,CENSUS_VIP,2025-10-23 17:23:03.524159
,11XX,11XX,0.3,True,CENSUS_VIP,2025-10-23 17:23:03.524159
,11XX,11XX,0.2,False,CENSUS_VIP,2025-10-23 17:23:03.524159
,11XX,11XX,0.2,False,CENSUS_VIP,2025-10-23 17:23:03.524159
,11XX,11XX,-0.3,True,CENSUS_VIP,2025-10-23 17:23:03.524159
,11XX,11XX,1414.0,False,CENSUS_VIP,2025-10-23 17:23:03.524159
,11XX,11XX,6.6,False,CENSUS_VIP,2025-10-23 17:23:03.524159
,12XX,12XX,3.1,False,CENSUS_VIP,2025-10-23 17:23:03.524159
,13XX,13XX,2.2,False,CENSUS_VIP,2025-10-23 17:23:03.524159
,13XX,13XX,3.7,True,CENSUS_VIP,2025-10-23 17:23:03.524159
,13XX,13XX,0.4,True,CENSUS_VIP,2025-10-23 17:23:03.524159
,13XX,13XX,2.2,False,CENSUS_VIP,2025-10-23 17:23:03.524159
,05XX,05XX,3.3,False,CENSUS_VIP,2025-10-23 17:23:03.524159
,06XX,06XX,3.4,False,CENSUS_VIP,2025-10-23 17:23:03.524159
,06XX,06XX,4.0,True,CENSUS_VIP,2025-10-23 17:23:03.524159
,06XX,06XX,3.5,False,CENSUS_VIP,2025-10-23 17:23:03.524159
,06XX,06XX,2.3,False,CENSUS_VIP,2025-10-23 17:23:03.524159
,06XX,06XX,-0.8,True,CENSUS_VIP,2025-10-23 17:23:03.524159
,06XX,06XX,397.0,False,CENSUS_VIP,2025-10-23 17:23:03.524159
,06XX,06XX,8.3,False,CENSUS_VIP,2025-10-23 17:23:03.524159
,NRXX,NRXX,58817.0,False,CENSUS_VIP,2025-10-23 17:23:03.524159
,NRXX,NRXX,62673.0,False,CENSUS_VIP,2025-10-23 17:23:03.524159
,00XX,00XX,3.1,False,CENSUS_VIP,2025-10-23 17:23:03.524159
,00XX,00XX,3.1,False,CENSUS_VIP,2025-10-23 17:23:03.524159
,00XX,00XX,4.1,False,CENSUS_VIP,2025-10-23 17:23:03.524159
,A00XX,A00XX,5.0,True,CENSUS_VIP,2025-10-23 17:23:03.524159
,A01XX,A01XX,23888.0,True,CENSUS_VIP,2025-10-23 17:23:03.524159
,A01XX,A01XX,23555.0,True,CENSUS_VIP,2025-10-23 17:23:03.524159
,A01XX,A01XX,23061.0,True,CENSUS_VIP,2025-10-23 17:23:03.524159
,A01XX,A01XX,23283.0,True,CENSUS_VIP,2025-10-23 17:23:03.524159
,A01XX,A01XX,23632.0,True,CENSUS_VIP,2025-10-23 17:23:03.524159
,A01XX,A01XX,23736.0,True,CENSUS_VIP,2025-10-23 17:23:03.524159
,A01XX,A01XX,23946.0,True,CENSUS_VIP,2025-10-23 17:23:03.524159
,A01XX,A01XX,2.5,True,CENSUS_VIP,2025-10-23 17:23:03.524159
,A01XX,A01XX,2.6,True,CENSUS_VIP,2025-10-23 17:23:03.524159
,A01XX,A01XX,2.5,True,CENSUS_VIP,2025-10-23 17:23:03.524159
,A01XX,A01XX,2.6,True,CENSUS_VIP,2025-10-23 17:23:03.524159
,A01XX,A01XX,2.6,True,CENSUS_VIP,2025-10-23 17:23:03.524159
,A01XX,A01XX,2.7,True,CENSUS_VIP,2025-10-23 17:23:03.524159
,A01XX,A01XX,2.7,True,CENSUS_VIP,2025-10-23 17:23:03.524159
,A01XX,A01XX,23155.0,True,CENSUS_VIP,2025-10-23 17:23:03.524159
,A01XX,A01XX,22708.0,True,CENSUS_VIP,2025-10-23 17:23:03.524159
,A01XX,A01XX,22164.0,True,CENSUS_VIP,2025-10-23 17:23:03.524159
,A01XX,A01XX,22146.0,True,CENSUS_VIP,2025-10-23 17:23:03.524159
,A01XX,A01XX,22385.0,True,CENSUS_VIP,2025-10-23 17:23:03.524159
,A01XX,A01XX,22512.0,True,CENSUS_VIP,2025-10-23 17:23:03.524159
,A01XX,A01XX,22590.0,True,CENSUS_VIP,2025-10-23 17:23:03.524159
,A01XX,A01XX,2.5,True,CENSUS_VIP,2025-10-23 17:23:03.524159
,A01XX,A01XX,2.6,True,CENSUS_VIP,2025-10-23 17:23:03.524159
,A01XX,A01XX,2.5,True,CENSUS_VIP,2025-10-23 17:23:03.524159
,A01XX,A01XX,2.6,True,CENSUS_VIP,2025-10-23 17:23:03.524159
,A01XX,A01XX,2.7,True,CENSUS_VIP,2025-10-23 17:23:03.524159
,A01XX,A01XX,2.7,True,CENSUS_VIP,2025-10-23 17:23:03.524159
,A01XX,A01XX,2.7,True,CENSUS_VIP,2025-10-23 17:23:03.524159
,A02XX,A02XX,16686.0,True,CENSUS_VIP,2025-10-23 17:23:03.524159
,A02XX,A02XX,16603.0,True,CENSUS_VIP,2025-10-23 17:23:03.524159
,A02XX,A02XX,16662.0,True,CENSUS_VIP,2025-10-23 17:23:03.524159
,A02XX,A02XX,16989.0,True,CENSUS_VIP,2025-10-23 17:23:03.524159
,A02XX,A02XX,16947.0,True,CENSUS_VIP,2025-10-23 17:23:03.524159
,A02XX,A02XX,16971.0,True,CENSUS_VIP,2025-10-23 17:23:03.524159
,A02XX,A02XX,17188.0,True,CENSUS_VIP,2025-10-23 17:23:03.524159
,A02XX,A02XX,4.4,True,CENSUS_VIP,2025-10-23 17:23:03.524159
,A02XX,A02XX,4.5,True,CENSUS_VIP,2025-10-23 17:23:03.524159
,A02XX,A02XX,4.7,True,CENSUS_VIP,2025-10-23 17:23:03.524159
,A02XX,A02XX,4.8,True,CENSUS_VIP,2025-10-23 17:23:03.524159
,A02XX,A02XX,4.9,True,CENSUS_VIP,2025-10-23 17:23:03.524159
,A02XX,A02XX,5.0,True,CENSUS_VIP,2025-10-23 17:23:03.524159
,A02XX,A02XX,5.0,True,CENSUS_VIP,2025-10-23 17:23:03.524159
,A02XX,A02XX,105604.0,True,CENSUS_VIP,2025-10-23 17:23:03.524159
,A02XX,A02XX,105816.0,True,CENSUS_VIP,2025-10-23 17:23:03.524159
,A02XX,A02XX,104340.0,True,CENSUS_VIP,2025-10-23 17:23:03.524159
,A02XX,A02XX,106029.0,True,CENSUS_VIP,2025-10-23 17:23:03.524159
,A02XX,A02XX,106081.0,True,CENSUS_VIP,2025-10-23 17:23:03.524159
,A02XX,A02XX,105490.0,True,CENSUS_VIP,2025-10-23 17:23:03.524159
,A02XX,A02XX,105493.0,True,CENSUS_VIP,2025-10-23 17:23:03.524159
,A02XX,A02XX,1.7,True,CENSUS_VIP,2025-10-23 17:23:03.524159
,A02XX,A02XX,1.7,True,CENSUS_VIP,2025-10-23 17:23:03.524159
,A02XX,A02XX,1.7,True,CENSUS_VIP,2025-10-23 17:23:03.524159
,A02XX,A02XX,1.7,True,CENSUS_VIP,2025-10-23 17:23:03.524159
,A02XX,A02XX,1.7,True,CENSUS_VIP,2025-10-23 17:23:03.524159
,A02XX,A02XX,1.7,True,CENSUS_VIP,2025-10-23 17:23:03.524159
,A02XX,A02XX,1.7,True,CENSUS_VIP,2025-10-23 17:23:03.524159
,A02XX,A02XX,88919.0,True,CENSUS_VIP,2025-10-23 17:23:03.524159
,A02XX,A02XX,89213.0,True,CENSUS_VIP,2025-10-23 17:23:03.524159
,A02XX,A02XX,87678.0,True,CENSUS_VIP,2025-10-23 17:23:03.524159
,A02XX,A02XX,89040.0,True,CENSUS_VIP,2025-10-23 17:23:03.524159
,A02XX,A02XX,89134.0,True,CENSUS_VIP,2025-10-23 17:23:03.524159
,A02XX,A02XX,88519.0,True,CENSUS_VIP,2025-10-23 17:23:03.524159
,A02XX,A02XX,88305.0,True,CENSUS_VIP,2025-10-23 17:23:03.524159
,A02XX,A02XX,1.9,True,CENSUS_VIP,2025-10-23 17:23:03.524159
,A02XX,A02XX,1.8,True,CENSUS_VIP,2025-10-23 17:23:03.524159
,A02XX,A02XX,1.8,True,CENSUS_VIP,2025-10-23 17:23:03.524159
,A02XX,A02XX,1.8,True,CENSUS_VIP,2025-10-23 17:23:03.524159
,A02XX,A02XX,1.8,True,CENSUS_VIP,2025-10-23 17:23:03.524159
,A02XX,A02XX,1.8,True,CENSUS_VIP,2025-10-23 17:23:03.524159
,A02XX,A02XX,1.7,True,CENSUS_VIP,2025-10-23 17:23:03.524159
,A03XX,A03XX,6335.0,True,CENSUS_VIP,2025-10-23 17:23:03.524159
,A03XX,A03XX,6738.0,True,CENSUS_VIP,2025-10-23 17:23:03.524159
,A03XX,A03XX,6879.0,True,CENSUS_VIP,2025-10-23 17:23:03.524159
,A03XX,A03XX,7047.0,True,CENSUS_VIP,2025-10-23 17:23:03.524159
,A03XX,A03XX,7218.0,True,CENSUS_VIP,2025-10-23 17:23:03.524159
,A03XX,A03XX,7228.0,True,CENSUS_VIP,2025-10-23 17:23:03.524159
,A03XX,A03XX,7233.0,True,CENSUS_VIP,2025-10-23 17:23:03.524159
,A03XX,A03XX,8.8,True,CENSUS_VIP,2025-10-23 17:23:03.524159
,A03XX,A03XX,8.7,True,CENSUS_VIP,2025-10-23 17:23:03.524159
,A03XX,A03XX,8.5,True,CENSUS_VIP,2025-10-23 17:23:03.524159
,A03XX,A03XX,8.1,True,CENSUS_VIP,2025-10-23 17:23:03.524159
,A03XX,A03XX,7.8,True,CENSUS_VIP,2025-10-23 17:23:03.524159
,A03XX,A03XX,7.6,True,CENSUS_VIP,2025-10-23 17:23:03.524159
,A03XX,A03XX,7.4,True,CENSUS_VIP,2025-10-23 17:23:03.524159
,A03XX,A03XX,122786.0,True,CENSUS_VIP,2025-10-23 17:23:03.524159
,A03XX,A03XX,121641.0,True,CENSUS_VIP,2025-10-23 17:23:03.524159
,A03XX,A03XX,121369.0,True,CENSUS_VIP,2025-10-23 17:23:03.524159
,A03XX,A03XX,120895.0,True,CENSUS_VIP,2025-10-23 17:23:03.524159
,A03XX,A03XX,119122.0,True,CENSUS_VIP,2025-10-23 17:23:03.524159
,A03XX,A03XX,2.4,True,CENSUS_VIP,2025-10-23 17:23:03.524159
,A03XX,A03XX,2.4,True,CENSUS_VIP,2025-10-23 17:23:03.524159
,00XX,00XX,2.7,False,CENSUS_VIP,2025-10-23 17:23:03.524159
,00XX,00XX,3.1,False,CENSUS_VIP,2025-10-23 17:23:03.524159
,00XX,00XX,2.6,False,CENSUS_VIP,2025-10-23 17:23:03.524159
,00XX,00XX,1.5,True,CENSUS_VIP,2025-10-23 17:23:03.524159
,00XX,00XX,1.9,True,CENSUS_VIP,2025-10-23 17:23:03.524159
,00XX,00XX,2.2,True,CENSUS_VIP,2025-10-23 17:23:03.524159
,00XX,00XX,0.8,True,CENSUS_VIP,2025-10-23 17:23:03.524159
,00XX,00XX,1.4,True,CENSUS_VIP,2025-10-23 17:23:03.524159
,00XX,00XX,-1.8,True,CENSUS_VIP,2025-10-23 17:23:03.524159
,00XX,00XX,1.8,True,CENSUS_VIP,2025-10-23 17:23:03.524159
,00XX,00XX,3.1,False,CENSUS_VIP,2025-10-23 17:23:03.524159
,00XX,00XX,3.3,False,CENSUS_VIP,2025-10-23 17:23:03.524159
,00XX,00XX,3.1,False,CENSUS_VIP,2025-10-23 17:23:03.524159
,00XX,00XX,4.1,False,CENSUS_VIP,2025-10-23 17:23:03.524159
,00XX,00XX,2.7,False,CENSUS_VIP,2025-10-23 17:23:03.524159
,00XX,00XX,3.1,False,CENSUS_VIP,2025-10-23 17:23:03.524159
,00XX,00XX,2.6,False,CENSUS_VIP,2025-10-23 17:23:03.524159
,00XX,00XX,-1.7,True,CENSUS_VIP,2025-10-23 17:23:03.524159
,00XX,00XX,-0.3,True,CENSUS_VIP,2025-10-23 17:23:03.524159
,00XX,00XX,-1.2,True,CENSUS_VIP,2025-10-23 17:23:03.524159
,00XX,00XX,-0.3,True,CENSUS_VIP,2025-10-23 17:23:03.524159
,00XX,00XX,-0.3,True,CENSUS_VIP,2025-10-23 17:23:03.524159
,00XX,00XX,-0.7,True,CENSUS_VIP,2025-10-23 17:23:03.524159
,00XX,00XX,0.1,True,CENSUS_VIP,2025-10-23 17:23:03.524159
,00XX,00XX,0.8,False,CENSUS_VIP,2025-10-23 17:23:03.524159
,00XX,00XX,0.8,False,CENSUS_VIP,2025-10-23 17:23:03.524159
,00XX,00XX,0.8,False,CENSUS_VIP,2025-10-23 17:23:03.524159
,00XX,00XX,0.8,False,CENSUS_VIP,2025-10-23 17:23:03.524159
,00XX,00XX,0.8,False,CENSUS_VIP,2025-10-23 17:23:03.524159
,00XX,00XX,0.8,False,CENSUS_VIP,2025-10-23 17:23:03.524159
,00XX,00XX,0.8,False,CENSUS_VIP,2025-10-23 17:23:03.524159
,00XX,00XX,-1.8,True,CENSUS_VIP,2025-10-23 17:23:03.524159
,00XX,00XX,-0.4,True,CENSUS_VIP,2025-10-23 17:23:03.524159
,00XX,00XX,-1.2,True,CENSUS_VIP,2025-10-23 17:23:03.524159
,00XX,00XX,-0.4,True,CENSUS_VIP,2025-10-23 17:23:03.524159
,00XX,00XX,-0.3,True,CENSUS_VIP,2025-10-23 17:23:03.524159
,00XX,00XX,-0.6,True,CENSUS_VIP,2025-10-23 17:23:03.524159
,00XX,00XX,0.1,True,CENSUS_VIP,2025-10-23 17:23:03.524159
,00XX,00XX,842.0,False,CENSUS_VIP,2025-10-23 17:23:03.524159
,00XX,00XX,868.0,False,CENSUS_VIP,2025-10-23 17:23:03.524159
,00XX,00XX,923.0,False,CENSUS_VIP,2025-10-23 17:23:03.524159
,00XX,00XX,1007.0,False,CENSUS_VIP,2025-10-23 17:23:03.524159
,00XX,00XX,1048.0,False,CENSUS_VIP,2025-10-23 17:23:03.524159
,00XX,00XX,1065.0,False,CENSUS_VIP,2025-10-23 17:23:03.524159
,00XX,00XX,1081.0,False,CENSUS_VIP,2025-10-23 17:23:03.524159
,00XX,00XX,6.2,False,CENSUS_VIP,2025-10-23 17:23:03.524159
,00XX,00XX,6.5,False,CENSUS_VIP,2025-10-23 17:23:03.524159
,00XX,00XX,6.7,False,CENSUS_VIP,2025-10-23 17:23:03.524159
,00XX,00XX,6.9,False,CENSUS_VIP,2025-10-23 17:23:03.524159
,00XX,00XX,7.0,False,CENSUS_VIP,2025-10-23 17:23:03.524159
,00XX,00XX,7.2,False,CENSUS_VIP,2025-10-23 17:23:03.524159
,00XX,00XX,7.2,False,CENSUS_VIP,2025-10-23 17:23:03.524159
,00XX,00XX,63494.0,False,CENSUS_VIP,2025-10-23 17:23:03.524159
,00XX,00XX,63594.0,False,CENSUS_VIP,2025-10-23 17:23:03.524159
,00XX,00XX,73052.0,False,CENSUS_VIP,2025-10-23 17:23:03.524159
,00XX,00XX,76539.0,False,CENSUS_VIP,2025-10-23 17:23:03.524159
,00XX,00XX,81235.0,False,CENSUS_VIP,2025-10-23 17:23:03.524159
,00XX,00XX,83041.0,False,CENSUS_VIP,2025-10-23 17:23:03.524159
,00XX,00XX,83733.0,False,CENSUS_VIP,2025-10-23 17:23:03.524159
,00XX,00XX,6.2,False,CENSUS_VIP,2025-10-23 17:23:03.524159
,00XX,00XX,6.5,False,CENSUS_VIP,2025-10-23 17:23:03.524159
,00XX,00XX,6.7,False,CENSUS_VIP,2025-10-23 17:23:03.524159
,00XX,00XX,6.9,False,CENSUS_VIP,2025-10-23 17:23:03.524159
,00XX,00XX,7.0,False,CENSUS_VIP,2025-10-23 17:23:03.524159
,00XX,00XX,7.2,False,CENSUS_VIP,2025-10-23 17:23:03.524159
,00XX,00XX,7.2,False,CENSUS_VIP,2025-10-23 17:23:03.524159
,00XX,00XX,62652.0,False,CENSUS_VIP,2025-10-23 17:23:03.524159
,00XX,00XX,62727.0,False,CENSUS_VIP,2025-10-23 17:23:03.524159
,00XX,00XX,72128.0,False,CENSUS_VIP,2025-10-23 17:23:03.524159
,00XX,00XX,75532.0,False,CENSUS_VIP,2025-10-23 17:23:03.524159
,00XX,00XX,80187.0,False,CENSUS_VIP,2025-10-23 17:23:03.524159
,00XX,00XX,81976.0,False,CENSUS_VIP,2025-10-23 17:23:03.524159
,00XX,00XX,82652.0,False,CENSUS_VIP,2025-10-23 17:23:03.524159
,00XX,00XX,5.0,False,CENSUS_VIP,2025-10-23 17:23:03.524159
,00XX,00XX,5.0,False,CENSUS_VIP,2025-10-23 17:23:03.524159
,00XX,00XX,5.0,False,CENSUS_VIP,2025-10-23 17:23:03.524159
,00XX,00XX,5.0,False,CENSUS_VIP,2025-10-23 17:23:03.524159
,00XX,00XX,5.0,False,CENSUS_VIP,2025-10-23 17:23:03.524159
,00XX,00XX,5.0,False,CENSUS_VIP,2025-10-23 17:23:03.524159
,00XX,00XX,5.0,False,CENSUS_VIP,2025-10-23 17:23:03.524159
,01XX,01XX,1.5,False,CENSUS_VIP,2025-10-23 17:23:03.524159
,01XX,01XX,1.7,False,CENSUS_VIP,2025-10-23 17:23:03.524159
,01XX,01XX,1.4,False,CENSUS_VIP,2025-10-23 17:23:03.524159
,01XX,01XX,1.0,False,CENSUS_VIP,2025-10-23 17:23:03.524159
,01XX,01XX,1.2,False,CENSUS_VIP,2025-10-23 17:23:03.524159
,01XX,01XX,-1.6,True,CENSUS_VIP,2025-10-23 17:23:03.524159
,01XX,01XX,-1.4,True,CENSUS_VIP,2025-10-23 17:23:03.524159
,01XX,01XX,-2.1,True,CENSUS_VIP,2025-10-23 17:23:03.524159
,01XX,01XX,1.0,True,CENSUS_VIP,2025-10-23 17:23:03.524159
,01XX,01XX,1.5,True,CENSUS_VIP,2025-10-23 17:23:03.524159
,01XX,01XX,0.9,True,CENSUS_VIP,2025-10-23 17:23:03.524159
,01XX,01XX,1.5,False,CENSUS_VIP,2025-10-23 17:23:03.524159
,01XX,01XX,1.4,False,CENSUS_VIP,2025-10-23 17:23:03.524159
,01XX,01XX,1.7,False,CENSUS_VIP,2025-10-23 17:23:03.524159
,01XX,01XX,1.4,False,CENSUS_VIP,2025-10-23 17:23:03.524159
,01XX,01XX,1.2,False,CENSUS_VIP,2025-10-23 17:23:03.524159
,01XX,01XX,1.2,False,CENSUS_VIP,2025-10-23 17:23:03.524159
,01XX,01XX,-1.5,True,CENSUS_VIP,2025-10-23 17:23:03.524159
,01XX,01XX,-1.9,True,CENSUS_VIP,2025-10-23 17:23:03.524159
,01XX,01XX,-2.4,True,CENSUS_VIP,2025-10-23 17:23:03.524159
,01XX,01XX,1.1,True,CENSUS_VIP,2025-10-23 17:23:03.524159
,01XX,01XX,0.6,True,CENSUS_VIP,2025-10-23 17:23:03.524159
,01XX,01XX,0.3,True,CENSUS_VIP,2025-10-23 17:23:03.524159
,01XX,01XX,1859.0,False,CENSUS_VIP,2025-10-23 17:23:03.524159
,01XX,01XX,1922.0,False,CENSUS_VIP,2025-10-23 17:23:03.524159
,01XX,01XX,1973.0,False,CENSUS_VIP,2025-10-23 17:23:03.524159
,01XX,01XX,2033.0,False,CENSUS_VIP,2025-10-23 17:23:03.524159
,01XX,01XX,2032.0,False,CENSUS_VIP,2025-10-23 17:23:03.524159
,01XX,01XX,2006.0,False,CENSUS_VIP,2025-10-23 17:23:03.524159
,01XX,01XX,2.6,False,CENSUS_VIP,2025-10-23 17:23:03.524159
,01XX,01XX,2.5,False,CENSUS_VIP,2025-10-23 17:23:03.524159
,01XX,01XX,2.6,False,CENSUS_VIP,2025-10-23 17:23:03.524159
,01XX,01XX,2.6,False,CENSUS_VIP,2025-10-23 17:23:03.524159
,01XX,01XX,2.7,False,CENSUS_VIP,2025-10-23 17:23:03.524159
,01XX,01XX,1798.0,False,CENSUS_VIP,2025-10-23 17:23:03.524159
,01XX,01XX,1799.0,False,CENSUS_VIP,2025-10-23 17:23:03.524159
,01XX,01XX,1847.0,False,CENSUS_VIP,2025-10-23 17:23:03.524159
,01XX,01XX,1878.0,False,CENSUS_VIP,2025-10-23 17:23:03.524159
,01XX,01XX,1930.0,False,CENSUS_VIP,2025-10-23 17:23:03.524159
,03XX,03XX,1.5,True,CENSUS_VIP,2025-10-23 17:23:03.524159
,03XX,03XX,-0.3,True,CENSUS_VIP,2025-10-23 17:23:03.524159
,03XX,03XX,-1.1,True,CENSUS_VIP,2025-10-23 17:23:03.524159
,03XX,03XX,-0.4,True,CENSUS_VIP,2025-10-23 17:23:03.524159
,03XX,03XX,-0.6,True,CENSUS_VIP,2025-10-23 17:23:03.524159
,03XX,03XX,-0.7,True,CENSUS_VIP,2025-10-23 17:23:03.524159
,03XX,03XX,-0.9,True,CENSUS_VIP,2025-10-23 17:23:03.524159
,03XX,03XX,487.0,False,CENSUS_VIP,2025-10-23 17:23:03.524159
,03XX,03XX,517.0,False,CENSUS_VIP,2025-10-23 17:23:03.524159
,03XX,03XX,558.0,False,CENSUS_VIP,2025-10-23 17:23:03.524159
,03XX,03XX,577.0,False,CENSUS_VIP,2025-10-23 17:23:03.524159
,03XX,03XX,596.0,False,CENSUS_VIP,2025-10-23 17:23:03.524159
,03XX,03XX,610.0,False,CENSUS_VIP,2025-10-23 17:23:03.524159
,03XX,03XX,615.0,False,CENSUS_VIP,2025-10-23 17:23:03.524159
,03XX,03XX,8.8,False,CENSUS_VIP,2025-10-23 17:23:03.524159
,03XX,03XX,8.7,False,CENSUS_VIP,2025-10-23 17:23:03.524159
,03XX,03XX,8.5,False,CENSUS_VIP,2025-10-23 17:23:03.524159
,03XX,03XX,8.1,False,CENSUS_VIP,2025-10-23 17:23:03.524159
,03XX,03XX,7.8,False,CENSUS_VIP,2025-10-23 17:23:03.524159
,03XX,03XX,7.6,False,CENSUS_VIP,2025-10-23 17:23:03.524159
,03XX,03XX,7.4,False,CENSUS_VIP,2025-10-23 17:23:03.524159
,03XX,03XX,9350.0,False,CENSUS_VIP,2025-10-23 17:23:03.524159
,03XX,03XX,9342.0,False,CENSUS_VIP,2025-10-23 17:23:03.524159
,03XX,03XX,9656.0,False,CENSUS_VIP,2025-10-23 17:23:03.524159
,03XX,03XX,10152.0,False,CENSUS_VIP,2025-10-23 17:23:03.524159
,03XX,03XX,10219.0,False,CENSUS_VIP,2025-10-23 17:23:03.524159
,03XX,03XX,10346.0,False,CENSUS_VIP,2025-10-23 17:23:03.524159
,03XX,03XX,10342.0,False,CENSUS_VIP,2025-10-23 17:23:03.524159
,03XX,03XX,2.4,False,CENSUS_VIP,2025-10-23 17:23:03.524159
,03XX,03XX,2.4,False,CENSUS_VIP,2025-10-23 17:23:03.524159
,03XX,03XX,2.4,False,CENSUS_VIP,2025-10-23 17:23:03.524159
,03XX,03XX,2.3,False,CENSUS_VIP,2025-10-23 17:23:03.524159
,03XX,03XX,2.3,False,CENSUS_VIP,2025-10-23 17:23:03.524159
,03XX,03XX,2.2,False,CENSUS_VIP,2025-10-23 17:23:03.524159
,03XX,03XX,2.2,False,CENSUS_VIP,2025-10-23 17:23:03.524159
,03XX,03XX,8863.0,False,CENSUS_VIP,2025-10-23 17:23:03.524159
,03XX,03XX,8825.0,False,CENSUS_VIP,2025-10-23 17:23:03.524159
,03XX,03XX,9098.0,False,CENSUS_VIP,2025-10-23 17:23:03.524159
,03XX,03XX,9575.0,False,CENSUS_VIP,2025-10-23 17:23:03.524159
,03XX,03XX,9623.0,False,CENSUS_VIP,2025-10-23 17:23:03.524159
,03XX,03XX,9737.0,False,CENSUS_VIP,2025-10-23 17:23:03.524159
,03XX,03XX,9727.0,False,CENSUS_VIP,2025-10-23 17:23:03.524159
,03XX,03XX,2.5,False,CENSUS_VIP,2025-10-23 17:23:03.524159
,03XX,03XX,2.5,False,CENSUS_VIP,2025-10-23 17:23:03.524159
,03XX,03XX,2.4,False,CENSUS_VIP,2025-10-23 17:23:03.524159
,03XX,03XX,2.4,False,CENSUS_VIP,2025-10-23 17:23:03.524159
,03XX,03XX,2.4,False,CENSUS_VIP,2025-10-23 17:23:03.524159
,03XX,03XX,2.3,False,CENSUS_VIP,2025-10-23 17:23:03.524159
,03XX,03XX,2.3,False,CENSUS_VIP,2025-10-23 17:23:03.524159
,04XX,04XX,1.5,False,CENSUS_VIP,2025-10-23 17:23:03.524159
,04XX,04XX,1.3,False,CENSUS_VIP,2025-10-23 17:23:03.524159
,04XX,04XX,1.2,False,CENSUS_VIP,2025-10-23 17:23:03.524159
,04XX,04XX,1.4,False,CENSUS_VIP,2025-10-23 17:23:03.524159
,04XX,04XX,1.1,False,CENSUS_VIP,2025-10-23 17:23:03.524159
,04XX,04XX,1.8,False,CENSUS_VIP,2025-10-23 17:23:03.524159
,04XX,04XX,1.3,False,CENSUS_VIP,2025-10-23 17:23:03.524159
,04XX,04XX,2.5,True,CENSUS_VIP,2025-10-23 17:23:03.524159
,04XX,04XX,2.3,True,CENSUS_VIP,2025-10-23 17:23:03.524159
,04XX,04XX,-0.2,True,CENSUS_VIP,2025-10-23 17:23:03.524159
,04XX,04XX,2.3,True,CENSUS_VIP,2025-10-23 17:23:03.524159
,04XX,04XX,1.2,True,CENSUS_VIP,2025-10-23 17:23:03.524159
,04XX,04XX,-1.6,True,CENSUS_VIP,2025-10-23 17:23:03.524159
,04XX,04XX,1.3,True,CENSUS_VIP,2025-10-23 17:23:03.524159
,04XX,04XX,0.7,False,CENSUS_VIP,2025-10-23 17:23:03.524159
,04XX,04XX,0.7,False,CENSUS_VIP,2025-10-23 17:23:03.524159
,04XX,04XX,0.8,False,CENSUS_VIP,2025-10-23 17:23:03.524159
,04XX,04XX,0.9,False,CENSUS_VIP,2025-10-23 17:23:03.524159
,04XX,04XX,0.7,False,CENSUS_VIP,2025-10-23 17:23:03.524159
,04XX,04XX,0.9,False,CENSUS_VIP,2025-10-23 17:23:03.524159
,04XX,04XX,0.9,False,CENSUS_VIP,2025-10-23 17:23:03.524159
,04XX,04XX,-0.6,True,CENSUS_VIP,2025-10-23 17:23:03.524159
,04XX,04XX,-0.7,True,CENSUS_VIP,2025-10-23 17:23:03.524159
,04XX,04XX,-0.1,True,CENSUS_VIP,2025-10-23 17:23:03.524159
,04XX,04XX,0.0,True,CENSUS_VIP,2025-10-23 17:23:03.524159
,04XX,04XX,0.8,True,CENSUS_VIP,2025-10-23 17:23:03.524159
,04XX,04XX,-0.3,True,CENSUS_VIP,2025-10-23 17:23:03.524159
,04XX,04XX,0.5,True,CENSUS_VIP,2025-10-23 17:23:03.524159
,04XX,04XX,0.9,False,CENSUS_VIP,2025-10-23 17:23:03.524159
,04XX,04XX,0.8,False,CENSUS_VIP,2025-10-23 17:23:03.524159
,04XX,04XX,0.9,False,CENSUS_VIP,2025-10-23 17:23:03.524159
,04XX,04XX,1.1,False,CENSUS_VIP,2025-10-23 17:23:03.524159
,04XX,04XX,0.9,False,CENSUS_VIP,2025-10-23 17:23:03.524159
,04XX,04XX,1.0,False,CENSUS_VIP,2025-10-23 17:23:03.524159
,04XX,04XX,-1.4,True,CENSUS_VIP,2025-10-23 17:23:03.524159
,04XX,04XX,-1.6,True,CENSUS_VIP,2025-10-23 17:23:03.524159
,04XX,04XX,0.0,True,CENSUS_VIP,2025-10-23 17:23:03.524159
,04XX,04XX,-0.7,True,CENSUS_VIP,2025-10-23 17:23:03.524159
,04XX,04XX,0.2,True,CENSUS_VIP,2025-10-23 17:23:03.524159
,04XX,04XX,0.3,True,CENSUS_VIP,2025-10-23 17:23:03.524159
,04XX,04XX,1191.0,False,CENSUS_VIP,2025-10-23 17:23:03.524159
,04XX,04XX,1207.0,False,CENSUS_VIP,2025-10-23 17:23:03.524159
,04XX,04XX,1243.0,False,CENSUS_VIP,2025-10-23 17:23:03.524159
,04XX,04XX,1365.0,False,CENSUS_VIP,2025-10-23 17:23:03.524159
,04XX,04XX,1370.0,False,CENSUS_VIP,2025-10-23 17:23:03.524159
,04XX,04XX,1400.0,False,CENSUS_VIP,2025-10-23 17:23:03.524159
,04XX,04XX,2.4,False,CENSUS_VIP,2025-10-23 17:23:03.524159
,04XX,04XX,2.3,False,CENSUS_VIP,2025-10-23 17:23:03.524159
,04XX,04XX,2.3,False,CENSUS_VIP,2025-10-23 17:23:03.524159
,04XX,04XX,2.3,False,CENSUS_VIP,2025-10-23 17:23:03.524159
,04XX,04XX,2.3,False,CENSUS_VIP,2025-10-23 17:23:03.524159
,04XX,04XX,5430.0,False,CENSUS_VIP,2025-10-23 17:23:03.524159
,04XX,04XX,5353.0,False,CENSUS_VIP,2025-10-23 17:23:03.524159
,04XX,04XX,5558.0,False,CENSUS_VIP,2025-10-23 17:23:03.524159
,04XX,04XX,5733.0,False,CENSUS_VIP,2025-10-23 17:23:03.524159
,04XX,04XX,5835.0,False,CENSUS_VIP,2025-10-23 17:23:03.524159
,04XX,04XX,5874.0,False,CENSUS_VIP,2025-10-23 17:23:03.524159
,04XX,04XX,1.6,False,CENSUS_VIP,2025-10-23 17:23:03.524159
,04XX,04XX,1.6,False,CENSUS_VIP,2025-10-23 17:23:03.524159
,04XX,04XX,1.6,False,CENSUS_VIP,2025-10-23 17:23:03.524159
,04XX,04XX,1.6,False,CENSUS_VIP,2025-10-23 17:23:03.524159
,04XX,04XX,1.6,False,CENSUS_VIP,2025-10-23 17:23:03.524159
,04XX,04XX,1.6,False,CENSUS_VIP,2025-10-23 17:23:03.524159
,04XX,04XX,4239.0,False,CENSUS_VIP,2025-10-23 17:23:03.524159
,04XX,04XX,4146.0,False,CENSUS_VIP,2025-10-23 17:23:03.524159
,04XX,04XX,4395.0,False,CENSUS_VIP,2025-10-23 17:23:03.524159
,04XX,04XX,4470.0,False,CENSUS_VIP,2025-10-23 17:23:03.524159
,04XX,04XX,4529.0,False,CENSUS_VIP,2025-10-23 17:23:03.524159
,04XX,04XX,4474.0,False,CENSUS_VIP,2025-10-23 17:23:03.524159
,04XX,04XX,1.9,False,CENSUS_VIP,2025-10-23 17:23:03.524159
,04XX,04XX,1.9,False,CENSUS_VIP,2025-10-23 17:23:03.524159
,A06XX,A06XX,8.1,True,CENSUS_VIP,2025-10-23 17:23:03.524159
,A06XX,A06XX,7.9,True,CENSUS_VIP,2025-10-23 17:23:03.524159
,A06XX,A06XX,7.7,True,CENSUS_VIP,2025-10-23 17:23:03.524159
,A06XX,A06XX,7.5,True,CENSUS_VIP,2025-10-23 17:23:03.524159
,A06XX,A06XX,7.3,True,CENSUS_VIP,2025-10-23 17:23:03.524159
,A07XX,A07XX,19012.0,True,CENSUS_VIP,2025-10-23 17:23:03.524159
,A07XX,A07XX,19094.0,True,CENSUS_VIP,2025-10-23 17:23:03.524159
,A07XX,A07XX,18948.0,True,CENSUS_VIP,2025-10-23 17:23:03.524159
,A07XX,A07XX,19183.0,True,CENSUS_VIP,2025-10-23 17:23:03.524159
,A07XX,A07XX,19062.0,True,CENSUS_VIP,2025-10-23 17:23:03.524159
,A07XX,A07XX,19099.0,True,CENSUS_VIP,2025-10-23 17:23:03.524159
,A07XX,A07XX,19123.0,True,CENSUS_VIP,2025-10-23 17:23:03.524159
,A07XX,A07XX,3.5,True,CENSUS_VIP,2025-10-23 17:23:03.524159
,A07XX,A07XX,3.5,True,CENSUS_VIP,2025-10-23 17:23:03.524159
,A07XX,A07XX,3.4,True,CENSUS_VIP,2025-10-23 17:23:03.524159
,A07XX,A07XX,3.3,True,CENSUS_VIP,2025-10-23 17:23:03.524159
,A07XX,A07XX,3.3,True,CENSUS_VIP,2025-10-23 17:23:03.524159
,A07XX,A07XX,3.2,True,CENSUS_VIP,2025-10-23 17:23:03.524159
,A07XX,A07XX,3.2,True,CENSUS_VIP,2025-10-23 17:23:03.524159
,A07XX,A07XX,19252.0,True,CENSUS_VIP,2025-10-23 17:23:03.524159
,A07XX,A07XX,19323.0,True,CENSUS_VIP,2025-10-23 17:23:03.524159
,A07XX,A07XX,19200.0,True,CENSUS_VIP,2025-10-23 17:23:03.524159
,A07XX,A07XX,19444.0,True,CENSUS_VIP,2025-10-23 17:23:03.524159
,A07XX,A07XX,19304.0,True,CENSUS_VIP,2025-10-23 17:23:03.524159
,A07XX,A07XX,19322.0,True,CENSUS_VIP,2025-10-23 17:23:03.524159
,A07XX,A07XX,19347.0,True,CENSUS_VIP,2025-10-23 17:23:03.524159
,A07XX,A07XX,3.5,True,CENSUS_VIP,2025-10-23 17:23:03.524159
,A07XX,A07XX,3.5,True,CENSUS_VIP,2025-10-23 17:23:03.524159
,A07XX,A07XX,3.4,True,CENSUS_VIP,2025-10-23 17:23:03.524159
,A07XX,A07XX,3.3,True,CENSUS_VIP,2025-10-23 17:23:03.524159
,A07XX,A07XX,3.3,True,CENSUS_VIP,2025-10-23 17:23:03.524159
,A07XX,A07XX,3.2,True,CENSUS_VIP,2025-10-23 17:23:03.524159
,A07XX,A07XX,3.2,True,CENSUS_VIP,2025-10-23 17:23:03.524159
,A08XX,A08XX,22537.0,True,CENSUS_VIP,2025-10-23 17:23:03.524159
,A08XX,A08XX,22870.0,True,CENSUS_VIP,2025-10-23 17:23:03.524159
,A08XX,A08XX,23183.0,True,CENSUS_VIP,2025-10-23 17:23:03.524159
,A08XX,A08XX,23442.0,True,CENSUS_VIP,2025-10-23 17:23:03.524159
,A08XX,A08XX,23474.0,True,CENSUS_VIP,2025-10-23 17:23:03.524159
,A08XX,A08XX,23338.0,True,CENSUS_VIP,2025-10-23 17:23:03.524159
,A08XX,A08XX,23437.0,True,CENSUS_VIP,2025-10-23 17:23:03.524159
,A08XX,A08XX,3.8,True,CENSUS_VIP,2025-10-23 17:23:03.524159
,A08XX,A08XX,3.8,True,CENSUS_VIP,2025-10-23 17:23:03.524159
,A08XX,A08XX,3.7,True,CENSUS_VIP,2025-10-23 17:23:03.524159
,A08XX,A08XX,3.6,True,CENSUS_VIP,2025-10-23 17:23:03.524159
,A08XX,A08XX,3.6,True,CENSUS_VIP,2025-10-23 17:23:03.524159
,A08XX,A08XX,3.5,True,CENSUS_VIP,2025-10-23 17:23:03.524159
,A08XX,A08XX,3.4,True,CENSUS_VIP,2025-10-23 17:23:03.524159
,A08XX,A08XX,40541.0,True,CENSUS_VIP,2025-10-23 17:23:03.524159
,A08XX,A08XX,41199.0,True,CENSUS_VIP,2025-10-23 17:23:03.524159
,A08XX,A08XX,41861.0,True,CENSUS_VIP,2025-10-23 17:23:03.524159
,A08XX,A08XX,42626.0,True,CENSUS_VIP,2025-10-23 17:23:03.524159
,A08XX,A08XX,42687.0,True,CENSUS_VIP,2025-10-23 17:23:03.524159
,A08XX,A08XX,42710.0,True,CENSUS_VIP,2025-10-23 17:23:03.524159
,A08XX,A08XX,42619.0,True,CENSUS_VIP,2025-10-23 17:23:03.524159
,A08XX,A08XX,2.6,True,CENSUS_VIP,2025-10-23 17:23:03.524159
,A08XX,A08XX,2.6,True,CENSUS_VIP,2025-10-23 17:23:03.524159
,A08XX,A08XX,2.5,True,CENSUS_VIP,2025-10-23 17:23:03.524159
,A08XX,A08XX,2.5,True,CENSUS_VIP,2025-10-23 17:23:03.524159
,A08XX,A08XX,2.4,True,CENSUS_VIP,2025-10-23 17:23:03.524159
,A08XX,A08XX,2.4,True,CENSUS_VIP,2025-10-23 17:23:03.524159
,A08XX,A08XX,2.4,True,CENSUS_VIP,2025-10-23 17:23:03.524159
,A08XX,A08XX,18004.0,True,CENSUS_VIP,2025-10-23 17:23:03.524159
,A08XX,A08XX,18329.0,True,CENSUS_VIP,2025-10-23 17:23:03.524159
,A08XX,A08XX,18679.0,True,CENSUS_VIP,2025-10-23 17:23:03.524159
,A08XX,A08XX,19184.0,True,CENSUS_VIP,2025-10-23 17:23:03.524159
,A08XX,A08XX,19212.0,True,CENSUS_VIP,2025-10-23 17:23:03.524159
,A08XX,A08XX,19372.0,True,CENSUS_VIP,2025-10-23 17:23:03.524159
,A08XX,A08XX,19182.0,True,CENSUS_VIP,2025-10-23 17:23:03.524159
,A08XX,A08XX,3.3,True,CENSUS_VIP,2025-10-23 17:23:03.524159
,A08XX,A08XX,3.3,True,CENSUS_VIP,2025-10-23 17:23:03.524159
,A08XX,A08XX,3.3,True,CENSUS_VIP,2025-10-23 17:23:03.524159
,A08XX,A08XX,3.3,True,CENSUS_VIP,2025-10-23 17:23:03.524159
,A08XX,A08XX,3.3,True,CENSUS_VIP,2025-10-23 17:23:03.524159
,A08XX,A08XX,3.2,True,CENSUS_VIP,2025-10-23 17:23:03.524159
,A08XX,A08XX,3.2,True,CENSUS_VIP,2025-10-23 17:23:03.524159
,A09XX,A09XX,47614.0,True,CENSUS_VIP,2025-10-23 17:23:03.524159
,A09XX,A09XX,47750.0,True,CENSUS_VIP,2025-10-23 17:23:03.524159
,A09XX,A09XX,48697.0,True,CENSUS_VIP,2025-10-23 17:23:03.524159
,A09XX,A09XX,48776.0,True,CENSUS_VIP,2025-10-23 17:23:03.524159
,A09XX,A09XX,49163.0,True,CENSUS_VIP,2025-10-23 17:23:03.524159
,A09XX,A09XX,49146.0,True,CENSUS_VIP,2025-10-23 17:23:03.524159
,A09XX,A09XX,49291.0,True,CENSUS_VIP,2025-10-23 17:23:03.524159
,A09XX,A09XX,3.0,True,CENSUS_VIP,2025-10-23 17:23:03.524159
,A09XX,A09XX,3.1,True,CENSUS_VIP,2025-10-23 17:23:03.524159
,A09XX,A09XX,3.3,True,CENSUS_VIP,2025-10-23 17:23:03.524159
,A09XX,A09XX,3.4,True,CENSUS_VIP,2025-10-23 17:23:03.524159
,A09XX,A09XX,3.4,True,CENSUS_VIP,2025-10-23 17:23:03.524159
,A09XX,A09XX,3.5,True,CENSUS_VIP,2025-10-23 17:23:03.524159
,A09XX,A09XX,67277.0,True,CENSUS_VIP,2025-10-23 17:23:03.524159
,A09XX,A09XX,67976.0,True,CENSUS_VIP,2025-10-23 17:23:03.524159
,06XX,06XX,7.7,False,CENSUS_VIP,2025-10-23 17:23:03.524159
,06XX,06XX,7.5,False,CENSUS_VIP,2025-10-23 17:23:03.524159
,06XX,06XX,7.3,False,CENSUS_VIP,2025-10-23 17:23:03.524159
,06XX,06XX,374.0,False,CENSUS_VIP,2025-10-23 17:23:03.524159
,06XX,06XX,377.0,False,CENSUS_VIP,2025-10-23 17:23:03.524159
,06XX,06XX,388.0,False,CENSUS_VIP,2025-10-23 17:23:03.524159
,06XX,06XX,397.0,False,CENSUS_VIP,2025-10-23 17:23:03.524159
,06XX,06XX,385.0,False,CENSUS_VIP,2025-10-23 17:23:03.524159
,06XX,06XX,389.0,False,CENSUS_VIP,2025-10-23 17:23:03.524159
,06XX,06XX,390.0,False,CENSUS_VIP,2025-10-23 17:23:03.524159
,06XX,06XX,8.4,False,CENSUS_VIP,2025-10-23 17:23:03.524159
,06XX,06XX,8.3,False,CENSUS_VIP,2025-10-23 17:23:03.524159
,06XX,06XX,8.1,False,CENSUS_VIP,2025-10-23 17:23:03.524159
,06XX,06XX,7.9,False,CENSUS_VIP,2025-10-23 17:23:03.524159
,06XX,06XX,7.7,False,CENSUS_VIP,2025-10-23 17:23:03.524159
,06XX,06XX,7.5,False,CENSUS_VIP,2025-10-23 17:23:03.524159
,06XX,06XX,7.3,False,CENSUS_VIP,2025-10-23 17:23:03.524159
,07XX,07XX,1.8,False,CENSUS_VIP,2025-10-23 17:23:03.524159
,07XX,07XX,1.9,False,CENSUS_VIP,2025-10-23 17:23:03.524159
,07XX,07XX,2.7,False,CENSUS_VIP,2025-10-23 17:23:03.524159
,07XX,07XX,1.8,False,CENSUS_VIP,2025-10-23 17:23:03.524159
,07XX,07XX,1.7,False,CENSUS_VIP,2025-10-23 17:23:03.524159
,07XX,07XX,2.0,False,CENSUS_VIP,2025-10-23 17:23:03.524159
,07XX,07XX,2.1,False,CENSUS_VIP,2025-10-23 17:23:03.524159
,07XX,07XX,2.1,True,CENSUS_VIP,2025-10-23 17:23:03.524159
,07XX,07XX,0.4,True,CENSUS_VIP,2025-10-23 17:23:03.524159
,07XX,07XX,-0.8,True,CENSUS_VIP,2025-10-23 17:23:03.524159
,07XX,07XX,1.2,True,CENSUS_VIP,2025-10-23 17:23:03.524159
,07XX,07XX,-0.6,True,CENSUS_VIP,2025-10-23 17:23:03.524159
,07XX,07XX,0.2,True,CENSUS_VIP,2025-10-23 17:23:03.524159
,07XX,07XX,0.1,True,CENSUS_VIP,2025-10-23 17:23:03.524159
,07XX,07XX,1.8,False,CENSUS_VIP,2025-10-23 17:23:03.524159
,07XX,07XX,1.8,False,CENSUS_VIP,2025-10-23 17:23:03.524159
,07XX,07XX,2.6,False,CENSUS_VIP,2025-10-23 17:23:03.524159
,07XX,07XX,1.8,False,CENSUS_VIP,2025-10-23 17:23:03.524159
,07XX,07XX,1.7,False,CENSUS_VIP,2025-10-23 17:23:03.524159
,07XX,07XX,2.0,False,CENSUS_VIP,2025-10-23 17:23:03.524159
,07XX,07XX,2.1,False,CENSUS_VIP,2025-10-23 17:23:03.524159
,07XX,07XX,2.2,True,CENSUS_VIP,2025-10-23 17:23:03.524159
,07XX,07XX,0.4,True,CENSUS_VIP,2025-10-23 17:23:03.524159
,07XX,07XX,-0.6,True,CENSUS_VIP,2025-10-23 17:23:03.524159
,07XX,07XX,1.3,True,CENSUS_VIP,2025-10-23 17:23:03.524159
,07XX,07XX,-0.7,True,CENSUS_VIP,2025-10-23 17:23:03.524159
,07XX,07XX,0.1,True,CENSUS_VIP,2025-10-23 17:23:03.524159
,07XX,07XX,0.1,True,CENSUS_VIP,2025-10-23 17:23:03.524159
,07XX,07XX,1462.0,False,CENSUS_VIP,2025-10-23 17:23:03.524159
,07XX,07XX,1470.0,False,CENSUS_VIP,2025-10-23 17:23:03.524159
,07XX,07XX,1512.0,False,CENSUS_VIP,2025-10-23 17:23:03.524159
,07XX,07XX,1598.0,False,CENSUS_VIP,2025-10-23 17:23:03.524159
,07XX,07XX,1628.0,False,CENSUS_VIP,2025-10-23 17:23:03.524159
,07XX,07XX,1674.0,False,CENSUS_VIP,2025-10-23 17:23:03.524159
,07XX,07XX,1630.0,False,CENSUS_VIP,2025-10-23 17:23:03.524159
,07XX,07XX,3.5,False,CENSUS_VIP,2025-10-23 17:23:03.524159
,07XX,07XX,3.5,False,CENSUS_VIP,2025-10-23 17:23:03.524159
,07XX,07XX,3.4,False,CENSUS_VIP,2025-10-23 17:23:03.524159
,07XX,07XX,3.3,False,CENSUS_VIP,2025-10-23 17:23:03.524159
,07XX,07XX,3.3,False,CENSUS_VIP,2025-10-23 17:23:03.524159
,07XX,07XX,3.2,False,CENSUS_VIP,2025-10-23 17:23:03.524159
,07XX,07XX,3.2,False,CENSUS_VIP,2025-10-23 17:23:03.524159
,07XX,07XX,1477.0,False,CENSUS_VIP,2025-10-23 17:23:03.524159
,07XX,07XX,1486.0,False,CENSUS_VIP,2025-10-23 17:23:03.524159
,07XX,07XX,1531.0,False,CENSUS_VIP,2025-10-23 17:23:03.524159
,07XX,07XX,1620.0,False,CENSUS_VIP,2025-10-23 17:23:03.524159
,07XX,07XX,1650.0,False,CENSUS_VIP,2025-10-23 17:23:03.524159
,07XX,07XX,1696.0,False,CENSUS_VIP,2025-10-23 17:23:03.524159
,07XX,07XX,1653.0,False,CENSUS_VIP,2025-10-23 17:23:03.524159
,07XX,07XX,3.5,False,CENSUS_VIP,2025-10-23 17:23:03.524159
,07XX,07XX,3.5,False,CENSUS_VIP,2025-10-23 17:23:03.524159
,07XX,07XX,3.4,False,CENSUS_VIP,2025-10-23 17:23:03.524159
,07XX,07XX,3.3,False,CENSUS_VIP,2025-10-23 17:23:03.524159
,07XX,07XX,3.3,False,CENSUS_VIP,2025-10-23 17:23:03.524159
,07XX,07XX,3.2,False,CENSUS_VIP,2025-10-23 17:23:03.524159
,07XX,07XX,3.2,False,CENSUS_VIP,2025-10-23 17:23:03.524159
,08XX,08XX,1.7,False,CENSUS_VIP,2025-10-23 17:23:03.524159
,08XX,08XX,1.6,False,CENSUS_VIP,2025-10-23 17:23:03.524159
,08XX,08XX,2.4,False,CENSUS_VIP,2025-10-23 17:23:03.524159
,08XX,08XX,1.7,False,CENSUS_VIP,2025-10-23 17:23:03.524159
,08XX,08XX,2.0,False,CENSUS_VIP,2025-10-23 17:23:03.524159
,08XX,08XX,2.3,False,CENSUS_VIP,2025-10-23 17:23:03.524159
,08XX,08XX,1.7,False,CENSUS_VIP,2025-10-23 17:23:03.524159
,08XX,08XX,-3.7,True,CENSUS_VIP,2025-10-23 17:23:03.524159
,08XX,08XX,1.4,True,CENSUS_VIP,2025-10-23 17:23:03.524159
,08XX,08XX,1.1,True,CENSUS_VIP,2025-10-23 17:23:03.524159
,08XX,08XX,0.1,True,CENSUS_VIP,2025-10-23 17:23:03.524159
,08XX,08XX,-0.6,True,CENSUS_VIP,2025-10-23 17:23:03.524159
,08XX,08XX,0.4,True,CENSUS_VIP,2025-10-23 17:23:03.524159
,08XX,08XX,1.1,False,CENSUS_VIP,2025-10-23 17:23:03.524159
,08XX,08XX,1.5,False,CENSUS_VIP,2025-10-23 17:23:03.524159
,08XX,08XX,1.2,False,CENSUS_VIP,2025-10-23 17:23:03.524159
,08XX,08XX,1.2,False,CENSUS_VIP,2025-10-23 17:23:03.524159
,08XX,08XX,1.1,False,CENSUS_VIP,2025-10-23 17:23:03.524159
,08XX,08XX,-3.1,True,CENSUS_VIP,2025-10-23 17:23:03.524159
,08XX,08XX,1.6,True,CENSUS_VIP,2025-10-23 17:23:03.524159
,08XX,08XX,1.6,True,CENSUS_VIP,2025-10-23 17:23:03.524159
,08XX,08XX,1.8,True,CENSUS_VIP,2025-10-23 17:23:03.524159
,08XX,08XX,0.1,True,CENSUS_VIP,2025-10-23 17:23:03.524159
,08XX,08XX,-0.2,True,CENSUS_VIP,2025-10-23 17:23:03.524159
,08XX,08XX,1.6,False,CENSUS_VIP,2025-10-23 17:23:03.524159
,08XX,08XX,1.5,False,CENSUS_VIP,2025-10-23 17:23:03.524159
,08XX,08XX,1.6,False,CENSUS_VIP,2025-10-23 17:23:03.524159
,08XX,08XX,1.3,False,CENSUS_VIP,2025-10-23 17:23:03.524159
,08XX,08XX,1.4,False,CENSUS_VIP,2025-10-23 17:23:03.524159
,08XX,08XX,1.3,False,CENSUS_VIP,2025-10-23 17:23:03.524159
,08XX,08XX,-2.4,True,CENSUS_VIP,2025-10-23 17:23:03.524159
,08XX,08XX,1.8,True,CENSUS_VIP,2025-10-23 17:23:03.524159
,08XX,08XX,2.7,True,CENSUS_VIP,2025-10-23 17:23:03.524159
,08XX,08XX,0.1,True,CENSUS_VIP,2025-10-23 17:23:03.524159
,08XX,08XX,0.8,True,CENSUS_VIP,2025-10-23 17:23:03.524159
,08XX,08XX,-1.0,True,CENSUS_VIP,2025-10-23 17:23:03.524159
,08XX,08XX,1612.0,False,CENSUS_VIP,2025-10-23 17:23:03.524159
,08XX,08XX,1766.0,False,CENSUS_VIP,2025-10-23 17:23:03.524159
,08XX,08XX,1963.0,False,CENSUS_VIP,2025-10-23 17:23:03.524159
,08XX,08XX,2049.0,False,CENSUS_VIP,2025-10-23 17:23:03.524159
,08XX,08XX,2117.0,False,CENSUS_VIP,2025-10-23 17:23:03.524159
,08XX,08XX,3.8,False,CENSUS_VIP,2025-10-23 17:23:03.524159
,08XX,08XX,3.8,False,CENSUS_VIP,2025-10-23 17:23:03.524159
,08XX,08XX,3.7,False,CENSUS_VIP,2025-10-23 17:23:03.524159
,08XX,08XX,3.6,False,CENSUS_VIP,2025-10-23 17:23:03.524159
,08XX,08XX,3.5,False,CENSUS_VIP,2025-10-23 17:23:03.524159
,09XX,09XX,2.8,False,CENSUS_VIP,2025-10-23 17:23:03.524159
,09XX,09XX,2.9,False,CENSUS_VIP,2025-10-23 17:23:03.524159
,09XX,09XX,2.9,False,CENSUS_VIP,2025-10-23 17:23:03.524159
,09XX,09XX,3.0,False,CENSUS_VIP,2025-10-23 17:23:03.524159
,09XX,09XX,1440.0,False,CENSUS_VIP,2025-10-23 17:23:03.524159
,09XX,09XX,1460.0,False,CENSUS_VIP,2025-10-23 17:23:03.524159
,09XX,09XX,1469.0,False,CENSUS_VIP,2025-10-23 17:23:03.524159
,09XX,09XX,1560.0,False,CENSUS_VIP,2025-10-23 17:23:03.524159
,09XX,09XX,1623.0,False,CENSUS_VIP,2025-10-23 17:23:03.524159
,09XX,09XX,1658.0,False,CENSUS_VIP,2025-10-23 17:23:03.524159
,09XX,09XX,1659.0,False,CENSUS_VIP,2025-10-23 17:23:03.524159
,09XX,09XX,3.3,False,CENSUS_VIP,2025-10-23 17:23:03.524159
,09XX,09XX,3.3,False,CENSUS_VIP,2025-10-23 17:23:03.524159
,09XX,09XX,3.4,False,CENSUS_VIP,2025-10-23 17:23:03.524159
,09XX,09XX,3.4,False,CENSUS_VIP,2025-10-23 17:23:03.524159
,09XX,09XX,3.5,False,CENSUS_VIP,2025-10-23 17:23:03.524159
,09XX,09XX,3.5,False,CENSUS_VIP,2025-10-23 17:23:03.524159
,09XX,09XX,3.6,False,CENSUS_VIP,2025-10-23 17:23:03.524159
,10XX,10XX,2.5,False,CENSUS_VIP,2025-10-23 17:23:03.524159
,10XX,10XX,4.3,False,CENSUS_VIP,2025-10-23 17:23:03.524159
,10XX,10XX,1.2,False,CENSUS_VIP,2025-10-23 17:23:03.524159
,10XX,10XX,3.4,False,CENSUS_VIP,2025-10-23 17:23:03.524159
,10XX,10XX,2.3,False,CENSUS_VIP,2025-10-23 17:23:03.524159
,10XX,10XX,4.0,False,CENSUS_VIP,2025-10-23 17:23:03.524159
,10XX,10XX,6.7,False,CENSUS_VIP,2025-10-23 17:23:03.524159
,10XX,10XX,-1.6,True,CENSUS_VIP,2025-10-23 17:23:03.524159
,10XX,10XX,-0.6,True,CENSUS_VIP,2025-10-23 17:23:03.524159
,10XX,10XX,-0.5,True,CENSUS_VIP,2025-10-23 17:23:03.524159
,10XX,10XX,0.4,True,CENSUS_VIP,2025-10-23 17:23:03.524159
,10XX,10XX,1.0,True,CENSUS_VIP,2025-10-23 17:23:03.524159
,10XX,10XX,0.7,True,CENSUS_VIP,2025-10-23 17:23:03.524159
,10XX,10XX,0.0,True,CENSUS_VIP,2025-10-23 17:23:03.524159
,10XX,10XX,0.0,False,CENSUS_VIP,2025-10-23 17:23:03.524159
,10XX,10XX,0.0,False,CENSUS_VIP,2025-10-23 17:23:03.524159
,10XX,10XX,0.0,False,CENSUS_VIP,2025-10-23 17:23:03.524159
,10XX,10XX,0.0,False,CENSUS_VIP,2025-10-23 17:23:03.524159
,10XX,10XX,0.0,False,CENSUS_VIP,2025-10-23 17:23:03.524159
,10XX,10XX,0.0,False,CENSUS_VIP,2025-10-23 17:23:03.524159
,10XX,10XX,0.0,False,CENSUS_VIP,2025-10-23 17:23:03.524159
,10XX,10XX,-1.0,True,CENSUS_VIP,2025-10-23 17:23:03.524159
,10XX,10XX,-0.6,True,CENSUS_VIP,2025-10-23 17:23:03.524159
,10XX,10XX,-0.6,True,CENSUS_VIP,2025-10-23 17:23:03.524159
,10XX,10XX,-0.1,True,CENSUS_VIP,2025-10-23 17:23:03.524159
,10XX,10XX,0.4,True,CENSUS_VIP,2025-10-23 17:23:03.524159
,10XX,10XX,0.5,True,CENSUS_VIP,2025-10-23 17:23:03.524159
,10XX,10XX,0.0,True,CENSUS_VIP,2025-10-23 17:23:03.524159
,10XX,10XX,2216.0,False,CENSUS_VIP,2025-10-23 17:23:03.524159
,10XX,10XX,2195.0,False,CENSUS_VIP,2025-10-23 17:23:03.524159
,10XX,10XX,2372.0,False,CENSUS_VIP,2025-10-23 17:23:03.524159
,10XX,10XX,2400.0,False,CENSUS_VIP,2025-10-23 17:23:03.524159
,10XX,10XX,2422.0,False,CENSUS_VIP,2025-10-23 17:23:03.524159
,10XX,10XX,2399.0,False,CENSUS_VIP,2025-10-23 17:23:03.524159
,10XX,10XX,2461.0,False,CENSUS_VIP,2025-10-23 17:23:03.524159
,10XX,10XX,10.9,False,CENSUS_VIP,2025-10-23 17:23:03.524159
,10XX,10XX,10.3,False,CENSUS_VIP,2025-10-23 17:23:03.524159
,10XX,10XX,9.8,False,CENSUS_VIP,2025-10-23 17:23:03.524159
,10XX,10XX,9.2,False,CENSUS_VIP,2025-10-23 17:23:03.524159
,10XX,10XX,8.9,False,CENSUS_VIP,2025-10-23 17:23:03.524159
,10XX,10XX,8.7,False,CENSUS_VIP,2025-10-23 17:23:03.524159
,10XX,10XX,8.5,False,CENSUS_VIP,2025-10-23 17:23:03.524159
,10XX,10XX,2167.0,False,CENSUS_VIP,2025-10-23 17:23:03.524159
,10XX,10XX,2148.0,False,CENSUS_VIP,2025-10-23 17:23:03.524159
,10XX,10XX,2321.0,False,CENSUS_VIP,2025-10-23 17:23:03.524159
,10XX,10XX,2336.0,False,CENSUS_VIP,2025-10-23 17:23:03.524159
,10XX,10XX,2342.0,False,CENSUS_VIP,2025-10-23 17:23:03.524159
,10XX,10XX,2313.0,False,CENSUS_VIP,2025-10-23 17:23:03.524159
,10XX,10XX,2374.0,False,CENSUS_VIP,2025-10-23 17:23:03.524159
,10XX,10XX,0.0,False,CENSUS_VIP,2025-10-23 17:23:03.524159
,10XX,10XX,0.0,False,CENSUS_VIP,2025-10-23 17:23:03.524159
,10XX,10XX,0.0,False,CENSUS_VIP,2025-10-23 17:23:03.524159
,10XX,10XX,0.0,False,CENSUS_VIP,2025-10-23 17:23:03.524159
,10XX,10XX,0.0,False,CENSUS_VIP,2025-10-23 17:23:03.524159
,10XX,10XX,0.0,False,CENSUS_VIP,2025-10-23 17:23:03.524159
,10XX,10XX,0.0,False,CENSUS_VIP,2025-10-23 17:23:03.524159
,11XX,11XX,3.3,False,CENSUS_VIP,2025-10-23 17:23:03.524159
,11XX,11XX,3.9,False,CENSUS_VIP,2025-10-23 17:23:03.524159
,11XX,11XX,4.3,False,CENSUS_VIP,2025-10-23 17:23:03.524159
,11XX,11XX,5.4,False,CENSUS_VIP,2025-10-23 17:23:03.524159
,11XX,11XX,4.2,False,CENSUS_VIP,2025-10-23 17:23:03.524159
,11XX,11XX,6.2,False,CENSUS_VIP,2025-10-23 17:23:03.524159
,11XX,11XX,4.6,False,CENSUS_VIP,2025-10-23 17:23:03.524159
,11XX,11XX,-2.2,True,CENSUS_VIP,2025-10-23 17:23:03.524159
,11XX,11XX,-1.1,True,CENSUS_VIP,2025-10-23 17:23:03.524159
,11XX,11XX,-1.8,True,CENSUS_VIP,2025-10-23 17:23:03.524159
,11XX,11XX,-0.4,True,CENSUS_VIP,2025-10-23 17:23:03.524159
,11XX,11XX,-0.3,True,CENSUS_VIP,2025-10-23 17:23:03.524159
,11XX,11XX,1.7,True,CENSUS_VIP,2025-10-23 17:23:03.524159
,11XX,11XX,0.3,False,CENSUS_VIP,2025-10-23 17:23:03.524159
,11XX,11XX,0.3,False,CENSUS_VIP,2025-10-23 17:23:03.524159
,11XX,11XX,0.3,False,CENSUS_VIP,2025-10-23 17:23:03.524159
,11XX,11XX,0.4,False,CENSUS_VIP,2025-10-23 17:23:03.524159
,11XX,11XX,0.5,False,CENSUS_VIP,2025-10-23 17:23:03.524159
,11XX,11XX,0.3,False,CENSUS_VIP,2025-10-23 17:23:03.524159
,11XX,11XX,2.5,True,CENSUS_VIP,2025-10-23 17:23:03.524159
,11XX,11XX,-0.5,True,CENSUS_VIP,2025-10-23 17:23:03.524159
,11XX,11XX,0.4,True,CENSUS_VIP,2025-10-23 17:23:03.524159
,11XX,11XX,-0.1,True,CENSUS_VIP,2025-10-23 17:23:03.524159
,11XX,11XX,-0.4,True,CENSUS_VIP,2025-10-23 17:23:03.524159
,11XX,11XX,-0.4,True,CENSUS_VIP,2025-10-23 17:23:03.524159
,11XX,11XX,0.2,False,CENSUS_VIP,2025-10-23 17:23:03.524159
,11XX,11XX,0.1,False,CENSUS_VIP,2025-10-23 17:23:03.524159
,11XX,11XX,0.2,False,CENSUS_VIP,2025-10-23 17:23:03.524159
,11XX,11XX,0.4,False,CENSUS_VIP,2025-10-23 17:23:03.524159
,11XX,11XX,0.4,False,CENSUS_VIP,2025-10-23 17:23:03.524159
,11XX,11XX,3.1,True,CENSUS_VIP,2025-10-23 17:23:03.524159
,11XX,11XX,0.4,True,CENSUS_VIP,2025-10-23 17:23:03.524159
,11XX,11XX,-0.3,True,CENSUS_VIP,2025-10-23 17:23:03.524159
,11XX,11XX,0.5,True,CENSUS_VIP,2025-10-23 17:23:03.524159
,11XX,11XX,-0.4,True,CENSUS_VIP,2025-10-23 17:23:03.524159
,11XX,11XX,-0.7,True,CENSUS_VIP,2025-10-23 17:23:03.524159
,11XX,11XX,1346.0,False,CENSUS_VIP,2025-10-23 17:23:03.524159
,11XX,11XX,1348.0,False,CENSUS_VIP,2025-10-23 17:23:03.524159
,11XX,11XX,1295.0,False,CENSUS_VIP,2025-10-23 17:23:03.524159
,11XX,11XX,1523.0,False,CENSUS_VIP,2025-10-23 17:23:03.524159
,11XX,11XX,1573.0,False,CENSUS_VIP,2025-10-23 17:23:03.524159
,11XX,11XX,1497.0,False,CENSUS_VIP,2025-10-23 17:23:03.524159
,11XX,11XX,6.6,False,CENSUS_VIP,2025-10-23 17:23:03.524159
,11XX,11XX,6.7,False,CENSUS_VIP,2025-10-23 17:23:03.524159
,11XX,11XX,6.9,False,CENSUS_VIP,2025-10-23 17:23:03.524159
,11XX,11XX,7.1,False,CENSUS_VIP,2025-10-23 17:23:03.524159
,11XX,11XX,7.4,False,CENSUS_VIP,2025-10-23 17:23:03.524159
,11XX,11XX,7.6,False,CENSUS_VIP,2025-10-23 17:23:03.524159
,11XX,11XX,12718.0,False,CENSUS_VIP,2025-10-23 17:23:03.524159
,11XX,11XX,12835.0,False,CENSUS_VIP,2025-10-23 17:23:03.524159
,11XX,11XX,12907.0,False,CENSUS_VIP,2025-10-23 17:23:03.524159
,11XX,11XX,13174.0,False,CENSUS_VIP,2025-10-23 17:23:03.524159
,11XX,11XX,13290.0,False,CENSUS_VIP,2025-10-23 17:23:03.524159
,11XX,11XX,13359.0,False,CENSUS_VIP,2025-10-23 17:23:03.524159
,11XX,11XX,13125.0,False,CENSUS_VIP,2025-10-23 17:23:03.524159
,11XX,11XX,0.5,False,CENSUS_VIP,2025-10-23 17:23:03.524159
,11XX,11XX,0.5,False,CENSUS_VIP,2025-10-23 17:23:03.524159
,11XX,11XX,0.5,False,CENSUS_VIP,2025-10-23 17:23:03.524159
,11XX,11XX,0.5,False,CENSUS_VIP,2025-10-23 17:23:03.524159
,11XX,11XX,0.5,False,CENSUS_VIP,2025-10-23 17:23:03.524159
,11XX,11XX,0.5,False,CENSUS_VIP,2025-10-23 17:23:03.524159
,11XX,11XX,0.5,False,CENSUS_VIP,2025-10-23 17:23:03.524159
,11XX,11XX,11372.0,False,CENSUS_VIP,2025-10-23 17:23:03.524159
,11XX,11XX,11488.0,False,CENSUS_VIP,2025-10-23 17:23:03.524159
,11XX,11XX,11612.0,False,CENSUS_VIP,2025-10-23 17:23:03.524159
,11XX,11XX,11760.0,False,CENSUS_VIP,2025-10-23 17:23:03.524159
,11XX,11XX,11767.0,False,CENSUS_VIP,2025-10-23 17:23:03.524159
,11XX,11XX,11786.0,False,CENSUS_VIP,2025-10-23 17:23:03.524159
,11XX,11XX,11628.0,False,CENSUS_VIP,2025-10-23 17:23:03.524159
,11XX,11XX,0.3,False,CENSUS_VIP,2025-10-23 17:23:03.524159
,11XX,11XX,0.3,False,CENSUS_VIP,2025-10-23 17:23:03.524159
,11XX,11XX,0.3,False,CENSUS_VIP,2025-10-23 17:23:03.524159
,11XX,11XX,0.3,False,CENSUS_VIP,2025-10-23 17:23:03.524159
,11XX,11XX,0.4,False,CENSUS_VIP,2025-10-23 17:23:03.524159
,11XX,11XX,0.4,False,CENSUS_VIP,2025-10-23 17:23:03.524159
,11XX,11XX,0.4,False,CENSUS_VIP,2025-10-23 17:23:03.524159
,12XX,12XX,2.4,False,CENSUS_VIP,2025-10-23 17:23:03.524159
,12XX,12XX,4.1,False,CENSUS_VIP,2025-10-23 17:23:03.524159
,12XX,12XX,3.4,False,CENSUS_VIP,2025-10-23 17:23:03.524159
,12XX,12XX,2.5,False,CENSUS_VIP,2025-10-23 17:23:03.524159
,12XX,12XX,2.8,False,CENSUS_VIP,2025-10-23 17:23:03.524159
,12XX,12XX,2.9,False,CENSUS_VIP,2025-10-23 17:23:03.524159
,12XX,12XX,2.9,False,CENSUS_VIP,2025-10-23 17:23:03.524159
,12XX,12XX,1.7,True,CENSUS_VIP,2025-10-23 17:23:03.524159
,12XX,12XX,-0.4,True,CENSUS_VIP,2025-10-23 17:23:03.524159
,12XX,12XX,0.2,True,CENSUS_VIP,2025-10-23 17:23:03.524159
,12XX,12XX,1.2,True,CENSUS_VIP,2025-10-23 17:23:03.524159
,12XX,12XX,-1.1,True,CENSUS_VIP,2025-10-23 17:23:03.524159
,12XX,12XX,0.3,True,CENSUS_VIP,2025-10-23 17:23:03.524159
,12XX,12XX,-0.1,True,CENSUS_VIP,2025-10-23 17:23:03.524159
,12XX,12XX,2.4,False,CENSUS_VIP,2025-10-23 17:23:03.524159
,12XX,12XX,4.0,False,CENSUS_VIP,2025-10-23 17:23:03.524159
,12XX,12XX,3.4,False,CENSUS_VIP,2025-10-23 17:23:03.524159
,12XX,12XX,2.5,False,CENSUS_VIP,2025-10-23 17:23:03.524159
,12XX,12XX,2.8,False,CENSUS_VIP,2025-10-23 17:23:03.524159
,12XX,12XX,2.9,False,CENSUS_VIP,2025-10-23 17:23:03.524159
,12XX,12XX,2.9,False,CENSUS_VIP,2025-10-23 17:23:03.524159
,12XX,12XX,1.7,True,CENSUS_VIP,2025-10-23 17:23:03.524159
,12XX,12XX,-0.4,True,CENSUS_VIP,2025-10-23 17:23:03.524159
,12XX,12XX,0.2,True,CENSUS_VIP,2025-10-23 17:23:03.524159
,12XX,12XX,1.1,True,CENSUS_VIP,2025-10-23 17:23:03.524159
,12XX,12XX,-1.2,True,CENSUS_VIP,2025-10-23 17:23:03.524159
,12XX,12XX,0.5,True,CENSUS_VIP,2025-10-23 17:23:03.524159
,12XX,12XX,-0.2,True,CENSUS_VIP,2025-10-23 17:23:03.524159
,12XX,12XX,7009.0,False,CENSUS_VIP,2025-10-23 17:23:03.524159
,12XX,12XX,7335.0,False,CENSUS_VIP,2025-10-23 17:23:03.524159
,12XX,12XX,8402.0,False,CENSUS_VIP,2025-10-23 17:23:03.524159
,12XX,12XX,10677.0,False,CENSUS_VIP,2025-10-23 17:23:03.524159
,12XX,12XX,12863.0,False,CENSUS_VIP,2025-10-23 17:23:03.524159
,12XX,12XX,14367.0,False,CENSUS_VIP,2025-10-23 17:23:03.524159
,12XX,12XX,15543.0,False,CENSUS_VIP,2025-10-23 17:23:03.524159
,12XX,12XX,3.1,False,CENSUS_VIP,2025-10-23 17:23:03.524159
,12XX,12XX,3.1,False,CENSUS_VIP,2025-10-23 17:23:03.524159
,12XX,12XX,3.1,False,CENSUS_VIP,2025-10-23 17:23:03.524159
,12XX,12XX,3.1,False,CENSUS_VIP,2025-10-23 17:23:03.524159
,12XX,12XX,3.0,False,CENSUS_VIP,2025-10-23 17:23:03.524159
,12XX,12XX,3.1,False,CENSUS_VIP,2025-10-23 17:23:03.524159
,12XX,12XX,3.0,False,CENSUS_VIP,2025-10-23 17:23:03.524159
,12XX,12XX,7092.0,False,CENSUS_VIP,2025-10-23 17:23:03.524159
,12XX,12XX,7420.0,False,CENSUS_VIP,2025-10-23 17:23:03.524159
,12XX,12XX,8486.0,False,CENSUS_VIP,2025-10-23 17:23:03.524159
,12XX,12XX,10761.0,False,CENSUS_VIP,2025-10-23 17:23:03.524159
,12XX,12XX,12947.0,False,CENSUS_VIP,2025-10-23 17:23:03.524159
,12XX,12XX,14465.0,False,CENSUS_VIP,2025-10-23 17:23:03.524159
,12XX,12XX,15632.0,False,CENSUS_VIP,2025-10-23 17:23:03.524159
,12XX,12XX,3.0,False,CENSUS_VIP,2025-10-23 17:23:03.524159
,12XX,12XX,3.1,False,CENSUS_VIP,2025-10-23 17:23:03.524159
,12XX,12XX,3.1,False,CENSUS_VIP,2025-10-23 17:23:03.524159
,12XX,12XX,3.0,False,CENSUS_VIP,2025-10-23 17:23:03.524159
,12XX,12XX,3.0,False,CENSUS_VIP,2025-10-23 17:23:03.524159
,12XX,12XX,3.0,False,CENSUS_VIP,2025-10-23 17:23:03.524159
,13XX,13XX,2.1,False,CENSUS_VIP,2025-10-23 17:23:03.524159
,13XX,13XX,2.1,False,CENSUS_VIP,2025-10-23 17:23:03.524159
,13XX,13XX,2.1,False,CENSUS_VIP,2025-10-23 17:23:03.524159
,13XX,13XX,2.3,False,CENSUS_VIP,2025-10-23 17:23:03.524159
,13XX,13XX,2.3,False,CENSUS_VIP,2025-10-23 17:23:03.524159
,13XX,13XX,1.9,False,CENSUS_VIP,2025-10-23 17:23:03.524159
,13XX,13XX,-0.8,True,CENSUS_VIP,2025-10-23 17:23:03.524159
,13XX,13XX,0.4,True,CENSUS_VIP,2025-10-23 17:23:03.524159
,13XX,13XX,3.1,True,CENSUS_VIP,2025-10-23 17:23:03.524159
,13XX,13XX,1.7,True,CENSUS_VIP,2025-10-23 17:23:03.524159
,13XX,13XX,-0.3,True,CENSUS_VIP,2025-10-23 17:23:03.524159
,13XX,13XX,2.0,False,CENSUS_VIP,2025-10-23 17:23:03.524159
,13XX,13XX,2.1,False,CENSUS_VIP,2025-10-23 17:23:03.524159
,13XX,13XX,2.0,False,CENSUS_VIP,2025-10-23 17:23:03.524159
,13XX,13XX,2.0,False,CENSUS_VIP,2025-10-23 17:23:03.524159
,13XX,13XX,2.3,False,CENSUS_VIP,2025-10-23 17:23:03.524159
,13XX,13XX,1.9,False,CENSUS_VIP,2025-10-23 17:23:03.524159
,13XX,13XX,4.1,True,CENSUS_VIP,2025-10-23 17:23:03.524159
,13XX,13XX,-0.5,True,CENSUS_VIP,2025-10-23 17:23:03.524159
,13XX,13XX,0.5,True,CENSUS_VIP,2025-10-23 17:23:03.524159
,13XX,13XX,1.3,True,CENSUS_VIP,2025-10-23 17:23:03.524159
,13XX,13XX,0.2,True,CENSUS_VIP,2025-10-23 17:23:03.524159
,13XX,13XX,-0.4,True,CENSUS_VIP,2025-10-23 17:23:03.524159
,13XX,13XX,3284.0,False,CENSUS_VIP,2025-10-23 17:23:03.524159
,13XX,13XX,3547.0,False,CENSUS_VIP,2025-10-23 17:23:03.524159
,13XX,13XX,3964.0,False,CENSUS_VIP,2025-10-23 17:23:03.524159
,13XX,13XX,4266.0,False,CENSUS_VIP,2025-10-23 17:23:03.524159
,13XX,13XX,4605.0,False,CENSUS_VIP,2025-10-23 17:23:03.524159
,13XX,13XX,4553.0,False,CENSUS_VIP,2025-10-23 17:23:03.524159
,13XX,13XX,2.7,False,CENSUS_VIP,2025-10-23 17:23:03.524159
,13XX,13XX,2.7,False,CENSUS_VIP,2025-10-23 17:23:03.524159
,13XX,13XX,2.8,False,CENSUS_VIP,2025-10-23 17:23:03.524159
,13XX,13XX,2.7,False,CENSUS_VIP,2025-10-23 17:23:03.524159
,A03XX,A03XX,2.4,True,CENSUS_VIP,2025-10-23 17:23:03.524159
,A03XX,A03XX,2.3,True,CENSUS_VIP,2025-10-23 17:23:03.524159
,A03XX,A03XX,2.3,True,CENSUS_VIP,2025-10-23 17:23:03.524159
,A03XX,A03XX,2.2,True,CENSUS_VIP,2025-10-23 17:23:03.524159
,A03XX,A03XX,2.2,True,CENSUS_VIP,2025-10-23 17:23:03.524159
,A03XX,A03XX,116362.0,True,CENSUS_VIP,2025-10-23 17:23:03.524159
,A03XX,A03XX,116048.0,True,CENSUS_VIP,2025-10-23 17:23:03.524159
,A03XX,A03XX,114763.0,True,CENSUS_VIP,2025-10-23 17:23:03.524159
,A03XX,A03XX,114322.0,True,CENSUS_VIP,2025-10-23 17:23:03.524159
,A03XX,A03XX,113677.0,True,CENSUS_VIP,2025-10-23 17:23:03.524159
,A03XX,A03XX,112866.0,True,CENSUS_VIP,2025-10-23 17:23:03.524159
,A03XX,A03XX,111889.0,True,CENSUS_VIP,2025-10-23 17:23:03.524159
,A03XX,A03XX,2.5,True,CENSUS_VIP,2025-10-23 17:23:03.524159
,A03XX,A03XX,2.5,True,CENSUS_VIP,2025-10-23 17:23:03.524159
,A03XX,A03XX,2.4,True,CENSUS_VIP,2025-10-23 17:23:03.524159
,A03XX,A03XX,2.4,True,CENSUS_VIP,2025-10-23 17:23:03.524159
,A03XX,A03XX,2.4,True,CENSUS_VIP,2025-10-23 17:23:03.524159
,A03XX,A03XX,2.3,True,CENSUS_VIP,2025-10-23 17:23:03.524159
,A03XX,A03XX,2.3,True,CENSUS_VIP,2025-10-23 17:23:03.524159
,A04XX,A04XX,15329.0,True,CENSUS_VIP,2025-10-23 17:23:03.524159
,A04XX,A04XX,15681.0,True,CENSUS_VIP,2025-10-23 17:23:03.524159
,A04XX,A04XX,15642.0,True,CENSUS_VIP,2025-10-23 17:23:03.524159
,A04XX,A04XX,16000.0,True,CENSUS_VIP,2025-10-23 17:23:03.524159
,A04XX,A04XX,16184.0,True,CENSUS_VIP,2025-10-23 17:23:03.524159
,A04XX,A04XX,15918.0,True,CENSUS_VIP,2025-10-23 17:23:03.524159
,A04XX,A04XX,16125.0,True,CENSUS_VIP,2025-10-23 17:23:03.524159
,A04XX,A04XX,2.4,True,CENSUS_VIP,2025-10-23 17:23:03.524159
,A04XX,A04XX,2.3,True,CENSUS_VIP,2025-10-23 17:23:03.524159
,A04XX,A04XX,2.3,True,CENSUS_VIP,2025-10-23 17:23:03.524159
,A04XX,A04XX,2.3,True,CENSUS_VIP,2025-10-23 17:23:03.524159
,A04XX,A04XX,2.3,True,CENSUS_VIP,2025-10-23 17:23:03.524159
,A04XX,A04XX,2.3,True,CENSUS_VIP,2025-10-23 17:23:03.524159
,A04XX,A04XX,2.3,True,CENSUS_VIP,2025-10-23 17:23:03.524159
,A04XX,A04XX,69226.0,True,CENSUS_VIP,2025-10-23 17:23:03.524159
,A04XX,A04XX,68727.0,True,CENSUS_VIP,2025-10-23 17:23:03.524159
,A04XX,A04XX,68673.0,True,CENSUS_VIP,2025-10-23 17:23:03.524159
,A04XX,A04XX,68681.0,True,CENSUS_VIP,2025-10-23 17:23:03.524159
,A04XX,A04XX,69240.0,True,CENSUS_VIP,2025-10-23 17:23:03.524159
,A04XX,A04XX,69057.0,True,CENSUS_VIP,2025-10-23 17:23:03.524159
,A04XX,A04XX,69432.0,True,CENSUS_VIP,2025-10-23 17:23:03.524159
,A04XX,A04XX,1.6,True,CENSUS_VIP,2025-10-23 17:23:03.524159
,A04XX,A04XX,1.6,True,CENSUS_VIP,2025-10-23 17:23:03.524159
,A04XX,A04XX,1.6,True,CENSUS_VIP,2025-10-23 17:23:03.524159
,A04XX,A04XX,1.6,True,CENSUS_VIP,2025-10-23 17:23:03.524159
,A04XX,A04XX,1.6,True,CENSUS_VIP,2025-10-23 17:23:03.524159
,A04XX,A04XX,1.6,True,CENSUS_VIP,2025-10-23 17:23:03.524159
,A04XX,A04XX,1.6,True,CENSUS_VIP,2025-10-23 17:23:03.524159
,A04XX,A04XX,53897.0,True,CENSUS_VIP,2025-10-23 17:23:03.524159
,A04XX,A04XX,53046.0,True,CENSUS_VIP,2025-10-23 17:23:03.524159
,A04XX,A04XX,53031.0,True,CENSUS_VIP,2025-10-23 17:23:03.524159
,A04XX,A04XX,52682.0,True,CENSUS_VIP,2025-10-23 17:23:03.524159
,A04XX,A04XX,53056.0,True,CENSUS_VIP,2025-10-23 17:23:03.524159
,A04XX,A04XX,53139.0,True,CENSUS_VIP,2025-10-23 17:23:03.524159
,A04XX,A04XX,53307.0,True,CENSUS_VIP,2025-10-23 17:23:03.524159
,A04XX,A04XX,1.9,True,CENSUS_VIP,2025-10-23 17:23:03.524159
,A04XX,A04XX,1.9,True,CENSUS_VIP,2025-10-23 17:23:03.524159
,A04XX,A04XX,1.9,True,CENSUS_VIP,2025-10-23 17:23:03.524159
,A04XX,A04XX,2.0,True,CENSUS_VIP,2025-10-23 17:23:03.524159
,A04XX,A04XX,2.0,True,CENSUS_VIP,2025-10-23 17:23:03.524159
,A04XX,A04XX,2.0,True,CENSUS_VIP,2025-10-23 17:23:03.524159
,A04XX,A04XX,2.0,True,CENSUS_VIP,2025-10-23 17:23:03.524159
,A05XX,A05XX,113754.0,True,CENSUS_VIP,2025-10-23 17:23:03.524159
,A05XX,A05XX,112418.0,True,CENSUS_VIP,2025-10-23 17:23:03.524159
,A05XX,A05XX,112326.0,True,CENSUS_VIP,2025-10-23 17:23:03.524159
,A05XX,A05XX,112356.0,True,CENSUS_VIP,2025-10-23 17:23:03.524159
,A05XX,A05XX,112475.0,True,CENSUS_VIP,2025-10-23 17:23:03.524159
,A05XX,A05XX,111755.0,True,CENSUS_VIP,2025-10-23 17:23:03.524159
,A05XX,A05XX,111688.0,True,CENSUS_VIP,2025-10-23 17:23:03.524159
,A05XX,A05XX,2.2,True,CENSUS_VIP,2025-10-23 17:23:03.524159
,A05XX,A05XX,2.2,True,CENSUS_VIP,2025-10-23 17:23:03.524159
,A05XX,A05XX,2.1,True,CENSUS_VIP,2025-10-23 17:23:03.524159
,A05XX,A05XX,2.1,True,CENSUS_VIP,2025-10-23 17:23:03.524159
,A05XX,A05XX,2.1,True,CENSUS_VIP,2025-10-23 17:23:03.524159
,A05XX,A05XX,2.0,True,CENSUS_VIP,2025-10-23 17:23:03.524159
,A05XX,A05XX,2.0,True,CENSUS_VIP,2025-10-23 17:23:03.524159
,A05XX,A05XX,138196.0,True,CENSUS_VIP,2025-10-23 17:23:03.524159
,A05XX,A05XX,136752.0,True,CENSUS_VIP,2025-10-23 17:23:03.524159
,A05XX,A05XX,136362.0,True,CENSUS_VIP,2025-10-23 17:23:03.524159
,A05XX,A05XX,136742.0,True,CENSUS_VIP,2025-10-23 17:23:03.524159
,A05XX,A05XX,136737.0,True,CENSUS_VIP,2025-10-23 17:23:03.524159
,A05XX,A05XX,136135.0,True,CENSUS_VIP,2025-10-23 17:23:03.524159
,A05XX,A05XX,1.9,True,CENSUS_VIP,2025-10-23 17:23:03.524159
,A05XX,A05XX,1.9,True,CENSUS_VIP,2025-10-23 17:23:03.524159
,A05XX,A05XX,1.8,True,CENSUS_VIP,2025-10-23 17:23:03.524159
,A05XX,A05XX,1.8,True,CENSUS_VIP,2025-10-23 17:23:03.524159
,A05XX,A05XX,1.8,True,CENSUS_VIP,2025-10-23 17:23:03.524159
,A05XX,A05XX,1.8,True,CENSUS_VIP,2025-10-23 17:23:03.524159
,A05XX,A05XX,24442.0,True,CENSUS_VIP,2025-10-23 17:23:03.524159
,A05XX,A05XX,24334.0,True,CENSUS_VIP,2025-10-23 17:23:03.524159
,A05XX,A05XX,24036.0,True,CENSUS_VIP,2025-10-23 17:23:03.524159
,A05XX,A05XX,24385.0,True,CENSUS_VIP,2025-10-23 17:23:03.524159
,A05XX,A05XX,24380.0,True,CENSUS_VIP,2025-10-23 17:23:03.524159
,A05XX,A05XX,24432.0,True,CENSUS_VIP,2025-10-23 17:23:03.524159
,A05XX,A05XX,3.3,True,CENSUS_VIP,2025-10-23 17:23:03.524159
,A05XX,A05XX,3.3,True,CENSUS_VIP,2025-10-23 17:23:03.524159
,A05XX,A05XX,3.3,True,CENSUS_VIP,2025-10-23 17:23:03.524159
,A05XX,A05XX,3.3,True,CENSUS_VIP,2025-10-23 17:23:03.524159
,A05XX,A05XX,3.2,True,CENSUS_VIP,2025-10-23 17:23:03.524159
,A05XX,A05XX,3.2,True,CENSUS_VIP,2025-10-23 17:23:03.524159
,A06XX,A06XX,4739.0,True,CENSUS_VIP,2025-10-23 17:23:03.524159
,A06XX,A06XX,4835.0,True,CENSUS_VIP,2025-10-23 17:23:03.524159
,A06XX,A06XX,4663.0,True,CENSUS_VIP,2025-10-23 17:23:03.524159
,A06XX,A06XX,4625.0,True,CENSUS_VIP,2025-10-23 17:23:03.524159
,A06XX,A06XX,4633.0,True,CENSUS_VIP,2025-10-23 17:23:03.524159
,A06XX,A06XX,4620.0,True,CENSUS_VIP,2025-10-23 17:23:03.524159
,A06XX,A06XX,8.3,True,CENSUS_VIP,2025-10-23 17:23:03.524159
,A06XX,A06XX,8.1,True,CENSUS_VIP,2025-10-23 17:23:03.524159
,A06XX,A06XX,7.9,True,CENSUS_VIP,2025-10-23 17:23:03.524159
,A06XX,A06XX,7.7,True,CENSUS_VIP,2025-10-23 17:23:03.524159
,A06XX,A06XX,7.3,True,CENSUS_VIP,2025-10-23 17:23:03.524159
,A06XX,A06XX,4739.0,True,CENSUS_VIP,2025-10-23 17:23:03.524159
,A06XX,A06XX,4928.0,True,CENSUS_VIP,2025-10-23 17:23:03.524159
,A06XX,A06XX,4835.0,True,CENSUS_VIP,2025-10-23 17:23:03.524159
,A06XX,A06XX,4663.0,True,CENSUS_VIP,2025-10-23 17:23:03.524159
,A06XX,A06XX,4633.0,True,CENSUS_VIP,2025-10-23 17:23:03.524159
,A06XX,A06XX,4620.0,True,CENSUS_VIP,2025-10-23 17:23:03.524159
,A06XX,A06XX,8.4,True,CENSUS_VIP,2025-10-23 17:23:03.524159
,A06XX,A06XX,8.3,True,CENSUS_VIP,2025-10-23 17:23:03.524159
,A09XX,A09XX,67830.0,True,CENSUS_VIP,2025-10-23 17:23:03.524159
,A09XX,A09XX,68147.0,True,CENSUS_VIP,2025-10-23 17:23:03.524159
,A09XX,A09XX,68328.0,True,CENSUS_VIP,2025-10-23 17:23:03.524159
,A09XX,A09XX,68598.0,True,CENSUS_VIP,2025-10-23 17:23:03.524159
,A09XX,A09XX,2.5,True,CENSUS_VIP,2025-10-23 17:23:03.524159
,A09XX,A09XX,2.6,True,CENSUS_VIP,2025-10-23 17:23:03.524159
,A09XX,A09XX,2.7,True,CENSUS_VIP,2025-10-23 17:23:03.524159
,A09XX,A09XX,2.8,True,CENSUS_VIP,2025-10-23 17:23:03.524159
,A09XX,A09XX,2.9,True,CENSUS_VIP,2025-10-23 17:23:03.524159
,A09XX,A09XX,2.9,True,CENSUS_VIP,2025-10-23 17:23:03.524159
,A09XX,A09XX,3.0,True,CENSUS_VIP,2025-10-23 17:23:03.524159
,A09XX,A09XX,18724.0,True,CENSUS_VIP,2025-10-23 17:23:03.524159
,A09XX,A09XX,19527.0,True,CENSUS_VIP,2025-10-23 17:23:03.524159
,A09XX,A09XX,19279.0,True,CENSUS_VIP,2025-10-23 17:23:03.524159
,A09XX,A09XX,19054.0,True,CENSUS_VIP,2025-10-23 17:23:03.524159
,A09XX,A09XX,18984.0,True,CENSUS_VIP,2025-10-23 17:23:03.524159
,A09XX,A09XX,19183.0,True,CENSUS_VIP,2025-10-23 17:23:03.524159
,A09XX,A09XX,19307.0,True,CENSUS_VIP,2025-10-23 17:23:03.524159
,A09XX,A09XX,3.3,True,CENSUS_VIP,2025-10-23 17:23:03.524159
,A09XX,A09XX,3.3,True,CENSUS_VIP,2025-10-23 17:23:03.524159
,A09XX,A09XX,3.4,True,CENSUS_VIP,2025-10-23 17:23:03.524159
,A09XX,A09XX,3.4,True,CENSUS_VIP,2025-10-23 17:23:03.524159
,A09XX,A09XX,3.5,True,CENSUS_VIP,2025-10-23 17:23:03.524159
,A09XX,A09XX,3.5,True,CENSUS_VIP,2025-10-23 17:23:03.524159
,A09XX,A09XX,3.6,True,CENSUS_VIP,2025-10-23 17:23:03.524159
,A10XX,A10XX,29284.0,True,CENSUS_VIP,2025-10-23 17:23:03.524159
,A10XX,A10XX,29095.0,True,CENSUS_VIP,2025-10-23 17:23:03.524159
,A10XX,A10XX,28963.0,True,CENSUS_VIP,2025-10-23 17:23:03.524159
,A10XX,A10XX,29089.0,True,CENSUS_VIP,2025-10-23 17:23:03.524159
,A10XX,A10XX,29393.0,True,CENSUS_VIP,2025-10-23 17:23:03.524159
,A10XX,A10XX,29610.0,True,CENSUS_VIP,2025-10-23 17:23:03.524159
,A10XX,A10XX,29598.0,True,CENSUS_VIP,2025-10-23 17:23:03.524159
,A10XX,A10XX,10.9,True,CENSUS_VIP,2025-10-23 17:23:03.524159
,A10XX,A10XX,10.3,True,CENSUS_VIP,2025-10-23 17:23:03.524159
,A10XX,A10XX,9.8,True,CENSUS_VIP,2025-10-23 17:23:03.524159
,A10XX,A10XX,9.2,True,CENSUS_VIP,2025-10-23 17:23:03.524159
,A10XX,A10XX,8.9,True,CENSUS_VIP,2025-10-23 17:23:03.524159
,A10XX,A10XX,8.7,True,CENSUS_VIP,2025-10-23 17:23:03.524159
,A10XX,A10XX,8.5,True,CENSUS_VIP,2025-10-23 17:23:03.524159
,A10XX,A10XX,28690.0,True,CENSUS_VIP,2025-10-23 17:23:03.524159
,A10XX,A10XX,28524.0,True,CENSUS_VIP,2025-10-23 17:23:03.524159
,A10XX,A10XX,28349.0,True,CENSUS_VIP,2025-10-23 17:23:03.524159
,A10XX,A10XX,28322.0,True,CENSUS_VIP,2025-10-23 17:23:03.524159
,A10XX,A10XX,28426.0,True,CENSUS_VIP,2025-10-23 17:23:03.524159
,A10XX,A10XX,28570.0,True,CENSUS_VIP,2025-10-23 17:23:03.524159
,A10XX,A10XX,28557.0,True,CENSUS_VIP,2025-10-23 17:23:03.524159
,A10XX,A10XX,0.0,True,CENSUS_VIP,2025-10-23 17:23:03.524159
,A10XX,A10XX,0.0,True,CENSUS_VIP,2025-10-23 17:23:03.524159
,A10XX,A10XX,0.0,True,CENSUS_VIP,2025-10-23 17:23:03.524159
,A10XX,A10XX,0.0,True,CENSUS_VIP,2025-10-23 17:23:03.524159
,A10XX,A10XX,0.0,True,CENSUS_VIP,2025-10-23 17:23:03.524159
,A10XX,A10XX,0.0,True,CENSUS_VIP,2025-10-23 17:23:03.524159
,A10XX,A10XX,0.0,True,CENSUS_VIP,2025-10-23 17:23:03.524159
,A11XX,A11XX,17804.0,True,CENSUS_VIP,2025-10-23 17:23:03.524159
,A11XX,A11XX,17600.0,True,CENSUS_VIP,2025-10-23 17:23:03.524159
,A11XX,A11XX,17278.0,True,CENSUS_VIP,2025-10-23 17:23:03.524159
,A11XX,A11XX,17212.0,True,CENSUS_VIP,2025-10-23 17:23:03.524159
,A11XX,A11XX,17366.0,True,CENSUS_VIP,2025-10-23 17:23:03.524159
,A11XX,A11XX,17317.0,True,CENSUS_VIP,2025-10-23 17:23:03.524159
,A11XX,A11XX,17610.0,True,CENSUS_VIP,2025-10-23 17:23:03.524159
,A11XX,A11XX,6.6,True,CENSUS_VIP,2025-10-23 17:23:03.524159
,A11XX,A11XX,6.6,True,CENSUS_VIP,2025-10-23 17:23:03.524159
,A11XX,A11XX,6.7,True,CENSUS_VIP,2025-10-23 17:23:03.524159
,A11XX,A11XX,6.9,True,CENSUS_VIP,2025-10-23 17:23:03.524159
,A11XX,A11XX,7.1,True,CENSUS_VIP,2025-10-23 17:23:03.524159
,A11XX,A11XX,7.4,True,CENSUS_VIP,2025-10-23 17:23:03.524159
,A11XX,A11XX,7.6,True,CENSUS_VIP,2025-10-23 17:23:03.524159
,A11XX,A11XX,157284.0,True,CENSUS_VIP,2025-10-23 17:23:03.524159
,A11XX,A11XX,157695.0,True,CENSUS_VIP,2025-10-23 17:23:03.524159
,A11XX,A11XX,156917.0,True,CENSUS_VIP,2025-10-23 17:23:03.524159
,A11XX,A11XX,157519.0,True,CENSUS_VIP,2025-10-23 17:23:03.524159
,A11XX,A11XX,157290.0,True,CENSUS_VIP,2025-10-23 17:23:03.524159
,A11XX,A11XX,156677.0,True,CENSUS_VIP,2025-10-23 17:23:03.524159
,A11XX,A11XX,156052.0,True,CENSUS_VIP,2025-10-23 17:23:03.524159
,A11XX,A11XX,0.5,True,CENSUS_VIP,2025-10-23 17:23:03.524159
,A11XX,A11XX,0.5,True,CENSUS_VIP,2025-10-23 17:23:03.524159
,A11XX,A11XX,0.5,True,CENSUS_VIP,2025-10-23 17:23:03.524159
,A11XX,A11XX,0.5,True,CENSUS_VIP,2025-10-23 17:23:03.524159
,A11XX,A11XX,0.5,True,CENSUS_VIP,2025-10-23 17:23:03.524159
,A11XX,A11XX,0.5,True,CENSUS_VIP,2025-10-23 17:23:03.524159
,A11XX,A11XX,0.5,True,CENSUS_VIP,2025-10-23 17:23:03.524159
,A11XX,A11XX,139480.0,True,CENSUS_VIP,2025-10-23 17:23:03.524159
,A11XX,A11XX,140095.0,True,CENSUS_VIP,2025-10-23 17:23:03.524159
,A11XX,A11XX,139640.0,True,CENSUS_VIP,2025-10-23 17:23:03.524159
,A11XX,A11XX,140307.0,True,CENSUS_VIP,2025-10-23 17:23:03.524159
,A11XX,A11XX,139360.0,True,CENSUS_VIP,2025-10-23 17:23:03.524159
,A11XX,A11XX,138442.0,True,CENSUS_VIP,2025-10-23 17:23:03.524159
,A11XX,A11XX,0.3,True,CENSUS_VIP,2025-10-23 17:23:03.524159
,A11XX,A11XX,0.3,True,CENSUS_VIP,2025-10-23 17:23:03.524159
,A11XX,A11XX,0.3,True,CENSUS_VIP,2025-10-23 17:23:03.524159
,A11XX,A11XX,0.4,True,CENSUS_VIP,2025-10-23 17:23:03.524159
,A11XX,A11XX,0.4,True,CENSUS_VIP,2025-10-23 17:23:03.524159
,A11XX,A11XX,0.4,True,CENSUS_VIP,2025-10-23 17:23:03.524159
,A12XX,A12XX,142645.0,True,CENSUS_VIP,2025-10-23 17:23:03.524159
,A12XX,A12XX,142350.0,True,CENSUS_VIP,2025-10-23 17:23:03.524159
,A12XX,A12XX,144071.0,True,CENSUS_VIP,2025-10-23 17:23:03.524159
,A12XX,A12XX,142471.0,True,CENSUS_VIP,2025-10-23 17:23:03.524159
,A12XX,A12XX,142901.0,True,CENSUS_VIP,2025-10-23 17:23:03.524159
,A12XX,A12XX,142753.0,True,CENSUS_VIP,2025-10-23 17:23:03.524159
,A12XX,A12XX,3.1,True,CENSUS_VIP,2025-10-23 17:23:03.524159
,A12XX,A12XX,3.1,True,CENSUS_VIP,2025-10-23 17:23:03.524159
,A12XX,A12XX,3.1,True,CENSUS_VIP,2025-10-23 17:23:03.524159
,A12XX,A12XX,3.0,True,CENSUS_VIP,2025-10-23 17:23:03.524159
,A12XX,A12XX,3.1,True,CENSUS_VIP,2025-10-23 17:23:03.524159
,A12XX,A12XX,143722.0,True,CENSUS_VIP,2025-10-23 17:23:03.524159
,A12XX,A12XX,143168.0,True,CENSUS_VIP,2025-10-23 17:23:03.524159
,A12XX,A12XX,143469.0,True,CENSUS_VIP,2025-10-23 17:23:03.524159
,A12XX,A12XX,145071.0,True,CENSUS_VIP,2025-10-23 17:23:03.524159
,A12XX,A12XX,144022.0,True,CENSUS_VIP,2025-10-23 17:23:03.524159
,A12XX,A12XX,143705.0,True,CENSUS_VIP,2025-10-23 17:23:03.524159
,A12XX,A12XX,3.0,True,CENSUS_VIP,2025-10-23 17:23:03.524159
,A12XX,A12XX,3.1,True,CENSUS_VIP,2025-10-23 17:23:03.524159
,A12XX,A12XX,3.1,True,CENSUS_VIP,2025-10-23 17:23:03.524159
,A12XX,A12XX,3.0,True,CENSUS_VIP,2025-10-23 17:23:03.524159
,A12XX,A12XX,3.0,True,CENSUS_VIP,2025-10-23 17:23:03.524159
,A12XX,A12XX,3.0,True,CENSUS_VIP,2025-10-23 17:23:03.524159
,A13XX,A13XX,47793.0,True,CENSUS_VIP,2025-10-23 17:23:03.524159
,A13XX,A13XX,47411.0,True,CENSUS_VIP,2025-10-23 17:23:03.524159
